mjd,muJyas2,muJyas2_err,phase
53314.3253198768,2.4389225889567694,1.1557555743233625,-4121.016258966658
53314.3268148768,0.6465309669755904,1.0628245917569046,-4121.014763966661
53326.12846564235,2.9163174603420736,0.8805680058909086,-4109.213113201105
53326.12996064235,2.1630692821284008,0.8176377185719311,-4109.211618201109
53332.48400566996,3.003696254920568,0.6584525167540541,-4102.857573173496
53332.48550066996,2.5292369231066787,0.6498582569972241,-4102.8560781735
53398.76320881499,1.0838784438179776,0.8569598496690257,-4036.5783700284665
53398.76470381499,2.452107339480965,0.9219568044280534,-4036.5768750284697
53400.299041876795,3.4526937380172016,0.7258027372595574,-4035.0425369666627
53400.304884876794,1.6494209566848863,0.6858071245094358,-4035.0366939666637
53400.3075198768,1.3717455334594106,0.6887479783881213,-4035.0340589666594
53412.10218764235,2.7127060597049475,0.5599883538239434,-4023.2393912011103
53412.10803064235,2.1284120224454854,0.5613564035482695,-4023.2335482011113
53412.11066564235,2.923203310621179,0.5116505968977728,-4023.230913201107
53418.45772766996,3.2059919076582593,0.4197965342759281,-4016.883851173501
53418.463570669956,2.0649386507129806,0.3596367159781179,-4016.878008173502
53418.46620566996,2.7605117586474965,0.4105411776147262,-4016.875373173498
53419.64569747712,2.7491529326650705,0.7594231116557212,-4015.695881366337
53419.64719247712,2.744549133758574,0.8164613281963868,-4015.69438636634
53438.71231755993,2.3021892157743116,0.4648017823561577,-3996.629261283524
53438.71381255993,2.7746141708707075,0.4727425872939053,-3996.6277662835273
53477.9923148768,4.240842577504889,0.7752090824214721,-3957.3492639666583
53484.73693081499,3.2807755146731106,0.5484743028511787,-3950.6046480284713
53484.742773814985,2.5405101976252933,0.590972311732082,-3950.5988050284723
53484.74540881499,3.3212736172537363,0.5484743028511787,-3950.596170028468
53489.79546064235,4.696195753347151,0.6580319174006112,-3945.546118201106
53496.15100066996,3.6786761942839106,0.4379766991461455,-3939.1905781734968
53505.619419477116,2.3128513177122207,0.47871360310915895,-3929.7221593663417
53505.625262477115,1.2969191979564774,0.433897861541493,-3929.7163163663427
53505.62789747712,1.7760402168980696,0.5015288897254253,-3929.7136813663383
53524.68603955993,2.6515316943356195,0.2903687672236358,-3910.655539283529
53524.69188255993,2.2926867191988074,0.30413282911573186,-3910.64969628353
53524.69451755993,2.2748463774386676,0.29778018516553356,-3910.6470612835255
53547.003540876794,2.90098955037582,0.7857961563847395,-3888.3380379666633
53548.003588876796,0.8429800060717753,0.9534248274698075,-3887.3379899666616
53558.80668664235,3.5784991285731396,0.67718461354117,-3876.534892201111
53559.80673464235,2.2460642987374873,0.6908651107844259,-3875.534844201109
53562.43020381499,4.732207512099706,0.6559692664911096,-3872.911375028467
53565.162226669956,3.1256686337771167,0.48524512780871026,-3870.1793521735017
53566.16227466996,2.4437471769178734,0.5546603027677224,-3869.1793041735
53583.31269247712,4.2307206073088635,0.4974547314010916,-3852.0288863663372
53602.37931255993,3.213714214578355,0.3258376959455752,-3832.9622662835245
53631.441429814986,2.64545528073237,0.74546507342854,-3803.900149028472
53632.44147781499,2.2703228564577667,1.0334515806685391,-3802.90010102847
53652.323918477116,1.8611901258766355,0.5805675612174906,-3783.017660366342
53653.32396647712,0.7249073692200867,0.8478323472937527,-3782.0176123663405
53671.322170876796,16.39362714578445,1.825093917112161,-3764.0194079666617
53671.39053855993,2.489142233358682,0.35548336771316613,-3763.9510402835294
53672.39058655993,2.791686901486864,0.5635324570821525,-3762.9509922835277
53683.12531664235,-0.8713106080832489,1.3602974425544176,-3752.216262201109
53689.48085666996,1.1291559825750654,0.9523100907472035,-3745.8607221735
53727.226742876795,1.6965334358214263,1.0051838557346706,-3708.114835966662
53735.3746188768,0.5259559579494888,1.5451246278613104,-3699.9669599666595
53739.02988864235,1.2199814038358123,0.8217418677449079,-3696.3116902011097
53745.38542866996,0.9863590512308126,0.5668905954985956,-3689.9561501735006
53747.17776464235,-0.31405835370795626,1.1104003595776082,-3688.163814201107
53753.53330466996,2.0176702220504157,0.822735097490382,-3681.808274173498
53755.76005981499,0.11592379448353514,1.6339234473269404,-3679.58151902847
53762.202972876796,-5.156950077222183,2.0991814986056405,-3673.138605966662
53774.00611864235,-0.7299454699029372,1.662180415055599,-3661.3354602011095
53776.64254847712,-0.47208034646902747,1.282952456332546,-3658.6990303663406
53780.36165866996,1.4256579441857011,1.1436976445627647,-3654.9799201735004
53795.70916855993,0.7631818107894558,0.9004872799405743,-3639.632410283528
53811.66463181499,1.749847241810476,0.9944534078131226,-3623.6769470284707
53819.81250781499,1.5923546206636014,1.432432887573955,-3615.529071028468
53832.54712047712,1.1861020915346125,0.744348725855688,-3602.794458366341
53840.69499647712,2.354937373202584,1.2226549131324136,-3594.6465823663384
53846.64086181499,3.081284861220403,1.8289143116040236,-3588.7007170284705
53851.61374055993,1.7737815858667962,0.49630030860922303,-3583.7278382835284
53859.76161655993,1.986859851696356,0.7686699179739646,-3575.5799622835257
53867.52335047712,-0.05733102905190079,1.4369556409923432,-3567.818228366341
53886.58997055993,1.2176605467265416,0.9229862272641924,-3548.751608283528
54109.257412876796,2.358049107292921,0.8904905544659393,-3326.084165966662
54112.255796876794,1.6582435183209425,1.4151388864234158,-3323.0857819666635
54115.275661876796,1.4829098100737188,1.8333283079724798,-3320.0659169666615
54121.06055864235,1.6349564868812432,0.750603282079977,-3314.2810202011096
54124.05894264235,3.8452688248166305,1.1979555419344468,-3311.282636201111
54127.07880764235,1.5747622990109167,1.5135190116788841,-3308.262771201109
54127.41609866996,1.5089561541365153,0.5282164265928607,-3307.9254801735005
54130.414482669956,2.612426052068272,0.8075298686898364,-3304.927096173502
54133.43434766996,3.798995830879531,1.0878349561433696,-3301.9072311735
54136.4231288768,-1.642629692193127,3.2931681733519143,-3298.918449966659
54142.249068876794,1.3629229718233544,1.4786613302030205,-3293.092509966664
54148.22627464235,6.432706870091108,2.6818334762529434,-3287.1153042011065
54154.05221464235,1.7147593874669027,1.1742426800461365,-3281.2893642011113
54154.58181466996,3.063856073218378,2.0437810798646168,-3280.7597641734974
54160.407754669955,2.4329051876861802,0.9093387919630538,-3274.933824173502
54193.69530181499,1.788345438090823,0.8224614659892342,-3241.6462770284706
54196.693685814986,1.4868595633239488,1.1944440378409,-3238.647893028472
54197.986775876794,1.821931445208572,1.5457127986370476,-3237.3548029666636
54199.71355081499,0.13692281063645192,1.7934159747740932,-3235.62802802847
54209.78992164235,2.0672601997681315,1.1692264977236093,-3225.551657201111
54214.57779047712,2.80965418378142,0.6347538669311231,-3220.763788366341
54216.145461669956,0.288240720214466,0.893141917805951,-3219.196117173502
54217.576174477115,3.5890406712263734,0.9158707913101186,-3217.7654043663424
54220.59603947712,-0.5474522754691932,1.3974363052463106,-3214.7455393663404
54220.86101781499,1.1668745552795052,3.027358162045479,-3214.4805610284675
54226.686957814985,0.44640831060443736,1.2324422575461775,-3208.6546210284723
54233.64441055993,1.745194688090905,0.40921614779192467,-3201.6971682835283
54236.64279455993,2.3970818347803955,0.5934428223476683,-3198.6987842835297
54239.66265955993,4.136965135340472,0.8631654967331607,-3195.6789192835276
54241.74350647712,1.210139625648179,2.5357561410650256,-3193.598072366338
54247.569446477115,4.0025677411462,1.0772074609537161,-3187.7721323663427
54258.0288458768,0.9253239146749664,1.3433820517834918,-3177.3127329666604
54260.81012655993,1.5220580693401982,1.4743427834417986,-3174.531452283525
54266.63606655993,1.196220373394623,0.6244119616048838,-3168.70551228353
54269.83199164235,1.9122145643445638,1.1108563761523833,-3165.509587201108
54276.18753166996,2.7265313777627997,0.8267016789166112,-3159.154047173499
54282.424664814986,1.7408476634592258,1.1549458884104133,-3152.916914028472
54303.307153477115,1.525886895784007,1.0291323927265834,-3132.0344253663425
54322.37377355993,1.0186110362870024,0.6267942030862081,-3112.9678052835297
54342.46673481499,0.5709024777967286,1.1409465443084694,-3092.874844028469
54363.34922347712,2.299610303158138,0.9529456320615514,-3071.9923553663393
54382.41584355993,2.2203195168661343,0.5608855221029032,-3052.9257352835266
54446.355673876795,0.4665507096000437,1.3122090006694267,-2988.985904966663
54447.349939876796,-0.39217862297609335,1.2310414336177096,-2987.9916389666614
54458.15881964235,3.0390315206140794,0.9521626081306143,-2977.1827592011105
54459.15308564235,2.023482608589712,0.9416742269107852,-2976.188493201109
54464.514359669956,2.6835600789786493,0.7675335059753583,-2970.8272191735014
54465.50862566996,2.202512916512698,0.6868796836420301,-2969.8329531735
54511.217309876796,2.8404079604749,0.9475431197124367,-2924.1242689666615
54523.02045564235,3.546577968338876,0.6977053594060539,-2912.321123201109
54529.37599566996,2.657182312494225,0.5318524595669042,-2905.9655831735
54530.793562814986,1.8313434235467951,1.0619502454474976,-2904.5480160284715
54531.78782881499,2.622006379361613,0.9704545322097894,-2903.55375002847
54551.676051477116,2.0819280238890117,0.9647606912021178,-2883.665527366342
54552.67031747712,2.7289043657931344,0.8042388532233871,-2882.6712613663403
54570.74267155993,3.811656826390747,0.5923840483559686,-2864.598907283529
54571.73693755993,1.8463076042982238,0.5391806552730599,-2863.6046412835276
54595.65519881499,2.2603233249563774,0.7874631057343732,-2839.68638002847
54604.1154458768,1.8663971558542953,0.9763634877235537,-2831.226132966658
54615.91859164235,2.389755121449152,0.6940572268078523,-2819.4229872011056
54616.53768747712,2.349233551548517,0.6775325293366224,-2818.8038913663404
54622.27413166996,2.757503767732606,0.49251719375679753,-2813.0674471734965
54625.055485876794,2.947455041659049,1.0087128803890926,-2810.286092966664
54635.60430755993,2.8558486053838648,0.43965590005329036,-2799.7372712835277
54636.858631642346,1.8059627024219427,0.8071493373521015,-2798.4829472011115
54643.214171669955,2.4120145255080394,0.5606101749070662,-2792.1274071735024
54688.55333481499,3.679756821578527,0.7739637382074982,-2746.7882440284666
54709.43582347712,3.334813191787978,0.6481985894014228,-2725.905755366337
54709.493374814985,3.5782615768394295,0.9359561485299979,-2725.8482040284725
54728.50244355993,3.5972550930715625,0.4555375099287855,-2706.8391352835242
54730.375863477115,6.3032449468971965,0.7325336667151215,-2704.965715366343
54749.44248355993,5.040628737256146,0.46427239536030784,-2685.89909528353
54837.2709608768,6.393547616702604,1.0463558100362662,-2598.0706179666595
54837.2709608768,5.86066489388481,0.9498958028153851,-2598.0706179666595
54841.2871018768,4.97193885174608,0.9557775105727558,-2594.0544769666594
54849.07410664235,3.216421968201632,0.9457783760837619,-2586.267472201107
54849.07410664235,3.4339418743694017,0.7433070168835733,-2586.267472201107
54853.09024764235,4.1749688083790994,0.7825244423142409,-2582.251331201107
54855.42964666996,3.720986396163689,0.6045731190477737,-2579.911932173498
54855.42964666996,3.97881418886859,0.7569559555054137,-2579.911932173498
54859.44578766996,4.368530813995614,0.516316682314173,-2575.895791173498
54906.139587876794,2.9492195539862607,1.1339932556210912,-2529.2019909666633
54917.94273364235,3.3422825428395866,0.7902767240854193,-2517.398845201111
54921.70884981499,4.7947045839833855,0.8464603415925669,-2513.632729028468
54921.70884981499,4.234730819905609,0.6974673222218729,-2513.632729028468
54924.298273669956,3.5150547104519543,0.6078786035696313,-2511.0433051735017
54925.72499081499,3.2237781851151945,1.0619502454474976,-2509.616588028468
54931.9871088768,6.646461050269549,1.0822342273562282,-2503.35446996666
54931.9871088768,6.941134608913826,1.0045956849589335,-2503.35446996666
54932.987465876795,4.097917079000778,1.0381214191759471,-2502.354112966663
54932.987465876795,4.382591734457526,1.1722243560440015,-2502.354112966663
54942.59133847712,3.60085573036694,0.6306797086067898,-2492.7502403663384
54942.59133847712,3.298553182701412,0.5255664238389915,-2492.7502403663384
54943.79025464235,5.091562123677248,0.835878381562939,-2491.5513242011075
54943.79025464235,5.009479140217713,0.9134011992747224,-2491.5513242011075
54944.79061164235,4.25568374211431,0.8864962213629861,-2490.5509672011103
54944.79061164235,4.414377510136078,1.0000443484820105,-2490.5509672011103
54946.60747947712,3.6509678777562398,0.8437581889694198,-2488.7340993663383
54950.14579466996,3.4320870489533264,0.5913511809603428,-2485.1957841734984
54950.14579466996,3.5322432299656144,0.6478749662841096,-2485.1957841734984
54951.14615166996,3.7821378598180564,0.6244060261789198,-2484.1954271735012
54951.14615166996,3.8789885563084874,0.6944822980423031,-2484.1954271735012
54961.65795855993,3.586402659656641,0.3499248042567429,-2473.6836202835257
54961.65795855993,3.885771005809725,0.427744692646669,-2473.6836202835257
54965.67409955993,3.545639860976203,0.5304457698415376,-2469.6674792835256
54990.577476814986,2.886893968833403,1.4199334731972189,-2444.764102028472
54994.0362008768,2.5063857769338127,1.2022210656065926,-2441.305377966659
54994.0362008768,1.9465648325872595,1.1410513049299356,-2441.305377966659
54996.0419578768,4.0320419521182265,2.3944432280256542,-2439.29962096666
55005.83934664235,1.9637444372941613,0.8646074257737766,-2429.5022322011064
55005.83934664235,1.990649415205898,0.8153576356980551,-2429.5022322011064
55007.84510364235,4.371967968681985,1.799897420637709,-2427.4964752011074
55011.459965477115,4.929031344099585,1.6312929930630404,-2423.881613366342
55012.19488666996,3.6856177117798117,0.6435778364056942,-2423.1466921734973
55012.19488666996,3.733877785798934,0.6878713289985874,-2423.1466921734973
55014.20064366996,4.521244198905438,1.4709406122266768,-2421.1409351734983
55016.42499781499,4.285728430562692,0.9629548835837477,-2418.9165810284685
55016.42499781499,4.472219693063594,1.0289517914929143,-2418.9165810284685
55017.425354814986,2.755800110850196,0.9039576477255534,-2417.9162240284713
55017.425354814986,3.3012745542509583,1.0014530798640944,-2417.9162240284713
55030.52658555993,4.932898483600704,0.9433676266044111,-2404.8149932835295
55037.30748647712,2.5165999755121278,0.7846828932665874,-2398.034092366339
55037.30748647712,2.515785143847261,0.7345707458772881,-2398.034092366339
55038.307843477116,2.9925838925439834,0.7749049132881876,-2397.0337353663417
55038.307843477116,2.858544083673419,0.7015700634501887,-2397.0337353663417
55056.37410655993,3.988736776502518,0.5052998875386703,-2378.967472283526
55056.37410655993,3.9225634020212885,0.47671298976277904,-2378.967472283526
55057.37446355993,3.90059384169352,0.44124406104083985,-2377.967115283529
55057.37446355993,4.052527909502423,0.4925945996382741,-2377.967115283529
55078.47408981499,4.053739299730471,0.9544552818075671,-2356.8674890284674
55078.47408981499,4.186733068698943,0.9919535249377754,-2356.8674890284674
55080.47984681499,1.8208439154703369,1.326937830234302,-2354.8617320284684
55099.35657847712,2.8601737470031523,0.8832775247154524,-2335.9850003663378
55099.35657847712,2.5973905350836564,0.8478323472937527,-2335.9850003663378
55101.36233547712,5.3486696515059124,1.0315768877211833,-2333.979243366339
55118.42319855993,4.066821358390369,0.5397100422689097,-2316.918380283525
55118.42319855993,4.3158979399377175,0.5592973611153537,-2316.918380283525
55120.42895555993,3.341296480578166,0.6360584755135803,-2314.912623283526
55200.3943908768,2.563144256792441,1.5298321876921464,-2234.94718796666
55201.3653788768,1.7797596005882232,0.9457786073852255,-2233.976199966659
55212.19753664235,3.225998316271911,1.1632982822515316,-2223.1440422011074
55213.16852464235,3.416613244527944,0.7268904201916666,-2222.1730542011064
55218.55307666996,3.139221120316734,0.8448818437868285,-2216.7885021734983
55219.52406466996,2.4281783448199237,0.5427605584890347,-2215.8175141734973
55247.072942876795,4.0632150032322905,0.9887150740140324,-2188.2686359666623
55258.87608864235,1.8907817853301294,0.6940572268078523,-2176.46549020111
55265.23162866996,3.5633147844710766,0.5454049461065208,-2170.1099501735007
55284.83227981499,1.7493472652354072,1.1904442252403444,-2150.5092990284684
55285.0016128768,4.046746221511653,1.029298857539891,-2150.339965966661
55285.80326781499,3.8112506608217904,0.8009624732612476,-2149.5383110284674
55291.9984828768,3.472691544392262,1.4704269393427012,-2143.3430959666584
55296.80475864235,2.9319132271993853,0.7195941549952635,-2138.5368202011086
55303.16029866996,3.6105832131336415,0.5596185295505085,-2132.1812801734995
55303.80162864235,2.314466784953767,1.0456460059595305,-2131.539950201106
55305.71476847712,2.8340991337274195,0.9802424928345843,-2129.6268103663388
55306.68575647712,3.39388848749081,0.6689767968555226,-2128.655822366338
55310.15716866996,2.654769308793269,0.8058771264289076,-2125.184410173497
55320.095398876794,3.3391767782999446,1.446900108313218,-2115.2461799666635
55324.78138855993,4.437127561987331,0.6702039367458947,-2110.560190283526
55325.75237655993,2.9249336083422683,0.4362148845802664,-2109.589202283525
55331.51083181499,3.102783853948389,0.8309610677654147,-2103.830747028471
55331.89854464235,3.582603277746116,1.0378937241883521,-2103.443034201111
55338.254084669956,2.350168910104082,0.7562948586010422,-2097.087494173502
55352.39332047712,2.712200316663368,0.728052092558355,-2082.948258366341
55369.43950181499,3.091284392721792,0.8569598496690257,-2065.9020770284696
55371.45994055993,3.5940787710964632,0.47194850680013045,-2063.8816382835284
55372.9979408768,3.225659818582688,0.8487304293886067,-2062.34363796666
55376.43637181499,2.326170239893023,1.2579410628747192,-2058.905207028467
55384.80108664235,3.367363454452222,0.5955576466564094,-2050.5404922011076
55390.32199047712,3.692524292664439,0.7533118741692209,-2045.01958836634
55391.15662666996,3.2261553632415914,0.43830724759833123,-2044.1849521734985
55397.31886047712,3.5959667403777407,1.081281619278049,-2038.0227183663374
55404.533287814986,2.44530465820057,1.1119479029544417,-2030.808291028472
55409.38861055993,3.0157234781305156,0.48941827766317486,-2025.9529682835273
55416.38548055993,3.750247934872166,0.7149371378952061,-2018.9560982835246
55425.415776477115,1.4851453125406744,0.9570197903858846,-2009.9258023663424
55444.48239655993,3.0199585740973145,0.6241472681069589,-1990.8591822835297
55457.43582981499,3.697256001705957,0.6919675798961095,-1977.9057490284686
55478.31831847712,4.176126885762797,0.5931974520229238,-1957.023260366339
55497.38493855993,3.5202292851754113,0.40206942334795187,-1937.9566402835262
55528.3764918768,4.333773560071348,1.4621925484823821,-1906.9650869666584
55540.17963764235,3.9697613497302604,1.1546339673308028,-1895.161941201106
55542.3261148768,2.169052191925325,0.9228399471314794,-1893.015463966658
55542.3261148768,1.1329481985101557,0.7763854239729456,-1893.015463966658
55546.53517766996,3.90377969022242,0.8501706190218008,-1888.8064011734969
55554.12926064235,3.5784991285731396,0.7501472655052018,-1881.2123182011055
55554.12926064235,3.0527120178573357,0.6279348234654485,-1881.2123182011055
55560.48480066996,3.391099040882291,0.529208071949418,-1874.8567781734964
55560.48480066996,2.821134344778367,0.4307046331980585,-1874.8567781734964
55573.1861558768,3.078028953872681,0.978716170826502,-1862.155422966658
55573.1861558768,3.2633027482298615,0.7987359134509554,-1862.155422966658
55584.98930164235,3.3527709240594157,0.6078700941753398,-1850.3522772011056
55584.98930164235,3.1813086919439417,0.7510592986547522,-1850.3522772011056
55591.34484166996,3.0641866216705638,0.4485542496160901,-1843.9967371734965
55591.34484166996,2.9091593975954377,0.5642462078811097,-1843.9967371734965
55601.1875758768,3.884999258183955,0.9822451954809245,-1834.1540029666576
55603.2040588768,2.271882088647438,0.9798925123779761,-1832.1375199666581
55612.81438081499,4.821203342462066,1.285939751078608,-1822.527198028467
55612.99072164235,3.2962248687872915,0.6826568124384723,-1822.350857201105
55615.00720464235,3.113362222302437,0.7250663538925658,-1820.3343742011057
55619.34626166996,2.2991322290865988,0.5027641957745561,-1815.995317173496
55621.36274466996,2.7502317017845193,0.54937152753275,-1813.9788341734966
55626.76400381499,2.346969265415912,0.7154664789243733,-1808.5775750284665
55626.76400381499,3.260276475095264,0.880958725272359,-1808.5775750284665
55631.1764398768,0.5459537643245497,5.447049554101103,-1804.1651389666586
55631.180250876794,2.6389594697849508,1.731574763769965,-1804.1613279666635
55631.1840418768,2.2555721130362496,2.643239466162439,-1804.1575369666607
55633.69686947712,3.495335029766709,1.0368732935428167,-1801.6447093663373
55637.2215028768,3.3856422695831743,0.9104883608410006,-1798.1200759666608
55642.97958564235,4.006242675712276,3.9933371453064144,-1792.361993201106
55642.98339664235,-0.06142517128249569,1.2923509729129128,-1792.358182201111
55642.98718764235,0.43335281234859474,2.180671260575,-1792.3543912011082
55647.64649247712,2.5166407170953713,0.5520484529471574,-1787.695086366337
55647.64649247712,3.374739943366444,0.6877179251474557,-1787.695086366337
55649.02464864235,4.507860907964994,0.6625920831483637,-1786.3169302011083
55649.33512566996,2.154517281255324,2.9276676410093665,-1786.006453173497
55649.338936669956,2.6453486779059743,0.9371048619466583,-1786.002642173502
55649.34272766996,4.32489841830709,1.4686267730613767,-1785.9988511734991
55652.76348955993,3.42652778690999,0.6834386116421407,-1782.5780892835246
55655.38018866996,3.2340885260940495,0.4859062247130821,-1779.9613901734992
55657.62404481499,2.4896525804092295,0.8704592171959008,-1777.7175340284666
55657.62404481499,2.7813489138362444,0.6979672987969429,-1777.7175340284666
55666.71311255993,3.3161505982752986,0.4290681601362936,-1768.6284662835242
55666.71311255993,2.8764946982220083,0.35336581972976683,-1768.6284662835242
55678.50653347712,3.6513752935886727,0.582197224547224,-1756.835045366337
55678.50653347712,3.3466282509285445,0.7317188350502545,-1756.835045366337
55685.62546481499,3.1952795203362365,0.7524647454795121,-1749.716114028466
55687.64194781499,2.9627904129289453,0.7504648391792345,-1747.6996310284667
55697.57315355993,3.240448257868772,0.443890996020089,-1737.7684252835243
55697.57315355993,3.475231390528175,0.3583949961903402,-1737.7684252835243
55706.50795347712,2.8931744294302515,0.6563469060500894,-1728.8336253663365
55708.52443647712,3.547891672150608,0.6539024110554891,-1726.817142366337
55715.61432881499,3.7502535186633184,4.489789644123601,-1719.727250028467
55715.618139814986,4.92469849350144,1.4589316460526354,-1719.723439028472
55715.62193081499,-0.299556739399172,2.5308814230015217,-1719.7196480284692
55721.65939181499,2.7184518606925083,0.660969032241804,-1713.6821870284693
55725.574573559934,2.9813133234002764,0.43436203009479196,-1709.7670052835238
55727.59105655993,3.815362535361696,0.42695061215289426,-1707.7505222835243
55736.49681747712,7.8624253376195385,3.8268569140462385,-1698.8447613663375
55736.500628477115,4.349278614546962,1.212062101489147,-1698.8409503663424
55736.50441947712,1.9699701531363336,1.8842982250041365,-1698.8371593663396
55742.54188047712,2.8862483602788855,0.5675302545796242,-1692.7996983663397
55751.000579876796,0.6412374299939566,1.0204762959038347,-1684.3409989666616
55755.56343755993,6.470767706544483,2.4357095679051044,-1679.7781412835247
55755.56724855993,3.355060542470262,0.7694639984677392,-1679.7743302835297
55755.57103955993,4.1123486400334555,1.2464416817284434,-1679.770539283527
55761.60850055993,3.9050936311582434,0.38645250697038164,-1673.733078283527
55762.80372564235,1.2537266303691772,0.8741837738440558,-1672.537853201109
55769.15926566996,2.8197129864339683,0.6237449292745479,-1666.1823131735
55835.43846881499,3.270276006596653,0.9959533375383309,-1599.90311002847
55856.32095747712,2.159744447883777,0.7639046858124877,-1579.0206213663405
55875.38757755993,3.1499230815784496,0.47830115075032853,-1559.9540012835278
55877.2775658768,2.1735222898209265,1.8280347709908464,-1558.0640129666572
55889.08071164235,4.270276272507116,1.479773785145519,-1546.2608672011047
55895.43625166996,3.7527190475735233,0.7381146937308247,-1539.9053271734956
55899.2946188768,2.478447665086301,0.8481422586128701,-1536.0469599666612
55899.377422876794,5.294844607625738,1.4416065713315838,-1535.9641559666634
55907.317223876795,2.6844250707494264,0.8516712832672927,-1528.024354966663
55911.09776464235,3.6988875043137917,0.6288468566149988,-1524.2438142011088
55911.18056864235,4.157640178537641,1.1487057518587254,-1524.161010201111
55917.45330466996,4.49380867737402,0.4538430248510624,-1517.8882741734997
55917.536108669956,3.569925753514793,0.7546421163401132,-1517.8054701735018
55919.12036964235,2.7000744005836745,0.6986173925556043,-1516.2212092011105
55925.475909669956,4.102439309986067,0.48888116078275407,-1509.8656691735014
55929.185070876796,4.442585153582708,0.8787271389511984,-1506.1565079666616
55936.1904318768,4.463759301509243,0.8069703043112744,-1499.1511469666584
55940.98821664235,4.323630211755814,0.6794646964150459,-1494.3533622011091
55947.34375666996,3.800318024688274,0.5262331358797462,-1487.9978221735
55947.99357764235,3.7718501562778237,0.6776406301159447,-1487.348001201106
55954.34911766996,4.186398616841253,0.4531819279466909,-1480.9924611734968
55961.71545481499,3.6537580396749156,0.6219708593863874,-1473.6261240284657
55964.1693698768,2.8474660097837456,0.7575639591493597,-1471.1722089666582
55975.97251564235,4.002594543114074,0.6051339947266882,-1459.3690632011057
55982.32805566996,4.231353206338518,0.3989719817882243,-1453.0135231734967
55982.59794347712,2.847136440365286,0.5606041854282576,-1452.743635366336
55983.73250781499,3.0087882578353335,0.6589691259415262,-1451.6090710284698
55983.815311814986,1.6498519267965872,1.304938860931247,-1451.526267028472
55991.755112814986,3.5407633337092217,0.8339609272158314,-1443.5864660284715
56001.664563559934,4.033734671149754,0.3536305132276917,-1433.6770152835234
56004.61499647712,3.903565693864902,0.5581596904336573,-1430.7265823663402
56004.697800477115,3.7593404891835043,0.9647606912021178,-1430.6437783663423
56012.637601477116,3.6073743836858734,0.6270129661148895,-1422.7039773663419
56013.62295981499,3.986242462096096,0.7024670879725673,-1421.7186190284701
56020.62832081499,2.2959216571013217,0.669968610593054,-1414.713258028467
56023.68161655993,3.318797533254548,0.35813030269241536,-1411.6599622835274
56023.76442055993,2.799018911379385,0.682379837650441,-1411.5771582835296
56031.70422155993,3.3431493350636408,0.41053961528154925,-1403.6373572835291
56034.50544847712,4.027827522757066,0.61845723363379,-1400.8361303663405
56041.51080947712,2.730126613290434,0.5104920380389585,-1393.8307693663373
56048.60725881499,3.9577437973171374,0.6899676735958312,-1386.7343200284668
56053.57206855993,3.590902449121365,0.36474764014053834,-1381.7695102835278
56060.57742955993,4.143053085792746,0.33563135536879724,-1374.7641492835246
56067.80766594722,3.906746620257345,0.25930274928450814,-1367.5339128962369
56067.80916094722,4.155066011837353,0.2331575825748823,-1367.53241789624
56069.48974747712,3.1636985421659807,0.5084549588767918,-1365.8518313663371
56088.55636755993,4.008059401851037,0.3570715287007156,-1346.7852112835244
56103.3920268586,4.519916616274854,0.3081936282362674,-1331.949551984857
56103.3935218586,4.5732205456867865,0.28767969176561436,-1331.9480569848602
56105.88179754254,3.46197348382955,0.29580250089904925,-1329.4597813009168
56105.88329254254,4.306103266694533,0.27509204091336015,-1329.45828630092
56137.4188928724,3.9688184341515016,2.358709607166886,-1297.9226859710543
56137.4203878724,7.083323751907256,2.4895597211732543,-1297.9211909710575
56142.39843424028,4.453201940070967,0.3230078977155991,-1292.9431446031813
56142.39992924027,4.1481020777523305,0.29515095376476713,-1292.9416496031845
56144.0582813629,3.8500778116851717,0.2840413438929137,-1291.283297480557
56144.0597763629,3.694847650020102,0.3097140244759831,-1291.2818024805601
56146.54805204684,2.4919123713159728,1.1792708628008155,-1288.7935267966168
56146.54954704684,3.4731513645692935,1.243854229265852,-1288.79203179662
56153.781387947216,4.476209840371113,0.15770669051787994,-1281.5601908962417
56153.787230947215,3.4196585829273296,0.15149870572837976,-1281.5543478962427
56153.78986594722,4.009417137929849,0.15519961973750487,-1281.5517128962383
56154.84728765996,3.218175124816173,0.30623965380672197,-1280.494291183495
56154.84878265996,4.155607760112592,0.3399942244433281,-1280.4927961834983
56189.365748858596,4.028874357449774,0.18850207764765411,-1245.9758299848618
56189.371591858595,3.7462020045077042,0.2059470000006504,-1245.9699869848628
56189.3742268586,4.368081180980257,0.18672528000058966,-1245.9673519848584
56191.855519542536,3.724782079510018,0.18139506332293218,-1243.4860593009216
56191.861362542535,4.033296517917525,0.17011143339969464,-1243.4802163009226
56191.86399754254,4.044722978599285,0.17096841795082648,-1243.4775813009182
56205.3646038768,4.097328908225042,0.7628574961309935,-1229.9769749666593
56209.62134418067,4.42718388997252,0.7323020930016771,-1225.7202346627892
56209.622839180665,5.51976294851513,0.7056729259834343,-1225.7187396627924
56217.16774964235,2.7837534420549233,0.6484555693303324,-1218.1738292011069
56219.58132544232,3.5252207702459057,0.40450577076982525,-1215.7602534011385
56219.582820442316,4.490077117813205,0.40234725545088273,-1215.7587584011417
56223.52328966996,4.2082148146855145,0.45681796092073435,-1211.8182891734978
56226.22071393282,3.6318222655462598,0.2700882407066726,-1209.120864910641
56226.22220893281,3.4482154812234973,0.2527919494298906,-1209.1193699106443
56228.37215624027,4.2674889803987535,0.20080213764558036,-1206.969422603186
56228.37799924027,4.163025440583134,0.21655457618920554,-1206.963579603187
56228.380634240275,4.007159206572526,0.1948327925132592,-1206.9609446031827
56229.540408178065,3.9893153750154298,0.35510531365540476,-1205.8011706653924
56229.54190317806,3.2072815990494727,0.38226685972042285,-1205.7996756653956
56230.032003362896,4.0829230541827775,0.18821657101889866,-1205.3095754805618
56230.037846362895,4.191882686889992,0.17493245141486854,-1205.3037324805628
56230.0404813629,4.424727929387599,0.2000080929146108,-1205.3010974805584
56231.20025530069,3.6572411078262554,0.2040178920047241,-1204.141323542768
56231.20175030069,4.107249866547013,0.22103678473592678,-1204.1398285427713
56231.47466094722,4.101343066543601,0.1764500292092555,-1203.8669178962373
56235.3210348768,4.03910000142707,0.7469768851860923,-1200.0205439666606
56238.6695673525,3.638144443306455,0.21990108952352888,-1196.672011490955
56238.6710623525,3.1200278697276738,0.24258361232997322,-1196.670516490958
56240.82100965996,3.900262303483345,0.19483208129108412,-1194.5205691835
56240.82685265996,3.4945078792505644,0.20707467167741794,-1194.514726183501
56240.82948765996,4.122377871921114,0.21966705036050416,-1194.5120911834965
56242.81918515906,3.8280110504719866,0.21409180817740409,-1192.5223936843977
56244.479032281684,4.1083905284133575,0.2869345998546876,-1190.8625465617733
56244.48052728168,3.199811691410655,0.26475333247246197,-1190.8610515617765
56245.28209367797,4.079295224968382,0.1849738305515663,-1190.0594851654896
56245.283588677965,3.918180465373253,0.16718957839953566,-1190.0579901654928
56246.13887940431,3.9344627798794423,0.297541674754481,-1189.202699439149
56246.140374404305,4.5956665015560665,0.28116463812962017,-1189.2012044391522
56247.12418064235,4.485516095801009,0.5536041217770911,-1188.2173982011082
56249.45857364956,4.45174732602507,0.3176449004963226,-1185.8830051939003
56249.460068649554,3.7799614663073773,0.28696237324960105,-1185.8815101939035
56250.28849721087,3.941411125982823,0.2032613200936242,-1185.0530816325845
56250.28999221087,3.712431947408983,0.21713542795795038,-1185.0515866325877
56252.778267894806,6.609412465174421,1.1009405614015264,-1182.5633109486516
56252.7797628948,7.502806130788694,1.1462179954751746,-1182.5618159486548
56253.47972066996,3.79436815254893,0.44194328057237475,-1181.861858173499
56256.92788570137,3.946848347015861,0.20191005242563131,-1178.4136931420871
56256.92788570137,4.109590761170982,0.24635023500255193,-1178.4136931420871
56256.92788570137,3.7336566124596935,0.18034837929295927,-1178.4136931420871
56256.92938070137,4.393832606944943,0.2136727961079756,-1178.4121981420903
56256.92938070137,4.022928495365636,0.22570422461951328,-1178.4121981420903
56257.72189001423,4.422948451632523,0.20088331051366654,-1177.6196888292252
56257.72338501423,4.52431606101351,0.18801742163069515,-1177.6181938292284
56259.38052952573,3.7733171211547925,0.6385689936145704,-1175.9610493177242
56259.38202452573,5.688470589435416,0.6225171292850507,-1175.9595543177275
56261.90742706924,3.6227735504909058,0.4512539637581463,-1173.4341517742141
56261.90892206924,4.475211116141324,0.41918410388537575,-1173.4326567742173
56263.56727419187,3.9173095634909916,0.35821454797255553,-1171.7743046515898
56263.568769191865,4.311875307305739,0.3401302847143796,-1171.772809651593
56264.35644806024,5.247014167484502,0.6762979008013825,-1170.9851307832141
56264.35794306024,6.774604988594282,0.6705129414788367,-1170.9836357832173
56264.39719775318,2.5770703134375914,0.5462460820381053,-1170.9443810902812
56264.39869275317,4.312300321693225,0.5319209744933155,-1170.9428860902844
56266.0570448758,4.1321533942482,0.21456812129849523,-1169.284533967657
56266.0585398758,3.8799875767348815,0.22422311881589704,-1169.28303896766
56267.0590218586,3.8366571574491664,0.23146827529484845,-1168.2825569848574
56269.54879254254,4.001873751042686,0.19167887793651558,-1165.7927863009172
56271.86650980499,3.7381730996935043,0.7087406232007208,-1163.475069038468
56271.86800480499,7.5334449732749285,0.7358644974745434,-1163.4735740384713
56273.478965373506,3.8980457331759673,0.19115195327565304,-1161.8626134699516
56273.4804603735,4.255428063202425,0.1805948965533218,-1161.8611184699548
56275.18620405024,3.9858541999053494,0.19360739334574242,-1160.1553747932194
56275.187699050235,4.112633736058499,0.20553326496692856,-1160.1538797932226
56275.96692464076,4.291889636246817,0.18633572626840167,-1159.3746542027002
56275.968419640754,4.276035245122879,0.1789680974519834,-1159.3731592027034
56278.50589829549,4.630961351108166,0.2765236993679942,-1156.8356805479707
56278.507393295484,4.133825880606694,0.2756382163416557,-1156.834185547974
56280.16574541811,2.3468489052254724,0.5087139296404976,-1155.1758334253464
56280.16724041811,5.229213690995914,0.5201808419889513,-1155.1743384253496
56283.48543966336,3.5075111936819776,0.3999605112925029,-1151.8561391800977
56283.48693466336,3.903171054315421,0.404691227017468,-1151.8546441801009
56300.485886947215,3.5163598844560826,0.1883884614967559,-1134.8556918962422
56301.48593494722,3.792137670297341,0.22193545622463184,-1133.8556438962405
56301.510837947215,3.558144397462334,0.21238471039463167,-1133.8307408962428
56305.555047442314,3.93318016552604,0.24715000401891668,-1129.7865314011433
56305.56089044231,3.810144792346317,0.2752107031651692,-1129.7806884011443
56305.56352544232,4.198677549755968,0.2583742836774175,-1129.77805340114
56306.065429240276,4.010475509423816,0.24126103243131247,-1129.2761496031817
56307.7252763629,4.259049583764301,0.19015694803971192,-1127.6163024805574
56312.19443593281,4.331656820283747,0.17309596116225667,-1123.147142910646
56312.20027893281,4.097491646075006,0.15553357309660099,-1123.141299910647
56312.202913932815,4.331656820283747,0.16990279969577385,-1123.1386649106425
56315.51413017806,4.339316505517679,0.2360684708335466,-1119.8274486653972
56315.51997317806,3.8617107961864887,0.22914136512568983,-1119.8216056653982
56315.522608178064,4.10598241851618,0.24390703781875336,-1119.8189706653939
56317.173977300685,3.925575796901046,0.13040857068265108,-1118.167601542773
56317.179820300684,3.9840456124192882,0.12873800452498702,-1118.161758542774
56317.18245530069,4.055044674120011,0.12873800452498702,-1118.1591235427695
56318.51428265996,4.265791073589597,0.2256134514052949,-1116.8272961834955
56319.75892381499,4.175233607472345,0.6214708828113179,-1115.5826550284692
56324.3167568768,6.2782661446581365,0.796383230348007,-1111.024821966661
56324.6432893525,3.8005035539210046,0.14373556557346837,-1110.6982894909597
56324.6491323525,4.089407265455716,0.14206422178773037,-1110.6924464909607
56324.6517673525,3.965250298515178,0.16032962173186716,-1110.6898114909563
56328.792907159055,3.9609542994644147,0.13421950418275408,-1106.5486716844025
56328.798750159054,4.317242206764117,0.14357870891182092,-1106.5428286844035
56328.80138515906,4.166218675908721,0.1281572920286994,-1106.5401936843991
56330.45275428168,4.021656085444399,0.17944076561774813,-1104.8888245617782
56330.45859728168,3.9619372886460993,0.1669282558123901,-1104.8829815617792
56330.46123228168,4.085640510585436,0.17801888950350292,-1104.8803465617748
56331.25581567796,4.200791601056512,0.11876710966875911,-1104.0857631654944
56331.26165867796,3.8882465756124094,0.11920731392994799,-1104.0799201654954
56331.26429367797,4.12331565108727,0.10873045251365263,-1104.077285165491
56332.112601404304,3.646716715816467,0.1838207568827838,-1103.2289774391538
56332.1184444043,3.8839541622513662,0.20203447051230178,-1103.2231344391548
56332.12107940431,4.021704937600663,0.17157624351840187,-1103.2204994391504
56335.43229564955,3.922070013555351,0.201858731886326,-1099.9092831939051
56335.43813864955,4.354855134719634,0.2063803674805797,-1099.9034401939061
56335.440773649556,4.522801599649058,0.18603300730643804,-1099.9008051939018
56336.070247858595,3.733279839801781,0.24455196705959567,-1099.2713309848623
56336.11990264235,4.638281648350702,0.5713887681933238,-1099.2216762011085
56336.26221921087,4.038417083408192,0.13727470951938991,-1099.0793596325893
56336.26806221087,4.047440893401251,0.1437041741394434,-1099.0735166325903
56336.27069721087,4.232428998258932,0.14494494801348895,-1099.070881632586
56337.0702958586,3.272927722153269,0.25876634823611117,-1098.2712829848606
56337.095198858595,4.025643816273293,0.2569895505890469,-1098.2463799848629
56338.560018542536,3.4905396355339486,0.2015342002745333,-1096.7815603009221
56339.56006654254,3.4905396355339486,0.24452625858965343,-1095.7815123009204
56339.584969542535,3.72192546433958,0.24738287376009332,-1095.7566093009227
56340.64141247712,2.4147052758205527,0.5553077796066245,-1094.7001663663395
56342.47544266996,3.851883583229254,0.4356628599808451,-1092.8661361734994
56342.901607701366,3.9191824571869005,0.1175284653574213,-1092.439971142092
56342.901607701366,4.026630434600457,0.13562954889381315,-1092.439971142092
56342.901607701366,4.110865206256355,0.15675674550084784,-1092.439971142092
56342.907450701365,3.866544891938716,0.10717353448892596,-1092.434128142093
56342.907450701365,3.84832951866957,0.16070752526550333,-1092.434128142093
56342.907450701365,4.351895868599193,0.12396908993914142,-1092.434128142093
56342.91008570137,3.824115062047488,0.1468160738349404,-1092.4314931420886
56342.91008570137,4.1227780786126615,0.1290833263227694,-1092.4314931420886
56342.91008570137,4.28333085939565,0.10458480177180222,-1092.4314931420886
56343.69561201423,4.581822685566185,0.12670951172623313,-1091.64596682923
56343.70145501423,3.8858950596236426,0.12261581980892405,-1091.640123829231
56343.70409001423,4.310859268182393,0.1311930790642383,-1091.6374888292266
56347.88114906924,3.637256713014093,0.28883564117669525,-1087.460429774219
56347.88699206924,5.037985431328009,0.6964332150435216,-1087.45458677422
56347.88962706924,4.822807016697806,0.8511961517198596,-1087.4519517742156
56349.54099619186,4.16573984663361,0.21701115909811117,-1085.8005826515946
56349.54683919186,3.581198003945095,0.2234045855025168,-1085.7947396515956
56349.54947419187,3.9666302814678343,0.2215778922441152,-1085.7921046515912
56350.37091975317,4.163643545285032,0.3340723193464118,-1084.970659090286
56350.37676275317,4.058232376559223,0.32704490809802444,-1084.964816090287
56350.379397753175,4.604208173549313,0.3156929360813988,-1084.9621810902827
56352.030766875796,4.148055743100391,0.14175808119667654,-1083.3108119676617
56352.036609875795,3.8618134637609485,0.13403408318275506,-1083.3049689676627
56352.0392448758,4.3297968728397205,0.15288972539321044,-1083.3023339676583
56359.4526873735,4.2363907478015,0.12426174961694773,-1075.8888914699564
56359.4585303735,4.208700107218336,0.11206056110999116,-1075.8830484699574
56359.461165373505,4.018326953209084,0.11387775939826138,-1075.880413469953
56359.70803255993,3.834685160710215,0.3319256463978484,-1075.6335462835268
56361.15992605023,4.297431026044446,0.12398608874638554,-1074.1816527932242
56361.16576905023,4.149163432916188,0.14160629546597586,-1074.1758097932252
56361.16840405024,4.4575170505090185,0.12925066270528754,-1074.1731747932208
56361.94064664075,4.115626111398329,0.12095967816322171,-1073.400932202705
56361.94648964075,3.8955298581483646,0.12413055638800932,-1073.395089202706
56361.949124640756,4.45696182618429,0.12170576715728938,-1073.3924542027016
56364.47962029548,4.72203960524584,0.1810180300986275,-1070.8619585479755
56364.48546329548,4.42097537629075,0.1586279592897826,-1070.8561155479765
56364.488098295486,4.681560381184651,0.17836158101961197,-1070.8534805479721
56366.13946741811,4.327497401776591,0.3208129341124244,-1069.2021114253512
56366.145310418106,3.9808839148801436,0.3374920793465388,-1069.1962684253522
56366.14794541811,4.277981189362811,0.7836592143591063,-1069.1936334253478
56369.459161663355,3.356988420614906,0.243846892368655,-1065.8824171801025
56369.465004663354,3.189263044911599,0.2765318373775047,-1065.8765741801035
56369.46763966336,4.436451736038759,0.6444525012600169,-1065.8739391800991
56371.0971618724,10.892970300321844,2.0615708066107565,-1064.244416971058
56375.07665524027,3.6456821957819687,0.258174176972889,-1060.2649236031866
56376.07670324027,4.133178714921529,0.26596748867341935,-1059.264875603185
56376.10160624027,4.163025440583134,0.26961542180983783,-1059.2399726031872
56376.736502362895,4.078445261057825,0.2255315137268483,-1058.6050764805623
56377.7365503629,4.127700985432319,0.27732465420548275,-1057.6050284805606
56377.761453362895,4.627721217718846,0.27941429099712795,-1057.5801254805629
56380.22632104684,2.2778238636970634,1.0904241321389687,-1055.1152577966204
56383.24832044232,3.756181909372754,0.3049982145665758,-1052.0932584011389
56387.52550865996,3.291630667134176,0.2532467268487341,-1047.8160701835004
56388.52555665996,3.307371140488034,0.29906899372329787,-1046.8160221834987
56388.55045965996,4.494902407962416,0.30064304105868367,-1046.791119183501
56389.887708932816,4.197277941902594,0.18520336505600404,-1045.4538699106415
56393.207403178065,3.817960654873706,0.23278721023508825,-1042.1341756653928
56394.86725030069,3.8597972544430235,0.12957328760381914,-1040.4743285427685
56402.3365623525,4.073887644588148,0.1563900256654847,-1033.0050164909553
56406.48618015906,4.403389432111211,0.14123890772955422,-1028.855398684398
56408.0396608768,3.447988371811305,0.7216855418293978,-1027.301917966659
56408.146027281684,4.062890492757511,0.20119547016570014,-1027.1955515617738
56408.75464581499,5.054692403019496,0.6549693133409707,-1026.5869330284695
56408.94908867797,4.112750748818737,0.12968417534624327,-1026.39249016549
56409.80587440431,3.9543601140965627,0.2122892504549718,-1025.5357044391494
56413.12556864956,4.067408300513504,0.22592029272717604,-1022.2160101939007
56413.95549221087,3.9267474347441045,0.15182560313319543,-1021.3860866325849
56415.0546638768,1.8899239868837785,1.382201322982139,-1020.2869149666585
56419.84280664235,4.594048040597507,0.5982937461050607,-1015.4987722011065
56420.59488070137,4.420555362001932,0.18262798073391445,-1014.7466981420876
56420.59488070137,3.8812143773357506,0.11821879408198757,-1014.7466981420876
56420.59488070137,4.108458216738502,0.12713991649699075,-1014.7466981420876
56421.38888501423,4.338150547631121,0.14532606306447202,-1013.9526938292256
56424.80451694722,5.243851036457387,0.38513382559476206,-1010.5370618962406
56425.57442206924,3.8213997793803243,0.2824216692021411,-1009.7671567742145
56426.0279258768,2.588082697683693,0.7428596897559326,-1009.313652966659
56426.19834666996,4.203587136354914,0.4234325672499716,-1009.1432321734974
56426.85780964235,5.499240941526276,0.989555967262181,-1008.483769201106
56427.23426919187,3.9081760971989827,0.2561023948279056,-1008.1073096515902
56428.064192753176,4.131209339523244,0.35137056241936515,-1007.2773860902817
56429.63713447712,4.525689669990593,0.5711969970715242,-1005.7044443663399
56429.7240398758,3.983352844274125,0.1519810197445138,-1005.6175389676573
56433.21334966996,3.5808338524369225,0.7364619514698959,-1002.128229173497
56437.145960373506,4.149857495979113,0.12140615230680907,-998.195618469952
56437.83107164235,2.4380016750603684,0.5800530831140527,-997.5105072011065
56438.85319905024,4.293133414649425,0.14515182486686903,-996.4883797932198
56439.63391964076,4.08951299660596,0.1393321196421382,-995.7076592027006
56442.17289329549,3.992148596392534,0.1741871610383019,-993.1686855479711
56443.299613180665,5.692069323339052,0.6203029493661264,-992.0419656627928
56443.83274041811,4.0356123601795835,0.3346253512594256,-991.5088384253468
56444.18661166996,3.052286877391876,0.4541735733032482,-991.1549671734974
56447.15243466336,3.5698706282383355,0.30255077386481266,-988.1891441800981
56448.70375455993,4.344220144215685,0.3692474296052617,-986.6378242835272
56452.259546442314,3.782084093200064,0.31838100954401927,-983.0820324011438
56453.259594442316,2.821544776270652,0.34795266941353137,-982.0819844011421
56453.28449744231,4.0022526557322,0.3473051148178488,-982.0570814011444
56458.89893493281,3.58259435960465,0.19877430128855608,-976.4426439106464
56459.89898293281,4.134745196517305,0.2381566260418443,-975.4425959106447
56459.92388593281,3.7914803388704015,0.23137115792556828,-975.417692910647
56460.3888778586,5.718447392749227,0.5269012658840169,-974.9527009848607
56462.21862917806,3.6885331534900643,0.2707039993728316,-973.1229496653978
56462.87864854254,4.901707529731248,0.437490613352867,-972.4629303009206
56463.21867717806,3.5372305814500287,0.3330479507435444,-972.1229016653961
56463.24358017806,3.8945234021710724,0.35054800726865676,-972.0979986653983
56463.878476300684,4.001795377844468,0.15149946842316003,-971.4631025427734
56464.878524300686,3.745989934952159,0.18062996579742716,-970.4630545427717
56464.903427300684,3.950634289266007,0.19514300929213377,-970.438151542774
56471.3477883525,3.9736070174438685,0.18086327395664833,-963.9937904909602
56472.3478363525,3.746781789379425,0.21667778365103413,-962.9937424909585
56472.3727393525,3.9019779980550973,0.21548396666122127,-962.9688394909608
56475.497406159055,3.816312044560654,0.16027638098526972,-959.844172684403
56476.497454159056,4.068372444650295,0.17718676225710642,-958.8441246844013
56476.522357159054,4.541650411063334,0.19547975331846434,-958.8192216844036
56477.15725328168,3.9761560497885515,0.2151298560853034,-958.1843255617787
56477.96031467796,4.132119736311047,0.15459973652953374,-957.3812641654949
56478.15730128168,4.105546776184868,0.25096113416428323,-957.184277561777
56478.18220428168,4.325937573892879,0.24342519075878352,-957.1593745617793
56478.8171004043,4.014052116747924,0.23356409242558543,-956.5244784391543
56478.960362677964,4.144445455624336,0.1550399407907226,-956.3812161654932
56478.98526567796,4.464033749247461,0.15979414681156248,-956.3563131654955
56479.817148404305,3.6849808200801597,0.2378496721031191,-955.5244304391526
56479.8420514043,3.69875589761509,0.25300225739154175,-955.4995274391549
56480.70908894722,4.316234847718608,0.22384560539063203,-954.6324898962412
56480.71741494722,4.153872168608603,0.22480067997363204,-954.6241638962383
56482.13679464955,4.204672238196206,0.2578947158579701,-953.2047841939057
56482.96671821087,4.355378409414344,0.18769524785559968,-952.3748606325898
56483.136842649554,4.354855134719634,0.26112445556815134,-952.204736193904
56483.16174564955,4.324172607472913,0.27097516168420405,-952.1798331939062
56483.96676621087,4.156854589567073,0.19536548634969872,-951.3748126325881
56483.99166921087,4.243708760750255,0.20077977234553332,-951.3499096325904
56486.4565368948,7.262744567579416,0.9666276361629189,-948.8850419486553
56488.85696494722,4.204013584216105,0.29690881099013433,-946.4846138962384
56489.606106701365,4.057315852902224,0.1591550362585017,-945.7354721420925
56489.606106701365,4.048619093043091,0.13642621419242518,-945.7354721420925
56489.606106701365,3.9439129000725255,0.20301910209987853,-945.7354721420925
56490.40011101423,4.284542677285407,0.16365020783718878,-944.9414678292305
56490.60615470137,4.102119569196983,0.14816180251005315,-944.7354241420908
56490.60615470137,3.388254842850008,0.2058228812876986,-944.7354241420908
56490.60615470137,4.040950296474614,0.18441936399362374,-944.7354241420908
56490.631057701365,4.076232242025745,0.15774011356341128,-944.7105211420931
56490.631057701365,3.97832291737759,0.21104810613772684,-944.7105211420931
56490.631057701365,3.7576216008216257,0.19689810076967595,-944.7105211420931
56491.40015901423,4.246529823767537,0.18294904116164584,-943.9414198292288
56491.42506201423,4.631531801704938,0.17388443763046146,-943.9165168292311
56492.47754981499,3.5977606632671377,0.7009671582473594,-942.8640290284675
56493.05879852573,4.741964106556843,0.5385677238835397,-942.2827803177279
56494.58564806924,4.115201076279255,0.34387165876480474,-940.7559307742195
56495.58569606924,4.332448514127055,0.3945627275959583,-939.7558827742178
56495.61059906924,4.084165728015283,0.39725245777883583,-939.73097977422
56496.24549519186,3.4478493960817778,0.2617651439289504,-939.0960836515951
56497.07541875317,3.6419934026162832,0.37272308121254194,-938.2661600902866
56497.245543191864,3.488036647766613,0.305423112804749,-938.0960356515934
56497.27044619186,3.2249928185567818,0.29884701707450323,-938.0711326515957
56498.03471706024,5.713426512864764,0.553729075154941,-937.3068617832178
56498.07546675317,3.70145611317956,0.45083546008884695,-937.2661120902849
56498.10036975317,4.204186302487268,0.4700256984979046,-937.2412090902872
56498.735265875795,4.070815762961177,0.1783334835567165,-936.6063129676622
56499.39528524027,6.073215882925896,0.5607868121530576,-935.946293603185
56499.49255281499,2.384417510888613,0.983453923161595,-935.849026028467
56499.7353138758,4.661474434613996,0.2104789458793603,-935.6062649676605
56499.760216875795,3.918607566804489,0.20468594736891918,-935.5813619676628
56501.0551323629,6.308386237284903,0.5167373266196885,-934.2864464805607
56502.72272494722,4.139546049863602,0.15436392947737984,-932.6188538962379
56505.544778804986,5.945352487166387,0.6418626736553417,-929.7968000384717
56506.1571863735,4.087553554666994,0.14546239631343266,-929.184392469957
56507.1572343735,3.843529784527863,0.16363437919613394,-928.1843444699552
56507.1821373735,4.164568148788918,0.16856677455001,-928.1594414699575
56507.86442505023,4.241562077909161,0.16631756098735254,-927.4771537932247
56508.64514564075,4.2704395776673705,0.1667508901741252,-926.6964332027055
56508.864473050235,4.064285607864502,0.17437558235301884,-926.477105793223
56508.88937605023,4.148089030067431,0.18350800656744065,-926.4522027932253
56509.645193640754,4.173448008438573,0.16740371804393442,-925.6963852027038
56509.67009664075,4.140806614948112,0.1672171957954175,-925.6714822027061
56510.46581481499,3.849248880527068,0.6289705314373596,-924.8757640284675
56511.18411929548,4.548737927233876,0.2042935839338109,-924.157459547976
56511.84413865996,6.333039907396253,0.6025103411560007,-923.4974401834988
56512.18416729548,4.591747102798889,0.24629077889729387,-923.1574115479743
56512.20907029548,4.7473391202840824,0.2505916964537953,-923.1325085479766
56512.843966418106,3.308505872629896,0.3765838259889953,-922.4976124253517
56513.36003847712,4.108903273411299,0.5451223837957913,-921.9815403663379
56513.84401441811,3.290263057530083,0.4143725144100364,-921.49756442535
56513.868917418105,3.3971138316861307,0.449555086388247,-921.4726614253523
56515.68531894722,4.484566742972363,0.4084137685553878,-919.656259896241
56515.69093094722,4.718560015807371,0.39361011251888733,-919.6506478962401
56516.163660663355,3.2580734554565454,0.32104357169876707,-919.177918180103
56516.2934498586,4.778359910393317,0.27863417647146815,-919.0481289848613
56516.3017758586,4.775129369216836,0.2980174235303529,-919.0398029848584
56517.16370866336,3.640831364112812,0.3438370201917807,-918.1778701801013
56517.188611663354,3.135504911673359,0.34448211779063936,-918.1529671801036
56518.78322054254,4.864571532515529,0.26737917995317245,-916.5583583009211
56518.79154654254,4.498924790699225,0.2563812115469789,-916.5500323009182
56520.37504147712,2.9685463584304173,0.8686105547478528,-914.9665373663374
56524.4413258586,4.762207204510913,0.38976479294240735,-910.9002529848585
56525.69459394722,4.734079977781121,0.16104945155838005,-909.646984896237
56526.93109654254,5.051679826179341,0.3680748647111781,-908.4104823009184
56531.34830347712,4.0787545018112334,0.5557151954390577,-903.9932753663379
56532.42665855993,4.618707301563825,0.3411899188252205,-902.9149202835251
56538.3070858586,4.022413275096812,0.2074007435300667,-897.0344929848579
56539.44166155993,3.070779725698899,0.5738555035012243,-895.8999172835247
56540.79685654254,3.883324221469432,0.18082374028884418,-894.5447223009178
56550.41492355993,3.9638555876975756,0.3226613739704762,-884.9266552835252
56551.2696798586,5.061032263335386,0.5924812517665767,-884.071898984861
56551.2752918586,3.5523695339188572,0.5448307694134853,-884.0662869848602
56553.75945054254,5.028826904815822,0.48062550242650914,-881.5821283009209
56553.76506254254,4.668893393340398,0.4746266105685855,-881.57651630092
56555.29985724027,4.846183827948775,0.2921662811986066,-880.0417216031856
56555.308183240275,4.758301802389603,0.3203548554345675,-880.0333956031827
56556.9680303629,4.853103471674862,0.25209975293490866,-878.3735484805584
56557.56129694722,4.158647541523603,0.17477864868900536,-877.7802818962373
56561.2789548586,4.406847675098026,0.18349473882410872,-874.062623984857
56563.447733240275,5.240823867252227,0.4047547629998858,-871.8938456031829
56563.76872554254,4.168985738513419,0.17796712511840418,-871.5728533009169
56565.1075803629,5.293419795628669,0.35702937182966343,-870.2339984805585
56567.74871065996,4.902405773678956,0.33054994043101343,-867.5928681834994
56567.75703665996,5.430586101775073,0.28822555652397364,-867.5845421834965
56575.89658665996,5.217215240756112,0.41904637950936946,-859.4449921834967
56576.578176442315,5.824039584919673,0.7202965619311135,-858.7634024011422
56577.313493240275,4.3454220974040565,0.2122433824825292,-858.0280856031823
56578.3753118768,3.2844768961563964,0.8769626266239872,-856.9662669666577
56578.9733403629,4.587421079594259,0.1964258584146476,-856.3682384805579
56583.21756493281,5.5982775353219365,0.4097890548652963,-852.1240139106449
56584.3666088768,4.509048451240998,1.041650443830369,-850.9749699666572
56586.53725917806,5.615362293807121,0.6349239258017324,-848.8043196653962
56588.197106300686,5.746492908754879,0.35812762004923415,-847.1444725427718
56589.76234665996,4.874422709938765,0.23540752371436194,-845.5792321834961
56590.17845764235,2.230970150112428,0.6188144919699445,-845.1631212011052
56590.27608724027,4.693633896789457,0.6108629852075294,-845.0654916031854
56590.28169924027,4.050271143639289,0.5687459389961523,-845.0598796031845
56591.9359343629,4.9053443914659915,0.52599143241126,-843.405644480561
56591.9415463629,4.771010597717373,0.5403203704111127,-843.4000324805602
56593.1456578586,4.71051854568722,0.2179000023536293,-842.1959209848574
56595.3058208724,5.733931951216576,1.5483930157420287,-840.0357579710544
56595.63542854254,4.306103266694533,0.20981838426880894,-839.7061503009172
56595.6664183525,5.2509911965436284,0.4189103817253327,-839.6751604909587
56596.16975464235,2.192755961146266,0.8021331550295744,-839.1718242011048
56596.53399766996,3.853205777037997,0.48921170923493984,-838.8075811734961
56599.816036159056,5.023436745411889,0.37702705414252236,-835.5255426844014
56600.285362240276,5.197711930185464,0.19251138051735656,-835.0562166031814
56601.47588328168,5.32125085386454,0.456422232672719,-833.8656955617771
56601.9452093629,5.338197726878209,0.2026947687895832,-833.396369480557
56602.278944677964,5.238793248939885,0.31131245351277403,-833.0626341654934
56602.52529466996,4.294157412253814,0.6290337045095206,-832.8162841734957
56602.72494065996,6.628611018152026,0.6562028447074933,-832.6166381834992
56602.73055265996,5.747144510335991,0.6166767671744727,-832.6110261834983
56603.135730404305,5.028816161821077,0.5139634484699317,-832.2058484391528
56604.43498004684,7.879806479725137,0.8085409304407405,-830.9065987966169
56606.45542464955,5.985873688361148,0.5432422192524805,-828.8861541939041
56607.28534821087,5.042315945135859,0.42276549817475223,-828.0562306325883
56608.3614908768,3.7020781469297237,0.8810798220541466,-826.9800879666582
56611.3655728768,3.0797934661998925,0.8569648202489263,-823.9760059666587
56612.73421565996,5.5075395270606,0.2158193790962278,-822.6073631834952
56613.92473670137,5.663139320240361,0.42642932556572105,-821.4168421420909
56613.92473670137,5.303143835953993,0.3556439981174874,-821.4168421420909
56613.92473670137,5.62343149596008,0.2819992839853545,-821.4168421420909
56614.71874101423,5.462941136339375,0.3285675107916399,-820.622837829229
56618.90427806924,5.693865791306608,0.6792603223374573,-816.4373007742179
56620.16463664235,4.050932300040245,0.6548398013771848,-815.1769422011057
56620.3802088768,10.517801096171011,2.469729087320001,-814.9613699666588
56620.564125191864,4.390423117417008,0.5874645519019575,-814.7774536515935
56621.39404875317,5.944822011703199,0.8351807983660294,-813.947530090285
56623.0538958758,5.6962629920673,0.4024430141665265,-812.2876829676607
56623.16871864235,5.303609830947715,0.6288468566149988,-812.1728602011062
56626.52017666996,3.9365039869888117,0.476981416504066,-808.8214021734966
56626.52377194722,4.920319521466127,0.2141754752377567,-808.817806896237
56627.1725238724,7.764834762357096,1.7480757418038317,-808.1690549710547
56629.52425866996,3.848908647159582,0.44756260425953276,-805.8173201734971
56630.4758163735,5.294692417589293,0.2897998603531743,-804.8657624699554
56632.152065240276,5.738269294945655,0.2301514178794926,-803.1895136031817
56632.183055050235,5.488943785314305,0.39247936065038685,-803.1585237932231
56632.18335464235,3.770026089978723,2.047058404165867,-803.1582242011063
56632.482748442315,6.018305963624499,0.3792511415381979,-802.8588304011428
56632.49107444232,6.178036097226244,0.3889644604734392,-802.8505044011399
56632.963775640754,5.61433237823177,0.33415460821805965,-802.377803202704
56633.8119123629,5.971059155205038,0.2015006906229288,-801.5296664805574
56635.50274929548,6.690341875221133,0.43502516108258554,-799.8388295479745
56636.30168304684,7.790602934883931,0.8838287222867226,-799.0398957966172
56637.16259641811,4.103371387693174,0.8081567089217124,-798.1789824253501
56638.3093478768,4.779018837304318,0.7463887144103553,-797.032230966659
56638.53889466996,4.067070625602191,1.3354157468305115,-796.8026841734973
56639.12213693281,6.296781606115054,0.24653867489136172,-796.2194419106454
56639.130462932815,5.674115120150903,0.24307941663600532,-796.2111159106425
56640.482290663356,5.135307468135874,0.7222942781889877,-794.8592881801014
56640.63062444232,5.869368406617466,0.5288362531409134,-794.71095440114
56641.2816698768,3.6497309478891236,0.6728673674432202,-794.0599089666575
56642.44183117806,4.7184843968951125,0.37661579980085536,-792.8997476653967
56642.450157178064,5.261715318195475,0.3221104154153492,-792.8914216653939
56644.101678300685,5.969931132342447,0.21863534588428468,-791.2399005427724
56644.11000430069,5.867608955185523,0.1834490461884853,-791.2315745427695
56644.60091865996,6.976650373420659,0.22876154607606644,-790.7406601834955
56647.270012932815,5.857721904473666,0.32370674366469676,-788.0715659106427
56647.545895947216,4.976430153217378,0.17991217457263065,-787.7956828962415
56649.476366947216,5.154312794301134,0.1624820634328801,-785.8652118962418
56650.11249364235,5.126675399934939,0.5795970665392775,-785.2290852011065
56650.589707178064,5.323694685055248,0.4566420999521504,-784.751871665394
56651.2692428768,4.421411005656173,1.0981148383011294,-784.072335966659
56651.5709903525,6.431676199468547,0.23291369471248904,-783.7705884909592
56651.5793163525,6.1941066184957885,0.20223259807429853,-783.7622624909563
56652.24955430069,6.03675377864901,0.27804485486621305,-783.0920245427696
56653.08481564235,6.419938405997402,0.5609003869734943,-782.2567632011051
56654.49638444232,5.087985861160279,0.28773009201503574,-780.8451944011395
56655.720608159056,5.465871878058686,0.21877141054193752,-779.620970684402
56655.72893415906,5.1616977243640125,0.19643694471120982,-779.6126446843991
56656.46803366996,4.981037095895845,0.385419495248608,-778.8735451734974
56657.38045528168,6.148782752355265,0.2522408226671038,-777.9611235617776
56657.38878128168,6.618001870056191,0.261483017409698,-777.9527975617748
56658.183516677964,6.497777435940074,0.1698308039666689,-777.1580621654939
56658.19184267797,5.9563261946777555,0.1848857896993285,-777.149736165491
56659.040302404304,5.64410295838127,0.28147075096372975,-776.3012764391533
56659.04862840431,6.871615423160558,0.2970825055033167,-776.2929504391504
56659.44035566996,5.037560881219612,0.3996330786925961,-775.901223173496
56659.7188663525,6.542701179521144,0.28615793245814264,-775.6227124909565
56661.135772932816,6.2741633790608,0.1761560742343027,-774.2058059106421
56662.1081328586,6.144878828044692,0.2828338800008932,-773.2334459848571
56662.35999664955,6.145745804015118,0.29342185266996346,-772.9815821939046
56662.368322649556,6.400895241119434,0.3208746402065038,-772.9732561939018
56662.81320081499,5.0666918408211625,0.7554646049299283,-772.5283780284662
56663.07238864235,6.556743378429962,0.8153576356980551,-772.2691902011065
56663.19824621087,5.710077884622128,0.20957798708876454,-772.143332632586
56663.86848415906,5.075550499016921,0.28641293562928427,-771.4730946843993
56664.455467178064,5.3127571497270525,0.2371622243663663,-770.8861116653934
56664.59790354254,6.758507390517168,0.2333854594249379,-770.743675300917
56665.52833128168,6.669189410169019,0.3368424514646952,-769.8132475617749
56666.11531430069,6.2424422368113985,0.14158048186202962,-769.2262645427691
56666.33139267797,6.210764257644926,0.22107057996905422,-769.0101861654912
56667.18817840431,6.280817653329131,0.3935080482478244,-768.1534004391506
56667.458978442315,7.442926074126551,0.8079322838801792,-767.8826004011426
56667.464590442316,3.4324046115313784,0.7235343349095272,-767.8769884011417
56667.49253494722,5.894495596126157,0.1719134249400054,-767.8490438962399
56667.50827218067,8.662396262065105,0.4754089523550995,-767.8333066627893
56668.80449781499,6.286634683990604,0.9899536186374978,-766.5370810284658
56669.42792866996,6.087052216909432,0.6049036674999594,-765.9136501734974
56669.829308701366,6.306856933280767,0.1659377671676367,-765.5122701420914
56669.829308701366,6.467314169110563,0.22392000149999158,-765.5122701420914
56669.83763470137,5.754219484989977,0.18718105164078283,-765.5039441420886
56669.83763470137,6.439276377232363,0.2508107928013564,-765.5039441420886
56669.83763470137,6.277517962486698,0.17344509204729577,-765.5039441420886
56670.507872649556,6.499402302279961,0.39564311449719897,-764.8337061939019
56670.62331301423,6.624769890013759,0.18236422803060168,-764.7182658292295
56670.63163901423,6.344059587112565,0.18830982819621725,-764.7099398292266
56671.33779621087,6.237970769216002,0.26259287079797844,-764.0037826325861
56673.5846263525,6.483010330030502,0.1689251040585197,-761.7569524909559
56674.09836693281,6.4551091954948285,0.44504687939104415,-761.2432119106452
56674.10397893281,5.648835925207915,0.4422528631078717,-761.2375999106443
56674.80885006924,7.349084365385091,0.6060169004344844,-760.5327287742184
56674.81717606924,6.281468385104469,1.0758920731510138,-760.5244027742156
56676.46869719186,6.012526730877637,0.32314203741124464,-758.8728816515941
56676.47702319187,6.32306458480591,0.326978093253888,-758.8645556515912
56677.29862075317,6.898928231195782,0.5121901659882284,-758.0429580902855
56677.306946753175,6.5853975754985035,0.4792153901304111,-758.0346320902827
56677.41806117806,6.709115826626642,0.6575281654800026,-757.9235176653965
56677.42367317806,6.907814385088855,0.6876063876325393,-757.9179056653957
56677.46825344232,6.590312523144262,0.25125118312490746,-757.8733254011386
56677.73424415906,5.433965498300503,0.14421683650698458,-757.6073346843987
56677.97718470137,5.794110528782275,0.2556095344537247,-757.3643941420887
56677.97718470137,7.073121817549417,0.22211326712922355,-757.3643941420887
56677.97718470137,7.1911989776022835,0.3085431551687418,-757.3643941420887
56678.77118901423,6.625744578565499,0.23119612447278845,-756.5703898292268
56678.9667938758,6.770807421651082,0.20127830118630677,-756.3747849676583
56679.077908300686,7.276105046866039,0.3850654993415673,-756.2636705427722
56679.083520300686,7.110092534948173,0.39112130166309955,-756.2580585427713
56679.39409128168,6.73175195919581,0.18754545946894594,-755.9474875617743
56679.489929947216,5.775111273251154,0.17155527197138037,-755.8516488962414
56680.19715267797,6.043486638393152,0.11198796404645042,-755.1444261654906
56681.05393840431,6.169086468879145,0.19529998816189187,-754.28764043915
56682.95672606924,6.707687167929678,0.6144998956266366,-752.3848527742157
56683.130256858596,6.7893717927526085,0.21806152941245335,-752.2113219848616
56683.69568947712,6.782773381671222,0.7007552317853221,-751.6458893663366
56684.10764193282,7.2786787570585245,0.17655521941761293,-751.2339369106412
56684.37363264956,6.090840228942038,0.19798304423410854,-750.9679461939013
56684.616573191866,6.195196056717798,0.44881853358927515,-750.7250056515913
56685.060727858596,6.95897520451785,0.22193817882423028,-750.2808509848619
56685.20355621087,6.752327938820288,0.15047203163423675,-750.1380226325855
56685.446496753175,7.392468728870983,0.7127416716152815,-749.8950820902828
56685.620027542536,7.234133816395407,0.1925358624876477,-749.7215513009214
56686.3803883735,6.770084361160993,0.17825849875411734,-748.9611904699559
56686.388714373505,6.224924874679955,0.17522983494033373,-748.952864469953
56686.5472203525,6.694315937227377,0.4417122862307583,-748.794358490959
56686.5528323525,7.16706746519327,0.42702833725606004,-748.7887464909581
56687.1063438758,6.34371576676366,0.2614800504124595,-748.2352349676585
56687.427336178065,6.648959382321569,0.2502872667602006,-747.9142426653925
56687.550498542536,7.212709202617107,0.185108663044504,-747.7910803009217
56688.087627050234,8.156793499059104,0.20907879436782173,-747.2539517932237
56688.09595305024,7.434687344410529,0.1965082810373823,-747.2456257932208
56688.86834764075,6.617822075252792,0.17617026372422961,-746.4732312027045
56688.876673640756,6.65605913619876,0.1917448714753922,-746.4649052027016
56689.08718330069,6.953476957667166,0.14272899609542367,-746.2543955427682
56689.68698647712,5.84693921457187,0.8474249314613197,-745.6545923663361
56690.696838159056,5.661564340575537,0.4059555051232744,-744.6447406844018
56690.70245015906,6.809130465878166,0.3991488107748621,-744.6391286844009
56691.415647295486,7.225426618279969,0.23781544135948265,-743.9259315479721
56691.84294470137,7.06794435211517,0.11148808901746565,-743.4986341420881
56691.84294470137,6.128581588271542,0.13010617359949497,-743.4986341420881
56691.84294470137,7.0446377927844175,0.16363874896186065,-743.4986341420881
56692.35668528168,6.519892418173271,0.48514413018047275,-742.9848935617774
56692.36229728168,6.431736099090066,0.47135193187229407,-742.9792815617766
56692.63694901423,6.24854010904202,0.1303158593676721,-742.7046298292262
56692.79937981499,6.070644803560605,0.6594691025165956,-742.5421990284667
56693.06716841811,7.63726528417122,0.5027198618219875,-742.2744104253507
56693.07549441811,6.722518412737744,0.48082848370221204,-742.2660844253478
56693.159746677964,6.547080313193228,0.32302188686039823,-742.1818321654937
56693.165358677965,6.231013653659614,0.32654352094990924,-742.1762201654929
56693.217652876796,5.575990238428062,0.9093120192895264,-742.1239259666618
56694.016532404305,7.219053489874896,0.5736554511212937,-741.3250464391531
56694.022144404305,7.454760372139249,0.5444216754638318,-741.3194344391522
56694.528264373504,6.367704740186894,0.22429418872362727,-740.8133144699532
56695.80346181499,7.289087717004837,0.7539646752047204,-739.5381170284672
56696.23550305024,7.781719464558557,0.2698899956073834,-739.106075793221
56696.386862663356,7.2009099796819935,0.383833071321031,-738.954716180102
56696.39518866336,7.222413232977289,0.40017554382545584,-738.9463901800991
56696.5564953525,6.6811839503394355,0.16044900343084842,-738.785083490955
56696.82248606924,6.06215192403907,0.27683530651462623,-738.5190927742151
56697.016223640756,6.7847594876754345,0.22326713147475147,-738.3253552027018
56697.33622664955,7.245472175331821,0.5821605827601641,-738.0053521939044
56697.341838649554,7.195411209824013,0.5755396163542926,-737.9997401939036
56698.16615021087,6.849333896245659,0.43167651054289663,-737.1754286325886
56698.17176221087,6.256018389202117,0.4299845461691983,-737.1698166325878
56698.48233319187,7.16334348367065,0.24532490460333609,-736.8592456515908
56699.312256753175,6.980013745600251,0.34542429136303743,-736.0293220902822
56699.37497518067,10.522521899368833,0.5521636102312111,-735.9666036627896
56699.555197295485,8.143166526292227,0.31637043555322664,-735.7863815479723
56700.70611315906,7.021839664266048,0.14145161692794211,-734.6354656843978
56700.9721038758,6.840096227364201,0.1549343131027779,-734.3694749676579
56701.0641398768,4.1314428132177925,0.803441279656852,-734.2774389666592
56701.114540240276,6.859179658681512,0.29249791148373555,-734.2270386031814
56701.21504441811,6.253417453028268,0.6973967601014197,-734.1265344253479
56702.365960281684,6.599517480571003,0.18157357978911598,-732.9756185617734
56702.762309559934,7.00015470239432,0.43383264309894215,-732.5792692835239
56702.7743873629,6.484512766866427,0.24941307705993632,-732.5671914805571
56703.0768958586,7.105964828047727,0.2064315811771225,-732.26468298486
56703.16902167797,6.488092942193918,0.12052792671351463,-732.1725571654897
56704.02580740431,6.808862292168102,0.180300459290524,-731.3157714391491
56704.53473866336,5.909424586766525,0.5274748033336073,-730.8068401800992
56704.80553870137,8.14066056620498,0.46338823304153065,-730.5360401420912
56704.80553870137,7.4640204578351135,0.30175994372606635,-730.5360401420912
56704.80553870137,6.7064902996215,0.3623947901438763,-730.5360401420912
56704.81115070137,7.371688990924365,0.3176375043910924,-730.5304281420904
56704.81115070137,6.616424244099176,0.4506437821878031,-730.5304281420904
56704.81115070137,6.652279393955045,0.39430762517771467,-730.5304281420904
56704.81809781499,9.367990316143583,2.137899834996939,-730.5234810284674
56705.02079864235,6.074733858892577,0.6616800499988132,-730.3207802011093
56705.56666654254,7.542648254802914,0.1956781391751314,-729.7749123009198
56705.59954301423,6.863568585190121,0.3437726521987878,-729.7420358292293
56705.60515501423,6.045804890280047,0.33412323553655937,-729.7364238292284
56707.34550164956,6.81430192402263,0.1947533045239273,-727.9960771939004
56708.055958876794,6.7364511789573225,1.0887041058893359,-727.285619966664
56708.17542521087,7.4167059495591605,0.14765209101140622,-727.1661536325846
56708.394024373505,6.746720383168949,0.1130124268800375,-726.9475544699526
56708.753606559934,6.544881885963459,0.5111231444930184,-726.5879722835234
56709.33495644232,6.493179333791849,0.2963641532908058,-726.0066224011389
56710.10126305024,7.686097611019317,0.15149080167452653,-725.2403157932204
56710.665195894806,13.352407512786863,0.7508761046710382,-724.6763829486517
56710.88198364076,6.661654803654267,0.1228249006483908,-724.4595952027012
56711.37633866996,5.740306890566559,0.5116890039835722,-723.9652401735002
56711.444927191864,6.3961323151419744,0.6468320828000096,-723.8966516515939
56711.450539191865,7.711351461191133,0.5945886556097237,-723.891039651593
56712.27485075317,7.4086858317518764,0.9327537006994068,-723.0667280902853
56712.28046275317,6.923253885517123,0.9211314436347664,-723.0611160902845
56712.86728564235,6.3004620634063,0.6375111715357277,-722.4742932011068
56713.420957295486,7.103988946096403,0.173048682861581,-721.9206215479717
56713.56339365996,6.724802799758935,0.27720722517627316,-721.7781851834952
56713.68186847712,6.534249723886893,0.5671228387471908,-721.6597103663371
56713.9346978758,6.6481321590770355,0.4064186013795743,-721.406880967661
56713.9403098758,5.965467040493682,0.40550989573087765,-721.4012689676601
56714.81481370137,7.832244855544776,0.15446274434717688,-720.5267651420872
56714.81481370137,7.211187562462688,0.1163203900894302,-720.5267651420872
56714.81481370137,7.216891090707569,0.14463060492899832,-720.5267651420872
56715.074290858596,6.438858075104443,0.20853143294183502,-720.2672879848615
56715.08080441811,7.17884940187735,0.3239402738438209,-720.2607744253473
56715.60881801423,6.718339990980824,0.1357741152574175,-719.7327608292253
56715.974344932816,7.229450851116913,0.19637943018869397,-719.3672339106415
56716.68595047712,6.271873927799831,0.6094940853202565,-718.6556283663376
56717.26745752573,11.040937074485601,0.42159206888451106,-718.0741213177243
56717.56406154254,7.199854434350129,0.2013913695160113,-717.7775173009213
56718.40049866336,6.855352699226589,0.28233771576723454,-716.9410801800987
56719.22282566996,5.862279269423108,0.4359934084330308,-716.1187531734977
56719.294039178065,7.221357064497118,0.2550268654024185,-716.0475396653928
56719.79435506924,6.9642460469118435,0.3084913617438772,-715.5472237742142
56719.859104642346,6.05922929535022,0.847278795932319,-715.4824742011115
56720.95388630069,7.441073454935365,0.15807732266896218,-714.3876925427685
56721.3566183735,7.2105386129369435,0.30018385057186076,-713.9849604699557
56721.3622303735,6.815081652108634,0.3212979640165232,-713.9793484699549
56721.45420219187,7.663857436472692,0.22194323089579548,-713.8873766515899
56722.13666424027,7.180861035256596,0.22302136674921996,-713.2049146031859
56722.24337606024,10.684875930677656,0.4456226478148645,-713.0982027832142
56722.284125753176,8.571452108311961,0.33488317449045646,-713.0574530902813
56722.74723681499,6.644117935165255,0.6414699458140957,-712.5943420284675
56723.063857050234,8.215670775170906,0.427827214374443,-712.2777217932235
56723.069469050235,6.767483175333358,0.4000001805916754,-712.2721097932226
56723.796511362896,6.911395711445372,0.21956112289357632,-711.5450674805616
56723.84457764075,7.067527216427083,0.34805051573257006,-711.4970012027043
56723.850189640754,5.889452694794224,0.3466515988686932,-711.4913892027034
56723.9439728758,7.252421415460304,0.15527507772103913,-711.397605967657
56724.06713524027,7.167595823851438,0.23578913272668475,-711.2744436031862
56725.70058647712,7.866499495943872,1.568143539035875,-709.6409923663377
56725.71955881499,6.618119153261645,0.6599690790916646,-709.6220200284661
56725.726982362896,7.087522241026895,0.18224618018562658,-709.6145964805619
56726.214644669955,5.683783105242792,0.5625934656201808,-709.1269341735024
56726.38355129548,7.088809237073457,0.43439267320662944,-708.9580275479748
56726.389163295484,7.521936934528174,0.4670290476059627,-708.9524155479739
56728.04339841811,6.69906336475227,0.9353351913318368,-707.2981804253504
56728.04901041811,7.417569668040616,0.9431535406603281,-707.2925684253496
56728.4231983525,6.7838522114633415,0.16116529362473617,-706.9183804909553
56729.75343780499,10.949810816924327,0.4884367894041778,-705.5881410384682
56731.363092663356,7.161343993618649,0.8119628444303715,-703.9784861801018
56731.365893373506,6.898153573858126,0.1297998777335806,-703.9756854699517
56731.36870466336,8.305102036395436,0.7291753192434824,-703.9728741801009
56732.57281615906,7.212214396823203,0.16240347296914856,-702.7687626843981
56732.74848855993,7.153676931190774,0.36712988162186255,-702.5930902835244
56733.07313205024,7.66138634549794,0.13462267694906507,-702.2684467932195
56733.85385264076,6.782894265190264,0.12748795686131384,-701.4877262027003
56734.232663281684,6.444532984118273,0.19820953032578517,-701.1089155617738
56734.58551765996,6.242094950240629,0.2235147216247805,-700.7560611834997
56735.03572467797,6.831452265921244,0.132149319208901,-700.30585416549
56735.70713181499,7.0920969464274775,0.9274565467538173,-699.6344470284675
56735.75257055993,7.03456485712456,0.4288034666383687,-699.5890082835249
56735.89251040431,7.37976272778241,0.22162569189531306,-699.4490684391494
56736.39282629549,7.696124095566477,0.19240281186583663,-698.9487525479708
56736.51598865996,7.231995830049907,0.2102227663481895,-698.8255901835
56738.05267341811,7.479334627735696,0.31612192451532967,-697.2889054253465
56739.21220464956,7.153424593591658,0.22688921464023026,-696.1293741939007
56740.04212821087,6.912500566197064,0.14889286488545156,-695.2994506325849
56741.37236766336,6.7588030919307105,0.24470702250046683,-693.9692111800978
56742.08330324027,7.1874936409591745,0.21058523105688443,-693.2582756031843
56742.531898894806,11.617278998957794,0.8247178260126256,-692.809679948652
56743.62972547712,5.539747676917143,0.48645450392539175,-691.7118533663379
56743.7431503629,7.2621561729001,0.2240389160185305,-691.59842848056
56744.76720655993,7.78894132621058,1.0963604684050143,-690.574372283525
56746.60204747712,6.656474473616891,0.5088623747092248,-688.7395313663365
56746.68151670137,7.229432330163466,0.1770204223582745,-688.6600621420876
56746.68151670137,6.888458883727919,0.13271569729788105,-688.6600621420876
56746.68151670137,7.588184652158959,0.14841513985288302,-688.6600621420876
56747.47552101423,6.645238349600303,0.13957540060920448,-687.8660578292256
56749.13416052573,10.751265499803464,0.4869065513287636,-686.2074183177247
56751.66105806924,6.5442343337394275,0.30476711995220057,-683.6805207742145
56753.32090519187,7.925074572424122,0.2568330721312662,-682.0206736515902
56754.08069824027,7.5821336802626265,0.21953924875536612,-681.2608806031858
56754.11007906024,11.133210278174962,0.5164883995160519,-681.2314997832145
56754.150828753176,6.8962253807156335,0.39488645514976317,-681.1907500902817
56754.53215665996,6.826241405817129,0.24572627846855744,-680.8094221834981
56755.740545362896,7.330815667482726,0.23045708616429783,-679.6010334805615
56755.8106758758,6.746953898372795,0.15186743153842674,-679.5309029676573
56756.58962047712,7.104631889293551,0.7887570515909207,-678.7519583663379
56761.004209876795,5.707152321417431,0.7828553025060542,-674.3373689666623
56761.62014080499,10.4321796284926,0.5399928557719778,-673.7214380384685
56762.69634555993,7.344256249696715,0.35521867421524095,-672.6452332835252
56763.232596373506,7.021030791445915,0.1373282706421283,-672.108982469952
56764.93983505024,7.136003352456497,0.1469783097097534,-670.4017437932198
56765.668667559934,6.35165563247827,0.3308668724061487,-669.6729112835237
56765.72055564076,6.341769147447752,0.13233753532275375,-669.6210232027006
56766.52955165996,6.726551741242697,0.24222839550103367,-668.8120271834996
56768.25952929549,6.5132452699534324,0.18595143553108484,-667.0820495479711
56769.91937641811,7.319058466501626,0.38362034038463744,-665.4222024253468
56772.80735564235,5.275792819886429,0.606046027876239,-662.5342232011099
56773.23907066336,6.092202239776539,0.29265927734897657,-662.1025081800981
56775.65624055993,5.7402136522717075,0.4960356151112981,-659.6853382835252
56777.65554181499,5.892653142835883,0.6619689853919428,-657.6860370284703
56778.29743144232,7.451560135402321,0.3753658139641014,-657.0441474011386
56779.16289566996,5.739315245210002,0.4231020187977858,-656.1786831735008
56784.93681993282,7.061809874126565,0.22644836733140725,-650.4047589106412
56785.50202881499,6.408128991732479,0.6834679781199289,-649.8395500284678
56788.256514178065,7.717191999375301,0.2936728235620416,-647.0850646653926
56789.91636130069,6.162046240473815,0.15724203959013025,-645.4252175427682
56792.493847814985,3.65925778200068,1.2819399384780525,-642.8477310284725
56797.3856733525,6.426900931509296,0.19089133667107636,-637.955905490955
56798.53803047712,5.646898040847108,0.5923826203580571,-636.8035483663407
56799.319555442315,6.728457503556582,0.28233380371767947,-636.0220234011431
56801.250026442314,6.8126396009953405,0.2901044588658725,-634.0915524011434
56801.53529115906,6.633645377208162,0.17006100411111233,-633.8062876843978
56803.195138281684,6.929392739075896,0.24612675537584947,-632.1464405617735
56803.99819967797,6.04436704691553,0.1586496157324714,-631.3433791654898
56804.85498540431,6.143066877979835,0.25759394990318496,-630.4865934391491
56805.95894393281,6.186351438732524,0.19065834922791208,-629.3826349106457
56806.38451747712,4.079976749308532,0.5402333938065913,-628.9570613663382
56807.88941493281,6.600131945430924,0.17642217102317628,-627.452163910646
56808.17467964956,6.967714560256238,0.2805028938292386,-627.1668991939005
56809.00460321087,5.968384445673403,0.19886221272200857,-626.3369756325847
56809.27863817806,6.2223955045219554,0.2506518512711404,-626.062940665397
56810.938485300685,6.655907360833255,0.1283203629855711,-624.4030935427727
56811.20910917806,6.769272270931715,0.21583403047638564,-624.1324696653974
56812.868956300685,6.353117244756643,0.12978210837352716,-622.472622542773
56813.376336477115,5.290409187467946,1.0988005000726824,-621.9652423663429
56815.64399170137,6.291324536978026,0.14401983016265504,-619.6975871420873
56815.64399170137,6.2134779122397665,0.16641725192325327,-619.6975871420873
56815.64399170137,6.417610810781026,0.22200833387193245,-619.6975871420873
56816.43799601423,5.515574318133349,0.1777831918374224,-618.9035828292253
56817.60465055993,6.137253899159084,0.3856584264766069,-617.736928283528
56818.4077973525,6.551057898449834,0.16104591192575485,-616.9337814909595
56819.266194442316,6.193145704458841,0.2786643276754772,-616.0753844011415
56820.3382683525,5.908784357930516,0.14660072634901913,-615.0033104909598
56820.62353306924,6.713894237582473,0.3440785610865646,-614.7180457742143
56822.28338019187,6.24269008143624,0.31528725640011773,-613.0581986515899
56822.557415159055,6.711284234619739,0.13390044038517226,-612.7841636844023
56823.113303753176,6.255649816920329,0.42921265624765526,-612.2282750902814
56824.21726228168,6.535533055429968,0.20261734627994538,-611.124316561778
56824.487886159055,6.168875778730639,0.14177068072552393,-610.8536926844026
56824.7731508758,6.291465191963602,0.2000288309193489,-610.568427967657
56825.02032367796,6.047008272482664,0.1263386229612078,-610.3212551654942
56825.45113755993,6.179604858827071,0.3509835782484425,-609.8904412835254
56825.877109404304,6.037457950212039,0.1902491263990843,-609.4644694391536
56825.90558293281,6.698587757314144,0.18334068753388907,-609.4359959106441
56826.14773328168,6.148782752355265,0.18910952319461571,-609.1938455617783
56826.95079467796,6.179949959361704,0.13232540091337652,-608.3907841654946
56827.807580404304,6.38336545275583,0.2110647991185336,-607.533998439154
56829.19680364955,6.292698960828363,0.22688921464023026,-606.1447751939049
56829.22527717806,5.930727895770082,0.28273528823384636,-606.1163016653954
56830.02672721087,5.937929086946833,0.16254137749995143,-605.3148516325891
56830.88512430069,6.381308048667224,0.1531700345808241,-604.4564545427711
56831.12727464955,6.2975435703936355,0.22478988382861262,-604.2143041939053
56831.263589442315,6.7953714784438,0.28319720984525654,-604.077989401143
56831.95719821087,6.062006474351376,0.15013363875949712,-603.3843806325895
56832.195071373506,5.529197530027963,0.1477987941126371,-603.1465074699518
56832.44295655993,6.012847955134373,0.6416170389700036,-602.8986222835301
56833.90231005024,5.889696047900109,0.17587974634127643,-601.4392687932195
56834.68303064076,5.77287628947115,0.17038807402020514,-600.6585482027003
56836.666115701366,5.826268291168072,0.1700109743887244,-598.6754631420918
56836.666115701366,6.07559681055104,0.1163203900894302,-598.6754631420918
56836.666115701366,6.182792493937999,0.14309633401390995,-598.6754631420918
56837.22200429549,6.188146501712012,0.21947329295675658,-598.1195745479708
56837.46012001423,5.221218375507791,0.14980963040247716,-597.8814588292298
56837.90297793281,6.311416929503101,0.18041362285627982,-597.4386009106456
56838.3544363525,6.631043636767296,0.1762073876963782,-596.9871424909579
56838.596586701366,5.84519959872702,0.12210189315767338,-596.7449921420921
56838.596586701366,6.042662417026593,0.12887875686742425,-596.7449921420921
56838.596586701366,6.12703733131604,0.17893208998633361,-596.7449921420921
56838.88185141811,6.193476774843169,0.40994211645722467,-596.4597274253465
56839.39059101423,6.070172104073554,0.1366513349539837,-595.9509878292301
56841.22267217806,6.6033863184540875,0.29130302424093263,-594.1189066653969
56841.64565706924,6.8090693055919855,0.3136639197878725,-593.6959217742187
56842.20154566336,6.395398111240211,0.3707160868109005,-593.1400331800978
56842.50405415906,6.6049296354257985,0.15421416883121505,-592.8375246844007
56842.882519300685,5.9051966937329645,0.16068758229031227,-592.4590595427726
56843.30550419186,5.283676120775395,0.24769960583925818,-592.0360746515944
56843.57612806924,6.579407728438596,0.27704220883638603,-591.7654507742191
56844.13542775317,5.693456917049345,0.33893745021067995,-591.2061510902859
56844.16390128168,6.464439249717706,0.18910952319461571,-591.1776775617764
56844.966962677965,6.4000520899561435,0.1195594773388991,-590.3746161654926
56845.23597519186,7.086622366817783,0.23856613954725012,-590.1056036515947
56845.795274875796,5.988184681711097,0.17174536760366582,-589.5463039676615
56845.823748404306,5.827770658846999,0.19086135206730326,-589.517830439152
56846.06589875317,5.979959067945135,0.330828898770233,-589.2756800902862
56847.725745875796,6.234671088920062,0.14516572737928898,-587.6158329676618
56849.143442649554,6.945106382284969,0.19943642710368992,-586.1981361939033
56849.97336621087,6.10938147681493,0.15566072238024484,-585.3682126325875
56850.3518313525,6.2167891413022325,0.17095459294120158,-584.9897474909594
56853.007257876794,3.635614849271433,0.9528366566940705,-582.3343209666637
56853.2171953735,5.592366803858305,0.12729041343073128,-582.1243834699562
56854.501449159055,6.479431208376947,0.16729578453206986,-580.8401296844022
56854.924434050234,5.855315156739932,0.1338705949549361,-580.417144793224
56855.1476663735,5.670246730498453,0.12218495157321053,-580.1939124699566
56855.70515464075,5.396101347466974,0.13672080816290133,-579.6364242027048
56856.16129628168,6.52273617040176,0.18669233380039882,-579.1802825617779
56856.61275470137,5.892303867347931,0.14790371621452023,-578.7288241420902
56856.61275470137,5.86245781684118,0.11450827718744344,-578.7288241420902
56856.61275470137,5.975378366156684,0.1575214125520715,-578.7288241420902
56856.85490505023,6.101353409104943,0.14106909404159812,-578.4866737932243
56856.96435767796,5.832188593022491,0.12686686807463446,-578.3772211654941
56857.40675901423,5.895702853312048,0.13957540060920448,-577.9348198292282
56857.63562564075,5.740234895980689,0.13756015828122745,-577.7059532027051
56857.821143404304,6.514993971422935,0.20769755794332856,-577.5204354391535
56858.24412829548,6.471501070140333,0.20049865667807448,-577.0974505479753
56859.90397541811,6.902340447293043,0.3114309149182349,-575.437603425351
56860.17459929548,6.289344561864984,0.16722979440278515,-575.1669795479756
56861.14083764955,6.546233528077589,0.21606958661112335,-574.2007411939048
56861.59229606924,6.169741131354171,0.36601020719310445,-573.7492827742171
56861.83444641811,6.120505514443917,0.3288918950851987,-573.5071324253513
56861.97076121087,6.032679091873939,0.16705328249648027,-573.370817632589
56863.223669663355,6.059947359833595,0.27416647951502215,-572.1179091801023
56863.252143191865,6.06184744885448,0.24167151808653267,-572.0894356515928
56864.08206675317,6.552963369736716,0.36137110919591636,-571.2595120902843
56864.81040364235,5.357875803345965,0.8139895859737295,-570.5311752011112
56865.154140663355,6.2083198075711366,0.290508952019447,-570.1874381801026
56865.738142947215,6.979460322414192,0.31827860478476,-569.6034358962424
56865.7419138758,6.101772887798177,0.16424854600191852,-569.5996649676599
56868.610149701366,6.047983661568386,0.1236551327879476,-566.7314291420917
56868.610149701366,6.005839915064472,0.16222357808867846,-566.7314291420917
56868.610149701366,6.017435053973983,0.1644034160130843,-566.7314291420917
56868.75800794722,5.3978568129661415,0.39110304173851224,-566.5835708962404
56868.76627994722,4.757956842356122,0.4336038606820136,-566.5752988962413
56869.40415401423,5.316737853578337,0.1357741152574175,-565.9374248292297
56871.165943669956,4.164582418996993,0.5196221668360307,-564.1756351735021
56873.1638343735,6.0674343563632105,0.12729041343073128,-562.1777444699546
56873.58969106924,6.6269952624433515,0.30538782691748007,-561.7518877742186
56874.871073050235,6.238876973745649,0.1471931902795044,-560.4705057932224
56875.24953819186,5.972339479192802,0.24240219538989333,-560.0920406515943
56875.651793640754,5.586354040954232,0.12702165124002154,-559.6897852027032
56876.07946175317,6.493500659173438,0.3789396373168845,-559.2621170902858
56877.739308875796,6.268747550746186,0.16754260397844384,-557.6022699676614
56878.190767295484,6.403192379537076,0.20075165182845692,-557.1508115479737
56879.85061441811,6.102262699344104,0.3359284094808408,-555.4909644253494
56883.17030866336,5.6384835952457975,0.26793053605938616,-552.1712701801007
56885.1612293735,5.513621544699933,0.13317467455465362,-550.1803494699561
56886.868468050234,5.976722678649305,0.1528875253779087,-548.4731107932239
56887.64918864075,5.690806500123706,0.13168470745294453,-547.6923902027047
56890.18816229548,6.933217219588263,0.2132749117723871,-545.1534165479752
56891.84800941811,6.69385113186661,0.36720180679480585,-543.4935694253509
56895.167703663355,6.431953641842213,0.27954229283884613,-540.1738751801022
56901.322503858595,6.466317675104529,0.4194857717660306,-534.0190749848625
56903.812274542535,6.731369546397989,0.347364404725489,-531.5293043009224
56904.3423688586,5.540767628042784,0.9100434494146387,-530.9992099848605
56904.350640858596,6.259563039809759,0.5874739129430318,-530.9909379848614
56906.83213954254,4.931701989020866,0.878694826427306,-528.5094393009203
56906.84041154254,4.348952494251131,0.49219479386679077,-528.5011673009212
56934.379423876795,5.551287065847105,0.8922550667931511,-500.96215496666264
56937.445146814985,4.31472707191672,0.8159617705133315,-497.8964320284722
56940.32891124027,6.081506640054121,0.4322800766655887,-495.01266760318686
56941.988758362895,6.650191112489724,0.34613340855894215,-493.3528204805625
56943.34877624027,6.248979934044241,0.5395624739048045,-491.9928026031848
56943.35704824027,6.504335253593534,0.5959396223767265,-491.9845306031857
56945.0086233629,5.484472302293372,0.500766531140686,-490.3329554805605
56945.016895362896,5.221775105629406,0.4807657218492249,-490.32468348056136
56946.18256964235,6.164113107548516,0.7109298400745347,-489.15900920111017
56951.469121947215,4.399803873731111,0.3032361801025095,-483.8724568962425
56952.53810966996,7.36958021139022,0.5315219111147185,-482.80346917350107
56952.77776465996,7.0658463890925205,0.4110012486840643,-482.56381418350065
56955.79762965996,5.016086970123484,0.6119546251683153,-479.5439491834986
56955.80590165996,5.957017488387427,0.5967388342595862,-479.5356771834995
56958.327635477115,5.47945013371701,0.6090866694878235,-477.0139433663426
56964.370978876796,6.783504841016289,0.9657764137602863,-470.9705999666621
56976.17412464235,6.03369236716281,0.8066933207773264,-459.16745420110965
56977.39425555993,4.403246794252942,0.42456837067156994,-457.94732328352984
56982.52966466996,6.447350029791921,0.5764765006119832,-452.81191417350055
56987.053482858595,6.490546733928136,0.4138323247071892,-448.2880959848626
56989.543253542535,5.885811455947786,0.34593609714026907,-445.79832530092244
56994.2927068768,5.784790863814725,0.7628574961309935,-441.04887196666095
57006.09585264235,5.817540510719365,0.5754929173663007,-429.2457262011085
57011.51119194722,4.682744718944869,0.2960731207300093,-423.83038689623936
57011.51384194722,4.507249764318614,0.2649138124596333,-423.8277368962372
57012.45139266996,5.095406860352122,0.40194691785789655,-422.8901861734994
57017.51180244231,6.026940024900268,0.5476153364157131,-417.82977640114404
57018.81731281499,5.9301513859660915,0.6994672285221512,-416.5242660284712
57020.531667442316,5.765759671308225,0.7196490073354307,-414.809911401142
57020.539939442315,6.633482829523112,0.7863471306907541,-414.8016394011429
57024.15119093281,6.417855645052528,0.33488280879738663,-411.1903879106467
57024.2387298768,5.833609038200903,0.7722682285427868,-411.1028489666569
57026.05989024027,5.942221920299961,0.4346014886614914,-409.2816886031869
57027.17105593281,5.4572462372189445,0.8738618546608008,-408.17052291064465
57027.17932793281,5.06475347363043,0.46380670300663074,-408.1622509106455
57027.47088517806,5.533330778845657,0.404871099398693,-407.870693665398
57027.719737362895,5.2262528987543595,0.3713583098295162,-407.6218414805626
57029.130732300684,5.936519809189167,0.2314778232213272,-406.21084654277365
57030.49075017806,5.361976058703931,0.5990123514741581,-404.85082866539597
57030.49902217806,4.827859750177065,0.5669289145114521,-404.84255666539684
57032.150597300686,4.868401572132704,0.3392293403906595,-403.1909815427716
57032.158869300685,4.975944268532328,0.3318162030660252,-403.1827095427725
57036.04187564235,7.129500196347612,0.5691086853194479,-399.2997032011044
57036.6000443525,5.384698699402669,0.2812632827999099,-398.7415344909605
57038.50874365996,6.537666060996403,0.417822120470736,-396.8328351835007
57039.6199093525,4.847481053986882,0.42022358041412683,-395.72166949095845
57039.6281813525,5.3739543464943536,0.3998093098883269,-395.7133974909593
57039.699801477116,5.572340943511809,0.5972716103472571,-395.64177736634156
57040.749662159054,5.357390186880865,0.24578547873719864,-394.59191668440326
57042.39741566996,5.489090066905375,0.4445876681898605,-392.9441631734953
57042.40950928168,5.417938429633216,0.3642846604696281,-392.9320695617789
57043.21257067796,4.829403286034228,0.23278001331667839,-392.1290081654952
57043.76952715906,4.434232265877454,0.3495875675504855,-391.57205168440123
57043.777799159056,5.249972041694984,0.34905579455451574,-391.5637796844021
57044.0693564043,6.0527635919175165,0.3804982527981686,-391.2722224391546
57045.42937428168,4.786625434908333,0.45684879550699264,-389.9122045617769
57045.43764628168,5.281438322665673,0.5003582046028967,-389.90393256177776
57046.232435677965,5.125220549553155,0.28956636301004346,-389.10914316549315
57046.240707677964,4.976431509271314,0.30039538783528996,-389.100871165494
57047.089221404305,4.877290308936852,0.483964390727196,-388.25235743915255
57047.0955528586,4.849431816275895,0.38524203529533424,-388.24602598485944
57047.097493404304,4.214556023089679,0.5295752030095187,-388.2440854391534
57047.0982028586,4.941502239805597,0.34889844705992534,-388.24337598485727
57047.38905064955,6.090840228942038,0.41033843017852345,-387.9525281939059
57048.21897421087,6.2210511254790175,0.27725656203669713,-387.1226046325901
57048.80886781499,4.966696525807274,0.9344562188047896,-386.53271102847066
57049.58532354254,4.548915556181923,0.3150846532995184,-385.7562553009193
57049.58797354254,5.1288084357812185,0.30794311537341856,-385.7536053009171
57050.408915649554,6.182887810682202,0.5056157516288693,-384.93266319390386
57050.41718764955,4.71658598225993,0.55018615962937,-384.92439119390474
57051.23883921087,4.896807008997804,0.3917461513236164,-384.10273963258805
57051.24711121087,4.840408196541194,0.37020180496519123,-384.09446763258893
57054.3766248768,4.907240066415001,0.8534357955945039,-380.96495396665705
57054.858362701365,6.239188498828841,0.33212038924813775,-380.4832161420927
57054.858362701365,5.683835259359636,0.2136567402532857,-380.4832161420927
57054.858362701365,5.90662372922209,0.23269775545507146,-380.4832161420927
57055.65236701423,5.625714124479997,0.2621912204181285,-379.68921182923077
57057.87822770137,5.2204521029944715,0.5802212929980183,-377.4633511420907
57057.87822770137,4.239584159879003,0.7957635113067429,-377.4633511420907
57057.87822770137,4.497140181894228,0.3254700034540825,-377.4633511420907
57057.886499701366,5.6797071063502065,0.4451636683207004,-377.45507914209156
57057.886499701366,5.013678056640651,0.31258212776734007,-377.45507914209156
57057.886499701366,4.8865055824854995,0.2810500819890758,-377.45507914209156
57058.67223201423,4.936609318399637,0.332661202708949,-376.66934682922874
57058.68050401423,4.928811809985715,0.34854862610231513,-376.6610748292296
57058.76642155993,5.9704969954663865,0.35971846367996485,-376.5751572835288
57059.83790406924,4.934534270448104,0.5110487347467313,-375.5036747742197
57061.49775119186,7.017208022998522,0.4617880557239266,-373.84382765159535
57062.32767475317,6.225918461638691,0.6321967273068424,-373.0139040902868
57062.85776906924,4.324172421256663,0.6625012342749126,-372.48380977421766
57062.86604106924,3.548288714657374,0.674087764293462,-372.47553777421854
57063.987521875795,5.608800073380248,0.2778367520889991,-371.3540569676625
57064.517616191864,5.462692060098752,0.5922139543738016,-370.8239626515933
57064.52588819186,5.623441066838094,0.661810967518903,-370.8156906515942
57065.34753975317,4.198780601526969,0.8262613917815377,-369.9940390902848
57065.35581175317,5.733999674251581,0.9186988782026323,-369.98576709028566
57066.17977064235,4.661538493664236,0.6001178124041614,-369.1618082011046
57067.0073868758,4.985200821962176,0.3893803704665122,-368.33419196766044
57067.015658875796,5.408884830666986,0.379271020124762,-368.3259199676613
57069.69135647712,5.577229933501009,0.7182741125799552,-365.65022236634104
57071.4094423735,5.18652585281131,0.2173715285778363,-363.9321364699572
57072.53531066996,5.814680292308358,0.44789315271171826,-362.8062681734955
57073.11668105023,5.796223000058379,0.2586087656954505,-362.22489779322495
57073.89740164075,5.667491219059092,0.25096568537951397,-361.44417720270576
57074.4293073735,4.4146492465556175,0.2749161410397237,-360.91227146995516
57074.4375793735,4.758186256290494,0.28270413370373854,-360.90399946995603
57076.136546050235,5.729610023435539,0.37743772076780974,-359.2050327932229
57076.144818050234,4.835706853270956,0.36604905057100123,-359.1967607932238
57076.43637529548,5.376032068984418,0.3006847362295161,-358.90520354797627
57076.917266640754,4.628562294819854,0.32175087869168456,-358.42431220270373
57076.92553864075,4.622034016121762,0.32231044543723536,-358.4160402027046
57078.096222418106,5.536735431249904,0.5996673934952791,-357.24535642535193
57078.73059581499,6.004647895651438,0.6834679781199289,-356.6109830284695
57079.45624029548,4.727099508253489,0.4098521436195339,-355.88533854797424
57079.46451229548,5.231824833266433,0.40719569454051835,-355.8770665479751
57081.11608741811,4.5776845802883095,0.7873077773790691,-354.2254914253499
57081.12435941811,5.4820069859504645,0.8636669891540003,-354.2172194253508
57081.2558758768,6.275913461555188,0.8152046951715936,-354.0857029666586
57081.415916663354,5.182614625385525,0.5414519179755497,-353.92566218010325
57084.43578166336,4.032190574087196,0.7016511550255037,-350.9057971801012
57084.444053663356,4.490209869276998,0.7756223463613215,-350.8975251801021
57086.101960240274,5.166207053098214,0.39231862730754985,-349.23961860318377
57086.104610240276,5.9322730117460925,0.37242081019981293,-349.2369686031816
57087.7618073629,4.960570506673758,0.36434310060042163,-347.57977148055943
57087.7644573629,4.8098181381336405,0.3485215648922508,-347.57712148055725
57088.75797655993,5.883148141151162,0.4645370888582327,-346.5836022835283
57093.05902164235,6.3574641352532,0.670344364919542,-342.2825572011061
57098.55081365996,4.731009508270283,0.3959603519237113,-336.79076518349757
57098.55346365996,6.018230440319097,0.3772466780474582,-336.7881151834954
57099.41456166996,5.497353778210019,0.4449182166420466,-335.927017173497
57099.61308447712,7.833906229349206,0.5414556413038912,-335.7284943663399
57103.24278144231,6.2967544397680815,0.5322898776512213,-332.0987974011441
57108.67661881499,4.911199125974566,0.6344702737631236,-326.66496002846543
57109.88216993281,5.845747548974355,0.3311574537531567,-325.45940891064674
57113.20186417806,6.226041349631353,0.44916811747788343,-322.13971466539806
57114.861711300684,6.429336825700066,0.25444810788920813,-320.4798675427737
57118.67970455993,6.020788760072121,0.3753353800575351,-316.66187428352714
57122.3310233525,5.556608345935721,0.28854556643776835,-313.01055549096054
57126.480641159054,5.92957793054427,0.2712042279445506,-308.8609376844033
57128.14048828168,5.680985510768584,0.3585971560126472,-307.201090561779
57128.94354967796,5.104090745016089,0.24739479478814902,-306.39802916549525
57129.55910747712,6.595362098751893,0.5601967695958244,-305.7824713663358
57129.8003354043,5.83389291552919,0.3953447252524817,-305.54124343915464
57133.12002964955,6.04239413328932,0.44602705397602593,-302.22154919390596
57133.94995321087,4.925006415226109,0.3077119207632668,-301.39162563259015
57138.81451381499,6.060645272059216,0.7134665726240955,-296.5270650284656
57140.589341701365,5.779113823009281,0.3415512828798961,-294.7522371420928
57140.589341701365,5.989305719980247,0.23367627326570992,-294.7522371420928
57140.589341701365,5.794110528782275,0.2695202574171928,-294.7522371420928
57141.38334601423,4.966824663503585,0.2566354956732091,-293.95823282923084
57145.56888306924,6.982867255870226,1.6128035981177213,-289.77269577421976
57147.22873019186,4.985925119655932,0.44260777651070987,-288.1128486515954
57148.05865375317,5.036664250373147,0.6343590076909615,-287.2829250902869
57148.0805208768,5.629513779020136,0.8928432375688882,-287.261057966658
57148.625727559935,5.512577244056276,0.3583949961903402,-286.7158512835231
57149.718500875795,6.125626411076465,0.2947613947959741,-285.62307796766254
57157.1404213735,5.709186693818528,0.23415897943137942,-278.20115746995725
57158.84766005023,6.041186849574635,0.2740801667175299,-276.493918793225
57159.62838064075,5.550914813736017,0.262343542539046,-275.7131982027058
57159.69700247712,6.717586848481891,0.8942777521911524,-275.64457636633597
57159.88366664235,7.580956605375057,0.6653281825970148,-275.4579122011055
57162.16735429548,5.978160526894596,0.33243562760251083,-273.17422454797634
57163.28485144232,5.696687181102065,0.5001279993989781,-272.05672740114096
57163.28750144232,5.202387173064231,0.4528565139141373,-272.0540774011388
57163.827201418106,6.248205220142608,0.6249467229907342,-271.514377425352
57165.69376481499,5.919151901314564,0.6989672519470818,-269.6478140284671
57166.23920666996,5.928388959860262,0.5225971029057026,-269.1023721734964
57167.146895663354,6.7179469106696486,0.5442473409039381,-268.1946831801033
57168.010481876794,6.7199823972366834,0.7793262778516318,-267.3310969666636
57169.924239932814,6.079912723183096,0.3123976301375701,-265.4173389106436
57169.926889932816,6.126479661235971,0.2955004840440984,-265.4146889106414
57173.24393417806,5.934373740879481,0.42382949396756453,-262.0976446653949
57173.246584178065,5.414840812790208,0.44023579695985754,-262.09499466539273
57174.90378130069,6.256015586842419,0.22239411973902884,-260.43779754277057
57174.90643130069,6.329102856240222,0.24202327209158161,-260.4351475427684
57178.763622559934,6.719579594593906,0.3994224883687027,-256.57795628352324
57179.81362764235,7.1386205278431145,0.6106061936239909,-255.52795120111114
57182.3730933525,6.294387245640069,0.2819795729937976,-252.9684854909574
57182.3757433525,6.36601626502884,0.26526613513641745,-252.96583549095521
57186.169167669956,6.844008172414846,0.46871770519942213,-249.17241117350204
57186.52271115906,5.546701373446081,0.232384799238762,-248.81886768440017
57186.52536115906,5.181905098210862,0.24918882591140476,-248.816217684398
57186.57625347712,8.579477202702193,0.539825977974158,-248.7653253663375
57188.18255828168,6.2013921685823385,0.3463690214301381,-247.15902056177583
57188.185208281684,6.144517124012529,0.31380805841392245,-247.15637056177366
57188.985619677966,6.312011237718369,0.22476829576304083,-246.3559591654921
57188.98826967797,5.760875502709894,0.22212707019590755,-246.35330916548992
57189.842405404306,5.760425835342898,0.3457544461267349,-245.4991734391515
57189.84505540431,6.26092031911201,0.34667278462906354,-245.4965234391493
57193.162099649555,6.105374057637853,0.3891836350768365,-242.1794791939028
57193.16474964956,5.7032714637202915,0.38789173919276404,-242.17682919390063
57193.99202321087,5.750685029590886,0.2916946580255894,-241.349555632587
57193.99467321087,5.923265395708115,0.2792869192851351,-241.34690563258482
57200.63141170137,5.9536747039514655,0.24456278386508842,-234.71016714208963
57200.63141170137,5.8788531240496305,0.2011445321205206,-234.71016714208963
57200.63141170137,6.068412857388894,0.31007248927118924,-234.71016714208963
57200.63406170137,6.430321534905591,0.2607237708373526,-234.70751714208745
57200.63406170137,5.982402432734582,0.21210350062301142,-234.70751714208745
57200.63406170137,6.194582920840796,0.29707314940038726,-234.70751714208745
57200.83228594722,11.00772614486257,0.2671821145942584,-234.50929289624037
57201.42541601423,5.726107045309243,0.25293167917659615,-233.9161628292277
57201.42806601423,6.012665479520879,0.22690749484513134,-233.9135128292255
57205.61095306924,7.876478383550847,0.5019450325892999,-229.7306257742166
57205.61360306924,6.320779826238833,0.5085659068856138,-229.72797577421443
57205.64287355993,7.675123122102865,0.3573362221986406,-229.69870528352476
57207.270800191865,5.694682103915756,0.42342749729749296,-228.07077865159226
57207.27345019187,5.429811581447524,0.3839709229160182,-228.0681286515901
57208.100723753174,5.847519394417836,0.5778694326558482,-227.24085509028373
57208.103373753176,6.279975471241671,0.5859779840962951,-227.23820509028155
57209.7605708758,6.743546252190183,0.2937391009411904,-225.5810079676594
57209.7632208758,6.067696425972054,0.267840989953336,-225.5783579676572
57217.1824913735,5.812161263487169,0.21105460119480207,-218.1590874699541
57217.185141373506,5.569868158384485,0.21866952735517212,-218.15643746995192
57218.889730050236,6.794343246552247,0.24958378176590434,-216.45184879322187
57218.89238005024,6.729879075626915,0.24657545378938894,-216.4491987932197
57219.670450640755,6.246642800704124,0.2456498012967817,-215.67112820270268
57219.67310064076,6.403321489458335,0.23389889964021593,-215.6684782027005
57222.209424295484,6.5157752214572575,0.3176354113051388,-213.1321545479732
57222.21207429549,6.861113601729271,0.3205448555345366,-213.129504547971
57223.86927141811,6.4488761862405495,0.5514542393029161,-211.47230742534884
57223.87192141811,5.403823492665553,0.5837700831940136,-211.46965742534667
57227.18896566336,7.640651509570794,0.49887547645086383,-208.15261318010016
57227.19161566336,7.713977603307753,0.45737419759094283,-208.14996318009798
57232.51840981499,7.788064338924142,0.6744683997686789,-202.8231690284665
57235.422380858596,7.136654969224295,0.3396914047069551,-199.91919798486197
57236.4166468586,7.60831398099049,0.31659303529511745,-198.92493198486045
57237.912151542536,7.812598388409482,0.2915175781433894,-197.42942730092182
57238.90641754254,7.85830423113652,0.30580065399558864,-196.4351613009203
57252.448370814986,8.468032481018586,0.6969673456468038,-182.89320802847215
57253.40089847712,9.679499950272175,0.6217165602932567,-181.9406803663369
57264.69965594722,18.4692463245503,0.24055941059313243,-170.64192289624043
57272.46751855993,8.670370674300559,0.3816880240077331,-162.87406028352416
57273.330859477115,10.547295673355162,0.6111237486499902,-162.01071936634253
57274.42878824027,9.465130439224815,0.3621402713608153,-160.9127906031863
57275.42305424027,8.762737495321696,0.3334542516971611,-159.91852460318478
57276.088635362896,8.839682690821384,0.3262818590383128,-159.25294348056195
57277.0829013629,9.301641681545803,0.3070273486010108,-158.25867748056044
57286.87764165996,9.700451840231562,0.3679772881835197,-148.4639371835001
57287.87190765996,9.938132987874813,0.32600269257323233,-147.46967118349858
57292.39747955993,9.017119156582202,0.36315947915298874,-142.9440992835298
57300.2840168586,9.644748607138096,0.25036694117726127,-135.0575619848605
57302.77378754254,9.403304546068927,0.22410146012100834,-132.56779130092036
57318.3706628768,10.123726676427168,0.8916668960174141,-116.97091596665996
57330.17380864235,9.692313346584227,0.767019878771884,-105.16777020110749
57334.3108828724,23.35099157134486,2.163797458178232,-101.03069597105787
57336.52934866996,9.845388118261639,0.5632545625245523,-98.81223017349839
57339.29042424027,10.54143652961083,0.2702786823800956,-96.05115460318484
57340.9502713629,9.547621783876608,0.24135304943501917,-94.3913074805605
57343.44004204684,21.9846709900175,1.1325282053040207,-91.90153679662035
57348.3093218768,10.900112100400115,0.7928542056935846,-87.0322569666605
57351.611679442314,11.187173086976975,0.45328821697792576,-83.72989940114348
57351.73927765996,10.7031199928723,0.27021145924122525,-83.60230118349864
57352.605945442316,11.111771829855677,0.41508249583264345,-82.73563340114197
57357.59779194722,7.623180591356212,0.2047441137306313,-77.743786896237
57357.60192194722,8.007836879659473,0.19710351706663118,-77.73965689623583
57358.25106793281,10.824152372009959,0.28046601547274175,-77.09051091064612
57359.24533393281,10.783572611706738,0.2888480643222592,-76.0962449106446
57360.11246764235,9.920321633971827,0.6539277682276349,-75.22911120110803
57361.57076217806,10.614909692325154,0.4008606697783548,-73.77081666539743
57362.56502817806,10.872488649304152,0.3778918455891448,-72.77655066539592
57363.230609300685,11.222504363192835,0.23575864900034138,-72.11096954277309
57364.224875300686,11.230857193981153,0.22072355358136478,-71.11670354277157
57366.46800766996,9.921414262264367,0.4379766991461455,-68.87357117349893
57370.6999213525,11.588965595460104,0.2665793338252117,-64.64165749095991
57371.6941873525,11.130301107974002,0.23494318359517077,-63.6473914909584
57374.849539159055,10.425858148702286,0.24589183333639256,-60.4920396844027
57375.84380515906,10.393450626072703,0.22281288531130727,-59.49777368440118
57376.50938628168,10.89486303409442,0.3035705503913568,-58.832192561778356
57377.31244767796,16.802959190371695,0.6086264115197418,-58.02913116549462
57377.50365228168,10.594704986377254,0.2958924193744324,-57.83792656177684
57378.169233404304,10.613997876566842,0.33703023035461277,-57.172345439154014
57378.2200648768,10.617790128046316,0.9940086109956655,-57.12151396666013
57378.306713677965,12.256529580812968,0.2056634308274435,-57.0348651654931
57378.537831947215,8.814636133648749,0.2162050087266318,-56.803746896242956
57379.163499404305,11.155052310855469,0.3160615012181087,-56.1780794391525
57381.48892764955,10.606500804731905,0.3678673529896403,-53.85265119390533
57382.31885121087,10.873050772150076,0.2729702522899947,-53.02272763258952
57382.483193649554,10.861165780879695,0.34542066200388105,-52.858385193903814
57383.31311721087,11.058264472257587,0.22988155957314435,-52.028461632588005
57388.958239701366,10.724745826237978,0.24077824894120373,-46.383339142092154
57388.958239701366,11.141978742257798,0.28789714478570344,-46.383339142092154
57388.958239701366,11.182303550530625,0.20373326483764442,-46.383339142092154
57389.75224401423,18.494527073106582,0.7765343691714611,-45.58933482923021
57389.95250570137,11.176388759562862,0.26470224423191946,-45.38907314209064
57389.95250570137,11.332828532251341,0.22860636634816922,-45.38907314209064
57389.95250570137,10.71978330507117,0.19881467267510916,-45.38907314209064
57390.02321064235,11.707906607090605,0.8162696688476055,-45.31836820110766
57390.74651001423,12.539180021973625,0.21706314047255476,-44.595068829228694
57393.1821528586,10.776667239824025,0.25133610353020547,-42.15942598485708
57393.1862828586,10.094053889233633,0.24745945411842854,-42.15529598485591
57393.93778106924,10.838698924186051,0.4644957123507742,-41.40379777421913
57394.93204706924,10.320201705855967,0.465530223959573,-40.40953177421761
57395.59762819186,12.069841575737373,0.37118407010720694,-39.74395065159479
57395.67192354254,10.79176234966123,0.24209813569477956,-39.66965530091693
57395.67605354254,11.023576670742425,0.23324262866641593,-39.66552530091576
57396.37875066996,11.937759820597565,0.589698438699414,-38.962828173498565
57396.42755175317,11.00915295635831,0.5386781006936883,-38.914027090286254
57396.591894191864,11.685322644843833,0.3625986117927194,-38.74968465159327
57397.42181775317,11.14375491026973,0.5589494792948055,-37.91976109028474
57398.087398875796,11.031501031977474,0.25784522781767294,-37.25417996766191
57399.0816648758,10.56010997671609,0.23296941068460225,-36.259913967660395
57402.80855181499,11.352897319169271,0.7744637147825671,-32.533027028468496
57405.5093193735,16.466135227859464,0.6311735387924913,-29.832259469956625
57406.5035853735,12.491662971657226,0.21235259997213787,-28.83799346995511
57406.513334180665,17.025129521985328,0.6093379982409677,-28.828244662792713
57407.21655805023,10.14433132897192,0.24636057321963784,-28.125020793224394
57407.99727864075,17.63475868390459,0.5974307619996903,-27.3443002027052
57408.2086278768,10.72366086767899,0.935191533421958,-27.132950966661156
57408.210824050235,10.55260441149901,0.20725230952493734,-27.130754793222877
57408.991544640754,12.394416111821762,0.20899817946320728,-26.350034202703682
57410.53625229548,10.656040857465698,0.2914504132405575,-24.80532654797571
57411.53051829548,10.859701953523551,0.2856315247817616,-23.811060547974193
57412.196099418106,11.37104831181436,0.5342538707802356,-23.14547942535137
57413.19036541811,11.145619239509529,0.5449389481958403,-22.15121342534985
57414.122192858595,10.493510305705483,0.2915563411773913,-21.219385984863038
57415.515793663355,11.308891489215313,0.46318007598067273,-19.825785180102685
57416.473315442316,10.60061813420754,0.33197965605335705,-18.86826340114203
57416.51005966336,10.532624045255133,0.420173569390081,-18.831519180101168
57416.611963542535,10.40854742454672,0.2500966581720112,-18.729615300922887
57417.203012876795,10.488392557384158,0.9557775105727558,-18.13856596666301
57420.01177364235,10.891636938243,0.6621360665735884,-15.329805201108684
57423.11270393281,10.962788799013088,0.21287743109885524,-12.228874910644663
57423.69104047712,9.569497675515178,0.6123459961472901,-11.650538366338878
57426.36731366996,9.594171294600454,0.4862367731652676,-8.974265173499589
57426.43239817806,10.530143793531641,0.29932388348160915,-8.90918066539598
57428.092245300686,11.151296480722403,0.18574607465527337,-7.249333542771637
57429.00615864235,9.870159810746555,0.734642701962845,-6.335420201110537
57432.1556288768,9.947275443706044,0.7863843271604767,-3.1859499666607007
57432.188560240276,9.823788592591777,0.25800836183032455,-3.1530186031814083
57432.19269024028,9.873201505075992,0.24457733528260198,-3.1488886031802394
57432.74721081499,10.937916761861635,0.6784682123692345,-2.5943680284690345
57433.8484073629,9.49896309858544,0.25075641499742235,-1.4931714805570664
57433.8525373629,9.843753169206897,0.25284605178906766,-1.4890414805558976
57435.361698669956,10.675064733247924,0.5827569212035129,0.020119826498557813
57435.5615573525,10.449706042081692,0.19757671181402825,0.21997850904153893
57438.1247018768,10.823649899554296,0.7416833482044585,2.783123033339507
57439.71117515906,10.42021050677589,0.19420349812813706,4.369596315598756
57441.37102228168,9.992824827217246,0.22209704904510508,6.0294434382230975
57442.174083677965,15.33707900061273,0.1884074237888395,6.832504834506835
57442.75766055993,10.727039153177179,0.3806292500160335,7.416081716473855
57443.030869404305,10.100187484513965,0.2510125239698297,7.689290560847439
57443.95877464235,9.035649478907942,0.649823619054658,8.617195798891771
57444.63741365996,8.98618413826317,0.2679378353123347,9.295834816504794
57444.641543659964,9.068384387999982,0.27948084910516374,9.299964816505963
57446.350563649554,9.948118364811464,0.2703292137421678,11.008984806096123
57447.18048721087,10.229619280357591,0.19886221272200857,11.838908367411932
57449.6702578948,17.436492841309224,0.9344168441373706,14.328679051344807
57449.92784764235,9.094931633628718,0.594645613506859,14.586268798891979
57450.31431466996,10.929587041430965,0.4707009959125367,14.972735826500866
57453.12860024027,9.854464393966206,0.2936586174816867,17.787021396812634
57453.62969947712,9.602090942109845,0.5141587805308584,18.288120633660583
57453.81987570137,10.147757677437074,0.18247595416784515,18.4782968579093
57453.81987570137,10.12904978840354,0.2097736610523541,18.4782968579093
57453.81987570137,9.768078867165883,0.1555828362991414,18.4782968579093
57454.61388001423,17.07830460742799,0.19805671371361977,19.272301170771243
57454.788447362895,9.305970214899926,0.2640405346014526,19.446868519436975
57456.27251952573,14.358322369253003,0.5948415011307062,20.930940682272194
57456.28338766996,9.699946799299902,0.43830724759833123,20.941808826501074
57458.79941706924,9.649010574067143,0.3411819285819272,23.457838225782325
57460.459264191864,10.567934378679569,0.2699852635917578,25.117685348406667
57461.24843806024,12.948241265623741,0.5795806121275682,25.906859216782323
57461.28918775317,10.197757242217591,0.39948130096601664,25.9476089097152
57462.0651718768,7.865739068372517,1.971548440270694,26.723593033340876
57462.65795381499,8.228043724985254,0.7389653779526371,27.31637497153133
57462.9490348758,9.385653361058111,0.18753412824977003,27.60745603233954
57465.57745365996,9.270212235226115,0.32425375108947035,30.235874816498836
57468.758499804986,12.442659164361428,0.6174304815613643,33.416920961528376
57470.3709553735,15.060835218263898,0.1860464914181322,35.02937653004483
57471.06863887679,11.435347506320857,1.732751105321439,35.727060033335874
57472.078194050235,9.105168893655591,0.18264848428843614,36.73661520677706
57472.69631955993,9.848256740066448,0.3441015473023946,37.354740716473316
57472.858914640754,16.371070450202467,0.19603488319128143,37.517335797296255
57473.86831764235,9.240856937556782,1.1322891551668182,38.52673879889335
57475.39788829548,8.59261241094661,0.2166903463025499,40.056309452025744
57477.05773541811,9.68808607206199,0.3927417479345439,41.716156574650086
57480.22385766996,9.342954470939269,1.1268396735012904,44.88227882650244
57480.37742966336,8.803783983566642,0.33201023087936804,45.03585081989877
57482.871784642346,10.964599590207031,1.2294206855939356,47.530205798888346
57483.54044247712,8.840223335459523,0.5891232936985905,48.19886363366095
57489.227324669955,9.759445520693339,0.9023972744671526,53.88574582649744
57492.0522168768,9.859049827345482,0.8675518942121937,56.71063803334255
57492.64651681499,8.688022174049141,0.7029670645476372,57.30493797153031
57498.0510778768,7.105822426120208,0.7975595718994811,62.70949903334258
57501.640901814986,7.196092074041921,0.8059622390119421,66.29932297152845
57502.60706255993,8.403030241396392,0.3856584264766069,67.26548371647368
57503.85536264235,9.236296771809029,0.6033099284275872,68.51378379889502
57509.37145144232,7.470986773272803,0.32809432847926057,74.0298725988614
57509.37558144232,8.008457087689488,0.33133210145767433,74.03400259886257
57509.85422364235,4.988046361203278,0.6201825416942702,74.51264479889505
57510.21090266996,8.609136907086858,0.4488847980682759,74.86932382650411
57513.52900547712,8.322805228269198,0.6094940853202565,78.18742663365992
57516.01083993282,7.236103270838753,0.2124782859155449,80.66926108935877
57516.01496993282,6.918117608134837,0.20449538224933783,80.67339108935994
57516.20976366996,6.31843613343947,0.46375947841663556,80.86818482650415
57516.59351781499,7.22409076224581,1.578926024069302,81.25193897153076
57519.0851758768,9.647308348080132,0.7252145664838197,83.74359703333903
57519.330534178065,7.6552126325155285,0.30916766527698486,83.98895533460745
57519.334664178066,7.31068026967738,0.2945842848393912,83.99308533460862
57520.99038130069,7.705231728615996,0.1742609323213329,85.6488024572318
57520.99451130069,7.766833855679859,0.17018892731202664,85.65293245723296
57522.523390477116,7.8135354377275394,0.7101257959312882,87.18181163365807
57522.56259081499,7.434580900350046,0.6719685168933317,87.22101197153097
57528.00919087679,8.04219030109364,0.8728454311938275,92.6676120333359
57528.4596933525,7.13364058947851,0.1813408007525735,93.11811450904497
57528.463823352504,7.354496732593889,0.19423402424255226,93.12224450904614
57530.31149144231,7.686838305167054,0.3881010543458622,94.96991259885544
57530.88832164235,7.102139201861099,0.5992057792546109,95.5467427988915
57532.59562555993,7.116619841481285,0.41080430877947394,97.25404671647266
57532.60931115906,7.676983995300728,0.18112188242728225,97.26773231560219
57534.269158281684,7.586299503857194,0.2161251693652751,98.92757943822653
57534.273288281685,7.776830903166053,0.21541423130815246,98.9317094382277
57535.07221967797,6.697630170519824,0.1418338129550563,99.73064083451027
57535.07634967797,6.58581828817785,0.12827552171043888,99.73477083451144
57535.92900540431,7.157830923052987,0.23815578493722864,100.58742656085087
57535.93313540431,6.95120476002904,0.2213195790612035,100.59155656085204
57536.95087993281,7.055157454404725,0.23256859347549938,101.60930108935281
57537.24386166996,7.898457734887453,0.4412821836680032,101.9022828265006
57537.47600647712,8.159838895295868,1.0666146493104494,102.13442763366038
57539.24869964956,7.361742804898347,0.26031702064060586,103.90712080609956
57539.25282964956,7.47639856460978,0.23254125913304752,103.91125080610072
57539.812336642346,6.845401870262663,0.7154900058222867,104.47075779888837
57540.07862321087,6.849333896245659,0.1749491162404057,104.73704436741536
57540.082753210874,6.9271642574357815,0.17393393761618672,104.74117436741653
57540.27057417806,6.911460230198253,0.31937603158330036,104.9289953346015
57541.59001055993,6.497237056336974,0.4192745007130714,106.2484317164708
57541.93042130068,6.919021530665345,0.18282258387936126,106.58884245722584
57543.44507947712,7.772793854484206,0.5341221563200914,108.10350063366059
57546.167876669955,7.924901611062314,0.5103668101748292,110.82629782649747
57546.71801170137,6.933330250824732,0.1389286558189782,111.37643285791273
57546.71801170137,6.5162407061505405,0.17081549521317343,111.37643285791273
57546.71801170137,6.667402047514084,0.1881080946010174,111.37643285791273
57546.72214170137,6.490669524232402,0.15956417516919194,111.3805628579139
57546.72214170137,6.216248487292133,0.17689297784973723,111.3805628579139
57547.51201601423,6.161792827937139,0.15585269942326674,112.17043717077468
57547.51614601423,5.938589149588619,0.15117419437491353,112.17456717077584
57549.3997333525,7.250634654480169,0.21978170782454748,114.05815450903901
57551.701683069245,6.658030610707324,0.3264918637369807,116.36010422578693
57553.35740019187,6.103861393797717,0.2864255029173723,118.0158213484101
57553.36153019187,5.460865366840351,0.28350279370392956,118.01995134841127
57553.549351159054,6.8899599612655615,0.18835399517247015,118.20777231559623
57554.187323753176,5.296137896467448,0.440294343216266,118.84574490971863
57554.19145375318,7.1513744660416965,0.4200229646151488,118.8498749097198
57555.019855876795,6.831734844626729,5.212957585357745,119.67827703333751
57555.20919828168,7.409986865690784,0.24868613238149087,119.86761943822057
57555.506527814985,7.833062230680391,1.2834398682032608,120.16494897152734
57555.8471708758,6.339172238520176,0.17901501279323898,120.50559203234297
57555.8513008758,6.207409919459163,0.18105960050280642,120.50972203234414
57556.01225967796,6.552362764327495,0.14702822323708506,120.67068083450431
57556.54262655993,6.912805848079097,1.1913854341600603,121.20104771647311
57556.8690454043,6.741517468664002,0.25652255498380155,121.52746656084491
57560.18873964955,6.423503419090703,0.2591866117420424,124.8471608060936
57561.01866321087,6.401527325340171,0.19175596235247552,125.6770843674094
57561.0231958768,8.017487128512684,0.7857961563847395,125.68161703334044
57562.51169955993,7.053093401979304,0.3515129652442924,127.17012071647332
57563.269091373506,5.676304058126021,0.14762572760899234,127.92751253004826
57563.27322137351,5.909078505528242,0.1343861400801671,127.93164253004943
57564.97633005024,6.369954121293821,0.16384643443521485,129.6347512067805
57564.98046005024,6.23135615380436,0.16406131500496596,129.63888120678166
57565.75705064076,5.520138642730727,0.14306256461247657,130.4154717972997
57565.76118064076,5.452990633264634,0.13485558567773215,130.41960179730086
57566.82300164235,4.772806537909385,4.045323034830787,131.48142279888998
57567.38554947712,9.215045901298183,2.3328630565132293,132.04397063366196
57567.658051701364,6.120398810057739,0.16600811301256316,132.31647285790677
57567.658051701364,6.215388377275725,0.14074076872096486,132.31647285790677
57567.658051701364,6.333497435146425,0.2141067743426213,132.31647285790677
57568.29602429549,6.610648402850667,0.2212442590094336,132.95444545202918
57568.30015429549,7.020500546470201,0.21074496026856282,132.95857545203035
57568.45205601423,6.4181359170448244,0.17349456220976536,133.11047717076872
57569.95587141811,6.055352603373157,0.4177604657857159,134.61429257465352
57569.96000141811,6.748579577166048,0.3773656609218445,134.6184225746547
57572.63759306924,6.395264662072364,0.34283714715600566,137.2960142257798
57572.82634164235,6.072909792593476,0.5859812985861302,137.48476279889292
57573.17854166996,0.2512192935696598,2.8886629236514456,137.83696282649908
57573.27556566336,5.963182720004764,0.3178180837044727,137.9339868199022
57573.27969566336,6.036293781208769,0.3191082789021905,137.93811681990337
57574.29744019186,6.019833503911243,0.32624741595052736,138.95586134840414
57575.12736375317,6.190781405396754,0.4600251517213534,139.78578490971267
57576.389016477115,9.158007684757518,1.1183564600294817,141.04743763365695
57576.49010581499,9.382989613395665,0.6749683763437485,141.148526971534
57576.787210875795,6.198322862972196,0.198779360652391,141.44563203233702
57579.18188166996,6.870452048589708,0.45483467020761975,143.840302826502
57582.48896681499,5.492171906205258,0.7544646517797899,147.14738797153404
57584.2091313735,6.050127705998733,0.14468359704703115,148.8675525300423
57585.91637005023,6.470947989076838,0.19500411704912457,150.57479120677453
57586.45216955993,7.706886341853854,0.34886603026504315,151.1105907164747
57586.69709064075,5.980848596567515,0.15919673910919002,151.35551179729373
57589.23606429548,6.673897190446275,0.22288872748691937,153.89448545202322
57590.75330694722,5.714225268584902,0.2168019303410068,155.41172810376156
57590.75330694722,5.781080489394904,0.19029861066275594,155.41172810376156
57590.757442947215,5.588871729566147,0.191373069568631,155.41586410375749
57590.757442947215,5.681991501408651,0.16821251093088027,155.41586410375749
57590.895911418105,5.4559458215221595,0.4271424849799054,155.55433257464756
57594.215605663354,6.8775010501207445,0.3666304686847941,158.87402681989624
57594.76944794722,5.6055855347686485,0.20534103534500642,159.42786910376162
57594.77361894722,5.410989088482393,0.1880303085281309,159.43204010376212
57595.45563655993,5.000395325571558,0.7361126177291993,160.1140577164697
57597.37259447712,7.57723425491621,0.5883084620337239,162.03101563366363
57603.37145547712,4.939624155742853,0.6775325293366224,168.02987663366366
57603.52306481499,6.4601265555397,0.5974720072079847,168.1814859715305
57612.447079814985,5.444674131573661,0.6939674861963873,177.10550097152736
57616.439214559934,6.3860657872085085,0.39227576392472985,181.09763571647636
57622.438075559934,4.452479784866975,0.3856584264766069,187.0964967164764
57624.40555347712,6.247428977853831,0.4946028205740587,189.0639746336601
57626.3376678586,5.0933376751001935,0.27249614823615464,190.99608901514148
57626.3376678586,5.448697204513081,0.22952995058896017,190.99608901514148
57626.341803858595,5.627992239807765,0.24035226353017078,191.0002250151374
57626.341803858595,5.820209439808371,0.2154770964712687,191.0002250151374
57628.82743854254,5.618717937511657,0.22167333722613428,193.48585969908163
57628.82743854254,5.358765957001628,0.25595271927141294,193.48585969908163
57628.831574542535,5.398758569387787,0.2272437368084922,193.48999569907755
57628.831574542535,5.491598562427082,0.2041051539279292,193.48999569907755
57630.3579798586,5.306553392747927,0.2548896988243343,195.01640101514204
57632.84775054254,5.394473646632126,0.2172455837119525,197.5061716990822
57633.329568477115,6.288170561097164,0.564678343752591,197.98798963365698
57639.45774481499,2.864495018270293,3.307845020659437,204.11616597152897
57643.47217355993,5.042746285239545,0.29433916969250984,208.13059471647284
57645.46108481499,6.97310252156095,0.6389700629387485,210.1195059715319
57652.39618855993,5.692568822645221,0.35204235224014224,217.0546097164697
57659.621933947215,4.472628310684863,0.20748995315675653,224.28035510375776
57660.340233477116,8.693553635783525,2.6229431292057575,224.9986546336586
57665.344075240275,4.7185061681741285,0.23131212387744376,230.00249639681715
57665.344075240275,4.597461114102061,0.27608221236985225,230.00249639681715
57665.34821124027,5.056769059005659,0.24192429300157037,230.00663239681307
57665.34821124027,5.133044024585319,0.21688620647433451,230.00663239681307
57666.34357347712,4.865474474239987,0.5512336212822911,231.00199463366152
57667.0039223629,4.811310735841958,0.24657714141413198,231.6623435194415
57667.0039223629,4.894896207507766,0.20941145847701415,231.6623435194415
57667.008058362895,5.441186968752151,0.2189640838102493,231.66647951943742
57667.008058362895,5.424768393960653,0.25508494835154466,231.66647951943742
57669.360216240275,5.104855450349357,0.2749215063719011,234.0186373968172
57669.364387240275,4.751669196687024,0.27243427923343394,234.0228083968177
57671.0200633629,5.700898969999481,0.242845647143337,235.67848451944155
57671.0242343629,4.566524711677808,0.21433703091446335,235.68265551944205
57677.79292865996,5.878315121618139,0.28665150918858784,242.45134981650335
57677.79292865996,5.8066085207838976,0.2338334763789762,242.45134981650335
57677.79706465996,5.554760947122173,0.245201596023429,242.45548581649928
57677.79706465996,5.518033175963171,0.28612682674345924,242.45548581649928
57679.40685355993,7.12985451637753,1.6702159719062386,244.06527471647132
57681.80906965996,5.2084705333373025,0.29119875704636883,246.4674908165034
57681.81324065996,5.554760947122173,0.244327125281548,246.4716618165039
57685.41019355993,4.153376132211817,0.35548336771316613,250.06861471647426
57685.46945494722,4.786609079846123,0.2394849516872575,250.12787610376108
57685.46945494722,4.954940975099878,0.22539760158800706,250.12787610376108
57686.469811947216,5.279666333319889,0.25273661152638294,251.12823310375825
57686.469811947216,5.284441706234888,0.26371996923088326,251.12823310375825
57686.47396994722,4.909574932407376,0.20462472940775642,251.13239110376162
57705.3474128768,4.913121774172372,0.7552112760464113,270.00583403334167
57717.15055864235,5.593636372504742,0.5463078565806879,281.80897979889414
57721.0538158586,5.6619129221608135,0.27168851294203444,285.712237015141
57721.0538158586,5.440620851571879,0.2905871788244469,285.712237015141
57722.054172858596,4.345467392744891,0.323538698824551,286.71259401513817
57722.054172858596,4.318007792744805,0.2901025976479748,286.71259401513817
57722.0583308586,4.74928503980499,0.286225948236198,286.71675201514154
57723.3273098768,7.425787328121181,1.161049111304997,287.9857310333391
57723.50609866996,3.67404851595331,0.39500540036199533,288.16451982650324
57723.54358654254,4.890281069049488,0.2622372726463807,288.20200769908115
57723.54358654254,4.688889699533477,0.27994828670310795,288.20200769908115
57724.543943542536,4.3075315742797535,0.2710927796747443,289.2023646990783
57724.543943542536,4.427509411438228,0.2998017621376651,289.2023646990783
57724.54810154254,4.867428147685969,0.25423875016914904,289.2065226990817
57726.40981395583,4.053965351559271,0.28588385820515183,291.0682351123687
57726.41130895582,3.802680770552281,0.2627199353351959,291.0697301123655
57732.3330048768,6.017118320230872,0.7510940806162518,296.99142603333894
57734.21270224027,4.458176394347901,0.30029122318426593,298.87112339681335
57735.13045564235,6.02411601909253,0.9485144755324131,299.7888767988916
57735.872549362895,4.597869263552486,0.27195130245553795,300.5309705194377
57741.48599566996,5.156227775554303,0.7063820423209909,306.1444168265007
57742.52696644232,4.589368822484561,0.2970117078864885,307.18538759885996
57742.52696644232,4.688660527155916,0.36004035519960964,307.18538759885996
57742.53110244231,5.1548998360474965,0.29183127112102647,307.1895235988559
57742.53110244231,4.893719482455454,0.3278784769473663,307.1895235988559
57744.13615064235,5.7258811791895505,0.5654605527212463,308.7945717988914
57744.3471918768,7.1152331585320026,0.7875606687119507,309.0056130333396
57746.54310744232,4.4922356331321485,0.3656524950288601,311.20152859886
57746.54727844232,5.109571014349704,0.3257199616284238,311.2056995988605
57746.66155565996,4.7117711519489,0.3179575617479272,311.31997681649955
57747.51854694722,4.633797146566118,0.21250409471750664,312.1769681037622
57747.51854694722,4.508443607547364,0.23554526903238238,312.1769681037622
57749.166354932815,4.6829045815968575,0.23682614209747646,313.82477608935733
57749.166354932815,4.778699425591343,0.2147401086209702,313.82477608935733
57749.17049093281,4.447408923443748,0.2096842696323724,313.82891208935325
57749.17049093281,4.4700271504980025,0.18507031666156729,313.82891208935325
57749.52430394722,4.199238211301104,0.2975057326045092,314.1827251037612
57750.49169066996,4.86501458917864,0.39930253024041,315.1501118265005
57752.486049178064,4.1971285462511405,0.2550268654024185,317.144470334606
57752.486049178064,4.273691293548507,0.3060686969339962,317.144470334606
57752.49018517806,4.997391547764091,0.26304772464309484,317.14860633460194
57752.49018517806,4.939058026013716,0.3089853730215149,317.14860633460194
57753.186666932816,4.5365513477163955,0.2060919629825791,317.8450880893579
57754.14589630069,4.373496347924724,0.1435642791742557,318.80431745723035
57754.14589630069,4.297276766981302,0.17561826732443497,318.80431745723035
57754.150032300684,4.596934571512293,0.15504942150819614,318.8084534572263
57754.150032300684,4.50296522514369,0.175931498478997,318.8084534572263
57755.0806818724,5.590814639022116,2.3546205411041865,319.73910302894365
57755.0806818724,5.284134684319684,2.4098229329506227,319.73910302894365
57756.0810388724,2.8102497163867795,2.2571644666098596,320.7394600289408
57756.0810388724,2.8784008174317615,2.1890133655648762,320.7394600289408
57756.0851968724,-2.0080331274935665,2.223088916087368,320.7436180289442
57756.15033764235,5.946137184805971,0.5873493483104558,320.8087587988921
57756.502190178064,4.0549405869846025,0.28929780943076355,321.1606113346061
57756.506361178064,4.530723373761095,0.26687586200796315,321.16478233460657
57758.16203730069,4.339040920922902,0.16987569615746465,322.8204584572304
57758.16620830069,4.377672763318884,0.15421413842936413,322.8246294572309
57759.3116308768,6.048291371344938,0.7128629801933416,323.97005203334265
57760.060223240274,4.769908862369117,0.28138829693191564,324.71864439681667
57760.060223240274,4.5576654798865865,0.29946214747144334,324.71864439681667
57761.06058024027,5.323731438534465,0.29531676890733166,325.71900139681384
57761.06058024027,4.6173589312097985,0.3269874611371465,325.71900139681384
57761.064738240275,4.478074211455638,0.2964774749052829,325.7231593968172
57761.6152083525,4.264898362958206,0.1605683851298296,326.27362950904353
57761.6152083525,4.280417983825774,0.19363711574764594,326.27362950904353
57761.6193443525,4.6815404924028945,0.1735809903187899,326.27776550903945
57761.6193443525,4.597973303115994,0.20187445297735468,326.27776550903945
57761.7200703629,4.605332252094075,0.3068780888301788,326.378491519441
57761.7200703629,4.729217861884468,0.2871757990803815,326.378491519441
57762.3048738768,5.3266058295155405,0.657574927274056,326.9632950333398
57762.50587766996,4.177473808632238,0.42971298784150125,327.1642988265012
57762.720427362896,4.205316066264854,0.3071766083718426,327.3788485194382
57762.720427362896,4.638169401677071,0.2862802404553907,327.3788485194382
57762.7245853629,3.8859001566848033,0.24583084255997315,327.38300651944155
57763.49280194722,3.922266582231096,0.20617672560513145,328.1512231037632
57764.20984104684,6.741569247551283,1.2060319262531785,328.86826220338116
57764.20984104684,6.456117904059406,1.1817685620563692,328.86826220338116
57765.210198046836,6.181370985948474,1.1814117478770045,329.86861920337833
57765.210198046836,5.724648836361472,1.2170931658134891,329.86861920337833
57765.21435604684,3.7871478424103615,1.1193260806675212,329.8727772033817
57765.3144258768,5.53599462567794,0.7187446879507119,329.972847033343
57765.6313493525,4.205207513467563,0.19877052880384113,330.2897705090436
57765.6355203525,4.4738163361754575,0.16904448575750103,330.2939415090441
57765.76482615906,4.628861182402367,0.1786757266458215,330.42324731560075
57765.76482615906,4.6958645798945495,0.1481519566771604,330.42324731560075
57765.768962159054,5.498841803808808,0.19420349812813706,330.42738331559667
57767.42467328168,4.681406602454187,0.2064564117884075,332.0830944382251
57767.42467328168,4.664344089083244,0.24285644031308545,332.0830944382251
57767.42880928168,4.463859556974667,0.19053139930886095,332.087230438221
57767.42880928168,4.360062600634764,0.21882673398234087,332.087230438221
57768.22773467797,4.398883518591507,0.14447503852218957,332.8861558345088
57768.22773467797,4.452588438456549,0.12625058210897003,332.8861558345088
57768.23187067796,4.776578774691563,0.11260425001211485,332.89029183450475
57768.23187067796,4.692059556543299,0.13074066557309658,332.89029183450475
57769.08452040431,4.50536321549375,0.2075445015262738,333.74294156084943
57769.08452040431,4.568116346486208,0.2520839188892131,333.74294156084943
57769.0886564043,4.569646910656755,0.19851417292004214,333.74707756084536
57769.0886564043,4.389040338532122,0.22116652264414868,333.74707756084536
57769.78096715906,4.309797384820543,0.17484696107483969,334.4393883156008
57771.11477664235,5.2694085878395756,0.5723008013428743,335.7731977988951
57771.44081428168,4.313140688864672,0.23517830929616118,336.09923543822515
57771.44498528168,4.264796900980333,0.21797360831379387,336.10340643822565
57772.24387567797,4.3398961475921976,0.13875238312673416,336.9022968345089
57772.24804667797,4.55823746114188,0.15195851096240048,336.9064678345094
57772.404214649556,3.8574752193517265,0.25805620284347913,337.0626358060981
57772.404214649556,3.959212020222435,0.21833040440825016,337.0626358060981
57772.40835064955,4.3823079222561745,0.19943642710368992,337.06677180609404
57772.40835064955,4.175604580804577,0.2278581365532848,337.06677180609404
57772.50907665996,5.584492952346126,0.3107869016645031,337.1674978165029
57772.50907665996,5.434083984742597,0.3281014223537467,337.1674978165029
57773.10066140431,4.682908659277288,0.2448902672876387,337.7590825608495
57773.10483240431,4.433426699478006,0.24764528279462464,337.76325356085
57773.23413821087,4.543750443019423,0.14686250763701358,337.8925593674139
57773.23413821087,4.552774253012481,0.1721291756175752,337.8925593674139
57773.23827421087,4.648652234188718,0.17630268773936436,337.89669536740985
57773.23827421087,4.6306046142026025,0.15035923400932355,337.89669536740985
57773.50943365996,5.367624208359642,0.3343976116952896,338.16785481650004
57773.50943365996,5.1332660495355364,0.3060647596583458,338.16785481650004
57773.51359165996,4.615579370341992,0.2891000272658546,338.1720128165034
57774.10801964235,6.67849980389494,0.5677406355951223,338.7664407988923
57776.420355649556,3.804184514133736,0.2475595487853902,341.0787768060982
57776.424526649556,4.306409039066916,0.268391369916059,341.0829478060987
57777.11757164235,6.0943425716079105,0.5134746631968737,341.77599279889546
57777.25027921087,4.759193906603675,0.17618989011445116,341.908700367414
57777.25445021087,4.778369502838921,0.17630268773936436,341.9128713674145
57777.47031666996,5.109289895343924,0.41483830749314154,342.1287378265042
57779.87352670137,4.501647318539759,0.14557306979292933,344.5319478579113
57779.87352670137,4.787628808484295,0.16570125882954548,344.5319478579113
57779.87352670137,4.758989084735979,0.14105063946045876,344.5319478579113
57779.87352670137,4.402713130806713,0.18581409344734634,344.5319478579113
57779.87352670137,4.53443793295666,0.13452781019986773,344.5319478579113
57779.87352670137,4.406536466062833,0.2067149928474595,344.5319478579113
57779.877662701365,4.829553462708776,0.14143109744553123,344.5360838579072
57779.877662701365,4.594310673183158,0.1663149671955808,344.5360838579072
57779.877662701365,4.718075193666955,0.14217577146485683,344.5360838579072
57779.877662701365,4.263798616501085,0.18097120212293,344.5360838579072
57779.877662701365,4.2739941771840675,0.15930563567159334,344.5360838579072
57780.46355966996,3.9441066013890835,0.39599704571855265,345.1219808265014
57780.66753101423,4.823545446397768,0.14688556474725642,345.32595217077323
57780.66753101423,4.7104815743958985,0.16871858830623812,345.32595217077323
57780.67166701423,4.520417306806548,0.12934117081593172,345.33008817076916
57780.67166701423,4.440492845563846,0.15273369605769793,345.33008817076916
57783.1029078586,5.248403651571272,0.2975328423538808,347.7613290151421
57783.1029078586,5.090107133923714,0.31610845411864535,347.7613290151421
57783.47311166996,5.2203541752783424,0.4039302085710108,348.13153282650455
57783.88966770137,4.81422283767916,0.15670020279436028,348.54808885791135
57783.89383870137,4.6576021478812635,0.2113029951548014,348.55225985791185
57783.89383870137,4.434746498013967,0.15823447370944868,348.55225985791185
57784.68367201423,4.990217188745351,0.16345527012684072,349.3420931707733
57784.68784301423,4.721203148465041,0.1544881354508304,349.3462641707738
57784.85306806924,4.0283021011401345,0.3041464129869212,349.5114892257843
57784.85306806924,4.051061356533714,0.3521477516351972,349.5114892257843
57784.85720406924,4.185547865677591,0.2706282368618319,349.51562522578024
57784.85720406924,4.077958658362489,0.32566425444994124,349.51562522578024
57785.1086648586,3.6589773927427234,0.3745812494129476,349.7670860151411
57785.59267854254,4.287535268086675,0.24838268906974728,350.25109969908226
57785.59267854254,4.224689734336996,0.26466539554125457,350.25109969908226
57786.512915191866,4.445223915169056,0.31711394965851936,351.17133634840866
57786.512915191866,4.246114350003281,0.26103446662558993,351.17133634840866
57786.51705119186,3.694452985965995,0.24495956595165577,351.1754723484046
57786.51705119186,3.4715964084409983,0.27747470595120444,351.1754723484046
57787.342838753175,4.052826675598925,0.3897510392374804,352.0012599097172
57787.342838753175,4.185266349126224,0.476782824698277,352.0012599097172
57787.34697475317,5.209646681102681,0.3792099223648995,352.0053959097131
57787.34697475317,4.9880129417304655,0.4262395207194911,352.0053959097131
57787.59843554254,3.6633648533455614,0.34293665121130706,352.25685669908125
57788.86920906924,4.005542845746556,0.32690566838050034,353.5276302257844
57788.87338006924,3.8607112205146885,0.32462974284114243,353.5318012257849
57789.0026858758,4.383183329700648,0.1566381361940841,353.66110703234153
57789.0026858758,4.441113314805059,0.18287701180019972,353.66110703234153
57789.006821875795,4.346835103752782,0.18492159950976716,353.66524303233746
57789.006821875795,4.459287427778993,0.15743325363669367,353.66524303233746
57789.2653478768,5.863017576987757,0.6669856596858493,353.92376903333934
57789.78530181499,4.349225455596511,0.5394747244999293,354.44372297153313
57790.52905619187,5.172247832012896,0.30944183797323255,355.1874773484087
57790.53322719187,4.704614357862085,0.27235996482767993,355.1916483484092
57791.358979753175,6.031313227067966,0.4484028946567129,356.01740090971725
57791.363150753175,5.177212475340893,0.40164358135013556,356.02157190971775
57792.206922876794,4.756668347826309,0.7534467637192,356.86534403333644
57793.0188268758,4.393406268248485,0.1836721292428093,357.6772480323416
57793.0229978758,4.332068636961463,0.16867848603931465,357.6814190323421
57796.424606373505,4.316001339478095,0.1505678581709535,361.0830275300468
57796.424606373505,4.374843950717319,0.13265547504371936,361.0830275300468
57796.4287423735,4.656077019140078,0.13905893567857602,361.08716353004274
57796.4287423735,4.69242098490548,0.11932935426307176,361.08716353004274
57798.13184505024,4.556362112594524,0.17104493352187677,362.79026620677905
57798.13184505024,4.745457013975494,0.140854213471847,362.79026620677905
57798.13598105023,4.4059457137687525,0.1692184486789924,362.794402206775
57798.13598105023,4.449996230567729,0.1489122348375133,362.794402206775
57798.912565640756,4.575403453992534,0.13205775194997837,363.57098679729825
57798.912565640756,4.553953395413087,0.1505234545531533,363.57098679729825
57798.91670164075,4.4868053859469965,0.14054451425749817,363.57512279729417
57798.91670164075,4.503592388313519,0.11797532218695102,363.57512279729417
57799.0771628586,5.7459069927493145,0.24988236000078914,363.7355840151431
57800.440747373505,4.724438288079763,0.138626269419464,365.0991685300469
57800.444918373505,4.536661131625183,0.1437317312769849,365.1033395300474
57801.06849364235,3.531073404796518,0.5061783980004705,365.7269147988918
57801.451539295485,5.0218388584490175,0.20087814940364812,366.10996045202774
57801.451539295485,5.090147549052273,0.2256716741411261,366.10996045202774
57801.45567529548,5.088882573300362,0.22364771293806654,366.11409645202366
57801.45567529548,5.277363960335269,0.19619773912157318,366.11409645202366
57801.56693354254,5.698703162283974,0.24066982810955964,366.22535469908325
57802.14798605024,4.731489776941673,0.17835087289341423,366.8064072067791
57802.15215705024,4.404871310919998,0.16406131500496596,366.8105782067796
57802.928706640756,4.572605620264779,0.14949758218631026,367.5871277972983
57802.93287764076,4.4522987699713665,0.15630564425717777,367.5912987972988
57803.11138641811,4.564653998074158,0.36746241843908883,367.7698075746521
57803.11138641811,4.494288854117737,0.449555086388247,367.7698075746521
57803.115522418106,4.580290696731142,0.3911780780688457,367.773943574648
57803.115522418106,4.937328649398908,0.3460922636078795,367.773943574648
57804.01006864235,5.036840134704225,0.6101501770492158,368.6684897988889
57805.467680295485,4.5816272967835925,0.2098594772422243,370.1261014520278
57805.471851295486,5.062318082510205,0.20808851118954733,370.1302724520283
57806.43108066336,4.653634594321247,0.2847030736297171,371.08950181990076
57806.43108066336,4.503111821254176,0.3462023780542633,371.08950181990076
57806.435216663354,4.257974733687803,0.2756717072456929,371.0936378198967
57806.435216663354,4.051543502052962,0.31394749811131945,371.0936378198967
57807.12752741811,3.9730655655516536,0.41593618427573464,371.78594857465214
57807.13169841811,4.621988559816427,0.4008207089073182,371.79011957465264
57807.42403366996,4.577767984229205,0.38046126846582146,372.0824548265009
57807.76519881499,3.355272024358458,1.084449191325622,372.42361997153057
57810.365608669956,4.913935760102134,0.4154994043975131,375.024029826498
57810.44722166336,3.903171054315421,0.34813767085083985,375.1056428199008
57810.45139266336,3.675236569385285,0.3240540271601085,375.1098138199013
57810.66779047712,4.2926478138387285,0.4746394447848257,375.32621163366275
57811.395593442314,4.932572758196418,0.38594253902691966,376.05401459885616
57812.38353595582,3.9198198488630074,0.1907358459102064,377.0419571123639
57812.38937895582,4.104251589182023,0.17211674335017857,377.0478001123629
57812.392013955825,4.050593388103517,0.16683888750639114,377.05043511236727
57816.77089381499,4.514717701944497,0.5894723820068737,381.4293149715304
57819.127748876796,5.140743864382622,0.6087567528878783,383.78617003333784
57821.35467617806,4.751297002879698,0.3509125917795966,386.0130973346022
57822.0697488768,5.7130340291748025,0.7575639591493597,386.7281700333406
57822.109315240275,3.766727249854037,0.3138880648745529,386.7677363968178
57822.109315240275,3.5561420187971526,0.33196191541408077,386.7677363968178
57823.014523300684,4.01328052017841,0.20840312816859227,387.67294445722655
57823.7691623629,4.035159927516602,0.2785187323721371,388.4275835194421
57823.7691623629,3.7709701331443197,0.2980717623511028,388.4275835194421
57824.115072240274,4.096699383557343,0.37706363419161826,388.7734933968168
57825.7749193629,4.051578502308102,0.38867244324600475,390.4333405194411
57827.28313318067,4.256835542135232,0.6764983238825654,391.9415543372088
57828.283490180664,4.21767500240252,0.7142882447246304,392.94191133720597
57828.283490180664,4.615154480689529,0.6862884588157429,392.94191133720597
57828.28764818067,4.039494546618687,0.6251980168327153,392.94606933720934
57828.64768747712,5.622045675068676,0.8832775247154524,393.3061086336602
57828.78508081499,4.788204888507482,0.5744730847547903,393.4435019715311
57829.73441055993,3.1483349205909,0.3073091510908309,394.3928317164755
57830.4838353525,3.8315427956561376,0.2169165470489967,395.1422565090397
57830.93089464235,3.6719825264020556,0.4665049559950282,395.5893157988903
57833.87289464235,4.042267985119517,0.5481319228797887,398.53131579889305
57834.55816865996,4.061164919989446,0.32967546968913247,399.216589816504
57834.55816865996,4.120628930437351,0.34629041378487124,399.216589816504
57834.633453159055,4.217268883521813,0.2189841197403254,399.29187431559694
57836.29330028168,3.7770933937942197,0.23830643674750068,400.9517214382213
57836.56392565996,3.7113766232370504,0.4519264794040944,401.222346816503
57837.09636167796,4.037916024416627,0.1647244345368779,401.754782834505
57837.24311444232,3.95044828807758,0.35637087915740734,401.9015355988595
57837.24311444232,3.7173286336317894,0.3792511415381979,401.9015355988595
57837.28643466996,4.388363721126759,0.3427787449166437,401.9448558264994
57837.65338247712,4.3415377137307285,0.4929731572443254,402.31180363366
57837.9531474043,4.49158813795882,0.2888174589823587,402.6115685608456
57838.08357024028,3.773359855556615,0.2555211346918574,402.7419913968188
57838.243471442314,4.716721226302169,0.42091048719378826,402.90189259885665
57838.243471442314,5.606029537706479,0.37795603234683245,402.90189259885665
57838.24762944232,4.332505499530403,0.37903529000630365,402.90605059886
57839.7434173629,3.85157040939349,0.24090527012252375,404.4018385194431
57840.22843466996,3.942123310675969,0.4287213424849439,404.88685582650214
57841.27284164955,4.212746587471661,0.2932603656844544,405.9312628060943
57842.10276521087,4.112863515850918,0.21002917758841744,406.7611863674101
57843.74951981499,3.8097507310965817,0.642969875539304,408.4079409715341
57843.882502932815,4.567152478436856,0.24480904576368354,408.54092408935685
57843.882502932815,4.3981810175021385,0.26277057901264933,408.54092408935685
57844.88285993281,3.65044904076741,0.25984351433504016,409.541281089354
57844.88285993281,3.9591213158607492,0.2864531932223971,409.541281089354
57844.887017932815,4.283759398286504,0.22405349623154514,409.5454390893574
57846.74276281499,5.316680128355884,0.5939721711824986,411.4011839715313
57847.20219717806,4.366660343838166,0.3529178065897657,411.86061833460553
57847.20219717806,4.155201327493059,0.3753397540125659,411.86061833460553
57847.71430755993,4.230401940107969,0.5248872063851143,412.3727287164729
57848.20255417806,4.898953729810334,0.3368760881084127,412.8609753346027
57848.20255417806,4.363014498728768,0.3625792961296715,412.8609753346027
57848.206712178064,3.429678150722775,0.30934995753245476,412.86513333460607
57848.742153701365,4.028676129153907,0.19485240621622477,413.4005748579075
57848.86204430069,4.090544204970373,0.20224291546220594,413.5204654572299
57848.86204430069,4.004927689390089,0.21059574625052635,413.5204654572299
57849.53615801423,3.594463182653306,0.16657427349240955,414.19457917076943
57849.66756947712,4.8728079592237865,0.4929731572443254,414.3259906336607
57849.75231481499,4.571215054927344,0.5894723820068737,414.41073597153445
57849.862401300685,3.618609265430273,0.1989017831468779,414.52082245722704
57849.862401300685,3.3387894340215425,0.1835534565733393,414.52082245722704
57849.86655930069,3.662461627068956,0.19211510813136762,414.5249804572304
57852.0964828768,4.757256518602047,0.7316844450169282,416.7549040333397
57853.72169506924,4.197962004983179,0.3715965698806191,418.3801162257805
57855.38154219186,3.195765726422356,0.31364323246755627,420.03996334840485
57856.21146575317,4.236620508249054,0.49218907243512583,420.8698869097134
57856.3313563525,3.521150378304794,0.23112296922776976,420.98977750904305
57856.3313563525,3.6644084170823374,0.217871600640847,420.98977750904305
57856.72000255993,4.275399834755205,0.31604403652235297,421.37842371647275
57857.3317133525,3.2107579609534507,0.23351060320739547,421.9901345090402
57857.3317133525,3.5402514501418,0.21560334836020245,421.9901345090402
57857.3358713525,3.7897592010126884,0.1972185667170844,421.9942925090436
57857.871312875795,3.663034103108558,0.19832500782804255,422.52973403233773
57860.0332078768,5.317783267879483,1.271625217143568,424.69162903333927
57860.48097415906,3.502565976938526,0.2010101924765493,425.13939531560027
57860.48097415906,3.4344990334544043,0.20866772361851296,425.13939531560027
57861.481331159055,3.1601041675340356,0.1835680382087429,426.13975231559743
57861.481331159055,3.3270808882685237,0.19835132749670076,426.13975231559743
57861.48548915906,3.217535651098763,0.20600885863866444,426.1439103156008
57862.14082128168,3.8467653233922365,0.26873458559234864,426.7992424382246
57862.14082128168,4.041562351043832,0.24854394477006636,426.7992424382246
57862.943882677966,3.8908878011795416,0.174496969135271,427.60230383450835
57862.943882677966,3.9965368238648726,0.16560484305925566,427.60230383450835
57863.14117828168,3.7131089686531844,0.29944710966004545,427.7995994382218
57863.14117828168,4.151046811840716,0.27129396259799005,427.7995994382218
57863.14533628168,3.081795973928302,0.2323345570676707,427.80375743822515
57863.80066840431,3.5824330206534607,0.2771851712861961,428.45908956084895
57863.80066840431,3.711000410979472,0.26187952958071864,428.45908956084895
57863.89962864235,5.289473317129684,0.5390115913842848,428.55804979889217
57863.94423967796,4.398883518591507,0.1737926423173688,428.6026608345055
57863.94423967796,4.420013323128573,0.17969137941729976,428.6026608345055
57863.94839767797,3.9357886358208076,0.15900177914142244,428.6068188345089
57864.63200847712,4.723693764553189,0.5096772063740918,429.29042963366373
57864.801025404304,3.437029424451426,0.26019590899311595,429.4594465608461
57864.801025404304,2.9151070422946455,0.28897051539941365,429.4594465608461
57864.80518340431,3.287034135737747,0.28361354080249657,429.4636045608495
57865.2932333735,3.78468717328864,0.16285557992973246,429.951654530043
57867.00047205023,3.353030921988356,0.2067151081005596,431.65889320677525
57867.120362649555,3.834867041380459,0.2821177636843292,431.77878380609764
57867.120362649555,3.5264268990581518,0.3037570197425433,431.77878380609764
57867.62525147712,3.6827463126860387,0.457527979822626,432.2836726336609
57867.78119264075,3.7379185581515677,0.16898915715632826,432.43961379729444
57867.95028621087,4.245964713248519,0.20427649871784317,432.60870736741344
57867.95028621087,4.095943872113935,0.2173610232077768,432.60870736741344
57868.12071964955,3.5764878645659612,0.2864779122930737,432.7791408060948
57868.12071964955,3.1130202161549554,0.3150611087281776,432.7791408060948
57868.124877649556,3.108175606589685,0.28615493832205574,432.7832988060982
57868.73418955993,4.203138509821702,0.32186729347670145,433.3926107164734
57868.95064321087,4.483967701815415,0.20190774859466554,433.6090643674106
57868.95064321087,4.094815895864802,0.21713542795795038,433.6090643674106
57868.95480121087,3.8365093348135275,0.19130477185282277,433.613222367414
57869.0275998768,6.427661521695355,3.306107930418129,433.6860210333398
57870.25516866996,2.9713025066063623,0.3953359488141811,434.91358982650127
57870.32016629548,3.890950536239562,0.24034539286330694,434.97858745202393
57870.440056894804,2.148521645032437,1.0593096320854871,435.0984780513463
57870.63480347712,5.191814556019081,0.5467520471255242,435.29322463366407
57871.4404138948,2.318691867054205,1.0629561368430966,436.0988350513435
57871.4404138948,2.7046136205678475,1.0310492202140156,436.0988350513435
57871.444571894805,1.6623210106845365,0.9572074988724284,436.10299305134686
57871.83635364235,3.3650833715783466,0.9640190390747699,436.49477479889174
57871.980013418106,3.444023927657078,0.4873437748092881,436.6384345746483
57873.70323681499,4.559215617125677,0.5814727568057625,438.3616579715308
57874.58967470137,4.1426763817652565,0.16076030173338907,439.2480958579108
57874.58967470137,4.019105160109517,0.21640077549629239,439.2480958579108
57874.58967470137,3.8801906458038884,0.23080200496100442,439.2480958579108
57874.58967470137,3.4957726979798753,0.21336594192495795,439.2480958579108
57874.58967470137,3.5643034655204904,0.20017121205519783,439.2480958579108
57874.58967470137,4.073643509308622,0.17068377714903035,439.2480958579108
57875.299707663355,3.765550233225528,0.39049907984257276,439.95812881989696
57875.38367901423,4.324504907906756,0.1930858020997445,440.04210017077276
57875.38367901423,4.477531010529978,0.18148700833403547,440.04210017077276
57875.590031701366,3.1227156912184717,0.15937964428425636,440.248452857908
57875.590031701366,3.298749515982892,0.17404912968129133,440.248452857908
57875.590031701366,3.7119638945346862,0.25208523788672926,440.248452857908
57875.590031701366,3.9642367507201954,0.19086330183699496,440.248452857908
57875.590031701366,3.513150461216537,0.22761589224757256,440.248452857908
57875.590031701366,3.6993193060482676,0.20436488588977275,440.248452857908
57875.59418970137,3.6717024295766776,0.1775662872395623,440.25261085791135
57875.59418970137,3.171038701938117,0.15679091156713254,440.25261085791135
57875.59418970137,3.595989391765766,0.223665112482917,440.25261085791135
57876.38403601423,4.112022803627382,0.21004538290002492,441.0424571707699
57876.38403601423,4.109098737972161,0.2018579990654068,441.0424571707699
57876.38819401423,4.477531010529978,0.15965398477505374,441.0466151707733
57876.644811814986,4.6862096671933156,0.7034670411227066,441.3032329715279
57877.04231852573,3.5168563002578663,0.5972400555707496,441.7007396822737
57878.04267552573,3.7124307392152356,0.5983470806969233,442.7010966822709
57878.04267552573,3.4430546251796166,0.6225171292850507,442.7010966822709
57878.04683352573,2.8747817270770812,0.6051737356416617,442.70525468227424
57878.19189366996,3.7692464701828112,0.717620689695307,442.85031482650083
57878.997482876795,5.405420713464309,0.7458005436346181,443.6559040333377
57879.007173876795,5.112511667147243,0.7940305472450587,443.665595033337
57879.56921606924,3.3393173696799665,0.43366726640856246,444.22763722578384
57879.56921606924,3.7034654559772324,0.4075975738668264,444.22763722578384
57880.56957306924,2.6896440793541623,0.4404950430266362,445.227994225781
57880.56957306924,3.2710396034992284,0.4255980758599298,445.227994225781
57880.57373106924,3.417940251948694,0.3482166075217608,445.2321522257844
57880.83074564235,7.211583179807147,2.4063994650887235,445.48916679889226
57881.229063191866,4.918337469095073,0.3063364594339498,445.8874843484082
57881.229063191866,4.834309579208599,0.3288047865122896,445.8874843484082
57882.01823706024,3.3415931906209426,0.631283686072822,446.67665821678384
57882.019661876795,3.71090070856578,0.6199319976268828,446.6780830333373
57882.058986753174,4.282568966411587,0.4775936798423217,446.7174079097167
57882.058986753174,3.917684151591477,0.5108387407481539,446.7174079097167
57882.22942019186,5.004192052239949,0.33099681842237155,446.88784134840535
57882.22942019186,4.295435067980124,0.36954004617464553,446.88784134840535
57882.23357819187,4.3959031971922125,0.3083458220181916,446.8919993484087
57883.01859406024,3.4500611779186796,0.6030820093754109,447.677015216781
57883.01859406024,3.612763158865283,0.6245948268561284,447.677015216781
57883.02275206024,3.4862171736845906,0.6065168289731726,447.6811732167844
57883.05934375317,4.890710324445103,0.489756507002992,447.7177649097139
57883.05934375317,3.896061347750285,0.544354086702001,447.7177649097139
57883.063501753175,4.006878217436394,0.47948567517842566,447.72192290971725
57883.698628559934,4.16052285665579,0.33404319438124774,448.35704971647647
57883.7188338758,3.5869300050302138,0.20911588740631523,448.37725503234105
57883.7188338758,3.4313141626909136,0.22433670702198402,448.37725503234105
57884.719190875796,3.4040529932300143,0.23251505786025392,449.3776120323382
57884.719190875796,3.5880658870910835,0.21536323874110475,449.3776120323382
57884.7233488758,3.04625014405571,0.18094601229671936,449.3817700323416
57886.69187155993,3.613136702947058,0.28851591273816163,451.35029271647363
57887.18628566996,5.370092624118497,1.672575168059997,451.84470682650135
57889.52829880499,4.272368486155045,0.6830661162545073,454.1867199615299
57889.701423559934,3.3944998736610748,0.32874932442274907,454.3598447164768
57890.076808955826,3.9186469920088323,0.1719701362434067,454.7352301123683
57890.528655804985,3.6760573570816986,0.7255118737059089,455.18707696152705
57890.528655804985,3.916238228514019,0.695903369727614,455.18707696152705
57890.53281380499,2.415107782062011,0.634201732066552,455.1912349615304
57890.80062864235,5.152668344697126,0.6101501770492158,455.4590497988902
57890.81031964235,4.287148885773798,0.5704767350437734,455.4687407988895
57891.140754373504,4.020922950763756,0.1733261034002412,455.79917553004634
57891.140754373504,3.921409711168011,0.1831908941079934,455.79917553004634
57892.1411113735,4.264946720902888,0.17955649753145317,456.7995325300435
57892.1411113735,4.261485390829992,0.18431582638168445,456.7995325300435
57892.145269373505,3.7725725180335057,0.1534234554810923,456.8036905300469
57892.847993050236,3.3272452536182238,0.19618596018275564,457.5064142067786
57892.847993050236,3.4099742729723976,0.18769817767758712,457.5064142067786
57893.628713640755,3.605487761704556,0.18064679768863556,458.28713479729777
57893.628713640755,3.6782314386261548,0.17057459626872207,458.28713479729777
57893.82280764235,5.102962538046629,0.5134746631968737,458.4812287988898
57893.84835005023,3.427164718552486,0.19597107961300442,458.50677120677574
57893.84835005023,3.2047633288600963,0.17942527574216974,458.50677120677574
57893.85250805024,3.451875984073863,0.1940371544852445,458.5109292067791
57894.58572547712,4.700471062104489,0.4811580981037589,459.2441466336604
57894.62907064075,3.698748885963015,0.18978638786596466,459.28749179729493
57894.62907064075,3.690355384779754,0.18344463141638945,459.28749179729493
57894.633228640756,3.726727223240553,0.16022261147603298,459.2916497972983
57896.167687295485,3.1231102548288927,0.2564105849125911,460.82610845202726
57896.167687295485,2.884029837717498,0.272855269687449,460.82610845202726
57897.15616866996,3.4152290778918517,0.4247547610587147,461.8145898264993
57897.165859669956,3.009315578607726,0.41219391987565507,461.8242808264986
57897.16804429548,3.118050351821245,0.2739937478641699,461.8264654520244
57897.16804429548,3.5721766467577023,0.2579285558148857,461.8264654520244
57897.172202295485,3.4646537078451702,0.2195997905319478,461.8306234520278
57897.527300477115,5.48556137120351,0.5312702454930581,462.1857216336575
57897.82753441811,2.1175106582563954,0.455549154206757,462.4859555746516
57897.82753441811,2.2895143434832037,0.4909923378292504,462.4859555746516
57898.82789141811,4.291011771576964,0.5144473858147244,463.48631257464876
57898.82789141811,4.496894970560567,0.4605007754481348,463.48631257464876
57898.83204941811,2.904557823991182,0.4797860371250796,463.49047057465214
57899.29220644232,2.335878829508586,0.41853612034295146,463.9506275988606
57899.29220644232,2.437329049498883,0.3965192640897379,463.9506275988606
57900.17834766996,2.7759153165193537,0.3388121634904144,464.8367688264989
57901.14722866336,3.38924330055785,0.3771670627994893,465.8056498199003
57901.14722866336,3.483857615057152,0.35136315884513425,465.8056498199003
57901.29796344232,3.520903739608021,0.5074669514833826,465.9563845988596
57902.147585663355,3.3333348419900815,0.3601794926962056,466.80600681989745
57902.147585663355,3.2215179248545427,0.4042611619515621,466.80600681989745
57902.15174366336,3.0172370185492325,0.37630693266767745,466.8101648199008
57903.56563781499,5.45467366307505,0.5559739514772208,468.2240589715293
57905.931594932816,3.6757282357103995,0.2329677386588097,470.59001608935796
57905.931594932816,3.476155644055222,0.2482683040190399,470.59001608935796
57906.50763781499,4.279728711661859,0.5729731550295819,471.16605897153204
57907.937351932815,3.011816747470845,0.3234406468758232,472.59577308935695
57909.251289178064,4.036711361437611,0.36367304966249103,473.90971033460664
57909.251289178064,4.270045448439109,0.3428917325389201,473.90971033460664
57910.91113630069,3.1362332874047754,0.2115354397142124,475.569557457231
57910.91113630069,3.2970252800799416,0.20172086353793603,475.569557457231
57911.25704617806,3.015874730806057,0.4786994628640107,475.91546733460564
57912.91689330069,2.9994556832460297,0.26447150483519255,477.57531445723
57913.65234555993,4.07873256579699,0.31472056903272866,478.31076671647315
57915.26646144232,4.906670574369108,0.3235614463094813,479.9248825988616
57916.59392055993,3.4410859292958604,0.34913072376296805,481.25234171647026
57918.3804483525,3.7049981947359756,0.2450906280085801,483.03886950904416
57918.3804483525,3.8709387563199624,0.2314811143247136,483.03886950904416
57920.3862053525,3.7217116325933546,0.3113474709431939,485.04462650904316
57921.90584993282,3.257956277178896,0.2209933831594991,486.56427108935895
57922.53006615906,3.2866661405748254,0.2249399772951861,487.1884873156014
57922.53006615906,3.492994063011072,0.21579348176450716,487.1884873156014
57924.0180848768,4.7866650573889,1.8350928202996912,488.67650603334187
57924.18991328168,3.4258899935756477,0.2720049006551127,488.8483344382257
57924.18991328168,3.549593215514984,0.25394707400419825,488.8483344382257
57924.44812647712,4.0502353935409,0.44449067318475954,489.1065476336589
57924.53582315906,2.5974883377980844,0.26195137781467764,489.1942443156004
57924.99297467797,3.4383578206773766,0.19087256765149724,489.65139583450946
57924.99297467797,3.5079100939452186,0.17106337589799775,489.65139583450946
57925.225544178065,4.645567494707144,0.2925790700292219,489.88396533460764
57925.84976040431,2.9166376064651938,0.2863685563094825,490.50818156085006
57925.84976040431,2.9135764781240985,0.3027455929343434,490.50818156085006
57926.19567028168,3.215452328667354,0.3381221399675159,490.8540914382247
57926.998731677966,3.705121602957836,0.20134942906779252,491.65715283450845
57927.39012647712,4.244980161444031,0.5133439488659918,492.04854763366166
57927.85551740431,3.0559189459850384,0.34299943061974897,492.51393856084906
57929.16945464956,3.3520209547083666,0.30133471495990743,493.82787580609875
57929.16945464956,2.998364456443523,0.3244273538877031,493.82787580609875
57929.99937821087,3.8116938573326187,0.24499644131151593,494.65779936741455
57929.99937821087,3.90418790976146,0.22773840469979312,494.65779936741455
57931.175211649555,3.8849280068882672,0.3564017770184972,495.83363280609774
57932.00513521087,3.5906105125027046,0.2691351330429451,496.66355636741355
57934.3547033525,4.348465552245106,0.17453604391064018,499.01312450904516
57935.82123064235,4.231058847076449,1.5372318735671946,500.47965179889434
57936.53437181499,4.793204654258177,0.5364748650495127,501.19279297153116
57936.63876670137,3.4988412398100524,0.1945455520332071,501.2971878579119
57936.63876670137,4.182234131037228,0.2560360176513848,501.2971878579119
57936.63876670137,3.7474631869510198,0.16283128790708803,501.2971878579119
57936.63876670137,4.285464182952422,0.23997800957568818,501.2971878579119
57936.63876670137,3.594727956640715,0.1744805851341453,501.2971878579119
57936.63876670137,3.388373733923689,0.2094791222734007,501.2971878579119
57937.43277101423,3.8527556488644734,0.1984465891343159,502.09119217077387
57937.43277101423,4.031123653832941,0.17875788038916263,502.09119217077387
57938.50432115906,7.16541837317787,0.17516602487242156,503.1627423156024
57938.64452370137,3.248700683451831,0.19501786468999424,503.3029448579109
57938.64452370137,2.882300143957027,0.2845835875637343,503.3029448579109
57938.64452370137,3.2584721297795394,0.2524387078958754,503.3029448579109
57939.43852801423,4.016503325556837,0.24152782312123514,504.09694917077286
57940.164168281684,4.048671731615059,0.2255095517192936,504.8225894382267
57940.96722967797,3.5404852092731955,0.14341854829533623,505.62565083451045
57941.61830806924,3.2875917892400133,0.41152871798026275,506.27672922578495
57941.61830806924,3.492425087782225,0.3666309141583839,506.27672922578495
57941.82401540431,3.4400905527925207,0.23601299509846183,506.48243656085106
57942.17677066996,4.537110524610355,1.0547801109247925,506.83519182650343
57943.27815519187,4.284474908429714,0.34086096201774024,507.9365763484093
57943.27815519187,4.335622319664959,0.32277669875956433,507.9365763484093
57943.51474655993,4.122406992954602,0.2948685566883597,508.17316771647165
57943.62406506924,3.4117331822958996,0.5158074881472071,508.28248622578394
57944.108078753176,2.7878926508892112,0.48948622195497715,508.7664999097178
57944.108078753176,3.074394801785,0.4627280022015024,508.7664999097178
57944.47109681499,2.0221844822508017,0.8719591469211091,509.12951797153073
57945.14370964956,4.162685621963852,0.2648386562348597,509.80213080609974
57945.283912191866,3.363821506195303,0.4402330752747878,509.9423333484083
57945.7679258758,3.5301359019866734,0.2316063522115573,510.42634703234216
57945.7679258758,3.6925670366911985,0.21661270900806268,510.42634703234216
57945.97363321087,3.292824782731801,0.17077560411861642,510.63205436741555
57946.113835753174,3.185211671471107,0.6576035218202426,510.7722569097168
57946.45674655993,3.616842411918007,0.3229260674684011,511.1151677164744
57947.7736828758,3.9924399007610916,0.28862763166727173,512.4321040323412
57952.61302170137,4.071635714776383,0.16917893957041247,517.2714428579129
57952.61302170137,3.7591183626934774,0.19511754257056738,517.2714428579129
57952.61302170137,3.8527383174473884,0.1433295014380887,517.2714428579129
57953.189846373505,4.2363907478015,0.16173064765604145,517.8482675300475
57953.189846373505,4.05986291408383,0.17981609728692025,517.8482675300475
57953.40702601423,3.3663860615460863,0.15945904706470568,518.0654471707749
57953.46548881499,0.9943826368805471,2.7443714205561744,518.1239099715312
57953.87673694722,3.8184022213298427,0.3087278589547597,518.5351581037612
57954.84772494722,4.0774662019686,0.1966259797751312,519.5061461037621
57954.89708505024,3.5421258233693247,0.2278808442210431,519.5555062067797
57954.89708505024,3.6882446108000737,0.218103778297368,519.5555062067797
57955.195603373504,3.8063204862442364,0.2100162021729334,519.8540245300464
57955.67780564076,3.87221457708375,0.20349577313195819,520.3362267972989
57955.67780564076,3.916047305485226,0.1832581091678724,520.3362267972989
57956.902842050236,3.445429566981329,0.26290637709047265,521.5612632067787
57957.41686047712,5.145776566954115,0.4668985439685925,522.0752816336608
57957.59256306924,3.904160708084248,1.0506499898963169,522.2509842257859
57957.683562640756,4.019567153412116,0.21888385863460397,522.3419837972979
57958.216779295486,3.947874445075609,0.26336795154810794,522.8752004520284
57958.216779295486,4.045277577972843,0.24692326677325008,522.8752004520284
57959.08803495582,3.8828748579564953,0.2270944083896307,523.7464561123634
57959.25241019187,2.1892577410430696,0.2840508016814502,523.9108313484103
57959.87662641811,4.228464976949034,0.4513793678982283,524.5350475746527
57959.87662641811,3.8219108118674883,0.480567872057929,524.5350475746527
57960.08233375318,3.528473682450026,0.44299719369641494,524.7407549097188
57960.08808295582,3.5943520718294497,0.2514311881137616,524.7465041123651
57960.11298595582,3.687447584629589,0.2678511840722115,524.7714071123628
57960.222536295485,4.210989401473334,0.3330681154784669,524.8809574520274
57961.7421808758,4.119658691578622,0.1777655425262811,526.4006020323432
57961.88238341811,2.9488618035192986,0.6166071503736765,526.5408045746517
57963.19632066336,3.2946289860585494,0.42296899231846946,527.8547418199014
57963.19632066336,3.503210543022919,0.39802521849592626,527.8547418199014
57963.43537181499,4.462220161562206,0.695967392496665,528.0937929715292
57963.445062814986,5.595667057244633,0.6294705080124291,528.1034839715285
57965.20207766336,3.2795767087518417,0.4840382316771097,529.8604988199004
57965.35358547712,6.050239714956101,0.7659417649746544,530.0120066336603
57966.45755081499,4.540216507273039,0.5994719135082626,531.1159719715288
57969.164101373506,3.601236679425179,0.15229852320740123,533.8225225300484
57971.65206064076,3.219386707274535,0.14772562082539945,536.3104817972999
57974.19103429549,4.405795667267805,0.22617766444189094,538.8494554520294
57974.34797747712,5.389411234749245,2.196786168480498,539.0063986336609
57975.85088141811,3.5769358662414295,0.4227120870270938,540.5093025746537
57976.48348055993,4.541152106671824,0.31101486006177975,541.1419017164735
57979.17057566336,4.333236120221338,0.32168866929762574,543.8289968199024
57984.31786047712,4.669100043007123,0.5345295721525248,548.9762816336588
57984.327551477116,3.7919337557781705,0.5308628296606248,548.9859726336581
57984.42020555993,5.1327420745340175,0.49206521264242403,549.0786267164731
57987.340039477116,4.156570925805998,0.44978707900639275,551.9984606336584
57989.4610978586,4.195247228038534,0.400587105883618,554.1195190151411
57990.4320858586,4.066025580979303,0.24729792705960435,555.0905070151421
57991.95086854254,4.286106960501454,0.37093147988161795,556.6092896990813
57992.92185654254,4.100426974422863,0.2272437368084922,557.5802776990822
57993.41459755993,4.629559734978747,1.5691030556989194,558.0730187164736
58000.55528894722,3.8769005395385943,0.19961058784700625,565.2137101037588
58000.559431947215,3.7599039031210904,0.21214594174888166,565.2178531037571
58003.38448055993,4.60335507868418,0.34674848228164384,568.0429017164715
58003.39417155993,4.0514691355107235,0.3507188847505176,568.0525927164708
58006.40665955993,4.211873395253225,0.30069181364270764,571.0650807164711
58008.45597381499,4.862201421617761,1.5769261177690237,573.1143949715333
58010.243671924625,4.076410786584851,0.37041684555900173,574.9020930811675
58010.24516692462,4.108397742331417,0.3864103234322849,574.9035880811643
58028.467505240274,3.2344606422220696,0.42282861353941364,593.1259263968168
58029.33846247712,5.3731146014519116,1.2022841215107472,593.996883633663
58029.438493240275,3.87948154679788,0.26331444639238777,594.0969143968177
58030.1273523629,3.908289122309573,0.3540441764130275,594.7857735194411
58031.0983403629,4.47547625147041,0.23777081493505597,595.7567615194421
58035.44223981499,5.281181791525953,2.7833695934115905,600.1006609715332
58036.1396498586,3.8027364750961183,0.24665181882430834,600.7980710151387
58036.143792858595,3.5636764280365396,0.27604974353028355,600.802214015137
58038.48395894722,4.085823104569851,0.19650659545225616,603.1423801037599
58038.62942054254,4.12327989578638,0.2271009060499702,603.2878416990789
58038.633563542535,3.824763610475414,0.24066982810955964,603.2919846990771
58040.91635865996,4.269288956557119,0.3908884216208016,605.574779816503
58041.88734665996,4.3392466159076,0.2530718327003579,606.5457678165039
58045.48082894722,4.249379626908605,0.2896263672947591,610.1392501037626
58048.40508255993,5.6687464078319785,0.8067857816751527,613.0635037164757
58049.2500793063,2.9857009617973524,0.3512610754606289,613.9085004628432
58049.2515743063,3.8448350949819954,0.39026852085708547,613.90999546284
58056.32472847712,7.923537712484538,2.451013647918894,620.9831496336628
58058.50118594722,4.100149223314851,0.2963118893757593,623.1596071037638
58073.577744947215,4.004641765014848,0.2621679730335082,638.2361661037576
58073.58602494722,4.568135768984866,0.2511846153290079,638.2444461037594
58074.0683198586,3.5830596750954244,0.24568265647136395,638.7267410151399
58075.14605724027,4.280754191803911,0.2648067826754681,639.8044783968144
58075.15020024027,4.403457397301624,0.2789010697934485,639.8086213968127
58075.39134855993,8.151571418367718,1.4277567278070127,640.0497697164756
58076.55809054254,4.277537114990136,0.23010035197893206,641.21651169908
58076.8059043629,4.590406275010896,0.2523982724765723,641.4643255194387
58076.810047362895,4.626228620010528,0.24777121958078652,641.468468519437
58081.0651898586,4.196862498626774,0.35794396235407155,645.7236110151425
58083.40666495582,4.779230708759726,0.511365588420292,648.065086112365
58083.55496054254,3.9276017566112498,0.33736625162894945,648.2133816990827
58087.59491065996,4.536877003572703,0.28402809696294484,652.2533318165006
58087.59905365996,4.800967167620762,0.302741770839198,652.2574748164989
58094.0855468586,4.313161980980083,0.35422884000111865,658.7439680151438
58096.21739392462,4.4012166026533786,0.22845004814059966,660.8758150811627
58096.22323692462,4.296765370616751,0.26438601076945806,660.8816580811617
58096.225871924624,4.575170355818346,0.24858998324028955,660.8842930811661
58096.57531754254,3.8176220725493146,0.34093702059199926,661.2337386990839
58105.65039644232,3.2381382328265538,0.5255984801624994,670.3088175988596
58106.62138444232,4.248323402091645,0.32399314937326984,671.2798055988605
58109.162105858595,4.398771322156824,0.3768426282364842,673.8205270151375
58109.1703858586,4.0692561221557835,0.36440504470703317,673.8288070151393
58111.651876542535,4.458932178313066,0.3123708688876005,676.3102976990776
58111.66015654254,4.034724825502745,0.29465985483087315,676.3185776990795
58112.289784932815,4.692217969207432,0.33914035741936366,676.948206089357
58113.07472724027,4.527818754224981,0.26464096753290356,677.7331483968155
58113.260772932816,4.7680555540364,0.21354267307103902,677.9191940893579
58114.7345743629,3.663503098145423,0.25224901270574035,679.3929955194399
58115.60947917806,3.905460937499268,0.43586078282857943,680.2679003346057
58116.580467178064,4.866141123825748,0.29020927070811314,681.2388883346066
58117.26932630069,4.146925812791536,0.25893775443793027,681.92774745723
58118.24031430069,4.339040920922902,0.16977128577261075,682.8987354572309
58120.071597240276,3.3472149391659127,0.37540548276597346,684.7300183968182
58121.7314443629,3.120197532317674,0.3731494270794978,686.3898655194425
58124.7386383525,5.057592844193946,0.2714739834834444,689.3970595090432
58125.52358065996,4.666298673371089,0.28385320281456866,690.1820018165017
58125.7096263525,4.670796139494579,0.18229585434442377,690.3680475090441
58126.48028694722,4.397416187273611,0.15854238077800498,691.138708103761
58126.48855794722,4.005835608243598,0.1758531075948805,691.1469791037598
58128.88825615906,4.2991619249011475,0.26971526355583547,693.5466773156004
58129.85924415906,4.102405916392356,0.17708040765791236,694.5176653156013
58130.54810328168,4.539218991029664,0.35205652588711916,695.2065244382247
58131.351164677966,4.71935222073701,0.2433449155852114,696.0095858345085
58131.51909128168,4.279015662122786,0.2222392366565296,696.1775124382257
58132.20795040431,4.6721947100834536,0.4014669819346727,696.8663715608491
58132.32215267797,4.562639503753769,0.1593539425503736,696.9805738345094
58132.52045065996,4.381221211517887,0.4209702151415074,697.1788718165044
58133.09195424028,3.876165243946591,0.36943613763365235,697.7503753968194
58133.17893840431,4.914023849029997,0.24733916996051508,697.83735956085
58134.7518013629,3.915752110851163,0.35777567068382243,699.4102225194438
58135.223801306296,4.194931769087506,0.232492137238582,699.8822224628384
58135.229644306295,4.520265507707506,0.24821155553267646,699.8880654628374
58135.2322793063,4.145832845280026,0.26684197721456615,699.8907004628418
58135.527644649555,3.2874261605047423,0.430201329396138,700.1860658060978
58136.35756821087,4.621580804209545,0.27454941903877983,701.0159893674136
58136.49863264956,4.485659592981973,0.2732359794813308,701.1570538060987
58137.32855621087,4.631732590451735,0.18735685498086002,701.9869773674145
58139.31123695582,4.084752843981365,0.2763543962649801,703.9696581123644
58139.319562955825,3.883607893490355,0.25011172415281485,703.9779841123673
58142.99695670137,4.842862561427477,0.26205347229709597,707.6553778579109
58142.99695670137,4.462612049819233,0.3268951643981095,707.6553778579109
58142.99695670137,4.741536550326566,0.23730049906968328,707.6553778579109
58143.79096101423,4.349846810252004,0.2470835478661546,708.4493821707729
58143.96794470137,4.767171862949782,0.17623658577981904,708.6263658579119
58143.96794470137,4.883053938862668,0.15204490158573888,708.6263658579119
58143.96794470137,4.937980066663267,0.20658754833892223,708.6263658579119
58144.76194901423,4.440492845563846,0.16101854874749,709.4203701707738
58145.54080765996,4.222067536495547,0.3756726307120724,710.1992288165056
58147.459112955825,4.078008917069858,0.36094669687235065,712.1175341123671
58147.97649806924,4.264170747946318,0.5402219621148647,712.634919225784
58148.16851324027,3.995552146593012,0.3991170481526934,712.8269343968132
58148.17679324027,4.282412343229557,0.372089179914684,712.835214396815
58148.94748606924,4.090372797668078,0.35028563073935864,713.6059072257849
58149.636345191866,4.47262431404508,0.4431557844882304,714.2947663484083
58149.670830225085,4.9118471737804485,0.4277708040938568,714.3292513816268
58149.67232522508,4.63758472868505,0.4474233678347691,714.3307463816236
58149.828360362895,4.285916342514025,0.3067288290593472,714.4867815194375
58149.8366403629,4.873999839591314,0.31911739003838646,714.4950615194393
58150.466268753175,5.293435045987299,0.6857131668137918,715.1246899097168
58150.60733319187,5.453558593806744,0.27126394887263894,715.2657543484092
58151.437256753175,4.631236678350803,0.4121846982227168,716.0956779097178
58152.1261158758,5.129457843692768,0.2688632838081197,716.7845370323412
58152.328948442315,3.6914264498044793,0.3317638045214628,716.9873695988572
58152.33309144231,4.278542616556841,0.37774018081493815,716.9915125988555
58153.0971038758,4.377503919396294,0.18060524767845812,717.7555250323421
58158.96833693281,3.9657737355825886,0.20848683408244137,723.6267580893546
58158.97247993281,4.146719552016616,0.22405349623154514,723.6309010893528
58159.548036373504,4.868083486104926,0.2409085730735256,724.2064575300465
58160.519024373505,4.873275481214268,0.15887505034590266,725.1774455300474
58160.61736665996,4.6313198436958505,0.3821437142019917,725.2757878164994
58160.62564665996,3.9789646702526333,0.39578545777533514,725.2840678165012
58161.25527505024,5.072075479997168,0.255170676579433,725.9136962067787
58161.324872955825,4.082553737379786,0.16786513725379426,725.9832941123677
58162.035995640756,4.9447175060560316,0.2465824125393664,726.6944167972979
58162.0646478586,3.898037439802301,0.2112773929418437,726.7230690151409
58162.0729188586,4.327699416274246,0.2325989647066169,726.7313400151397
58162.22626305024,4.828186033329668,0.1674994041209836,726.8846842067796
58162.28803117806,4.671088410472932,0.3366937958529428,726.9464523346032
58162.29217417806,4.840620208059959,0.2923967777737521,726.9505953346015
58163.00698364076,4.85705204925308,0.16432610094340527,727.6654047972988
58163.947878300685,4.975944268532328,0.18971366927972555,728.6062994572276
58163.95202130068,4.729535760276878,0.17269477654852286,728.6104424572259
58164.55441854254,4.3946583369781695,0.18682263214676795,729.2128396990811
58164.56268954254,4.527490942403624,0.20196269255009927,729.2211106990799
58164.574969295485,4.488019091142093,0.32307480703836106,729.2333904520274
58165.545957295486,4.512053630428424,0.22238273718615453,730.2043784520283
58166.23481641811,4.275375072919981,0.6788933333573238,730.8932375746517
58167.20580441811,4.189373230306577,0.40837844659152644,731.8642255746527
58169.55451066336,3.954778862224131,0.5476878614311854,734.2129318199004
58170.52549866336,4.350438722857575,0.33738604420319196,735.1839198199013
58171.4171903525,4.400993499796872,0.2000837274926354,736.0756115090408
58171.4213333525,4.556189708472544,0.2052171405488307,736.079754509039
58173.910666924625,4.080754694155372,0.2604370038871659,738.5690880811671
58174.28746695582,5.098980808629181,0.5037420188681545,738.9458881123646
58174.29307895582,4.360520811819257,0.5604789691888693,738.9515001123655
58175.566808159056,4.903256048322735,0.19728778150476134,740.225229315598
58175.570951159054,4.422533259966119,0.17910114504259736,740.2293723155963
58177.22665528168,4.635906566798339,0.21840017114806745,741.8850764382223
58177.23079828168,4.111234280641849,0.23731112346752903,741.8892194382206
58178.029716677964,4.4191329146061955,0.1608506370384158,742.688137834506
58178.03385967796,4.492206821963549,0.14271422147743404,742.6922808345043
58178.886502404304,3.709469846808925,0.2502472418845558,743.5449235608467
58178.8906454043,4.5956665015560665,0.2520839188892131,743.549066560845
58182.20619664955,4.472740634141249,0.2653231171913869,746.8646178060953
58182.21033964955,4.700437283709024,0.2561183590173704,746.8687608060936
58183.03612021087,4.816720695309417,0.19626786734900448,747.6945413674111
58183.04026321087,4.7366343816210295,0.18216816423485188,747.6986843674094
58184.296741955826,3.622647243436422,0.18047334843617532,748.9551631123686
58189.675508701366,4.881328117051253,0.1490247134157611,754.3339298579085
58189.675508701366,4.836725477767123,0.18441936399362374,754.3339298579085
58189.675508701366,4.284189737867048,0.20199954603158035,754.3339298579085
58189.679651701364,4.881730757943049,0.15690477224970542,754.3380728579068
58189.679651701364,4.593978785450509,0.1349592656527217,754.3380728579068
58189.679651701364,4.514864298319516,0.2050582142364749,754.3380728579068
58190.257618442316,4.326029953573576,0.33370646830851103,754.9160395988583
58190.46951301423,4.311833956734135,0.16501477180962504,755.1279341707705
58190.47365601423,4.189997887766602,0.16871858830623812,755.1320771707688
58194.65505006924,4.365552885608626,0.36807923041070256,759.3134712257815
58194.65919306924,4.53521278945167,0.32711257070226013,759.3176142257798
58196.31489719186,4.337449012923361,0.27656135932200343,760.9733183484059
58196.31904019186,4.366676105057787,0.31729661898435946,760.9774613484042
58196.89700693281,4.344961659727426,0.21034951160455634,761.5554280893557
58197.14482075317,3.385222607002131,0.42975322634368507,761.8032419097144
58197.14896375317,3.904169899190731,0.4494840348487725,761.8073849097127
58197.25448844232,4.844073630119776,0.4845866891025921,761.912909598861
58198.8046678758,4.5251685873095,0.18685259901324755,763.4630890323388
58198.808810875795,4.376368037335424,0.18776130466194418,763.467232032337
58200.21670117806,4.249993300337418,0.32010520060518005,764.8751223346044
58201.071055240274,3.83802776115676,0.22915652702410572,765.7294763968166
58201.07932624027,4.129862412070239,0.23860799015028086,765.7377473968154
58201.87654830069,4.159455058974015,0.18960925889487154,766.5349694572287
58202.7309023629,3.9381410764759335,0.1879180514772351,767.389323519441
58202.7391733629,4.57995809105267,0.19881401474795643,767.3975945194397
58203.893876932816,3.9604517998051176,0.3094705654599608,768.5522980893584
58206.2265883735,4.345422645097708,0.1625959801742653,770.885009530044
58206.2307313735,4.423302571737856,0.14130880022595807,770.8891525300423
58207.213571178065,4.543483831643989,0.4748713254991424,771.8719923346071
58207.933827050234,4.322142291565823,0.18479728998594724,772.5922482067763
58207.93797005023,4.014863076821748,0.18135920086992963,772.5963912067746
58208.71454764075,4.126817446309344,0.1667508901741252,773.3729687972955
58208.71869064075,4.251787352815678,0.15332128828090708,773.3771117972938
58208.87341830069,4.25760082073678,0.27637428870854897,773.5318394572314
58209.3458603525,4.249378742090639,0.19960620069671023,774.0042815090419
58210.27484544232,3.8187788536220864,0.46019546599854183,774.9332665988622
58211.25352129548,4.066782165755351,0.22997259169762735,775.911942452025
58211.25766429548,4.515848557684161,0.21416039479872548,775.9160854520233
58212.91336841811,4.340527983990742,0.4274030966241885,777.5717895746493
58212.9170743063,4.460609344946954,0.2517047595980308,777.5754954628428
58212.917511418105,4.640231374916239,0.4146331260543194,777.5759325746476
58213.49547815906,3.838646510391382,0.1955861079176583,778.1538993155991
58213.51990865996,3.609938017178856,0.22578834555367108,778.1783298165028
58213.52817965996,4.120628930437351,0.2315598524500856,778.1866008165016
58215.15532528168,4.264796900980333,0.21797360831379387,779.8137464382235
58215.958386677965,4.270343874324354,0.15636055357428927,780.6168078345072
58216.163444955826,4.077275881535999,0.1788606702616847,780.8218661123683
58216.233062663356,4.2859289629716875,0.3397514020656745,780.891483819898
58216.237205663354,3.6967398226805814,0.368135696415465,780.8956268198963
58216.3427303525,4.1061207033130955,0.2924851625041508,781.0011515090446
58216.815172404305,4.098233146128051,0.251471693220994,781.4735935608478
58216.91423393282,3.79281082281477,0.31998138862046677,781.5726550893596
58220.134866649554,4.424294538488531,0.26306229939426,784.7932878060965
58220.233928178066,4.133326256836669,0.4466160259013047,784.8923493346083
58220.49234815906,4.4108342540547865,0.2792871774832902,785.1507693156018
58220.96479021087,3.712431947408983,0.19130477185282277,785.6232113674123
58221.89377530069,4.00701589708717,0.24567763556147176,786.5521964572326
58222.152195281684,3.7301714820241276,0.3185002495909317,786.8106164382261
58222.95525667797,4.2738655084138655,0.2226553153093342,787.6136778345099
58223.81204240431,5.019632776797791,0.3615192570833766,788.4704635608505
58225.351404442314,4.820329961611409,0.5124315367169504,790.009825598856
58225.359684442315,4.436114234839644,0.49127808659131383,790.0181055988578
58227.13173664956,4.13361796457222,0.37868698101874754,791.7901578060992
58227.60417870137,4.156482956256583,0.14712630942320354,792.2625998579097
58227.60417870137,4.409175316095826,0.18288509307853534,792.2625998579097
58227.60417870137,4.138902998134555,0.20034276742059579,792.2625998579097
58227.96166021087,4.75129807285975,0.27680537153704426,792.620081367415
58228.39818301423,3.864451911485357,0.15965398477505374,793.0566041707716
58229.3630873525,3.6727651360110283,0.26526613513641745,794.0215085090458
58231.99079293281,4.762733618258929,0.2880497739556385,796.6492140893533
58231.99907293281,4.011010189691096,0.27248311180653473,796.6574940893552
58232.58372006924,4.1586505638488145,0.36042384450558956,797.2421412257827
58233.51270515906,4.255556539231632,0.24748715232430168,798.171126315603
58234.243567191865,4.624239854492413,0.27747470595120444,798.901988348407
58234.60104870137,4.219475452373263,0.21141317189844508,799.2594698579123
58234.60104870137,4.383596454526122,0.28853436732838983,799.2594698579123
58234.60104870137,4.484866014573521,0.26839512541279464,799.2594698579123
58235.07349075317,3.9690383107143075,0.4354292123519979,799.7319119097156
58235.172552281685,3.204077319753392,0.32802681955637475,799.8309734382274
58235.31048717806,4.073169812531595,0.37935018363290396,799.968908334602
58235.31876717806,5.010152005646985,0.39047001121656927,799.9771883346039
58235.39505301423,4.273821103216264,0.23509487867974946,800.0534741707743
58235.64455222508,3.838380469887951,0.26989520870852834,800.302973381622
58235.65039522508,3.6903311563730794,0.29085794336550147,800.308816381621
58235.65303022508,3.9807523760998937,0.26399943958625466,800.3114513816254
58235.97561367797,3.7737934677033005,0.22063037570786534,800.6340348345111
58236.7333378758,4.074223409143788,0.184694423097593,801.3917590323399
58236.83239940431,3.276320186543912,0.34376471270502285,801.4908205608517
58236.970334300684,4.095764724213073,0.23398367245782328,801.6287554572264
58236.978614300686,4.096808828061613,0.23304397899413715,801.6370354572282
58239.58059006924,3.235866208800061,0.5346355994273497,804.2390112257854
58240.15209364956,3.3697845231143635,0.37997887690282006,804.8105148061004
58240.982017210874,3.835381358564395,0.2587577515509289,805.6404383674162
58241.24043719187,4.651640253368438,0.4082659432527596,805.8988583484097
58242.070360753176,4.6231281269103555,0.6473326899956765,806.7287819097182
58242.92189292462,4.204950960603459,0.3015066754630041,807.5803140811622
58243.7302078758,3.920879330926231,0.27227092999073216,808.3886290323426
58243.92194092462,4.110174795428448,0.30940468922758835,808.5803620811639
58243.94684392462,3.480703098391083,0.3206593588421209,808.6052650811616
58244.1552583735,4.19398945440853,0.15826931758314594,808.8136795300452
58244.4396463525,4.605136205054872,0.2587001416924468,809.0980675090395
58244.4479263525,3.7993097369311912,0.26610180702928654,809.1063475090414
58245.862497050235,3.6248548427234994,0.18372288713719176,810.5209182067774
58246.643217640754,4.145469671161036,0.1615282672156515,811.3016387972966
58247.62140570137,3.6100082877048663,0.28853436732838983,812.2798268579136
58247.62140570137,3.8639561592215923,0.21305270261929019,812.2798268579136
58247.62140570137,3.9488940415693112,0.25520039554303453,812.2798268579136
58248.41541001423,3.9434016841763175,0.23792147547979622,813.0738311707755
58248.589264159054,3.852472608286594,0.2530175914823867,813.2476853155968
58249.182191295484,3.591151283036384,0.22971959654724497,813.8406124520261
58250.24911128168,3.9548279080748734,0.31153305663113007,814.9075324382211
58250.25739128168,4.227828122009958,0.29290647953451754,814.9158124382229
58250.84203841811,3.89488207226674,0.430791047999868,815.5004595746504
58251.05217267796,4.414730871994307,0.20848073809905235,815.7105938345048
58251.060452677964,3.9128980142389858,0.1953626511156238,815.7188738345067
58251.152128373506,3.932659033904921,0.2294861838329705,815.8105495300479
58251.9089584043,4.0262966301123075,0.3690190215190606,816.5673795608454
58251.917238404305,4.188536432190366,0.34789723596550176,816.5756595608473
58252.600947069244,3.922781917042632,0.5346355994273497,817.2593682257866
58252.85936705024,4.152386641462453,0.2635510187997259,817.5177882067801
58253.64008764076,3.938429975307256,0.23082128253968676,818.2985087972993
58254.16173266336,3.853713571736241,0.33588081647252127,818.8201538198991
58254.26079419187,4.342929092698567,0.40333387145507527,818.919215348411
58255.09071775318,2.99601213786068,0.6240881758663954,819.7491389097195
58255.22865264955,4.359699744284906,0.37626467623611165,819.8870738060941
58255.23693264955,3.737974850075022,0.3528490633372978,819.895353806096
58256.05857621087,4.274164119476824,0.25142590593156955,820.7169973674099
58256.06685621087,4.112863515850918,0.2598857278000611,820.7252773674118
58256.17906129549,3.0004076068934142,0.32889369549715686,820.8374824520288
58256.7505648758,3.359753592856053,0.2635246381220269,821.4089860323438
58257.83890841811,5.210970875896101,0.636153023694905,822.4973295746531
58261.15860266336,4.021438947439548,0.4866186220725452,825.8170238199018
58262.697964701365,4.316050865001368,0.29809270546868544,827.3563858579073
58262.697964701365,3.9847636860207034,0.1996775835808171,827.3563858579073
58262.697964701365,4.4950944873407765,0.2164344837551346,827.3563858579073
58262.70624470137,4.202560166197258,0.2184801783085859,827.3646658579091
58262.70624470137,4.028026275707128,0.2807602523076161,827.3646658579091
58263.49196901423,4.225086675629252,0.21501629451390022,828.1503901707692
58263.50024901423,3.969718275073305,0.2077061303758482,828.1586701707711
58264.17248537351,3.892853738066623,0.22991885009208243,828.8309065300491
58265.87972405024,3.483033666687772,0.23035197077318065,830.5381452067813
58266.66044464076,3.6828944948390774,0.2266245319480561,831.3188657973005
58267.67750606924,4.917982084707319,0.4392536290960773,832.3359272257803
58267.68578606924,3.436561460907077,0.42373595496409155,832.3442072257822
58269.19941829549,3.4444140958145772,0.3300321736738778,833.85783945203
58269.33735319186,4.65529363988524,0.41246733774708333,833.9957743484047
58269.345633191864,4.118245821915168,0.38999901066874354,834.0040543484065
58270.16727675317,4.782596305239145,0.5951676757288016,834.8256979097132
58270.17555675317,4.044718124158479,0.5659768905431928,834.833977909715
58270.85926541811,3.6994233390544595,0.6085281894009023,835.5176865746544
58271.827123875795,4.002662839308928,0.23921676201939157,836.4855450323375
58271.8354038758,4.287769236587501,0.2444418194993974,836.4938250323394
58274.17895966336,3.483857615057152,0.46640556397496685,838.837380819903
58278.25394644232,3.341746968135794,0.287082537419353,842.9123675988594
58278.262217442316,2.7136190103235256,0.3045665115027873,842.9206385988582
58279.2490443735,4.2311987526921575,0.19288261831210077,843.9074655300428
58279.2573243735,4.025249613354876,0.18163329557519045,843.9157455300447
58280.95628305023,3.969738157174017,0.25431115430042855,845.6147042067751
58280.964563050235,3.7355183361453164,0.2577492434164462,845.6229842067769
58281.73700364075,4.289091802519062,0.2181377696405363,846.3954247972943
58281.745283640754,4.604314402512655,0.21095666307263494,846.4037047972961
58281.85883794722,3.9449496035773466,0.32018875395076,846.5172591037626
58281.928300306296,4.007075017128452,0.3062375563960621,846.5867214628379
58282.9283483063,4.104496597173333,0.333989122026377,847.5867694628396
58282.953251306295,3.777493883277665,0.3398111288019675,847.6116724628373
58284.27597729548,3.634160458601398,0.26906034243171256,848.9343984520237
58284.28425729548,4.571507490768295,0.26931333758209497,848.9426784520256
58284.893334932814,3.3683864445614273,0.16830621896253242,849.5517560893568
58284.90160593281,3.931181153029026,0.19358541390552148,849.5600270893556
58285.125919955826,3.722046861827751,0.20598298501448103,849.7843411123686
58285.935824418106,3.0869859749893105,0.5832488599054475,850.5942455746481
58285.94410441811,3.537844119598974,0.5728243941341258,850.6025255746499
58288.21302917806,3.500772130356045,0.24992268224926073,852.8714503346055
58288.22130017806,3.745043752685738,0.22950594963662968,852.8797213346043
58289.255518663354,4.369791650823341,0.5150029164223356,853.9139398198968
58289.263798663356,3.559119001590688,0.4859735244736863,853.9222198198986
58289.87287630069,3.852488527503244,0.14920243995637192,854.5312974572298
58289.881147300686,3.7595632849831797,0.13312324068885528,854.5395684572286
58295.80846094722,3.4936768631098323,0.20963887096850659,860.466882103763
58295.80846094722,4.05000780770735,0.1661829774420052,860.466882103763
58297.3421883525,3.838705697595016,0.15531559037465312,862.000609509043
58297.3504593525,3.9616688475457393,0.16092653022677358,862.0088805090418
58301.49180615906,3.6078570301405284,0.16038273558446367,866.1502273156002
58301.50007715906,3.802485946665441,0.1406007801343906,866.158498315599
58303.15165328168,3.688937074711015,0.17588607533213507,867.8100744382245
58303.15992428168,3.9974841915022306,0.20503453567416227,867.8183454382233
58303.954714677966,3.699839151823569,0.12625058210897003,868.6131358345083
58303.962985677965,3.860953911418698,0.12026380415680131,868.6214068345071
58304.81150040431,3.7064087184678285,0.2155034352131219,869.4699215608489
58304.819771404305,3.5426383522192197,0.20693227585805468,869.4781925608477
58306.14804395582,3.621034565261931,0.16889138700119735,870.8064651123641
58308.07851495582,3.8805291442481455,0.1558433544985007,872.7369361123638
58308.131194649555,3.3245681671718255,0.21687702153866864,872.7896158060976
58308.139465649554,3.8994618355840833,0.22026824823435892,872.7978868060964
58308.96111821087,3.9921700571937713,0.15103601975880288,873.6195393674134
58308.96938921087,4.3756819818987225,0.14878006726053844,873.6278103674122
58313.337825225084,3.305359268870542,0.27207882690196283,877.9962463816264
58315.60050670137,3.6747709714068533,0.1360386878045034,880.2589278579107
58315.60050670137,3.8639561592215923,0.12054865352739909,880.2589278579107
58315.60050670137,3.51442490630191,0.16848164028627713,880.2589278579107
58315.60877770137,3.6992194436809576,0.17676553334119993,880.2671988579095
58315.60877770137,4.06587731115725,0.11735588317627973,880.2671988579095
58315.60877770137,4.0000364054055915,0.12836733322906146,880.2671988579095
58316.39451101423,3.6383241674816182,0.12797660684349546,881.0529321707727
58316.40278201423,4.052566801971226,0.14132984000233695,881.0612031707715
58317.4431988586,3.4829128986245204,0.38653425176592643,882.1016200151425
58319.93296954254,3.5933777816697843,0.37135997215718397,884.5913906990827
58320.58004806924,3.9414031260010147,0.2718696507923907,885.2384692257838
58320.58831906924,3.748983966764391,0.2714558461488712,885.2467402257826
58322.239895191866,3.504476887092227,0.23436474505292643,886.8983163484081
58322.248166191865,3.7748274893356655,0.26231315190647086,886.9065873484069
58323.069818753174,3.036554895062915,0.3538031278514992,887.7282399097166
58323.07808975317,3.9852554135952007,0.36542538491613974,887.7365109097154
58324.7296658758,3.9981193110654454,0.14243961043319905,889.388087032341
58324.7379368758,3.8277370019348242,0.1549343131027779,889.3963580323398
58326.09468295582,3.535855836227473,0.19088245301697812,890.7531041123657
58326.66850194722,4.338917869064859,0.1562740786433799,891.326923103763
58326.66850194722,4.190881308699854,0.20748995315675653,891.326923103763
58331.3928218586,4.670136780981211,0.21531556941244467,896.051243015143
58331.3928218586,3.214777980976615,0.2548896988243343,896.051243015143
58332.151586373504,3.879008417775042,0.12356948360236875,896.8100075300463
58332.1598573735,3.7267098945676405,0.11725255621933439,896.8182785300451
58333.858825050236,3.620557231328477,0.15278008509303312,898.5172462067785
58333.867096050235,3.628078051269766,0.14225093717522916,898.5255172067773
58333.88259254254,4.094713744081982,0.18239487863258613,898.5410136990831
58333.88259254254,2.824948300821457,0.21610293764377667,898.5410136990831
58334.639545640755,4.122154390096421,0.1314981852044276,899.2979667972977
58334.647816640754,4.084849940393037,0.12925991822222457,899.3062377972965
58337.178519295485,4.1844249106831795,0.17355467316234582,901.8369404520272
58337.186790295484,4.057927335491965,0.18139752282420113,901.845211452026
58338.09207795582,3.958230910837238,0.19601370175399385,902.7504991123642
58338.83836641811,4.332709634662249,0.3500014382721251,903.4967875746515
58338.84663741811,3.3762649001434877,0.33410412797085953,903.5050585746503
58342.15806066336,4.01283764612143,0.2911540496183059,906.8164818199002
58342.16633166336,4.32033416824416,0.301045546134142,906.824752819899
58351.4700648724,-4.9589758027413655,3.104964163609456,916.1284860289452
58354.66992194722,3.894808187969845,0.17776325676088045,919.3283431037635
58356.449606240276,3.746829432746299,0.4037598721444987,921.1080273968182
58356.68640494722,4.0440385915635995,0.21465301252925673,921.3448261037629
58358.1094533629,3.387372522106595,0.3901650409543229,922.7678745194426
58360.59922404684,-0.4339638994757637,1.50361495184346,925.2576452033827
58362.2528628586,3.970724616273119,0.20627005411829846,926.9112840151429
58362.2528628586,3.801121204507878,0.26199688941259214,926.9112840151429
58364.74263354254,3.9361716021225694,0.2249584446721403,929.401054699083
58364.74263354254,4.107568512348962,0.17925260194510226,929.401054699083
58367.24052292462,3.539938201625465,0.6043955033348104,931.8989440811638
58368.89845965996,4.594592072536848,0.41537360239346927,933.5568808165044
58370.399229240276,3.46494369038669,0.21655457618920554,935.0576503968186
58370.399229240276,2.7502804259338003,0.2578425466877601,935.0576503968186
58372.0590763629,3.811270271268904,0.20224698947708764,936.717497519443
58372.0590763629,3.1590050727339416,0.2495623368307681,936.717497519443
58382.34905122508,3.7630456422144545,0.3144410198545961,947.0074723816215
58382.84808265996,3.6676530861430003,0.29854431127816927,947.5065038165048
58382.84808265996,4.818456582458381,0.24450201942992425,947.5065038165048
58383.34909922508,3.180674670025421,0.3554930418911684,948.0075203816232
58383.37400222508,3.154034528065518,0.3875922293346584,948.0324233816209
58384.65878594722,3.8924205015123445,1.0073649164192815,949.3172071037625
58384.67018794722,4.72333538872237,0.5883259431280183,949.3286091037589
58384.67399494722,3.708568644284839,0.38226860184576195,949.3324161037599
58390.2542828586,3.447376945683231,0.23518339764780155,954.9127040151434
58390.70384894722,3.6285811479585868,0.18074786483275554,955.3622701037602
58392.2707658586,3.7494325456841855,0.2519822117655016,956.9291870151428
58392.74405354254,3.6347987016411634,0.2039623231694072,957.4024746990835
58394.76053654254,4.4017998749042695,0.23324262866641593,959.418957699083
58396.2797288724,-2.123889999270041,2.0745195158093037,960.9381500289455
58396.2797288724,-0.9516910612963236,1.5906466983899192,960.9381500289455
58401.259270240276,3.9706798752083428,0.2679572703841931,965.9176913968186
58401.259270240276,4.240958557588438,0.21390153390817396,965.9176913968186
58402.9191173629,3.5784250287712966,0.25702532537235806,967.5775385194429
58402.9191173629,3.766492340019364,0.199858833143779,967.5775385194429
58405.40888804684,2.0994167740146383,1.1792708628008155,970.067309203383
58405.40888804684,2.9414982373156766,0.9063080155867084,970.067309203383
58406.2469303063,6.062631542696949,0.6311055344740139,970.9053514628395
58413.70812365996,5.0930403954090115,0.23488284126923337,978.3665448165048
58413.70812365996,4.968865550061911,0.303616241581079,978.3665448165048
58420.2431468586,4.58452743980447,1.4988095788282625,984.9015680151424
58420.2545488586,4.292163463332958,0.7191184658846239,984.9129700151389
58420.2583558586,2.2811515809736664,0.5194710211781111,984.9167770151398
58422.73291754254,4.904564144901687,1.2384855071442085,987.3913386990826
58422.74431954254,4.61318939751682,0.6807313951158227,987.402740699079
58422.74812654254,4.029011595161865,0.4329200290801633,987.40654769908
58423.14509492462,4.632845601334223,0.37179899796780397,987.8035160811633
58423.153420924624,3.6730197335587094,0.37436585244129383,987.8118420811661
58423.67251618067,3.2171232122317805,0.8677975604768537,988.3309373372103
58426.2882098586,3.6525163103897618,0.22678399058895146,990.9466310151402
58428.77798054254,3.520534094823568,0.20839007668358903,993.4364016990803
58429.26069024028,3.6390495900793907,0.2510441258426164,993.9191113968191
58430.9205373629,3.821718455227131,0.21194887458115472,995.5789585194434
58431.277173240276,3.73688052419243,0.2702786823800956,995.9355943968185
58431.292970924624,3.7650315939161163,0.5005366223305274,995.951392081166
58432.9370203629,3.9217225016844353,0.2292630079976434,997.5954415194428
58433.63249744232,3.3201618149463683,0.5044450300368631,998.290918598861
58440.271885932816,3.901910506252933,0.3464580191133868,1004.9303070893584
58441.70954365996,3.7568491018148613,0.2537714092938627,1006.3679648165053
58443.591580178065,4.308326822087793,0.48034009316324,1008.2500013346071
58443.72602665996,4.024437148830444,0.24625096091368603,1008.3844478165047
58445.158730924624,3.6343194661122467,0.2294372998611727,1009.8171520811666
58445.25142730069,3.587286149974073,0.2709449486961408,1009.9098484572314
58447.58212044232,3.0158111549754754,0.34622585715837756,1012.2405415988615
58447.58212044232,3.8856928285093044,0.290536161929661,1012.2405415988615
58451.52052994722,3.2167052340398232,0.5621807764183926,1016.1789511037641
58452.7207393525,3.395799594374444,0.2921270174072069,1017.3791605090446
58454.22150893282,3.2393295019577457,0.20875293087131494,1018.8799300893588
58454.22150893282,4.573804898158695,0.1761560742343027,1018.8799300893588
58456.87035715906,3.62274667402768,0.2714169371429385,1021.5287783156018
58457.541203178065,3.805200196990812,0.24208411526405416,1022.1996243346075
58457.541203178065,2.9593641316103807,0.29768325318237987,1022.1996243346075
58458.12132492462,3.0133381338718097,0.719509053953626,1022.7797460811635
58458.12693692462,2.8609064682153336,0.6711337196455474,1022.7853580811643
58458.530204281684,3.6320620301412054,0.35703309228697744,1023.1886254382262
58459.20105030069,4.223145393734959,0.1408496091680516,1023.8594714572318
58459.20105030069,3.51524298442481,0.1685183611543627,1023.8594714572318
58459.249554240276,3.146578616662896,1.5747464089348278,1023.9079753968181
58459.26095624027,4.249249314716661,0.7513084109596404,1023.9193773968145
58459.26476324027,3.0686454996575927,0.5218202536504057,1023.9231843968155
58459.33326567797,3.6144395251529273,0.24246450706283365,1023.9916868345099
58460.19005140431,2.746744983534395,0.37957991429584,1024.8484725608505
58460.9094013629,4.636676803968753,1.2803503141951726,1025.5678225194424
58460.9208033629,2.606743920656286,0.6912219987220617,1025.5792245194389
58460.9246103629,3.0082527041938247,0.45628711943280975,1025.5830315194398
58462.1515023063,3.9106237715461685,0.39550832695511695,1026.809923462839
58462.1598283063,4.7726689081186064,0.3479619382877942,1026.8182494628418
58463.50974564956,3.3019599892005567,0.4200276493090671,1028.1681668060992
58464.33966921087,4.499759369303267,0.2877467411536267,1028.998090367415
58465.29461724027,3.6589474071871266,0.24076358700361905,1029.9530383968158
58466.6703623525,3.2752240784033453,0.2067691026355874,1031.328783509045
58466.6703623525,3.855419135452395,0.16856695896157586,1031.328783509045
58466.829439894806,2.580024708016202,1.3750361690151551,1031.4878610513479
58466.9544643629,3.5396174883550304,0.198366235435461,1031.6128855194402
58468.130599924625,3.0863947611942137,0.22134183575247385,1032.7890210811674
58468.48218018067,2.4339124175775795,0.630093084299304,1033.1406013372107
58468.48218018067,2.6297151162411287,0.49244378713882836,1033.1406013372107
58470.2993783063,4.548036480027072,0.48147996034133717,1034.9577994628416
58470.81998015906,3.118625873848398,0.1719753868966033,1035.4784013156022
58470.81998015906,4.049228616795385,0.14676934688763907,1035.4784013156022
58470.97905770137,3.6928472182540943,0.3168270482236648,1035.6374788579124
58470.97905770137,4.341145890078082,0.23358998217513913,1035.6374788579124
58470.97905770137,4.369284272303529,0.28302184146997056,1035.6374788579124
58471.69840765996,4.18883764830407,1.6163717192928182,1036.3568288165043
58471.70980965996,4.368978621131553,0.7403269300764445,1036.3682308165007
58471.71361665996,2.446891930477142,0.5668319348872564,1036.3720378165017
58471.77306201423,3.792324958656578,0.2577076530801234,1036.4314831707743
58472.479827281684,3.9406091469324216,0.18598139574327618,1037.1382484382266
58472.479827281684,3.286546134379614,0.22565173933071814,1037.1382484382266
58473.28288867797,3.426912509886465,0.148612958577365,1037.9413098345103
58473.28288867797,3.9014527034480753,0.11683021091952797,1037.9413098345103
58473.43170152573,3.6275588128752445,0.7889399065865076,1038.0901226822753
58474.13967440431,2.9533711465583394,0.22912545633099696,1038.798095560851
58474.13967440431,3.5931469698472958,0.19223885982079636,1038.798095560851
58475.95859906924,3.7324317810236063,0.582430035753866,1040.6170202257854
58477.45936864956,3.185689359634034,0.2385162775968828,1042.1177898060996
58477.45936864956,3.805799383988828,0.19636817437901793,1042.1177898060996
58477.61844619187,3.20124580619756,0.4347529954995829,1042.2768673484097
58477.74347065996,4.019190324379158,0.21896747376699938,1042.401891816502
58478.28929221087,3.982018270951582,0.15024643638441035,1042.9477133674154
58478.28929221087,3.4428456238663863,0.18589048585698817,1042.9477133674154
58478.40762006024,3.793543137694842,0.8315879026159742,1043.0660412167854
58478.44216144232,3.8684247059577643,0.3542123638384649,1043.1005825988614
58478.44216144232,4.153348728058175,0.27909603073926575,1043.1005825988614
58478.448369753176,3.4933366262080896,0.6808480359495237,1043.1067909097183
58480.1082168758,3.564212363812798,0.2894227491098812,1044.7666380323426
58484.1651383063,3.961081163601286,0.2439420838972434,1048.8235594628422
58484.92868070137,3.5222434405612484,0.12805597840705818,1049.5871018579128
58484.92868070137,4.15037300390291,0.16274663740209974,1049.5871018579128
58484.92868070137,3.7289818770733105,0.1290833263227694,1049.5871018579128
58484.92868070137,3.297340326295111,0.1593596057138468,1049.5871018579128
58484.92868070137,3.1002302535557673,0.19486265355349297,1049.5871018579128
58484.92868070137,4.399823831666222,0.10898564739091271,1049.5871018579128
58485.08154993282,4.283759398286504,0.173495106345567,1049.7399710893587
58485.08154993282,4.161354875404663,0.21806631848188981,1049.7399710893587
58485.72268501423,3.3683354386495674,0.17563887702359393,1050.3811061707747
58485.72268501423,3.8936925680375647,0.1366513349539837,1050.3811061707747
58485.91768180499,2.690487574307688,0.8764531282526005,1050.5761029615314
58487.1048908586,3.4554532986244344,0.6890744329433526,1051.763312015144
58487.530137373506,3.9066990583582055,0.2502541642703434,1052.1885585300479
58488.401244178065,4.208066081579336,0.24190182300858407,1053.0596653346074
58488.401244178065,4.033065516328212,0.30916766527698486,1053.0596653346074
58489.23737605024,3.7258487105065177,0.25613763914331295,1053.8957972067801
58489.59466154254,3.5933777816697843,0.5640386654033537,1054.2530826990842
58489.90822206924,2.7910262170164692,0.35338916556575606,1054.5666432257858
58489.90822206924,3.3269032303743775,0.2714558461488712,1054.5666432257858
58490.01809664076,3.4730569652575443,0.2483543739002771,1054.6765177972993
58490.06109130069,3.583109734579912,0.17446975309104093,1054.7195124572318
58490.06109130069,3.710490404101798,0.13886581185582553,1054.7195124572318
58491.56806919187,4.249767736520084,0.24313287269325415,1056.2264903484102
58491.56806919187,3.4423693163065727,0.2915402440408968,1056.2264903484102
58492.39799275318,2.774378398488466,0.4119144131747016,1057.0564139097187
58492.39799275318,4.0555295260790745,0.34407286612296295,1057.0564139097187
58492.55707029549,2.82584095312954,0.3512837663060018,1057.2154914520288
58494.0578398758,3.27115479210813,0.1910553626384695,1058.716261032343
58494.0578398758,3.7164205599694853,0.15459354848451665,1058.716261032343
58494.21691741811,3.76457625012522,0.66742642100887,1058.8753385746531
58497.1277323063,3.379850820504832,0.7619066200322813,1061.7861534628391
58497.1333443063,3.504247698609949,0.6800103913889743,1061.79176546284
58497.5304033525,3.7599137762673673,0.2119025156917827,1062.188824509045
58497.5304033525,3.8721325733097753,0.16534365308908117,1062.188824509045
58497.53661166336,3.3333348419900815,0.5167231766859595,1062.1950328199018
58499.997302924625,3.5348044926784854,0.2746534286634176,1064.6557240811671
58501.479760373506,4.052074921419815,0.11569495768653153,1066.1381815300483
58501.479760373506,3.662675288219074,0.14701999484623562,1066.1381815300483
58501.68002115906,3.563188098479073,0.14442954570537248,1066.3384423156022
58501.68002115906,3.3738769119138583,0.17846301744743373,1066.3384423156022
58503.18699905024,3.134927143690988,0.18006991745142303,1067.8454202067805
58503.18699905024,3.906348389097443,0.15009407797114435,1067.8454202067805
58503.339868281684,3.845343447277991,0.18285326829193668,1067.9982894382265
58503.339868281684,3.7131089686531844,0.234040808404765,1067.9982894382265
58503.96771964076,3.515024471173851,0.1649789288132145,1068.6261407972997
58503.96771964076,4.060602048085838,0.12907339597370765,1068.6261407972997
58504.14292967797,4.047600518162782,0.11392486279568145,1068.8013508345102
58504.14292967797,3.893529026746675,0.15019769391764498,1068.8013508345102
58504.48292594722,3.7491593140623403,0.23124743340888212,1069.1413471037595
58504.99971540431,3.681919691739065,0.23830884135428343,1069.6581365608508
58504.99971540431,3.8916069831041047,0.1893307878967557,1069.6581365608508
58506.44358144232,3.2100775336803014,0.31924441567159634,1071.1020025988619
58506.50669329549,2.52477672417445,0.21390739964834318,1071.1651144520292
58506.50669329549,3.526637519688865,0.1795000591963329,1071.1651144520292
58506.66768122508,4.415947482051427,0.7195021947367319,1071.326102381623
58507.1370073063,3.941480407456798,0.22220659193503872,1071.7954284628431
58508.16654041811,2.3442427887826423,0.31455825464963116,1072.8249615746536
58508.16654041811,2.2816959941547124,0.38231728216322225,1072.8249615746536
58508.31940964956,3.7315153706546598,0.1960452004079998,1072.9778308060995
58508.31940964956,3.5538796865946924,0.2493359056259899,1072.9778308060995
58508.46006444232,3.091359191138463,0.3285260315430491,1073.1184855988613
58509.14933321087,4.141062922079223,0.14968244825984411,1073.8077543674153
58509.14933321087,4.036161130909927,0.19299673622652108,1073.8077543674153
58511.48623466336,3.3290341913310217,0.27051092645482183,1076.1446558199023
58511.48623466336,3.2129166235364237,0.3285697103521206,1076.1446558199023
58511.639103894806,3.0024115091059382,0.9590307512512329,1076.2975250513482
58511.639103894806,3.5919297782527697,0.7356823348476661,1076.2975250513482
58513.08296993282,3.3617340248395884,0.18493726826713036,1077.7413910893592
58515.099452932816,3.812768081980287,0.2156714473820277,1079.7578740893587
58515.78872170137,3.9821749533035797,0.1362536320112836,1080.4471428579127
58515.78872170137,4.142212176870448,0.13204958342527356,1080.4471428579127
58515.78872170137,4.056293005625499,0.16795152283834178,1080.4471428579127
58515.78872170137,4.46133760473386,0.2046758807108631,1080.4471428579127
58515.78872170137,4.609173234637098,0.16172708133380156,1080.4471428579127
58515.78872170137,4.079683885648576,0.11036630484004543,1080.4471428579127
58516.402664178066,3.513532588238939,0.2679696155407828,1081.061085334608
58516.58272601423,4.546733897703535,0.17466418847185367,1081.2411471707746
58516.58272601423,4.689038426257612,0.13090067249871623,1081.2411471707746
58518.06251130069,3.1915707913773974,0.16455076652991052,1082.7209324572323
58518.24136552573,3.181058678651825,0.5891218713121419,1082.8997866822756
58518.24136552573,3.400618662009623,0.4559098477958981,1082.8997866822756
58518.419147178065,3.8525961834129916,0.28000090440179753,1083.0775683346073
58520.07899430069,3.613388746187573,0.16580369114815857,1084.7374154572317
58520.76826306924,3.717948618500419,0.3529753609222364,1085.4266842257857
58520.76826306924,3.9289889866954257,0.26131763238264044,1085.4266842257857
58522.42811019187,4.419650209551433,0.2966549851644213,1087.08653134841
58522.42811019187,4.567612363481964,0.2321727131428445,1087.08653134841
58523.21728406024,3.4500611779186796,0.5558984349008959,1087.8757052167857
58523.21728406024,3.8116211355777976,0.4344142891274318,1087.8757052167857
58523.258033753176,3.7582159732626876,0.33109918381824793,1087.9164549097186
58523.258033753176,3.509553729088983,0.4211041048072084,1087.9164549097186
58524.34029095582,4.506981311484358,0.32370849175229494,1088.9987121123631
58524.9178808758,4.066272234717695,0.19889294885847808,1089.576302032343
58524.9178808758,4.207121610265673,0.15447996027842958,1089.576302032343
58525.5318233525,3.702610560756349,0.17477480730860262,1090.1902445090454
58526.11129824028,3.861241881115787,0.7043827256138938,1090.7697193968197
58527.36015595582,3.3785464106612535,0.47808577518307693,1092.0185771123652
58527.36842795582,4.0438494611920115,0.43908828478175876,1092.0268491123643
58527.5483063525,3.6894785738684073,0.17501357070656534,1092.2067275090449
58527.7711453629,3.9918745939753806,0.6580863295974021,1092.429566519444
58529.68144115906,3.5536161845516188,0.17750582605468823,1094.3398623156027
58530.72734580499,3.9369434760512876,0.5180452933824725,1095.3857669615318
58530.72734580499,3.348914445992844,0.6766474895179537,1095.3857669615318
58531.341288281685,3.83681219059252,0.19465484004017208,1095.999709438227
58531.69792415906,3.0601308442917303,0.17399612428128816,1096.356345315602
58532.14434967797,3.779075918837567,0.14368267085204958,1096.8027708345107
58532.339801373506,4.19398945440853,0.11283936037639272,1096.9982225300482
58532.339801373506,4.097937544885681,0.14805839386810427,1096.9982225300482
58533.00113540431,3.4936602987616934,0.23693133360079044,1097.6595565608513
58533.357771281684,3.878046597905632,0.22451423843932197,1098.0161924382264
58534.04704005024,3.963291740081485,0.1851196108405739,1098.7054612067805
58534.04704005024,4.150237835764942,0.14622622771562455,1098.7054612067805
58534.16083267797,3.7878800040613454,0.1708872941935222,1098.8192538345102
58534.82776064076,3.966408312584794,0.16479240656469757,1099.4861817972997
58534.82776064076,4.083917329150452,0.1234777285182001,1099.4861817972997
58535.01761840431,3.7064087184678285,0.2517778060551036,1099.6760395608508
58536.32082964956,3.2906559002149245,0.23948519950993713,1100.9792508061
58536.43244544232,2.7999596230812247,2.048431037676436,1101.0908665988609
58536.443847442315,3.9957771097753723,0.9525528102493269,1101.1022685988573
58536.447654442316,3.8641076753198798,0.7090722822726125,1101.1060755988583
58537.15075321087,3.783494451104313,0.16976042549439754,1101.8091743674158
58537.36673429549,3.290087054081296,0.22453319596440516,1102.0251554520291
58537.36673429549,3.6392203616090457,0.18253600100092193,1102.0251554520291
58538.33731264956,3.30841946862092,0.2737204404378581,1102.9957338060995
58538.56015165996,4.361982855196505,0.7691844645585171,1103.218572816506
58539.0037103063,3.9385694040690025,0.2559742312334638,1103.6621314628428
58539.02658141811,3.9860961477658052,0.3956084760216574,1103.6850025746535
58539.02658141811,4.212828278292051,0.31195213820680073,1103.6850025746535
58539.16723621087,4.189565900791908,0.17946102123693455,1103.8256573674153
58540.0672868586,3.345614898624088,0.2796033388244124,1104.7257080151394
58542.34627566336,4.040791875405314,0.33674094660433307,1107.0046968199022
58542.34627566336,4.251523757699214,0.26276975526851515,1107.0046968199022
58542.477508442316,3.0179696702944177,0.29550074716322877,1107.1359295988586
58542.55705754254,3.760489769140517,0.25138213499870915,1107.2154786990795
58543.071833932816,3.8207509856464945,1.12505722335745,1107.7302550893583
58543.08323593281,3.1435346579632606,0.6096277433093467,1107.7416570893547
58543.08704293281,3.6411356531568346,0.40406797390451465,1107.7454640893557
58543.79014170137,3.6676110404697746,0.15199510532142246,1108.4485628579132
58543.79014170137,3.6861965126457563,0.13168020421103152,1108.4485628579132
58543.79014170137,3.324532588581371,0.18657876049856997,1108.4485628579132
58544.58414601423,3.727020825689981,0.14474124993342785,1109.2425671707751
58545.80662470137,3.696551443514252,0.15239006594802207,1110.4650458579126
58545.80662470137,3.8486550084502036,0.16917893957041247,1110.4650458579126
58545.80662470137,3.838133957986587,0.20849921596698134,1110.4650458579126
58546.391528178065,4.86249527871635,1.6069062319673475,1111.049949334607
58546.40293017806,3.6976477662635583,0.832528730731126,1111.0613513346034
58546.40673717806,2.341393385567352,0.5499757347527496,1111.0651583346043
58546.60062901423,3.9765410949354862,0.1724224048028511,1111.2590501707746
58548.05137530069,3.4077002880251848,0.9785341268517269,1112.7097964572313
58548.062777300685,3.3273042916876028,0.48425536495287125,1112.7211984572277
58548.06658430069,3.490184492059849,0.31772080111073464,1112.7250054572287
58548.769683069244,3.4675968091710487,0.3089051663873968,1113.4281042257862
58549.116896932814,3.3164975707310815,0.19145663959453293,1113.775318089356
58550.42953019187,4.20044701854324,0.2582944267379875,1115.0879513484106
58550.78616606924,3.916574847389837,0.375320811672296,1115.4445872257857
58551.25945375318,3.347382700280046,0.3889401840934357,1115.917874909719
58552.43659117806,3.7304603722481446,0.24572996037345257,1117.0950123346047
58552.44601319187,4.458010767977868,0.27601335134448296,1117.10443434841
58552.9193008758,3.3483947722473446,0.15890990031582572,1117.5777220323434
58553.275936753176,3.6771304588582194,0.42164467490323815,1117.9343579097185
58554.09643830069,3.4713906227861275,0.14669659071987573,1118.754859457229
58554.9357838758,3.178012463116723,0.17288124966453663,1119.5942050323429
58555.5206873525,4.9489554981209745,1.0812400476735076,1120.1791085090445
58555.5320893525,3.395799594374444,0.5159677029971182,1120.190510509041
58555.5358963525,3.5342823651927358,0.38643855960242285,1120.1943175090419
58559.67030515906,2.474117002733114,1.0446148732828926,1124.3287263156017
58559.681707159056,4.556540054950486,0.5002920346083004,1124.3401283155981
58559.68551415906,3.5589339145113157,0.3326771862786488,1124.343935315599
58560.34122137351,3.7647845253694903,0.13828013641217454,1124.9996425300487
58561.330152281684,5.723641794195942,1.226794711370785,1125.988573438226
58561.34155428168,3.633483906255451,0.6461005063130327,1125.9999754382225
58561.34536128168,1.971310728702777,0.4285534608335126,1126.0037824382234
58561.5657503525,3.308650954118105,0.15245042959910227,1126.2241715090422
58562.04846005024,3.5195633635454597,0.17125981409162785,1126.706881206781
58562.13321367797,4.552074601485236,0.8030206132607501,1126.7916348345098
58562.144615677964,3.8776816733438757,0.450152877491746,1126.8030368345062
58562.148422677965,3.1962454770234943,0.2684365584729774,1126.8068438345072
58562.357704373506,3.890257740511952,0.16865330780183238,1127.0161255300482
58562.57225322508,3.347066376365145,0.3941430839149625,1127.2306743816225
58562.58057922508,4.166425431087646,0.3816964602123848,1127.2390003816254
58562.82918064076,3.942160420277594,0.14949758218631026,1127.4876017973002
58562.98999940431,1.9141180747564224,1.4769944245785709,1127.6484205608504
58563.001401404304,4.231392228965704,0.7192121037403839,1127.6598225608468
58563.005208404305,2.6931752375652223,0.47202599019692365,1127.6636295608478
58564.06494305024,3.740890350389094,0.1624497107318327,1128.7233642067804
58564.84566364076,3.843303628563627,0.17337242999647573,1129.5040847972996
58565.36815429549,2.835960759144836,0.18860788461010036,1130.0265754520296
58565.71536815906,2.918679227363789,0.15517136022396055,1130.3737893155994
58566.30969364956,6.62859189068721,1.5031208611183378,1130.968114806099
58566.32109564955,2.790046245136835,0.7961308385596697,1130.9795168060955
58566.324902649554,2.967681929196801,0.478162964092329,1130.9833238060965
58567.02800141811,2.7273419058787134,0.38257789380750507,1131.686422574654
58567.13961721087,1.3921848029440294,1.043378030447294,1131.7980383674148
58567.15101921087,3.344711690191883,0.5312768133412707,1131.8094403674113
58567.15482621087,3.412390265139816,0.3518157921043361,1131.8132473674123
58567.37521528168,3.239624222609522,0.19650327898869088,1132.0336364382238
58567.38463729549,2.9789030191109074,0.21188343844528376,1132.043058452029
58568.178276677965,3.5528109285864846,0.14165773125058073,1132.8366978345075
58568.959777924625,3.340315903725598,0.3086148878511299,1133.6181990811674
58569.035062404306,3.2487700314740544,0.22499293307051804,1133.693483560848
58569.04448441811,3.5743297497985993,0.418542300718565,1133.7029055746534
58570.34769566336,3.7397463292711732,0.32104357169876707,1135.0061168199027
58570.72012922508,3.8318296153076474,0.5814975249116594,1135.3785503816252
58572.354756649554,3.1566217022424023,0.24110006936502776,1137.0131778060968
58572.36417866336,3.5999751828517503,0.34018146713158043,1137.022599819902
58573.18468021087,3.633473609969729,0.1544199485061995,1137.8431013674126
58573.77900570137,3.014011630642123,0.900003318790846,1138.4374268579122
58573.77900570137,3.3028670221300347,1.1751658132222098,1138.4374268579122
58573.77900570137,5.210097172125977,0.7847311776507998,1138.4374268579122
58573.790407701366,3.580696050741292,0.572098398823826,1138.4488288579087
58573.790407701366,3.598057425652434,0.5046728463364057,1138.4488288579087
58573.790407701366,3.406613379196384,0.41333432383410285,1138.4488288579087
58573.79421470137,3.1907158546172316,0.38755875046185223,1138.4526358579096
58573.79421470137,4.083998440177116,0.2480005943004617,1138.4526358579096
58573.79421470137,3.191987056792376,0.2918183280498106,1138.4526358579096
58574.57301001423,3.0759288731274914,0.8270232361516063,1139.2314311707742
58574.58441201423,4.072060573006031,0.4684353179663665,1139.2428331707706
58574.58821901423,3.565222526101099,0.31160792999135944,1139.2466401707716
58578.75854706924,0.775797603075917,1.7251515588332984,1143.4169682257852
58578.76994906924,2.497224920117538,1.0150627905536294,1143.4283702257817
58578.77375606924,3.506908250305413,0.607672119008563,1143.4321772257827
58579.07369424027,3.342240484888978,0.27973014550627084,1143.732115396815
58579.82406870137,3.5244124217281927,0.14616487584408672,1144.48248985791
58579.82406870137,3.5412274804868225,0.1349592656527217,1144.48248985791
58579.82406870137,3.764216143034968,0.18441220385343643,1144.48248985791
58580.41839419187,2.4322079444104836,1.6434759245839277,1145.0768153484096
58580.429796191864,2.72447886575474,0.7893141569553352,1145.088217348406
58580.433603191865,2.4102876253096635,0.5794271015649903,1145.092024348407
58580.61807301423,3.594463182653306,0.14327921710581745,1145.276494170772
58580.7335413629,4.478461446887047,0.29493730716363503,1145.3919625194394
58581.248317753176,6.915145334076676,2.4179700395412618,1145.9067389097181
58581.25971975317,5.163698222940148,1.2384460900042547,1145.9181409097146
58581.26352675317,3.30683994307781,0.8151797048129271,1145.9219479097155
58582.9081648758,4.118522809517751,0.9833331000958565,1147.5665860323425
58582.9195668758,3.6687135134129116,0.5136458679257784,1147.577988032339
58582.9233738758,3.276834202412484,0.3506467921908177,1147.5817950323399
58584.58588922508,3.943194143172817,0.2718604650826196,1149.2443103816258
58584.80361006924,3.2896608124576114,0.31325011514435264,1149.462031225783
58586.463457191865,3.460636248890589,0.24824761381677865,1151.1218783484073
58587.29338075317,3.5203651310095787,0.382993913037108,1151.9518019097159
58588.9532278758,3.4619829783344245,0.14925490279842385,1153.6116490323402
58589.98190192462,4.016583332318125,0.2290423991729435,1154.640323081163
58590.330085373505,3.4757634642827178,0.7453974311980422,1154.9885065300477
58590.3414873735,4.039960266164682,0.45447263857117687,1154.9999085300442
58590.3452943735,3.2992356305650477,0.2553596261278642,1155.0037155300452
58591.52254765996,4.059415978505683,0.3275767399086181,1156.1809688165013
58591.91237292462,3.3415006057902854,0.244838426702112,1156.5707940811626
58592.03732405024,0.8786811613044228,1.0551710377627836,1156.69574520678
58592.048726050234,4.5176836100393265,0.46962148519103225,1156.7071472067764
58592.052533050235,2.920046573939886,0.35014788840941985,1156.7109542067774
58592.81804464076,1.7999523960607842,0.841028818562786,1157.4764657972992
58592.82944664075,4.383285538020107,0.46005712596697973,1157.4878677972956
58592.833253640754,3.7994709001621514,0.29517145827802366,1157.4916747972966
58595.357018295486,3.9149850755258933,1.079656804257013,1160.0154394520287
58595.36842029548,3.2243083149818643,0.6140192299781536,1160.026841452025
58595.372227295484,2.400809100487059,0.37455932014118515,1160.030648452026
58596.3751483735,3.584795361578926,0.1409626672186685,1161.0335695300455
58597.01686541811,3.287656941087254,2.401015078779664,1161.675286574653
58597.02826741811,3.8088802296533366,1.243638766518675,1161.6866885746495
58597.03207441811,1.9845987196720438,0.7695861855678223,1161.6904955746504
58597.54848322508,4.256761715750039,0.7655765386182041,1162.2069043816227
58597.55409522508,4.233418837262223,0.7904697860233597,1162.2125163816236
58598.082387050235,3.490554486629061,0.1446146234424913,1162.7408082067777
58598.863107640755,3.693153218507508,0.14371539248228576,1163.521528797297
58600.33655966336,2.8430606668573355,2.073343682732426,1164.9949808199017
58600.347961663356,3.311831588694785,1.0467783704150022,1165.0063828198981
58600.35176866336,1.2453689470168536,0.6865988777187966,1165.010189819899
58601.402081295484,3.358395744684551,0.1884813870349091,1166.0605024520264
58603.06192841811,3.532631886713313,0.37997177736467463,1167.7203495746508
58603.29418944232,2.707143464366698,0.9067922854877458,1167.9526105988625
58606.38162266336,3.86016454772483,0.3042710341284363,1171.0400438198994
58607.557758225084,3.786191995064862,0.25897711774135485,1172.2161793816267
58607.9661853063,3.967097237269397,0.2984748806952747,1172.624606462843
58609.92854092462,4.199027450280021,0.24029706878747606,1174.5869620811645
58609.93357793282,2.6964920526556644,0.5493568206294833,1174.59199908936
58610.07126995582,4.147793899893269,0.3499511638644602,1174.729691112363
58613.253272178066,4.13150333428197,0.832528730731126,1177.9116933346086
58614.91311930069,3.8462239044120032,0.4305884271379131,1179.571540457233
58621.92593592462,4.036723267417815,0.2610293549195098,1186.584357081163
58622.382431352504,4.301906689642404,0.540918478084207,1187.040852509046
58626.53204915906,3.497248246978829,0.4498799545903722,1191.1904703156033
58628.191896281685,3.929234138018458,0.6075676636169871,1192.8503174382276
58628.988309306296,3.6416470585138856,0.22977520074330643,1193.6467304628386
58628.99495767797,4.156771174937624,0.43060780829495987,1193.6533788345114
58629.85174340431,4.730356148564268,0.6279904791757385,1194.510164560852
58630.75991194722,3.5139721979985827,0.17060019738838034,1195.4183331037639
58630.76820594722,4.36757010655486,0.14815594468787965,1195.4266271037632
58630.918780306296,3.901114493812704,0.2373438095515741,1195.5772014628383
58633.17143764956,2.245835103971299,0.6753385733988923,1197.8298588061007
58634.001361210874,4.441104604348391,0.5267649083447419,1198.6597823674165
58639.424461225084,4.979102614138236,0.30439637616479653,1204.0828823816264
58640.64074970137,3.542090391392531,0.3590572278650734,1205.2991708579139
58640.64074970137,2.3859834027326112,0.4315392660505261,1205.2991708579139
58640.64074970137,4.377224229099259,0.5541287231200702,1205.2991708579139
58641.43475401423,3.5379312466523722,0.48422527250455855,1206.0931751707758
58645.620291069245,4.0758896351448906,0.9618888938613581,1210.2787122257869
58647.28013819187,3.347381266869689,0.7553376623490653,1211.9385593484112
58648.11006175318,2.99601213786068,1.0451922806736038,1212.7684829097198
58648.9349483063,3.5762465157347525,0.24704715417755832,1213.5933694628402
58649.7699088758,4.118522809517751,0.5198932192605678,1214.428330032344
58652.77696494722,4.461883721626113,0.15878114942375499,1217.4353861037598
58652.78525194722,4.0953738503998505,0.18337431993600573,1217.443673103764
58652.859768947215,3.786168454153591,0.3035943330711344,1217.5181901037577
58656.256585442316,4.481443056537436,0.3753658139641014,1220.9150065988579
58657.19182937351,4.028710943427772,0.40575441779517296,1221.8502505300494
58658.89906805024,3.4432807612838183,0.4803655136785873,1223.5574892067816
58659.67978864076,3.404043733306284,0.4747923835998163,1224.3382097973008
58660.799569947216,4.149096795693603,0.1943576776405061,1225.457991103758
58660.807862947215,4.490535959116113,0.16689928337925525,1225.466284103757
58660.9323433063,4.884063304424905,0.26315470625669213,1225.5907644628387
58662.21876229549,4.209724425721422,0.5578543065932545,1226.8771834520303
58662.89597393281,4.5804573178805335,0.24786915883572957,1227.5543950893552
58663.87860941811,1.6014996025759731,0.98615446196703,1228.5370305746546
58666.21566817806,4.569004747409778,0.3572928207210438,1230.874089334604
58666.3442728586,3.591136028036626,0.2183845835301014,1231.0026940151438
58666.3525668586,4.610371769216316,0.1917326188241349,1231.010988015143
58667.19830366336,3.4752563137390338,0.8878693285627658,1231.8567248199033
58667.875515300686,4.03103028560359,0.1914886458222435,1232.5339364572283
58668.83404354254,4.046151286184505,0.18225204787406413,1233.492464699084
58668.84233754254,4.284678652916234,0.18239487863258613,1233.5007586990832
58670.113339955824,3.3924301036725497,0.3223890277913481,1234.7717611123662
58670.115989955826,4.148966756747445,0.3496579496509164,1234.7744111123684
58675.3448273525,3.9127223509634126,0.23351060320739547,1240.0032485090414
58679.494445159056,3.9343656496659287,0.1915446331482885,1244.1528663155987
58681.15429228168,4.372859485662971,0.25935020323832997,1245.812713438223
58681.957353677964,4.101305438027825,0.16049847362946468,1246.6157748345067
58682.66741694722,3.8876451285973443,0.18003155889550562,1247.3258381037595
58682.814139404305,4.268125769058852,0.25131863680393923,1247.4725605608473
58686.133833649554,4.3693889634154495,0.2700062397711496,1250.792254806096
58686.96375721087,4.443360556846655,0.20957798708876454,1251.6221783674118
58688.3613258586,3.9674940750966385,0.21321571764773198,1253.0197470151397
58688.3696128586,3.7268187574488194,0.23146827529484845,1253.028034015144
58688.444129858595,3.9271123103906285,0.3808808047070852,1253.1025510151376
58689.67277794722,3.7348331953173397,0.1780020254066306,1254.3311991037626
58690.85109654254,4.120423280615941,0.17582466374057443,1255.5095176990799
58690.85938354254,3.921888526270369,0.2221018295017004,1255.517804699084
58690.933900542535,3.3348541087449752,0.3586480346487265,1255.5923216990777
58693.60314570137,4.438397593197151,0.2178026650902024,1258.2615668579092
58693.60314570137,4.49733276401122,0.150319079774323,1258.2615668579092
58693.60314570137,4.584082200415903,0.19188614911372054,1258.2615668579092
58694.39715001423,4.419049697425562,0.19298833324457046,1259.0555711707711
58696.383930858596,4.036950710390975,0.23146827529484845,1261.042352015138
58696.392223858595,4.015952192743851,0.2120850282359639,1261.050645015137
58698.58268706924,3.9351960563482202,0.3982869693876349,1263.2411082257822
58698.873701542536,3.989018982775707,0.21167518412959488,1263.5321226990782
58698.881994542535,4.081858975815003,0.1972492775188735,1263.5404156990771
58700.242534191864,4.46166415449467,0.3233247067370848,1264.9009553484066
58701.07245775317,5.198835279182085,0.46975541344988975,1265.730878909715
58702.7323048758,4.211665138509156,0.2232008249611132,1267.3907260323394
58705.35068024028,3.7998902783669313,0.21887598818510806,1270.0091013968195
58705.35897424028,3.9822869351878554,0.1935062713727434,1270.0173953968188
58707.0105273629,3.5933510058544775,0.20075439176876964,1271.6689485194438
58707.0188213629,3.826196248352085,0.1862761939980853,1271.677242519443
58708.386936225084,3.58027679942397,0.34108116181449943,1273.0453573816267
58710.1542253735,4.09101488473989,0.1666630430099175,1274.8126465300447
58711.861464050235,3.9450268916526405,0.19371483363061795,1276.519885206777
58712.642184640754,4.597786123814563,0.17691635271829728,1277.3006057972962
58715.18115829548,4.1844249106831795,0.262229473371387,1279.8395794520256
58716.84100541811,4.585502929616801,0.43235471786556623,1281.49942657465
58717.65171594722,4.3066841018886075,0.15663223161200493,1282.3101371037628
58717.79953365996,3.0800087475989772,0.2166938498381088,1282.4579548165057
58717.80782765996,3.874028181226914,0.21074744879331808,1282.466248816505
58718.2517778586,3.3569217927417694,0.22904536941248804,1282.9101990151394
58720.160699663356,3.3612890712739656,0.35286838657580494,1284.8191208198987
58720.74154854254,3.4491187155625704,0.19125038566094973,1285.3999696990795
58722.3881918724,-2.0829993386430554,1.671064997623,1287.0466130289424
58722.396478872404,-2.3487886327184837,1.743305164730683,1287.0549000289466
58722.4709958724,-4.386506553963493,3.100875097546757,1287.1294170289402
58725.2571388586,3.818889180978522,0.22048443529481396,1289.9155600151425
58727.36773324027,3.546193110243284,0.22368462731947802,1292.0261543968154
58727.37602024028,3.789941369813062,0.23661820843950715,1292.0344413968196
58727.45053724027,3.0039775940574476,0.38601765189009996,1292.1089583968133
58727.74690954254,4.054721131695824,0.18867943200755385,1292.4053306990827
58729.0275803629,4.045608111474829,0.17955950431065434,1293.6860015194397
58729.0358673629,3.8082850758522686,0.21523258953945432,1293.694288519444
58729.110384362895,3.4933469593971718,0.3709105305170206,1293.7688055194376
58729.40906022508,3.5717606884695754,0.2513344540643334,1294.0674813816222
58730.4107968724,-3.016669422959329,1.92186104946854,1295.0692180289407
58730.4190898724,-3.0098543128548285,1.6117735397138642,1295.0775110289396
58731.33953122508,3.4931504335059262,0.25482824317382896,1295.9979523816219
58731.51735104684,2.384868117506515,0.934853149935896,1296.17577220338
58731.52563804684,2.384868117506515,0.9195101402232075,1296.184059203384
58731.600155046835,-0.29123822772982844,1.621363631033859,1296.2585762033777
58735.39033824027,3.503081173176519,0.2354575024415558,1300.0487593968137
58735.39863124027,3.4798670532174936,0.22567440903025174,1300.0570523968127
58737.050185362896,4.035159927516602,0.24105452989335557,1301.708606519438
58737.058478362895,4.124715790015682,0.21135183549782754,1301.716899519437
58739.539956046836,2.384868117506515,1.0572404134580382,1304.1983772033782
58739.548249046835,0.27966445925392536,0.8863264215422766,1304.2066702033771
58739.81658665996,3.828555702649103,0.2175683205799898,1304.4750078165016
58739.82487365996,3.975466787285108,0.24292797209453845,1304.4832948165058
58739.89939065996,3.1622089973357896,0.43915920657263213,1304.5578118164995
58747.83919165996,3.545227182279663,0.26898720020259187,1312.4976128165
58747.84748465996,3.7568491018148613,0.22736239288905688,1312.5059058164989
58749.35569922508,2.6738568873292285,0.2882376015333796,1314.0141203816238
58752.2786438724,-2.648653477316409,1.7180892573440387,1316.937065028942
58753.2360768586,3.6444399574485598,0.19835522823592036,1317.8944980151427
58755.72584754254,3.2762934977509572,0.17639598677466226,1320.384268699083
58757.25818524027,3.6373914386537454,0.24325081414208619,1321.916606396815
58758.9180323629,3.4411060396060433,0.2082173803103596,1323.5764535194394
58761.35309422508,2.9730125798297817,0.3074534416356049,1326.0115153816223
58761.40780304684,2.0994167740146383,0.9441303185993816,1326.0662242033795
58764.263546240276,2.786759757297984,0.22086576989588197,1328.9219673968182
58765.9233933629,2.879889301278478,0.20329180787291037,1330.5818145194426
58769.70703865996,3.1569621728845036,0.22858665192769026,1334.3654598165012
58776.71239965996,3.513746235571948,0.2166938498381088,1341.3708208165044
58782.53357144232,3.0892006758195207,0.27995943686684277,1347.1919925988623
58782.54186544232,3.5057941323754243,0.25599991682658096,1347.2002865988616
58789.17295993282,3.029113038747627,0.17908313891191197,1353.8313810893596
58789.18125393282,3.6531100086561454,0.16444781552386567,1353.839675089359
58792.242484240276,3.196323159432239,0.20096795278814483,1356.9009053968184
58792.492654178066,2.950249518836885,0.2353393018116671,1357.1510753346083
58792.500948178065,3.3239486425502216,0.2285944883592801,1357.1593693346076
58793.9023313629,3.31722042981565,0.1879180514772351,1358.5607525194428
58794.15250130069,3.0808957834321524,0.12403953720655693,1358.8109224572327
58794.16079530069,3.4870521805142296,0.1365687833890374,1358.819216457232
58794.590643180665,2.3555913381121614,0.49107316824818353,1359.2490643372075
58794.59893018067,1.9835662106514136,0.5509887940392298,1359.2573513372117
58794.67344718066,2.74719673543926,0.9470976534355916,1359.3318683372054
58801.6218133525,3.3325272939143615,0.15734507925733499,1366.2802345090458
58801.6301073525,3.596360848663004,0.14755577994086955,1366.2885285090451
58802.61324818066,1.7877635119878643,0.5887787148812949,1367.2716693372058
58802.62154118066,2.0227267503841264,0.4996884869893797,1367.2799623372048
58804.550624442316,2.8798246898820983,0.286219131291776,1369.2090455988582
58804.55891144232,2.875507659244213,0.31104205745961483,1369.2173325988624
58804.633428442314,2.6531805813931353,0.5199863403332492,1369.291849598856
58804.69133765996,3.597695426792521,0.22036662695400897,1369.3497588165046
58805.77143115906,3.087783040082155,0.13134793000451755,1370.429852315603
58807.431278281685,3.131561637926885,0.19479702765159648,1372.0896994382274
58807.439572281684,3.3619055684346124,0.1652220044752958,1372.0979934382267
58808.17414892462,3.7048092389611615,0.4576898976576578,1372.832570081162
58808.23433967797,3.2587544821123147,0.12440172421197676,1372.8927608345111
58808.24263367797,3.684872206943148,0.10071873496001515,1372.9010548345104
58809.09112540431,3.2503005956446014,0.18902467506264597,1373.7495465608517
58809.09941940431,3.6130443040644162,0.1789229515370309,1373.757840560851
58811.19001293281,3.4029790271149896,0.16484696070717603,1375.8484340893556
58811.19401392462,3.0277520089921754,0.5868224227086102,1375.852435081164
58811.19829993282,3.2459819216795847,0.19917344647186644,1375.8567210893598
58811.20228592462,2.051754958033676,0.6792291837542461,1375.8607070811631
58811.27281693281,3.3404462817297014,0.32769819549780016,1375.9312380893534
58812.41081964956,3.3471763451430947,0.207187802408125,1377.0692408061004
58812.41911364956,3.936603842251167,0.18086542377014808,1377.0775348060997
58812.573229442314,2.625119882246882,0.3099627998001433,1377.2316505988565
58812.58152244231,3.3460639987736784,0.28125454605820827,1377.2399435988555
58813.240743210874,3.2104825165451505,0.15227679363284832,1377.8991643674162
58813.24903721087,3.807181952336089,0.12926607815055122,1377.9074583674155
58814.50970717806,3.5609285746611197,0.21619861498732548,1379.1681283346043
58814.517994178066,3.387750931964694,0.2623185556212153,1379.1764153346085
58814.59251117806,2.864572158766023,0.4610171140834285,1379.250932334602
58816.169554300686,3.055837291067191,0.1307218018372132,1380.8279754572286
58816.17784130069,2.895045298392025,0.15682439805071424,1380.8362624572328
58816.252358300684,2.3280969086347842,0.2671861748413966,1380.9107794572265
58819.21261793281,3.1342212703526853,0.20130222078285498,1383.8710390893539
58819.22091093281,3.609204038492006,0.19411760748326862,1383.8793320893528
58819.88013170137,3.107183294915729,0.11243729101374447,1384.5385528579136
58819.88013170137,3.424173388609084,0.13020845832716751,1384.5385528579136
58819.88013170137,3.0518013403116035,0.17103053045702246,1384.5385528579136
58819.88842570137,3.6144229820800446,0.12499193721586692,1384.546846857913
58819.88842570137,3.5284438022410094,0.1422280715275984,1384.546846857913
58820.67413601423,3.2065371390606847,0.14181718427820708,1385.3325571707755
58820.68243001423,3.7855021387943966,0.11316134085704359,1385.3408511707748
58822.53231217806,3.46613660181676,0.2887509326643536,1387.1907333346026
58822.54060517806,3.059624872118838,0.24755288292815178,1387.1990263346015
58823.6388663525,3.410125398252198,0.15089846751234542,1388.2972875090418
58823.647153352504,3.2919375162607256,0.1699995393493513,1388.305574509046
58823.7216703525,3.5235380122844195,0.2983348657542337,1388.3800915090396
58824.192159300685,2.855369352147504,0.16120963421458243,1388.850580457227
58824.20045230068,3.0965573411602536,0.14210253378629964,1388.8588734572259
58824.481095180665,2.0031464805177683,0.49361860333080965,1389.1395163372072
58824.859673069244,3.3538005322031528,0.2832492784891803,1389.5180942257866
58824.86796706924,3.9269199634778276,0.24559305592889485,1389.526388225786
58826.51952019187,3.1939390331639537,0.23673944628884852,1391.177941348411
58826.52781419187,4.072578490455128,0.21956852965987342,1391.1862353484103
58827.34944375318,2.4230078360690994,0.32569348285794997,1392.0078649097195
58827.35773775318,3.650101954056729,0.33839688011465013,1392.0161589097188
58827.78848415906,3.142023885671065,0.14336599971343306,1392.446905315599
58827.79677115906,3.0431141084206996,0.16272253676673037,1392.4551923156032
58827.871288159055,2.4953879225719016,0.2667373347784051,1392.5297093155968
58829.0092908758,3.3483947722473446,0.15675172440017107,1393.6677120323438
58829.0175848758,3.572163538238893,0.13414767138884215,1393.6760060323431
58829.44833128168,3.2467336031807483,0.17702357622353124,1394.1067524382233
58829.456618281685,2.9467177430750042,0.20475016045131322,1394.1150394382275
58829.53113528168,3.2353585942667875,0.33797995235609135,1394.1895564382212
58830.251392677965,3.33887165764869,0.11982359989561242,1394.909813834507
58830.25967967797,3.416347607617932,0.12431368335973897,1394.9181008345113
58830.33419667796,3.6971979262564365,0.20671992105429685,1394.992617834505
58831.108178404305,3.0926524860781845,0.19958556783942552,1395.7665995608477
58831.11646540431,3.0191854058918928,0.21749316863483414,1395.7748865608519
58831.1909824043,2.997757507504224,0.3593764672446098,1395.8494035608455
58831.6614713525,3.5139874763659176,0.19101071837005765,1396.31989250904
58831.6697643525,3.1940445230960712,0.164030454400287,1396.328185509039
58834.427872649554,3.1227094352854996,0.2026661668138713,1399.0862938060964
58834.43615964956,3.100101257314232,0.22252906603148578,1399.0945808061006
58834.441076442316,2.463231233326194,0.2961483017589115,1399.0994975988579
58834.51067664955,2.4896804520899822,0.36286125643885947,1399.1690978060942
58835.25779621087,3.288312877735273,0.14268899551522451,1399.9162173674122
58835.266083210874,3.315384307714446,0.14934405538510456,1399.9245043674164
58835.34060021087,3.326664070205769,0.25684019192740415,1399.99902136741
58835.811089159055,2.44221062297493,0.16112721777882125,1400.4695103155973
58835.819382159054,3.491930517019132,0.14315329051504516,1400.4778033155962
58836.43121137351,3.465379474064031,0.11993508702582847,1401.0896325300491
58836.439505373506,3.5069154349387768,0.10574363372695691,1401.0979265300484
58837.47093628168,3.1699522930115065,0.21157516579969032,1402.1293574382216
58837.47922928168,2.9424521147322693,0.20020015688572837,1402.1376504382206
58837.7475668948,1.8142587089182574,0.7262621975571758,1402.405988051345
58837.75585389481,3.090535374081495,0.8341379633031158,1402.4142750513493
58837.8303708948,0.9937951384561773,1.4604251554225052,1402.488792051343
58838.13845005024,3.131703935144721,0.13591196036757167,1402.7968712067814
58838.14674405024,3.300385182399337,0.12925066270528754,1402.8051652067807
58838.27399767796,3.1795177150983167,0.1349666264805098,1402.9324188345054
58838.28229067796,3.3996198456927553,0.12114421267917906,1402.9407118345043
58838.91917064076,3.0431231824260467,0.13550841354754137,1403.5775917973006
58838.92746464076,3.4758547989852984,0.1042659369209575,1403.5858857972999
58839.130783404304,3.311523162466511,0.21121785553558822,1403.789204560846
58839.1390764043,2.8906180155658814,0.19637138308127527,1403.797497560845
58841.08046493281,3.307184183120506,0.18759823615586615,1405.7388860893552
58841.44643744232,3.3050522077137705,0.2849240221004103,1406.104858598861
58841.45814429549,2.0959499442762333,0.18595143553108484,1406.11656545203
58841.46643829549,3.0510066369699,0.1741871610383019,1406.1248594520293
58841.89718470137,3.224718169647595,0.12018455501525674,1406.5556058579095
58841.89718470137,3.3831570625085163,0.16504063855577056,1406.5556058579095
58841.89718470137,3.4135166664420478,0.11028001374947462,1406.5556058579095
58841.90547170137,3.224718169647595,0.14483517438434346,1406.5638928579137
58841.90547170137,3.0811135772751763,0.1751087547302154,1406.5638928579137
58841.90547170137,3.2297166435262565,0.12693419422963775,1406.5638928579137
58841.979988701365,3.5309926924117554,0.28853436732838983,1406.6384098579074
58841.979988701365,3.028658402496307,0.20131711430166221,1406.6384098579074
58841.979988701365,2.7184087676684277,0.24589248532483168,1406.6384098579074
58842.45047764955,2.838492340789552,0.22285204000250375,1407.1088988060947
58842.45877064955,2.903087134993178,0.21606958661112335,1407.1171918060936
58842.69118901423,3.586665674239384,0.1284639511193656,1407.3496101707715
58842.69947601423,3.7650336792078503,0.1392829940436824,1407.3578971707757
58842.77399301423,3.4638549167201123,0.23967591487292866,1407.4324141707693
58843.11799141811,2.909770056876842,0.3077823518982723,1407.7764125746544
58843.12628541811,3.1625633518313925,0.31117030327395157,1407.7847065746537
58843.28040121087,3.3401997851953547,0.16964762786948434,1407.9388223674105
58843.28869421087,3.4405896713681208,0.15419435325637304,1407.9471153674094
58844.34982852573,1.8950644904132923,0.4857995262025899,1409.0082496822724
58844.358115525734,2.188426148849343,0.4800798963840255,1409.0165366822766
58844.40015917806,2.4197790554194176,0.24190182300858407,1409.058580334604
58844.43263252573,1.4448742724359591,0.8201211143070689,1409.0910536822703
58845.7701718948,0.8114699005757132,0.9003827997330176,1410.4285930513433
58845.7784648948,0.9634075988094342,0.7490528522922336,1410.4368860513423
58846.060006300686,2.912795063817206,0.1383437599315555,1410.7184274572282
58846.43768566336,3.0860474290941786,0.26836060112529225,1411.096106819903
58846.44597966336,3.135504911673359,0.24105146944026654,1411.1044008199024
58846.87672606924,3.540012621786982,0.25366224647752744,1411.5351472257826
58846.885013069244,3.4593207163006556,0.296697929403568,1411.5434342257868
58846.95953006924,3.4862180181294313,0.5184972183300847,1411.6179512257804
58847.180556306295,3.5494652845670354,0.43917337777204596,1411.8389774628376
58848.085825932816,2.7244322154873903,0.18174410680064768,1412.7442470893584
58848.536573191865,3.6542657342811595,0.23125936651364368,1413.194994348407
58848.54486019187,4.094498809555947,0.2687065783108765,1413.203281348411
58848.61937719186,4.059791637646317,0.44973188021847615,1413.2777983484048
58849.32574706024,2.871565245664088,0.44453796794188716,1413.9841682167826
58849.334034060244,2.4376932964731446,0.4996758614849028,1413.9924552167868
58849.36649675317,3.185211671471107,0.32704490809802444,1414.0249179097154
58849.37478375318,3.5446907853309204,0.4102927028866125,1414.0332049097196
58849.40855106024,2.708863264717485,0.8541853999696692,1414.0669722167804
58849.44930075317,4.144723591923989,0.6876051621498961,1414.1077219097133
58849.919789701366,3.1269936003485945,0.17803997842657268,1414.5782108579078
58849.919789701366,3.52138052965554,0.12512208132765118,1414.5782108579078
58849.919789701366,3.1909642095156507,0.15659791806668763,1414.5782108579078
58849.928082701364,3.342345606471037,0.14238034092020202,1414.5865038579068
58849.928082701364,3.389529287935381,0.17077564143994806,1414.5865038579068
58849.928082701364,3.950247249792386,0.12339625951623528,1414.5865038579068
58850.2004213063,2.308019373118614,0.6357631398944863,1414.8588424628397
58850.2086933063,3.3581153285426266,0.6670079095901555,1414.8671144628388
58850.71379401423,3.6276025934124743,0.1586792962233135,1415.3722151707698
58850.72208701423,3.766983056311332,0.13791843007124605,1415.3805081707687
58851.0263438758,3.21549657112546,0.13880478783841235,1415.6847650323398
58851.0346308758,3.274562438290743,0.15788760646104189,1415.693052032344
58851.109147875795,3.2427577405863595,0.2715894007542097,1415.7675690323376
58851.405520178065,4.127857489172571,0.23843827015465574,1416.063941334607
58852.37243352573,1.9744012911224145,0.5214088344278464,1417.0308546822707
58852.38072652573,2.684742413750584,0.4490831928511599,1417.0391476822697
58853.06536730069,3.782533569651061,0.12383071643684891,1417.7237884572314
58853.5293183525,2.9731883799806917,0.16534365308908117,1418.1877395090414
58854.89933106924,2.5737787791686673,0.3331127380332946,1419.5577522257809
58854.90762406924,3.0599992353042222,0.279318134375744,1419.5660452257798
58856.55917819186,4.432437062360244,0.2657838690974341,1421.2175993484052
58856.56747119186,4.620586467975611,0.2420368567382132,1421.2258923484042
58856.835808804986,2.4565182771365484,0.5194946607100814,1421.4942299615286
58856.84409580499,3.003136812120451,0.5515877943928486,1421.5025169615328
58856.918612804984,2.332286791912933,0.9704549520718021,1421.5770339615265
58857.34835206024,2.889643243547044,0.5220925788597682,1422.0067732167809
58857.35664506024,2.4015373007072336,0.4421878282171029,1422.0150662167798
58857.38910175317,2.9257380253768064,0.39137274952556983,1422.0475229097137
58857.39739475317,3.709564664620007,0.3473162866991417,1422.0558159097127
58857.678936159056,2.797434984282695,0.1481519566771604,1422.3373573155986
58858.44016795582,3.627631885066665,0.2992251049213922,1423.0985891123637
58858.4482643735,3.5233567527850305,0.11275282712457035,1423.106685530045
58858.45655137351,3.7535352026325803,0.12902107846717914,1423.1149725300493
58858.5310683735,3.8461257820825345,0.21590046329685572,1423.189489530043
58859.048948875796,3.5006029684040327,0.17924218920541315,1423.707370032338
58859.057241875795,3.1178107138905706,0.16152242905582856,1423.715663032337
58859.33878328168,2.4433735986321934,0.20091109494285114,1423.997204438223
58859.43443395582,2.88506688926713,0.2715163617415083,1424.0928551123652
58860.141844677964,3.120530344099006,0.14077732272820298,1424.8002658345067
58860.155503050235,2.9254185881836636,0.14354022059373578,1424.8139242067773
58860.16379005024,3.122034309505922,0.14977175711651772,1424.8222112067815
58860.23830705023,3.3229476422232014,0.25936084768957934,1424.8967282067752
58860.5346793525,2.808441635386517,0.15018217731845782,1425.1931005090446
58860.936223640754,3.4460112392225914,0.12795426248260613,1425.5946447972965
58860.94451064076,3.752840338032922,0.12711491236428002,1425.6029317973007
58860.998630404305,2.9901046866514855,0.2122892504549718,1425.6570515608473
58861.01902764075,3.3247717776865935,0.217671464019244,1425.6774487972943
58863.475197295484,1.8277750848708594,0.16090491564322446,1428.133618452026
58863.48348429549,2.786626704820263,0.19354129004255768,1428.1419054520302
58863.55800129548,2.5273066756782736,0.3152319573765056,1428.2164224520238
58864.318324649554,3.2115272773154824,0.23544802487221048,1428.976745806096
58864.68429715906,3.542980724632224,0.13198605759968132,1429.3427183156018
58864.858413804985,1.421255900273094,0.6083201726449659,1429.516834961527
58864.86670680498,1.6490136231830528,0.5078997220892107,1429.5251279615259
58865.13504441811,2.417214049181894,0.31117030327395157,1429.7934655746503
58865.14333141811,2.9827413172760937,0.3786687191432597,1429.8017525746545
58865.14824821087,3.1834110865659784,0.16851965162035212,1429.8066693674118
58865.217848418106,1.4685876639916213,0.6452744312448113,1429.8762695746482
58866.344144281684,2.8414989106208584,0.19365952676020043,1431.0025654382262
58866.4708693735,3.697288588948028,0.1405300009595566,1431.1292905300434
58866.4791623735,3.595179351797612,0.12426174961694773,1431.1375835300423
58867.14720567797,3.3511973769619785,0.1195594773388991,1431.80562683451
58867.6380188948,1.9661964071519784,0.7378094626229385,1432.2964400513447
58868.00399140431,3.3161148549781547,0.19208580340374162,1432.6624125608505
58868.17810805023,3.382039798904755,0.16083810645869945,1432.8365292067756
58868.18640105023,3.326170850769469,0.1391351689138381,1432.8448222067746
58868.45473866336,2.8946684747660454,0.27825209764112835,1433.113159819899
58868.46302566336,3.2387205274907793,0.3023357413318597,1433.1214468199032
58868.537542663355,2.221616646623286,0.49737024872019314,1433.1959638198969
58868.95882864075,3.5896333705806183,0.14725931520410723,1433.6172497972948
58868.96712164075,3.9412278090350097,0.13028579058906764,1433.6255427972937
58869.42537544232,3.1928094111287613,0.26895100874023575,1434.0837965988612
58871.32368564956,2.9789860181824364,0.2141317427850146,1435.9821068060992
58871.49780229548,1.9466828055506011,0.21074496026856282,1436.1562234520243
58871.50609529548,2.7119931354574462,0.19303529974179284,1436.1645164520232
58871.78763670137,2.865698775516913,0.1419712020095118,1436.4460578579092
58871.78763670137,2.6643700343582872,0.18504942639612282,1436.4460578579092
58871.78763670137,3.4532105681046135,0.12788339622591657,1436.4460578579092
58872.15360921087,3.004062862953956,0.15092322213388965,1436.812030367415
58872.58164101423,3.565222526101099,0.15166153865078363,1437.2400621707711
58873.157649418106,2.7768581182924903,0.3648563019962585,1437.8160705746486
58873.165942418105,2.8680721937915554,0.31820681766959374,1437.8243635746476
58874.24028052573,1.105386567076004,0.48801357645493754,1438.898701682272
58876.064763932816,3.36040354089522,0.1668426866237278,1440.7231850893586
58876.477343663355,3.172060442275362,0.2943795376126002,1441.1357648198973
58876.485636663354,2.7785509069714474,0.27158608911958665,1441.1440578198963
58876.76717806924,2.78895719379887,0.3018704874475633,1441.4255992257822
58878.427025191864,3.7492537837180424,0.24550757392917624,1443.0854463484065
58878.79299770137,3.356665468345195,0.13092445142087544,1443.4514188579124
58878.79299770137,3.241693658032142,0.16720719520090438,1443.4514188579124
58878.79299770137,3.2374828416776285,0.11010743156833303,1443.4514188579124
58879.21619906024,1.2264674383150953,0.4456226478148645,1443.8746202167822
58879.25694875317,2.76086414608772,0.3429917259309034,1443.915369909715
58879.384458178065,2.658581910085012,0.22403718197253203,1444.0428793346073
58879.58700201423,2.922902770504271,0.14171971542303305,1444.2454231707743
58880.9167958758,3.103044247099251,0.1644757224140927,1445.5752170323394
58881.04430530069,2.973353087032528,0.13145267453119122,1445.7027264572316
58883.77253906924,2.836544727803627,0.3405612216166478,1448.4309602257854
58885.43238619187,1.732584426442666,0.24550757392917624,1450.0908073484097
58886.262309753176,2.704104286004593,0.34596486145906724,1450.9207309097183
58886.726260804986,2.7111928218449566,0.5232216052667898,1451.3846819615283
58887.9221568758,3.171197170751498,0.15845554749147728,1452.5805780323426
58888.3387163735,3.279332982645899,0.13300160805100894,1452.9971375300447
58888.5136173525,3.016165791613954,0.15233104790012097,1453.1720385090448
58890.045955050235,2.883516877082199,0.15020151825601993,1454.704376206777
58890.826675640754,3.0365949037279543,0.15136280467147945,1455.4850967972961
58892.66323515906,2.941013693194516,0.13517669557549955,1457.321656315602
58893.36564929548,1.484966656102669,0.19214981671545434,1458.0240704520256
58893.90512792462,3.1922281456396426,0.47111652105745083,1458.563549081162
58894.323082281684,2.744811334852182,0.17218919743509745,1458.9815034382264
58895.02549641811,2.122722891142057,0.32967373001804784,1459.68391757465
58895.12614367797,3.392576577513733,0.10406428734505062,1459.78456483451
58895.344077373506,3.4852821219831798,0.11898322125578223,1460.002498530048
58895.98292940431,3.3161148549781547,0.17907600795408582,1460.6413505608507
58897.05131605024,3.2122841488013845,0.13290363239105626,1461.7097372067801
58897.83203664076,3.009549177693001,0.13037905171332612,1462.4904577972993
58898.345190663356,2.9978840905834656,0.2963148304091769,1463.0036118198987
58899.30262364956,2.6301741294828647,0.18070393678463903,1463.9610448060994
58900.13254721087,2.9893991717152377,0.13253720927303464,1464.7909683674152
58900.37101029549,3.4659186835970828,0.19316179731698405,1465.0294314520288
58902.03085741811,3.417962763228774,0.3174249827367446,1466.6892785746531
58905.35055166336,3.713942425316818,0.2756717072456929,1470.0089728199018
58906.77193570137,2.8851328737746993,0.11936627719387627,1471.4303568579126
58906.77193570137,3.077844324121659,0.10044282942440412,1471.4303568579126
58906.77193570137,3.151208056970677,0.1473258518690895,1471.4303568579126
58907.56594001423,3.4433864571335673,0.12339557065031626,1472.2243611707745
58911.75147706924,2.8034403563220582,0.2505587116511303,1476.4098982257856
58913.41132419187,3.7821342623692717,0.2288846652777216,1478.06974534841
58914.241247753176,3.231160129633639,0.3343426043944267,1478.8996689097185
58915.9010948758,3.42677063444743,0.1402814345175444,1480.5595160323428
58923.30180395582,3.5308711945972293,0.19557388043367818,1487.9602251123652
58923.323015373506,3.3096196207837347,0.1063493664897137,1487.981436530048
58925.03025405024,2.772853383660382,0.1325813115364296,1489.6886752067803
58925.81097464076,3.4096394007617925,0.11303248260125268,1490.4693957972995
58928.34994829549,2.552606190716517,0.16988624348180065,1493.008369452029
58930.00979541811,2.6465522961509698,0.30673990532114015,1494.6682165746533
58932.911535306295,3.4724207282367208,0.4795392914161403,1497.5699564628376
58933.32948966336,3.13335458634383,0.25502858408220885,1497.987910819902
58947.60130722508,3.8110852424700177,0.49262426443886725,1512.2597283816212
58950.62117222508,4.75593683476921,0.6860928363771812,1515.2795933816233
58950.62944422508,4.1995072467181815,0.7186287474593582,1515.2878653816224
58953.94719792462,2.527610287349878,0.4124737688554129,1518.605619081165
58953.949847924625,3.0942927749587983,0.42155648468468476,1518.6082690811672
58958.84694994722,3.5593382406910843,0.1654666715047552,1523.5053711037617
58988.80338094722,3.6966302119973387,0.15054363114537972,1553.4618021037604
58992.9536053063,2.9880297645075884,0.40443540401102246,1557.6120264628407
58992.9562553063,2.5117896102642825,0.4024947350858256,1557.614676462843
58994.4313108586,3.3359232750946437,0.2007781341182811,1559.0897320151416
58996.92108154254,3.2177328867569406,0.18939358580016383,1561.5795026990818
59016.199939955826,3.6713208028846833,0.20114495049100936,1580.8583611123686
59016.20406995583,3.809424697463787,0.18135299107680655,1580.8624911123698
59024.3877418586,2.867494804504929,0.1896327670594224,1589.0461630151403
59026.87751254254,3.316286110137116,0.15668534209862708,1591.5359336990805
59033.33228622508,3.158183402633044,0.49000392260674563,1597.9907073816212
59033.437718240275,3.4218317533199265,0.21605713076151215,1598.0961393968173
59035.0975653629,3.3769243381483696,0.19523178024799323,1599.7559865194416
59037.13997995582,3.9039862813316453,0.23530440636885555,1601.7984011123626
59045.88657165996,3.5574697726659963,0.19885464670373665,1610.5449928165035
59063.394149240274,3.7998902783669313,0.19848072564967753,1628.052570396816
59065.0539963629,3.6694734889786953,0.1852313756022627,1629.7124175194404
59075.84300265996,4.022688207346681,0.20882361316117973,1640.5014238165022
59093.37435622508,3.5239394500333554,0.47144316796255054,1658.0327773816243
59093.377006225084,2.486284084513188,0.4812694498330067,1658.0354273816265
59110.62060944232,3.335271422178966,0.2609645020601487,1675.2790305988601
59117.259997932815,3.909893409919139,0.177220461389797,1681.9184190893575
59120.579692178064,4.109628263625579,0.24190182300858407,1685.2381133346062
59122.23953930069,4.043559531786071,0.13521144838593527,1686.8979604572305
59129.7088513525,3.839899514584828,0.14313865707856196,1694.3672725090437
59133.85846915906,3.6780510656085292,0.14347235431262698,1698.516890315601
59135.51831628168,3.7856246504796913,0.18100482934341788,1700.1767374382252
59136.32137767797,3.954277214790741,0.12783531744925,1700.979798834509
59137.17816340431,3.9941547825308037,0.2009630755929185,1701.8365845608496
59140.497857649556,4.343551045733999,0.2220446050749586,1705.1562788060983
59140.57704044232,3.95044828807758,0.25297799538006144,1705.2354615988588
59141.32778121087,3.6413694437136552,0.15216399600793507,1705.986202367414
59142.27402592462,3.9561635270190556,0.3875950254969725,1706.9324470811625
59143.26829192462,4.370809249659729,0.3976649930468174,1707.926713081164
59147.216428932814,3.859335020033162,0.1583275893797736,1711.8748500893562
59147.96716970137,4.404138386194762,0.1249494991465096,1712.6255908579114
59147.96716970137,3.987762238084884,0.14422146601830807,1712.6255908579114
59147.96716970137,3.7807839291448135,0.16529552757284524,1712.6255908579114
59148.76117401423,3.8810216168649414,0.1323627053263266,1713.4195951707734
59150.53612317806,4.042180129101708,0.22294342843971254,1715.1945443346049
59152.19597030069,4.473730317384568,0.12320425412772489,1716.8543914572292
59152.94671106924,4.41520944283098,0.2861459109938175,1717.6051322257845
59154.60655819187,3.1281780758614954,0.22194323089579548,1719.2649793484088
59155.436481753175,4.112289386162202,0.34596486145906724,1720.0949029097173
59157.0963288758,4.179860440804775,0.14845978535581433,1721.7547500323417
59159.6652823525,4.261316911988768,0.15316671979298999,1724.3237035090424
59161.52200694722,4.331754809692358,0.15364762354012984,1726.180428103762
59163.81490015906,4.383182058264361,0.1309225116077419,1728.4733213155996
59164.518249373505,3.988040315071249,0.13161707602185066,1729.176670530047
59165.47474728168,4.613156548970416,0.17503294966358793,1730.133168438224
59166.22548805024,4.030979119553081,0.13139946840279856,1730.8839092067792
59166.277808677965,4.233366716384489,0.11656608836281472,1730.9362298345077
59167.006208640756,4.168784952225649,0.1322442741984953,1731.6646297972984
59167.134594404306,4.355367926780071,0.17509654111066167,1731.7930155608483
59168.53700994722,4.491729802344863,0.25918336496163313,1733.1954311037625
59169.545182295486,4.618311593589044,0.1954387536704259,1734.203603452028
59170.454288649555,4.737579290376108,0.19249248672680047,1735.112709806097
59171.20502941811,4.449984874589619,0.3419224772993508,1735.8634505746522
59171.28421221087,4.132039112086166,0.14832887676088558,1735.9426333674128
59174.52472366336,4.352589048187104,0.274811577113881,1739.183144819901
59177.92360070137,4.536163754768077,0.10467109286237303,1742.5820218579101
59177.92360070137,4.502254418277856,0.12437822884983166,1742.5820218579101
59177.92360070137,4.54927431562458,0.15637441197523602,1742.5820218579101
59178.71760501423,4.282593300181927,0.13090067249871623,1743.376026170772
59179.51027194722,4.69945852414737,0.15364762354012984,1744.168693103762
59181.280433306296,4.530919780106836,0.4137506148519673,1745.9388544628382
59182.2746993063,5.1708941715689996,0.3722202998527548,1746.9331204628397
59182.90314206924,4.497970371534904,0.25924860916504233,1747.5615632257832
59184.562989191865,4.6096263084252005,0.2126270952779473,1749.2214103484075
59185.392912753174,4.428522892339631,0.29271870700013264,1750.051333909716
59187.0527598758,4.487684479300762,0.14880054997407555,1751.7111810323404
59194.4746803735,4.570409099835914,0.11292589362821513,1759.1331015300457
59196.181919050236,4.505865178703015,0.13655660207682496,1760.840340206778
59196.962639640755,4.720890807835729,0.1294464404707415,1761.621060797297
59197.1063678586,4.432692004509873,0.19770912000062435,1761.764789015142
59199.501613295484,4.4146504975311895,0.1720367022600513,1764.1600344520266
59199.59613854254,4.476071869335706,0.1698257718826507,1764.2545596990822
59201.16146041811,4.8382962245713514,0.2765089545843073,1765.819881574651
59204.1213708586,4.151634922156044,0.34889844705992534,1768.7797920151424
59204.48115466336,4.849314199308437,0.24857760809362006,1769.1395758198996
59206.61114154254,4.050436208940165,0.3059434847541108,1771.2695626990826
59207.13566192462,4.6071573115649125,0.2651758121459165,1771.794083081164
59215.0946328586,5.337243533924493,0.19738606588297614,1779.753054015142
59217.58440354254,5.064534594446321,0.16154158788837503,1782.2428246990821
59236.112775240275,4.2442748604397265,0.2017970285009672,1800.7711963968177
59237.7726223629,4.517268987303313,0.19567955956048863,1802.431043519442
59243.127778240276,5.0219478790671195,0.37109428905929714,1807.7861993968181
59244.7876253629,4.984452070006845,0.29195211174699903,1809.4460465194425
59246.1420693063,5.211842285890653,0.28411393064881785,1810.8004904628397
59248.56162865996,4.785226694266904,0.22893644022444262,1813.220049816504
59249.355454955825,4.89226478808084,0.17387602863144103,1814.0138761123671
59249.355454955825,4.428399902254634,0.22123012411875595,1814.0138761123671
59249.35959095582,4.824825518965778,0.21771155355623098,1814.018012112363
59249.35959095582,4.457134895181921,0.17328960020435355,1814.018012112363
59253.371595955825,4.024643930204896,0.21932423173072144,1818.0300171123672
59253.375766955825,4.591427004984956,0.21302012613953109,1818.0341881123677
59254.101040240275,5.252430927231741,0.20494751620969226,1818.7594613968176
59255.57663165996,4.311263552167408,0.3335231409534088,1820.2350528165043
59255.7608873629,4.835192299175047,0.19135102620636646,1820.419308519442
59266.54989365996,4.921644130000338,0.2091734014579323,1831.2083148165038
59281.70118422508,5.084571372881133,0.41969141677814825,1846.3596053816218
59282.69545022508,5.224541299080296,0.41139366764309643,1847.3538713816233
59300.033797924625,4.010659821994687,0.29736021823659736,1864.6922190811674
59300.037927924626,3.983609124850986,0.27939223692216814,1864.6963490811686
59313.29566644232,4.772842624594674,0.26895100874023575,1877.9540875988605
59318.22408195582,4.404942765171135,0.2526040449679367,1882.8825031123633
59319.935054932816,4.929044111304909,0.166709638229291,1884.5934760893579
59320.31066944232,5.2261308415725996,0.45868450527528204,1884.969090598861
59320.97383792462,4.3001220264667,0.31414349748633885,1885.6322590811615
59323.254749178064,4.900776652365033,0.23880285466559562,1887.9131703346065
59324.91459630069,4.712830098700237,0.1333320614585633,1889.573017457231
59326.950057932816,4.79865668475686,0.2816634510226728,1891.6084790893583
59330.269752178065,5.236194402429685,0.3689595250711187,1894.928173334607
59331.28393144232,5.720430849610433,0.25859013520931196,1895.9423525988605
59331.85765794722,4.762732215271122,0.17083896603413037,1896.5160791037633
59331.92959930069,5.197294284422816,0.21759124203574465,1896.5880204572313
59332.3839083525,4.882101746691454,0.16426921779824957,1897.042329509044
59336.53352615906,5.084058866952436,0.1399626525392269,1901.1919473156013
59337.84895494722,4.957328661557377,0.22730775075400714,1902.5073761037638
59337.923319932816,4.810631040256171,0.1608555088740725,1902.5817410893578
59338.19337328168,4.792312939365314,0.17730795144638015,1902.8517944382256
59338.99643467797,4.8487722735265395,0.11075539211512155,1903.6548558345094
59339.0402053063,5.14605360932648,0.2800385259059045,1903.698626462843
59339.0443353063,4.910844535592623,0.29769861312519597,1903.7027564628443
59339.3989113525,4.595585669136368,0.22957100714101303,1904.0573325090445
59339.85322040431,4.584952552362232,0.1789229515370309,1904.51164156085
59341.243014178064,5.722914724534373,0.2326049179796183,1905.9014353346065
59342.90286130069,5.206691219059677,0.1235174852822868,1907.5612824572308
59343.172914649556,4.589011263707772,0.1861944942919471,1907.8313358060987
59343.54852915906,5.03832638929904,0.23227844463956798,1908.2069503156017
59344.00283821087,4.835896291544665,0.1479904838861459,1908.6612593674145
59344.071602955824,4.984627265347119,0.26887743381961443,1908.7300241123667
59344.071602955824,6.239584099314349,0.24747279623092114,1908.7300241123667
59345.07195995582,4.617376462883578,0.27708743179883943,1909.7303811123638
59345.07195995582,6.214660891163132,0.2518710094340772,1909.7303811123638
59345.076117955825,4.459187394676727,0.23339851398082137,1909.7345391123672
59345.208376281684,4.495140831488061,0.2974564831001023,1909.866797438226
59346.01143767797,4.771296323557297,0.20786445213338792,1910.6698588345098
59346.56282022508,4.4501647791425505,0.2884559633527233,1911.2212413816233
59346.86822340431,5.2828898141320035,0.3475911231313922,1911.5266445608504
59350.18791764956,4.63422761965031,0.36770586600413147,1914.846338806099
59350.3721733525,5.303519144095395,0.1545993001807653,1915.030594509044
59350.64222670137,5.282686890419481,0.12836733322906146,1915.3006478579118
59350.64222670137,4.878081147650748,0.15318829926180413,1915.3006478579118
59350.64222670137,4.895997602448287,0.10346301759438191,1915.3006478579118
59351.01784121087,4.5584141342581415,0.23473185744441272,1915.676262367415
59351.43623101423,4.472657567771276,0.12943863967110586,1916.0946521707738
59354.52179115906,5.353136002913107,0.13421950418275408,1919.1802123156012
59355.62176806924,4.5021084179701,0.2571795859474442,1920.2801892257849
59356.18163828168,5.092328799471058,0.17645482577783314,1920.8400594382256
59356.98469967797,4.981713960405581,0.11894319137323467,1921.6431208345093
59357.28161519187,4.4927179398874975,0.22468327078339792,1921.9400363484092
59357.65722970137,4.874424829805588,0.20045420339595427,1922.3156508579123
59357.65722970137,5.019544552127123,0.2847110320722716,1922.3156508579123
59357.65722970137,4.981969791062157,0.21479792811237375,1922.3156508579123
59357.84148540431,5.111466627030656,0.17769850020059283,1922.49990656085
59358.111538753175,4.644750930751548,0.31731464636948825,1922.7699599097177
59358.45123401423,4.513594486944367,0.20936310091380675,1923.1096551707742
59359.7713858758,4.577419162109557,0.15129949050799135,1924.429807032342
59359.980245306295,4.901529324751677,0.3122536300641723,1924.6386664628371
59361.161179649556,5.029870734147509,0.19556073945147262,1925.8196008060986
59361.84383694722,4.38547775498611,0.1624820634328801,1926.5022581037629
59361.99110321087,5.018628443904083,0.1544199485061995,1926.6495243674144
59362.63677106924,4.988328874105655,0.44815042893174917,1927.2951922257853
59364.29661819187,3.692626292707593,0.37903885111833385,1928.9550393484096
59364.84791894722,4.1096999691448515,0.17048081306550536,1929.5063401037623
59365.126541753176,5.139372568618808,0.5716528765515055,1929.7849629097182
59366.7863888758,4.890922610909899,0.22422311881589704,1931.4448100323425
59367.193306373505,4.716650295415748,0.11007029631807635,1931.8517275300474
59367.4420188586,4.83166383980525,0.2280762070595438,1932.1004400151432
59368.63049170137,5.138475566952218,0.10751869885120914,1933.2889128579118
59368.63049170137,4.8806300378214935,0.15777630156914602,1933.2889128579118
59368.63049170137,5.426908356437789,0.1289810415950968,1933.2889128579118
59368.90054505024,4.732564179790427,0.1425732580298557,1933.5589662067796
59369.42449601423,4.430745960046445,0.13158295448493443,1934.0829171707737
59369.68126564076,4.49146844215992,0.1218922894058063,1934.3396867972988
59369.93178954254,4.374662030785092,0.18553715532006998,1934.5902106990834
59372.220239295486,4.553797830241525,0.17519914163983166,1936.8786604520283
59373.4333158586,4.05633395744986,0.33064588941280887,1938.0917370151437
59373.61003306924,5.025571292022421,0.2569726836256842,1938.2684542257848
59373.86255494722,4.830781279309874,0.5224257969010163,1938.5209761037622
59373.88008641811,4.900843019199281,0.29527299297268633,1938.5385075746526
59374.208309373505,4.848180838185776,0.19989181170971404,1938.8667305300478
59375.26988019187,4.91468408257827,0.21427111921050873,1939.9283013484091
59375.91554805024,4.888352592859976,0.22358323282602097,1940.57396920678
59375.92308654254,4.703172775385676,0.2895179475240815,1940.5815076990839
59376.099803753175,5.23667518590417,0.29298899204814755,1940.7582249097177
59376.69626864076,4.562346896596348,0.21142296869392724,1941.3546897972992
59377.19978066336,4.870817452603735,0.2530932912856322,1941.8582018199013
59377.7596508758,5.01814140172743,0.15232178436277505,1942.418072032342
59379.23524229549,4.646141060131111,0.26653039092788827,1943.8936634520287
59380.89508941811,4.958177580941551,0.5678727728927481,1945.553510574653
59384.21478366336,4.0880990326549655,0.4707062146340263,1948.8732048199017
59385.181571373505,4.541853126734527,0.11232016086545842,1949.8399925300473
59386.88881005024,4.528427638526881,0.13612684093732266,1951.5472312067795
59387.66953064076,4.870108606649264,0.13056557396184304,1952.3279517972987
59390.208504295486,4.603131884566099,0.17722310284289106,1954.8669254520282
59391.79169394722,4.411742306018611,0.15436392947737984,1956.450115103762
59391.86835141811,5.3986112597798925,0.27755140116143945,1956.5267725746526
59394.76401594722,4.69587699446112,0.1468427171362546,1959.4224371037635
59395.18804566336,5.184764950715054,0.249007673159526,1959.8464668199013
59397.4281978586,4.479534851568844,0.22839926117719186,1962.0866190151428
59399.91796854254,4.267538961893595,0.1872511244223339,1964.576389699083
59400.4322798586,3.9351886633318305,0.21450793411832447,1965.0907010151423
59402.92205054254,3.8547580697650328,0.20539063075462716,1967.5804716990824
59404.75158894722,4.207595113902355,0.20546041966788145,1969.410010103762
59406.120694955825,4.302904218857911,0.28339153739003,1970.7791161123678
59406.120694955825,5.549064626418828,0.2635995779758271,1970.7791161123678
59406.44842624028,4.330498734573255,0.23578913272668475,1971.106847396819
59408.1082733629,4.553091332302945,0.21732222633109952,1972.7666945194433
59408.126451955824,4.531757912528804,0.3742879435885911,1972.7848731123668
59409.4469158586,4.091869910391149,0.6814826611786227,1974.1053370151421
59411.93668654254,4.556057094108023,0.6325974294939106,1976.5951076990823
59412.43972324028,4.421697062983716,0.2747556912293366,1977.0981443968194
59414.0995703629,4.366516618763197,0.29314618991365343,1978.7579915194437
59418.89727965996,4.297272020297312,0.2544709858873675,1983.5557008165051
59422.09494995583,4.496572206903555,0.20085173627746547,1986.7533711123688
59427.3760548586,3.81081282803732,0.18704833411823776,1992.034476015142
59429.86582554254,4.466073716239166,0.17696730980875036,1994.5242466990821
59430.3483768586,4.779975180981557,0.17832587294173963,1995.0067980151434
59432.83814754254,4.033296517917525,0.1668263259536888,1997.4965686990836
59436.434605240276,4.181265106265227,0.23910543557797428,2001.0930263968185
59438.0944523629,4.276960756264117,0.18403729743560815,2002.7528735194428
59439.438687240276,5.2375075644009375,0.22683511502820308,2004.097108396818
59439.460956225084,4.063948229269755,0.3399893527177821,2004.1193773816267
59439.465086225086,3.3857164183889394,0.30090258705530104,2004.1235073816279
59440.3359498586,4.4197698398039496,0.2954329905891683,2004.994371015142
59441.0985343629,5.100874691255648,0.21284443320614554,2005.7569555194423
59442.82572054254,3.6990725429760594,0.2482398583112253,2007.484141699082
59448.453323240275,3.5959376530126255,0.6824951267953829,2013.1117443968178
59448.88345865996,4.493153466478653,0.22071641525076136,2013.5418798165047
59450.1131703629,4.581450688760988,0.6134576581186943,2014.7715915194422
59451.88754065996,2.840403764323586,0.24275307794616227,2016.5459618165041
59454.54648594722,3.8721251666235945,0.15066301546825472,2019.2049071037618
59460.40099622508,4.298927383065263,0.37820267110288924,2025.0594173816207
59460.90217665996,3.539980357828377,0.7245864567225866,2025.560597816504
59461.538304947215,4.337724025836109,0.21871207950700686,2026.196726103757
59464.375242872404,12.555857165819445,1.0195404716329552,2029.033664028946
59466.382462240275,4.078459717875251,0.1949986076558237,2031.0408833968177
59468.0423093629,4.741158643551013,0.17642504912318654,2032.700730519442
59469.35478424028,4.912509884974566,0.18057269025271427,2034.013205396819
59471.0146313629,4.581450688760988,0.18642545376891695,2035.6730525194434
59473.50440204684,7.954737457391758,0.5541324205536055,2038.1628232033836
59474.3628158724,-5.1293535553538145,2.3580280961564357,2039.0212370289446
59478.83131565996,3.956228430963728,0.202702317968013,2043.4897368165039
59479.342357240275,3.5793561387561783,0.31007431659557,2044.0007783968176
59481.0022043629,3.606784385229339,0.262249417351471,2045.660625519442
59481.80363765996,3.045029917923739,0.2100478721998133,2046.4620588165053
59483.49197504684,2.170779609887612,1.274897062870594,2048.150396203382
59483.63131744232,4.127446544230865,0.3039189569071043,2048.2897385988617
59489.62261444232,4.179250911885485,0.3630622766461291,2054.281035598862
59490.1308468586,3.8495793221550896,0.2149925152947966,2054.7892680151417
59490.27070593282,3.86066550397753,0.17948228409522232,2054.929127089359
59491.79121065996,3.359839385000894,0.31673330270929384,2056.449631816504
59492.62061754254,4.391801721807731,0.17411069463831047,2057.279038699082
59493.590400178065,3.9893153750154298,0.26742273877437306,2058.248821334608
59495.25024730069,4.120823216578034,0.14888920880180992,2059.908668457232
59496.26200293282,4.282428914342137,0.27447883772308634,2060.9204240893596
59497.122665858595,4.193631957450294,0.27362683764792295,2061.781087015137
59499.581697178066,4.259107913110913,0.35528760591087466,2064.2401183346083
59499.612436542535,4.594621398908961,0.2595234882344628,2064.270857699077
59502.7195593525,4.363985173112674,0.1821764726454425,2067.3779805090453
59506.86917715906,4.013068053069445,0.1576175160054212,2071.5275983156025
59508.529024281685,3.9519841558463833,0.1977829674915116,2073.187445438227
59508.7108563525,3.875714024279213,0.2247957391817616,2073.369277509046
59509.33208567797,4.195509149922245,0.13170911494771204,2073.9905068345106
59510.18887140431,4.275778589911589,0.2092281221138763,2074.847292560851
59513.50856564956,4.151381532978218,0.2199452742633408,2078.1669868061
59513.61749644232,3.9180705582934423,0.30197629312005625,2078.2759175988613
59514.33848921087,4.24709268949765,0.1726931637421412,2078.9969103674157
59514.48655594722,3.670365660964838,0.1434999560957545,2079.1449771037587
59514.520321281685,3.789890278822427,0.24712206865582115,2079.1787424382273
59515.32338267797,4.184063839131334,0.15847353402799585,2079.981803834511
59516.18016840431,4.237514485647895,0.241982195363598,2080.8385895608517
59516.62157844232,4.649807251414951,0.29161541958913223,2081.2799995988607
59519.49986264956,3.6200893506534064,0.2572487679159338,2084.1582838061004
59520.256884932816,3.891266634697989,0.17748655817867054,2084.9153060893586
59520.329786210874,4.010217677179888,0.21454108258494628,2084.988207367416
59520.97787770137,4.126158547280828,0.17905953449487078,2085.636298857913
59520.97787770137,4.0593615474556755,0.14278947983089227,2085.636298857913
59520.97787770137,4.432614446083124,0.1189954138971248,2085.636298857913
59521.77188201423,4.10714936086868,0.14522859420929796,2086.430303170775
59523.260966932816,3.739591465040056,0.18533641345044086,2087.919388089358
59523.576579178065,4.191659778587043,0.21856841430843446,2088.2350003346073
59525.23642630069,4.01014820863279,0.13291441991914726,2089.8948474572317
59525.63621444232,3.527379285564849,0.9136995345083618,2090.2946355988606
59525.957419069244,4.299344142645485,0.2909046643942933,2090.615840225786
59526.580661178064,4.195305623696441,0.2792717353799179,2091.239082334607
59526.96917470137,4.21536970325692,0.25578112863431024,2091.6275958579135
59526.96917470137,3.8210381319786135,0.1863627738194024,2091.6275958579135
59526.96917470137,4.241048225015962,0.17266847223215862,2091.6275958579135
59527.61726619187,4.247941043261682,0.24989163774934012,2092.2756873484104
59527.76317901423,3.4979690160310213,0.18811489048586919,2092.4216001707755
59528.24050830069,3.7365930003152985,0.16068758229031227,2092.898929457231
59528.44718975318,4.701510790834676,0.3473162866991417,2093.105610909719
59529.137254240275,3.6009121072895613,0.22169484560870434,2093.7956753968174
59530.1070368758,4.299128057196209,0.16947360348192422,2094.7654580323433
59530.7971013629,4.154567744182042,0.18538063537309432,2095.4555225194417
59531.948716069244,3.811054663292334,0.3844245138297276,2096.6071372257866
59532.275602932816,3.6571014604892493,0.5830180644219898,2096.934024089358
59532.7057383525,3.7933406519821258,0.15233104790012097,2097.364159509045
59533.189312924624,4.85693199686989,0.26754521627529154,2097.847734081166
59533.189312924624,4.186390628256687,0.3332961808654557,2097.847734081166
59533.19344892462,3.4876138604350944,0.2229214385053907,2097.851870081162
59533.19344892462,4.013621577156405,0.2639911100812289,2097.851870081162
59533.60856319187,3.85885537922214,0.3125472165125153,2098.266984348411
59534.43848675318,3.506850878608834,0.43867263292817665,2099.0969079097194
59535.595297178064,4.698432248793422,0.750132631258722,2100.2537183346067
59535.7098203525,4.126415592139915,0.16677623347685658,2100.3682415090443
59536.0983338758,3.8697646381870436,0.2233144131672004,2100.756755032344
59536.12907324027,4.521186148522402,0.28006177579139985,2100.7874943968127
59536.57769418067,6.45374182114026,0.31622135834163334,2101.2361153372112
59536.85535615906,3.9258572817304134,0.1450676733005361,2101.513777315602
59537.205453924624,3.405671967627532,0.30032197339831623,2101.863875081166
59537.209624924624,3.305959543849656,0.2955831651395659,2101.8680460811665
59537.25514430069,4.477906732778727,0.42870904021054096,2101.913565457231
59537.528957373506,4.3151360069598725,0.12478094912788215,2102.1873785300486
59537.788920362895,4.0829230541827775,0.27344390016385595,2102.447341519437
59538.515203281684,3.8396559428210093,0.19209546303453068,2103.1736244382264
59539.23619605024,4.129824181638588,0.16502827756884592,2103.894617206781
59539.31826467797,4.368069220308286,0.12457780591645229,2103.97668583451
59539.85943815906,4.720326137709156,0.16899745811917294,2104.5178593156015
59540.01691664076,4.042882434476731,0.1440884369793196,2104.6753377973
59540.17505040431,3.9528295499260144,0.21320758895730046,2104.8334715608507
59540.278691046835,3.248358431569445,1.1814117478770045,2104.937112203377
59541.51928528168,4.40271888406212,0.18626577096612526,2106.177706438226
59541.58610765996,3.2356645396537926,0.22229046258614713,2106.2445288165036
59542.32234667797,4.378634122576818,0.12457780591645229,2106.9807678345096
59542.55589029549,3.539287277207988,0.19480626579446983,2107.2143114520295
59543.17913240431,3.9543601140965627,0.21672788654956027,2107.83755356085
59543.49474464956,4.1352328344273115,0.22091419617639518,2108.1531658060994
59543.52025437351,4.015730955654414,0.15887505034590266,2108.178675530049
59543.56535344232,3.801510731070547,0.25599991682658096,2108.2237745988605
59544.21573741811,4.6324130255877485,0.33071617659518004,2108.874158574654
59544.32466821087,3.80267004733956,0.14889286488545156,2108.9830893674152
59544.7244563525,3.857806769432021,0.4855253697568903,2109.382877509044
59546.00821364076,3.889934190692857,0.17542417473016192,2110.6666347973005
59546.49882664956,4.624538400519766,0.21623107359663238,2111.157247806099
59546.53767544232,4.131763574868749,0.23808423967935816,2111.196096598862
59546.56526718067,3.275864021830844,0.6569180540162104,2111.2236883372098
59547.32875021087,3.745143258633818,0.1543071508812863,2111.9871713674147
59547.53543166336,4.447203362686407,0.294594570145553,2112.1938528199025
59548.54718729549,4.217314280232895,0.2598260194427539,2113.20560845203
59548.57792665996,4.02093926586292,0.32023118567681763,2113.236347816499
59548.87407415906,4.2991619249011475,0.4282899709540021,2113.5324953156014
59550.070916858596,3.9206512280376673,0.2032010400006417,2114.7293380151386
59550.204741932816,4.050924708022132,0.16591134786267017,2114.863163089358
59550.20703441811,4.530774484317362,0.40968150481294163,2114.8654555746543
59550.53392128168,2.589826838399452,0.6067145379484399,2115.1923424382258
59550.96405670137,3.9744995821214713,0.17969675703755725,2115.6224778579126
59550.96405670137,3.661473956809421,0.12488965248819436,2115.6224778579126
59550.96405670137,3.8863918427699984,0.11934057825940789,2115.6224778579126
59551.33698267797,3.9384298613879407,0.34503209991984213,2115.9954038345095
59551.75806101423,3.9804398491424466,0.13226523647115257,2116.4164821707745
59552.19376840431,4.623216656625925,0.6256946329199169,2116.85218956085
59552.56068754254,4.474643561750485,0.1645410338173369,2117.219108699079
59553.17706393282,3.5360274215517764,0.15806149259090002,2117.8354850893593
59553.524436178064,3.7632729782327297,0.21783924528655474,2118.1828573346065
59553.52672866336,3.049491898492176,0.34018146713158043,2118.185149819903
59553.96813870137,3.5964537784521307,0.12382771496908926,2118.626559857912
59553.96813870137,3.408645964215972,0.16886397381188895,2118.626559857912
59553.96813870137,3.933551332418428,0.14984712604029882,2118.626559857912
59554.76214301423,3.8936925680375647,0.13255764303667467,2119.420564170774
59555.18428330069,3.7783571542569003,0.12905123567954913,2119.842704457231
59555.51346264956,3.1598514419525845,0.6425567153405529,2120.171883806099
59555.94359806924,4.024164054704939,0.2594555114868022,2120.6020192257856
59556.34338621087,3.7022801611667937,0.4270518079214546,2121.0018073674146
59556.496758178066,4.237232842454523,0.2285944883592801,2121.155179334608
59556.52524844232,2.6790827652204454,0.3971668186854207,2121.1836695988604
59557.60344519187,4.366676105057787,0.24806494449093852,2122.26186634841
59558.15660530069,3.572668696094512,0.12936446683411112,2122.8150264572323
59558.433368753176,3.9798497126349033,0.34542429136303743,2123.0917899097185
59558.94768006924,3.8896775455610615,0.2952496131512493,2123.606101225785
59560.0932158758,3.93450991565668,0.1450521391732019,2124.751637032343
59560.60752719187,2.2878991769967554,0.24879562179429912,2125.2659483484094
59561.437450753176,3.8906556467899867,0.390021324285495,2126.095871909718
59562.6535953525,4.169393003773178,0.1425417485836554,2127.312016509044
59562.98277470137,4.111611589159771,0.34991037226456934,2127.641195857912
59562.98277470137,3.4088306794582004,0.4046383826726431,2127.641195857912
59562.98277470137,3.937540674645662,0.5156404815418133,2127.641195857912
59563.0972978758,3.895889925587073,0.1537984310419071,2127.7557190323423
59563.164636932815,3.931181153029026,0.2305728675589476,2127.823058089358
59563.77677901423,4.14223814873133,0.4087843785998629,2128.435200170774
59565.6259173525,3.570096874887122,0.14827207013475713,2130.2843385090455
59566.484331178064,2.5801962402329464,0.3230218766926988,2131.1427523346065
59566.80321315906,3.467468959204526,0.13251783059565092,2131.4616343156013
59567.515136373506,4.131685513096412,0.11526229142741959,2132.173557530048
59567.96231606924,3.3889739269023202,0.8669207281736052,2132.620737225785
59568.14417830069,3.7167550271930376,0.1984841416074619,2132.802599457231
59568.46306028168,3.9363435185896845,0.16763919386951273,2133.1214814382256
59569.22237505024,4.057839190771969,0.14687086942487784,2133.8807962067804
59569.26612167797,4.129478510743914,0.10600118609428168,2133.9245428345093
59569.62216319187,3.1336581556367005,0.8019183404383063,2134.2805843484093
59569.77553515906,4.397008156159574,0.13209241219887513,2134.4339563156027
59570.00309564076,4.26204607648411,0.131777968577203,2134.6615167972996
59570.12290740431,3.657430665010301,0.17524959752771646,2134.78132856085
59570.452086753176,2.9554693806584464,1.200606183282169,2135.110507909718
59570.519218373505,3.8071858187624597,0.1304056104963373,2135.1776395300476
59571.435382281685,4.131140546241283,0.15981887524116395,2136.093803438227
59572.1119338758,2.993999569255653,0.4586691761796314,2136.770355032342
59572.1957203063,3.865794319374121,0.31050702803149516,2136.8541414628417
59572.1957203063,4.368039437215065,0.2439420838972434,2136.8541414628417
59572.199856306295,3.3165850135434143,0.24200141497204633,2136.8582774628376
59572.199856306295,3.727424625007586,0.2868308671440936,2136.8582774628376
59572.22645705024,4.250157300699205,0.1528875253779087,2136.88487820678
59572.23844367797,4.191107107310357,0.10063069410777738,2136.896864834511
59572.54206929549,3.365985599196023,0.1676092871283588,2137.200490452029
59573.00717764076,4.349711533287062,0.12814078473112306,2137.665598797299
59573.09522940431,3.2793813148850086,0.16422953549977273,2137.7536505608514
59573.442601649556,3.579717604276142,0.18021947582811168,2138.1010228060986
59574.20191641811,3.801061880324846,0.33123739988374606,2138.8603375746534
59574.27252521087,4.128655183338769,0.12486697077893562,2138.9309463674144
59575.546151295486,4.415915473283102,0.18696341613261455,2140.2045724520285
59575.6134903525,3.313426222077357,0.21834912743677215,2140.271911509044
59576.2118613063,3.482124072862705,0.2934291414897629,2140.8702824628417
59576.2160323063,2.982595891517037,0.2658716427519675,2140.874453462842
59576.41492364956,4.547024647475417,0.1685924128714593,2141.0733448061
59577.20599841811,4.773143313500592,0.3797111657203918,2141.864419574653
59577.24484721087,3.666184921194564,0.13129643539898922,2141.903268367416
59577.52161066336,4.524615074549471,0.2995403184034713,2142.180031819902
59579.533854373505,3.5752767038784623,0.3546997992199646,2144.1922755300475
59579.73461789481,9.50230623954443,0.4868083851408347,2144.3930390513488
59579.76310815906,3.080338218138579,0.21164565239594332,2144.421529315601
59580.52569266336,4.563320930481004,0.28900372428877624,2145.1841138199015
59580.91191370137,4.076749951160011,0.11834342991715069,2145.570334857912
59580.91191370137,4.09090172742278,0.10398076413780666,2145.570334857912
59580.91191370137,3.7157872297908034,0.14312018308735944,2145.570334857912
59581.24109305024,5.116125996796144,0.42406680440379874,2145.8995142067797
59581.42295528168,3.159999160211789,0.24470487926160422,2146.0813764382256
59581.70591801423,4.073035261557772,0.12212847553305393,2146.3643391707737
59582.02181364076,3.9962518723475,0.3636251234837328,2146.680234797299
59582.22601667797,3.8988114778809417,0.16525267965030457,2146.8844378345093
59583.08280240431,3.0314299192562735,0.2865216127265373,2147.74122356085
59583.88423570137,2.942199062969546,0.13649306864342117,2148.5426568579132
59583.88423570137,3.514477242409877,0.09828555216013418,2148.5426568579132
59583.88423570137,4.138120787763546,0.12396908993914142,2148.5426568579132
59584.560787295486,4.310922485874394,0.5252179321939213,2149.2192084520284
59584.67824001423,4.346922744596783,0.11725503277435266,2149.336661170775
59585.89145506924,4.3758980016966165,0.2544898557645667,2150.549876225785
59586.22063441811,3.8114863460961668,1.1281878081012877,2150.8790555746527
59586.336879525734,5.705075966328023,0.2728816936018346,2150.995300682276
59586.402496649556,2.8546410393404593,0.29342185266996346,2151.0609178060986
59587.23242021087,3.6210658712292747,0.21375149921055372,2151.8908413674144
59587.55130219187,4.730188063479707,0.2210298842665947,2152.209723348409
59588.381225753175,3.585233542533154,0.32785576324206916,2153.0396469097177
59588.863777069244,3.7593290828523815,0.2470413721812133,2153.5221982257863
59589.07732424027,3.909328272459485,0.21158012191227127,2153.7357453968143
59589.54032866336,5.386895531690835,0.8831386128378008,2154.1987498199014
59589.722190894805,1.7534836296247713,1.0100818178577624,2154.3806120513473
59590.0410728758,3.8992975717696856,0.1315351426488393,2154.699494032342
59590.52362419187,3.2633533769832153,0.20678167685106214,2155.1820453484106
59590.737171362896,4.18591229605672,0.17732060774817734,2155.3955925194387
59591.312798060244,6.794490786265529,0.28201676697411304,2155.9712192167863
59591.35354775318,3.9960668155157966,0.30623295940087747,2156.011968909719
59593.0133948758,3.8674928740653036,0.13766890577754165,2157.6718160323435
59593.87180870137,4.122335212024709,0.23449789570858537,2158.5302298579118
59593.87180870137,3.689090833281012,0.1850330723596591,2158.5302298579118
59593.87180870137,3.9001984172613255,0.16076030173338907,2158.5302298579118
59594.66581301423,3.9872626690046293,0.17135024739593682,2159.3242341707737
59596.32445252573,3.206889264929212,0.6614475128888283,2160.9828736822747
59597.462993373505,3.6592139581461782,0.11197402785816886,2162.1214145300473
59598.82285980499,7.125551596790728,0.32072428435229794,2163.4812809615323
59598.85135006924,2.7165413811829375,0.35132014234815795,2163.509771225785
59599.17023205024,3.8622978722984667,0.12527537216489215,2163.8286532067796
59599.95095264076,4.5082554445264424,0.11060769337053272,2164.6093737972988
59600.43531537351,3.8452604495643103,0.10747429876340464,2165.093736530049
59600.51119719187,4.240634270228076,0.3193059815686013,2165.169618348409
59601.30037106024,3.88393312710962,0.6222446871313443,2165.958792216785
59601.341120753175,3.33657129835945,0.4646199975376067,2165.9995419097177
59601.52617765996,3.2059325344298384,0.21074744879331808,2166.1845988165005
59602.05793992462,3.7723372566483566,0.3640984345473343,2166.716361081162
59602.14255405024,4.185693129773875,0.12613489444389656,2166.800975206781
59602.489926295486,3.492483174387238,0.15470653445885493,2167.1483474520282
59602.92327464076,4.177178453408911,0.10827616526407124,2167.5816957973
59603.0009678758,3.179148345177594,0.2017326540106551,2167.659389032342
59603.35198318066,4.039494546618687,0.6898129073916868,2168.010404337205
59604.14977341811,3.9548227504518403,0.3025701190126115,2168.8081945746526
59605.46224829549,4.164185298652585,0.1625493841207102,2170.1206694520297
59606.32014544232,3.3719661826009886,0.2875142404831415,2170.97856659886
59606.489603947215,2.7964724175198103,0.20593795695938144,2171.1480251037574
59607.12209541811,4.499501087003397,0.2871940319999117,2171.780516574654
59607.46946766336,3.7677005585550574,0.2389011441107367,2172.1278888199013
59608.81043280499,1.6283083756457841,0.6973527370552228,2173.468853961531
59610.422888373505,4.036498936091786,0.15749051831674446,2175.0813095300473
59610.44178966336,3.2408708528203087,0.22384886680402985,2175.1002108199027
59612.13012705024,3.758080795969182,0.21208712234433713,2176.7885482067795
59612.478884955824,4.943577275450996,0.3212161709371731,2177.137306112367
59612.91084764076,3.7099402208740306,0.17355895224499274,2177.5692687972987
59612.959533932815,3.3683864445614273,0.16444781552386567,2177.6179550893576
59613.31196444231,2.9100439043472925,0.37212804098568764,2177.9703855988555
59613.449872955825,4.319764036136676,0.20290423577227182,2178.1082941123677
59615.449821295486,2.975108091855172,0.22605116686669974,2180.108242452028
59616.279228178064,3.7012936113729573,0.22148509039595315,2180.9376493346062
59617.10966841811,2.294726576368864,0.4534642610524926,2181.7680895746525
59617.93907530069,4.0185010394211105,0.12926005644925712,2182.5974964572306
59619.95135293281,3.9045714741416697,0.23935406159177522,2184.609774089353
59620.42936266336,2.176459814703164,0.39286443770505525,2185.0877838199012
59623.27104717806,3.282021423792141,0.34307402479439003,2187.9294683346016
59624.93089430068,3.588330253822613,0.1985885519923159,2189.589315457226
59625.4083873525,3.722905449583168,0.15340548319095254,2190.0668085090438
59627.90546092462,3.9455012084368666,0.3625188317944175,2192.5638820811655
59627.90546092462,6.3433381873646475,0.3332961808654557,2192.5638820811655
59628.90581792462,6.455095082133515,0.34395849944764445,2193.5642390811627
59628.90581792462,4.151639367692516,0.3875950254969725,2193.5642390811627
59628.909975924624,3.8625720639087318,0.34415594979175884,2193.568397081166
59629.55800515906,4.0598640767147804,0.14336599971343306,2194.216426315601
59631.21785228168,3.7557652520805402,0.17730795144638015,2195.8762734382253
59632.02091367797,3.764108973957146,0.11075539211512155,2196.679334834509
59632.4002063525,4.015390612087319,0.22073676141639775,2197.058627509039
59632.87769940431,3.8916069831041047,0.19851417292004214,2197.5361205608497
59636.197393649556,3.410156269491629,0.2042810366689619,2200.8558148060984
59636.549824159054,3.3366528021959776,0.19845768209589468,2201.2082453155963
59637.02731721087,3.4383337188698566,0.14787768626123268,2201.685738367414
59638.20967128168,4.02734358990138,0.24413612881590613,2202.8680924382206
59639.01273267796,4.186705064698468,0.15072593903107162,2203.6711538345044
59639.8695184043,3.830384416282195,0.25835923198845884,2204.527939560845
59641.064347306296,3.6693986241442005,0.3803711093385816,2205.722768462838
59642.073964858595,3.258390286859105,0.26571201176554504,2206.7323860151373
59643.18921264955,3.7686573773217433,0.2637082473362963,2207.8476338060937
59643.66670570137,3.7250275034026137,0.10665578794550128,2208.3251268579115
59643.66670570137,3.7719414626957843,0.12110511756430978,2208.3251268579115
59643.66670570137,3.7476483569251227,0.16414852699600976,2208.3251268579115
59644.01913621087,4.234684950757197,0.1910791766029963,2208.6775573674095
59644.46071001423,3.1373342518871272,0.12251835095375004,2209.1191311707735
59644.563735542535,3.9176036035147104,0.22224466026022238,2209.2221566990775
59646.5089068948,4.448858396290944,1.0669065169971734,2211.1673280513423
59648.64624706924,3.953817265306603,0.29276678529013156,2213.3046682257846
59650.30609419187,2.3262597354231893,0.237287454266369,2214.964515348409
59650.658524701365,3.706479236985347,0.18319194726155305,2215.316945857907
59650.658524701365,3.193264744787977,0.20786199342429498,2215.316945857907
59650.658524701365,3.8527383174473884,0.1486795490534779,2215.316945857907
59651.136017753175,2.7960012023296574,0.32731519314603935,2215.7944389097174
59651.45252901423,4.139314083076108,0.17417684419598353,2216.110950170769
59652.7958648758,3.7970681862913134,0.14459778634885356,2217.4542860323418
59653.11116852573,3.3305070706852833,0.5961330304445759,2217.7695896822697
59655.63806606924,3.949679218871406,0.3767691279246144,2220.29648722578
59657.29791319186,3.8807756983229593,0.3209500055011627,2221.956334348404
59658.08708706024,2.9619552350788663,0.6189906475124122,2222.74550821678
59658.12783675317,4.079855180400415,0.49218907243512583,2222.7862579097127
59659.15743695582,3.6952177612884984,0.23090619316569952,2223.8158581123644
59659.16157995582,4.306276182313664,0.20217120023841248,2223.8200011123627
59659.787683875795,4.026516362587215,0.2018462422167422,2224.446105032337
59660.217785373505,3.3650009019500624,0.10418603519415402,2224.876206530047
59661.92502405024,3.4067510644261323,0.14558158600637114,2226.5834452067793
59662.705744640756,3.7500425043051684,0.12002706692063712,2227.3641657972985
59665.244718295486,4.506993727420776,0.16482634047415207,2229.903139452028
59665.59714880498,4.806563872616589,0.7050136786440125,2230.255569961526
59666.260215442315,4.26990855528107,0.2745631485694865,2230.918636598857
59666.90456541811,3.7098478048257815,0.31221274985108405,2231.5629865746523
59666.9118683063,5.679349429970572,0.3433043328673218,2231.570289462841
59666.9118683063,3.119024916958375,0.36542795861456584,2231.570289462841
59667.2096043735,3.7578618652236995,0.15887505034590266,2231.8680255300424
59667.912225306296,6.0558392014587605,0.3184637706248022,2232.5706464628383
59667.912225306296,3.828921609795381,0.35106700856810924,2232.5706464628383
59667.9163833063,2.786588330072156,0.3277789814657471,2232.5748044628417
59668.91684305023,3.9117204033412203,0.19070650565410255,2233.5752642067746
59669.69756364075,4.246191685360173,0.1577978222453131,2234.355984797294
59670.22425966336,4.283778637642158,0.28233771576723454,2234.882680819901
59672.23653729548,2.9713131645994357,0.235664982581232,2236.8949584520233
59672.61647122508,4.26792000471849,0.2882376015333796,2237.2748923816252
59672.61647122508,3.768067964059354,0.3640091528455637,2237.2748923816252
59672.62060722508,3.3237016616953934,0.2707686559859022,2237.279028381621
59672.62060722508,4.001278387118179,0.31771644714474817,2237.279028381621
59672.89960393281,3.4029790271149896,0.1548683311244172,2237.5580250893545
59673.896384418105,4.171130415206764,0.45580976585104005,2238.5548055746476
59676.21929817806,4.0239509035547165,0.21328193889980676,2240.877719334603
59676.63261222508,3.962409983275042,0.36073372555541144,2241.2910333816253
59676.63678322508,3.2898555796971563,0.32623255809914353,2241.295204381626
59677.216078663354,4.137556515234147,0.3532984516417109,2241.8744998198963
59677.879145300685,3.9840456124192882,0.1234130748974329,2242.5375664572275
59681.08037224027,4.254223768993596,0.2709419429503537,2245.738793396813
59682.740219362895,3.65156231647888,0.24180082874751457,2247.3986405194373
59685.3484573525,3.7049981947359756,0.14576505445615012,2250.0068785090407
59687.861769947216,3.757516216663591,0.17967340592688064,2252.5201911037584
59689.498075159056,4.181108319795873,0.13826097895212386,2254.156496315598
59689.954552924624,4.522451113939747,0.3484998573622804,2254.6129740811666
59689.954552924624,6.0053031982404415,0.3240160146920692,2254.6129740811666
59691.15792228168,4.095593643385151,0.1680657567037863,2255.8163434382222
59691.96030992462,3.761872388410282,0.4723012231221386,2256.6187310811656
59691.960983677964,3.860953911418698,0.10635334950323269,2256.619404834506
59692.817769404304,4.063030170205454,0.18887161864559135,2257.4761905608466
59693.52922565996,2.7669482220055834,0.27720722517627316,2258.187646816499
59696.13746364955,3.78803581558283,0.19669114835003587,2260.7958848060953
59696.96738721087,3.4823247925860135,0.14189941214083196,2261.625808367411
59697.08610695582,4.144128722223972,0.23075958605892752,2261.7445281123655
59703.606775701366,3.71833611996155,0.15560974492401225,2268.2651968579084
59703.606775701366,4.0141026568147735,0.10242752450753237,2268.2651968579084
59703.606775701366,4.007196336342671,0.1166045895467172,2268.2651968579084
59704.082976955826,3.6700013389237363,0.35933401869785986,2268.741398112368
59704.40078001423,3.4073229807191767,0.11744997048470071,2269.0592011707704
59705.928807924625,3.846776036379563,0.31078684163639037,2270.5872290811676
59708.58631706924,3.734500804241204,0.2424895211024977,2273.2447382257815
59710.24616419186,2.472395196095318,0.22450060145755774,2274.904585348406
59711.07608775317,3.0230406426621705,0.3116386603611754,2275.7345089097144
59712.7359348758,3.5585329535084442,0.1374417293653675,2277.3943560323387
59717.10333395583,3.636574918579749,0.31681795773401694,2281.7617551123694
59717.85332494722,3.7002117416835887,0.21214594174888166,2282.511746103759
59720.1578553735,3.756131200187252,0.10072470512125856,2284.816276530044
59721.865094050234,3.5507210461593695,0.13881284805921143,2286.523515206776
59722.64581464075,3.8628884646579045,0.1163898830745572,2287.3042357972954
59723.446130858596,3.9012679809787825,0.23679866823604195,2288.1045520151383
59725.18478829548,3.845411409170725,0.15926044716573867,2289.843209452025
59725.935901542536,4.117566665445501,0.1968207852433075,2290.5943226990785
59726.84463541811,4.262344490705829,0.29553360461696937,2291.5030565746492
59728.9609603063,4.915890274798134,0.3499026072129911,2293.6193814628423
59728.9609603063,3.5682897731414447,0.3722202998527548,2293.6193814628423
59730.164329663356,4.032190574087196,0.26427498299918606,2294.822750819898
59730.9667173063,3.8458054294445936,0.4836146961590535,2295.6251384628413
59732.17989295582,4.019512681467881,0.2921879637963423,2296.838314112363
59732.18817295582,4.168025680627788,0.3071418886870733,2296.846594112365
59741.48509822508,4.033814298200357,0.38824731479268865,2306.1435193816214
59744.9352153063,4.518169585268293,0.28935373674684955,2309.5936364628433
59747.77505294722,4.201625897758604,0.15054363114537972,2312.43347410376
59753.4376858586,3.823734992743244,0.26005856470670363,2318.096107015139
59755.92745654254,3.941884832463449,0.24266945872886753,2320.585877699079
59758.26326344231,4.662758343328606,0.3529172546470994,2322.921684598856
59762.45253824027,4.090066777854764,0.24126103243131247,2327.110959396814
59764.112385362896,4.123223192307366,0.21165035503949114,2328.7708065194383
59764.90265193281,3.7289475934851133,0.22072728637062553,2329.561073089353
59767.33261922508,6.547158838843691,0.34937891094955126,2331.9910403816248
59767.33261922508,4.409265610379518,0.37798430928354576,2331.9910403816248
59768.22234617806,5.015620773311083,0.27981861214632764,2332.880767334602
59768.33297622508,5.057931230921229,0.42384029134567436,2332.991397381622
59768.33297622508,7.606213662659519,0.37514560563208044,2332.991397381622
59768.33713422508,4.534823656502013,0.3899942093474366,2332.9955553816253
59769.882193300684,4.678374671698416,0.1558847045870282,2334.540614457226
59774.90139165996,4.092645866697161,0.23260921734034282,2339.5598128165
59777.3515053525,4.12880322611954,0.18348967133423663,2342.0099265090394
59777.72107594722,4.409354619561111,0.15030486249962974,2342.379497103764
59781.501123159054,4.645877918273397,0.16708307533368197,2346.1595443155966
59783.16097028168,4.1638436968689225,0.2366001854104064,2347.819391438221
59783.3594138586,3.9820315103908026,0.1868868070594137,2348.01783501514
59783.96403167796,3.811651034165544,0.14561956960128064,2348.6224528345047
59784.8208174043,4.0538467851821665,0.23938023627366686,2349.4792385608453
59785.082434955824,4.19162942481806,0.16859817278765346,2349.7408561123666
59785.09070595582,4.189870139536797,0.16288049562355042,2349.7491271123654
59785.84918454254,4.917418913168667,0.18168072483997616,2350.50760569908
59787.4645518724,-1.381042997879719,2.0786085818720026,2352.1229730289415
59788.14051164955,3.736359980219932,0.26806839594504095,2352.798932806094
59788.97043521087,3.9402831497336903,0.18487530723276915,2353.6288563674098
59792.44409324027,3.290837790693991,0.2636460766775167,2357.1025143968145
59794.1039403629,3.672458684395331,0.27657835535132375,2358.762361519439
59795.609823701365,4.291547879272384,0.15731391116039564,2360.268244857907
59795.609823701365,4.20394305607052,0.13435522801872612,2360.268244857907
59795.609823701365,3.7208850101322937,0.2051856587450122,2360.268244857907
59796.40382801423,3.1022454640244783,0.17086290312006658,2361.062249170769
59796.59371104684,4.718432850552606,1.1239646649992643,2361.252132203379
59800.58936506924,5.710417977047393,1.0038900651785998,2365.24778622578
59802.24921219186,1.3434987624031247,0.2984816784228229,2366.9076333484045
59803.07913575317,2.0175802640467566,0.4154281187988956,2367.737556909713
59804.738982875795,3.9072487461957808,0.19128253905064369,2369.3974040323374
59807.85897094722,4.326979436777359,0.16295960072438012,2372.517392103764
59812.1609033735,3.697288588948028,0.14078960071502367,2376.8193245300426
59813.3054368586,4.172633439803168,0.18511000941234929,2377.963858015144
59813.86814205023,4.011639868275482,0.1717970155160056,2378.526563206775
59814.64886264075,3.8386405723507044,0.1599428281032576,2379.307283797294
59815.79520754254,4.62318755061336,0.17582466374057443,2380.453628699084
59817.18783629548,4.560122709001085,0.2147928826746817,2381.8462574520236
59818.847683418106,4.08512857259336,0.3752807677675801,2383.506104574648
59822.167377663354,4.500961495924646,0.3376010767361449,2386.8257988198966
59822.36582124027,4.811362648010235,0.20047050736045138,2387.0242423968157
59824.0256683629,4.7978773564670965,0.2255315137268483,2388.68408951944
59829.38171122508,6.334911150441839,0.37798430928354576,2394.040132381626
59829.38171122508,4.62186267769232,0.40047557667592293,2394.040132381626
59831.38746822508,3.7516908276085936,0.5349864573915004,2396.045889381625
59834.73822194722,4.513218980462364,0.16403405963025514,2399.3966431037625
59834.81467465996,5.077299922055154,0.2119717078319515,2399.473095816502
59839.635429442314,4.606636945036101,0.30802013601309525,2404.293850598857
59843.4433318586,4.526377698627815,0.2080468517653629,2408.101753015144
59845.355966225085,3.7752739040976886,0.3199000653381829,2410.014387381627
59845.93310254254,4.514636174136644,0.19953456965522537,2410.591523699084
59846.27481793281,4.531229411938924,0.1970446721608779,2410.933239089354
59847.332302872404,1.5494543470545838,1.5654307910032752,2411.9907240289467
59849.59451217806,4.583588127847372,0.24500079135157288,2414.252933334603
59851.254359300685,4.283703416950281,0.13448057569195734,2415.912780457227
59852.31184424028,4.5162116942454675,0.1998072467901935,2416.9702653968197
59853.9716913629,4.697873310009792,0.19224658483135726,2418.630112519444
59856.46146204684,3.052110632918781,0.7728595125042559,2421.1198832033842
59858.7236713525,4.6218496429122515,0.16964139425240746,2423.3820925090404
59859.667003180664,4.000334006885981,0.6338133355739115,2424.3254243372066
59862.873289159055,4.088579818497144,0.14198338992391182,2427.5317103155976
59864.53313628168,4.618844053427396,0.21456110563960534,2429.191557438222
59864.76069765996,4.863929061036192,0.20095337648425105,2429.419118816506
59865.33619767796,4.637474228155878,0.1342622996626076,2429.9946188345057
59866.192983404304,4.591074809044423,0.20999340419915016,2430.8514045608463
59869.51267764955,4.3936120112418084,0.22979598037939353,2434.171098806095
59869.626984442315,4.852707691395546,0.35226970005141667,2434.2854055988573
59870.3225828586,4.434307275098113,0.22145359764775818,2434.9810040151424
59870.34260121087,4.569693896749463,0.16389494899891008,2435.0010223674108
59872.81235354254,4.466073716239166,0.18153789408145415,2437.4707746990825
59876.26637293281,4.552517155048809,0.23376602902543042,2440.9247940893547
59876.981989701366,4.541627645112343,0.18823553910955468,2441.640410857908
59876.981989701366,4.629358132584534,0.12451804369365553,2441.640410857908
59876.981989701366,4.456226290825204,0.13941408381769782,2441.640410857908
59877.77599401423,4.772861641707275,0.15390332231978626,2442.43441517077
59879.58606717806,4.711192706676316,0.3368760881084127,2444.2444883346034
59881.96153106924,4.642801996766772,0.29793934333412686,2446.619952225781
59882.44973924028,4.436620425814519,0.21771528218715688,2447.1081603968196
59883.62137819186,4.525598418538727,0.26103446662558993,2448.2797993484055
59884.1095863629,4.545628343761356,0.20732182168536895,2448.768007519444
59884.45130175317,4.998824343651061,0.3592088288117971,2449.109722909714
59886.111148875796,4.696686778500991,0.16867848603931465,2450.7695700323384
59888.7152263525,4.288774702754464,0.21870727253371602,2453.373647509041
59893.5330693735,4.5392571291798545,0.12798267944531047,2458.1914905300437
59894.52469128168,4.0444061032723235,0.24186112703311377,2459.1831124382225
59894.89859265996,4.514140764283797,0.2315598524500856,2459.557013816506
59895.24030805023,4.8228140190858895,0.14912711540726442,2459.898729206776
59895.327752677964,4.344298190204086,0.14958140795198052,2459.986173834506
59896.02102864075,3.8890015794502726,0.1440884369793196,2460.679449797295
59896.184538404304,4.18700586801982,0.24091080044421442,2460.842959560847
59896.31274292462,4.57615760753892,0.5023136754275589,2460.9711640811656
59897.283730924624,4.418197332247234,0.2961755161719097,2461.9421520811666
59898.56000229548,4.356461612943231,0.1980952027494414,2463.2184234520246
59899.50423264955,4.76826181762283,0.25644133298838856,2464.1626538060955
59899.548712442316,4.850549176076604,0.25643161989036944,2464.2071335988585
59900.21984941811,4.986844861812686,0.3367102444136897,2464.878270574649
59900.33415621087,5.29836655368887,0.19626786734900448,2464.9925773674113
59901.56286694722,4.537095845037365,0.1690482011910053,2466.221288103763
59902.8239268948,6.038126719815636,0.9930647956555859,2467.482348051344
59903.539543663355,5.255725686589531,0.301045546134142,2468.1979648198976
59906.18810093281,4.8651808819752524,0.16444781552386567,2470.846522089356
59906.973544701366,4.633672687113075,0.14514161434007536,2471.6319658579087
59906.973544701366,4.669072153649617,0.20391121365963946,2471.6319658579087
59906.973544701366,4.844908255980929,0.18544221127034932,2471.6319658579087
59907.76754901423,4.7514184935689885,0.17544393931324587,2472.4259701707706
59909.328990240276,4.77488331664605,0.2328044601605242,2473.987411396818
59909.42618852573,5.435699852292405,0.5570181426531026,2474.0846096822715
59909.50779517806,5.077600140170856,0.23679763985542646,2474.1662163346045
59910.9888373629,4.73518825271774,0.18045506293564512,2475.6472585194424
59911.16764230069,4.498788809749529,0.1437730999439637,2475.826063457229
59911.95308606924,3.9186438706074354,0.37221727684589856,2476.6115072257817
59913.612933191864,5.438945047739531,0.3035964195463474,2478.271354348406
59914.40210706024,4.531125451319444,0.5683722534401355,2479.0605282167817
59914.44285675317,4.61231672498976,0.4538085956170108,2479.1012779097146
59916.1027038758,4.815954394892425,0.2075256525210962,2480.761125032339
59918.6369543525,4.896427550569209,0.1479139250378134,2483.295375509042
59919.53475418067,4.887320231831862,0.4362484126223895,2484.193175337212
59921.492827947215,3.959275722322347,0.42667956995526335,2486.1512491037574
59921.912168804985,5.052956318310091,0.655735189505312,2486.5705899615277
59922.78657215906,4.637369550337882,0.14985363026426346,2487.4449933155993
59923.5246243735,5.035092662122133,0.15809625107950118,2488.183045530044
59924.44641928168,4.972891205874459,0.1669282558123901,2489.1048404382236
59925.249480677965,4.74664488493072,0.11225208660316374,2489.9079018345074
59926.01258364075,4.181841509621835,0.16078217822158383,2490.6710047972956
59926.106266404306,4.8726986164252075,0.19055523923319387,2490.764687560848
59928.55155729548,3.6379553858571345,0.2446463104198082,2493.209978452025
59929.425960649554,5.2478781645847405,0.19346140863985484,2494.0843818060966
59929.49473544232,4.850549176076604,0.24477563716807993,2494.1531565988626
59930.21140441811,5.664435136948593,0.4274030966241885,2494.8698255746494
59930.25588421087,4.979149275184454,0.1678428658708728,2494.9143053674125
59933.531098663356,4.077347406007317,0.33588081647252127,2498.189519819898
59935.3191503063,4.97973828243711,0.47876302384606156,2499.9775714628413
59936.13412393282,4.79865668475686,0.1669757350181646,2500.79254508936
59936.2901383063,4.9238470173914415,0.29032407120944775,2500.9485594628422
59936.89527270137,4.974809860125078,0.15577964024530724,2501.55369385791
59936.89527270137,5.0845412514811335,0.14872774146299952,2501.55369385791
59936.89527270137,4.7872708283290875,0.11114292465518257,2501.55369385791
59937.1472278586,4.935041157452636,0.21483098823597258,2501.805649015143
59937.68927701423,4.738747542396365,0.11939934758818121,2502.3476981707718
59939.453818178066,4.871609891489846,0.23843827015465574,2504.1122393346086
59939.63699854254,4.448934025216527,0.1943926623484336,2504.295419699083
59940.460985955826,4.760904820413241,0.3556688410285632,2505.119407112368
59941.11366530069,4.945665256924666,0.13980550531951155,2505.772086457233
59941.87481406924,5.0462615241984015,0.2627659486349591,2506.533235225783
59942.99129492462,5.275526726392855,0.3163154512715994,2507.649716081163
59942.99543792462,5.350360406812292,0.31947465677743325,2507.6538590811615
59943.534661191865,5.411544648863507,0.21792450572731178,2508.193082348407
59944.36458475317,4.396088686577843,0.3402888754507544,2509.0230059097157
59946.0244318758,4.814818512831555,0.16754260397844384,2510.68285303234
59948.582977352504,4.963281301998729,0.14767516163985084,2513.241398509046
59952.73259515906,4.074753720601932,0.14230245372149364,2517.3910163156033
59953.4463523735,4.906158116906775,0.1177717557302688,2518.1047735300453
59954.392442281685,4.726906638110034,0.17076732132085223,2519.0508634382277
59954.410608955826,5.194275428030896,0.1784208489413691,2519.0690301123686
59954.410608955826,4.94944155972187,0.23530440636885555,2519.0690301123686
59955.153591050235,4.803474767808291,0.13601940065244722,2519.8120122067776
59955.19550367797,4.5960950276041235,0.12079204927022795,2519.8539248345114
59955.934311640754,4.726486475291237,0.11527074958345569,2520.592732797297
59956.05228940431,4.601788758238258,0.18550437747038634,2520.710710560852
59957.077188858595,5.114336192747319,0.2046547835300579,2521.7356100151374
59958.473285295484,3.6746396826625864,0.17431365861349316,2523.1317064520263
59959.37198364956,4.845775570667179,0.20363508872692565,2524.0304048061007
59959.566959542535,5.385903801120807,0.16625500291960082,2524.2253806990775
59959.63263044232,4.539722970148883,0.2847081705685162,2524.2910515988624
59960.13313241811,4.470833806132263,0.3288918950851987,2524.7915535746506
59960.201907210874,4.979149275184454,0.1464113171373608,2524.8603283674165
59962.69167789481,6.24780074337817,0.6922281531528225,2527.3500990513494
59963.45282666336,4.984784695068803,0.2537383888844911,2528.1112478198993
59966.27201893282,4.925052659471806,0.1841389779005098,2530.9304400893598
59966.84129570137,4.903210550754287,0.1417666325541667,2531.499716857914
59966.84129570137,4.881904482906867,0.15509996688986327,2531.499716857914
59966.84129570137,4.58534967639343,0.11770104753856289,2531.499716857914
59967.63530001423,4.928811809985715,0.12388291492618639,2532.293721170776
59969.293939525734,4.902482749852039,0.40996830505968646,2533.952360682277
59969.591713178066,5.063016759733261,0.2586727105118169,2534.2501343346084
59971.25156030069,4.706565475608997,0.15557147343246616,2535.909981457233
59971.820837069245,4.889015759660945,0.27393867400998884,2536.479258225787
59973.48068419187,5.590560588186865,0.2069643461769023,2538.1391053484112
59974.269858060245,6.2828834461778795,0.4275446499319085,2538.928279216787
59974.31060775318,5.26370369070566,0.32028778189765206,2538.96902890972
59975.9704548758,4.814818512831555,0.14357549249406973,2540.628876032344
59976.153635240276,4.821311556564103,0.22915652702410572,2540.8120563968187
59977.8134823629,5.171026783546594,0.2074710814562006,2542.471903519443
59978.720872352504,5.089825902918893,0.16749252367074433,2543.379293509046
59980.91996492462,5.011930516999856,0.3151307492069119,2545.5783860811644
59981.77991980499,4.870750139982121,0.4381230378886137,2546.438340961533
59981.9977023063,4.104496597173333,0.3363179247366132,2546.656123462839
59982.001845306295,4.651299473536796,0.32933151660590454,2546.660266462837
59982.87049015906,4.509744031305153,0.1594255441917182,2547.528911315603
59983.39237537351,4.859430160922687,0.1237425501060135,2548.0507965300494
59984.530337281685,4.604625292284943,0.18896733558319118,2549.1887584382275
59985.09961405024,4.874385355826154,0.1327961921061807,2549.7580352067816
59985.270649955826,5.1546915092024905,0.17328960020435355,2549.9290711123685
59985.270649955826,5.160555793473367,0.23984922667878375,2549.9290711123685
59985.33339867797,4.853174316138428,0.11841494625980793,2549.9918198345113
59985.88033464076,4.850523770554988,0.12478338425781854,2550.538755797301
59986.19018440431,4.996674314239575,0.2029528090146306,2550.848605560852
59986.51188144232,4.749098956086305,0.2946373410356518,2551.170302598861
59987.916834924625,5.041942969305276,0.47249867346625307,2552.575256081167
59988.41930829549,4.061722262747701,0.18342148402726055,2553.0777294520303
59989.50987864956,4.947512371537887,0.20734928939363403,2554.1682998061005
59990.07915541811,5.025936608455142,0.31299458478393316,2554.7375765746547
59990.339802210874,4.735506405371897,0.1473136981366666,2554.9982233674164
59993.151269932816,5.248360257953192,0.1762891226287395,2557.8096910893582
59993.39884966336,5.5417189554169655,0.24642728276409048,2558.0572708199034
59996.08359624027,5.280619501467701,0.21572550047638317,2560.742017396813
59996.470964178065,4.800515911856577,0.2154694459654458,2561.129385334607
59996.97919070137,4.778641719272008,0.12158414661424863,2561.6376118579137
59996.97919070137,4.932873121779329,0.14401689656296288,2561.6376118579137
59996.97919070137,5.009348991444141,0.16287408191063701,2561.6376118579137
59997.743443362895,5.409842416877472,0.20403810672706937,2562.4018645194374
59997.77319501423,5.137395160058131,0.1304133282228461,2562.4316161707757
60000.937191924626,4.668011507621034,0.46065165281937687,2565.5956130811683
60001.958732069244,4.868325527484965,0.2805595483063028,2566.6171532257868
60003.61857919187,5.764096447735018,0.2434982113449345,2568.277000348411
60004.44850275318,5.3799262613520655,0.3719122260684973,2569.1069239097196
60005.6001233525,5.1686178242465415,0.15161475770623326,2570.2585445090444
60006.1083498758,4.9193196624316675,0.1537984310419071,2570.766771032344
60008.53244965996,4.732758449754044,0.30081793520705985,2573.1908708164992
60011.409588281684,4.5847190266855105,0.18711889663467238,2576.068009438226
60012.21264967797,4.828522877511851,0.12378543824631233,2576.8710708345097
60013.06943540431,4.9293294907354746,0.20693227585805468,2577.7278565608503
60013.27206995583,5.1576236513379285,0.19513405911336257,2577.930491112369
60013.53027037351,5.3855523320028,0.12486748237970445,2578.1886915300493
60015.23750905024,4.951742360936551,0.1469783097097534,2579.8959302067815
60015.288552955826,4.8218933768303405,0.19850602256911565,2579.9469741123685
60016.01375092462,5.178183706744355,0.43300860464333196,2580.672172081162
60016.01822964076,4.999741569368522,0.12263837839987399,2580.6766507973007
60016.02203092462,4.692988976151533,0.43557545911682183,2580.680452081164
60016.38912964956,5.606379272414856,0.2159080996256143,2581.047550806099
60017.21905321087,4.892295104001276,0.14607292426262103,2581.877474367415
60018.55720329549,4.283093019332327,0.1892403724860563,2583.21562445203
60019.9263723063,4.902305592321756,0.3359297909515738,2584.58479346284
60020.21705041811,5.161454663482323,0.3500014382721251,2584.8754715746545
60023.53674466336,5.4793595208606085,0.27674686991045766,2588.195165819903
60023.85844170137,5.036652080078682,0.11657926336114258,2588.516862857912
60023.85844170137,5.1278723843838065,0.1751087547302154,2588.516862857912
60023.85844170137,5.052546253156223,0.1230485273900884,2588.516862857912
60024.65244601423,5.096458240885039,0.13567664640224347,2589.310867170774
60026.9232423063,5.991408993142225,0.49564684349527416,2591.5816634628427
60028.83798306924,5.277992124569388,0.259662413808562,2593.496404225785
60030.49783019187,4.945737867971097,0.24331554201909436,2595.1562513484096
60031.327753753176,5.009635745571657,0.3373157399225905,2595.986174909718
60032.9876008758,5.3305089684669005,0.14459778634885356,2597.6460220323424
60035.73990122508,5.492471251414734,0.5214480245922051,2600.398322381625
60036.71088922508,5.701661874345778,0.3113839543837876,2601.369310381626
60039.9435993063,4.866791350990654,0.43179883585629775,2604.602020462844
60040.409521373505,5.074897957960431,0.11586802419017628,2605.0679425300477
60042.89748064076,4.9708306208484005,0.13280384094404604,2607.555901797299
60043.260933955826,4.359494562071854,1.2702039730715051,2607.919355112368
60043.26474495582,3.330821399193806,0.4046356146903686,2607.923166112363
60043.26853595582,6.399385845695691,0.6521084109212898,2607.926957112366
60043.27233595582,4.556094692252935,0.6892000089345737,2607.9307571123645
60043.27614295582,2.5524153640017504,0.42648007359937773,2607.9345641123655
60045.436454295486,4.21984423173672,0.16722979440278515,2610.0948754520286
60047.09630141811,4.77053719705776,0.3223766039781227,2611.754722574653
60049.30599695582,4.808698737220872,0.17446245705852853,2613.964418112366
60050.41599566336,5.047144129625161,0.290508952019447,2615.0744168199017
60053.33652644232,4.524613362916285,0.2780167730797945,2617.9949475988615
60055.020158306295,5.037570216407976,0.43703864195432945,2619.6785794628377
60055.0284383063,4.190662297452073,0.4455775852251955,2619.6868594628395
60059.97591493282,5.567676404601475,0.1857355586337512,2624.634336089359
60063.295609178065,5.0338499988580745,0.25466228089147863,2627.9540303346075
60068.91629292462,5.21056556317915,0.24858998324028955,2633.5747140811654
60068.92456392462,5.37820090533245,0.25787014941367603,2633.582985081164
60072.4247683525,5.371566712514729,0.16176220211964246,2637.083189509045
60073.26648744231,5.97729417256459,0.27542655469706345,2637.924908598856
60078.234233281684,5.3553758806064256,0.19309077631450236,2642.8926544382266
60079.03729467797,5.075917672300001,0.1397208325013497,2643.6957158345103
60079.89408040431,5.044121803526554,0.21213619403791703,2644.552501560851
60079.90587593281,5.277630904729285,0.1608555088740725,2644.564297089353
60082.41845322508,5.114486942131187,0.3336568599568214,2647.0768743816225
60082.42259622508,5.005087670640108,0.34086279999515595,2647.0810173816208
60083.21377464956,5.03471534371278,0.23464058994466536,2647.8721958060996
60083.22557017806,5.814060852269333,0.2464591293953322,2647.883991334602
60084.04369821087,5.567952877231469,0.16547411574769516,2648.7021193674154
60084.885417300684,5.848815085911803,0.1969179858346518,2649.5438384572262
60090.68308670137,5.3110577480938055,0.13435522801872612,2655.341507857913
60090.68308670137,5.266786898689436,0.18122609114000457,2655.341507857913
60090.68308670137,5.556809960581939,0.15598420970065238,2655.341507857913
60091.47709101423,4.986318434538391,0.14025768259542268,2656.1355121707747
60092.3547293525,5.536313457108902,0.16283663741047413,2657.0131505090394
60095.66262806924,5.042123477763206,0.30580163156099965,2660.321049225786
60096.504347159054,5.782808583656631,0.22940687046133165,2661.1627683155966
60097.32247519187,6.228076535369027,0.23436474505292643,2661.98089634841
60098.15239875318,5.363709158471171,0.35326255775546944,2662.8108199097187
60098.16419428168,5.41367280129048,0.1746063868293142,2662.822615438221
60098.96725567796,5.6939644550091835,0.3036528993680876,2663.6256768345047
60099.8122458758,5.5758594936149946,0.1595914295523481,2664.470667032343
60099.8240414043,5.6915504476682495,0.19560610099600143,2664.4824625608453
60101.79166794722,5.2522079390586365,0.1654666715047552,2666.4500891037605
60103.14373564955,5.178438760815845,0.21671553455315942,2667.802156806094
60103.97365921087,5.309646316180193,0.1698732231193108,2668.63208036741
60107.234166373506,5.390744327112143,0.1396646684413327,2671.8925875300483
60107.9227003063,5.269092019183959,0.26296063936417224,2672.581121462841
60107.9309713063,5.196122867596558,0.2501522244578733,2672.58939246284
60109.72212564076,5.263670551019962,0.14436822035209498,2674.3805467972998
60110.12267795583,3.1728713005709928,0.6084194931032717,2674.7810991123697
60110.613047701365,5.830530113329986,0.11226470883260288,2675.271468857907
60110.613047701365,5.152086841005889,0.16363874896186065,2675.271468857907
60110.613047701365,5.442251065588673,0.14115292418813122,2675.271468857907
60111.40705201423,5.17638270212774,0.35507903939897484,2676.065473170769
60112.26109929549,5.219175075747311,0.19695672457272048,2676.9195204520292
60113.92094641811,4.916479717856264,0.3476559334735777,2678.5793675746536
60115.59258906924,6.053875831168678,0.44815042893174917,2680.25101022578
60117.24064066336,5.131006817476814,0.2806174555036109,2681.8990618199023
60117.25243619186,4.397729890450614,0.2237699241541971,2681.9108573484045
60118.08235975317,4.6771851365133355,0.31434151084132433,2682.740780909713
60119.742206875795,5.851878834406601,0.16106807623148026,2684.4006280323374
60120.34712322508,5.317781795939958,0.3369322872469735,2685.0055443816236
60127.1641273735,5.221139153540265,0.3379988816182439,2691.8225485300427
60127.343993225084,3.9305291576508954,0.5052892499607885,2692.0024143816263
60128.87136605023,5.758618900351936,0.20370678012404417,2693.529787206775
60129.65208664075,5.314964169362115,0.3010469091063066,2694.310507797294
60131.70241094722,4.884504224603625,0.1780020254066306,2696.360832103761
60132.19106029548,6.075563659791831,0.18506595250474636,2696.8494814520236
60133.850907418106,6.0292914389448535,0.30465501216687557,2698.509328574648
60137.170601663354,5.662137173870623,0.2702958939218689,2701.8290228198966
60137.3760288586,5.487463698630851,0.20659310823594657,2702.0344500151405
60139.86579954254,5.051679826179341,0.18710829366381193,2704.5242206990806
60140.364350225085,4.308295105115098,0.4747185952527028,2705.0227713816275
60155.44090922508,4.742180040150572,0.47624712798810703,2720.0993303816213
60155.44918922508,5.205107097158727,0.47428187161401586,2720.107610381623
60161.69097394722,5.03134694173988,0.16857066389950529,2726.34939510376
60163.08507395582,5.189877214827741,0.2643326135096865,2727.743495112365
60176.382436240274,5.497837338227165,0.21008778562919084,2741.040857396816
60178.0422833629,5.290434600212033,0.18597767445642155,2742.7007045194405
60185.63797494722,4.873759635544876,0.17322665249163044,2750.2963961037603
60188.83128965996,5.379866798745975,0.21407043761246583,2753.4897108165023
60191.60704794722,4.661255540827368,0.1657054401505052,2756.2654691037606
60197.2753348586,5.049725369217703,0.22678399058895146,2761.93375601514
60199.76510554254,4.964553063480925,0.20496213847906114,2764.42352669908
60201.3136378724,6.0269816857100125,1.7562538739292295,2765.9720590289435
60206.293179240274,5.320415135683176,0.25187320155543896,2770.9516003968165
60207.9530263629,5.417305405419063,0.20881441939368695,2772.611447519441
60208.34345122508,4.398958932506506,0.268803399611811,2773.0018723816247
60208.35172222508,5.096144549306335,0.27207882690196283,2773.0101433816235
60210.44279704684,5.631877149726612,0.9994365164009327,2775.101218203381
60215.54751794722,4.777058334016123,0.16116883588125505,2780.205939103762
60218.74203265996,5.248696187463827,0.24380244283641944,2783.4004538165027
60224.294843924625,5.082420289848771,0.5038932781804757,2788.953265081167
60227.1914088586,4.767053016275634,0.1910865105888386,2791.8498300151405
60229.68117954254,5.064534594446321,0.17839561739397017,2794.3396006990806
60231.3022008724,4.255053058540432,1.8666586576221031,2795.9606220289425
60236.28174224027,5.214293444441911,0.24407988985490855,2800.9401633968155
60237.9415893629,4.914299977715899,0.196873637727143,2802.60001051944
60238.244466924625,5.411964914176049,0.22450104125830753,2802.9028880811675
60238.244466924625,4.706415599551325,0.280971839675085,2802.9028880811675
60240.43136004684,6.834340934186148,0.9416326193438277,2805.08978120338
60245.53456294722,4.903605716263626,0.17119711900275536,2810.1929841037636
60251.1318788586,5.006113063335213,0.2130541905889081,2815.790300015142
60251.53342394722,4.920319521466127,0.1560353099976299,2816.1918451037636
60253.56532744232,4.725355287577939,0.27283633631433224,2818.223748598859
60253.62164954254,4.214691581240458,0.19167887793651558,2818.280070699082
60255.2492018724,1.399521924755618,1.7310379665425857,2819.907623028943
60260.204715932814,5.447932849608369,0.17988142927853265,2824.8631370893563
60260.22874324027,5.516077003909257,0.22600603931538069,2824.887164396816
60261.8885903629,4.888925816674494,0.22209853899771706,2826.5470115194403
60263.3012513063,5.65703173733081,0.4861375657618096,2827.9596724628427
60263.52441017806,4.842443130614658,0.2251309355053514,2828.182831334605
60264.37836104684,4.722000992346259,0.9641119126438134,2829.0367822033804
60265.18425730069,5.049031537930131,0.13040857068265108,2829.8426784572293
60266.197816240274,4.900902824995052,0.19599349851121053,2830.856237396816
60267.8576633629,5.224760301046042,0.20582922397705097,2832.5160845194405
60269.104507924625,4.718144149991733,0.293016310666076,2833.7629290811674
60269.104507924625,4.744010145070747,0.22094693506424462,2833.7629290811674
60272.6535693525,5.265317000421383,0.14982403222151397,2837.3119905090425
60272.67759665996,4.776481986848093,0.24852458484257678,2837.336017816502
60276.80318715906,5.05747021715395,0.1350703409763056,2841.4616083155997
60277.2508743063,4.702047965930694,0.29381727527480206,2841.909295462843
60277.2508743063,5.6900231090591555,0.2350150068413379,2841.909295462843
60278.46303428168,4.991375595359647,0.18342201873763478,2843.121455438224
60278.64666965996,5.364126325392118,0.2184427913218706,2843.3050908165023
60279.266095677965,4.877825754765006,0.11066735126288378,2843.924516834508
60280.122881404306,5.429823974504586,0.18780022372620794,2844.7813025608484
60281.1189238586,5.051340639805944,0.2093390682359552,2845.7773450151435
60283.442575649555,5.029870734147509,0.1915235648137461,2848.100996806097
60283.47607044232,4.24400637145376,0.3231297432456928,2848.1344915988593
60283.60869454254,5.033111827571482,0.19296435476321366,2848.2671156990837
60284.27249921087,4.899062961496068,0.13107084014916276,2848.930920367413
60287.1177848586,5.195099722159339,0.25844329411846323,2851.7762060151435
60289.36205995583,5.049134392326743,0.17226335045695043,2854.0204811123695
60289.37035395583,4.712377868071751,0.15818906820685066,2854.0287751123687
60289.60755554254,5.1359499737073175,0.2183882297801286,2854.2659766990837
60290.138286240275,4.386875883045178,0.21754946704459244,2854.7967073968175
60290.91188770137,5.072031427212707,0.10889935630034192,2855.5703088579103
60290.91188770137,4.975832707401803,0.12151425647500001,2855.5703088579103
60290.91188770137,4.680542159417973,0.15535485590693782,2855.5703088579103
60291.70589201423,4.888849579364365,0.13002345280215,2856.364313170772
60291.7981333629,4.876985035007951,0.1826939594981221,2856.456554519442
60293.43515317806,4.445046013690232,0.24755288292815178,2858.0935743346054
60295.09500030069,4.572920182995872,0.14857597764724792,2859.7534214572297
60295.89142906924,4.696596600424322,0.2635935579219982,2860.5498502257833
60297.105927924626,5.0883438001722086,0.27346872659872995,2861.764349081168
60297.551276191865,4.9311243219038845,0.23783546224388932,2862.2096973484076
60298.381199753174,5.374520560391767,0.34839742689120123,2863.039620909716
60299.122410924625,4.672691080776551,0.3088123381952445,2863.7808320811673
60300.0410468758,5.345275435258221,0.1414173165784153,2864.6994680323405
60302.5643123525,4.833155250109128,0.17131273803814545,2867.222733509043
60302.58713965996,5.495296936674266,0.1967559169232221,2867.2455608165037
60303.504652180665,6.2559810954900765,0.5337581565568374,2868.1630733372076
60306.71393015906,4.806473363056249,0.1570857430094515,2871.3723513156
60307.4629673735,4.905292784388552,0.113791226146439,2872.121388530046
60308.1109153063,4.827589838701678,0.228804866280708,2872.769336462843
60308.1109153063,4.713789012928135,0.30041554962047157,2872.769336462843
60308.37377728168,4.697047239710884,0.21157516579969032,2873.0321984382244
60309.170206050236,4.7583498481605595,0.13064738640866969,2873.828627206778
60309.176838677966,5.272248772790239,0.1303885021641455,2873.835259834508
60309.950926640755,4.760060480024282,0.11704271094436641,2874.6093477972972
60310.03362440431,4.682908659277288,0.22315625606586062,2874.692045560849
60311.37911295582,5.192809356963178,0.15730942556621944,2876.0375341123654
60311.38739995583,5.242655773265615,0.18208602661066575,2876.0458211123696
60311.46191695582,5.074057600477961,0.3568416978827382,2876.1203381123632
60312.489900295484,4.949735240590025,0.17570513194059648,2877.1483214520267
60313.353318649555,4.899066275885168,0.23076490229244787,2878.0117398060975
60313.464633442316,4.939048304153246,0.3028396992476333,2878.1230545988583
60314.14974741811,5.166666896367984,0.32263721562240566,2878.808168574651
60314.18324221087,5.043443921384991,0.15825506775324902,2878.8416633674133
60314.50554194722,4.293551826372357,0.16391467530738016,2879.1639631037615
60316.673012894804,5.539771069609045,0.8134744363433304,2881.331434051346
60317.46944166336,4.660085570309835,0.25846910460945616,2882.1278628198997
60319.40171795582,5.05206653446218,0.2144861972072498,2884.0601391123637
60319.41001095582,5.091650453290586,0.1634669240506381,2884.0684321123626
60320.10402193281,5.036813310798705,0.1856025102393143,2884.7624430893557
60320.12533124028,4.91416803640021,0.22268973646409118,2884.783752396819
60320.82263070137,4.603516298673689,0.13910722963468017,2885.4810518579106
60321.61663501423,5.166635816610338,0.14483871878860177,2886.2750561707726
60321.7851783629,5.2859568070870795,0.18896286987305766,2886.4435995194435
60323.42371617806,4.63098411426955,0.24718829841721193,2888.0821373346043
60325.80217206924,4.754529250517069,0.28883564117669525,2890.4605932257837
60326.12419224028,5.1827885673546605,0.2245137030323004,2890.782613396819
60327.094791924625,2.8930908743060137,1.8276003851247973,2891.753213081167
60327.10239392462,15.243412448330533,1.7379579288967661,2891.7608150811648
60327.10619392462,4.797655429063244,0.9341375780062032,2891.7646150811634
60327.11000092462,1.7160893730388451,0.5838606675468911,2891.7684220811643
60327.451653180666,5.739061971018305,0.540023842914071,2892.110074337208
60327.462019191866,5.661801625264528,0.27071594089511847,2892.120440348408
60327.7840393629,5.266553036878945,0.19523178024799323,2892.4424605194436
60328.291942753174,5.301543597427746,0.3848859083732123,2892.9503639097165
60329.9517898758,4.763703820092369,0.16197678188017692,2894.610211032341
60332.5528753525,5.137578582511407,0.159016423043073,2897.211296509042
60332.57418465996,5.203223708886016,0.21791810887674204,2897.2326058165054
60333.13985492462,5.253017387163791,0.27958968726628275,2897.7982760811647
60336.1123353063,4.653861156518055,0.29575794419999896,2900.7707564628436
60337.373710373504,5.480738909007426,0.1263385476606851,2902.032131530046
60337.41163444232,4.9368897888343035,0.2903203103977665,2902.0700555988587
60338.1288183063,4.595404327153276,0.29362320838228256,2902.787239462843
60338.36234028168,5.176219490211527,0.19237983825737973,2903.0207614382234
60339.080949050236,5.147283679410053,0.1569702562031795,2903.7393702067784
60339.165401677965,4.8725433036307395,0.13452642221932093,2903.823822834507
60339.861669640755,5.037046019071906,0.13653428591438432,2904.5200907972976
60340.022187404305,4.419651621943077,0.22866628707983266,2904.6806085608478
60341.26956495582,4.880536219539089,0.17768781340750972,2905.927986112365
60342.400643295485,4.142680710870079,0.18886087976048274,2907.059064452027
60343.341881649554,4.651991188056306,0.23383315501712004,2908.0003028060964
60343.38070744232,5.87368543725535,0.25578406529468667,2908.039128598859
60344.06049041811,4.903449135642112,0.3627714088419941,2908.7189115746514
60344.17180521087,5.29272667244321,0.15566072238024484,2908.8302263674123
60346.6615758948,5.624856180619923,0.8058775514316444,2911.319997051345
60347.37071717806,5.094006443163148,0.2646883549423243,2912.029138334605
60347.38018466336,5.343889025100243,0.31351743304541335,2912.0386058199
60348.274925955826,4.969966554669932,0.16507960222512869,2912.933347112368
60349.03056430069,4.77025581036994,0.16632574307242862,2913.688985457229
60350.020095932814,5.090032668573419,0.17642217102317628,2914.6785170893563
60350.0899028586,5.487463698630851,0.19383247058884742,2914.7483240151414
60350.81119370137,4.767171862949782,0.1444260354736532,2915.4696148579096
60350.81119370137,4.7608321997964556,0.18033397958024364,2915.4696148579096
60350.81119370137,4.871836097088464,0.13271569729788105,2915.4696148579096
60351.60519801423,5.260205917577402,0.13411714471945907,2916.2636191707716
60352.57967354254,5.567298864443739,0.18653697062972394,2917.2380946990816
60353.26383752573,6.212462482491002,0.51661172554776,2917.9222586822725
60353.33979017806,5.1432253521400275,0.2486466364609713,2917.998211334605
60354.99963730069,4.954018087712987,0.1337497029979793,2919.6580584572293
60355.79073506924,5.319372588921351,0.2882149342114158,2920.4491562257826
60356.4998763525,4.779433485567549,0.17728182298720974,2921.1582975090423
60357.450582191865,5.725735889308584,0.24733426718757784,2922.109003348407
60358.23975606024,4.654055836923544,0.5072686205957444,2922.8981772167826
60358.28050575317,4.487985602902907,0.37812878217283985,2922.9389269097155
60359.9403528758,5.302111916945131,0.149595667416685,2924.59877403234
60360.64949415906,4.91282796225019,0.30023903352449666,2925.3079153155995
60362.30934128168,5.201813260267941,0.2014798453885492,2926.967762438224
60362.4689493525,5.2390530266455,0.16092653022677358,2927.1273705090425
60363.112402677965,4.831164103078985,0.12616254125673218,2927.7708238345076
60363.722002225084,6.489729680356358,0.5151155318312447,2928.3804233816263
60363.969188404306,5.0533051885498415,0.20065696275880895,2928.627609560848
60365.74981780499,5.226880397623154,0.5310895993309521,2930.4082389615287
60366.1011993063,2.799202678085935,1.9199037676972384,2930.7596204628426
60366.1088013063,5.161967094513094,0.9066805218519658,2930.7672224628404
60366.1126013063,4.3647403000422305,0.8798992906842494,2930.771022462839
60366.1164083063,3.0425625613056195,0.636539407464565,2930.77482946284
60366.61856715906,5.104266240799285,0.13411314958356013,2931.2769883155997
60367.288882649555,5.079931699655318,0.2149391777125599,2931.947303806097
60367.32117744232,4.591527337803503,0.2618279081877257,2931.9795985988603
60367.3622733735,5.023843339385222,0.13135747626638355,2932.020694530045
60368.11880621087,5.575848710975395,0.16389494899891008,2932.7772273674127
60368.27841428168,5.501829120373685,0.18441733201760646,2932.936835438224
60369.081475677965,5.090004208658044,0.11718237432847917,2933.739896834508
60369.850232640754,4.933526171145016,0.13578819692031674,2934.5086537972966
60369.938261404306,4.888004258130685,0.17387208977422333,2934.5966825608484
60370.6085768948,6.162715632367287,0.8189441934797443,2935.2669980513456
60372.1462623063,5.167983168181204,0.2649013082893693,2936.8046834628403
60372.389206295484,4.405795667267805,0.1845599622039815,2937.047627452026
60373.257955649555,5.56600752603759,0.19087761687170987,2937.916376806097
60373.960565932815,5.124625251126983,0.2740796925397761,2938.6189870893577
60374.04905341811,5.6670412533914245,0.3812748355860901,2938.7074745746504
60374.08787921087,5.163009403793005,0.14539613851314181,2938.746300367413
60374.75819470137,5.085277366011441,0.14882427876357324,2939.41661585791
60375.55219901423,5.228041195369975,0.14483871878860177,2940.210620170772
60376.253863955826,5.119505803577242,0.16258728141000683,2940.9122851123684
60377.21083852573,5.531642029894133,0.4857995262025899,2941.869259682273
60377.280260178064,5.248954860312581,0.22549552001629142,2941.9386813346064
60377.36874766336,5.083699660227164,0.30599129439206,2942.027168819899
60377.671625225084,4.734100652834863,0.3388975436210645,2942.3300463816267
60377.671625225084,4.98128623233167,0.27251555054064996,2942.3300463816267
60378.94010730069,4.931047803045106,0.13448057569195734,2943.5985284572307
60379.73773606924,4.59935250919721,0.29773244101236707,2944.396157225783
60380.72726770137,5.244613608354294,0.10967597611547905,2945.3856888579103
60380.72726770137,5.254042447835708,0.15229618770204323,2945.3856888579103
60380.72726770137,5.268367028545322,0.13685696562588384,2945.3856888579103
60381.397583191865,6.069154221888087,0.24696892853589753,2946.0560043484074
60381.52127201423,5.031154107918442,0.13879564976781228,2946.179693170772
60382.18675706024,5.230743969389841,0.4770783641312077,2946.845178216783
60382.227506753174,5.3069492983880435,0.3573168334756929,2946.885927909716
60383.8873538758,4.828449097562004,0.16947360348192422,2948.5457750323403
60385.70680906924,4.899360875748936,0.28676661795909714,2950.3652302257833
60386.4094193525,5.376341980473979,0.14230298518569295,2951.067840509044
60387.366656191865,5.068126316284004,0.2215778922441152,2952.0250773484076
60388.196579753174,5.393440513752811,0.32407177256986064,2952.855000909716
60389.096310240275,4.788148528051208,0.1976516499368553,2953.754731396817
60389.69681880499,6.048878724852734,0.561940418161483,2954.355239961529
60389.8564268758,5.539511267667129,0.15697890081234533,2954.5148480323405
60390.55903715906,4.788393081193278,0.14400412730859669,2955.217458315601
60390.7561573629,5.297897588753624,0.2174714861019313,2955.4145785194414
60391.3092743735,5.183064522738414,0.12919414497082388,2955.9676955300456
60392.21888428168,4.692781611368148,0.18029389128629528,2956.8773054382254
60393.016513050236,5.361089846312399,0.2734355250082766,2957.674934206778
60393.02194567797,5.028375612091601,0.1310047881298099,2957.680366834509
60393.797233640755,5.095800527354736,0.13644102479012596,2958.455654797297
60393.87873140431,4.66760301757181,0.20157530126113746,2958.53715256085
60393.956535924626,2.1228370819149345,0.7230631601476887,2958.6149570811685
60396.336207295484,4.5183785091879844,0.20075165182845692,2960.9946284520265
60397.198425649556,4.391997141386718,0.21736148249519582,2961.8568468060985
60397.2783473735,5.125952576535639,0.12452134937241499,2961.936768530046
60397.30822244232,5.556383685370803,0.2825496552495737,2961.966643598862
60397.99605441811,5.010299909798159,0.3330616813937274,2962.654475574651
60398.02834921087,5.607432045951096,0.1458473290127947,2962.6867703674143
60398.985586050236,5.511506245138171,0.13225899068180294,2963.644007206778
60399.766306640755,5.049169965225506,0.12776774023408916,2964.4247277972972
60401.31574866336,5.432052363610957,0.2784671301740811,2965.9741698198995
60401.54516365996,5.2609387778501615,0.21966705036050416,2966.2035848165033
60402.305280295484,5.316578208644547,0.1920233191402631,2966.9637014520267
60403.30708344232,5.584444384517055,0.2883776466107185,2967.965504598862
60403.94761093282,5.437288978053426,0.1745594935010613,2968.6060320893594
60403.96512741811,5.70613300003388,0.299442779281215,2968.623548574651
60404.66773770137,5.133351188017545,0.13685696562588384,2969.3261588579117
60404.66773770137,5.053954569432188,0.2884069228198526,2969.3261588579117
60404.66773770137,5.25496853922279,0.17085635933017196,2969.3261588579117
60405.46174201423,5.184180210541662,0.13080320364354212,2970.1201631707736
60407.267305178066,5.243486092648483,0.2442716223296932,2971.925726334608
60407.28482166336,5.552470582064614,0.24320179476979611,2971.9432428198998
60408.531666225084,5.903209833599799,0.34741365457546003,2973.1900873816267
60408.531666225084,5.943170046539654,0.2644361632249416,2973.1900873816267
60408.92715230069,5.441614584981187,0.15087300611403598,2973.5855734572324
60409.64727906924,4.402795303525391,0.279318134375744,2974.3057002257847
60409.94647193282,5.522439950492968,0.20755549532138387,2974.6048930893594
60411.30712619187,5.457211980323548,0.22084721494075452,2975.965547348409
60412.137049753175,4.6582651831522925,0.33461288944244155,2976.7954709097176
60413.266166178066,5.996353107739255,0.24390703781875336,2977.924587334608
60413.7968968758,4.957939652501276,0.1402814345175444,2978.455318032342
60416.3964643525,5.430063745015558,0.15173413940521455,2981.0548855090456
60420.54608215906,5.343564088985653,0.16048909018365762,2985.204503315603
60421.218817373505,5.212485828358026,0.12954027797811343,2985.877238530047
60422.205929281685,5.363907137291897,0.17872982756062553,2986.864350438227
60422.3953253525,5.34291510475922,0.164866126293156,2987.0537465090456
60422.92605605024,5.2450543386468045,0.13376315467006067,2987.5844772067794
60423.00899067797,5.265205504611217,0.13302972773127866,2987.667411834511
60423.706776640756,4.967100175878062,0.1324307964470122,2988.3651977972986
60423.86577640431,5.58288039155936,0.21397287104257434,2988.5241975608515
60426.245750295486,4.328632146401164,0.1776025955684647,2990.904171452028
60427.18547064956,5.262411993280556,0.2159080996256143,2991.8438918061
60427.90559741811,5.0024815604696675,0.32967373001804784,2992.5640185746524
60428.01539421087,5.666086810905972,0.1452833408882286,2992.673815367416
60428.204790281685,5.444954075803875,0.17844545233777648,2992.863211438227
60429.00785167797,5.346203088669971,0.12616254125673218,2993.666272834511
60429.86463740431,5.697672704350441,0.20632005018983562,2994.5230585608515
60431.22529166336,5.055745430943279,0.26319982033442124,2995.883712819901
60432.9629433063,4.042201124674515,0.7601600179996041,2997.621364462844
60433.18433164956,5.845380010968265,0.21235538594441494,2997.8427528061
60434.014255210874,5.132554045066436,0.1603982226266002,2998.672676367416
60434.65478270137,5.144440170493652,0.16618763913260615,2999.3132038579133
60434.65478270137,5.0521844763814245,0.12218818424824418,2999.3132038579133
60434.65478270137,5.290869668633285,0.13736838926424666,2999.3132038579133
60435.44878701423,5.061369453022389,0.13557917754706944,3000.1072081707753
60436.533086225085,5.577413999139343,0.29631698884908814,3001.191507381627
60438.549569225084,5.651875379535466,0.31749808532540474,3003.2079903816266
60439.634324069244,5.6462782573018515,0.2828354738456607,3004.2927452257863
60440.65364370137,5.380953531456149,0.1421214261700976,3005.3120648579134
60440.65364370137,5.438836985214757,0.20123487898035672,3005.3120648579134
60440.65364370137,5.290869668633285,0.13511812525545033,3005.3120648579134
60441.29417119187,5.7166024230165755,0.23527809168212724,3005.9525923484107
60441.44764801423,5.230965261025194,0.13323992502289284,3006.1060691707753
60442.12409475318,5.474526028157279,0.36569566996415465,3006.782515909719
60443.7839418758,5.433874236006144,0.14005425810537023,3008.4423630323436
60445.633185069244,6.2483640136229,0.26566258113959645,3010.2916062257864
60446.91893192462,5.3319975248096325,0.31552564989514115,3011.577353081164
60447.29303219187,5.38049086347068,0.23125936651364368,3011.9514533484107
60448.12295575318,5.569125794962494,0.32920718848214336,3012.7813769097193
60449.7828028758,5.397526010058279,0.15186743153842674,3014.4412240323436
60451.20586237351,5.420165632731755,0.13352080756194323,3015.864283530049
60452.91310105024,5.288030452597024,0.14730063056438006,3017.571522206781
60453.69382164076,5.390505680011467,0.13550841354754137,3018.3522427973003
60456.23279529549,5.214115172739662,0.1767171125421262,3020.8912164520298
60457.20472337351,5.504102886999471,0.12036775328494041,3021.863144530049
60457.89264241811,5.703526883591051,0.3612077389762959,3022.551063574654
60459.69268264076,5.3037728344511,0.13662754703864285,3024.3511037973003
60461.21233666336,5.582575136678027,0.28405797603085825,3025.870757819903
60462.23165629549,5.529094134965785,0.1767171125421262,3026.89007745203
60463.89150341811,5.823408239961249,0.3231584389109718,3028.549924574654
60466.27920144232,5.670784997274755,0.2531938469119557,3030.93762259886
60466.521950225084,9.21990750760776,1.9807600632646123,3031.180371381626
60466.52955222508,6.590831202712384,0.9990053234963732,3031.187973381624
60466.53335222508,7.604030044466084,1.1051291676972994,3031.1917733816226
60466.53715922508,3.1588384880910745,0.6256066124190401,3031.1955803816236
60467.21119766336,5.582575136678027,0.2849181061626701,3031.869618819903
60472.56701322508,6.244727719052986,0.2895477724494406,3037.225434381624
60472.918589932815,5.370764780835034,0.18054667125071658,3037.5770110893573
60476.23828417806,5.908852825113692,0.2639591859204446,3040.896705334606
60477.89813130069,5.885358720610704,0.14210253378629964,3042.5565524572303
60485.3674433525,5.800147011857544,0.16283663741047413,3050.0258645090435
60485.9253393063,5.629086104807974,0.3264205132181093,3050.5837604628396
60489.51706115906,5.673263346486871,0.14336599971343306,3054.1754823156007
60491.17690828168,5.516047881516138,0.18470170724045548,3055.835329438225
60491.97996967797,5.2740095898349955,0.11815082370309461,3056.6383908345088
60492.83675540431,5.547677415636762,0.17984129003935967,3057.4951765608494
60496.156449649556,5.352844705165629,0.19895196614716276,3060.814870806098
60496.98637321087,5.275807028706227,0.15374316275672018,3061.644794367414
60503.62576170137,5.515303690337121,0.1552274113984004,3068.284182857911
60503.62576170137,5.733762539455465,0.150972258044697,3068.284182857911
60503.62576170137,5.373187333304777,0.11606151681771773,3068.284182857911
60504.41976601423,5.166635816610338,0.13567664640224347,3069.078187170773
60508.60530306924,6.312503733368441,0.29152537135957274,3073.2637242257842
60510.265150191866,5.387797636504287,0.22614462539011917,3074.9235713484086
60511.095073753175,6.185375704436456,0.33893745021067995,3075.753494909717
60512.7549208758,5.530424211180161,0.16288548752887355,3077.4133420323415
60520.176841373504,5.37430300926589,0.12841534570442242,3084.8352625300467
60521.88408005024,5.218194267427917,0.1334408338154339,3086.542501206779
60522.664800640756,5.327088115515715,0.12580925662466158,3087.323221797298
60525.203774295485,5.545538819740644,0.20935348694145933,3089.8621954520277
60526.86362141811,5.938077363445788,0.3140370313610653,3091.522042574652
60530.18331566336,6.0104898772544155,0.24492205503341957,3094.8417368199007
60533.383694225085,5.764331716497352,0.8561966936457441,3098.042115381628
60573.195917924626,6.001354191358149,0.2412843205080489,3137.8543390811683
60573.204211924625,5.356678817823959,0.21028461648205587,3137.8626330811676
60586.34609022508,4.756810282046584,0.37470888199339375,3151.004511381623
60595.21297092462,6.394280376146216,0.22430359091419275,3159.8713920811642
60595.221257924626,5.964036076320488,0.26122680526362413,3159.8796790811684
60595.29577492462,6.62036102015744,0.47684258103677457,3159.954196081162
60603.23557592462,6.3567648107644406,0.2661630638664895,3167.8939970811625
60603.24386892462,5.852081731207507,0.23338630674346483,3167.9022900811615
60612.2023253063,5.606768412168211,0.22084812368740092,3176.860746462844
60612.2106193063,5.537098397753644,0.21716085272952693,3176.8690404628433
60617.449097955825,5.852541337436605,0.15496371185786947,3182.1075191123673
60625.10342292462,5.815553417546305,0.24286392326096595,3189.761844081164
60632.108783924625,5.920004649582932,0.23634806190518376,3196.767205081167
60634.2193783063,6.277075458931201,0.23307433791614104,3198.87779946284
60634.2276653063,5.546413608594588,0.26315470625669213,3198.886086462844
60634.302182306295,7.085946266953246,0.4762401542433057,3198.9606034628378
60642.241983306296,6.484921100819783,0.272469917097637,3206.900404462838
60642.250276306295,6.17305560454065,0.23423873927125896,3206.908697462837
60647.405528955824,5.867202048113794,0.1653728164386724,3212.063950112366
60660.087721924625,6.278377024150942,0.22114438540835923,3224.7461430811672
60664.1098303063,6.924870746161908,0.24724122107007782,3228.7682514628395
60671.1151913063,6.002858939800887,0.22045998990236135,3235.7736124628427
60699.0941293063,5.950072745035532,0.22414726086023537,3263.752550462843
60705.304405,5.732539204798958,0.4677191584464922,3269.962826156545
60705.304405,5.805304681660061,0.9875869684399532,3269.962826156545
60705.304405,4.557724029713434,1.2388478807456846,3269.962826156545
60705.304405,6.238032095946954,0.4382839920121709,3269.962826156545
60705.304405,4.816589337327215,0.591251763868355,3269.962826156545
60705.304405,6.902857432386016,0.5670947252959487,3269.962826156545
60705.304405,6.83262624318562,0.4872566562131425,3269.962826156545
60705.304405,5.150153279579844,0.6062721887738023,3269.962826156545
60705.304405,5.562235556957709,0.36597174909907243,3269.962826156545
60705.304405,6.977214816212152,0.79168198828211,3269.962826156545
60705.304405,6.280531581830293,0.5271843063300787,3269.962826156545
60705.304405,5.369531793212663,0.9453351163551512,3269.962826156545
60705.304405,7.075101725140938,0.7931734069028511,3269.962826156545
60705.304405,5.237452068661863,0.6191924289028147,3269.962826156545
60705.304405,5.046018974350056,0.6088574044234248,3269.962826156545
60705.304405,5.311602581288688,0.5948345833825283,3269.962826156545
60705.304405,7.094847851603358,0.5149596133524055,3269.962826156545
60705.304405,5.812658773430182,0.31161410792062366,3269.962826156545
60705.304405,4.921060150524033,0.4178013271393221,3269.962826156545
60705.304405,5.622668476375682,0.30652682130018954,3269.962826156545
60705.304405,5.4856076508678155,0.3445994888199104,3269.962826156545
60705.304405,5.443577957526228,0.4882873978478374,3269.962826156545
60705.304405,7.331437082813799,0.6661805641678383,3269.962826156545
60705.304405,6.163528957288624,0.8770977323147557,3269.962826156545
60705.304405,6.556319892270637,0.5645827075020609,3269.962826156545
60705.304405,3.133853013282487,1.6231854726278843,3269.962826156545
60705.304405,4.090647121493693,0.7476735722531267,3269.962826156545
60705.304405,6.143121466429124,0.3210186396243851,3269.962826156545
60705.304405,6.121547239408665,0.6505506141739702,3269.962826156545
60705.3059,6.953557699008636,0.6163469561093906,3269.9643211565417
60705.3059,5.9809019306094156,0.308177032989558,3269.9643211565417
60705.3059,4.839399759161779,0.41438198123946063,3269.9643211565417
60705.3059,5.623227704785426,0.31689111626144184,3269.9643211565417
60705.3059,6.011134948879003,0.7304526838327092,3269.9643211565417
60705.3059,6.494717089476163,0.48099907929259705,3269.9643211565417
60705.3059,4.039579905787499,0.6497863284310444,3269.9643211565417
60705.3059,5.118232337808424,0.8979102208781568,3269.9643211565417
60705.3059,5.689353465234729,0.5206725260341464,3269.9643211565417
60705.3059,6.043896419691209,0.8283190563527257,3269.9643211565417
60705.3059,5.454655059898556,0.5897504359598869,3269.9643211565417
60705.3059,7.917776960594241,0.5930990689603133,3269.9643211565417
60705.3059,7.179267460349654,0.4976313778729026,3269.9643211565417
60705.3059,6.467831211845369,0.5306828186630851,3269.9643211565417
60705.3059,3.7945997305772425,0.9645989035174576,3269.9643211565417
60705.3059,5.98854550543986,0.37042854791714075,3269.9643211565417
60705.3059,6.357096627294557,0.6288354337286637,3269.9643211565417
60705.3059,6.514259047707266,0.4480279489691159,3269.9643211565417
60705.3059,5.242482933625007,0.5027043596477722,3269.9643211565417
60705.3059,6.554531584996447,0.5765826167898048,3269.9643211565417
60705.3059,4.7764155137961675,1.2945808905396228,3269.9643211565417
60705.3059,5.085313292751704,0.45662890887528274,3269.9643211565417
60705.3059,5.314328637740438,1.005875616003656,3269.9643211565417
60705.3059,4.8616290753908125,0.5653670772420759,3269.9643211565417
60705.3059,5.900668949836646,0.3630665790116122,3269.9643211565417
60705.3059,4.279768840205061,1.7223888196075487,3269.9643211565417
60705.3059,5.885559999753745,0.33281420824314156,3269.9643211565417
60705.3059,4.062454880508115,0.7505754235059234,3269.9643211565417
60705.3059,4.938901491991098,0.6049947025946338,3269.9643211565417
60712.623076225085,5.790098411179882,0.27055029416655874,3277.2814973816276
60712.631370225085,5.383071979923655,0.25439151953514205,3277.289791381627
60734.64012922508,5.977671213995922,0.26181582139282,3299.2985503816235
60734.648416225085,5.521076649748728,0.308326888912979,3299.3068373816277
60734.72293322508,4.880839795433675,0.5443760156232695,3299.3813543816213
60742.66273422508,4.907698299212922,0.308326888912979,3307.321155381622
60742.67102722508,5.681135863327491,0.2467488558581206,3307.3294483816208
60764.53058122508,5.227161640912417,0.2679299523344371,3329.189002381623
60771.535942225084,4.838477602481042,0.2740440832760543,3336.1943633816263
60791.278127,4.844421023605716,0.32035019950568105,3355.93654815654
60791.278127,5.042922573688267,0.5260117825989788,3355.93654815654
60791.278127,6.712882885698934,0.2876524738258453,3355.93654815654
60791.278127,3.2503608945362883,0.8075228484273829,3355.93654815654
60791.278127,6.771311570913382,0.23558986904753515,3355.93654815654
60791.278127,6.308554042639964,0.5019171437534186,3355.93654815654
60791.278127,6.020814749996732,0.5555660212434386,3355.93654815654
60791.278127,4.763481268950582,0.19389622954852515,3355.93654815654
60791.278127,5.596337629583181,0.2951490447523958,3355.93654815654
60791.278127,5.3602886811056845,0.41635559951935824,3355.93654815654
60791.278127,4.709491061003272,0.34030684353076995,3355.93654815654
60791.278127,5.479729483121679,0.30870734858079907,3355.93654815654
60791.278127,6.641325605409021,0.327114899432253,3355.93654815654
60791.278127,4.91817406202054,0.2109764361810494,3355.93654815654
60791.278127,4.77312504315088,0.24495251965460163,3355.93654815654
60791.278127,4.224511078223845,0.6253683100739097,3355.93654815654
60791.278127,5.716437184566637,0.41141727975401227,3355.93654815654
60791.278127,5.165925922095584,0.356696624474812,3355.93654815654
60791.278127,4.867971663771177,0.2006382378990474,3355.93654815654
60791.278127,4.833458690161324,0.43871918750842037,3355.93654815654
60791.278127,6.005554206201796,0.420686620813383,3355.93654815654
60791.278127,5.3933189687382095,0.35755558487490335,3355.93654815654
60791.278127,7.016791897644555,0.5339742422100262,3355.93654815654
60791.278127,5.616771233243906,0.3918389236388375,3355.93654815654
60791.278127,4.778414797708058,0.27437614786567205,3355.93654815654
60791.278127,6.9457370243938525,0.4080125808513028,3355.93654815654
60791.278127,6.761751520464521,0.6559198734333418,3355.93654815654
60791.278127,5.252638421868003,0.4125884284608211,3355.93654815654
60791.278127,4.108701651318868,1.0131239451387715,3355.93654815654
60791.28397,6.226093031609369,0.3635167877036857,3355.942391156539
60791.28397,4.550353668383125,0.2572944240738678,3355.942391156539
60791.28397,5.238444188034394,0.18839916786956457,3355.942391156539
60791.28397,4.952506413876814,0.17860643615076982,3355.942391156539
60791.28397,6.18071343529766,0.44130103243273394,3355.942391156539
60791.28397,5.0706804914610615,0.39035163575990356,3355.942391156539
60791.28397,4.711320491269608,0.3904142177339741,3355.942391156539
60791.28397,5.389354622766802,0.3238040869745384,3355.942391156539
60791.28397,6.078168166242324,0.26606953247073223,3355.942391156539
60791.28397,5.53992824879745,0.27417674659542085,3355.942391156539
60791.28397,5.593856713782156,0.32936655536194415,3355.942391156539
60791.28397,5.257162417794108,0.3908732480155147,3355.942391156539
60791.28397,4.872477990851629,0.27038359680225016,3355.942391156539
60791.28397,4.938874881131202,0.26135812938145014,3355.942391156539
60791.28397,4.294502035178188,0.23068548754403487,3355.942391156539
60791.28397,6.525608990438976,0.48182610726293146,3355.942391156539
60791.28397,4.7581454277110184,0.5085034309350476,3355.942391156539
60791.28397,5.944050824663157,0.5667235973792275,3355.942391156539
60791.28397,4.774453965206788,0.41067027269877865,3355.942391156539
60791.28397,5.908257413888543,0.562786680540945,3355.942391156539
60791.28397,4.869800422531589,0.31033354120974205,3355.942391156539
60791.28397,6.446894328899721,0.6418130064319765,3355.942391156539
60791.28397,6.113245963611057,0.6786571109449728,3355.942391156539
60791.28397,4.882009965184331,0.27614098334643655,3355.942391156539
60791.28397,6.726132851060898,0.30880967658123804,3355.942391156539
60791.28397,4.515924272367981,0.8226676880453008,3355.942391156539
60791.28397,8.293989313657756,1.0295276481826527,3355.942391156539
60791.28397,6.176767751642731,0.45339094889060666,3355.942391156539
60791.28397,6.377098532709806,0.4212912944681082,3355.942391156539
60791.286605,5.115585693173425,0.28169490497448235,3355.9450261565435
60791.286605,5.637325156736979,0.5175995646254254,3355.9450261565435
60791.286605,6.055219067826028,0.5861476370917008,3355.9450261565435
60791.286605,4.905554570434149,0.1795535914939936,3355.9450261565435
60791.286605,6.961383723521483,1.0537426383902873,3355.9450261565435
60791.286605,6.880011749176801,0.4045997586899275,3355.9450261565435
60791.286605,4.759376519916396,0.3217996800817486,3355.9450261565435
60791.286605,4.5233805730567545,0.27417674659542085,3355.9450261565435
60791.286605,4.701313302914305,0.5952980081620157,3355.9450261565435
60791.286605,4.659134416492937,0.20799021627756673,3355.9450261565435
60791.286605,6.606133738535583,0.4101503713198351,3355.9450261565435
60791.286605,5.205656243843791,0.28013086014308664,3355.9450261565435
60791.286605,5.260947695957206,0.36697728631320276,3355.9450261565435
60791.286605,5.91429203000165,0.33916517968762383,3355.9450261565435
60791.286605,6.218359984931471,0.29769680240668833,3355.9450261565435
60791.286605,5.375391534605524,0.3806309327163647,3355.9450261565435
60791.286605,5.339660903788103,0.30463933649092706,3355.9450261565435
60791.286605,5.852878115161421,0.3946613759967579,3355.9450261565435
60791.286605,4.400189396456937,0.3400568017647665,3355.9450261565435
60791.286605,6.649548196222343,0.6549312978893583,3355.9450261565435
60791.286605,5.548000457558632,0.4959430916978795,3355.9450261565435
60791.286605,4.918578155578476,0.17588506255852066,3355.9450261565435
60791.286605,4.815521696771906,0.2564091900763703,3355.9450261565435
60791.286605,4.7964067020918195,0.7869258665470144,3355.9450261565435
60791.286605,5.1079849081930515,0.22506834031245063,3355.9450261565435
60791.286605,6.057004897529559,0.4101756306335649,3355.9450261565435
60791.286605,6.603190029675603,0.4591019615428326,3355.9450261565435
60791.286605,6.687402850430698,0.25567058847928853,3355.9450261565435
60791.286605,4.938847629901007,0.4599412282286509,3355.9450261565435
60799.514880225084,5.007271288833544,0.2648728868636286,3364.1733013816265
60820.124154955825,4.8350880164398085,0.1697710296418286,3384.7825761123677
60827.139157955826,5.1576236513379285,0.2712231475279645,3391.797579112368
60838.112419955825,5.13270044318671,0.16053478191520063,3402.7708411123676
60868.9714,4.7767522960582145,0.3743125237072466,3433.6298211565445
60868.9714,5.477097601057394,0.6747028087690371,3433.6298211565445
60868.9714,4.663504933760314,0.24152421287147216,3433.6298211565445
60868.9714,4.567610533209887,0.38059838534334806,3433.6298211565445
60868.9714,4.606726257186817,0.22949099958264182,3433.6298211565445
60868.9714,4.753394186591871,0.33700477728158335,3433.6298211565445
60868.9714,5.185224861052261,0.19651270867562626,3433.6298211565445
60868.9714,5.388048905662498,0.28118200199952087,3433.6298211565445
60868.9714,5.24767564958792,0.31700294592643574,3433.6298211565445
60868.9714,5.643739904101639,0.4413343666247963,3433.6298211565445
60868.9714,4.488229229689457,0.3809247540554081,3433.6298211565445
60868.9714,5.737166778797193,0.49974925510308194,3433.6298211565445
60868.9714,5.7237469734636,0.34468822480466876,3433.6298211565445
60868.9714,4.896462230956905,0.27653959965129554,3433.6298211565445
60868.9714,5.117311443597752,0.20282655135606378,3433.6298211565445
60868.9714,4.540632740478004,0.391331400704375,3433.6298211565445
60868.9714,4.727577367114115,0.30015510628883224,3433.6298211565445
60868.9714,4.549691428450448,0.4599412282286509,3433.6298211565445
60868.9714,4.822561772084333,0.3640554926323649,3433.6298211565445
60868.9714,6.966070495819737,1.1459158269225733,3433.6298211565445
60868.9714,5.214159354263578,0.2434787231100097,3433.6298211565445
60868.9714,5.061943463878261,0.30149472061983734,3433.6298211565445
60868.9714,3.183723600217449,0.8505341929422696,3433.6298211565445
60868.9714,5.940397681071266,0.6253683100739097,3433.6298211565445
60868.9714,5.523754501461765,0.31190823863105144,3433.6298211565445
60868.9714,5.745158399367275,0.5455563312332803,3433.6298211565445
60868.9714,5.586300958152666,0.6073848703196614,3433.6298211565445
60868.9714,5.9092140457940605,0.40862337812802635,3433.6298211565445
60868.9714,5.875441861028526,0.4156044257448915,3433.6298211565445
60901.282955924624,5.191412879800033,0.23555826052872533,3465.941377081166
60931.23938692462,5.054777241672726,0.20100445030866937,3495.897808081165
60937.982626,5.3147679659198515,0.44757399695603695,3502.6410471565396
60937.982626,5.193625102680353,0.21974003962791697,3502.6410471565396
60937.982626,4.166913977470082,0.2890189261070216,3502.6410471565396
60937.982626,4.933868819594765,0.34604400370616584,3502.6410471565396
60937.982626,4.749467375147157,0.568260196396726,3502.6410471565396
60937.982626,5.055545158960119,0.41962090424115556,3502.6410471565396
60937.982626,0.7806010290047075,0.9220178359388422,3502.6410471565396
60937.982626,4.15347727385234,0.4718408962689093,3502.6410471565396
60937.982626,5.108352499855848,0.22827928369596892,3502.6410471565396
60937.982626,5.083108828741456,0.509866518451508,3502.6410471565396
60937.982626,4.3642492153081465,0.4744992937680265,3502.6410471565396
60937.982626,5.138154007884591,0.29603429072323095,3502.6410471565396
60937.982626,4.090682951355536,0.4162367638209329,3502.6410471565396
60937.982626,4.8790426837902485,0.47724087226525724,3502.6410471565396
60937.982626,3.7536970346184715,0.5077984968403966,3502.6410471565396
60937.982626,4.199236231063279,0.34449909941104184,3502.6410471565396
60937.982626,5.583863759807659,0.7280858881441696,3502.6410471565396
60937.982626,4.733356968389167,0.8053202730778972,3502.6410471565396
60937.982626,4.870042878954123,0.4088182874157303,3502.6410471565396
60937.982626,5.084739612918149,0.4673700298005579,3502.6410471565396
60937.982626,3.9171852455936853,0.6386124257994255,3502.6410471565396
60937.982626,4.94658469318584,0.34321989852501755,3502.6410471565396
60937.982626,4.24312373771614,0.6249747422576519,3502.6410471565396
60937.982626,4.860241395892976,0.24024139123517935,3502.6410471565396
60937.982626,5.04627925560508,0.38660829109743766,3502.6410471565396
60937.982626,5.414704113670748,0.6214014442501152,3502.6410471565396
60937.982626,4.827714827348554,0.35722823911590507,3502.6410471565396
60937.982626,4.884987369652648,1.1763798468612103,3502.6410471565396
60937.982626,4.6637590673136105,0.310467777781142,3502.6410471565396
60938.982674,5.228143688002039,0.2641311504630406,3503.6410951565413
60938.982674,2.255102614205195,1.0425707592974687,3503.6410951565413
60938.982674,4.355517592721633,0.4436063065460419,3503.6410951565413
60938.982674,4.935217790112941,0.2526199061141536,3503.6410951565413
60938.982674,4.383600282610653,0.3631097131274626,3503.6410951565413
60938.982674,4.600943721392801,0.5165731227720877,3503.6410951565413
60938.982674,5.105416967859885,0.41322419375709013,3503.6410951565413
60938.982674,6.1365117990291616,1.3888468577152926,3503.6410951565413
60938.982674,5.400701933777296,0.6733103063803138,3503.6410951565413
60938.982674,4.173397976063771,0.5074645137911307,3503.6410951565413
60938.982674,5.015821526509518,0.3938241895475217,3503.6410951565413
60938.982674,4.295405334496882,0.3592450286041946,3503.6410951565413
60938.982674,5.006895561218625,0.47883592985053375,3503.6410951565413
60938.982674,5.255849609125606,0.7513733116052315,3503.6410951565413
60938.982674,4.0708133916181195,0.29224618458712487,3503.6410951565413
60938.982674,3.660815894384573,0.4723288959806205,3503.6410951565413
60938.982674,5.091009422354467,0.8417720757023225,3503.6410951565413
60938.982674,5.147755722487088,0.25803217707539267,3503.6410951565413
60938.982674,4.585050623453824,0.40882835880897234,3503.6410951565413
60938.982674,4.761215244859415,0.5622331608557387,3503.6410951565413
60938.982674,4.403417430652369,0.42942922028050035,3503.6410951565413
60938.982674,3.52379287765495,0.6360965660291716,3503.6410951565413
60938.982674,4.983293018719773,0.527316834888865,3503.6410951565413
60938.982674,5.047989539488285,0.30391939632442877,3503.6410951565413
60938.982674,4.096101492090711,0.8001519399367906,3503.6410951565413
60938.982674,3.7682662682397137,0.5308664500740309,3503.6410951565413
60938.982674,5.7436879838019905,0.5029915573818082,3503.6410951565413
60938.982674,4.834621198295855,0.5549435002689407,3503.6410951565413
60938.982674,4.096108551883956,0.6629747509862703,3503.6410951565413
60939.007577,4.846026630865293,0.8025011822736573,3503.665998156539
60939.007577,3.1908754095778846,1.4193108776539303,3503.665998156539
60939.007577,4.243686644629772,0.4367603968295208,3503.665998156539
60939.007577,4.1556593819164,0.501269679817503,3503.665998156539
60939.007577,4.09491040474362,0.686937693793003,3503.665998156539
60939.007577,5.8301043956096485,0.8002189480295395,3503.665998156539
60939.007577,4.486248333322293,0.9045466227453024,3503.665998156539
60939.007577,4.138130929861059,0.41950038139009577,3503.665998156539
60939.007577,5.741341030292463,0.6493710008532434,3503.665998156539
60939.007577,3.9868047725583544,0.5578802374134184,3503.665998156539
60939.007577,3.9650194628278816,0.5460362652489392,3503.665998156539
60939.007577,5.125014085658721,0.37188336901851626,3503.665998156539
60939.007577,4.340925376788788,0.3840352863781902,3503.665998156539
60939.007577,4.577101459179159,0.731163990139391,3503.665998156539
60939.007577,5.169025366265326,0.5983090243581733,3503.665998156539
60939.007577,4.87050982273487,0.25884402451244165,3503.665998156539
60939.007577,4.736883683483868,0.30945822981434223,3503.665998156539
60939.007577,4.575141599492746,0.25633288241523255,3503.665998156539
60939.007577,4.770107664568556,0.5399447926235801,3503.665998156539
60939.007577,4.706735882295576,0.3068334570900888,3503.665998156539
60939.007577,4.596978884997113,0.45621718817026047,3503.665998156539
60939.007577,5.335050360546718,0.27323912116866267,3503.665998156539
60939.007577,4.626977278222116,0.4680781859585609,3503.665998156539
60939.007577,4.584520518924409,0.4050460616152737,3503.665998156539
60939.007577,4.587407915364553,1.084370516642922,3503.665998156539
60939.007577,4.9051955347431,0.5965642627891112,3503.665998156539
60939.007577,4.294418346336127,0.5501737501017204,3503.665998156539
60939.007577,4.1174452260172245,0.5517479737210171,3503.665998156539
60939.007577,4.6936613002047585,0.4098712882957297,3503.665998156539
60940.2893633063,4.759879899901559,0.22705826424803086,3504.947784462842
60970.2457943063,4.56822331818697,0.20318803646810965,3534.9042154628405
60990.45980595583,5.282239692094021,0.201584771811325,3555.118227112369
60996.45110295583,4.600516645604812,0.25319047339502415,3561.1095241123694
61020.445984955826,4.990491549617994,0.1617076387693756,3585.1044061123685
61023.450066955826,5.302764687042083,0.19088245301697812,3588.108488112368
61032.464702955825,4.923052280502933,0.5959578890276626,3597.123124112368
61040.71011422508,5.314069645011118,0.25788530864463755,3605.3685353816254
61050.393841955825,5.442041438475362,0.15452389053755383,3615.0522631123677
61053.36616395583,5.128302229983554,0.15804246110007864,3618.024585112369
61062.301256,2.526009773226794,1.0263277438785834,3626.959677156541
61062.301256,3.816056995687988,0.6793642676738892,3626.959677156541
61062.301256,3.8723755834915106,0.9539812764909543,3626.959677156541
61062.301256,5.086731856802241,0.47750160089096,3626.959677156541
61062.301256,4.755645708832432,1.0590755685072393,3626.959677156541
61062.301256,5.916610391952407,1.0197164286557627,3626.959677156541
61062.301256,5.430140262718157,1.7997017778227573,3626.959677156541
61062.301256,4.285859490346456,0.5051022945875264,3626.959677156541
61062.301256,5.00608178848845,0.7160824779837196,3626.959677156541
61062.301256,5.50262354276639,0.8498919626459126,3626.959677156541
61062.301256,3.696092823650579,0.6103104370150758,3626.959677156541
61062.301256,5.052852579667607,0.5730555994783209,3626.959677156541
61062.301256,4.056478539744063,0.699683654759151,3626.959677156541
61062.301256,4.65556986565322,2.8464330424716136,3626.959677156541
61062.301256,4.928701177469815,1.0811111798006077,3626.959677156541
61062.301256,5.5032677961742476,1.0528846518689523,3626.959677156541
61062.301256,4.8178962492177995,0.7292104453086938,3626.959677156541
61062.301256,2.8090852711749474,1.3302541101182568,3626.959677156541
61062.301256,4.011086326573708,0.8352832904368236,3626.959677156541
61062.301256,3.2106473589935542,0.8115473233467723,3626.959677156541
61062.301256,4.915653400838381,0.7486686354605723,3626.959677156541
61062.301256,3.2685882602914544,1.4190055965386859,3626.959677156541
61062.301256,4.167754535488845,0.8573272306685678,3626.959677156541
61062.301256,3.5900010347244087,1.5401241536916728,3626.959677156541
61062.301256,4.966738668728117,0.61452399087596,3626.959677156541
61062.301256,4.876977248859143,2.2172045200631816,3626.959677156541
61062.301256,3.322921947457625,0.9551343542658117,3626.959677156541
61062.301256,4.119124066992005,1.5448617607235273,3626.959677156541
61062.301256,2.183433728932454,1.12976203408114,3626.959677156541
61063.353736955825,5.163487935608804,0.2320790500198745,3628.0121581123676
61070.66654522508,5.146804491394021,0.23845110672306852,3635.324966381624
61103.958012924624,5.64989257883415,0.20909991441736822,3668.6164340811665
61110.973015924625,5.544256644732835,0.42649274328754994,3675.631437081167
61113.148633955825,5.094582595426024,0.1542306763240101,3677.8070551123674
61118.205828,4.3998950982143645,0.5437458040038776,3682.8642491565406
61118.205828,5.665528450057231,0.5464987078735437,3682.8642491565406
61118.205828,5.938847606088464,0.5610102502285376,3682.8642491565406
61118.205828,5.004458724772599,0.4799553182864366,3682.8642491565406
61118.205828,4.602041153481384,0.4718565409719211,3682.8642491565406
61118.205828,4.911429537523661,0.942046177083538,3682.8642491565406
61118.205828,5.268628063616772,0.6702653756561519,3682.8642491565406
61118.205828,5.620330676482409,0.2676093289592503,3682.8642491565406
61118.205828,4.285426080544984,0.33617275834408555,3682.8642491565406
61118.205828,5.3993562934069415,0.5148359962012162,3682.8642491565406
61118.205828,5.732450988740087,0.3385452948340364,3682.8642491565406
61118.205828,5.921693260585885,0.2829443358549813,3682.8642491565406
61118.205828,3.8877804584776143,0.5433041776455597,3682.8642491565406
61118.205828,3.7583901455046322,0.5337952196953875,3682.8642491565406
61118.205828,4.687399107638332,0.6104437968268209,3682.8642491565406
61118.205828,4.254229653149263,0.8610492988100092,3682.8642491565406
61118.205828,3.653303609672065,1.4528994124580683,3682.8642491565406
61118.205828,4.248015469059527,0.7615671835546524,3682.8642491565406
61118.205828,4.805293920901848,0.4000634702837908,3682.8642491565406
61118.205828,5.8372178381486695,0.43742686742488623,3682.8642491565406
61118.205828,4.861072341419086,0.4315642216202876,3682.8642491565406
61118.205828,5.766789393236915,0.2703451965373018,3682.8642491565406
61118.205828,5.44481384288762,0.38185343253107684,3682.8642491565406
61118.205828,5.447509621619089,0.7272237672538808,3682.8642491565406
61118.205828,5.159264447742662,0.740055550347927,3682.8642491565406
61118.205828,4.244826119622155,0.4862790178052754,3682.8642491565406
61118.205828,4.064507351871649,0.5894469102594443,3682.8642491565406
61118.205828,3.607718530160679,1.1043617049385737,3682.8642491565406
61118.205828,5.289169391405135,0.40356392756858944,3682.8642491565406
61118.214154,5.121566833345734,0.4475626615654046,3682.8725751565435
61118.214154,5.495595687243224,1.4255599073849328,3682.8725751565435
61118.214154,4.727738066439783,0.5130110081108916,3682.8725751565435
61118.214154,4.237182296294363,0.5112115396499209,3682.8725751565435
61118.214154,3.430746225010645,0.8689579031618808,3682.8725751565435
61118.214154,7.750248977371893,0.4773297313006905,3682.8725751565435
61118.214154,4.697578416332946,0.7572289926927521,3682.8725751565435
61118.214154,4.004043663088664,0.5275117557864172,3682.8725751565435
61118.214154,3.3383221230371554,1.106179085692724,3682.8725751565435
61118.214154,4.994024047568999,0.29160437357508096,3682.8725751565435
61118.214154,5.111514605382517,0.3469302866110963,3682.8725751565435
61118.214154,4.674543704213099,0.5089764592019103,3682.8725751565435
61118.214154,5.100308621407742,0.9129155721063911,3682.8725751565435
61118.214154,3.6086717411407045,0.49481463298616324,3682.8725751565435
61118.214154,4.709616844294687,0.6462865462033763,3682.8725751565435
61118.214154,3.784534091092524,0.7471258649596394,3682.8725751565435
61118.214154,5.470329770807872,0.2507255501419521,3682.8725751565435
61118.214154,4.6958923058609665,0.3688396441891305,3682.8725751565435
61118.214154,4.418578218777579,0.3798349190771113,3682.8725751565435
61118.214154,4.580729968920433,0.5628496905007119,3682.8725751565435
61118.214154,5.81250978523086,0.37268097409952117,3682.8725751565435
61118.214154,3.9085438932669803,0.6171066449210847,3682.8725751565435
61118.214154,5.536180425405924,0.33545981872922004,3682.8725751565435
61118.214154,3.794673004178216,0.5505956206027971,3682.8725751565435
61118.214154,5.775038022360702,0.25592032949289045,3682.8725751565435
61118.214154,5.898533132922296,0.38944098455857046,3682.8725751565435
61118.214154,4.29519162537814,0.3947207423152573,3682.8725751565435
61118.214154,5.115325352725642,0.42075744382493546,3682.8725751565435
61118.214154,3.843814387467709,0.6694620373437304,3682.8725751565435
61120.14045295582,4.852680869252434,0.2635995779758271,3684.7988741123627
61121.946277924624,5.796795634855417,0.19981974824398174,3686.6046990811665
61126.353704,4.609321992596589,0.6266145732792813,3691.0121251565433
61126.353704,5.594339842374857,0.33815587867975155,3691.0121251565433
61126.353704,0.5623942841412504,1.2633995452114717,3691.0121251565433
61126.353704,5.069775395706515,0.4708211538195033,3691.0121251565433
61126.353704,5.366452095267956,0.5310274555834326,3691.0121251565433
61126.353704,5.262876191118915,1.156297078205779,3691.0121251565433
61126.353704,5.149307482550097,0.3720829999739383,3691.0121251565433
61126.353704,6.167280919401037,0.637714974683524,3691.0121251565433
61126.353704,4.973260119960369,0.5713454353180081,3691.0121251565433
61126.353704,4.131979312506821,0.6244060407473123,3691.0121251565433
61126.353704,4.869834234028884,0.7970035434662028,3691.0121251565433
61126.353704,3.5980787238840284,1.003647921221986,3691.0121251565433
61126.353704,4.008374744982126,0.782164168360226,3691.0121251565433
61126.353704,3.2488311437438444,0.8105668442571775,3691.0121251565433
61126.353704,5.741353558542916,1.0082526860381291,3691.0121251565433
61126.353704,5.365224455317701,0.4918455459548759,3691.0121251565433
61126.353704,4.647001473444933,0.8044200134448587,3691.0121251565433
61126.353704,6.153275646369231,0.4316238239960021,3691.0121251565433
61126.353704,3.09398820416203,0.9141421603171623,3691.0121251565433
61126.353704,2.0660950157735796,1.4811653146323713,3691.0121251565433
61126.353704,4.302671444534088,0.5765872023641386,3691.0121251565433
61126.353704,4.33191349396154,0.8088959916794125,3691.0121251565433
61126.353704,6.7632684236462195,1.0512430447840293,3691.0121251565433
61126.353704,5.5546490182011965,1.8426826419293458,3691.0121251565433
61126.353704,5.745452378085094,0.7687777077095268,3691.0121251565433
61126.353704,5.353694355685173,0.3190560427602391,3691.0121251565433
61126.353704,6.136653400038253,0.8010064608167675,3691.0121251565433
61126.353704,4.804277278078202,0.5342872606180048,3691.0121251565433
61126.353704,5.125592349342449,0.4769678384409067,3691.0121251565433
61140.219464,4.129179433551805,0.42133482058462507,3704.877885156544
61140.219464,5.280850469298508,0.1997781115429894,3704.877885156544
61140.219464,4.436748644834268,0.22393588009160667,3704.877885156544
61140.219464,3.995437987444449,1.0006258856767665,3704.877885156544
61140.219464,5.545312083094233,0.27038812246064775,3704.877885156544
61140.219464,4.999168380674445,0.3517113467043744,3704.877885156544
61140.219464,4.896499732993545,0.4200698004436025,3704.877885156544
61140.219464,3.729726001682443,0.4513307840184421,3704.877885156544
61140.219464,3.9361798117940827,0.7663288846666461,3704.877885156544
61140.219464,6.157983011461575,0.3315553817206473,3704.877885156544
61140.219464,3.8034392050925887,0.6415855280455752,3704.877885156544
61140.219464,4.567899675604797,0.31972294000224755,3704.877885156544
61140.219464,3.3867712608971874,0.554421191500536,3704.877885156544
61140.219464,4.105845143327423,0.5176382231075335,3704.877885156544
61140.219464,5.704812346536058,0.3074651013286148,3704.877885156544
61140.219464,4.3939252382366405,0.27653959965129554,3704.877885156544
61140.219464,5.126981580010834,0.28118200199952087,3704.877885156544
61140.219464,4.411019568144143,0.2972402462991463,3704.877885156544
61140.219464,5.418642150649089,0.18496590774098676,3704.877885156544
61140.219464,4.364612126927674,0.5644856591991818,3704.877885156544
61140.219464,3.6677295264314522,0.3883488603513664,3704.877885156544
61140.219464,4.187772876985555,0.38567676587056315,3704.877885156544
61140.219464,5.687026732261051,0.18482370920926638,3704.877885156544
61140.219464,4.484366210802247,0.28534550757687455,3704.877885156544
61140.219464,4.176687570367832,0.3869400748043415,3704.877885156544
61140.219464,5.524352767004126,0.2199258801377564,3704.877885156544
61140.219464,3.9054598848397495,0.3933693077735529,3704.877885156544
61140.219464,4.553697148840024,0.39525980113094555,3704.877885156544
61140.219464,5.542671532650385,0.48844465087723415,3704.877885156544
61142.9644203063,5.125288451826874,0.22065405679488123,3707.622841462842
61149.9794233063,5.832274141276084,0.4042413371185028,3714.6378444628426
61153.182058,5.157995055758271,0.6893301912584506,3717.840479156541
61153.182058,5.883477795863788,0.7928608305303759,3717.840479156541
61153.182058,5.1755516295699335,2.70895438838956,3717.840479156541
61153.182058,6.107975684032027,1.0573971330951282,3717.840479156541
61153.182058,7.392276886517057,1.1088742112146623,3717.840479156541
61153.182058,5.419560383815277,0.5104942925003594,3717.840479156541
61153.182058,5.844334458605997,0.7419139570830732,3717.840479156541
61153.182058,5.6580907339833395,1.0735746907326515,3717.840479156541
61153.182058,4.754854231430723,0.8570761831632477,3717.840479156541
61153.182058,4.81918522575329,1.0502659173260707,3717.840479156541
61153.182058,5.594258686364624,0.6364870891314686,3717.840479156541
61153.182058,1.8310471049034935,2.0166868435219483,3717.840479156541
61153.182058,4.508084533155807,0.8652053882968788,3717.840479156541
61153.182058,6.093280277664465,0.5891545206808019,3717.840479156541
61153.182058,4.636682139030293,0.8068737341224922,3717.840479156541
61153.182058,4.410441108863081,0.9029008170386555,3717.840479156541
61153.182058,5.149102752722734,1.1679020873802122,3717.840479156541
61153.182058,5.9439074424197615,0.47235990045631665,3717.840479156541
61153.182058,5.402835086614705,1.13341177935363,3717.840479156541
61153.182058,2.7712697686381174,1.6106405461557944,3717.840479156541
61153.182058,4.80210071383722,0.4627468612270694,3717.840479156541
61153.182058,4.780744987875108,1.7107299788642032,3717.840479156541
61153.182058,3.0225421628733127,1.5312045157359295,3717.840479156541
61153.182058,6.238508434405239,0.9389770680619264,3717.840479156541
61153.182058,6.191433194727058,0.7880375201940294,3717.840479156541
61153.182058,2.908681484586394,1.1339720168533902,3717.840479156541
61153.182058,6.777464483587583,1.3041235293378672,3717.840479156541
61153.182058,5.358072903639029,1.3732637565970447,3717.840479156541
61153.182058,5.692439925192463,1.3219556781714181,3717.840479156541
61153.18767,9.122766881731955,2.711297774538685,3717.8460911565417
61153.18767,4.166198770919549,0.7791790416854193,3717.8460911565417
61153.18767,5.487776944825494,0.9193579976244054,3717.8460911565417
61153.18767,5.00592984403105,1.1300941823411526,3717.8460911565417
61153.18767,3.3607970650301446,2.1766163498871616,3717.8460911565417
61153.18767,4.36322142188857,0.9220271236424386,3717.8460911565417
61153.18767,5.579920392632296,0.5469261753228477,3717.8460911565417
61153.18767,5.54843338835449,1.1733827467995244,3717.8460911565417
61153.18767,5.890517965734067,1.1497553532764029,3717.8460911565417
61153.18767,5.917594254653252,0.6998984585817651,3717.8460911565417
61153.18767,4.438252990661874,1.8585220226898018,3717.8460911565417
61153.18767,6.240223447778575,1.1212621507203666,3717.8460911565417
61153.18767,4.182542417334603,0.7106521522766165,3717.8460911565417
61153.18767,2.753494042778105,0.8138043241670274,3717.8460911565417
61153.18767,5.72376147907332,0.468165355364897,3717.8460911565417
61153.18767,5.227391716600139,1.5460705789955016,3717.8460911565417
61153.18767,4.868892686830506,0.8288884543016183,3717.8460911565417
61153.18767,3.4816343448742204,1.4748883195159501,3717.8460911565417
61153.18767,3.7286767621807217,1.4473617455266528,3717.8460911565417
61153.18767,3.626496310896652,1.1313185132203194,3717.8460911565417
61153.18767,6.1438603349345495,0.4949259891697543,3717.8460911565417
61153.18767,7.543707558306166,1.1605148257746638,3717.8460911565417
61153.18767,6.108193412171079,0.6230947578337838,3717.8460911565417
61153.18767,4.661383751737093,1.1696219247697697,3717.8460911565417
61153.18767,6.658976082234324,0.7893233417778674,3717.8460911565417
61153.18767,4.527268396653029,1.3012533812677975,3717.8460911565417
61153.18767,4.039616559643789,0.6623051569722944,3717.8460911565417
61153.18767,4.961566747311396,0.8884571213282758,3717.8460911565417
61153.18767,8.469591980941932,1.6482284235456612,3717.8460911565417
61160.9526853063,5.343613705911518,0.20571090607086553,3725.611106462842
61163.191333,4.693669257851292,0.2669983008663771,3727.849754156545
61163.191333,5.520279354680683,0.9795354103346333,3727.849754156545
61163.191333,5.138325423223748,0.24495251965460163,3727.849754156545
61163.191333,5.1264629002884545,0.20903539324378567,3727.849754156545
61163.191333,4.675235339060792,0.32555437933656295,3727.849754156545
61163.191333,4.804276128182072,0.46815809883990156,3727.849754156545
61163.191333,4.756120183782086,0.3748661292514643,3727.849754156545
61163.191333,5.427116265133769,0.28835961092813733,3727.849754156545
61163.191333,4.404389185723223,0.36071327517481144,3727.849754156545
61163.191333,4.291586991248486,0.3827710263139668,3727.849754156545
61163.191333,4.307398187586664,0.39152105437976814,3727.849754156545
61163.191333,4.102853418510934,0.26799123490164195,3727.849754156545
61163.191333,5.260602516236892,0.18496590774098676,3727.849754156545
61163.191333,3.575180496313895,0.6267778554760297,3727.849754156545
61163.191333,3.602541235798078,0.3848705881611613,3727.849754156545
61163.191333,5.6292132884015444,0.2809702685642801,3727.849754156545
61163.191333,4.200444066628896,0.5109678314647221,3727.849754156545
61163.191333,3.7537634917692757,0.4757270426140336,3727.849754156545
61163.191333,3.1055120586678724,0.3873970249093284,3727.849754156545
61163.191333,2.7190193413812564,0.7857142793775811,3727.849754156545
61163.191333,4.8301071045130595,0.33406472694743733,3727.849754156545
61163.191333,4.078757494092115,0.6143997005860169,3727.849754156545
61163.191333,4.862741028597899,0.2680328780966987,3727.849754156545
61163.191333,4.241311454547671,0.332637944549298,3727.849754156545
61163.191333,5.352375310709951,0.30809016621304514,3727.849754156545
61163.191333,4.020500354278824,0.37461413400147153,3727.849754156545
61163.191333,5.840496419372317,0.19610015575328416,3727.849754156545
61163.191333,3.69663070006393,0.23003181277624626,3727.849754156545
61163.191333,4.590144556082761,0.5331754774498018,3727.849754156545
61173.08870395582,5.310095042380676,0.15115192708180075,3737.7471251123643
61195.058036,4.148089146179792,0.46481297419505857,3759.7164571565445
61195.058036,4.654808091259772,0.5282954806421003,3759.7164571565445
61195.058036,4.313143191352413,0.32227335106194255,3759.7164571565445
61195.058036,4.06615487337554,0.5435594193327192,3759.7164571565445
61195.058036,4.453760151430687,0.4314645217492986,3759.7164571565445
61195.058036,5.173197241777959,0.20784090528239257,3759.7164571565445
61195.058036,2.538632931404504,1.0099994302732702,3759.7164571565445
61195.058036,3.0623892031345386,0.7948011831483318,3759.7164571565445
61195.058036,3.7656028525583127,0.49868822717458994,3759.7164571565445
61195.058036,5.262498028078491,0.2868045128722845,3759.7164571565445
61195.058036,5.099124160108823,0.4180172235721477,3759.7164571565445
61195.058036,4.305815882790889,0.3338174547587272,3759.7164571565445
61195.058036,5.162561344847024,0.27178393135240625,3759.7164571565445
61195.058036,5.655149020028527,0.33180542348665054,3759.7164571565445
61195.058036,5.547446326868636,0.1850987444908278,3759.7164571565445
61195.058036,4.399296199459788,0.44375457404701724,3759.7164571565445
61195.058036,5.051181010194697,0.2733478648956185,3759.7164571565445
61195.058036,4.90207041620467,0.4376362487723926,3759.7164571565445
61195.058036,3.9739956372150234,0.26732457743521687,3759.7164571565445
61195.058036,60.39113656496713,0.7357826999066435,3759.7164571565445
61195.058036,5.224428974605427,0.28117378962984424,3759.7164571565445
61195.058036,4.8735032449097355,0.41109637089385054,3759.7164571565445
61195.058036,5.003718201820686,0.675691384313021,3759.7164571565445
61195.058036,3.8120202204500866,0.3527217449749157,3759.7164571565445
61195.058036,5.323656000514362,0.17941828358781892,3759.7164571565445
61195.058036,4.634363215942579,0.5751042758131619,3759.7164571565445
61195.058036,4.61941484651136,0.33476140228488643,3759.7164571565445
61195.058036,5.147012974975706,0.4115094260531943,3759.7164571565445
61195.058036,5.027591114128665,0.23603892201846496,3759.7164571565445
61243.38517122508,5.7828924711415475,0.2546098813544855,3808.043592381626
61250.400174225084,5.231310515479944,0.43759708596431296,3815.058595381626
61261.37343622508,5.639647117652232,0.2338655085168559,3826.0318573816257
61264.020511,4.683176549195257,0.42624124937241686,3828.6789321565448
61264.020511,4.887570499706,0.4937007357048147,3828.6789321565448
61264.020511,4.810550347107972,0.377584632160427,3828.6789321565448
61264.020511,4.244678797285699,0.6238352777352737,3828.6789321565448
61264.020511,4.900013274073081,0.23611778922046905,3828.6789321565448
61264.020511,4.31913618119694,0.3838516356346239,3828.6789321565448
61264.020511,5.160650504703858,0.5335299195520413,3828.6789321565448
61264.020511,5.321018208118043,0.40931837094773704,3828.6789321565448
61264.020511,5.063038082568172,0.33623269516207765,3828.6789321565448
61264.020511,4.101989019375738,0.8343577591224429,3828.6789321565448
61264.020511,4.436258188533048,0.6508539422896193,3828.6789321565448
61264.020511,5.367707625910718,0.5149429741423756,3828.6789321565448
61264.020511,4.274818425650727,0.9898667174271143,3828.6789321565448
61264.020511,5.519980860388346,0.5399466056818405,3828.6789321565448
61264.020511,5.683546170980813,0.2893775103825888,3828.6789321565448
61264.020511,6.710641405565011,1.3091717286450122,3828.6789321565448
61264.020511,3.937612068199661,0.7399052056621329,3828.6789321565448
61264.020511,5.108782240426427,0.3470636088359381,3828.6789321565448
61264.020511,5.432806286059593,0.3447924883220568,3828.6789321565448
61264.020511,5.375621602110448,0.3415743759403316,3828.6789321565448
61264.020511,5.736886345972279,0.22569358749960933,3828.6789321565448
61264.020511,5.132758418847342,0.3656701999905347,3828.6789321565448
61264.020511,4.13902889050514,0.504144906063683,3828.6789321565448
61264.020511,4.812611188432428,0.26726668136169734,3828.6789321565448
61264.020511,4.806816580899639,0.49902137508310535,3828.6789321565448
61264.020511,5.483186475740157,0.4780529781970261,3828.6789321565448
61264.020511,5.057006497034741,0.4651495539893462,3828.6789321565448
61264.020511,5.6381725522040265,0.2835209709648083,3828.6789321565448
61264.020511,5.092321197462394,0.6873883077671901,3828.6789321565448
61265.09175195582,4.708126261975367,0.19703995150139691,3829.750173112363
61274.293663924625,5.222215133481912,0.2414817708521637,3838.9520850811678
61280.284960924626,4.7855142074036365,0.3092072388834737,3844.9433820811682
61285.042635,4.668659065954831,0.45886492270237483,3849.7010561565403
61285.042635,5.072127629464374,0.6297226215177675,3849.7010561565403
61285.042635,5.678797987584111,0.24649525770700992,3849.7010561565403
61285.042635,5.253078624196119,0.2233692487805022,3849.7010561565403
61285.042635,5.590401560998315,0.30279980716105637,3849.7010561565403
61285.042635,4.864815144761152,0.3242923189669674,3849.7010561565403
61285.042635,5.744914014023785,0.3638107695350994,3849.7010561565403
61285.042635,4.688948147059628,0.3488621654920093,3849.7010561565403
61285.042635,4.646388017078363,0.6065743713789763,3849.7010561565403
61285.042635,5.540291752891786,0.22913535208732871,3849.7010561565403
61285.042635,5.086328760444639,0.27398306520134036,3849.7010561565403
61285.042635,3.9545169058491174,0.563636169870063,3849.7010561565403
61285.042635,2.3374905417266683,0.8038880869190819,3849.7010561565403
61285.042635,4.553650891311863,0.38906364964507256,3849.7010561565403
61285.042635,5.575599321811887,0.19998508532639242,3849.7010561565403
61285.042635,5.750592617830049,0.3648378919319526,3849.7010561565403
61285.042635,5.6405911574483785,0.31749749030385604,3849.7010561565403
61285.042635,5.23298099639684,0.29535763064974735,3849.7010561565403
61285.042635,6.148576778653464,0.3772679284915615,3849.7010561565403
61285.042635,5.00181600891208,0.46625501713730033,3849.7010561565403
61285.042635,7.908111727768356,1.0873311731944253,3849.7010561565403
61285.042635,4.94663175429774,0.204076178918565,3849.7010561565403
61285.042635,4.662161704411536,0.35785823024421715,3849.7010561565403
61285.042635,5.5007363827386015,0.5187977117657621,3849.7010561565403
61285.042635,4.49674534337095,0.38052670339874467,3849.7010561565403
61285.042635,5.470337205479775,0.30049771426858124,3849.7010561565403
61285.042635,4.783071971028717,0.3273659469375732,3849.7010561565403
61285.042635,5.53620047790911,0.2602977066269534,3849.7010561565403
61285.042635,5.669756739517336,0.41658664513181703,3849.7010561565403
61286.973106,5.227152057924976,0.2917811826779986,3851.63152715654
61286.973106,5.971969113572423,0.5827496797752275,3851.63152715654
61286.973106,5.136782685171339,0.21118369784077606,3851.63152715654
61286.973106,5.087664807334114,0.4319572845454724,3851.63152715654
61286.973106,5.274272341929948,0.2825835324349697,3851.63152715654
61286.973106,5.35087972737882,0.3282805411833173,3851.63152715654
61286.973106,6.35000980639521,0.6465284057654949,3851.63152715654
61286.973106,5.0177298141114965,0.38001417695408046,3851.63152715654
61286.973106,4.992742582068292,0.2547153225944455,3851.63152715654
61286.973106,4.4092961463454365,0.2767934857854622,3851.63152715654
61286.973106,3.588469926212915,1.0318710343317787,3851.63152715654
61286.973106,5.043878781064682,0.28038636378863974,3851.63152715654
61286.973106,4.92947020286618,0.3549979322217686,3851.63152715654
61286.973106,5.644422742547521,0.2008232885092082,3851.63152715654
61286.973106,5.355554180785349,0.768752059005513,3851.63152715654
61286.973106,5.6074388261169466,0.38124238802996496,3851.63152715654
61286.973106,5.264540444980745,0.23845854325207136,3851.63152715654
61286.973106,5.033366333832981,0.31531566668220246,3851.63152715654
61286.973106,5.781501351477395,0.17588506255852066,3851.63152715654
61286.973106,4.744893979212979,0.3785038973736912,3851.63152715654
61286.973106,4.901948256749326,0.3906048584646829,3851.63152715654
61286.973106,4.600483821815987,0.5572402823047761,3851.63152715654
61286.973106,4.087860270760042,0.4098740309051578,3851.63152715654
61286.973106,5.751665141705879,0.3363061752747136,3851.63152715654
61286.973106,5.671700768227711,0.493659393654758,3851.63152715654
61286.973106,5.534465718334739,0.18090667055574203,3851.63152715654
61286.973106,4.835758525203936,0.42832594891694825,3851.63152715654
61286.973106,4.854056432860911,0.49523415133914167,3851.63152715654
61286.973106,6.095858990257836,0.2775665681896915,3851.63152715654
61304.279842924625,5.495288959392412,0.24009961844336145,3868.9382640811673
61304.989274,5.054934499657142,0.3959635438876677,3869.647695156542
61304.989274,3.3461349276490133,0.5260117825989788,3869.647695156542
61304.989274,4.872867342964195,0.5387668307713727,3869.647695156542
61304.989274,4.460322192918656,0.5022759122621773,3869.647695156542
61304.989274,4.825693199875946,0.3265705917290923,3869.647695156542
61304.989274,4.507709285037272,0.4160634201512745,3869.647695156542
61304.989274,2.414426326985691,0.8208503072911499,3869.647695156542
61304.989274,5.420817902153617,0.2646652836575962,3869.647695156542
61304.989274,4.789326724528473,0.4194725180116127,3869.647695156542
61304.989274,5.515366339479585,0.4117164923211061,3869.647695156542
61304.989274,4.293529335654278,0.32686385192693257,3869.647695156542
61304.989274,5.643060870589921,0.30161520757029286,3869.647695156542
61304.989274,3.195562181876136,1.0389011927791565,3869.647695156542
61304.989274,4.672349560428959,0.4061801890211323,3869.647695156542
61304.989274,5.062162805275538,0.2815545935947158,3869.647695156542
61304.989274,5.393355291022857,0.35030851417091013,3869.647695156542
61304.989274,4.719446967903452,0.28466054616346653,3869.647695156542
61304.989274,5.062567851767618,0.23325907125634948,3869.647695156542
61304.989274,5.069567386724934,0.4177156238437407,3869.647695156542
61304.989274,6.032023032176574,0.3637373895926573,3869.647695156542
61304.989274,4.648032486714169,0.6342954309540031,3869.647695156542
61304.989274,5.457938001941603,0.44452801298762595,3869.647695156542
61304.989274,3.3631873838497937,0.5568402552371161,3869.647695156542
61304.989274,5.673550003464542,0.20737660229730187,3869.647695156542
61304.989274,4.364218477442657,0.35844147169446516,3869.647695156542
61304.989274,5.421889540397284,0.20052631695109174,3869.647695156542
61304.989274,4.920541480651246,0.3133654841560925,3869.647695156542
61304.989274,5.049717048768951,0.22934168858746765,3869.647695156542
61304.989274,4.580953870435955,0.659379887837286,3869.647695156542
61307.283924924624,4.953880115830161,0.27840498520159507,3871.9423460811668
61313.3000713063,5.137514666055614,0.252675094060629,3877.9584924628434
61316.298560924624,5.016471874914492,0.853972738295673,3880.9569820811666
61316.986669,5.828967865563788,0.37987816610734665,3881.6450901565404
61316.986669,5.098708005201259,0.46623467662044676,3881.6450901565404
61316.986669,5.695047414649061,0.4434510483465744,3881.6450901565404
61316.986669,4.649822017198957,0.5724469761424488,3881.6450901565404
61316.986669,6.36201055044501,0.510886356472386,3881.6450901565404
61316.986669,5.568389165382344,0.43610925558058417,3881.6450901565404
61316.986669,5.880538426847426,0.3290143172454325,3881.6450901565404
61316.986669,5.391844052858731,0.44089866643839415,3881.6450901565404
61316.986669,4.685035254424492,0.6018631896803918,3881.6450901565404
61316.986669,5.542402579952897,0.3159062853789798,3881.6450901565404
61316.986669,6.068549892693791,0.3115878951248753,3881.6450901565404
61316.986669,5.073459299138711,0.4458267249698023,3881.6450901565404
61316.986669,5.689798323001701,0.36447920615878804,3881.6450901565404
61316.986669,5.192306746413294,0.29932076269942615,3881.6450901565404
61316.986669,5.577148691464321,0.2638082069618136,3881.6450901565404
61316.986669,5.729165992751115,0.45270119233895656,3881.6450901565404
61316.986669,5.6402125658147435,0.7097972405804663,3881.6450901565404
61316.986669,5.292151434199406,0.2495746557946491,3881.6450901565404
61316.986669,4.486453805728146,0.34405747002082254,3881.6450901565404
61316.986669,5.998030604889692,0.19768485092142027,3881.6450901565404
61316.986669,5.52840809929722,0.23292515247164686,3881.6450901565404
61316.986669,6.280570340263858,0.3379099421610227,3881.6450901565404
61316.986669,5.910765599996699,1.0693652127177933,3881.6450901565404
61316.986669,5.285492227956899,0.2839474088377304,3881.6450901565404
61316.986669,6.427702886979043,0.5511476845548509,3881.6450901565404
61316.986669,5.612012056033718,0.42324949322608063,3881.6450901565404
61316.986669,5.700365943416779,0.2149400725402406,3881.6450901565404
61316.986669,6.840627344558577,0.6295969462802697,3881.6450901565404
61316.986669,3.3020350873126243,0.8384183212479354,3881.6450901565404
61319.2913683063,4.27255852609538,0.3136120983118101,3883.949789462844
61334.227699924624,4.880882723610992,0.20969226544971206,3898.8861210811665
61337.200021924626,5.3805703094618265,0.20850756338502444,3901.858443081168
61343.2862503063,5.763962595109155,0.23540314062637727,3907.944671462843
61346.2903323063,4.990217894633172,0.2823673286161409,3910.9487534628424
61346.46391795582,5.508014636522705,0.18355209767838465,3911.122339112364
61347.187594924624,4.449197036273228,0.3242134650361838,3911.8460160811665
61355.3049683063,2.985118761119793,0.78713531605984,3919.9633894628423
61373.2341073063,5.633937777120966,0.20939817702873953,3937.892528462842
61376.2064293063,5.033494811665062,0.2136676486641726,3940.8648504628436
61376.45547295582,4.8028344529499964,0.25055154547313047,3941.1138941123645
61386.1940023063,5.72980682202569,0.3512610754606289,3950.852423462842
61396.982491924624,5.073337574019499,0.226278094355339,3961.640913081166
61403.97431092462,5.081630488472312,0.32757012088613213,3968.6327320811615
61406.37720095582,5.399525377511519,0.15774924688653505,3971.0356221123657
61413.720822225085,4.780830082174366,0.28867432517206676,3978.379243381627
61419.712119225085,3.945596123185595,0.3565848509878858,3984.3705403816275
61435.9888993063,5.077936130052071,0.23346247170118042,4000.647320462842
61436.32322395583,4.905459427690308,0.1611212103422881,4000.9816451123697
61442.980718306295,4.989247560170575,0.3357357240590541,4007.639139462837
61443.707001225084,4.773405780316688,0.27513589237277164,4008.3654223816266
61446.711083225084,4.658765825161367,0.3026494816100488,4011.369504381626
61455.72571922508,7.459911243699394,0.9721468197171264,4020.384140381626
61456.92256192462,4.996450410021271,0.21186421923497276,4021.580983081163
61466.46111895583,5.040337965920431,0.17255656467049418,4031.1195401123696
61473.65485822508,4.80375807320543,0.24784066495483795,4038.3132793816258
61476.627180225085,5.190695217082059,0.24565704676140304,4041.285601381627
61486.61475322508,5.668034154166882,0.3600786400973813,4051.2731743816257
61493.340369955826,5.307162900245238,0.15115192708180075,4057.998791112368
61495.9289693063,4.924429218068999,0.2200718561173222,4060.587390462839
61503.234882,4.942334544169994,0.42456378227135716,4067.8933031565393
61503.234882,5.54600533969688,0.6020119177578993,4067.8933031565393
61503.234882,4.498651724626676,0.6574035781884601,4067.8933031565393
61503.234882,3.8850876658256808,0.9115761355459872,4067.8933031565393
61503.234882,4.42593338269096,0.6935747305234912,4067.8933031565393
61503.234882,4.8934061905589035,0.48383744483039653,4067.8933031565393
61503.234882,4.850255267071652,1.0923976866430047,4067.8933031565393
61503.234882,4.628832803307907,0.5072809023588881,4067.8933031565393
61503.234882,4.122936287281976,0.7986187004968618,4067.8933031565393
61503.234882,4.6363446174397716,0.5684787618446768,4067.8933031565393
61503.234882,5.19986730963141,0.7513154422483951,4067.8933031565393
61503.234882,4.606063689253147,1.240168019927849,4067.8933031565393
61503.234882,2.7517586974575927,0.6619895526652152,4067.8933031565393
61503.234882,5.556522435409372,0.5962392213443398,4067.8933031565393
61503.234882,4.187595651672774,2.0332780487249202,4067.8933031565393
61503.234882,5.1026824647396625,0.7163198998830864,4067.8933031565393
61503.234882,4.127942917901298,0.5436178489531217,4067.8933031565393
61503.234882,5.08173643515289,0.741202495303976,4067.8933031565393
61503.234882,5.012583124218437,0.3505827848989735,4067.8933031565393
61503.234882,4.719818184043154,0.5054077099193195,4067.8933031565393
61503.234882,5.366405669533286,0.3902989413851827,4067.8933031565393
61503.234882,2.722532944172613,1.552043164044227,4067.8933031565393
61503.234882,5.333470288065018,0.6373564615429334,4067.8933031565393
61503.234882,4.811096419480107,0.7380145354120097,4067.8933031565393
61503.234882,5.587463960335821,0.34956984286454995,4067.8933031565393
61503.234882,5.135411362458087,0.41688210482854526,4067.8933031565393
61503.234882,4.391576333420701,0.5288121687062226,4067.8933031565393
61503.234882,4.7387946779605254,0.9860750964970492,4067.8933031565393
61503.234882,5.212950398005127,1.0839483839550879,4067.8933031565393
61506.254747,2.9056464303068914,1.5223090342896075,4070.9131681565414
61506.254747,5.547099642964917,0.6631393954543818,4070.9131681565414
61506.254747,10.022627162996308,2.5621021897110023,4070.9131681565414
61506.254747,6.463835019147623,0.7810087890512196,4070.9131681565414
61506.254747,7.073584787041956,2.0063883525817645,4070.9131681565414
61506.254747,5.5060114500210995,0.5015356327899114,4070.9131681565414
61506.254747,5.711002942005634,0.9400961382525316,4070.9131681565414
61506.254747,4.177219967900645,0.6630092235852905,4070.9131681565414
61506.254747,5.365097935193422,0.4819993309363681,4070.9131681565414
61506.254747,5.590861918596839,0.5843548911844205,4070.9131681565414
61506.254747,5.821467247600013,0.7529240957155844,4070.9131681565414
61506.254747,6.538355893219405,0.9881506228592769,4070.9131681565414
61506.254747,5.882899444894011,1.0636265180082192,4070.9131681565414
61506.254747,4.4409386269736615,0.7137809407368895,4070.9131681565414
61506.254747,4.63349975209648,1.1893176065350841,4070.9131681565414
61506.254747,4.61676339171724,1.2896057053823295,4070.9131681565414
61506.254747,5.960950099850813,0.8371398325797339,4070.9131681565414
61506.254747,4.502708116129626,1.5970437913060505,4070.9131681565414
61506.254747,5.329982075271727,0.5448688067240939,4070.9131681565414
61506.254747,4.083235587029137,0.9629219067546092,4070.9131681565414
61506.254747,5.421635832505911,1.2644074832082546,4070.9131681565414
61506.254747,4.844446991728841,0.9831197437334395,4070.9131681565414
61506.254747,4.451625470383806,0.7848802044754308,4070.9131681565414
61506.254747,5.14220809833392,0.47114212930074323,4070.9131681565414
61506.254747,6.1238470456851735,0.8656934848364933,4070.9131681565414
61506.254747,5.5793978288376636,0.967055016847249,4070.9131681565414
61506.254747,5.492722388599697,0.8548199563710515,4070.9131681565414
61506.254747,4.139735424046051,0.9976919015704651,4070.9131681565414
61506.254747,3.5318110156797973,1.3642798625641626,4070.9131681565414
61506.263019,1.9760655308699266,1.0992667108366507,4070.9214401565405
61506.263019,4.8387503485284675,1.5116662611662062,4070.9214401565405
61506.263019,3.6329718578008148,1.496467368584074,4070.9214401565405
61506.263019,8.107697123598651,1.6934299068444845,4070.9214401565405
61506.263019,5.097581431040848,0.7544274477547234,4070.9214401565405
61506.263019,6.135204270673753,1.1003217709955382,4070.9214401565405
61506.263019,3.957522865985019,1.3239525900719797,4070.9214401565405
61506.263019,2.984925659567089,0.9544880890293084,4070.9214401565405
61506.263019,5.36853587621294,0.45380821457632375,4070.9214401565405
61506.263019,5.560633232479201,0.8801470163323366,4070.9214401565405
61506.263019,4.95837444410978,0.7132583436885964,4070.9214401565405
61506.263019,7.8314325615225675,2.0869588993490873,4070.9214401565405
61506.263019,6.929291887715476,0.8961141219128924,4070.9214401565405
61506.263019,5.358668817317088,0.5986564480591475,4070.9214401565405
61506.263019,4.936353880766931,0.820327457125511,4070.9214401565405
61506.263019,4.1389479647881355,0.7033516458693136,4070.9214401565405
61506.263019,5.132733962085768,0.512286024442449,4070.9214401565405
61506.263019,6.6080405411513565,0.5473291779266221,4070.9214401565405
61506.263019,6.425711373856402,0.7337841254974095,4070.9214401565405
61506.263019,4.9173708879865945,1.012701884807575,4070.9214401565405
61506.263019,6.5188350058817965,0.6902804535345322,4070.9214401565405
61506.263019,5.479870132605508,1.251847143971086,4070.9214401565405
61506.263019,7.279388596763264,1.034487068436123,4070.9214401565405
61506.263019,4.681070965394124,0.6667485875726591,4070.9214401565405
61506.263019,5.724792933292432,0.9388049914688266,4070.9214401565405
61506.263019,5.386844792698005,0.4674888158340229,4070.9214401565405
61506.263019,3.939083002957748,0.9639593018913237,4070.9214401565405
61506.263019,4.426835560979318,0.8327245751471859,4070.9214401565405
61506.263019,5.247431094050788,2.7956596759072188,4070.9214401565405
61536.40965022508,4.5644335192049885,0.2583220322833243,4101.0680713816255
61543.40146922508,4.457676425727966,0.37689250018682846,4108.059890381621
61548.92560992462,4.840800303755726,0.2774177334810219,4113.584031081162
61560.165014955826,5.088718311155148,0.1838453118919284,4124.823436112369
61580.09497595582,4.974364767873087,0.16419995958449746,4144.753397112363
61587.932017306295,4.8475787286312055,0.2674241778921252,4152.5904384628375
61588.965861,4.500138670251087,0.49131726398634346,4153.624282156539
61588.965861,4.5513794068868005,0.919569078696912,4153.624282156539
61588.965861,6.157153731943794,0.881135457511362,4153.624282156539
61588.965861,7.48473996349294,2.1168588213770776,4153.624282156539
61588.965861,5.265231974986342,0.6179331995867102,4153.624282156539
61588.965861,5.734134203894373,1.168982986824859,4153.624282156539
61588.965861,4.810226353174859,0.6298898462947937,4153.624282156539
61588.965861,3.6523502629402858,0.7521897226471399,4153.624282156539
61588.965861,3.743484251497665,0.6215936231728768,4153.624282156539
61588.965861,4.327492448117091,0.6953700059260541,4153.624282156539
61588.965861,5.837700006982162,0.44756545053755414,4153.624282156539
61588.965861,5.825857752011513,0.7789186700674873,4153.624282156539
61588.965861,5.149458796230107,0.7459754825927147,4153.624282156539
61588.965861,5.287823910702381,0.6018229476150415,4153.624282156539
61588.965861,4.71866580600287,1.004846068362323,4153.624282156539
61588.965861,4.627810732410885,0.5546299010576824,4153.624282156539
61588.965861,5.375852367402612,0.6921156082977011,4153.624282156539
61588.965861,4.609100302010085,0.4046327969218992,4153.624282156539
61588.965861,5.61854294715226,0.37473557112741873,4153.624282156539
61588.965861,4.616620600976659,0.6981091110178791,4153.624282156539
61588.965861,6.069936825125179,0.5583235567034025,4153.624282156539
61588.965861,3.6664550743450652,1.0996639365437786,4153.624282156539
61588.965861,3.9289102887774816,1.590813953466097,4153.624282156539
61588.965861,4.849604650508362,0.4277910407514601,4153.624282156539
61588.965861,6.069115828076886,0.6819466451074963,4153.624282156539
61588.965861,5.383814236957686,0.553682933154177,4153.624282156539
61588.965861,6.590233663583307,1.239179444383865,4153.624282156539
61588.965861,4.979297379299429,0.38143298750683374,4153.624282156539
61588.965861,6.15628154422872,0.7390647048354437,4153.624282156539
61596.34972022508,4.829743129707303,0.24980592132892915,4161.008141381622
61630.29777592462,5.285201793254472,0.24503587704622662,4194.956197081163
61649.007931,5.110278204257616,0.48576082689906863,4213.666352156542
61649.007931,5.572352245948815,0.7240294929099821,4213.666352156542
61649.007931,5.214649376663363,1.044022385486523,4213.666352156542
61649.007931,4.616975503020791,1.0435334460361783,4213.666352156542
61649.007931,5.616557272971144,0.9661059774914386,4213.666352156542
61649.007931,2.4964519807202374,1.9043918105229949,4213.666352156542
61649.007931,5.365586296801611,0.5698172491610204,4213.666352156542
61649.007931,4.219629509109826,1.224845098996098,4213.666352156542
61649.007931,4.870511565976292,0.7169025544235174,4213.666352156542
61649.007931,5.156307046550256,0.5056290250172886,4213.666352156542
61649.007931,6.459325128363418,0.6583472442599042,4213.666352156542
61649.007931,5.177922366568893,0.417567766185171,4213.666352156542
61649.007931,5.602640249167791,0.5720955606160189,4213.666352156542
61649.007931,4.78787156390565,0.912717984567548,4213.666352156542
61649.007931,2.1939174621488067,1.4969159478350058,4213.666352156542
61649.007931,5.425272518403001,0.49571155784452087,4213.666352156542
61649.007931,5.24752035232592,0.3435190666701989,4213.666352156542
61649.007931,4.8974625362100195,0.48402263296001863,4213.666352156542
61649.007931,4.5862109264498905,0.3910454963610531,4213.666352156542
61649.007931,4.727489365908079,0.3213562771652111,4213.666352156542
61649.007931,4.783043788835853,0.5514169808236753,4213.666352156542
61649.007931,5.574610427764162,0.7034487452375875,4213.666352156542
61649.007931,3.9241228964426624,0.742424089857423,4213.666352156542
61649.007931,5.917140942455643,0.7028678829838735,4213.666352156542
61649.007931,5.0760444097374195,0.5814260223216409,4213.666352156542
61649.007931,5.206808376614454,0.42026077096455283,4213.666352156542
61649.007931,5.751809034337923,0.6585722956607954,4213.666352156542
61649.007931,5.513523027230689,0.7674058402348551,4213.666352156542
61649.007931,4.545909479815812,0.45972331776274217,4213.666352156542
61649.010581,4.421617278333959,0.6877577335906692,4213.669002156545
61649.010581,4.107367608689504,0.8750369668560437,4213.669002156545
61649.010581,4.332673329188318,0.4264813638213078,4213.669002156545
61649.010581,4.560832059973628,0.4893938819176714,4213.669002156545
61649.010581,4.6224773408205735,0.7097036850754531,4213.669002156545
61649.010581,4.487767487594966,0.6738994929626653,4213.669002156545
61649.010581,4.71584262611009,0.6105150339254055,4213.669002156545
61649.010581,3.6974365600572248,1.3491023131641273,4213.669002156545
61649.010581,3.8904338529631746,1.0913874005582667,4213.669002156545
61649.010581,5.237838616049968,0.5231794173619132,4213.669002156545
61649.010581,5.747305569858713,0.44386722757920494,4213.669002156545
61649.010581,5.504791909610651,0.39892500656831464,4213.669002156545
61649.010581,4.852626535139096,0.3532698145819976,4213.669002156545
61649.010581,4.464975043716368,0.9068298588339,4213.669002156545
61649.010581,5.687345085192167,0.5656100294864667,4213.669002156545
61649.010581,5.134518672141827,0.5812833880330269,4213.669002156545
61649.010581,5.5298652495247955,0.3128318790761971,4213.669002156545
61649.010581,5.738368898905367,0.9117899737961779,4213.669002156545
61649.010581,5.955168939928332,0.7242123212559389,4213.669002156545
61649.010581,6.075507868678194,0.7352750146047046,4213.669002156545
61649.010581,4.48887166618504,0.4759930177561606,4213.669002156545
61649.010581,5.395105583384882,0.5505919687397175,4213.669002156545
61649.010581,7.662837310826509,1.6747399679086543,4213.669002156545
61649.010581,4.523214312504055,0.864990874617221,4213.669002156545
61649.010581,4.936730484161529,0.33898098452443576,4213.669002156545
61649.010581,4.82497000698683,0.6704561962488343,4213.669002156545
61649.010581,6.700142652813949,1.106023292196832,4213.669002156545
61649.010581,5.96687810322417,0.7007558321337429,4213.669002156545
61649.010581,5.1612823965198125,0.5159943816813497,4213.669002156545
61660.28933092462,4.955992834512188,0.3097995899158176,4224.947752081163
61669.304183306296,5.220575296054038,0.2315218027759834,4233.9626044628385
61688.35276822508,5.0022489669886445,0.3085452507323225,4253.011189381621
61690.21105892462,4.952833629006354,0.2345710088081525,4254.8694800811645
61699.2957383063,5.660136807611124,0.3186578375173219,4263.954159462839
61720.157081924626,5.174234699862063,0.22193418678481766,4284.815503081169
61729.2174663063,5.352540782967424,0.24025481293936937,4293.87588746284
61750.294976924626,4.914232086731949,0.2347684591522671,4314.953398081168
61759.1634893063,5.380874549275298,0.22802859871062925,4323.821910462844
61760.393815955824,4.858545153523308,0.1574560326729913,4325.052237112366
61769.72493422508,5.178248593379481,0.2849621742432278,4334.383355381622
61777.174227924625,5.186081720508939,0.23555826052872533,4341.832649081167
61789.3013843063,5.051931166454432,0.2394785453692906,4353.959805462844
61790.304558955824,5.5901146163149535,0.1785674560481408,4354.9629801123665
61799.71648922508,4.422891387906551,0.36095208737475515,4364.374910381623
61816.1806353063,4.651998114349866,0.2315218027759834,4380.839056462843
61820.29312195582,5.113641519306367,0.16889138700119735,4384.9515431123655
61829.63821722508,5.572610039113787,0.2561384140898898,4394.296638381624
61837.334759,3.134054584206526,1.3636413591973284,4401.99318015654
61837.334759,5.835338379587242,0.7376280540078828,4401.99318015654
61837.334759,4.735096792762022,0.5304633787416352,4401.99318015654
61837.334759,4.082217508496059,1.066673011958668,4401.99318015654
61837.334759,4.74541774215917,0.5399055825383946,4401.99318015654
61837.334759,4.7397183291023355,0.6551800626025911,4401.99318015654
61837.334759,4.416442111247164,0.5803469388941345,4401.99318015654
61837.334759,5.021503436332463,0.4220755095141487,4401.99318015654
61837.334759,4.551854197291283,0.3668317139050662,4401.99318015654
61837.334759,5.233817505818656,0.3459535758184652,4401.99318015654
61837.334759,5.315998183542743,0.47140412801442727,4401.99318015654
61837.334759,4.791037946092731,0.3781422381791821,4401.99318015654
61837.334759,4.8505590751893335,0.7947269190062716,4401.99318015654
61837.334759,4.614495921073561,0.5985526812727209,4401.99318015654
61837.334759,5.118935709471691,0.4639079566121613,4401.99318015654
61837.334759,4.600926157139127,0.3168406443587424,4401.99318015654
61837.334759,4.930529911929291,0.6448202193342365,4401.99318015654
61837.334759,3.9969612195935458,0.46819418254985323,4401.99318015654
61837.334759,4.259186253737434,0.9361372406884847,4401.99318015654
61837.334759,5.16245950678356,0.8654616177031613,4401.99318015654
61837.334759,4.897842019782185,0.32095035344668665,4401.99318015654
61837.334759,5.8763178236045475,1.7973771763795783,4401.99318015654
61837.334759,5.03545371192398,0.5029631426358265,4401.99318015654
61837.334759,4.640650897515384,0.5887414266887765,4401.99318015654
61837.334759,2.8741665829928777,0.9923199630924848,4401.99318015654
61837.334759,4.581701136615988,0.6401937133398135,4401.99318015654
61837.334759,3.2339219737450993,0.6343129718773622,4401.99318015654
61837.334759,4.693563401907304,0.5205079572349042,4401.99318015654
61837.334759,4.297571191407709,0.5993227718889353,4401.99318015654
61838.329025,4.8223608468991195,0.41676627896855595,4402.987446156541
61838.329025,4.569782966788936,0.9638611553843387,4402.987446156541
61838.329025,3.3246917673810295,1.1800859030281634,4402.987446156541
61838.329025,3.397093390700965,1.5700687199143644,4402.987446156541
61838.329025,4.329485288358001,0.580037613545725,4402.987446156541
61838.329025,4.635767245748186,0.29832336835791695,4402.987446156541
61838.329025,4.443386030606252,0.5878178706653072,4402.987446156541
61838.329025,5.122598772965692,0.603162310764463,4402.987446156541
61838.329025,5.182989386999717,0.7178424182211824,4402.987446156541
61838.329025,4.6932848307509385,0.512387958358579,4402.987446156541
61838.329025,5.141085828040969,0.4103678141770008,4402.987446156541
61838.329025,4.936016876712525,0.8558604990867952,4402.987446156541
61838.329025,5.4917332998448565,0.4520135609621876,4402.987446156541
61838.329025,5.705003598917225,0.9194934506496178,4402.987446156541
61838.329025,5.90461884384573,0.5355647816975324,4402.987446156541
61838.329025,4.894997047201272,0.5128356620731882,4402.987446156541
61838.329025,3.875229652795662,0.6764377208080989,4402.987446156541
61838.329025,3.9427457179208667,0.7827894650199336,4402.987446156541
61838.329025,5.163312833036987,0.5708975780150221,4402.987446156541
61838.329025,4.593307679839876,0.26252117625036425,4402.987446156541
61838.329025,4.94826124651202,0.41237431906394806,4402.987446156541
61838.329025,5.166787465836068,0.38154365030356674,4402.987446156541
61838.329025,5.1088419848888345,0.32980311253705635,4402.987446156541
61838.329025,4.7760649042248415,0.2677743463199801,4402.987446156541
61838.329025,4.508928782467813,0.5518384205245288,4402.987446156541
61838.329025,3.8621115814144025,0.6802250926064914,4402.987446156541
61838.329025,5.251174171970067,0.4696131659752239,4402.987446156541
61838.329025,4.873809064370322,0.42741823748268226,4402.987446156541
61838.329025,4.353019216489368,0.37077614093630346,4402.987446156541
61843.998872924625,4.399044648868117,0.25115683771377945,4408.6572940811675
61844.24012295582,5.118039732509524,0.1838453118919284,4408.898544112366
61850.209195955824,5.006618331362899,0.17402263573821292,4414.867617112366
61859.584240225086,4.898308740981153,0.23190025214276466,4424.242661381628
61863.92883392462,4.649767095824846,0.21561577577315005,4428.587255081162
61874.149665955825,4.6574002030322985,0.1590687108474819,4438.8080871123675
61883.0052803063,4.597154810523804,0.2534513616307079,4447.663701462843
61889.722135225085,5.188074875249936,0.28190510877241914,4454.380556381628
61902.196395,5.7176010151395324,0.6114544239517947,4466.854816156541
61902.196395,4.571522765476153,0.5648346493320439,4466.854816156541
61902.196395,5.02600418599763,0.4314645217492986,4466.854816156541
61902.196395,4.85983033635163,0.3377857518055585,4466.854816156541
61902.196395,4.8278944468075595,0.4515597490940327,4466.854816156541
61902.196395,4.634225091602327,0.42615008342134897,4466.854816156541
61902.196395,4.4998594773340646,0.2655316560573817,4466.854816156541
61902.196395,4.4047503718431,0.346786866455179,4466.854816156541
61902.196395,5.7885811392473,0.46024118554913235,4466.854816156541
61902.196395,5.220898820307189,0.37280554540053396,4466.854816156541
61902.196395,5.20381403315091,0.37738552722212787,4466.854816156541
61902.196395,4.4159420277151575,0.40381745209566017,4466.854816156541
61902.196395,4.819565454216369,0.22580396616191625,4466.854816156541
61902.196395,4.7920192854602,0.3203526875190324,4466.854816156541
61902.196395,4.873170323465474,0.3268541011498264,4466.854816156541
61902.196395,5.50086886553969,0.2713504818846987,4466.854816156541
61902.196395,4.606651734305471,0.46259202483030376,4466.854816156541
61902.196395,5.109511129479393,0.41723213762360956,4466.854816156541
61902.196395,4.759755096140785,0.2505438499021945,4466.854816156541
61902.196395,6.829963232999411,0.7577431544636878,4466.854816156541
61902.196395,5.146789857577548,0.5169854211212839,4466.854816156541
61902.196395,4.361787355424468,1.241994659036736,4466.854816156541
61902.196395,5.175886903711208,0.3041080759689286,4466.854816156541
61902.196395,4.391130793916336,0.9565480702676951,4466.854816156541
61902.196395,3.6033714043562948,0.6850390654303229,4466.854816156541
61902.196395,4.49745182904127,0.36423193397007786,4466.854816156541
61902.196395,5.049037402943497,0.4565709643508216,4466.854816156541
61902.196395,4.8224755160428066,0.2260995112181338,4466.854816156541
61902.196395,5.339524308043768,0.6600532087250027,4466.854816156541
61902.935241306295,4.740570244095851,0.24200141497204633,4467.5936624628375
61904.13671095583,5.072591529410242,0.1636135311574098,4468.795132112369
61910.13557195583,5.208936138708085,0.16595924486575991,4474.793993112369
61916.601386225084,4.392822965382955,0.2539547958964551,4481.259807381626
61973.107689955825,4.329000283863304,0.17592852812624726,4537.766111112367
61983.426031225084,4.370375370354447,0.2607240122961024,4548.084452381627
61995.094531,4.47255573988409,0.20539740157338546,4559.752952156545
61995.094531,-0.9514501733603606,1.08655004447805,4559.752952156545
61995.094531,4.690555178822336,0.32035019950568105,4559.752952156545
61995.094531,4.208192877293317,0.591477793168461,4559.752952156545
61995.094531,4.395436267915901,0.23859897028826388,4559.752952156545
61995.094531,5.383597652920496,0.3064797523761177,4559.752952156545
61995.094531,4.299386805884425,0.40874092793790817,4559.752952156545
61995.094531,4.234426770689314,0.372898777228734,4559.752952156545
61995.094531,4.070220004724984,0.33411536080967164,4559.752952156545
61995.094531,4.476471520812503,0.4548123904378057,4559.752952156545
61995.094531,4.083904668711891,0.37581811546437666,4559.752952156545
61995.094531,4.170901097031723,0.3435573864888155,4559.752952156545
61995.094531,4.222768049634252,0.4835275084236245,4559.752952156545
61995.094531,4.551485270994241,0.5948381875219213,4559.752952156545
61995.094531,5.295685410796534,0.48067689822901966,4559.752952156545
61995.094531,0.48860852117125014,0.8759775235003718,4559.752952156545
61995.094531,4.589510179365127,0.6226756782437928,4559.752952156545
61995.094531,5.043982754634007,0.47204350209965235,4559.752952156545
61995.094531,5.116798651572045,0.3009894498782381,4559.752952156545
61995.094531,4.496898648418173,0.4680713476701835,4559.752952156545
61995.094531,5.12687765599064,0.49019400621472836,4559.752952156545
61995.094531,3.8938884312448496,0.4752002812908886,4559.752952156545
61995.094531,2.919272035860718,0.69584558017991,4559.752952156545
61995.094531,5.059671255019478,0.217552907715074,4559.752952156545
61995.094531,4.763790917295784,0.7409373702159608,4559.752952156545
61995.094531,5.065974402385505,0.2836401619735165,4559.752952156545
61995.094531,4.379469716778036,0.2771786034160188,4559.752952156545
61995.094531,2.6994683686315537,0.5950797463671944,4559.752952156545
61995.094531,4.626248421220352,0.34770473619216197,4559.752952156545
61995.098661,4.689963769674229,0.2868988047510169,4559.757082156546
61995.098661,4.9408567335500555,0.5148328100687316,4559.757082156546
61995.098661,5.009784515954861,0.4416064310710957,4559.757082156546
61995.098661,4.857703108975016,0.230834798539209,4559.757082156546
61995.098661,4.448447457295613,0.38031352609133046,4559.757082156546
61995.098661,6.1868948416378595,0.7093029528084748,4559.757082156546
61995.098661,4.879354122613604,0.4200944441997332,4559.757082156546
61995.098661,4.629078426640604,0.5256311662584586,4559.757082156546
61995.098661,4.928023107385453,0.4981272146663768,4559.757082156546
61995.098661,4.095954948967261,0.3753160204537362,4559.757082156546
61995.098661,4.4003148487773505,0.20431493832398687,4559.757082156546
61995.098661,5.584576910924314,0.27485484722212433,4559.757082156546
61995.098661,1.4215306416349933,0.8735543491615049,4559.757082156546
61995.098661,4.588821533742866,0.403866234633187,4559.757082156546
61995.098661,3.948022562777673,0.3444826939372398,4559.757082156546
61995.098661,2.6853128461454174,0.3047439960305654,4559.757082156546
61995.098661,2.9418247622946385,0.6728230052786166,4559.757082156546
61995.098661,4.8391451942219605,0.4333988097209064,4559.757082156546
61995.098661,2.7617720199290594,0.5751106273615839,4559.757082156546
61995.098661,3.790001135037744,1.1693496884138326,4559.757082156546
61995.098661,4.615542921864332,0.25352328661242535,4559.757082156546
61995.098661,5.229314183396544,0.315648368380961,4559.757082156546
61995.098661,5.054785933837305,0.3923968913364899,4559.757082156546
61995.098661,5.0357431855236365,0.20352610835544216,4559.757082156546
61995.098661,4.717998184924473,0.42827476332444686,4559.757082156546
61995.098661,4.851693966587456,0.34148289260874237,4559.757082156546
61995.098661,4.814539902648593,0.6307458268704176,4559.757082156546
61995.098661,4.17792821255371,0.3079094150588585,4559.757082156546
61995.098661,5.324973679466639,0.3154528095374224,4559.757082156546
61995.104289,5.527565370041874,0.3200390387532001,4559.762710156545
61995.104289,4.801897627763692,0.5081955423658506,4559.762710156545
61995.104289,1.422399995704193,1.2279343421419804,4559.762710156545
61995.104289,5.809993827977552,0.4765522779801898,4559.762710156545
61995.104289,4.957988906888707,0.4584033561809922,4559.762710156545
61995.104289,4.926018420558052,0.35372593499619687,4559.762710156545
61995.104289,5.058103044498517,0.2518091332208606,4559.762710156545
61995.104289,4.824125968445336,0.32633382431802804,4559.762710156545
61995.104289,5.343868179237024,0.4728930412895026,4559.762710156545
61995.104289,4.628245115087264,0.49497307635967425,4559.762710156545
61995.104289,5.312056467289901,0.23053617654886074,4559.762710156545
61995.104289,4.135075862753235,0.6995544625290087,4559.762710156545
61995.104289,4.6953157005662725,0.421255971601979,4559.762710156545
61995.104289,3.6848834707120317,0.6089861448323923,4559.762710156545
61995.104289,4.988507913363479,0.3309393592810626,4559.762710156545
61995.104289,4.348762536524742,0.21392179966239946,4559.762710156545
61995.104289,4.45393338635757,0.6535592181163098,4559.762710156545
61995.104289,5.135687251156247,0.39781644971157604,4559.762710156545
61995.104289,5.145127794448803,0.45813724915533593,4559.762710156545
61995.104289,5.04646956150453,0.20971440219057386,4559.762710156545
61995.104289,3.3770929124590254,0.9189888680152586,4559.762710156545
61995.104289,4.727414964541726,0.3709082830652524,4559.762710156545
61995.104289,4.519043736076901,0.26463519536846414,4559.762710156545
61995.104289,4.970316643711575,0.5783056864024817,4559.762710156545
61995.104289,5.133485523360167,0.34354097293794766,4559.762710156545
61995.104289,3.476220700033905,0.7715832120794629,4559.762710156545
61995.104289,5.663847032400584,0.5392290686643231,4559.762710156545
61995.104289,4.67889194340344,0.3587833371717579,4559.762710156545
61995.104289,5.119897089551673,0.46138577845868134,4559.762710156545
62003.35599222508,4.803539711386087,0.2428183431099381,4568.014413381621
62016.034571,4.432075666253085,0.3821098080095502,4580.692992156539
62016.034571,4.681892154600185,0.4490462946976656,4580.692992156539
62016.034571,4.570314730301343,0.24313118890028484,4580.692992156539
62016.034571,4.70227095262832,0.5383864036253159,4580.692992156539
62016.034571,3.8331119101690856,0.42499492992980714,4580.692992156539
62016.034571,4.416501492202103,0.326419879401239,4580.692992156539
62016.034571,5.851482962481383,0.6429131676955868,4580.692992156539
62016.034571,3.3832945988994148,0.7982747517670292,4580.692992156539
62016.034571,5.222427546489956,0.5378475411842096,4580.692992156539
62016.034571,4.499070124657381,0.36351921097902146,4580.692992156539
62016.034571,4.55650323950726,0.5241697863422657,4580.692992156539
62016.034571,4.551964972571196,0.3112902559081572,4580.692992156539
62016.034571,3.482549615847126,0.49160755730346345,4580.692992156539
62016.034571,4.216959090397603,0.35209299472935984,4580.692992156539
62016.034571,6.2857073838568445,1.2310588570074816,4580.692992156539
62016.034571,5.916435409235226,0.8043805761431505,4580.692992156539
62016.034571,4.862796151311349,0.5078779355955962,4580.692992156539
62016.034571,4.835848106555005,0.37730898159875464,4580.692992156539
62016.034571,3.2601156346914375,0.6405773010955726,4580.692992156539
62016.034571,5.127459536560864,0.2323236749021758,4580.692992156539
62016.034571,4.637039107329302,0.6659996340288314,4580.692992156539
62016.034571,4.878188836028577,0.9935014789354147,4580.692992156539
62016.034571,4.567452613278449,0.2951148587916612,4580.692992156539
62016.034571,4.1668152995877055,0.5143464028342887,4580.692992156539
62016.034571,4.870793004252133,0.4085682456497267,4580.692992156539
62016.034571,4.555700717696008,0.26219010752577687,4580.692992156539
62016.034571,4.368597690251851,0.49622354378230155,4580.692992156539
62016.034571,3.8405038286121407,0.6645722805067191,4580.692992156539
62016.034571,4.833507414847549,0.41322419375709013,4580.692992156539
62044.22767392462,4.110767146460793,0.2316092536464334,4608.886095081165
62074.13841692462,4.433203558399945,0.256882897693103,4638.796838081165
62083.2340813063,3.93449399932609,0.21716085272952693,4647.892502462841
62104.12697992462,3.7964261986303387,0.2681375673076356,4668.785401081164
62113.1448243063,3.8537621720379005,0.24316581632716464,4677.803245462841
62128.07398092462,3.8465785860354487,0.22706789573179723,4692.732402081165
62134.04305392462,4.551871215212823,0.20732286132033678,4698.701475081165
62143.1333873063,3.603221813794988,0.26276657247165275,4707.79180846284
62157.983523924624,3.805114013771381,0.2329914060552356,4722.641945081166
62167.0803883063,4.33368959723908,0.23792601022913315,4731.73880946284
62173.0494613063,3.7346051000308145,0.21036851149133795,4737.707882462841
62183.65483222508,3.837725384429921,0.2635627159475675,4748.313253381624
62187.970568924626,4.357580076604051,0.2560930963166446,4752.628990081168
62193.969429924626,4.530546578048445,0.23121435295820417,4758.627851081168
62196.9899313063,3.333080699407587,0.21948965543976315,4761.648352462842
62213.56557522508,4.4045489950817,0.3004658634166141,4778.223996381625
62226.9769763063,4.4101519528918365,0.24704715417755832,4791.635397462844
62228.250046,4.429614661066444,0.3714264483724511,4792.908467156543
62228.250046,2.8899061495273064,0.4008260390529468,4792.908467156543
62228.250046,4.489036601517683,0.5346142399444873,4792.908467156543
62228.250046,3.636369938159303,0.7513174134277922,4792.908467156543
62228.250046,4.142003695676846,0.6055605977677101,4792.908467156543
62228.250046,4.7129546379672655,0.6090581296711218,4792.908467156543
62228.250046,3.8514513951294154,0.5971774020315095,4792.908467156543
62228.250046,3.8997099550342385,0.17052187456807316,4792.908467156543
62228.250046,3.8241296591834817,0.31453022403933406,4792.908467156543
62228.250046,3.8714395626421285,0.6081126223459932,4792.908467156543
62228.250046,3.869269351726648,0.3056040398001179,4792.908467156543
62228.250046,4.2078960960616625,0.39934458476692175,4792.908467156543
62228.250046,3.3903309923967146,0.4803910332278966,4792.908467156543
62228.250046,3.415407101623698,0.49670432437892,4792.908467156543
62228.250046,3.2593371760099434,0.2479610265545973,4792.908467156543
62228.250046,4.583052443676436,0.7498781539278436,4792.908467156543
62228.250046,4.574049818099097,0.39966762846979803,4792.908467156543
62228.250046,3.7947053347484054,0.4879883605625794,4792.908467156543
62228.250046,4.33179635414383,0.6575047407376474,4792.908467156543
62228.250046,3.8565102224355883,0.4460935438349846,4792.908467156543
62228.250046,4.384641293278487,0.3502157216531962,4792.908467156543
62228.250046,3.9274418648736984,0.28013086014308664,4792.908467156543
62228.250046,3.562172317639218,0.42523950632002133,4792.908467156543
62228.250046,4.2596743772562125,0.531473501474916,4792.908467156543
62228.250046,2.565248336252707,0.6208254416219124,4792.908467156543
62228.250046,4.64297995124634,0.3265545464005772,4792.908467156543
62228.250046,4.713659492795006,0.3523407880832248,4792.908467156543
62228.250046,4.0927847226903475,0.21026447275369667,4792.908467156543
62228.250046,4.255683115346351,0.28013980691862955,4792.908467156543
62228.250046,3.279512684931631,0.5500443406041684,4792.908467156543
62228.250046,4.110293354205417,0.32927759673740503,4792.908467156543
62228.250046,4.623203657616892,0.409042041064407,4792.908467156543
62228.250046,4.912374949938516,0.39831653324358307,4792.908467156543
62228.250046,4.1006963634421645,0.19843431258642222,4792.908467156543
62228.250046,3.546222963969371,0.38949703476357295,4792.908467156543
62228.250046,4.5171932156545775,0.49429916083900205,4792.908467156543
62228.250046,4.145191040004056,0.23382101844269162,4792.908467156543
62228.250046,4.455466351334209,0.2093213308524554,4792.908467156543
62228.250046,5.467943730683538,0.9646939647235017,4792.908467156543
62228.250046,4.143069433668741,0.48501775101904193,4792.908467156543
62228.250046,3.6399839436570067,0.22215427954679057,4792.908467156543
62228.250046,3.8544245329417555,0.2734074659545764,4792.908467156543
62228.250046,2.437446483204927,0.7360392054308103,4792.908467156543
62228.250046,3.9180060042525815,0.8953629182113066,4792.908467156543
62228.250046,4.032024210625037,0.49038716150766987,4792.908467156543
62228.250046,4.298698611240057,0.1718410408420287,4792.908467156543
62228.250046,7.136356555989553,1.1670063022647066,4792.908467156543
62228.250046,3.994665427335454,0.5020236518010494,4792.908467156543
62228.250046,3.658051682649698,0.38772202144714946,4792.908467156543
62228.250046,3.6964635053249655,0.30428633840335434,4792.908467156543
62228.250046,3.755685682589576,0.2566294348133139,4792.908467156543
62228.250046,4.153649946635578,0.406629878680511,4792.908467156543
62228.250046,4.538584956826511,0.48283524724993243,4792.908467156543
62228.250046,3.648653324640361,0.40190460808406775,4792.908467156543
62228.250046,3.8069992703436824,0.3306295645067359,4792.908467156543
62228.250046,3.7405510460553653,0.3290337583638972,4792.908467156543
62228.250046,3.693044857308259,0.2974456565828469,4792.908467156543
62228.250046,3.3746756699596028,0.25894999129925755,4792.908467156543
62228.254182,4.110013609265193,0.309541574059837,4792.912603156539
62228.254182,2.8736967345255042,0.5577101307721494,4792.912603156539
62228.254182,6.306797859198978,1.1974703222033434,4792.912603156539
62228.254182,5.95372767939734,1.032652163048154,4792.912603156539
62228.254182,3.7392775469769832,0.3845080483982284,4792.912603156539
62228.254182,4.036210009025902,0.2678624538485674,4792.912603156539
62228.254182,3.2669599017169864,0.6634260359311499,4792.912603156539
62228.254182,4.655732081312519,0.3798134425593237,4792.912603156539
62228.254182,4.381936347538681,0.32230383637851756,4792.912603156539
62228.254182,4.082703765801568,0.31625041461842723,4792.912603156539
62228.254182,4.6182195660073155,0.38005735404752866,4792.912603156539
62228.254182,4.19478213929779,0.213515875943875,4792.912603156539
62228.254182,4.294961038941826,0.5922840697064089,4792.912603156539
62228.254182,4.505611811268706,0.3147774962280442,4792.912603156539
62228.254182,4.770117800777281,0.784928981923246,4792.912603156539
62228.254182,4.193448413415592,0.5020048124660811,4792.912603156539
62228.254182,4.083637874562343,0.5021635477977096,4792.912603156539
62228.254182,3.934758070318623,0.5108100641635179,4792.912603156539
62228.254182,3.5533182662531178,0.796618563902482,4792.912603156539
62228.254182,3.829087703786807,0.4264620159675446,4792.912603156539
62228.254182,4.447992788826906,0.21507759018102132,4792.912603156539
62228.254182,4.083949672072275,0.219411634120287,4792.912603156539
62228.254182,4.217996467292637,0.25815150076965016,4792.912603156539
62228.254182,3.538497313004698,0.391244627870455,4792.912603156539
62228.254182,3.5476030840179753,0.46834015578286425,4792.912603156539
62228.254182,4.404390077860205,0.4790393199172171,4792.912603156539
62228.254182,4.336169612562812,0.40692909124760485,4792.912603156539
62228.254182,4.342791793629668,0.18303597987911724,4792.912603156539
62228.254182,3.991720521001352,0.46398083651701116,4792.912603156539
62228.254182,3.928993990283338,0.413343791993996,4792.912603156539
62228.254182,4.090595051543174,0.1813125942742665,4792.912603156539
62228.254182,4.36300499897569,0.33411536080967164,4792.912603156539
62228.254182,3.778490169064657,0.2923584345003303,4792.912603156539
62228.254182,4.002682379260386,0.23397623980748355,4792.912603156539
62228.254182,4.233469566725601,0.6722313699090773,4792.912603156539
62228.254182,3.9289102887774816,0.9232294231082749,4792.912603156539
62228.254182,4.043415623801141,0.32956571781539606,4792.912603156539
62228.254182,3.9622328183791313,0.2842331279259839,4792.912603156539
62228.254182,4.4656849053396925,0.46449569571437904,4792.912603156539
62228.254182,4.372920132566452,0.6808656972884036,4792.912603156539
62228.254182,3.9317784059987204,0.3552288273298086,4792.912603156539
62228.254182,4.271827753644688,0.40294367046261054,4792.912603156539
62228.254182,3.9503544081364375,0.5844486584334644,4792.912603156539
62228.254182,4.274643672820028,0.20724366130169605,4792.912603156539
62228.254182,4.138542841340738,0.3308217158115962,4792.912603156539
62228.254182,4.47006594139546,0.3582447900919609,4792.912603156539
62228.254182,4.1450486264010085,0.6268751128368438,4792.912603156539
62228.254182,3.872907942929033,0.5279148643015801,4792.912603156539
62228.254182,3.4925800173929433,0.44343787682575075,4792.912603156539
62228.254182,3.5944702738804137,0.5352826150679775,4792.912603156539
62228.254182,3.9379384435991867,0.2763701605681842,4792.912603156539
62228.254182,3.8863504430954494,0.27366469732518967,4792.912603156539
62228.254182,3.5195379384085586,0.4130302632807571,4792.912603156539
62228.254182,3.334334869236801,0.3412422633864553,4792.912603156539
62228.254182,3.9042719849491485,0.4700085044387385,4792.912603156539
62228.254182,4.202553401750361,0.275676932683265,4792.912603156539
62228.254182,3.604675920716269,0.4058747903827705,4792.912603156539
62228.254182,4.498042783799566,0.2372551713316967,4792.912603156539
62232.266187,5.639718278042752,0.7908604351871497,4796.924608156543
62232.266187,4.706235715544457,0.5152440405355702,4796.924608156543
62232.266187,4.203152233738997,0.39615296339531486,4796.924608156543
62232.266187,4.177143592971319,0.2421824341724431,4796.924608156543
62232.266187,4.135764622797101,0.3675796842351069,4796.924608156543
62232.266187,3.12737607415297,0.5133167357676919,4796.924608156543
62232.266187,4.510391473214796,0.3308172331995051,4796.924608156543
62232.266187,3.841596091205107,0.37681294136728166,4796.924608156543
62232.266187,3.572328598231597,0.3510078468924938,4796.924608156543
62232.266187,4.962631564060352,1.1670063022647066,4796.924608156543
62232.266187,4.2264441893427,0.21135094944507782,4796.924608156543
62232.266187,3.873108804909811,0.2824924789298695,4796.924608156543
62232.266187,5.327803812150015,0.6366155138988644,4796.924608156543
62232.266187,3.8289714083282256,0.5235818332634095,4796.924608156543
62232.266187,4.393769747393464,0.3094707714298857,4796.924608156543
62232.266187,4.083982678015624,0.3451254994421828,4796.924608156543
62232.266187,4.530126112496115,0.49251235648868485,4796.924608156543
62232.266187,4.13822723542472,0.29619061161836213,4796.924608156543
62232.266187,4.103648616312023,0.2211283663753723,4796.924608156543
62232.266187,4.2718252184168355,0.6016547891883366,4796.924608156543
62232.266187,4.60255115507243,0.7404811845803769,4796.924608156543
62232.266187,3.2552998784304226,0.5014645641899994,4796.924608156543
62232.266187,4.236653429813574,0.9359510883873267,4796.924608156543
62232.266187,4.527635882757603,0.40879277717588514,4796.924608156543
62232.266187,4.627907097041279,0.6600532087250027,4796.924608156543
62232.266187,4.013341794239551,0.5028406924721512,4796.924608156543
62232.266187,2.8011646144895157,0.41170819420242993,4796.924608156543
62232.266187,3.4919109860682673,0.6341068233067285,4796.924608156543
62232.266187,3.7483182605239738,0.5016172779538483,4796.924608156543
62232.270358,5.760734312191651,0.6218383658347126,4796.928779156544
62232.270358,3.9436027245357113,0.4458267249698023,4796.928779156544
62232.270358,4.18222016680724,0.23710586033652256,4796.928779156544
62232.270358,4.124578032554324,0.30149472061983734,4796.928779156544
62232.270358,3.9155717345685335,0.45534936979737467,4796.928779156544
62232.270358,4.070412759138809,0.398602768200791,4796.928779156544
62232.270358,3.8427241101371346,0.5852981477625828,4796.928779156544
62232.270358,4.4220409824051705,0.4555342086324365,4796.928779156544
62232.270358,3.643734893613593,0.44732661253623657,4796.928779156544
62232.270358,4.4263626782921035,0.7649133048837904,4796.928779156544
62232.270358,4.52728546050106,0.22167843693849498,4796.928779156544
62232.270358,3.9806567616182087,0.3267046905762505,4796.928779156544
62232.270358,3.4798913373799243,0.32227335106194255,4796.928779156544
62232.270358,3.9602364933152447,0.36242969391081525,4796.928779156544
62232.270358,6.420842651789773,1.12482535158044,4796.928779156544
62232.270358,4.225093940394312,0.31955359474252326,4796.928779156544
62232.270358,2.375655537563822,0.8971802989654569,4796.928779156544
62232.270358,3.900137894817486,0.3956508683846744,4796.928779156544
62232.270358,4.087954682179368,0.3363454937944527,4796.928779156544
62232.270358,3.771584396724126,0.3808136096233377,4796.928779156544
62232.270358,4.667981664620764,0.4746486070961142,4796.928779156544
62232.270358,2.3272249840763166,0.5408558198792685,4796.928779156544
62232.270358,4.792817270083562,0.4744106697917154,4796.928779156544
62232.270358,3.9645059818415653,0.41952522221418287,4796.928779156544
62232.270358,5.14933537944952,0.706831513948515,4796.928779156544
62232.270358,4.463479355795732,0.584433900767919,4796.928779156544
62232.270358,4.557599465073091,0.21040379410185403,4796.928779156544
62232.270358,4.48784690410257,0.27467555508434083,4796.928779156544
62232.270358,4.035610546430149,0.2850637090172166,4796.928779156544
62232.9758373063,4.678138924772269,0.25403356230826696,4797.634258462844
62243.55413822508,3.397289594814143,0.2808132996757018,4808.212559381624
62256.94154792462,3.2611383157356406,0.21206166957908734,4821.599969081166
62267.50113922508,3.50974593177603,0.2674932286957502,4832.159560381624
62273.47021222508,3.2957513488194294,0.24412851402599894,4838.128633381624
62295.9479553063,4.399439460424749,0.21929558854724346,4860.606376462842
62297.118673,5.217770738251076,0.834450878055044,4861.7770941565395
62297.118673,5.642700339941072,1.0262143325101174,4861.7770941565395
62297.118673,3.8487005788569917,0.5672895341271377,4861.7770941565395
62297.118673,4.576775804443192,0.31143044332996084,4861.7770941565395
62297.118673,3.769844239556289,0.4295422816029048,4861.7770941565395
62297.118673,3.8201145470996978,0.2515373975790009,4861.7770941565395
62297.118673,5.119631081464515,0.6726909539225588,4861.7770941565395
62297.118673,4.565147628461062,0.42676333789903836,4861.7770941565395
62297.118673,4.9926812167395935,0.6790195514881174,4861.7770941565395
62297.118673,4.9102856395766015,0.5152075029162783,4861.7770941565395
62297.118673,4.903311537541466,0.7581692262381787,4861.7770941565395
62297.118673,4.073671073315645,0.2641311504630406,4861.7770941565395
62297.118673,4.390489905418717,0.5720531006646352,4861.7770941565395
62297.118673,3.7399158457496435,0.387683919925544,4861.7770941565395
62297.118673,2.448949537207079,0.47883592985053375,4861.7770941565395
62297.118673,3.3657289558827643,0.2446438829488727,4861.7770941565395
62297.118673,4.6037875928406375,0.38852317787175833,4861.7770941565395
62297.118673,3.6303271667884744,0.5251180552496665,4861.7770941565395
62297.118673,3.4622887146458776,0.6665691924072802,4861.7770941565395
62297.118673,3.8863504430954494,0.4177975523950873,4861.7770941565395
62297.118673,3.0760303814268473,0.5305977324401085,4861.7770941565395
62297.118673,4.249789164941777,0.5642930918495587,4861.7770941565395
62297.118673,4.1508016543433,0.3088904411599665,4861.7770941565395
62297.118673,4.305100153679058,0.5637617991397402,4861.7770941565395
62297.118673,4.019493563131934,0.3569282737496751,4861.7770941565395
62297.118673,3.6338984992993435,0.8393006368423627,4861.7770941565395
62297.118673,5.314217599300878,1.3763487982532885,4861.7770941565395
62297.118673,3.8318444623309706,0.4768296477686836,4861.7770941565395
62297.118673,4.877583364745411,0.45052992782992657,4861.7770941565395
62297.41068222508,2.804000531657936,0.2393245540004426,4862.069103381626
62322.966194,6.466427687233983,0.6245914147937224,4887.624615156543
62322.966194,4.164431413537095,0.26169607040568005,4887.624615156543
62322.966194,4.3182458474648255,0.8809658763250042,4887.624615156543
62322.966194,3.57556959341474,0.29264955054129993,4887.624615156543
62322.966194,4.2636106164730645,0.6816838658717592,4887.624615156543
62322.966194,5.241704959941732,0.4768296477686836,4887.624615156543
62322.966194,6.0586170251425004,0.7539217795925867,4887.624615156543
62322.966194,4.048506970461738,0.4832664477414329,4887.624615156543
62322.966194,3.4236964637112735,0.6493710008532434,4887.624615156543
62322.966194,4.580591334210327,0.2987769361497344,4887.624615156543
62322.966194,6.772099387686414,0.46661045082976504,4887.624615156543
62322.966194,7.089647032266445,0.8184760301643506,4887.624615156543
62322.966194,5.007499641359851,0.3846323947161964,4887.624615156543
62322.966194,4.238344999792944,0.39301106936532654,4887.624615156543
62322.966194,4.22567447657169,0.3762701969640428,4887.624615156543
62322.966194,4.0143749515135285,0.5105852861791567,4887.624615156543
62322.966194,5.271508097298115,0.48292908328943684,4887.624615156543
62322.966194,3.7362484155396887,0.5302046688902615,4887.624615156543
62322.966194,6.870617946523486,0.6885352233134518,4887.624615156543
62322.966194,7.58029207088322,0.8373234857543947,4887.624615156543
62322.966194,5.556248753154519,0.31394053325893007,4887.624615156543
62322.966194,4.461132375572825,0.3438823202687766,4887.624615156543
62322.966194,4.214919274750375,0.27114876723622483,4887.624615156543
62322.966194,5.617302831207823,0.4433498943955172,4887.624615156543
62322.966194,4.558760349473515,0.9178923925890856,4887.624615156543
62322.966194,3.43964142347045,0.823155159915737,4887.624615156543
62322.966194,5.4994425094856,0.3586039012479706,4887.624615156543
62322.966194,3.96623884178108,0.4098712882957297,4887.624615156543
62322.966194,5.05817403591415,0.6052424742759236,4887.624615156543
62322.966194,4.141700604159174,0.457399235437652,4887.624615156543
62322.966194,4.382526252623655,0.5118481178942991,4887.624615156543
62322.966194,5.870314665645607,0.5190531325885037,4887.624615156543
62322.966194,3.9804907674471375,0.5658010904915939,4887.624615156543
62322.966194,3.647824588633132,0.4351990521298961,4887.624615156543
62322.966194,3.1109087893735525,0.4145447103173376,4887.624615156543
62322.966194,4.198536424607789,0.6307496195902912,4887.624615156543
62322.966194,4.537386143669938,0.7476438155700591,4887.624615156543
62322.966194,4.661635007972792,0.2519433212975255,4887.624615156543
62322.966194,5.898831802567733,0.5742740500293898,4887.624615156543
62322.966194,5.753712548323019,0.3527479031108447,4887.624615156543
62322.966194,3.9654352383314606,0.26899211747555357,4887.624615156543
62322.966194,4.773239862405017,0.542400426690848,4887.624615156543
62322.966194,6.23289495583327,0.5014244571311026,4887.624615156543
62322.966194,4.780373946521967,0.3768855147282734,4887.624615156543
62322.966194,4.310778017896565,0.3898852982888143,4887.624615156543
62322.966194,3.2715393984196255,0.4057815849612228,4887.624615156543
62322.966194,4.889823338086565,0.405526389484676,4887.624615156543
62322.966194,5.317046134629288,0.5051781274168213,4887.624615156543
62322.966194,9.035144414354683,1.061956154008403,4887.624615156543
62322.966194,5.534869081861498,1.1516136045464775,4887.624615156543
62322.966194,5.846556819510648,1.5474159871394804,4887.624615156543
62322.966194,5.4777550466364575,0.42624124937241686,4887.624615156543
62322.966194,2.6697017719229317,0.53227185048931,4887.624615156543
62322.966194,4.367652032260398,0.49283298276207194,4887.624615156543
62322.966194,3.764602895223763,0.3195181921876679,4887.624615156543
62322.966194,4.781844365350222,0.2450564358712148,4887.624615156543
62322.966194,10.468651660046605,1.4279032935340585,4887.624615156543
62322.966194,2.470119979202354,0.5601011027554558,4887.624615156543
62323.966551,4.454830447737272,0.3923500729182025,4888.62497215654
62323.966551,6.160980489301268,0.7399052056621329,4888.62497215654
62323.966551,5.352500715579259,0.3562647126763902,4888.62497215654
62323.966551,4.13714545862125,0.4795801071947221,4888.62497215654
62323.966551,5.525240354193681,0.51913380390779,4888.62497215654
62323.966551,5.405843997731701,1.3458847783146517,4888.62497215654
62323.966551,5.218644830639371,1.038935997789168,4888.62497215654
62323.966551,3.551223696045023,0.39632784737734744,4888.62497215654
62323.966551,4.328328410241189,0.3581168665763922,4888.62497215654
62323.966551,3.2119658849200174,1.488050204694957,4888.62497215654
62323.966551,6.172560496250093,0.959906853208403,4888.62497215654
62323.966551,5.180669803498627,0.8261283725676514,4888.62497215654
62323.966551,7.410257077317983,0.8531406944581378,4888.62497215654
62323.966551,5.400609433901244,0.4844333922828744,4888.62497215654
62323.966551,3.4364335140163003,0.6738994929626653,4888.62497215654
62323.966551,3.8310744874998583,0.25180801339135067,4888.62497215654
62323.966551,4.402615083182322,0.2317824432774765,4888.62497215654
62323.966551,4.196740965237234,0.2982626901322651,4888.62497215654
62323.966551,3.45314122397645,0.32740329778886573,4888.62497215654
62323.966551,3.8144847852707935,0.6138512631071248,4888.62497215654
62323.966551,4.5040749106916325,0.545441968114092,4888.62497215654
62323.966551,4.116162721623067,0.23226729527860934,4888.62497215654
62323.966551,3.516585807819197,0.2545451530850834,4888.62497215654
62323.966551,5.185495570944145,0.4403235499321719,4888.62497215654
62323.966551,4.806382161750761,0.5903463948761208,4888.62497215654
62323.966551,4.117171929466604,0.38809575963427567,4888.62497215654
62323.966551,4.710328456301854,0.40750456699435733,4888.62497215654
62323.966551,3.9257585287433603,0.4549808272267096,4888.62497215654
62323.966551,4.1011319310392675,0.6025118348098405,4888.62497215654
62323.966551,3.4796776282611828,0.43981336636968027,4888.62497215654
62323.966551,4.635439194404097,0.5979456298718359,4888.62497215654
62323.966551,4.693563238073319,0.33580922829159643,4888.62497215654
62323.966551,4.82219101982391,0.4043060271824913,4888.62497215654
62323.966551,5.5020613972606185,0.5106083401931065,4888.62497215654
62323.966551,4.5802519873573635,0.5766586807142468,4888.62497215654
62323.966551,4.170864479116235,0.45540512432947694,4888.62497215654
62323.966551,3.2795154492296743,0.38883247698986956,4888.62497215654
62323.966551,4.14580884110588,0.3741329800701456,4888.62497215654
62323.966551,5.184881345534942,0.8288126964465641,4888.62497215654
62323.966551,5.580618225582217,0.531473501474916,4888.62497215654
62323.966551,4.074866958520362,0.5126390058638992,4888.62497215654
62323.966551,4.660929828265267,0.4634336948211351,4888.62497215654
62323.966551,6.413522015901669,0.6394354520740115,4888.62497215654
62323.966551,5.192504795512723,0.7231710469884659,4888.62497215654
62323.966551,4.144717560849697,0.35613066866867027,4888.62497215654
62323.966551,1.8871246074833168,0.7811919354994848,4888.62497215654
62323.966551,4.459891670708145,0.6884767683079415,4888.62497215654
62323.966551,4.484261061346899,0.33760709544635364,4888.62497215654
62323.966551,4.36213991599207,0.2656242604147819,4888.62497215654
62323.966551,3.9167944170831475,1.1540367788853445,4888.62497215654
62323.966551,4.003578839949302,0.378664994998778,4888.62497215654
62323.966551,3.746232060898773,0.2911564405895586,4888.62497215654
62323.966551,4.080408553280443,0.9162045113780045,4888.62497215654
62323.966551,4.239919017249235,0.5555071524061322,4888.62497215654
62323.966551,4.751942018818488,0.5504659294698039,4888.62497215654
62323.966551,2.658731365860109,0.7037117537577159,4888.62497215654
62323.966551,5.7825994087997135,0.6185169090999953,4888.62497215654
62323.966551,5.165356634383723,0.49069288916446985,4888.62497215654
62323.970709,3.7068504214832285,0.3857449593281209,4888.629130156543
62323.970709,4.576512150725116,0.494321954859127,4888.629130156543
62323.970709,3.959770171004071,0.3476754939156663,4888.629130156543
62323.970709,3.493172222815128,1.3076094712122615,4888.629130156543
62323.970709,5.00514278725736,0.7136963132605212,4888.629130156543
62323.970709,3.830443462176984,0.2665201263858267,4888.629130156543
62323.970709,3.8670117990080612,0.3923413605334407,4888.629130156543
62323.970709,4.153690618011002,0.3461606051561095,4888.629130156543
62323.970709,2.9783033134363115,0.5475797585826242,4888.629130156543
62323.970709,4.140199448940339,0.335276297655168,4888.629130156543
62323.970709,4.975115809583251,1.0431765528821855,4888.629130156543
62323.970709,4.381649922761074,0.5251180552496665,4888.629130156543
62323.970709,3.5811607847949554,0.22393458471933644,4888.629130156543
62323.970709,3.364088998197573,0.3347505611153934,4888.629130156543
62323.970709,3.7999144550899966,0.2998054281846734,4888.629130156543
62323.970709,4.04222372962585,0.41146092201372,4888.629130156543
62323.970709,4.140396001579295,0.4165695821618389,4888.629130156543
62323.970709,3.6652493919028424,0.3354061229412385,4888.629130156543
62323.970709,3.2744487640676554,0.6102652333985453,4888.629130156543
62323.970709,4.236586183835339,0.8194157270990973,4888.629130156543
62323.970709,3.7889299060509143,0.583157847488408,4888.629130156543
62323.970709,3.431959792149361,0.5257065131665074,4888.629130156543
62323.970709,4.0906204897066125,0.6356292886688095,4888.629130156543
62323.970709,3.7299652857063474,0.49069288916446985,4888.629130156543
62323.970709,4.407458862466774,0.8491863922822015,4888.629130156543
62323.970709,3.7444884415189463,0.45891483972537106,4888.629130156543
62323.970709,4.585779612189254,0.4905691590126333,4888.629130156543
62323.970709,2.877279487594065,0.71484527045314,4888.629130156543
62323.970709,3.759166926156359,0.2324048129193899,4888.629130156543
62327.397727225085,3.8643655263898244,0.2716421032632761,4892.056148381627
62333.396588225085,4.610071139447773,0.25439151953514205,4898.055009381627
62385.015286,4.380903439288921,0.5577704136718982,4949.673707156544
62385.015286,3.7150040200526555,0.61901031580516,4949.673707156544
62385.015286,4.537511580581816,0.5162809434040042,4949.673707156544
62385.015286,3.488287075842155,0.5113354114771672,4949.673707156544
62385.015286,5.610564056975185,0.8588829983584575,4949.673707156544
62385.015286,3.2761256276354036,0.4366887818501612,4949.673707156544
62385.015286,4.116817652535496,1.0424529111310612,4949.673707156544
62385.015286,4.641701837613768,0.9450782200486434,4949.673707156544
62385.015286,4.527578169532632,0.6007548456125753,4949.673707156544
62385.015286,4.7042887551632,0.5542842417789311,4949.673707156544
62385.015286,3.9324479264101346,0.3821293639479782,4949.673707156544
62385.015286,3.9635272251155103,0.40924553060367513,4949.673707156544
62385.015286,4.577065185260092,0.5738440414817351,4949.673707156544
62385.015286,4.5067442974164535,0.5627366486204993,4949.673707156544
62385.015286,5.561744287379128,0.5388818333359826,4949.673707156544
62385.015286,5.348106514474135,0.5909448200103081,4949.673707156544
62385.015286,4.909682707509854,0.8112623093080792,4949.673707156544
62385.015286,4.563825561221813,0.6984309848546499,4949.673707156544
62385.015286,3.44730023824713,0.4215612695640407,4949.673707156544
62385.015286,3.599354734756334,0.3716401574911924,4949.673707156544
62385.015286,3.1261434979406,0.30280269821314076,4949.673707156544
62385.015286,4.354341975431336,0.6325088809415846,4949.673707156544
62385.015286,3.013563007579304,0.3269910794313504,4949.673707156544
62385.015286,3.558460291748447,0.3931889892417999,4949.673707156544
62385.015286,4.3141599024503625,0.6716146483962827,4949.673707156544
62385.015286,4.441282324227915,0.7703674732129763,4949.673707156544
62385.015286,3.5484919644958945,0.4079707076772204,4949.673707156544
62385.015286,4.830709570828922,0.9171442083127512,4949.673707156544
62385.015286,4.617227652377544,0.5202430505585414,4949.673707156544
62385.015286,4.181086108170431,0.5631693032056171,4949.673707156544
62385.015286,3.7392164439072215,0.46443788484241605,4949.673707156544
62385.015286,3.2181307939929233,0.352087106627398,4949.673707156544
62385.015286,3.9446609219801165,1.298821445632639,4949.673707156544
62385.015286,3.083549453996528,0.4789662295315957,4949.673707156544
62385.015286,4.823459540604336,0.8966359868844792,4949.673707156544
62385.015286,3.4754758731021442,0.45003538345250627,4949.673707156544
62385.015286,3.9595480141389494,0.41609980837319044,4949.673707156544
62385.015286,3.28665631243386,0.2908498102511893,4949.673707156544
62385.015286,4.197535715188076,0.4912991242766278,4949.673707156544
62385.015286,4.856637978469569,0.61194584893787,4949.673707156544
62385.015286,3.195482116596253,0.27228492874579424,4949.673707156544
62385.015286,3.915783111709949,0.44542451456927223,4949.673707156544
62385.015286,3.5268410455829433,0.32523593793929134,4949.673707156544
62385.015286,3.1992132599634178,0.503350248167051,4949.673707156544
62385.015286,6.480208434234296,1.6747399679086543,4949.673707156544
62385.015286,7.430842082063043,1.5396046999757274,4949.673707156544
62385.015286,3.1080365434863464,0.8299165858731742,4949.673707156544
62385.015286,2.977958139067583,0.26696249888293117,4949.673707156544
62385.015286,3.1053395008279634,0.32980311253705635,4949.673707156544
62385.015286,3.003666641240799,0.28631152946593114,4949.673707156544
62385.015286,3.385379548871752,0.35607418563805543,4949.673707156544
62385.015286,4.625572911201705,1.196442329815514,4949.673707156544
62385.015286,4.362369942491779,0.6300373909402974,4949.673707156544
62385.015286,5.03126422121724,0.5549435002689407,4949.673707156544
62385.015286,3.293074735606757,0.40199296082644975,4949.673707156544
62385.015286,4.439795288442492,0.4529124854442581,4949.673707156544
62385.015286,3.3157153811446953,0.7660154050552208,4949.673707156544
62385.015286,3.5312942595947576,0.47807985659870084,4949.673707156544
62387.021043,3.981097230055767,0.5242902016875224,4951.679464156543
62387.021043,3.5017401462932516,0.4467960073565124,4951.679464156543
62387.021043,4.028878306157452,0.6992597692982738,4951.679464156543
62387.021043,4.456202484776308,0.85372245178691,4951.679464156543
62387.021043,57.67128236333625,1.515695548961224,4951.679464156543
62387.021043,3.5863406605324233,0.5628378602824077,4951.679464156543
62387.021043,3.0283335670591884,0.9216762990010949,4951.679464156543
62387.021043,3.649555493954103,0.61719138302058,4951.679464156543
62387.021043,3.4205695899823385,0.7874851890458263,4951.679464156543
62387.021043,3.297502342434338,0.6950947166712654,4951.679464156543
62387.021043,4.913080664826328,0.9620466652265965,4951.679464156543
62387.021043,5.724737234546905,1.2399301053982323,4951.679464156543
62387.021043,4.237820526824349,0.7491014286922288,4951.679464156543
62387.021043,2.9110181305157985,0.6644242016806936,4951.679464156543
62387.021043,3.3899837529488472,0.4783636473326652,4951.679464156543
62387.021043,4.112666141721845,0.5074894882562396,4951.679464156543
62387.021043,3.517290449204143,0.6499619912740623,4951.679464156543
62387.021043,4.349931001490233,0.62285403911473,4951.679464156543
62387.021043,4.11249193206092,0.36835022509458515,4951.679464156543
62387.021043,4.145595242259202,0.5173897764727869,4951.679464156543
62387.021043,2.3829292298442564,0.6952246915638661,4951.679464156543
62387.021043,5.9512397075051755,1.005245450742435,4951.679464156543
62387.021043,3.228486350383622,0.3407687138545849,4951.679464156543
62387.021043,2.90032675519682,0.441737329006234,4951.679464156543
62387.021043,4.172411989430769,0.7341783266216557,4951.679464156543
62387.021043,4.006591479381287,1.1343904367215678,4951.679464156543
62387.021043,3.484988789719957,0.5058311767898007,4951.679464156543
62387.021043,5.264303474324495,1.8489316716603483,4951.679464156543
62387.021043,3.0361405387227576,0.3289335199110014,4951.679464156543
62396.36870622508,1.765034995221708,0.24762230313549446,4961.027127381625
62400.989541,4.476928237378326,0.3756064546507456,4965.647962156545
62400.989541,4.21408307016107,0.5139911387003379,4965.647962156545
62400.989541,2.7820615109980102,0.5766337558881715,4965.647962156545
62400.989541,4.695910045539512,0.6911470955061763,4965.647962156545
62400.989541,3.806177832763691,0.20390901460546237,4965.647962156545
62400.989541,3.83727569324325,0.464400310679645,4965.647962156545
62400.989541,3.144944892723549,0.31611801881422036,4965.647962156545
62400.989541,1.8298355177340602,0.8547747480352867,4965.647962156545
62400.989541,4.148754402488094,0.2022884495884157,4965.647962156545
62400.989541,4.256082856648475,0.3466361905984555,4965.647962156545
62400.989541,4.730608458661445,0.2822058248712482,4965.647962156545
62400.989541,4.160409115082022,0.5723149507007981,4965.647962156545
62400.989541,3.3783517211794956,0.7266030248281937,4965.647962156545
62400.989541,4.619553834857376,0.46407869156252574,4965.647962156545
62400.989541,4.3022976776574415,0.4783371692535543,4965.647962156545
62400.989541,4.113212160150005,0.3052833447546102,4965.647962156545
62400.989541,3.8938404326932923,0.4511249443213257,4965.647962156545
62400.989541,4.370384703802743,0.2552374400039899,4965.647962156545
62400.989541,4.2786418200832514,0.5690068548912951,4965.647962156545
62400.989541,4.265137839864179,0.4908010576156135,4965.647962156545
62400.989541,4.611724730495902,0.38756473730543234,4965.647962156545
62400.989541,4.086177427258394,0.3434545134783515,4965.647962156545
62400.989541,1.4294301541515702,1.1365422823260696,4965.647962156545
62400.989541,5.810860457809717,0.37757544800161824,4965.647962156545
62400.989541,3.3551865645377195,0.2217268278335869,4965.647962156545
62400.989541,3.9847587259657327,0.6507088261047002,4965.647962156545
62400.989541,3.6087226137205812,0.3301914755074506,4965.647962156545
62400.989541,4.105806604212023,0.3893501938711784,4965.647962156545
62400.989541,4.84361711682223,0.45931955209607744,4965.647962156545
62591.373476,3.353078859565062,0.5168413154223122,5156.031897156543
62591.373476,2.646218390073858,1.0830988946259696,5156.031897156543
62591.373476,2.7958084482888905,0.5233736317975445,5156.031897156543
62591.373476,3.425071764368589,1.4260380984231502,5156.031897156543
62591.373476,1.5606597785026217,1.906735196672121,5156.031897156543
62591.373476,2.408881211330625,0.32467914988324253,5156.031897156543
62591.373476,2.5593168829888033,1.2065564514323952,5156.031897156543
62591.373476,2.536391483726854,0.720129989257015,5156.031897156543
62591.373476,2.071941356588315,0.49132472989899395,5156.031897156543
62591.373476,2.3919649979272952,0.7983344810934163,5156.031897156543
62591.373476,3.049426244656291,0.6595522490288973,5156.031897156543
62591.373476,2.3212807111266067,0.4218744002046044,5156.031897156543
62591.373476,2.8660108211383464,0.9061986204746069,5156.031897156543
62591.373476,2.01765866976784,0.35416568055304254,5156.031897156543
62591.373476,2.1498217846013277,0.713794196228626,5156.031897156543
62591.373476,2.0700420886345015,0.33299275709624615,5156.031897156543
62591.373476,2.216379551962488,0.3911698039550741,5156.031897156543
62591.373476,2.0633624088538753,0.7427273889829351,5156.031897156543
62591.373476,2.3629066245083465,0.5649449080048173,5156.031897156543
62591.373476,2.911002787079758,0.5400288882430763,5156.031897156543
62591.373476,2.2970864898972176,0.7700348726084691,5156.031897156543
62591.373476,2.1179515570833205,0.5830678209785768,5156.031897156543
62591.373476,2.330086796544799,0.5661121244971071,5156.031897156543
62591.373476,1.3401113370189368,1.0566892031226318,5156.031897156543
62591.373476,2.639395280260256,0.6221039138167198,5156.031897156543
62591.373476,2.7943272543283215,0.7321731516785949,5156.031897156543
62591.373476,3.799671191456814,0.7771597035863447,5156.031897156543
62591.373476,3.2812653657340705,0.849563828740597,5156.031897156543
62591.373476,4.4550225741206955,0.9717135173481861,5156.031897156543
62592.344464,2.8100307663942656,0.4830496977444629,5157.002885156544
62592.344464,3.6193084165789937,0.7207916957569688,5157.002885156544
62592.344464,2.6692519762324234,0.37280554540053396,5157.002885156544
62592.344464,2.5346383550889864,0.2798750270800627,5157.002885156544
62592.344464,2.001234460298685,0.2426303671579655,5157.002885156544
62592.344464,2.335979159908282,0.6245914147937224,5157.002885156544
62592.344464,3.1119266295999655,0.5162678841037665,5157.002885156544
62592.344464,2.650915973112512,0.4837514431650174,5157.002885156544
62592.344464,2.3673497618107833,0.34834196451103183,5157.002885156544
62592.344464,2.82517631240086,0.39556607381754455,5157.002885156544
62592.344464,2.461004454585798,0.4730550685753406,5157.002885156544
62592.344464,2.4177834075038036,0.2155454945364974,5157.002885156544
62592.344464,3.0015675780600897,0.40804498551031926,5157.002885156544
62592.344464,2.20673027938299,0.21218971972462652,5157.002885156544
62592.344464,1.7668329849235216,0.9638175932842955,5157.002885156544
62592.344464,2.845602672955623,0.333813643473975,5157.002885156544
62592.344464,2.9239212662546166,0.6078599825307852,5157.002885156544
62592.344464,2.538062508793149,0.8101376582948364,5157.002885156544
62592.344464,2.376127207577142,0.6657752782680165,5157.002885156544
62592.344464,2.4688727446451306,0.456199127765162,5157.002885156544
62592.344464,2.3466552097214084,0.25403753262989476,5157.002885156544
62592.344464,2.6712463464322074,0.5106083401931065,5157.002885156544
62592.344464,2.767293198263823,0.5025691133958856,5157.002885156544
62592.344464,2.291235681833437,0.3180236197313858,5157.002885156544
62592.344464,2.6129904788810774,0.35928649019587455,5157.002885156544
62592.344464,4.18837678038915,1.2818322235718764,5157.002885156544
62592.344464,2.4527977827681364,0.3333989238600317,5157.002885156544
62592.344464,2.746452054228366,0.44440481885539895,5157.002885156544
62592.344464,2.5413885769728712,0.3297743037127476,5157.002885156544
62638.052028,3.189422407255929,0.40870533866132613,5202.710449156541
62638.052028,2.409559566183931,0.3823319648746721,5202.710449156541
62638.052028,4.06609732922882,0.6715213146681012,5202.710449156541
62638.052028,2.5418789915188893,0.44857492821028755,5202.710449156541
62638.052028,2.298132361993168,0.7921645159914439,5202.710449156541
62638.052028,2.163240796823981,0.2939773066533531,5202.710449156541
62638.052028,2.24711751417322,0.4648573746212624,5202.710449156541
62638.052028,2.60187840889859,0.4819563659944387,5202.710449156541
62638.052028,2.145151497841439,0.40725729480564715,5202.710449156541
62638.052028,4.0040304033245775,1.2771454512736247,5202.710449156541
62638.052028,2.7342602220913848,0.33979749879873256,5202.710449156541
62638.052028,2.0621541026497265,0.45420467684842947,5202.710449156541
62638.052028,2.896151079717,0.4608465452878862,5202.710449156541
62638.052028,2.3595808487166035,0.2557697347332892,5202.710449156541
62638.052028,2.66817313363893,0.4879413402532675,5202.710449156541
62638.052028,2.144847341031673,0.2278667307736268,5202.710449156541
62638.052028,3.0167366339439448,0.5029420856333157,5202.710449156541
62638.052028,3.0312775767493156,0.2831022855601659,5202.710449156541
62638.052028,2.6687563968674324,0.34830150097079204,5202.710449156541
62638.052028,2.9552889838011986,0.33319952258978053,5202.710449156541
62638.052028,2.485092801042752,0.41602142994301966,5202.710449156541
62638.052028,3.8583051477836965,0.7458802479358806,5202.710449156541
62638.052028,2.240530050414782,0.2328649065268751,5202.710449156541
62638.052028,4.066425432508177,0.952307515174678,5202.710449156541
62638.052028,2.321652637045402,0.6226371305949371,5202.710449156541
62638.052028,2.594577980797508,0.38004350497446304,5202.710449156541
62638.052028,3.2132998248074474,0.5800593029528532,5202.710449156541
62638.052028,2.696113927948634,0.6160055295386845,5202.710449156541
62638.052028,2.9354507930238096,0.5203367083139223,5202.710449156541
62638.056171,2.3954640637730686,0.4451394683012266,5202.714592156539
62638.056171,2.139846275636406,0.3106129494979647,5202.714592156539
62638.056171,4.696422897519648,1.303703827630385,5202.714592156539
62638.056171,2.4632176403478105,0.2679221751015692,5202.714592156539
62638.056171,2.9226183954028997,0.7740546509394227,5202.714592156539
62638.056171,3.604468841965824,0.6358167491386401,5202.714592156539
62638.056171,1.6675556366770135,0.34078863109688956,5202.714592156539
62638.056171,2.6656594550763435,0.36472647834749816,5202.714592156539
62638.056171,2.3717514483198348,0.2145275196178985,5202.714592156539
62638.056171,1.9526985050043957,0.5694020454182864,5202.714592156539
62638.056171,2.8324328546905693,0.41021162369324743,5202.714592156539
62638.056171,3.9012553326709893,0.7451796692541103,5202.714592156539
62638.056171,1.673277235256715,0.42453662182570356,5202.714592156539
62638.056171,3.335011473282006,0.42682129456798257,5202.714592156539
62638.056171,2.929956667579617,0.9704813227161788,5202.714592156539
62638.056171,1.9080607690373592,0.33509589818642305,5202.714592156539
62638.056171,3.287112991839369,0.4720035749570066,5202.714592156539
62638.056171,2.6584847488677235,0.4509133386103974,5202.714592156539
62638.056171,2.450694384426732,0.3788811105532594,5202.714592156539
62638.056171,2.690622514960642,0.2931426452760426,5202.714592156539
62638.056171,1.8287834524146873,0.5406425310773925,5202.714592156539
62638.056171,3.116038099337463,0.48008665950467666,5202.714592156539
62638.056171,3.586936135196481,0.5535798090146711,5202.714592156539
62638.056171,2.595829496181617,0.3397864267856203,5202.714592156539
62638.056171,2.0700420886345015,0.21960473172174216,5202.714592156539
62638.056171,2.912323792991705,0.4625731674744554,5202.714592156539
62638.056171,2.0759293819933395,0.334595331481539,5202.714592156539
62638.056171,1.8160888262827608,0.24382485511935853,5202.714592156539
62638.056171,2.678498984580357,0.6914843139023837,5202.714592156539
62675.980698,3.536234367503578,0.47773396979673993,5240.639119156542
62675.980698,1.7915522679858982,0.40082821789918277,5240.639119156542
62675.980698,2.264042671549956,0.5735888251640096,5240.639119156542
62675.980698,2.416862796254016,0.3746202716433234,5240.639119156542
62675.980698,2.8246111491887236,0.6583542300667659,5240.639119156542
62675.980698,1.775561115417728,0.33466847994894033,5240.639119156542
62675.980698,1.7269771590537133,0.32741688575249533,5240.639119156542
62675.980698,2.3222602769685445,1.2490248174841136,5240.639119156542
62675.980698,2.8462955399529486,0.514308417181017,5240.639119156542
62675.980698,1.7505121215687678,0.4095405688414508,5240.639119156542
62675.980698,2.7102485229749558,0.45240940144586655,5240.639119156542
62675.980698,2.0197247735655086,0.4802981488332602,5240.639119156542
62675.980698,2.236828036994614,0.44207384229419616,5240.639119156542
62675.980698,3.2137538931061695,0.737971643584009,5240.639119156542
62675.980698,1.8549025178165284,0.22867036143545535,5240.639119156542
62675.980698,2.110203594702722,0.34152603104309276,5240.639119156542
62675.980698,1.8782012869683944,0.40016972348043844,5240.639119156542
62675.980698,2.2920243319173146,0.7813580012418572,5240.639119156542
62675.980698,2.838196375806667,0.460474684100006,5240.639119156542
62675.980698,2.762382096973082,0.49929977722800506,5240.639119156542
62675.980698,1.821680885197018,0.22374120155020555,5240.639119156542
62675.980698,3.412885575825087,0.45718176162754515,5240.639119156542
62675.980698,1.8653614546902244,0.2357620613799554,5240.639119156542
62675.980698,1.9949690203606145,0.2782613978400109,5240.639119156542
62675.980698,1.878691333824234,0.2799212488425224,5240.639119156542
62675.980698,2.216331824783325,0.9359510883873267,5240.639119156542
62675.980698,1.720873284306253,0.37477863146052975,5240.639119156542
62675.980698,3.8157421210451834,0.6182439244137027,5240.639119156542
62675.980698,2.5163709050605263,0.610624001907304,5240.639119156542
62682.977568,3.587838982261151,0.6717322131256418,5247.635989156544
62682.977568,3.949748385602211,1.0869388106103388,5247.635989156544
62682.977568,2.780268583852398,0.41972289455120226,5247.635989156544
62682.977568,1.967434148471507,0.7659102523596389,5247.635989156544
62682.977568,1.9117318384099553,0.33218090965919717,5247.635989156544
62682.977568,1.878522124444637,0.4733786155763848,5247.635989156544
62682.977568,2.4564274538627355,0.5917524713509459,5247.635989156544
62682.977568,2.1028207499114075,0.7412097604807221,5247.635989156544
62682.977568,2.414005509714933,0.8404008798687014,5247.635989156544
62682.977568,1.889140475954679,0.5379430292695611,5247.635989156544
62682.977568,2.3107775028393873,0.7034793382974741,5247.635989156544
62682.977568,2.2801620261413427,0.6822605581001575,5247.635989156544
62682.977568,1.6190908646550224,0.9119895492646103,5247.635989156544
62682.977568,1.6401553684685826,0.5043490427431165,5247.635989156544
62682.977568,3.127603983551485,1.8309657111837163,5247.635989156544
62682.977568,5.5306285267684805,1.3890846897554305,5247.635989156544
62682.977568,1.762548299661315,0.32962978495134787,5247.635989156544
62682.977568,1.8360612619537284,0.6001296019995784,5247.635989156544
62682.977568,2.5645364429938495,1.1863673801176724,5247.635989156544
62682.977568,2.149636033991388,0.5458394176043398,5247.635989156544
62682.977568,2.379474767915163,0.6828231832117475,5247.635989156544
62682.977568,2.433846057794256,0.9582239632455637,5247.635989156544
62682.977568,2.8856549258184567,0.609543342917506,5247.635989156544
62682.977568,2.6784847399139764,0.685837782397593,5247.635989156544
62682.977568,1.546892358364493,0.49943821049851445,5247.635989156544
62682.977568,2.205790523687247,0.3462521978088135,5247.635989156544
62682.977568,1.6438523191798644,0.41842484288095355,5247.635989156544
62682.977568,3.26174923584298,0.6428573803950107,5247.635989156544
62682.977568,3.4499078608623988,0.9281646513807784,5247.635989156544
62695.997925,3.276356871064453,1.0378952644276984,5260.656346156546
62695.997925,2.2493301252947893,0.5758461871060715,5260.656346156546
62695.997925,2.2510068323689283,0.5801707847950397,5260.656346156546
62695.997925,2.1451928966889513,0.47297196584437934,5260.656346156546
62695.997925,2.329942004194309,0.6917279158893719,5260.656346156546
62695.997925,2.3236180644249997,0.6404994409966137,5260.656346156546
62695.997925,2.6621287395631326,1.1131360625259132,5260.656346156546
62695.997925,1.0676636666929036,0.7745812104100287,5260.656346156546
62695.997925,4.1696500784483534,0.994327259733096,5260.656346156546
62695.997925,2.3330783612611667,0.5116061584413382,5260.656346156546
62695.997925,1.8601858246156153,0.29208746901821564,5260.656346156546
62695.997925,1.8075447506553393,0.2982186252093158,5260.656346156546
62695.997925,1.9274894824193038,0.5418996936465698,5260.656346156546
62695.997925,2.2046335996725244,0.8890251781297818,5260.656346156546
62695.997925,2.230468185919384,0.4340535422432363,5260.656346156546
62695.997925,2.7748898197188927,0.4252809508224912,5260.656346156546
62695.997925,2.390787912943198,0.8362141001229783,5260.656346156546
62695.997925,1.8802785836009852,0.49366806429249804,5260.656346156546
62695.997925,2.791779942195202,0.46360795333407506,5260.656346156546
62695.997925,3.031305867565187,0.6732200035815897,5260.656346156546
62695.997925,2.1803823307396284,0.37402827003942674,5260.656346156546
62695.997925,3.19527209423405,0.6630550486799207,5260.656346156546
62695.997925,3.216237055663716,0.6891553794100701,5260.656346156546
62695.997925,2.7158692147407293,1.3484965195794103,5260.656346156546
62695.997925,3.4719687038523723,0.7820914548742796,5260.656346156546
62695.997925,4.103233750304241,1.8028450773942053,5260.656346156546
62695.997925,2.2894046809847612,0.3459535758184652,5260.656346156546
62695.997925,1.0889184990891947,0.6153297491843986,5260.656346156546
62695.997925,2.5691305013206227,0.46869251134885737,5260.656346156546
62711.074484,1.7507154300619128,0.309043257703302,5275.732905156539
62711.074484,0.27907522966556586,0.5231794173619132,5275.732905156539
62711.074484,1.834057472867282,0.3101022799604879,5275.732905156539
62711.074484,2.9946095431274347,0.5071159607468543,5275.732905156539
62711.074484,2.0016868449828613,0.6638315242863029,5275.732905156539
62711.074484,2.86368765832817,0.9467558573024651,5275.732905156539
62711.074484,2.3785015445475666,1.71223414629467,5275.732905156539
62711.074484,3.1016567432958757,1.315177872419991,5275.732905156539
62711.074484,1.9713722612638584,0.32878281137344,5275.732905156539
62711.074484,1.6753343392921192,0.5536424305220667,5275.732905156539
62711.074484,1.5554407231141467,0.4566963867502462,5275.732905156539
62711.074484,0.9205272881548158,0.6434749310282148,5275.732905156539
62711.074484,2.6441023708755744,0.7057433644724572,5275.732905156539
62711.074484,1.5504328203770588,0.7212115423918911,5275.732905156539
62711.074484,2.0463841585866316,0.7860618026903073,5275.732905156539
62711.074484,4.13016342237928,1.0884216739263148,5275.732905156539
62711.074484,3.099649513503989,0.8339104096742963,5275.732905156539
62711.074484,1.578714490300404,0.37214270130870547,5275.732905156539
62711.074484,3.0121540031726273,0.6615589858444516,5275.732905156539
62711.074484,1.8217587054287956,0.5588433470178331,5275.732905156539
62711.074484,1.6910849304084945,0.44526303647096344,5275.732905156539
62711.074484,1.9577555213294875,0.4907981028877179,5275.732905156539
62711.074484,2.839795314409389,0.5999781796721677,5275.732905156539
62711.074484,0.9055030736381547,0.6485172145083276,5275.732905156539
62711.074484,0.44035152199899913,0.9725863274628047,5275.732905156539
62711.074484,1.2884130915823113,0.48600514082903346,5275.732905156539
62711.074484,3.010059068534208,0.6720059007798196,5275.732905156539
62711.074484,0.9227506875566119,0.8723726524724019,5275.732905156539
62711.074484,2.3212807111266067,0.3677281745939837,5275.732905156539
62711.082764,2.3625179028168146,0.41362696186656284,5275.741185156541
62711.082764,1.6310776972647885,0.8270793079504928,5275.741185156541
62711.082764,1.9785636417634103,1.5966270962711246,5275.741185156541
62711.082764,0.8325290230819342,0.7310096194849249,5275.741185156541
62711.082764,2.9003754456632613,1.0582701198348041,5275.741185156541
62711.082764,2.843423458991245,0.7026619965245178,5275.741185156541
62711.082764,1.9370832496045065,0.6771180393333307,5275.741185156541
62711.082764,2.19015680577593,0.5028575563983759,5275.741185156541
62711.082764,3.9866777797332102,0.849486322498673,5275.741185156541
62711.082764,1.9459841134048548,0.5492919416406521,5275.741185156541
62711.082764,2.1671645299474944,0.6785957744398162,5275.741185156541
62711.082764,2.142843622263086,0.6514554133591912,5275.741185156541
62711.082764,0.3201979046200031,1.2388478807456846,5275.741185156541
62711.082764,2.3189936387218246,0.6474694796736126,5275.741185156541
62711.082764,2.1195350060204454,0.904706135511104,5275.741185156541
62711.082764,0.9832104210166808,0.4079749989339862,5275.741185156541
62711.082764,2.4764962307130642,0.5229806791220059,5275.741185156541
62711.082764,1.5345444504571006,0.43177280751763913,5275.741185156541
62711.082764,0.9456823737149462,0.7910845618129292,5275.741185156541
62711.082764,1.6727502709155935,0.3101189369766734,5275.741185156541
62711.082764,2.2846846346711596,0.5239526936729942,5275.741185156541
62711.082764,2.5651429132972314,0.649059815387022,5275.741185156541
62711.082764,1.91381770452009,0.27613542268765395,5275.741185156541
62711.082764,1.9365821778054273,0.4277015391860182,5275.741185156541
62711.082764,1.4029741111926104,0.2677743463199801,5275.741185156541
62711.082764,2.402894860230276,0.4463131420297595,5275.741185156541
62711.082764,2.316841402115735,0.5098351608811462,5275.741185156541
62711.082764,2.376597056044515,0.9984279931683382,5275.741185156541
62711.082764,1.2358838119874553,0.3582580588370311,5275.741185156541
62763.977026,2.0506143294352883,0.3784965484518673,5328.635447156543
62763.977026,1.5547163428184976,0.22661107836485891,5328.635447156543
62763.977026,1.6630045381465615,0.3572598051100292,5328.635447156543
62763.977026,1.4726735373822561,0.2033615754271686,5328.635447156543
62763.977026,1.9569639586090926,0.3810514552957443,5328.635447156543
62763.977026,3.0606964245400916,0.5877804326840428,5328.635447156543
62763.977026,3.3047028431526924,0.6040196573741851,5328.635447156543
62763.977026,1.4124456646248484,0.18658960261508467,5328.635447156543
62763.977026,1.5827952338378117,0.48325267993577536,5328.635447156543
62763.977026,1.2934440567478263,0.3637633132642814,5328.635447156543
62763.977026,2.045949508431856,0.4723448785856243,5328.635447156543
62763.977026,2.833029694024942,0.7657230910819288,5328.635447156543
62763.977026,1.843054636223563,0.29975072135234826,5328.635447156543
62763.977026,1.7255857327165798,0.3375033050586271,5328.635447156543
62763.977026,1.6430683003875475,0.39591731555637905,5328.635447156543
62763.977026,1.5100264123779876,0.5381514899965107,5328.635447156543
62763.977026,1.4896896474547674,0.2658018932448698,5328.635447156543
62763.977026,1.061208331679724,0.180835697626626,5328.635447156543
62763.977026,1.3077338751408358,0.2782177339061524,5328.635447156543
62763.977026,1.9016494954751193,0.2545275604209374,5328.635447156543
62763.977026,1.568504504920046,0.46029999673740957,5328.635447156543
62763.977026,2.3410028462827928,0.21048896975784345,5328.635447156543
62763.977026,2.3352642489867725,0.3911748477439218,5328.635447156543
62763.977026,1.8947489445288102,0.3579272041599752,5328.635447156543
62763.977026,1.524209003884625,0.3483081800428821,5328.635447156543
62763.977026,1.917635601886136,1.0178107174370232,5328.635447156543
62763.977026,1.776715936663288,0.31626112936030526,5328.635447156543
62763.977026,1.6742203426306685,0.30813157192398033,5328.635447156543
62763.977026,1.991347565656922,0.2959833883418019,5328.635447156543
62763.985297,1.2598819594693622,0.21409775860643612,5328.643718156542
62763.985297,2.078311581272793,0.3602519307809678,5328.643718156542
62763.985297,2.622085590701861,0.3875556510030374,5328.643718156542
62763.985297,3.1410405124609326,0.5943583112272696,5328.643718156542
62763.985297,1.5746745438008671,0.26606785283296985,5328.643718156542
62763.985297,3.2426072830275063,0.46815809883990156,5328.643718156542
62763.985297,3.1490211522805316,0.38602387888925627,5328.643718156542
62763.985297,1.0349366063970846,0.1792829756816441,5328.643718156542
62763.985297,1.8047579508944067,0.33951242571332935,5328.643718156542
62763.985297,2.240317892211886,0.36726609753549305,5328.643718156542
62763.985297,2.200715546391282,0.3619815456515469,5328.643718156542
62763.985297,2.5780998183244983,0.6326883481497197,5328.643718156542
62763.985297,1.6952060616311395,0.25217452137155827,5328.643718156542
62763.985297,1.5294117155484264,0.1981356905960738,5328.643718156542
62763.985297,1.970985422973055,0.7929838023941815,5328.643718156542
62763.985297,1.339178097042032,0.34605780414885057,5328.643718156542
62763.985297,1.2425241941649778,0.27637631399075935,5328.643718156542
62763.985297,1.6257252247799865,0.42896050587830664,5328.643718156542
62763.985297,1.6530798423082045,0.2917811826779986,5328.643718156542
62763.985297,1.2187987691309143,0.27947333632326404,5328.643718156542
62763.985297,2.3661037455724845,0.233079779118566,5328.643718156542
62763.985297,2.126755665317952,0.5674588718510962,5328.643718156542
62763.985297,1.3541209065426236,0.17382229794680992,5328.643718156542
62763.985297,2.423807010097334,1.0670218265686675,5328.643718156542
62763.985297,0.608336032944396,0.2737779440549184,5328.643718156542
62763.985297,2.1618849679802485,0.3263617569162924,5328.643718156542
62763.985297,1.9102887855298252,0.5104106817834058,5328.643718156542
62763.985297,1.735556288257455,0.3105828050982637,5328.643718156542
62763.985297,2.2523172826141242,0.4391326547206464,5328.643718156542
62919.355577,0.680235352355908,0.8474508218941991,5484.013998156544
62919.355577,1.641137504767501,0.6737656228011509,5484.013998156544
62919.355577,2.993267846716038,0.7619696027125752,5484.013998156544
62919.355577,0.8236390344503144,1.115379489132469,5484.013998156544
62919.355577,1.7314095778188514,0.45952574913914196,5484.013998156544
62919.355577,2.6292438625040395,2.048119494336051,5484.013998156544
62919.355577,1.71882851008994,0.8445410696179751,5484.013998156544
62919.355577,0.4328164239191098,0.3394875365926378,5484.013998156544
62919.355577,0.006144196785726092,0.5238271369499422,5484.013998156544
62919.355577,1.4012110268599671,0.6369075209974105,5484.013998156544
62919.355577,0.7540767951049738,0.9868738612572735,5484.013998156544
62919.355577,0.7132887005045424,0.33045489079603213,5484.013998156544
62919.355577,2.062268431371754,1.1440810180540717,5484.013998156544
62919.355577,1.054183552481593,0.40745426117493916,5484.013998156544
62919.355577,2.8475081606996717,1.5247824527319747,5484.013998156544
62919.355577,1.219579745456311,0.5241763600443607,5484.013998156544
62919.355577,1.25191802454871,0.7648569112402356,5484.013998156544
62919.355577,1.1921610112797547,0.606209776885215,5484.013998156544
62919.355577,-0.15613895988217658,0.7105110744038808,5484.013998156544
62919.355577,0.831593312054917,0.6513588004391299,5484.013998156544
62919.355577,2.5172564171994374,0.7208030741290294,5484.013998156544
62919.355577,0.7006042481487814,0.5291437780035608,5484.013998156544
62919.355577,0.10804984660292796,0.7202664871501857,5484.013998156544
62919.355577,0.39459679952891935,0.5356202018087358,5484.013998156544
62919.355577,0.8593361165485638,0.5637805902591837,5484.013998156544
62919.355577,3.000221575605639,1.2465937609637445,5484.013998156544
62919.355577,-0.5190240103340765,0.9245170911236752,5484.013998156544
62919.355577,0.6126422051792523,0.3767116408243366,5484.013998156544
62919.355577,-0.195573515067445,0.48677516761814643,5484.013998156544
62933.3052,0.2146497387802349,0.35123000375761565,5497.963621156545
62933.3052,0.843885565049068,0.39615296339531486,5497.963621156545
62933.3052,5.100446103490447,0.9264186576211124,5497.963621156545
62933.3052,1.4036529065111853,1.1873156488904644,5497.963621156545
62933.3052,2.2860966454062353,0.3283774666071035,5497.963621156545
62933.3052,0.8256834175182205,0.31106598159189564,5497.963621156545
62933.3052,1.2500261747106294,0.41195546639114033,5497.963621156545
62933.3052,0.8159810640223664,0.641408102460211,5497.963621156545
62933.3052,1.4663593669040305,0.960788625360712,5497.963621156545
62933.3052,2.7837380508352303,0.49962735752037596,5497.963621156545
62933.3052,1.792886982617488,0.383866388323697,5497.963621156545
62933.3052,1.6890909177059823,0.244665358598241,5497.963621156545
62933.3052,1.9601226172707313,0.46437790412961927,5497.963621156545
62933.3052,2.2464490305821014,0.6009361897704963,5497.963621156545
62933.3052,1.0867524669213233,0.2903775845310673,5497.963621156545
62933.3052,-0.3085869349940973,0.768672092622777,5497.963621156545
62933.3052,3.7475813052758733,0.493978044882354,5497.963621156545
62933.3052,1.699887277435952,0.6231004229083519,5497.963621156545
62933.3052,1.2371654522492375,0.48321291510454956,5497.963621156545
62933.3052,2.6679856041354473,0.3942798848748805,5497.963621156545
62933.3052,0.9116066771760382,0.38881494613544987,5497.963621156545
62933.3052,2.4209384817307122,0.476444579631551,5497.963621156545
62933.3052,0.7937116972110815,0.27252404943093866,5497.963621156545
62933.3052,1.6596927227054463,0.2156884417535653,5497.963621156545
62933.3052,0.780648859685945,0.5923268079606104,5497.963621156545
62933.3052,1.9317770824703377,0.30680124688630034,5497.963621156545
62933.3052,2.8435342727372173,0.3118291245408733,5497.963621156545
62933.3052,2.0589554907989562,0.3067800515013146,5497.963621156545
62933.3052,1.4670859844403759,0.46703392355981316,5497.963621156545
62933.3052,1.0743968068017233,0.27947333632326404,5497.963621156545
62933.3052,4.640111957234907,0.7487608707098613,5497.963621156545
62933.3052,3.3712090836852195,0.37611019683694064,5497.963621156545
62933.3052,3.0125494638288606,0.3712158223946885,5497.963621156545
62933.3052,0.9131594908397411,0.16872895900000756,5497.963621156545
62933.3052,0.15137181298353516,0.32441044224935595,5497.963621156545
62933.3052,1.0767322971335422,0.26136625222066034,5497.963621156545
62933.3052,1.2428700326964994,0.44425639994355953,5497.963621156545
62933.3052,2.6968823233468053,0.36071327517481144,5497.963621156545
62933.3052,4.673089111135258,0.5946281897063382,5497.963621156545
62933.3052,0.33133549428799086,0.21541018663032258,5497.963621156545
62933.3052,1.9488923415991932,0.4643519354346991,5497.963621156545
62933.3052,0.9877149885944015,0.4715354976305476,5497.963621156545
62933.3052,2.511959592657914,0.3725863388013394,5497.963621156545
62933.3052,0.30310728518965296,0.5781562212502525,5497.963621156545
62933.3052,1.7089901480593241,0.22866806243473659,5497.963621156545
62933.3052,1.1217160936232333,0.22841680133674963,5497.963621156545
62933.3052,-0.2233990443782404,0.48121533180366083,5497.963621156545
62933.3052,2.2730266064027456,0.2744065320718216,5497.963621156545
62933.3052,1.4495952767520397,0.34639590005362664,5497.963621156545
62933.3052,2.239018406738008,0.7513174134277922,5497.963621156545
62933.3052,1.3696489507121041,0.18932634188080014,5497.963621156545
62933.3052,2.7642749956814754,0.37983317850888826,5497.963621156545
62933.3052,1.52202929661601,0.26240105886820775,5497.963621156545
62933.3052,0.6355392328720649,0.3253939998683657,5497.963621156545
62933.3052,1.5096567891298092,0.4704087826148539,5497.963621156545
62933.3052,1.3021819630552212,0.38643975819556997,5497.963621156545
62933.3052,0.7231323416081102,0.24143587919657242,5497.963621156545
62933.3052,1.7102915961646483,0.17918548593725753,5497.963621156545
62964.165241,0.7447720088100751,0.6020135576970953,5528.823662156545
62964.165241,0.20730668218182477,0.5952980081620157,5528.823662156545
62964.165241,0.1946556209192703,0.34567608212956985,5528.823662156545
62964.165241,0.032481109380333384,0.26236725770888303,5528.823662156545
62964.165241,-0.0038258667268344536,0.3200390387532001,5528.823662156545
62964.165241,2.7931149991410047,0.769111773219503,5528.823662156545
62964.165241,1.0029849205124897,0.36464597420393347,5528.823662156545
62964.165241,1.02741681158143,0.48802702410208226,5528.823662156545
62964.165241,1.0040901650552179,0.6645722805067191,5528.823662156545
62964.165241,1.2768415915349849,0.48250993893925503,5528.823662156545
62964.165241,0.8766871857994224,0.49403600419880506,5528.823662156545
62964.165241,-0.04067774661392508,0.3742471886456715,5528.823662156545
62964.165241,0.15054344466488587,0.48715874921030244,5528.823662156545
62964.165241,-0.11549057806751505,0.24346895097673352,5528.823662156545
62964.165241,1.5768580437890742,0.3544135734856011,5528.823662156545
62964.165241,1.8018361572135695,0.46544173335742994,5528.823662156545
62964.165241,2.221178173461059,0.9856261623340968,5528.823662156545
62964.165241,1.1921200066071156,0.47204350209965235,5528.823662156545
62964.165241,0.2274198376299902,0.1872359879483623,5528.823662156545
62964.165241,0.26922691627874673,0.24755762999871186,5528.823662156545
62964.165241,2.4782536883821207,0.5738681032826755,5528.823662156545
62964.165241,0.6325018181566664,0.22318277158172925,5528.823662156545
62964.165241,0.9920035931880006,0.3097926215651575,5528.823662156545
62964.165241,1.1275692460609221,0.41648781132625307,5528.823662156545
62964.165241,0.7258091346450734,0.40849365574919777,5528.823662156545
62964.165241,0.779919009831234,0.29483438334913564,5528.823662156545
62964.165241,0.5378822712253453,0.30735933056673914,5528.823662156545
62964.165241,0.5905015500438344,0.4624526077899617,5528.823662156545
62964.165241,1.0270270719349572,0.35861854142674365,5528.823662156545
62964.165241,1.5040799870741588,0.6383912308324833,5528.823662156545
62964.165241,0.3022160725912385,0.7954534552630567,5528.823662156545
62964.165241,0.6456818100275492,0.3518739789023406,5528.823662156545
62964.165241,0.03257637864005668,0.17134698041275725,5528.823662156545
62964.165241,1.9740143908966388,0.7348276182613769,5528.823662156545
62964.165241,0.912985456135247,0.3753914161139531,5528.823662156545
62964.165241,0.09589973754379415,0.2164926498797212,5528.823662156545
62964.165241,0.2432848342156996,0.21479198106464772,5528.823662156545
62964.165241,2.3738147722493146,0.9232941427556112,5528.823662156545
62964.165241,0.3185875320847744,0.28776388114253704,5528.823662156545
62964.165241,0.3490127036681528,0.39981678383960406,5528.823662156545
62964.165241,0.2815014268472067,0.3060511215882898,5528.823662156545
62964.165241,1.06492619293635,0.4460659983140018,5528.823662156545
62964.165241,0.7684124007925562,0.2886475829083384,5528.823662156545
62964.165241,2.91045020039915,1.2255909559928546,5528.823662156545
62964.165241,1.059635567634235,0.3363781528988709,5528.823662156545
62964.165241,0.9558643091818734,0.5777756049097321,5528.823662156545
62964.165241,0.49938661836875164,0.4981272146663768,5528.823662156545
62964.165241,0.8960303450284115,0.3420140920135754,5528.823662156545
62964.165241,1.3760191684699483,0.32831420243128673,5528.823662156545
62964.165241,0.2772916818932975,0.376292278085556,5528.823662156545
62964.165241,0.15084154971146266,0.22759169549206526,5528.823662156545
62964.165241,0.010655756653653706,0.16372256647153913,5528.823662156545
62964.165241,0.6951421159255055,0.4380894079388022,5528.823662156545
62964.165241,0.9520217039366228,0.2523862548067989,5528.823662156545
62964.165241,1.106587111662263,0.3375030957735213,5528.823662156545
62964.165241,0.961329373013218,0.25538239689590275,5528.823662156545
62964.165241,1.215408027509281,0.2559348960503107,5528.823662156545
62964.165241,0.7474140828394505,0.46766924236765167,5528.823662156545
62992.166661,0.2650346202623257,0.2007969327634414,5556.825082156545
62992.166661,0.45444813112120536,0.3048961467464684,5556.825082156545
62992.166661,1.1765723095143228,0.40437624542792405,5556.825082156545
62992.166661,1.0138483903790985,0.5123214305074208,5556.825082156545
62992.166661,0.5809271416536302,0.2835920005697596,5556.825082156545
62992.166661,0.5311321303199692,1.106859391103808,5556.825082156545
62992.166661,0.48952910472600325,0.3258111716630688,5556.825082156545
62992.166661,0.7025868050509414,0.5929435517246485,5556.825082156545
62992.166661,0.43152648644930913,0.3808136096233377,5556.825082156545
62992.166661,-1.328772232978899,0.8256966559688843,5556.825082156545
62992.166661,0.25195976522929364,0.23826732142749898,5556.825082156545
62992.166661,0.1570306922504317,0.3912156557414063,5556.825082156545
62992.166661,0.6706627863781124,0.3293743269801351,5556.825082156545
62992.166661,0.4647671183635209,0.2887330393237596,5556.825082156545
62992.166661,0.8135847697416934,0.5255872122276697,5556.825082156545
62992.166661,1.6474441999071592,0.5237280845558574,5556.825082156545
62992.166661,-0.3033279377496769,0.4229322147454015,5556.825082156545
62992.166661,0.45287944034293015,0.20799021627756673,5556.825082156545
62992.166661,1.1497861502310345,0.3746436244483874,5556.825082156545
62992.166661,1.0830221766407722,0.43490680836294154,5556.825082156545
62992.166661,0.42792032929719337,0.3379005918503055,5556.825082156545
62992.166661,1.2219891672271095,0.4231148264169234,5556.825082156545
62992.166661,0.9910139257605488,0.6446320972362164,5556.825082156545
62992.166661,-0.025808164529192167,0.6588856000652941,5556.825082156545
62992.166661,0.7829541689440711,0.2303903970518133,5556.825082156545
62992.166661,1.048428007910978,0.4365790939108184,5556.825082156545
62992.166661,0.1917012070311094,0.3451919754393949,5556.825082156545
62992.166661,1.226154190189573,0.39705507653350824,5556.825082156545
62992.166661,0.2993606017546233,0.19651270867562626,5556.825082156545
62994.183144,0.3109268719187676,0.49251235648868485,5558.841565156545
62994.183144,0.2528027068095926,0.22889375560194528,5558.841565156545
62994.183144,0.4002853754943571,0.4585914852004394,5558.841565156545
62994.183144,0.3406158939888343,0.19967561441358245,5558.841565156545
62994.183144,0.3340101977079425,0.3885649043694464,5558.841565156545
62994.183144,0.7648624892300052,0.32435107038160815,5558.841565156545
62994.183144,-0.02916139098732429,0.2411813821931592,5558.841565156545
62994.183144,0.03470267803155244,0.33390176827811274,5558.841565156545
62994.183144,0.645661991657874,0.5937614912115825,5558.841565156545
62994.183144,0.9544637878184051,0.9147483129222416,5558.841565156545
62994.183144,0.4904922291605492,0.44982508805586835,5558.841565156545
62994.183144,0.5742583352004001,0.6559084604531765,5558.841565156545
62994.183144,0.31056373488246264,0.45151176374458507,5558.841565156545
62994.183144,0.8049362350323267,0.3454392476281051,5558.841565156545
62994.183144,0.45444813112120536,0.30108494491213755,5558.841565156545
62994.183144,0.9954211013023914,0.42599751866612207,5558.841565156545
62994.183144,0.2026620014814571,0.3250515696055798,5558.841565156545
62994.183144,1.7397525092219108,0.5842964221041648,5558.841565156545
62994.183144,1.3158548750510908,0.36602726275688763,5558.841565156545
62994.183144,-0.17132293373785445,0.31864322986144183,5558.841565156545
62994.183144,-0.24609551038708272,0.45962495073443915,5558.841565156545
62994.183144,-0.12329907045942404,0.20417963041781204,5558.841565156545
62994.183144,0.8166650990479728,0.5028863918765651,5558.841565156545
62994.183144,1.2320432334432552,0.3928398883104847,5558.841565156545
62994.183144,0.1456285991830493,0.5087337454198338,5558.841565156545
62994.183144,0.9638047737548517,0.6923338032315017,5558.841565156545
62994.183144,0.6502779869842715,0.27216546515537166,5558.841565156545
62994.183144,1.1474426875400852,1.2318399857238562,5558.841565156545
62994.183144,0.9167986166594918,0.7696060609914951,5558.841565156545
63022.155525,3.2377431325604022,7.180916289638184,5586.813946156544
63022.155525,-1.5159522405188315,2.199352964706132,5586.813946156544
63022.155525,-2.95755972786689,2.7793848389524873,5586.813946156544
63022.155525,0.22403291335559078,1.89773697442311,5586.813946156544
63022.155525,4.0725449914573355,3.420310703280975,5586.813946156544
63022.155525,0.0181258044939909,2.9673926369036434,5586.813946156544
63022.155525,1.6044030127635056,1.269975412609803,5586.813946156544
63022.155525,0.5061303074312662,4.07781484833318,5586.813946156544
63022.155525,4.095266045827395,1.8402743231484648,5586.813946156544
63022.155525,1.7955039563695343,3.593779487192155,5586.813946156544
63022.155525,5.738213984603326,2.9535661402900737,5586.813946156544
63022.155525,0.9329258744376229,2.7054800316623844,5586.813946156544
63022.155525,-7.118341522116557,5.380658619453874,5586.813946156544
63022.155525,1.1487101300224365,1.523803879022071,5586.813946156544
63022.155525,-3.1962463569616215,2.632841661316678,5586.813946156544
63022.155525,-0.9335307726181247,2.102020762046243,5586.813946156544
63022.155525,1.534288650848281,2.0311588442631052,5586.813946156544
63022.155525,3.501443541356802,2.728078759798069,5586.813946156544
63022.155525,0.8739286719632066,3.269816188826774,5586.813946156544
63022.155525,3.257745504813455,4.458969991139549,5586.813946156544
63022.155525,-1.1671448572964072,1.3248364601800786,5586.813946156544
63022.155525,-2.5282928687807407,2.273173230812577,5586.813946156544
63022.155525,3.6360473662736292,2.0756382645449407,5586.813946156544
63022.155525,-0.20126984113104465,3.9530985930525095,5586.813946156544
63022.155525,0.5870674369584116,1.2861016481917187,5586.813946156544
63022.155525,0.5840519637114474,2.3751467352672915,5586.813946156544
63022.155525,1.7995938321921991,2.755880883179713,5586.813946156544
63022.155525,-3.015216599093104,1.5144545214474496,5586.813946156544
63022.159336,-2.441136529961315,1.0360376788961074,5586.817757156539
63022.159336,-0.7994369350291821,0.5375858245972761,5586.817757156539
63022.159336,-1.301822812778306,0.6429076906464375,5586.817757156539
63022.159336,0.32961448272637794,0.3501199134276728,5586.817757156539
63022.159336,0.287130009864036,0.8680835032657108,5586.817757156539
63022.159336,2.351020848205212,1.1960809753987174,5586.817757156539
63022.159336,-2.502082995456141,0.9823081769813151,5586.817757156539
63022.159336,-1.2979852350538386,0.6605493045829851,5586.817757156539
63022.159336,0.755109609162862,0.5339917236768009,5586.817757156539
63022.159336,0.3915198038887489,0.6751127682094629,5586.817757156539
63022.159336,0.7369347983348097,0.6315104458806633,5586.817757156539
63022.159336,0.8038458824707435,0.805592375668772,5586.817757156539
63022.159336,-0.9392842921318844,0.5562985882364945,5586.817757156539
63022.159336,0.26267091537364234,0.8396536438851797,5586.817757156539
63022.159336,-0.6505288139939096,0.40269175398463564,5586.817757156539
63022.159336,-0.23542517366627885,0.5219194130878043,5586.817757156539
63022.159336,0.9011144520066947,0.5684994178467669,5586.817757156539
63022.159336,0.2091059304401745,0.45099375732068364,5586.817757156539
63022.159336,-1.0984126297517642,1.3533599197140098,5586.817757156539
63022.159336,-0.5779336352068383,0.34679416352607834,5586.817757156539
63022.159336,-0.0925216297953708,0.7001714923381072,5586.817757156539
63022.159336,-1.5231650515796211,0.7915139081389062,5586.817757156539
63022.159336,-0.8202449505071793,0.8532837955827395,5586.817757156539
63022.159336,-2.831746116661072,1.6065645866687315,5586.817757156539
63022.159336,-3.084786642533599,1.069546013940501,5586.817757156539
63022.159336,-1.525494465491037,1.257314498691046,5586.817757156539
63022.159336,4.951383310544548,2.1324813957045845,5586.817757156539
63022.159336,0.27094611227971305,0.9508836065956251,5586.817757156539
63022.159336,0.6486739356984872,0.8446770769058738,5586.817757156539
63022.163127,-1.6581440405691135,2.1606761086126696,5586.821548156542
63022.163127,0.5526704588776069,1.1605926170953997,5586.821548156542
63022.163127,1.1587382260769838,1.5447063128337497,5586.821548156542
63022.163127,-0.41288345286133266,1.4895304184910092,5586.821548156542
63022.163127,-0.16929526771445752,1.924623689760745,5586.821548156542
63022.163127,-0.7098398050452165,0.9828567483203458,5586.821548156542
63022.163127,2.1754163929310453,1.581287376038074,5586.821548156542
63022.163127,0.5316117066967692,1.2814656508909912,5586.821548156542
63022.163127,-2.7480462210235634,3.8009723338822368,5586.821548156542
63022.163127,0.1321237087899215,0.8681325311477663,5586.821548156542
63022.163127,2.4018556025569264,1.1519424159781464,5586.821548156542
63022.163127,0.7925726255968186,1.2069355530943313,5586.821548156542
63022.163127,1.3166774242009942,2.5539849178825014,5586.821548156542
63022.163127,-0.9689280147427158,0.9730781988259299,5586.821548156542
63022.163127,-0.7402727625475005,0.6637976520484589,5586.821548156542
63022.163127,0.25753603634744454,1.050833039099113,5586.821548156542
63022.163127,0.558212384255552,1.6840593801133286,5586.821548156542
63022.163127,4.401393731741393,2.028685094972907,5586.821548156542
63022.163127,-0.62377920323569,1.4943816439991304,5586.821548156542
63022.163127,0.2656818498183889,1.5529132232169625,5586.821548156542
63022.163127,6.25758082842854,3.0047361801949126,5586.821548156542
63022.163127,2.087576428780086,1.0674770481129994,5586.821548156542
63022.163127,0.6817829712807894,0.6469070994218419,5586.821548156542
63022.163127,2.110192975043834,2.134991435744437,5586.821548156542
63022.163127,0.27907522966556586,1.0887907959620964,5586.821548156542
63022.163127,-0.1714253427221909,1.5903952706751239,5586.821548156542
63022.163127,0.23856589779322693,1.4897041377720661,5586.821548156542
63022.163127,2.2998564506469505,0.7505863727403644,5586.821548156542
63022.163127,0.3788071162050843,0.8145656916715655,5586.821548156542
63022.166927,-0.31408321816592777,0.5853420021122961,5586.825348156541
63022.166927,0.916450458077536,1.0743157399127221,5586.825348156541
63022.166927,2.847983787278729,1.4024387370927032,5586.825348156541
63022.166927,1.5596046500810676,1.4060414936245471,5586.825348156541
63022.166927,-1.1467894022875356,0.7994811418257957,5586.825348156541
63022.166927,0.26268972414745023,1.4888817338588836,5586.825348156541
63022.166927,5.211981101207487,2.8944817477764704,5586.825348156541
63022.166927,1.7349859582268152,1.83228706326446,5586.825348156541
63022.166927,-1.4690924714047362,0.8908703675883269,5586.825348156541
63022.166927,1.544212345164906,1.0846811809232033,5586.825348156541
63022.166927,-9.663269920397209,2.207817948187304,5586.825348156541
63022.166927,1.6486247058782069,0.9407316527739994,5586.825348156541
63022.166927,0.958875236938371,0.9526086376424133,5586.825348156541
63022.166927,0.906784865672293,0.7096751600626523,5586.825348156541
63022.166927,0.16697398816009257,1.138935701199035,5586.825348156541
63022.166927,-0.9373898564656058,3.570539362551522,5586.825348156541
63022.166927,0.4540691451074424,1.4602621448291382,5586.825348156541
63022.166927,4.226549537917713,2.4180557805847105,5586.825348156541
63022.166927,1.117914143387198,1.9705526634736494,5586.825348156541
63022.166927,0.3072742070270765,1.1059838733715868,5586.825348156541
63022.166927,0.6482162869946391,0.9054811682107681,5586.825348156541
63022.166927,2.8485164893177037,1.577191327456407,5586.825348156541
63022.166927,-0.24304152400346551,1.5437901169186643,5586.825348156541
63022.166927,-0.022067529703898824,0.9115212284913764,5586.825348156541
63022.166927,3.657535436389322,2.001821604067527,5586.825348156541
63022.166927,3.0061577283721648,1.248961338968119,5586.825348156541
63022.166927,-3.0617618691197106,1.6682735657279455,5586.825348156541
63022.166927,1.281756882024476,1.393695585759536,5586.825348156541
63022.166927,-1.037310866633821,0.6159415130567738,5586.825348156541
63022.170734,0.27002535040897324,1.10908486957161,5586.829155156542
63022.170734,0.4883254807597019,0.6305421701465157,5586.829155156542
63022.170734,-0.3428080261539001,0.578463084998775,5586.829155156542
63022.170734,-0.39315965912129774,1.372427373197513,5586.829155156542
63022.170734,-1.4926395039552898,0.9409911526299429,5586.829155156542
63022.170734,-0.38169536036340984,1.4191001933889418,5586.829155156542
63022.170734,-1.199067976451333,2.2785524656667664,5586.829155156542
63022.170734,-2.1526515081936326,1.6968278307915217,5586.829155156542
63022.170734,-0.47310642644893436,1.2746587383421704,5586.829155156542
63022.170734,0.411072361694173,0.42419253728971074,5586.829155156542
63022.170734,1.978218141922479,1.1240217379410007,5586.829155156542
63022.170734,-0.3632129602870937,0.8899783551831334,5586.829155156542
63022.170734,0.8103195294343883,0.9730931002431704,5586.829155156542
63022.170734,-0.9785721609814231,0.9591412133984778,5586.829155156542
63022.170734,-0.056965946334969535,0.6745667920348044,5586.829155156542
63022.170734,1.4767010683439594,0.7746293910788574,5586.829155156542
63022.170734,0.39445520691451186,1.1452745686254178,5586.829155156542
63022.170734,0.08483308213672461,0.3930254173512525,5586.829155156542
63022.170734,-0.6678613595143518,0.8904565996712293,5586.829155156542
63022.170734,-0.18172104283658627,0.49264768473570686,5586.829155156542
63022.170734,-1.2824912583219907,0.5235330423278559,5586.829155156542
63022.170734,0.8082946229560573,0.7926591654995822,5586.829155156542
63022.170734,0.48100966782200627,0.7408274773756641,5586.829155156542
63022.170734,-0.04482260378452831,0.7172427226998825,5586.829155156542
63022.170734,-0.7927590730546218,0.8691645247775508,5586.829155156542
63022.170734,-1.574715287435535,0.9312464426136923,5586.829155156542
63022.170734,0.23908699394363764,0.6882419681474339,5586.829155156542
63022.170734,0.5745158680913902,0.6588652130795548,5586.829155156542
63022.170734,0.29344928055903957,0.4007820180898339,5586.829155156542
63028.200588,0.8955641795108314,0.40936933245559226,5592.859009156542
63028.200588,0.6914783093835013,0.39610203395519444,5592.859009156542
63028.200588,0.5936909673110177,0.4146161068045318,5592.859009156542
63028.200588,1.4896781443981832,0.6554255856613503,5592.859009156542
63028.200588,-0.3558677359238521,0.7699636461749464,5592.859009156542
63028.200588,0.36080674935004836,0.2925677835568961,5592.859009156542
63028.200588,0.6040553049917279,0.34105696882878045,5592.859009156542
63028.200588,0.6355392328720649,0.29452328706034125,5592.859009156542
63028.200588,0.2961554386825358,0.17698274127667207,5592.859009156542
63028.200588,0.8230106686615573,0.44196892358615475,5592.859009156542
63028.200588,0.4472305066431129,0.317324046724764,5592.859009156542
63028.200588,0.73320374997753,0.5183994557885739,5592.859009156542
63028.200588,-0.4029463462584558,0.2968015718027669,5592.859009156542
63028.200588,-0.14376308062829513,1.0435879650774083,5592.859009156542
63028.200588,0.6881454864559282,0.5895455944081749,5592.859009156542
63028.200588,0.3656456156866386,0.585901038814549,5592.859009156542
63028.200588,0.2182251936940076,0.17175953333509936,5592.859009156542
63028.200588,0.45251571204236846,0.21255502055402803,5592.859009156542
63028.200588,0.8098816788065301,0.31181022996352215,5592.859009156542
63028.200588,0.17814720922252592,0.19276049476980517,5592.859009156542
63028.200588,0.8757976672500056,0.2693249296260471,5592.859009156542
63028.200588,0.4443693457141104,0.35146208281585245,5592.859009156542
63028.200588,0.7384377058266354,0.40034641477154065,5592.859009156542
63028.200588,0.6610355152512827,0.23809995897650432,5592.859009156542
63028.200588,0.09188674299374891,0.26959051737964285,5592.859009156542
63028.200588,0.49004636759139975,0.47070428349141186,5592.859009156542
63028.200588,0.7301504944045435,0.4309860118936501,5592.859009156542
63028.200588,0.8363495654080891,0.49763044561981457,5592.859009156542
63028.200588,0.5980571607084771,0.3850924071343959,5592.859009156542
63089.017269,-0.45973677535486374,0.5973766315513789,5653.675690156546
63089.017269,1.7875110132186092,1.5620494614950862,5653.675690156546
63089.017269,1.2068999659722996,0.7292349004304635,5653.675690156546
63089.017269,-2.3814433810901194,1.0176699876342643,5653.675690156546
63089.017269,1.6488017800832182,1.9738334114353828,5653.675690156546
63089.017269,-1.2842841796998257,0.7325876749834312,5653.675690156546
63089.017269,1.0518487026503702,1.3043575844430495,5653.675690156546
63089.017269,1.9175189268784287,0.9863372068810838,5653.675690156546
63089.017269,-1.7607582442210017,2.1135745130376575,5653.675690156546
63089.017269,2.0734425631154902,1.0244486778262272,5653.675690156546
63089.017269,1.4841169878398761,1.7733089745346757,5653.675690156546
63089.017269,0.8482116958758253,0.5776294514603311,5653.675690156546
63089.017269,0.8693608645104757,3.373694926024945,5653.675690156546
63089.017269,2.578372779306502,1.0707176101907592,5653.675690156546
63089.017269,0.5951353670276398,1.170470548543543,5653.675690156546
63089.017269,0.3864518435990093,0.8409453822471777,5653.675690156546
63089.017269,-1.3881400042811367,2.681848199540903,5653.675690156546
63089.017269,1.738645833516,0.9064000096970726,5653.675690156546
63089.017269,-1.8679024632781134,1.1713056780078244,5653.675690156546
63089.017269,-0.4611280456616389,0.77788280909208,5653.675690156546
63089.017269,0.5837219695745324,1.2308595462779794,5653.675690156546
63089.017269,-1.4550488226152487,1.2564227834897148,5653.675690156546
63089.017269,0.08615430956209245,1.2183935732060638,5653.675690156546
63089.017269,-1.862676559390233,1.7508923544119332,5653.675690156546
63089.017269,-1.7399512812490558,1.199160520146363,5653.675690156546
63089.017269,3.2974099486282116,1.4379441831048616,5653.675690156546
63089.017269,-1.4638567921586587,0.8725534866265251,5653.675690156546
63089.017269,-1.124925740774734,0.8170309599258901,5653.675690156546
63089.017269,0.8216953921131958,0.8677943281332883,5653.675690156546
63141.979665,0.4333345002662224,0.3076653084365071,5706.638086156541
63141.979665,-0.5667283377456988,0.49221075676027787,5706.638086156541
63141.979665,0.9866192069770902,0.4393233828681578,5706.638086156541
63141.979665,-0.13818294013865443,0.2423364599591129,5706.638086156541
63141.979665,0.30310728518965296,0.643241615479214,5706.638086156541
63141.979665,0.49738600447883685,0.2556452942113289,5706.638086156541
63141.979665,-0.5676420416847264,0.41203320772666957,5706.638086156541
63141.979665,1.6747523600465808,1.115265989463474,5706.638086156541
63141.979665,0.6664107891501668,0.3571079374167812,5706.638086156541
63141.979665,-0.07276812262789652,0.3732860463291832,5706.638086156541
63141.979665,0.39730216829593296,0.8635207376699691,5706.638086156541
63141.979665,1.1932408078092522,0.5113542771633505,5706.638086156541
63141.979665,0.12511241425350225,0.3210609302400762,5706.638086156541
63141.979665,1.633974465277646,0.5311241766570157,5706.638086156541
63141.979665,2.0524016135569134,0.8588829983584575,5706.638086156541
63141.979665,0.6167665021104286,0.35459602549757785,5706.638086156541
63141.979665,0.1721747694155606,0.28145122590323995,5706.638086156541
63141.979665,0.43884495323086314,0.36111570042495067,5706.638086156541
63141.979665,0.9169651154868517,0.5218771101581,5706.638086156541
63141.979665,-0.48160131974011844,0.7152700151176992,5706.638086156541
63141.979665,-0.6317679173339428,0.3834427492002812,5706.638086156541
63141.979665,-0.29308991194699124,0.4990423606870624,5706.638086156541
63141.979665,1.0404280533966688,1.3857223428497913,5706.638086156541
63141.979665,0.2664763028125508,0.4486218920072419,5706.638086156541
63141.979665,0.940188984237264,0.7376592560672538,5706.638086156541
63141.979665,0.8716997259840725,0.44508993967830285,5706.638086156541
63141.979665,0.4662101731251447,0.5132619594483626,5706.638086156541
63141.979665,0.6299660860072916,0.6360965660291716,5706.638086156541
63141.979665,0.3738637254872773,0.5381124007934098,5706.638086156541
63268.256651,0.9329258744376229,0.39525980113094555,5832.915072156546
63268.256651,-0.12196789107748006,0.18872909790010345,5832.915072156546
63268.256651,0.8307925443328894,0.6158825639019924,5832.915072156546
63268.256651,-0.2884962923951533,0.24133388323570457,5832.915072156546
63268.256651,0.6084399754817698,0.4524070895447182,5832.915072156546
63268.256651,-1.0083074266637557,0.7245291273211927,5832.915072156546
63268.256651,0.9641154480367744,0.2847975714779917,5832.915072156546
63268.256651,0.5016671308740568,0.49283785705846844,5832.915072156546
63268.256651,0.9050783368806221,0.3742852629531279,5832.915072156546
63268.256651,0.5319451760471536,0.23021110491402977,5832.915072156546
63268.256651,0.4967147623037058,0.3033541523311294,5832.915072156546
63268.256651,-0.14687482496210788,0.248575052972468,5832.915072156546
63268.256651,1.1886013401784286,0.4012609759850594,5832.915072156546
63268.256651,0.8925069029428282,0.38307675397076707,5832.915072156546
63268.256651,-0.4229404641194214,0.2543696105644971,5832.915072156546
63268.256651,0.02608432381084807,0.23409709127492662,5832.915072156546
63268.256651,0.19869347637608978,0.30502271896407324,5832.915072156546
63268.256651,-0.1016498054714513,0.15235670235285378,5832.915072156546
63268.256651,1.5007995128606177,0.5680467970543627,5832.915072156546
63268.256651,0.028450849416635397,0.16020805150952036,5832.915072156546
63268.256651,0.9983428949832293,0.37808010230038563,5832.915072156546
63268.256651,-0.27577383369572195,0.9029847961298533,5832.915072156546
63268.256651,0.29138529323528295,0.2135835125889667,5832.915072156546
63268.256651,0.46864605838649814,0.30513388086834764,5832.915072156546
63268.256651,1.5743658625272718,0.4894726139090353,5832.915072156546
63268.256651,0.3031052872898869,0.28252345497605313,5832.915072156546
63268.256651,-0.45376658447307533,0.3881616693577888,5832.915072156546
63268.256651,-0.09083622834565157,0.5109678314647221,5832.915072156546
63268.256651,-0.062196292433468824,0.3962808223683466,5832.915072156546
63268.264945,0.2250171238148548,0.29462991623286355,5832.923366156545
63268.264945,0.011351167788635288,0.3479842155301209,5832.923366156545
63268.264945,0.2122645368541441,0.1497858521355321,5832.923366156545
63268.264945,-0.9593784077937408,0.4018207298097418,5832.923366156545
63268.264945,-1.2153944770246363,0.4952202846114957,5832.923366156545
63268.264945,-0.14356957535875062,0.2687948984537676,5832.923366156545
63268.264945,0.6306225840302222,0.35588767952029887,5832.923366156545
63268.264945,0.02108339682109343,0.27966484543120035,5832.923366156545
63268.264945,-0.23257087408224955,0.3607586350243457,5832.923366156545
63268.264945,-0.7843441330872631,0.4305342057609631,5832.923366156545
63268.264945,0.5220905250066994,0.34360293686650195,5832.923366156545
63268.264945,0.48869527079366676,0.22532343538387314,5832.923366156545
63268.264945,-0.9791311015964177,0.33187329079046507,5832.923366156545
63268.264945,-0.23828810475822262,0.18907111908959104,5832.923366156545
63268.264945,-0.4595432132246524,0.3484475041080546,5832.923366156545
63268.264945,0.3066439036637863,0.2598341680064327,5832.923366156545
63268.264945,0.428835480392393,0.33990868449663175,5832.923366156545
63268.264945,0.5124735534346703,0.2352848922125106,5832.923366156545
63268.264945,-0.18003260790308395,0.47741300296454503,5832.923366156545
63268.264945,0.5653600107732024,0.5600280456669003,5832.923366156545
63268.264945,0.4248054501875209,0.2407409158685657,5832.923366156545
63268.264945,0.06580463914860839,0.25259235564352245,5832.923366156545
63268.264945,-0.2247562360012257,0.23956792210904354,5832.923366156545
63268.264945,1.1724388064640947,0.856117073147335,5832.923366156545
63268.264945,0.038891797142495015,0.192201171703925,5832.923366156545
63268.264945,0.2237258993252358,0.15333216947048514,5832.923366156545
63268.264945,-0.2802375459620611,0.16842280255642156,5832.923366156545
63268.264945,-0.6205995324450576,0.6687961175272548,5832.923366156545
63268.264945,-0.64843356611096,0.44836604913284883,5832.923366156545
63290.273704,1.2284206997752358,0.5033224275026564,5854.932125156542
63290.273704,0.3175649673480671,0.35529011158985235,5854.932125156542
63290.273704,0.04106942542024354,0.2607323716893956,5854.932125156542
63290.273704,0.7204849518010057,0.3548661045732789,5854.932125156542
63290.273704,0.13033078741208656,0.19650418301072947,5854.932125156542
63290.273704,0.6630770735696644,0.7118074620421416,5854.932125156542
63290.273704,0.13844207509923573,0.2713823532511631,5854.932125156542
63290.273704,0.008549983627100449,0.2032985922395784,5854.932125156542
63290.273704,2.174760996379052,0.5822709954065389,5854.932125156542
63290.273704,0.609013538846846,0.25979692504021995,5854.932125156542
63290.273704,-0.005191950631746344,0.4639713190941789,5854.932125156542
63290.273704,0.9352383097213255,0.37368206349631383,5854.932125156542
63290.273704,0.23000240158529298,0.3155680828687015,5854.932125156542
63290.273704,0.30362203866407356,0.3478490490940371,5854.932125156542
63290.273704,0.6219548153868021,0.29845753177317286,5854.932125156542
63290.273704,0.00016215867819029586,0.2416743395444728,5854.932125156542
63290.273704,-0.8745989533628646,0.37910229443236326,5854.932125156542
63290.273704,0.19648722640601501,0.3013003280342232,5854.932125156542
63290.273704,-0.08304046048301911,0.27747392453716735,5854.932125156542
63290.273704,-0.017777305138377858,0.3467853793823884,5854.932125156542
63290.273704,0.21411181719326364,0.4513020895267985,5854.932125156542
63290.273704,0.6748598141330252,0.9186073704573594,5854.932125156542
63290.273704,-0.4018733301405663,0.36180263492752707,5854.932125156542
63290.273704,0.09153325973595863,0.24448323184009438,5854.932125156542
63290.273704,-0.18689378636159173,0.16412849019006362,5854.932125156542
63290.273704,-0.49823159891629454,0.17782939525239191,5854.932125156542
63290.273704,0.19462077356274451,0.5285795257950021,5854.932125156542
63290.273704,-0.5360315674584768,0.426575756914092,5854.932125156542
63290.273704,0.3309896591341848,0.16735896883011697,5854.932125156542
63290.281991,0.12840017488642674,0.3346463245918598,5854.940412156546
63290.281991,-0.3896144545571939,0.5271536316205396,5854.940412156546
63290.281991,-0.49719169483020664,0.24132721745660754,5854.940412156546
63290.281991,0.09720966980698846,0.1908744854036174,5854.940412156546
63290.281991,-0.406616432634289,0.29910190537682274,5854.940412156546
63290.281991,-0.4893916613198464,0.4495369414746486,5854.940412156546
63290.281991,0.6797916724041028,0.5583365673968711,5854.940412156546
63290.281991,0.15992017773318787,0.28124120026360505,5854.940412156546
63290.281991,-0.585797530744366,0.606104522911603,5854.940412156546
63290.281991,0.108972608304788,0.35305897359694866,5854.940412156546
63290.281991,-0.2197579098750324,0.38335295965894856,5854.940412156546
63290.281991,-0.0874426063005252,0.22969655446967546,5854.940412156546
63290.281991,-0.1518300901123066,0.21948716290597492,5854.940412156546
63290.281991,1.1152146422167335,0.3777879229323019,5854.940412156546
63290.281991,0.22678421609619098,0.4024409027411971,5854.940412156546
63290.281991,-0.119541715540425,0.28263389091130464,5854.940412156546
63290.281991,1.9963231106899513,0.7147401183003865,5854.940412156546
63290.281991,0.1257869927315032,0.3010225522400815,5854.940412156546
63290.281991,0.006994761632138738,1.1490403417880737,5854.940412156546
63290.281991,0.6849105351434882,0.4270652154243587,5854.940412156546
63290.281991,0.2977835419854847,0.8808238721781055,5854.940412156546
63290.281991,0.38034142878699445,0.2767355998594682,5854.940412156546
63290.281991,0.21632377403938902,0.19267845839295183,5854.940412156546
63290.281991,0.3670975402723275,0.33850036061271466,5854.940412156546
63290.281991,-0.7570361651209628,0.4295950628396651,5854.940412156546
63290.281991,-0.09018908809848211,0.31453022403933406,5854.940412156546
63290.281991,0.6914783093835013,0.42633649915300803,5854.940412156546
63290.281991,-0.4985911063224866,0.6163045082754047,5854.940412156546
63290.281991,0.47977456626243264,0.4069235112011899,5854.940412156546
63290.356508,-0.891380546944389,0.41465370541951113,5855.014929156539
63290.356508,-2.092778568780483,0.7456044295961691,5855.014929156539
63290.356508,0.7326633391447984,1.702079472981791,5855.014929156539
63290.356508,-0.38135172010986246,0.3186283736888915,5855.014929156539
63290.356508,-2.0329308102542387,1.1558272297384056,5855.014929156539
63290.356508,0.6546581870403637,0.7124251222504022,5855.014929156539
63290.356508,-0.5304559333229126,0.5037349421039123,5855.014929156539
63290.356508,1.0558782010841388,0.6840281840271508,5855.014929156539
63290.356508,0.512540223656401,0.5240147591537687,5855.014929156539
63290.356508,0.7698858044231844,0.9249052155799234,5855.014929156539
63290.356508,-0.026208490766619928,0.7002790777635011,5855.014929156539
63290.356508,-1.6266175612479898,0.8700889544292805,5855.014929156539
63290.356508,0.36319631202848707,1.0899045372422906,5855.014929156539
63290.356508,-0.08405977766872409,0.3087726418909523,5855.014929156539
63290.356508,0.6188540676794274,0.5850223463608551,5855.014929156539
63290.356508,0.06396509042415767,0.5833474400861766,5855.014929156539
63290.356508,-0.42212202129843135,0.7254917295870948,5855.014929156539
63290.356508,-0.04765924275663245,0.7225595772711388,5855.014929156539
63290.356508,1.0945083730412364,0.7767222674325015,5855.014929156539
63290.356508,-0.5741134996453099,0.4400786034444319,5855.014929156539
63290.356508,1.2872522725547753,0.9201770037785342,5855.014929156539
63290.356508,0.07512262255237515,0.3355018061562758,5855.014929156539
63290.356508,-0.5545651789209306,0.422412276617955,5855.014929156539
63290.356508,-0.8865429161356957,1.3394096158086597,5855.014929156539
63290.356508,-0.7983855661753168,0.5205135349804513,5855.014929156539
63290.356508,1.09242259531609,0.5952336351142532,5855.014929156539
63290.356508,0.35916808526293414,0.5032903755669135,5855.014929156539
63290.356508,0.33759179837010855,0.6152132055108986,5855.014929156539
63290.356508,1.2432867630348077,0.9259433687390642,5855.014929156539
63298.296309,-0.3889931275330663,0.44387259447023003,5862.95473015654
63298.296309,0.03557656853822549,0.33850036061271466,5862.95473015654
63298.296309,1.0504526853249292,0.563636169870063,5862.95473015654
63298.296309,-0.6522397295161629,0.5130708270212905,5862.95473015654
63298.296309,-0.36144098532711694,0.19254315048677703,5862.95473015654
63298.296309,0.25353610023021567,0.4240442599820063,5862.95473015654
63298.296309,-1.0928344710242919,1.0763953711651713,5862.95473015654
63298.296309,-0.33951130913650124,0.8620442710518873,5862.95473015654
63298.296309,0.6969745242797696,0.3993180404109116,5862.95473015654
63298.296309,-0.5429051712852101,0.3105752974403205,5862.95473015654
63298.296309,0.6442093123707174,0.3684355611781507,5862.95473015654
63298.296309,-0.29367553552773284,0.2176954309638852,5862.95473015654
63298.296309,0.6553203852757407,0.6727256576810692,5862.95473015654
63298.296309,-0.1024108035615805,0.30023801117117516,5862.95473015654
63298.296309,0.7464885298828418,0.5862933340047254,5862.95473015654
63298.296309,-0.36474216588153396,0.2827510012162231,5862.95473015654
63298.296309,-0.27135727895026734,0.4428439969456896,5862.95473015654
63298.296309,0.3608897044382683,0.5467632073482555,5862.95473015654
63298.296309,0.043961749143877266,0.35905997598103256,5862.95473015654
63298.296309,-0.10274899170647923,0.25495341992815446,5862.95473015654
63298.296309,0.13854926585905422,0.30175727566277377,5862.95473015654
63298.296309,-0.19043015687025888,0.367282500283489,5862.95473015654
63298.296309,0.03532673145567107,0.2022884495884157,5862.95473015654
63298.296309,0.5688392239001011,0.41898521383211207,5862.95473015654
63298.296309,0.17591807969024065,0.4168031059617011,5862.95473015654
63298.296309,0.33100382273885104,0.2974434896232625,5862.95473015654
63298.296309,-0.37741692488263656,0.42939048553662557,5862.95473015654
63298.296309,0.7471625711937874,0.7151093673422169,5862.95473015654
63298.296309,-0.06515861221018372,0.26175122289193614,5862.95473015654
63298.304602,0.5590231084299303,0.5190379800913466,5862.963023156539
63298.304602,-0.15082960014315272,0.28033944604043814,5862.963023156539
63298.304602,0.6886327648144426,0.3471090892835071,5862.963023156539
63298.304602,-0.47715299952248413,0.3723762859827565,5862.963023156539
63298.304602,0.36019973626768936,0.4567396086242942,5862.963023156539
63298.304602,0.3054464138377869,0.2949957211312305,5862.963023156539
63298.304602,0.3953747958727363,0.3812220567064894,5862.963023156539
63298.304602,-0.799491997720315,0.36726609753549305,5862.963023156539
63298.304602,0.2898257348305445,0.3222982078587924,5862.963023156539
63298.304602,-1.3217346016400258,0.43805634919437,5862.963023156539
63298.304602,-0.24612714787536033,0.2502533780461106,5862.963023156539
63298.304602,0.04968966502465429,0.2053555763094561,5862.963023156539
63298.304602,1.0684750933189544,0.2559857232058891,5862.963023156539
63298.304602,-0.9854766712100022,0.3750231641628391,5862.963023156539
63298.304602,0.6666266897241169,0.34828342809721474,5862.963023156539
63298.304602,-0.1828345491763468,0.17170573293585387,5862.963023156539
63298.304602,-0.3563861535008683,0.18171148112691937,5862.963023156539
63298.304602,-0.32855314274475594,0.34540585998714335,5862.963023156539
63298.304602,0.27650059152713663,0.3288049222946088,5862.963023156539
63298.304602,1.5426893585783368,0.7160480171351586,5862.963023156539
63298.304602,1.1594939127075485,0.5768338299146273,5862.963023156539
63298.304602,0.3317486541958088,0.28368368101185415,5862.963023156539
63298.304602,-0.24795960855257945,0.16735896883011697,5862.963023156539
63298.304602,-0.018614969597688158,0.28569372854667535,5862.963023156539
63298.304602,0.27002535040897324,0.45369838380747135,5862.963023156539
63298.304602,-0.737622541251306,0.25323961321904326,5862.963023156539
63298.304602,-0.2838340508678266,0.20385516065985348,5862.963023156539
63298.304602,-0.287490764441352,0.9568826775597493,5862.963023156539
63298.304602,-0.16528315244523056,0.5478433129573093,5862.963023156539
63320.164156,0.11783365175044662,0.32753274951775185,5884.822577156541
63320.164156,-0.1248071945179057,0.30439206430221716,5884.822577156541
63320.164156,0.2718797596382339,0.3882741241363721,5884.822577156541
63320.164156,0.5412588395698529,0.2684779958850847,5884.822577156541
63320.164156,0.09576399919479775,0.3246044243790508,5884.822577156541
63320.164156,0.3736646560303907,0.22661107836485891,5884.822577156541
63320.164156,0.007854837179281707,0.3567510084302709,5884.822577156541
63320.164156,0.7217003149561053,0.5967662537056809,5884.822577156541
63320.164156,-0.44127264997026433,0.18713083423978386,5884.822577156541
63320.164156,-0.04855370427741929,0.35030851417091013,5884.822577156541
63320.164156,-0.7584680428888689,0.4402089602469225,5884.822577156541
63320.164156,0.2536229235214317,0.40776283280630854,5884.822577156541
63320.164156,-0.43764986986060855,0.8493226057728361,5884.822577156541
63320.164156,0.2142838417578224,0.3696943031390332,5884.822577156541
63320.164156,-0.17560313869071792,0.26606785283296985,5884.822577156541
63320.164156,1.319602245343865,0.5387668307713727,5884.822577156541
63320.164156,0.2656818498183889,0.37970074764206657,5884.822577156541
63320.164156,-0.05543491145959407,0.186336403257854,5884.822577156541
63320.164156,0.40644067959869534,0.23236261056743193,5884.822577156541
63320.164156,0.5943779440268107,0.29571208378255204,5884.822577156541
63320.164156,0.3305733190770174,0.6747028087690371,5884.822577156541
63320.164156,-0.5445180074202759,0.21187230215209416,5884.822577156541
63320.164156,-0.41849732681698426,0.2921362776352085,5884.822577156541
63320.164156,0.2350543099571529,0.28033944604043814,5884.822577156541
63320.164156,0.636506554478385,0.4046531958293235,5884.822577156541
63320.164156,-0.560891807791304,0.4993686387625617,5884.822577156541
63320.164156,-0.43658489963494984,0.41626936665113784,5884.822577156541
63320.164156,-0.18877557581389737,0.5943583112272696,5884.822577156541
63320.164156,-0.11642357555515896,1.122481965431314,5884.822577156541
63327.169517,-0.5131736679283504,0.2500571870191522,5891.827938156544
63327.169517,0.9253840526438286,0.26460548562336234,5891.827938156544
63327.169517,0.5462807684931542,0.5496195959396096,5891.827938156544
63327.169517,0.8313630461456196,0.22913535208732871,5891.827938156544
63327.169517,0.05951282725669582,0.4913756956116365,5891.827938156544
63327.169517,-0.4158052465421706,0.35762754653452244,5891.827938156544
63327.169517,-0.11268472712321351,0.4197591552476767,5891.827938156544
63327.169517,0.49337327725751495,0.29647935426349176,5891.827938156544
63327.169517,0.22084143369480042,0.6504827079414306,5891.827938156544
63327.169517,-1.7583561373760517,0.9896900836475114,5891.827938156544
63327.169517,0.6279847104736744,0.3140604291556013,5891.827938156544
63327.169517,-0.069481100176061,0.24091671144100132,5891.827938156544
63327.169517,-0.12927873874546322,0.3844881487155678,5891.827938156544
63327.169517,0.8165908060947068,0.29479924211813213,5891.827938156544
63327.169517,0.4069797624358285,0.3001137217803449,5891.827938156544
63327.169517,0.6736414995542203,0.23072504650461428,5891.827938156544
63327.169517,0.12207320780608992,0.37482210723715914,5891.827938156544
63327.169517,0.1439656676724276,0.18331101516067866,5891.827938156544
63327.169517,1.7862681360036718,0.39691537932970533,5891.827938156544
63327.169517,0.35439547578780883,0.26799123490164195,5891.827938156544
63327.169517,0.45581876796883003,0.16372256647153913,5891.827938156544
63327.169517,1.0124771950375744,0.5195964765259865,5891.827938156544
63327.169517,0.10583905660198503,0.38031725752126855,5891.827938156544
63327.169517,-0.3224451699775209,0.3982398244237267,5891.827938156544
63327.169517,0.3426122672545218,0.7948011831483318,5891.827938156544
63327.169517,0.22704031781150477,0.5666372516522428,5891.827938156544
63327.169517,0.15022424789490493,0.2599235321925429,5891.827938156544
63327.169517,-0.016395690578520552,0.36453436623151003,5891.827938156544
63327.169517,0.8530329074096052,0.2135147230990096,5891.827938156544
63355.148455,0.13235588174066953,0.29845753177317286,5919.806876156545
63355.148455,-0.3711677069547263,0.4803862156164595,5919.806876156545
63355.148455,0.4685202570658778,0.43698004366809384,5919.806876156545
63355.148455,-0.04733307883773028,0.2801690159373707,5919.806876156545
63355.148455,0.2209755465096214,0.158970392742494,5919.806876156545
63355.148455,0.2271485418151829,0.20672383486438967,5919.806876156545
63355.148455,-1.5560437998348473,0.8600227167292115,5919.806876156545
63355.148455,0.7098022276852065,0.3612865891819542,5919.806876156545
63355.148455,0.623834879313688,0.2498454535839116,5919.806876156545
63355.148455,-0.5940012502632316,0.25481392429474076,5919.806876156545
63355.148455,-0.011172855146776236,0.5346875558708559,5919.806876156545
63355.148455,0.37600084096481984,0.3637633132642814,5919.806876156545
63355.148455,0.5325635502489345,0.22691864554588284,5919.806876156545
63355.148455,0.557267883257911,0.37910359985275244,5919.806876156545
63355.148455,-0.245076186016767,0.15059769957258104,5919.806876156545
63355.148455,-1.0446550417467586,0.6887873058229064,5919.806876156545
63355.148455,-0.09653076475642182,0.25880174279576423,5919.806876156545
63355.148455,-0.06163634798530798,0.2971225551180824,5919.806876156545
63355.148455,0.16622096383115262,0.240290953748947,5919.806876156545
63355.148455,-0.3857052964327902,0.20141302350885718,5919.806876156545
63355.148455,-0.30711352509340467,0.17379799838269036,5919.806876156545
63355.148455,0.031459660843702296,0.27504594260385523,5919.806876156545
63355.148455,-0.1224792037625205,0.35566917684140664,5919.806876156545
63355.148455,0.470578475018561,0.46321008641313843,5919.806876156545
63355.148455,0.457735069061713,0.4584909723688183,5919.806876156545
63355.148455,0.07927133585404887,0.3735991966099577,5919.806876156545
63355.148455,0.9141263287328335,0.35980847598959004,5919.806876156545
63355.148455,-0.21904250887361076,0.36713381982412585,5919.806876156545
63355.148455,0.006320540650285542,0.5758452543706434,5919.806876156545
63596.343689,0.2011448465302837,0.37089854391400895,6161.0021101565435
63596.343689,-0.2998299019889445,0.34768500296302707,6161.0021101565435
63596.343689,0.33938158819909575,0.21186935919740213,6161.0021101565435
63596.343689,-0.28238422351609305,0.2572561238173327,6161.0021101565435
63596.343689,0.3009681961024727,0.2511082145210759,6161.0021101565435
63596.343689,0.7856901455184009,0.5440845252183226,6161.0021101565435
63596.343689,0.572372840422417,0.3405194817733553,6161.0021101565435
63596.343689,0.3565139566482582,0.3220537946125141,6161.0021101565435
63596.343689,0.130761361281395,0.27846217296427456,6161.0021101565435
63596.343689,0.073156782718043,0.37879656677556295,6161.0021101565435
63596.343689,-0.5726714716277915,0.44051876526376876,6161.0021101565435
63596.343689,0.018824614561986554,0.16667138062621345,6161.0021101565435
63596.343689,-0.1912535700166863,0.32404305507844555,6161.0021101565435
63596.343689,-0.28298163909266716,0.2865823560071627,6161.0021101565435
63596.343689,0.12051480356994082,0.4362625066505768,6161.0021101565435
63596.343689,0.6691350094168322,0.7027205582713909,6161.0021101565435
63596.343689,-0.14458896961471918,0.2935120879989697,6161.0021101565435
63596.343689,-0.7771255779569839,0.5679366500187719,6161.0021101565435
63596.343689,0.009425784675756745,0.18529494501109856,6161.0021101565435
63596.343689,0.28093618315023705,0.19901427293969864,6161.0021101565435
63596.343689,-0.9573253619504444,0.36605199473372285,6161.0021101565435
63596.343689,0.33810088959673196,0.1696761143432315,6161.0021101565435
63596.343689,0.16566521298669837,0.24406715478748733,6161.0021101565435
63596.343689,0.8966951167544974,0.5139410441166365,6161.0021101565435
63596.343689,0.7179790963567202,0.457881457645855,6161.0021101565435
63596.343689,-0.3456821982020681,0.34827780675584213,6161.0021101565435
63596.343689,0.007897372332718682,0.27565016084160693,6161.0021101565435
63596.343689,-0.47323242193951814,0.3791108586076405,6161.0021101565435
63596.343689,-2.966762261608649,0.9342299447848654,6161.0021101565435
63626.30012,0.13682941207582436,0.5328081620013626,6190.958541156542
63626.30012,-0.2827433469904932,0.36311898101212503,6190.958541156542
63626.30012,-0.08156326320792742,0.16309592196591513,6190.958541156542
63626.30012,-0.6606483097997816,0.24459470849913653,6190.958541156542
63626.30012,0.3915119349378171,0.3566210122834443,6190.958541156542
63626.30012,-1.7643378203902178,0.7457319027862778,6190.958541156542
63626.30012,-1.2886161824026063,0.49652651286970884,6190.958541156542
63626.30012,-1.0366622334416105,0.43466386087412,6190.958541156542
63626.30012,-0.06535118628854969,0.5936396141623542,6190.958541156542
63626.30012,-0.2929577085910965,0.2456623649494969,6190.958541156542
63626.30012,-0.36989427700391336,0.20511020562433807,6190.958541156542
63626.30012,-0.6243195871310949,0.22819297170255903,6190.958541156542
63626.30012,-0.1656006989643449,0.34110929282835434,6190.958541156542
63626.30012,-0.5087702908098377,0.48245391517555053,6190.958541156542
63626.30012,0.10932263167902276,0.23502411311706942,6190.958541156542
63626.30012,-0.8116330257380173,0.32659365367619053,6190.958541156542
63626.30012,0.7758903174482125,0.2746888051511128,6190.958541156542
63626.30012,0.2557889267130749,0.19081945183254145,6190.958541156542
63626.30012,-0.6300168279226307,0.33660615013712253,6190.958541156542
63626.30012,0.5677333091968204,0.2927213912033822,6190.958541156542
63626.30012,-0.48120717849083544,0.2352937397342167,6190.958541156542
63626.30012,0.040583296436276645,0.9459468755304951,6190.958541156542
63626.30012,-0.9055631314799357,0.39177521156449785,6190.958541156542
63626.30012,0.3746826266766341,0.27793394011022915,6190.958541156542
63626.30012,0.13349196545529837,0.32227384299638745,6190.958541156542
63626.30012,0.3490127036681528,0.28904828150005146,6190.958541156542
63626.30012,0.22796161774738688,0.20449849961367356,6190.958541156542
63626.30012,-0.2998299019889445,0.3414015390540567,6190.958541156542
63626.30012,-0.11518059608893419,0.15803963441219646,6190.958541156542
63799.018746,-0.2630475180534139,0.2350940976261827,6363.677167156544
63799.018746,-0.7586723197273734,0.2915486991600865,6363.677167156544
63799.018746,-0.3254485550200722,0.3299501028772941,6363.677167156544
63799.018746,-0.76433698012764,0.2029586999709359,6363.677167156544
63799.018746,0.4142340290353844,0.24448323184009438,6363.677167156544
63799.018746,0.6529882100745165,0.899860281264352,6363.677167156544
63799.018746,-1.2774658549068327,0.29372558122466313,6363.677167156544
63799.018746,-0.08757093151010423,0.4473843304220961,6363.677167156544
63799.018746,0.20054385849864598,0.18484701202557616,6363.677167156544
63799.018746,-0.4014668712430886,0.5575566068069405,6363.677167156544
63799.018746,0.027075673008828505,0.1690091805194854,6363.677167156544
63799.018746,-0.36520097934816637,0.35243002866946366,6363.677167156544
63799.018746,-0.09653987235660443,0.43009646478787705,6363.677167156544
63799.018746,0.14720750481481645,0.3534482274766521,6363.677167156544
63799.018746,-0.3170667483559762,0.48205453279543836,6363.677167156544
63799.018746,0.272357376814287,0.25302145511252067,6363.677167156544
63799.018746,-2.7051352574552783,0.7166538107198748,6363.677167156544
63799.018746,-0.29683972828921396,0.24383691400392257,6363.677167156544
63799.018746,0.3788844395183362,0.35556126485874073,6363.677167156544
63799.018746,-0.7024685453109046,0.4621221950404137,6363.677167156544
63799.018746,-0.12686813430651447,0.21701181937209632,6363.677167156544
63799.018746,-0.8443967740997096,0.34199996418824435,6363.677167156544
63799.018746,-0.2113524605664644,0.30439206430221716,6363.677167156544
63799.018746,0.20361501379540087,0.3476934480196746,6363.677167156544
63799.018746,-0.4507442034025017,0.15925740556776988,6363.677167156544
63799.018746,-0.2407718347195189,0.2601456890576647,6363.677167156544
63799.018746,-0.4352611571892479,0.36028500642531425,6363.677167156544
63799.018746,-0.16622284937997714,0.5812025541408161,6363.677167156544
63799.018746,0.9877646226918119,0.2856564162460758,6363.677167156544
63806.033749,0.46572271666395726,0.7763993469381383,6370.692170156544
63806.033749,0.5947248857583564,0.3117613579235887,6370.692170156544
63806.033749,-1.2269704037017324,0.8084291072650008,6370.692170156544
63806.033749,0.40224504601585265,1.0409700478150852,6370.692170156544
63806.033749,-1.1629392672757137,0.4381036934197495,6370.692170156544
63806.033749,0.3993751904115207,0.5840665567994365,6370.692170156544
63806.033749,1.0360113667299164,0.9340135173656892,6370.692170156544
63806.033749,-0.06641611957067818,0.41563273337730383,6370.692170156544
63806.033749,0.28196063251135467,0.6913469163780112,6370.692170156544
63806.033749,0.20739177704860995,0.32808895914549163,6370.692170156544
63806.033749,-0.20623672049882288,1.2255204218819171,6370.692170156544
63806.033749,0.10408555184602351,0.2673342936776889,6370.692170156544
63806.033749,0.18016146259814597,0.631327611292605,6370.692170156544
63806.033749,-0.890549707853082,0.6097831321890955,6370.692170156544
63806.033749,0.3375745932223492,0.6659675309456847,6370.692170156544
63806.033749,0.6402402361845904,0.42013847641931035,6370.692170156544
63806.033749,0.011351167788635288,0.6154802505120023,6370.692170156544
63806.033749,0.3915198038887489,0.5170863720952479,6370.692170156544
63806.033749,0.4603270790967909,0.4376132126434816,6370.692170156544
63806.033749,0.09319357942029732,0.2741338179101969,6370.692170156544
63806.033749,0.413181694147298,1.6442759479700182,6370.692170156544
63806.033749,1.3192855944259139,0.5399055825383946,6370.692170156544
63806.033749,1.5832423333998213,0.6205700331510833,6370.692170156544
63806.033749,0.3893428013045956,0.6707577959772413,6370.692170156544
63806.033749,-1.1449172069186353,0.8767372401186442,6370.692170156544
63806.033749,-0.03729117862492128,0.4850237802786745,6370.692170156544
63806.033749,0.21020660147779877,0.4571988284207293,6370.692170156544
63806.033749,-0.6944130463920707,0.3612736576337771,6370.692170156544
63806.033749,0.44639156140258324,0.4722898804364214,6370.692170156544
63817.007011,-0.0031599116807408513,0.9264186576211124,6381.665432156544
63817.007011,-0.656045892921365,0.43047708112839733,6381.665432156544
63817.007011,0.4706027365584242,0.33538323950992105,6381.665432156544
63817.007011,-0.5175377286768642,0.23743083092162987,6381.665432156544
63817.007011,-0.12070408477757288,0.3219816636283034,6381.665432156544
63817.007011,0.20096335620652184,0.49100483223043956,6381.665432156544
63817.007011,-0.2845702463304701,0.21255502055402803,6381.665432156544
63817.007011,-0.011784837476758273,0.33387089934658554,6381.665432156544
63817.007011,0.04078109366232446,0.19589602566846198,6381.665432156544
63817.007011,0.8184353500330904,0.5891910242144265,6381.665432156544
63817.007011,-0.6020425187285301,0.27422485727957663,6381.665432156544
63817.007011,0.20871622758394462,0.538916192077216,6381.665432156544
63817.007011,0.4318894667760102,0.3652567714806573,6381.665432156544
63817.007011,-0.2356187078278994,0.2917172011821013,6381.665432156544
63817.007011,-0.6708534851852904,0.3396062636514937,6381.665432156544
63817.007011,-0.7803503092861415,0.48285329755566314,6381.665432156544
63817.007011,0.3763704805918171,0.16282088668435374,6381.665432156544
63817.007011,0.1034369667445603,0.20618595845103896,6381.665432156544
63817.007011,-2.5445999575053486,0.7305870631683599,6381.665432156544
63817.007011,0.676567417132744,0.28254719558396035,6381.665432156544
63817.007011,-0.2889696831860726,0.23987972811221184,6381.665432156544
63817.007011,-0.6999260385987031,0.3550346198800482,6381.665432156544
63817.007011,0.6687068453838036,0.26845720793806604,6381.665432156544
63817.007011,0.1596492156781629,0.32932538498017355,6381.665432156544
63817.007011,0.6146806431369133,0.22485559734493457,6381.665432156544
63817.007011,-0.37766426937436426,0.23163637815321975,6381.665432156544
63817.007011,-0.7477049876261084,0.39536289665208485,6381.665432156544
63817.007011,-0.8605894884094296,0.23859647314084706,6381.665432156544
63817.007011,0.2298545646568713,0.15546878419487478,6381.665432156544
63969.354397,0.5216362498796668,0.5775069216422573,6534.012818156545
63969.354397,-0.058555374917560604,0.342307177658798,6534.012818156545
63969.354397,-1.5818762815758374,0.6498004303773227,6534.012818156545
63969.354397,0.7623747111941416,0.40034641477154065,6534.012818156545
63969.354397,0.9797059635020672,0.27637631399075935,6534.012818156545
63969.354397,-1.2633465258294927,0.8777949042545219,6534.012818156545
63969.354397,-0.6650914471022168,0.29569078747715777,6534.012818156545
63969.354397,-0.2037167644427801,0.323045999524358,6534.012818156545
63969.354397,0.051248128506101165,0.190242916081805,6534.012818156545
63969.354397,-0.19547585383962857,0.3918516792713401,6534.012818156545
63969.354397,-0.26620091633028214,0.4029490516627861,6534.012818156545
63969.354397,0.15724366989814764,0.23023755455851247,6534.012818156545
63969.354397,-0.06506114631424291,0.19802540272421398,6534.012818156545
63969.354397,0.36775575272004224,0.423893310046114,6534.012818156545
63969.354397,-0.8710402546354586,0.6831057008929005,6534.012818156545
63969.354397,-0.7899693821482582,0.336537448834539,6534.012818156545
63969.354397,-0.41288345286133266,0.38363151029397713,6534.012818156545
63969.354397,-0.3485900852220004,0.3482028898791519,6534.012818156545
63969.354397,-0.08558038752983252,0.2869384278914986,6534.012818156545
63969.354397,0.09447235985538407,0.24132721745660754,6534.012818156545
63969.354397,-0.04100810734180485,0.287534005056739,6534.012818156545
63969.354397,-0.9127385016551096,0.48182610726293146,6534.012818156545
63969.354397,-0.052609208535322714,0.5772279991359579,6534.012818156545
63969.354397,-0.04633236839950812,0.41531753120910014,6534.012818156545
63969.354397,0.2536229235214317,0.3941908450279921,6534.012818156545
63969.354397,-0.12515398091494995,0.2538661172907383,6534.012818156545
63969.354397,-0.6141780954641384,0.5062197328919261,6534.012818156545
63969.354397,0.12786380992198737,0.2773944361262609,6534.012818156545
63969.354397,-1.0420611044598964,1.1037348762383068,6534.012818156545
63975.345694,-0.007130757703309272,0.34110256417261153,6540.004115156546
63975.345694,-1.1637228382513822,0.4950504174218092,6540.004115156546
63975.345694,-0.9430058496100581,0.33300012131952933,6540.004115156546
63975.345694,-0.572872053434159,0.5246748607054924,6540.004115156546
63975.345694,-1.177898905587608,0.3509103729732823,6540.004115156546
63975.345694,-1.3502696314496978,0.44234570437423626,6540.004115156546
63975.345694,-2.2867661441167346,0.6766182506428116,6540.004115156546
63975.345694,-2.174725042406406,0.46836352703826756,6540.004115156546
63975.345694,-0.6269595513546281,0.47785232757885787,6540.004115156546
63975.345694,-2.3291891820117656,0.8165633993307315,6540.004115156546
63975.345694,-1.8214989999362383,0.825993605642324,6540.004115156546
63975.345694,-0.10554368160832596,0.2802567379418469,6540.004115156546
63975.345694,-2.130954535087073,1.2966736691830074,6540.004115156546
63975.345694,-1.2604718456287258,0.34523176839932623,6540.004115156546
63975.345694,-0.6811696191157851,0.41220273857985046,6540.004115156546
63975.345694,-0.9241279661265367,0.7093031070792869,6540.004115156546
63975.345694,-0.29649319036320054,0.22068719497114078,6540.004115156546
63975.345694,-0.9072526776647262,0.6032768997245886,6540.004115156546
63975.345694,-0.62377920323569,0.534296961463808,6540.004115156546
63975.345694,0.23335213417988523,0.23955573023998664,6540.004115156546
63975.345694,-0.6173174271451601,0.30694813988537306,6540.004115156546
63975.345694,0.19710685669922187,0.32740329778886573,6540.004115156546
63975.345694,0.1456285991830493,0.6113415389248215,6540.004115156546
63975.345694,-1.1374408946158254,0.3274798588418809,6540.004115156546
63975.345694,-2.5500520997677985,1.0443881400516188,6540.004115156546
63975.345694,-0.5686405775647096,0.40981845447974424,6540.004115156546
63975.345694,-0.741656180221778,0.46144758446276046,6540.004115156546
63975.345694,-0.5477009306029759,0.37688699944508436,6540.004115156546
63975.345694,0.2447369701218206,0.49399994827190846,6540.004115156546
63999.340576,0.5229198119423982,0.5513185745978465,6563.998997156545
63999.340576,-0.6400744349984989,0.4326748215629898,6563.998997156545
63999.340576,0.3793826253140426,0.39017318749035046,6563.998997156545
63999.340576,-0.6745437601443653,0.37883050593098944,6563.998997156545
63999.340576,-0.033874403924742245,0.18992358586149669,6563.998997156545
63999.340576,-0.321870035971395,0.25885509861323197,6563.998997156545
63999.340576,0.14647887320531403,0.3025505368642407,6563.998997156545
63999.340576,-1.926298811396743,0.9725052518872555,6563.998997156545
63999.340576,-0.031724681362682215,0.32753274951775185,6563.998997156545
63999.340576,0.270028188444281,0.3869400748043415,6563.998997156545
63999.340576,-0.15956870439620424,0.402334037694982,6563.998997156545
63999.340576,0.39645339673068275,0.37545048798763186,6563.998997156545
63999.340576,-0.6908715882721963,0.757847774480612,6563.998997156545
63999.340576,-0.7151194429895297,0.2892067261288991,6563.998997156545
63999.340576,-0.47509962651397064,0.16548156925181187,6563.998997156545
63999.340576,-0.13543070509263702,0.2544360208405505,6563.998997156545
63999.340576,0.42053369357955567,0.6410912402735832,6563.998997156545
63999.340576,-0.2311675095634662,0.26777752578290054,6563.998997156545
63999.340576,-0.12698917959822406,0.5088840472755679,6563.998997156545
63999.340576,0.5216362498796668,0.48604835659656087,6563.998997156545
63999.340576,-0.6171160042940308,0.20569840698776903,6563.998997156545
63999.340576,-0.17426163225993885,0.3031557033586663,6563.998997156545
63999.340576,0.28812061857003846,0.538916192077216,6563.998997156545
63999.340576,-0.5138403183385193,0.39928031978118256,6563.998997156545
63999.340576,-0.6742642949727624,0.16763400411167836,6563.998997156545
63999.340576,-0.5295757593779006,0.27791823826741124,6563.998997156545
63999.340576,-0.5958023706111387,0.21676419458026636,6563.998997156545
63999.340576,0.5285548334554168,0.26445506061551305,6563.998997156545
63999.340576,-0.007289919565243521,0.38001417695408046,6563.998997156545
64002.344658,0.9479387462949856,0.6094568228660967,6567.003079156544
64002.344658,1.3381446820638436,0.2550342246513042,6567.003079156544
64002.344658,0.4065223098489592,0.3458077623828468,6567.003079156544
64002.344658,-2.8420446076012555,0.7505782514640115,6567.003079156544
64002.344658,-1.062821948078204,0.39017318749035046,6567.003079156544
64002.344658,0.10862998923526594,0.2925677835568961,6567.003079156544
64002.344658,1.3756213905190695,0.1981356905960738,6567.003079156544
64002.344658,-0.32871584007395377,0.4852858341633126,6567.003079156544
64002.344658,0.9672084842404681,0.5230844857701814,6567.003079156544
64002.344658,-0.12343982752338462,0.2413527975323155,6567.003079156544
64002.344658,1.3753499720719373,0.6554386119858027,6567.003079156544
64002.344658,-0.4129501915944222,0.40233759634918553,6567.003079156544
64002.344658,-0.0036438220499234197,0.34148289260874237,6567.003079156544
64002.344658,0.013953258764545675,0.2984864191100201,6567.003079156544
64002.344658,-0.5651208577973927,0.2996896110493507,6567.003079156544
64002.344658,-1.2581030128903377,0.33177023562262387,6567.003079156544
64002.344658,-0.5978670420245916,0.28012333482331764,6567.003079156544
64002.344658,-1.6909421359419825,0.5080143875027325,6567.003079156544
64002.344658,-0.09082517297746523,0.177794588713721,6567.003079156544
64002.344658,-0.5147992209065652,0.9787542816182578,6567.003079156544
64002.344658,-0.8230698702772256,0.3323868970439777,6567.003079156544
64002.344658,-0.5155808929048548,0.5288071073762087,6567.003079156544
64002.344658,0.7211717614968914,0.43586290583551046,6567.003079156544
64002.344658,-0.3465862990920562,0.23523128477196814,6567.003079156544
64002.344658,-0.3713089521154015,0.38663467616598,6567.003079156544
64002.344658,-0.8745268544336742,0.3967795818577463,6567.003079156544
64002.344658,-0.5078679496281104,0.1786354153741347,6567.003079156544
64002.344658,-0.5456163567572061,0.38936524937347955,6567.003079156544
64002.344658,0.15672585923519275,0.42578772107151414,6567.003079156544
64011.359294,0.8384297536149835,0.5293053993649304,6576.017715156544
64011.359294,-0.9600120535940119,1.9751739368799064,6576.017715156544
64011.359294,0.5761508096934873,1.5387581340660559,6576.017715156544
64011.359294,0.8766451697582759,1.0318668434875322,6576.017715156544
64011.359294,-0.17728291531670265,1.5951332261681708,6576.017715156544
64011.359294,0.9025291814820058,0.8232885368464355,6576.017715156544
64011.359294,1.5305416805762202,1.337328796062916,6576.017715156544
64011.359294,-0.4018733301405663,1.3479576356653924,6576.017715156544
64011.359294,-0.029718288037500918,2.9253270428255194,6576.017715156544
64011.359294,0.0960261618767534,0.576489752367326,6576.017715156544
64011.359294,0.20820529966889917,0.5052397216567993,6576.017715156544
64011.359294,-0.7986790022879342,0.9469081678552724,6576.017715156544
64011.359294,-1.963135080270261,1.2208757005916695,6576.017715156544
64011.359294,-1.959712752406148,1.6582031704391316,6576.017715156544
64011.359294,0.7598468938139475,1.5795578131590176,6576.017715156544
64011.359294,1.6174163675491353,0.9480136507365897,6576.017715156544
64011.359294,0.11778033776724049,0.7641430912333292,6576.017715156544
64011.359294,-1.6851840876333641,1.2934959275466145,6576.017715156544
64011.359294,0.89900190983475,1.2663053812750167,6576.017715156544
64011.359294,1.2962704153110882,0.7467577570908007,6576.017715156544
64011.359294,-0.20240118136772417,1.9188611407527025,6576.017715156544
64011.359294,-1.5083208135591852,0.8435460059985626,6576.017715156544
64011.359294,0.4685373033794207,1.271679930138342,6576.017715156544
64011.359294,-0.07659218129662088,1.007275373516922,6576.017715156544
64011.359294,-0.8501407408188412,1.2663239544668135,6576.017715156544
64011.359294,-0.23632869741708276,0.8630794209983155,6576.017715156544
64011.359294,-0.28285609293890557,0.6908038168005909,6576.017715156544
64011.359294,-0.02631602583795846,2.3220068102191735,6576.017715156544
64011.359294,1.3811272264343493,1.0275374392756804,6576.017715156544
64029.288433,0.11389069997188475,0.43366430251494703,6593.946854156544
64029.288433,0.1447194911761777,0.2828793838844325,6593.946854156544
64029.288433,1.401200633211621,0.5234507505394946,6593.946854156544
64029.288433,-0.7117443887778021,0.2381521594106032,6593.946854156544
64029.288433,0.7884897767890582,0.2026129308829525,6593.946854156544
64029.288433,-0.572872053434159,0.32952513079233214,6593.946854156544
64029.288433,-0.3871751662446452,0.22845504793449375,6593.946854156544
64029.288433,-0.26990864527956177,0.32195272219295795,6593.946854156544
64029.288433,-0.6656717701978326,0.5346875558708559,6593.946854156544
64029.288433,-0.2031525888652462,0.19040825032609007,6593.946854156544
64029.288433,-0.08199625401715246,0.2277757999078558,6593.946854156544
64029.288433,0.8811040421383797,0.4147363961250549,6593.946854156544
64029.288433,0.6196002106088759,0.23184811158846036,6593.946854156544
64029.288433,0.5300761833987869,0.2766543508628876,6593.946854156544
64029.288433,0.6913359525203034,0.40040839022729796,6593.946854156544
64029.288433,-0.8744270444413613,0.6742482597897052,6593.946854156544
64029.288433,-0.5346351052308941,0.14762092563673487,6593.946854156544
64029.288433,0.2966102489390089,0.1558074870045378,6593.946854156544
64029.288433,0.3584700788797942,0.32344256046872255,6593.946854156544
64029.288433,-1.3457964155175126,0.2207372061680952,6593.946854156544
64029.288433,-0.1837756533610296,0.2594837079512783,6593.946854156544
64029.288433,-0.8531980173868444,0.3265171374627129,6593.946854156544
64029.288433,1.0732354594844313,0.8373699839543268,6593.946854156544
64029.288433,0.7056176308102458,0.33187329079046507,6593.946854156544
64029.288433,-0.09623276143072691,0.3064253240615455,6593.946854156544
64029.288433,-1.1877203370005962,0.44371382430466605,6593.946854156544
64029.288433,-0.4534383003640551,0.17021453449851118,6593.946854156544
64029.288433,-1.4762921881574318,0.27529598436985875,6593.946854156544
64029.288433,0.8698993547137445,0.3390382073943353,6593.946854156544
64032.260755,0.6786781634349336,0.3493580812093822,6596.919176156545
64032.260755,-0.2897277950544594,0.14477945960706354,6596.919176156545
64032.260755,-0.4803953179585486,0.22965307298401966,6596.919176156545
64032.260755,-0.28486927363425346,0.32195272219295795,6596.919176156545
64032.260755,-2.0783330723840594e-05,0.1993560394389795,6596.919176156545
64032.260755,-0.1610545162388705,0.5384463436098426,6596.919176156545
64032.260755,-0.32123189455433493,0.3252942268355117,6596.919176156545
64032.260755,0.8344641359997493,0.4276520624403681,6596.919176156545
64032.260755,0.20753947973945336,0.20877312995302227,6596.919176156545
64032.260755,-0.11477996348774659,0.5017020885718482,6596.919176156545
64032.260755,0.8231707083747793,0.1617038077735856,6596.919176156545
64032.260755,-0.9516738031093794,0.23704137508499404,6596.919176156545
64032.260755,0.2854252368588538,0.3292861478303977,6596.919176156545
64032.260755,-0.37058363753118034,0.394318528778974,6596.919176156545
64032.260755,0.12358962754716007,0.23358406678428595,6596.919176156545
64032.260755,-0.3349885549215492,0.285104833582824,6596.919176156545
64032.260755,-3.0655824403617244,0.6342658831984019,6596.919176156545
64032.260755,-0.05347437748191756,0.43532679432231003,6596.919176156545
64032.260755,-0.47623889224854826,0.15223202834423952,6596.919176156545
64032.260755,-0.6944130463920707,0.19004966605052304,6596.919176156545
64032.260755,0.1489792908653488,0.27304560847582693,6596.919176156545
64032.260755,-0.7651364558646685,0.22824864318936988,6596.919176156545
64032.260755,-1.7357034046011677,0.7936267758373104,6596.919176156545
64032.260755,2.1089403508544393,0.33599791103929494,6596.919176156545
64032.260755,-1.423073407992564,0.2726375907777642,6596.919176156545
64032.260755,-0.29801327890858054,0.32219556347165,6596.919176156545
64032.260755,-0.6972592637161058,0.2597329718398002,6596.919176156545
64032.260755,0.30757426701088153,0.4197751519838611,6596.919176156545
64032.260755,-0.998015949367756,0.3043141259626963,6596.919176156545
64042.248328,1.337328933395281,0.5169042678536733,6606.906749156544
64042.248328,-0.825547103506768,0.23746537533681916,6606.906749156544
64042.248328,-0.4008998334738701,0.7280123550544753,6606.906749156544
64042.248328,1.5025286355621903,0.3713804454120178,6606.906749156544
64042.248328,0.06396509042415767,0.44457425995423117,6606.906749156544
64042.248328,-0.7675773976042325,0.34962811826083423,6606.906749156544
64042.248328,-1.5401941940450325,1.0001652083672985,6606.906749156544
64042.248328,-0.3153432525351244,0.23543020101656553,6606.906749156544
64042.248328,-0.30893495015751876,0.2822058248712482,6606.906749156544
64042.248328,0.22609328859663042,0.6342192196181912,6606.906749156544
64042.248328,1.08205805015901,0.5448066844181221,6606.906749156544
64042.248328,0.8919207639744721,0.6611305834836658,6606.906749156544
64042.248328,0.22379209042525236,0.49938577447959737,6606.906749156544
64042.248328,-0.302927772103657,0.3475564140478678,6606.906749156544
64042.248328,0.07368781250656033,0.28369238630396465,6606.906749156544
64042.248328,-0.7384032125924219,0.40254823960075875,6606.906749156544
64042.248328,-0.20897905991095064,0.753167093199457,6606.906749156544
64042.248328,0.3895911851389642,0.6048837057671649,6606.906749156544
64042.248328,0.3143169509507297,0.3840066370241417,6606.906749156544
64042.248328,1.3816059077637346,0.5452923089599157,6606.906749156544
64042.248328,0.28046446670009006,0.5108183538935457,6606.906749156544
64042.248328,-0.2284661510458989,0.8215062770506517,6606.906749156544
64042.248328,-0.17285683149784284,0.3891236332463486,6606.906749156544
64042.248328,0.42272750762515793,0.4913864091240615,6606.906749156544
64042.248328,0.32223004033838937,0.4586455548802614,6606.906749156544
64042.248328,0.0878468877728392,0.4186318154863146,6606.906749156544
64042.248328,0.5245487180265138,0.2527835148298063,6606.906749156544
64042.248328,0.2788275549307455,1.3310433327035207,6606.906749156544
64042.248328,0.9252980529622888,0.5005032575274813,6606.906749156544
64092.043225,0.2811003728858941,0.19644197867331945,6656.701646156544
64092.043225,0.562019295645768,0.16405854545137993,6656.701646156544
64092.043225,-0.1498261600294388,0.476531658331347,6656.701646156544
64092.043225,-0.05169408063423439,0.41330132209002013,6656.701646156544
64092.043225,0.4051128869459992,0.5126046779043092,6656.701646156544
64092.043225,-0.7786756610076527,0.29654953448015664,6656.701646156544
64092.043225,0.11779196908864642,0.2513275876305958,6656.701646156544
64092.043225,0.035968888863210334,0.25068079628359324,6656.701646156544
64092.043225,0.11547965674689434,0.3604283540515946,6656.701646156544
64092.043225,-1.240326369610258,0.7105958748727083,6656.701646156544
64092.043225,-0.13771018075301134,0.2683697831873204,6656.701646156544
64092.043225,0.8810777952561057,0.9357922022176162,6656.701646156544
64092.043225,0.735660463600793,0.26219247297085624,6656.701646156544
64092.043225,-0.08481977792812838,0.1986556886641316,6656.701646156544
64092.043225,0.17302524406344474,0.16101640834804262,6656.701646156544
64092.043225,0.20461967514216942,0.3818538433435656,6656.701646156544
64092.043225,-0.6798298621981048,0.35636216740874804,6656.701646156544
64092.043225,-0.2755591498619656,0.34973870359626064,6656.701646156544
64092.043225,0.11991592110461398,0.17902388321378498,6656.701646156544
64092.043225,-0.34143558043558153,0.5245596607306162,6656.701646156544
64092.043225,-0.22471760570176028,0.35304082594618713,6656.701646156544
64092.043225,-0.28498165778104784,0.2416743395444728,6656.701646156544
64092.043225,-0.7006365455217098,0.27147568917887793,6656.701646156544
64092.043225,0.9141263287328335,0.39268284638595663,6656.701646156544
64092.043225,0.426920873517579,0.3222982078587924,6656.701646156544
64092.043225,-0.24844328887298994,0.28634119452637485,6656.701646156544
64092.043225,0.02002739347458623,0.35785680082177385,6656.701646156544
64092.043225,0.3299327074258054,0.4473082657256764,6656.701646156544
64092.043225,-0.4607814038821249,0.5931453263903622,6656.701646156544
64099.035044,-1.3239214022292478,0.26547494941960764,6663.693465156539
64099.035044,0.23532072637272428,0.6317913439240672,6663.693465156539
64099.035044,-0.21082984554178977,0.238455589113741,6663.693465156539
64099.035044,-0.2501104799192881,0.5175113192545581,6663.693465156539
64099.035044,0.9626132001604145,0.5625347462442587,6663.693465156539
64099.035044,-1.1592374390887272,0.5396393939852187,6663.693465156539
64099.035044,-0.056965946334969535,0.3410379421697295,6663.693465156539
64099.035044,0.24605011006639077,0.8437492267902903,6663.693465156539
64099.035044,-0.42350571643067303,0.36843452071007227,6663.693465156539
64099.035044,-0.2292026247312897,0.7288728437047851,6663.693465156539
64099.035044,-1.5774425543028643,0.6987049731998902,6663.693465156539
64099.035044,-1.3398143774099758,0.34596120388585827,6663.693465156539
64099.035044,-0.5278697099221523,0.2271819744675324,6663.693465156539
64099.035044,-0.10899648680446573,0.3900979855367441,6663.693465156539
64099.035044,-0.6232525978816402,0.4870630065956282,6663.693465156539
64099.035044,-0.12975263829210906,0.4255554367701996,6663.693465156539
64099.035044,-1.3704444712578367,0.8584131498910842,6663.693465156539
64099.035044,0.3221733748404451,0.3230844322858892,6663.693465156539
64099.035044,0.6256399392556239,0.3578947097112706,6663.693465156539
64099.035044,-0.09961704958868113,1.0728604385333038,6663.693465156539
64099.035044,-1.5257988623474883,0.4900814338508696,6663.693465156539
64099.035044,-0.34957653329263483,0.47773396979673993,6663.693465156539
64099.035044,0.7762829526869223,0.34914843471175444,6663.693465156539
64099.035044,-0.0013857872265434661,0.6215464840695604,6663.693465156539
64099.035044,0.20396347026548084,0.3107760098906877,6663.693465156539
64099.035044,-1.3887775700562048,0.42557108573796504,6663.693465156539
64099.035044,0.6254742354204719,0.46443788484241605,6663.693465156539
64099.035044,-1.1974676032704252,0.5071653012240369,6663.693465156539
64099.035044,2.3980297624569498,1.336511233718148,6663.693465156539
64151.983295,0.4975805853445078,0.24320097712764632,6716.6417161565405
64151.983295,-1.299560396315272,0.36717891581715184,6716.6417161565405
64151.983295,0.5923839313242988,0.2301090658699023,6716.6417161565405
64151.983295,-0.4946936759247856,0.3494465242281772,6716.6417161565405
64151.983295,-0.25619213062669205,0.41617147016008976,6716.6417161565405
64151.983295,0.5977429473793106,0.33599791103929494,6716.6417161565405
64151.983295,0.6953661457534348,0.4859078962557291,6716.6417161565405
64151.983295,-1.023924314356006,0.3500787034997777,6716.6417161565405
64151.983295,-0.9224773312855368,0.45445591058117235,6716.6417161565405
64151.983295,0.4602283209337495,0.19309763239284275,6716.6417161565405
64151.983295,-0.3162615731545896,0.2487867864077086,6716.6417161565405
64151.983295,0.2313296520677193,0.2633488330809159,6716.6417161565405
64151.983295,0.28452867966902395,0.20107019283054425,6716.6417161565405
64151.983295,0.12058766873970804,0.1622708161212309,6716.6417161565405
64151.983295,0.6240586462720082,0.27629615143387276,6716.6417161565405
64151.983295,-0.00899118994412139,0.2415424691330561,6716.6417161565405
64151.983295,-1.359061912214734,0.6845467507298895,6716.6417161565405
64151.983295,-0.024524298951801315,0.15222139444667881,6716.6417161565405
64151.983295,0.5320142677852203,0.17693352928134712,6716.6417161565405
64151.983295,-0.7173551016089001,0.5097855871000692,6716.6417161565405
64151.983295,-0.3322665831642129,0.5679366500187719,6716.6417161565405
64151.983295,-1.0490912629072753,0.8662717464602139,6716.6417161565405
64151.983295,-0.03460723260507327,0.35300038961469293,6716.6417161565405
64151.983295,-0.25338873264719275,0.2930175436215494,6716.6417161565405
64151.983295,-0.10151857014880901,0.30185856899999813,6716.6417161565405
64151.983295,-0.3010672652921984,0.3426572722418875,6716.6417161565405
64151.983295,-0.3651796791877447,0.261034316518152,6716.6417161565405
64151.983295,0.6155425976098708,0.3601100757179971,6716.6417161565405
64151.983295,-1.5671335981071965,0.4381224709830951,6716.6417161565405
64243.986343,0.46615426977125285,0.4179999562300764,6808.644764156539
64243.986343,1.7717503522280946,0.4173197074598494,6808.644764156539
64243.986343,1.65802110010999,0.2996201844753604,6808.644764156539
64243.986343,1.3728253022518269,0.25961501551052585,6808.644764156539
64243.986343,2.774088859442357,0.6732928537459895,6808.644764156539
64243.986343,1.986130262590973,0.9414032306497772,6808.644764156539
64243.986343,0.36470176633642437,0.44343882290126624,6808.644764156539
64243.986343,-0.1867117255622059,0.4494196554964306,6808.644764156539
64243.986343,2.308073636121587,0.5914853049461846,6808.644764156539
64243.986343,1.1307707949204013,0.4787732273449444,6808.644764156539
64243.986343,-0.8710402546354586,0.7458802479358806,6808.644764156539
64243.986343,0.316841896736278,0.3443431409388389,6808.644764156539
64243.986343,2.083905432803388,0.3403779683188243,6808.644764156539
64243.986343,1.1499483266456865,0.22041657915879112,6808.644764156539
64243.986343,1.3248556521598647,0.2423317451676172,6808.644764156539
64243.986343,1.5701437233425801,0.2584943314479631,6808.644764156539
64243.986343,1.6200646683712228,0.3341546075571292,6808.644764156539
64243.986343,0.41690595249654633,0.41723213762360956,6808.644764156539
64243.986343,0.09789254066869611,0.38361712443517487,6808.644764156539
64243.986343,1.162971385857445,0.21370241377321428,6808.644764156539
64243.986343,1.2553769942757909,0.43525585443462567,6808.644764156539
64243.986343,-0.6296270573106824,0.3106129494979647,6808.644764156539
64243.986343,0.5205732180156333,0.35557740736522203,6808.644764156539
64243.986343,0.7974970226039485,1.2607417482297432,6808.644764156539
64243.986343,0.16227923919716253,0.551132461073315,6808.644764156539
64243.986343,1.363553901061933,0.36627831026220814,6808.644764156539
64243.986343,-0.596282379171104,0.671096570003542,6808.644764156539
64243.986343,1.9678138551684767,0.5184204951563186,6808.644764156539
64243.986343,1.1373101277540374,0.45963798609231793,6808.644764156539
64325.358509,0.2713478862198423,0.28115579105421334,6890.01693015654
64325.358509,-1.0634212753337628,0.4402089602469225,6890.01693015654
64325.358509,-0.4838252692600569,0.38578116526248896,6890.01693015654
64325.358509,-0.12600522858292026,0.177794588713721,6890.01693015654
64325.358509,-0.09605880050436216,0.27080706367273133,6890.01693015654
64325.358509,-0.5418609907652921,0.5328628767283433,6890.01693015654
64325.358509,0.311716794433969,0.8444762570951024,6890.01693015654
64325.358509,-0.2070751583267362,0.21112574717622348,6890.01693015654
64325.358509,-0.5946166404358205,0.3205876642939272,6890.01693015654
64325.358509,0.24540382522972445,0.2814549093823462,6890.01693015654
64325.358509,-1.2631315025290542,0.5988899770284772,6890.01693015654
64325.358509,1.3001739810938353,0.4270652154243587,6890.01693015654
64325.358509,-1.8645586763393158,0.6959571829646912,6890.01693015654
64325.358509,-2.254372872274371,1.0763953711651713,6890.01693015654
64325.358509,0.30056805228045635,0.42267171549266697,6890.01693015654
64325.358509,0.27735034039456635,0.2375620825631538,6890.01693015654
64325.358509,0.43922513873280805,0.4099212169185428,6890.01693015654
64325.358509,0.19710685669922187,0.2219828642076339,6890.01693015654
64325.358509,-0.04315958359271555,0.41626936665113784,6890.01693015654
64325.358509,-0.16334475398424328,0.265321261431129,6890.01693015654
64325.358509,-0.40516791490967485,0.28724882660252815,6890.01693015654
64325.358509,0.028501562482398757,0.31181022996352215,6890.01693015654
64325.358509,-0.6208449982186216,0.40722923885799023,6890.01693015654
64325.358509,-0.12111739651213665,0.5807327056734428,6890.01693015654
64325.358509,-0.03920259801833893,0.33376434673079886,6890.01693015654
64325.358509,0.2211457758804265,0.38187843408547456,6890.01693015654
64325.358509,0.38185241684039334,0.5379680660111482,6890.01693015654
64325.358509,1.051630066138001,0.3258044211025667,6890.01693015654
64325.358509,-0.5037424204046891,0.17973555650038037,6890.01693015654
64355.350064,-0.034021497626303396,0.34708693319292344,6920.008485156541
64355.350064,0.9005222617091532,0.4030597077398819,6920.008485156541
64355.350064,-1.1394286453820763,0.6032768997245886,6920.008485156541
64355.350064,-0.11734474241921958,0.4671779793024938,6920.008485156541
64355.350064,-0.9184679222989106,0.417492001347534,6920.008485156541
64355.350064,-0.007724158681217828,0.291887600311558,6920.008485156541
64355.350064,-1.0140317344711316,0.5082801260481116,6920.008485156541
64355.350064,-0.4014668712430886,0.769111773219503,6920.008485156541
64355.350064,-0.8055625117291662,0.5272241416687202,6920.008485156541
64355.350064,-0.36741036834188895,0.6414780936605521,6920.008485156541
64355.350064,-0.25091601076009246,0.4332208746202148,6920.008485156541
64355.350064,-0.8468125587637061,0.29946259750636045,6920.008485156541
64355.350064,0.17068165946381944,0.24472072109040333,6920.008485156541
64355.350064,-0.38547724933328376,0.2308921188708023,6920.008485156541
64355.350064,1.7742254651548734,0.5090365485724875,6920.008485156541
64355.350064,-1.5603836135431988,0.3625600038788291,6920.008485156541
64355.350064,-0.12356623407847134,0.40831820388372325,6920.008485156541
64355.350064,0.2537133471346358,0.49220467286934555,6920.008485156541
64355.350064,-0.4642749940199846,0.21960473172174216,6920.008485156541
64355.350064,0.40786677536827265,0.3559239046394538,6920.008485156541
64355.350064,1.4968593277766522,0.6447624008008713,6920.008485156541
64355.350064,-1.5832055385599193,0.9692697355467461,6920.008485156541
64355.350064,-0.8680206834126631,0.35326117327943707,6920.008485156541
64355.350064,-0.19325707346548923,0.3166492171589297,6920.008485156541
64355.350064,0.13423534117082225,0.6625753686061581,6920.008485156541
64355.350064,-1.1825050843085023,0.8184760301643506,6920.008485156541
64355.350064,0.8943569834344862,1.2162174113963509,6920.008485156541
64355.350064,-0.29495929252496333,0.4913864091240615,6920.008485156541
64355.350064,0.3467829041564438,0.5002110781593974,6920.008485156541
64385.271792,-0.480790012255631,0.3696943031390332,6949.930213156542
64385.271792,-0.28979299629916383,0.5323383135339892,6949.930213156542
64385.271792,-0.02658028502112591,0.4344686641067833,6949.930213156542
64385.271792,0.4256713335390588,0.33659063203249173,6949.930213156542
64385.271792,-0.05168217158712613,0.2197401998168389,6949.930213156542
64385.271792,-0.45987455724031046,0.32738734032379957,6949.930213156542
64385.271792,-0.41789362207007913,0.22909557693033253,6949.930213156542
64385.271792,0.09367035092337275,0.252390469233524,6949.930213156542
64385.271792,0.16220061156945867,0.1492446205108328,6949.930213156542
64385.271792,-0.12515780548700034,0.2741438758096853,6949.930213156542
64385.271792,-2.48341480544896,0.6306311216901016,6949.930213156542
64385.271792,0.21395570401502487,0.2789230288650698,6949.930213156542
64385.271792,-0.4336180239228175,0.2905485320960725,6949.930213156542
64385.271792,-0.1688569770554515,0.42134228895591147,6949.930213156542
64385.271792,-0.2560806174864542,0.3450300892976457,6949.930213156542
64385.271792,-0.5277598195212254,0.2891461106853822,6949.930213156542
64385.271792,-0.006998424793398684,0.16006138682667,6949.930213156542
64385.271792,-0.8294875272923727,0.25103725758766965,6949.930213156542
64385.271792,-0.2699624310774921,0.14714387563535344,6949.930213156542
64385.271792,0.2290778876861929,0.34486079687073046,6949.930213156542
64385.271792,-0.33229933083897156,0.2542662088714986,6949.930213156542
64385.271792,-0.12481580151038789,0.46339642903409134,6949.930213156542
64385.271792,0.03229604748520353,0.33751177568183693,6949.930213156542
64385.271792,0.3750592185562941,0.5244393260834787,6949.930213156542
64385.271792,-0.22287472402143277,0.20044861004196673,6949.930213156542
64385.271792,0.06479828664391106,0.84361901368533,6949.930213156542
64385.271792,1.0072852240961157,0.4253422348195048,6949.930213156542
64385.271792,0.03597643789213559,0.18975678044621697,6949.930213156542
64385.271792,-1.3376557847639372,0.36645664518449983,6949.930213156542
64415.217815,-0.18196179633111476,0.33288451581431144,6979.876236156546
64415.217815,-0.6100057282905282,0.24007912938246304,6979.876236156546
64415.217815,-0.08029820055007537,0.27249395195860515,6979.876236156546
64415.217815,-1.759432182325637,0.41724777568636584,6979.876236156546
64415.217815,0.08615430956209245,0.31716532111945667,6979.876236156546
64415.217815,-1.1187183165789247,0.4714665776607162,6979.876236156546
64415.217815,-0.09902593126359047,0.2741902773740693,6979.876236156546
64415.217815,0.21942401800413597,0.2278251763188889,6979.876236156546
64415.217815,-0.16526807967797905,0.1736486873875162,6979.876236156546
64415.217815,-0.4057527045606151,0.20206223928201836,6979.876236156546
64415.217815,-0.2154912283221222,0.2544747947688501,6979.876236156546
64415.217815,-0.8359150817734204,0.33843115599345025,6979.876236156546
64415.217815,-0.5229110534242455,0.25148157131791327,6979.876236156546
64415.217815,-0.5087702908098377,0.45170147190691073,6979.876236156546
64415.217815,-1.3704444712578367,0.5548910399679093,6979.876236156546
64415.217815,0.6068225417509903,0.3100023095368695,6979.876236156546
64415.217815,0.4565306630496596,0.315552708696423,6979.876236156546
64415.217815,-0.06536907724026139,0.3781959489696313,6979.876236156546
64415.217815,-0.24174270378625867,0.3200968566699067,6979.876236156546
64415.217815,-0.8124563125399139,0.2344389032592511,6979.876236156546
64415.217815,0.36521482303203295,0.3305533023341082,6979.876236156546
64415.217815,-0.7175265059997317,0.6869699250687563,6979.876236156546
64415.217815,-0.43198743800503847,0.1986703780823536,6979.876236156546
64415.217815,-0.02086528680927193,0.5328422182073416,6979.876236156546
64415.217815,-0.3812262609136294,0.29297243870870243,6979.876236156546
64415.217815,0.5779998533024876,0.917826241740984,6979.876236156546
64415.217815,-0.6428814301707547,0.15898678975542024,6979.876236156546
64415.217815,-0.03564125787336514,0.39812469218417645,6979.876236156546
64415.217815,-0.2740879603009134,0.15608252228609923,6979.876236156546
64445.35571,-0.559699466858563,0.403866234633187,7010.014131156546
64445.35571,-1.172317310398955,0.2514450017867823,7010.014131156546
64445.35571,0.14001257163898137,0.3922676754600073,7010.014131156546
64445.35571,-0.7422492018782568,0.2144405892847492,7010.014131156546
64445.35571,0.5026332571782515,0.3970116161788636,7010.014131156546
64445.35571,-1.021808051825937,0.38296989250563906,7010.014131156546
64445.35571,-0.3285062847963824,0.2939766287299833,7010.014131156546
64445.35571,-0.7405149444062256,0.3142829518506238,7010.014131156546
64445.35571,-0.18206175207516226,0.38392368966206086,7010.014131156546
64445.35571,-0.3130729245548545,0.4888440332573463,7010.014131156546
64445.35571,-0.49434440292801013,0.3956988436700273,7010.014131156546
64445.35571,-0.5162463474705903,0.2825835324349697,7010.014131156546
64445.35571,-0.17107416961913757,0.3070512886523036,7010.014131156546
64445.35571,-0.5240855154977329,0.21855711595810148,7010.014131156546
64445.35571,-0.7072669921600797,0.19067014083736733,7010.014131156546
64445.35571,0.1598986440419853,0.38358968314117803,7010.014131156546
64445.35571,-0.7470685179253704,0.16764649575060908,7010.014131156546
64445.35571,-0.8908117655151363,0.6267568948858161,7010.014131156546
64445.35571,-3.1776670150299826,0.9521959052614974,7010.014131156546
64445.35571,-0.34272862570654805,0.2644869178417229,7010.014131156546
64445.35571,-1.8255229724466053,0.7475492835404278,7010.014131156546
64445.35571,-0.30587885964273903,0.5027941858272439,7010.014131156546
64445.35571,0.4121014440730847,0.2689014627555659,7010.014131156546
64445.35571,-0.005887295433810731,0.5356030220091559,7010.014131156546
64445.35571,-0.6137565330292514,0.17217208625744163,7010.014131156546
64445.35571,0.16270115168438473,0.33027465229149255,7010.014131156546
64445.35571,-1.3253581975191333,0.27055574432653795,7010.014131156546
64445.35571,-1.6100671896182375,0.5595895246416427,7010.014131156546
64445.35571,-2.5594859568575345,0.45097201550968347,7010.014131156546
64472.234961,-1.3404522741152634,0.9600071924252506,7036.893382156544
64472.234961,0.11783731592409365,0.1584203221793712,7036.893382156544
64472.234961,0.2856646387409734,0.27595576260054755,7036.893382156544
64472.234961,0.05948573453211959,0.3545180181169057,7036.893382156544
64472.234961,-0.2479764827029374,0.5088458901653224,7036.893382156544
64472.234961,0.704285783709178,0.5449474046294585,7036.893382156544
64472.234961,0.7792083689204086,0.34447947497075326,7036.893382156544
64472.234961,0.020394588877968918,0.2411643827390467,7036.893382156544
64472.234961,-1.1379472537931328,0.7251349209059088,7036.893382156544
64472.234961,-0.5477009306029759,0.312576916206439,7036.893382156544
64472.234961,7.983475312090683,0.2892482383886244,7036.893382156544
64472.234961,-0.3926583437167046,0.2504479954355262,7036.893382156544
64472.234961,0.881704184848062,0.6114339739540652,7036.893382156544
64472.234961,-0.22383466421618287,0.25468338066620144,7036.893382156544
64472.234961,2.2513546829087683,0.1680524194691334,7036.893382156544
64472.234961,-0.5037993567132667,0.476531658331347,7036.893382156544
64472.234961,-0.19576067180504822,0.3914764474723288,7036.893382156544
64472.234961,-0.5182550759674388,0.3593542930796863,7036.893382156544
64472.234961,-0.6077852692102165,0.4011031927922244,7036.893382156544
64472.234961,-0.4833442696782486,0.2521767601147826,7036.893382156544
64472.234961,-0.2557025082535174,0.27640330335756763,7036.893382156544
64472.234961,0.4920036725344444,0.3726820136395571,7036.893382156544
64472.234961,-0.4434040534951525,0.20636525058882263,7036.893382156544
64472.234961,-0.006998424793398684,0.18111423714622285,7036.893382156544
64472.234961,-0.3068542404208124,0.19164234917693815,7036.893382156544
64472.234961,-0.3865788840334895,0.3603703932668692,7036.893382156544
64472.234961,-0.3636108490787286,0.3772441135275937,7036.893382156544
64472.234961,0.011456319563421897,0.3015503698002267,7036.893382156544
64472.234961,-0.7444058950760419,0.4525002366671351,7036.893382156544
64539.059606,-0.6439039442332355,0.2731797402441646,7103.718027156545
64539.059606,-0.3181746179863316,0.3592299967403442,7103.718027156545
64539.059606,-1.1337349687326304,0.35080859770291717,7103.718027156545
64539.059606,0.43585661451130664,0.613411125042033,7103.718027156545
64539.059606,1.6323721237249884,0.3503230623324285,7103.718027156545
64539.059606,-0.5020368112866103,0.37910359985275244,7103.718027156545
64539.059606,-0.6496776245114595,0.7838968986234308,7103.718027156545
64539.059606,-0.7030988234054957,0.4318160122044196,7103.718027156545
64539.059606,-0.051651849820739414,0.26777752578290054,7103.718027156545
64539.059606,-1.0294287059020208,0.2805841206488732,7103.718027156545
64539.059606,0.30056805228045635,0.3811375006754685,7103.718027156545
64539.059606,-0.40037394042711033,0.23218331842964823,7103.718027156545
64539.059606,-0.06322352325551527,0.2838854062954139,7103.718027156545
64539.059606,0.29798743638487846,0.6263080070086564,7103.718027156545
64539.059606,-0.4013100613392474,0.3331400395599382,7103.718027156545
64539.059606,-0.3657382919820033,0.30684384677043575,7103.718027156545
64539.059606,-0.2830418792115243,0.4540752942406522,7103.718027156545
64539.059606,0.005573248411127394,0.25492705602968607,7103.718027156545
64539.059606,0.3973353793396722,0.3602519307809678,7103.718027156545
64539.059606,-0.36347442680837105,0.17588506255852066,7103.718027156545
64539.059606,-0.2952885821793689,0.374888462409942,7103.718027156545
64539.059606,-0.7868171900589406,0.2214686181901645,7103.718027156545
64539.059606,-0.05309825979195712,0.3036502477360864,7103.718027156545
64539.059606,-0.4086450018118149,0.19679189163950678,7103.718027156545
64539.059606,-0.5312029239504474,1.0490558660920355,7103.718027156545
64539.059606,-0.4602157568347397,0.17968889940016858,7103.718027156545
64539.059606,-0.2734764341061089,0.546221638623136,7103.718027156545
64539.059606,-0.34229657272878045,0.46460521884251355,7103.718027156545
64539.059606,0.0942971031596011,0.5156026527248644,7103.718027156545
64558.989567,-0.474036543097443,0.2854715716815535,7123.647988156539
64558.989567,-0.17651750589579188,0.27101879710797194,7123.647988156539
64558.989567,0.2809432073744861,0.27241318194108055,7123.647988156539
64558.989567,-0.7017198537837944,0.4445598857276464,7123.647988156539
64558.989567,-0.25319203320031486,0.2831815860012137,7123.647988156539
64558.989567,0.27082830741836333,0.3113156855861019,7123.647988156539
64558.989567,-0.8776562299308679,0.36717891581715184,7123.647988156539
64558.989567,1.349469961412983,0.34784045270716946,7123.647988156539
64558.989567,-0.6481602644155974,0.3634276727304747,7123.647988156539
64558.989567,0.6479291986807488,0.2240398482775118,7123.647988156539
64558.989567,0.17258978326915414,0.349006328747143,7123.647988156539
64558.989567,-0.10866612312429313,0.34204647496516405,7123.647988156539
64558.989567,0.7883329330775767,0.19489055377067788,7123.647988156539
64558.989567,-0.22502676021548798,0.33511807514508635,7123.647988156539
64558.989567,1.0148734893182476,0.4728687380528579,7123.647988156539
64558.989567,0.7559807605464197,0.19723982462502915,7123.647988156539
64558.989567,-0.6729230904558792,0.3380515288729105,7123.647988156539
64558.989567,0.5990544696716578,0.32255387814452113,7123.647988156539
64558.989567,1.18659971667292,0.26939111610939165,7123.647988156539
64558.989567,1.495826095043472,0.976410895469132,7123.647988156539
64558.989567,0.9036279109530555,0.2331566485468033,7123.647988156539
64558.989567,-0.957315344046427,0.5096935974710445,7123.647988156539
64558.989567,-1.088535390833835,0.5581799792395227,7123.647988156539
64558.989567,-0.2171410050237246,0.7445203156168443,7123.647988156539
64558.989567,0.3931788702265508,0.44379664533450947,7123.647988156539
64558.989567,0.32823930631857107,0.18454867392770485,7123.647988156539
64558.989567,-0.8243838468622645,0.3118291245408733,7123.647988156539
64558.989567,0.7250815012567337,0.18388344449158817,7123.647988156539
64558.989567,-0.9204690318346544,0.5768338299146273,7123.647988156539
64739.288407,-0.30176326464617825,0.21102684617119397,7303.946828156542
64739.288407,-1.7989748306275675,0.8256530532086981,7303.946828156542
64739.288407,-0.06490640421014632,0.28418577602249456,7303.946828156542
64739.288407,-0.28160932068396954,0.14315576473296548,7303.946828156542
64739.288407,-0.5004409991775559,0.26307592517059103,7303.946828156542
64739.288407,-0.6224800971595409,0.2826652495838133,7303.946828156542
64739.288407,0.05175584674202281,0.3552555372019404,7303.946828156542
64739.288407,-0.25890895045458595,0.3721676578367261,7303.946828156542
64739.288407,-0.39941852356530894,0.19472782528175453,7303.946828156542
64739.288407,-0.35027396106533204,0.3806212283549656,7303.946828156542
64739.288407,0.0023747907758208007,0.36204720618353076,7303.946828156542
64739.288407,-0.5381218305998651,0.14755642855769557,7303.946828156542
64739.288407,-0.2349686364979622,0.3435220906556103,7303.946828156542
64739.288407,0.12837864085067682,0.2348123796818288,7303.946828156542
64739.288407,-0.34272862570654805,0.23507630631515908,7303.946828156542
64739.288407,-0.6430042922726169,0.4629716843695321,7303.946828156542
64739.288407,-0.27575821610683693,0.16648175961915784,7303.946828156542
64739.288407,0.35677057099259163,0.5531080168590128,7303.946828156542
64739.288407,0.21950355595452672,0.21635037822256845,7303.946828156542
64739.288407,-0.6606483097997816,0.24126235552230904,7303.946828156542
64739.288407,-0.15576560894762415,0.35324485601326605,7303.946828156542
64739.288407,0.07033416035286842,0.4473082657256764,7303.946828156542
64739.288407,0.10518678811912528,0.44341803670608565,7303.946828156542
64739.288407,0.2564972502468562,0.27129531611380264,7303.946828156542
64739.288407,-0.25338873264719275,0.28881391641347653,7303.946828156542
64739.288407,-1.8867081245029937,0.6542570714940535,7303.946828156542
64739.288407,-1.50128391405389,0.3499868395625696,7303.946828156542
64739.288407,-1.8919762700422391,0.5332780104687359,7303.946828156542
64739.288407,-0.478628606057085,0.4376975806856116,7303.946828156542
64769.19915,-1.2954813449953766,0.5408558198792685,7333.857571156543
64769.19915,-0.9036965440094068,0.32080358578249657,7333.857571156543
64769.19915,-0.20976473442222873,0.5802012117878723,7333.857571156543
64769.19915,-0.5806591192300358,0.5303798007890163,7333.857571156543
64769.19915,-0.16531078958618503,0.4274072642068096,7333.857571156543
64769.19915,-0.5670035920494326,0.5976472504988829,7333.857571156543
64769.19915,-0.4762484192235888,0.423747618411881,7333.857571156543
64769.19915,-0.34879006426143677,0.2725815364334111,7333.857571156543
64769.19915,1.2700822454558143,0.8147923714439828,7333.857571156543
64769.19915,-0.45151956240329244,0.3208387117992474,7333.857571156543
64769.19915,-0.9593784077937408,0.4789559591928619,7333.857571156543
64769.19915,-0.773988671166473,0.29620083857549895,7333.857571156543
64769.19915,-0.9446714744869509,0.20440675239338751,7333.857571156543
64769.19915,-0.7919596502336342,0.22643966302570243,7333.857571156543
64769.19915,-0.28964634504632236,0.2936913756910613,7333.857571156543
64769.19915,-0.7957793641483077,0.17590027802727345,7333.857571156543
64769.19915,-0.05804370356616049,0.332086549437756,7333.857571156543
64769.19915,-0.7145048015963985,0.4203830951129405,7333.857571156543
64769.19915,-0.18211748474587955,0.274707626811947,7333.857571156543
64769.19915,-0.02315450438300273,0.4235879114077522,7333.857571156543
64769.19915,-0.48036442147196956,0.1816608034713102,7333.857571156543
64769.19915,-0.8617380637451055,0.4181730375352132,7333.857571156543
64769.19915,0.37061062860836685,0.6865657152968443,7333.857571156543
64769.19915,-0.4031278752602852,0.3444826939372398,7333.857571156543
64769.19915,-0.7266856311931018,0.24168580173217458,7333.857571156543
64769.19915,0.2892960516335353,0.2803350682585584,7333.857571156543
64769.19915,0.9089888690701167,0.429070821212548,7333.857571156543
64769.19915,0.45067587253331204,1.030308776899028,7333.857571156543
64769.19915,0.37600084096481984,0.409343294685348,7333.857571156543
64799.187713,-0.24878640856470263,0.5046972675298451,7363.846134156542
64799.187713,0.1620285443858892,0.3038975199247968,7363.846134156542
64799.187713,-1.29303312093933,0.4624526077899617,7363.846134156542
64799.187713,0.009781540817514879,0.28534550757687455,7363.846134156542
64799.187713,-2.80812016685712,0.7554246001417446,7363.846134156542
64799.187713,0.08330908412362262,0.5819001904461087,7363.846134156542
64799.187713,-0.4748412727941569,0.20981237512752443,7363.846134156542
64799.187713,-0.22582842388388355,0.41067027269877865,7363.846134156542
64799.187713,-0.4918090923071885,0.28502725795130984,7363.846134156542
64799.187713,-1.5177684927324582,1.0264031333171515,7363.846134156542
64799.187713,-0.5850879989686292,0.3924372502948534,7363.846134156542
64799.187713,-0.6893496727391838,0.191416695813238,7363.846134156542
64799.187713,-1.0321535747490338,0.5769739179344556,7363.846134156542
64799.187713,-0.19588355526621504,0.391331400704375,7363.846134156542
64799.187713,-0.9826332206246645,0.371652156202543,7363.846134156542
64799.187713,-0.9529759131226185,0.26799530721763315,7363.846134156542
64799.187713,-1.558100257704295,0.6401026647295988,7363.846134156542
64799.187713,0.2447369701218206,0.39346452572838264,7363.846134156542
64799.187713,-0.6929453554554401,0.17129980921732937,7363.846134156542
64799.187713,-0.788948309478367,0.290003274132,7363.846134156542
64799.187713,-0.5436364009643586,0.33580609174270687,7363.846134156542
64799.187713,0.3322005958792641,0.33800183283567087,7363.846134156542
64799.187713,0.4345827605656509,0.4216364203130321,7363.846134156542
64799.187713,-0.7375224097318861,0.16694641590777484,7363.846134156542
64799.187713,0.581543606896499,0.49723106323970273,7363.846134156542
64799.187713,0.8842670046596297,0.25683265694685153,7363.846134156542
64799.187713,-1.0076861648575473,0.4432380375088716,7363.846134156542
64799.187713,-0.39879958628604545,0.31657090420880357,7363.846134156542
64799.187713,-0.7033776532812461,0.2375620825631538,7363.846134156542
64823.134714,-0.3395755539623525,0.40050323040838376,7387.793135156542
64823.134714,0.15092271948319663,0.3869400748043415,7387.793135156542
64823.134714,-0.5023290423548723,0.2610162627588406,7387.793135156542
64823.134714,0.9181443542981262,0.2809702685642801,7387.793135156542
64823.134714,0.655331596223643,0.986565568782011,7387.793135156542
64823.134714,-0.4507442034025017,0.17725335708902173,7387.793135156542
64823.134714,0.4753418261132984,0.38596894523864717,7387.793135156542
64823.134714,-0.42892528692447246,0.31355833414496065,7387.793135156542
64823.134714,-0.3981425974898476,0.32204894397027023,7387.793135156542
64823.134714,-1.0798870943702996,0.5124075936839667,7387.793135156542
64823.134714,-1.2193580768913275,0.4826215197796709,7387.793135156542
64823.134714,0.12988315985356758,0.33233382162646613,7387.793135156542
64823.134714,-0.563529785810106,0.22214295871377174,7387.793135156542
64823.134714,0.2642563355863657,0.2753333845040016,7387.793135156542
64823.134714,-1.7557202145039712,0.6117427045200825,7387.793135156542
64823.134714,2.496208460922448,0.7881374537164478,7387.793135156542
64823.134714,-0.20078359899758969,0.2921362776352085,7387.793135156542
64823.134714,0.036587171022109684,0.5224359374078207,7387.793135156542
64823.134714,-1.229781101333002,0.38358968314117803,7387.793135156542
64823.134714,-0.25070996136819385,0.18454867392770485,7387.793135156542
64823.134714,-0.981999223280484,0.19768775761055155,7387.793135156542
64823.134714,-0.9916675735820233,0.4807498017366554,7387.793135156542
64823.134714,-0.8450984053721408,0.23158212320039664,7387.793135156542
64823.134714,1.0769901820726315,0.3815236564348967,7387.793135156542
64823.134714,0.6053973203045513,0.6193425783059365,7387.793135156542
64823.134714,-0.6222551968601203,0.26820494402038325,7387.793135156542
64823.134714,-0.17416062380953767,0.3820944481788172,7387.793135156542
64823.134714,-1.0662236919116836,0.32230383637851756,7387.793135156542
64823.134714,-0.571847722388398,0.3973151418793061,7387.793135156542
64829.103787,-0.7825370359161266,0.24298726800890497,7393.762208156542
64829.103787,-0.15879537467512422,0.4680686203442421,7393.762208156542
64829.103787,-0.4611226181832022,0.2952993256501391,7393.762208156542
64829.103787,0.04078109366232446,0.18663874396766575,7393.762208156542
64829.103787,-0.029849779679272596,0.24717428836154703,7393.762208156542
64829.103787,0.05234878690578773,0.44917817296588997,7393.762208156542
64829.103787,-0.764375014081653,0.4836520623158876,7393.762208156542
64829.103787,-0.12111739651213665,0.5844914934124295,7393.762208156542
64829.103787,-0.17920078816222762,0.17010932164573106,7393.762208156542
64829.103787,-0.5857057855541842,0.35313094899597286,7393.762208156542
64829.103787,-0.7450679185460771,0.26125647338327385,7393.762208156542
64829.103787,0.12315910190074607,0.20618595845103896,7393.762208156542
64829.103787,-0.35259253057670553,0.3317597012477363,7393.762208156542
64829.103787,-0.4561565196494948,0.160745792535693,7393.762208156542
64829.103787,-0.31028254720394227,0.2178688960678787,7393.762208156542
64829.103787,-0.9602026972669467,0.355866992515541,7393.762208156542
64829.103787,0.8604498106524076,0.565465211158812,7393.762208156542
64829.103787,-0.6121899658082365,0.2969891987938258,7393.762208156542
64829.103787,-1.110502916621079,0.23409709127492662,7393.762208156542
64829.103787,0.029133164487863263,0.36453436623151003,7393.762208156542
64829.103787,0.024629257582781453,0.2551387894649267,7393.762208156542
64829.103787,0.8072565962582153,0.34948027836559004,7393.762208156542
64829.103787,0.6853703366162656,0.3573164068832517,7393.762208156542
64829.103787,-0.6758448841367171,0.34798562738775835,7393.762208156542
64829.103787,-1.0398086930690256,0.722711746567042,7393.762208156542
64829.103787,-0.19898885113095627,0.30686478618931884,7393.762208156542
64829.103787,-0.12698917959822406,0.43161893014995806,7393.762208156542
64829.103787,-0.8514656976643221,0.8975168951152261,7393.762208156542
64829.103787,0.5017000400741435,0.2871519995772071,7393.762208156542
64853.044257,-0.43104165108793496,0.17812801724274005,7417.702678156544
64853.044257,-0.7653289440535735,0.3030143389215112,7417.702678156544
64853.044257,0.723399293614342,0.4944027895469132,7417.702678156544
64853.044257,-1.0079982659501014,0.46727738473128694,7417.702678156544
64853.044257,-0.22034176781023782,0.3225426779243091,7417.702678156544
64853.044257,-0.9605600777142537,0.24926000266669496,7417.702678156544
64853.044257,-1.4362232566901036,0.5633483123806294,7417.702678156544
64853.044257,-0.6299458553156502,0.2450641611387434,7417.702678156544
64853.044257,-0.362188495679668,0.27422485727957663,7417.702678156544
64853.044257,-1.071309959474294,0.7069611133644079,7417.702678156544
64853.044257,-0.6261501837455149,0.314552541632409,7417.702678156544
64853.044257,0.2788573484009721,0.25384903707679557,7417.702678156544
64853.044257,-0.5184723812005735,0.33537889798862064,7417.702678156544
64853.044257,0.08984299181084654,0.3493760422858461,7417.702678156544
64853.044257,0.8876356381119656,0.5570623190349485,7417.702678156544
64853.044257,0.05752532975352131,0.3146771794262097,7417.702678156544
64853.044257,-0.4565079562202265,0.3469298756058418,7417.702678156544
64853.044257,-0.9871821091739781,0.4095431823997838,7417.702678156544
64853.044257,-1.4011114808997815,0.39247348060019627,7417.702678156544
64853.044257,-0.7822661939059916,0.21210259899789488,7417.702678156544
64853.044257,-0.9844922034068493,0.4222705348089876,7417.702678156544
64853.044257,-0.24597163991205556,0.3273385484006468,7417.702678156544
64853.044257,-0.987382094313625,0.9365733309339914,7417.702678156544
64853.044257,-0.5037424204046891,0.15677011049000275,7417.702678156544
64853.044257,-0.6136876975109009,0.20141302350885718,7417.702678156544
64853.044257,-0.8573352274755953,0.243628395365129,7417.702678156544
64853.044257,0.32223004033838937,0.2749380690396349,7417.702678156544
64853.044257,-0.6753553276527123,0.15925740556776988,7417.702678156544
64853.044257,-0.04736011039902412,0.2278251763188889,7417.702678156544
64883.031302,0.7757824834327306,0.22554950933165846,7447.689723156545
64883.031302,1.0348993705327838,0.28708301109250534,7447.689723156545
64883.031302,1.0881726032950159,0.36534454987635007,7447.689723156545
64883.031302,-0.04570013347959034,0.24147493827422156,7447.689723156545
64883.031302,0.20685222060715105,0.15655124744427337,7447.689723156545
64883.031302,0.7565807822538656,0.30880158101432814,7447.689723156545
64883.031302,0.13593160004603377,0.2974912938044665,7447.689723156545
64883.031302,0.4697983999081327,0.27653959965129554,7447.689723156545
64883.031302,0.10498482158720103,0.1772321512716954,7447.689723156545
64883.031302,4.093079076991362,0.9451657468141198,7447.689723156545
64883.031302,0.35069874785331,0.23820011464567825,7447.689723156545
64883.031302,1.268870658286381,0.7045379390255411,7447.689723156545
64883.031302,0.9451160085142465,0.5309308306990047,7447.689723156545
64883.031302,1.9844602041621437,0.5931453263903622,7447.689723156545
64883.031302,-0.026208490766619928,0.36617296739574257,7447.689723156545
64883.031302,0.7743432138778946,0.37102358319634554,7447.689723156545
64883.031302,1.498813832508298,0.4172212020931755,7447.689723156545
64883.031302,1.6738544165033962,0.4652804728307259,7447.689723156545
64883.031302,1.8149784704372713,0.4441554138432681,7447.689723156545
64883.031302,0.7266160826653317,0.35412139411751736,7447.689723156545
64883.031302,0.025700496601021618,0.15429479295595006,7447.689723156545
64883.031302,0.1124575808241928,0.26258941457400486,7447.689723156545
64883.031302,0.6119025093375711,0.38760231946514434,7447.689723156545
64883.031302,0.8852980206015479,0.548783009892056,7447.689723156545
64883.031302,0.9201583233009741,0.3857460526325952,7447.689723156545
64883.031302,0.04524114336727248,0.26240105886820775,7447.689723156545
64883.031302,0.26489934597835635,0.30858869399008887,7447.689723156545
64883.031302,0.5090827739640048,0.1960991479950065,7447.689723156545
64883.031302,0.3221381022156648,0.4654937844562599,7447.689723156545
64889.030163,1.3021819630552212,0.3931657666451767,7453.688584156545
64889.030163,0.3681194221449751,0.17079690984963442,7453.688584156545
64889.030163,0.01613795304689006,0.30290843116995614,7453.688584156545
64889.030163,1.9691900971669072,0.9701618657381287,7453.688584156545
64889.030163,0.06477891912358405,0.1729235040914273,7453.688584156545
64889.030163,0.8171916867712978,0.360257160847276,7453.688584156545
64889.030163,1.029071651617789,0.5511322522289227,7453.688584156545
64889.030163,0.5728138294468739,0.7305870631683599,7453.688584156545
64889.030163,-0.07855871619783988,0.3230539616765279,7453.688584156545
64889.030163,0.5655683116920106,0.4584909723688183,7453.688584156545
64889.030163,-0.09210569204265417,0.18335390207383467,7453.688584156545
64889.030163,-0.26842730487496297,0.3645529743004248,7453.688584156545
64889.030163,0.4009587118831329,0.2514450017867823,7453.688584156545
64889.030163,0.6728220627124082,0.2502533780461106,7453.688584156545
64889.030163,1.3122379702301168,0.3914764474723288,7453.688584156545
64889.030163,0.02740567093431206,0.20569840698776903,7453.688584156545
64889.030163,1.035124761510969,0.3345121383963643,7453.688584156545
64889.030163,1.2918000783288976,0.37364013724478673,7453.688584156545
64889.030163,1.895986670266879,0.47729289101238753,7453.688584156545
64889.030163,0.9722996670460358,0.5249844053951759,7453.688584156545
64889.030163,0.8579783717924474,0.5921567508463783,7453.688584156545
64889.030163,-0.00972869499281489,0.2941356894213049,7453.688584156545
64889.030163,0.418453447130303,0.2674193287088817,7453.688584156545
64889.030163,0.5761508096934873,0.44379664533450947,7453.688584156545
64889.030163,0.42272750762515793,0.3493760422858461,7453.688584156545
64889.030163,0.9897762621854497,0.35815744281131073,7453.688584156545
64889.030163,0.6230240790309739,0.28179954732189877,7453.688584156545
64889.030163,-0.18701629646473028,0.19901427293969864,7453.688584156545
64889.030163,1.099954020475697,0.2821773959799328,7453.688584156545
64952.002281,-0.32634466379758076,0.18262342695677514,7516.660702156543
64952.002281,-0.31678937628942455,0.16872895900000756,7516.660702156543
64952.002281,-1.9512949303207527,0.9521959052614974,7516.660702156543
64952.002281,-0.4141156553088031,0.3113156855861019,7516.660702156543
64952.002281,-0.060016152035489295,0.23295344591364844,7516.660702156543
64952.002281,-0.7058510939972995,0.2608555922164228,7516.660702156543
64952.002281,-0.3343851898124865,0.2500944909244683,7516.660702156543
64952.002281,0.05341522052326778,0.36180263492752707,7516.660702156543
64952.002281,0.38607967102174745,0.3713647442478924,7516.660702156543
64952.002281,-0.4706671593219643,0.5911681753023944,7516.660702156543
64952.002281,-2.530060911472147,0.7639057103277792,7516.660702156543
64952.002281,0.453056635422409,0.21228189113567858,7516.660702156543
64952.002281,0.33901103302801255,0.3073013304183073,7516.660702156543
64952.002281,-0.2171232762452135,0.352952676645182,7516.660702156543
64952.002281,0.06765707279366802,0.19992742253816354,7516.660702156543
64952.002281,0.713340862282551,0.3130562391343202,7516.660702156543
64952.002281,-0.48160131974011844,0.4922790662241172,7516.660702156543
64952.002281,-1.2204836099067966,0.267699022471807,7516.660702156543
64952.002281,0.1198029208289195,0.24984979162477258,7516.660702156543
64952.002281,-0.6424212082412913,0.28964463846242594,7516.660702156543
64952.002281,-0.29085352497613,0.3539684668719971,7516.660702156543
64952.002281,-1.5923620906011682,0.44265680402504515,7516.660702156543
64952.002281,-0.18671267995283755,0.3429188911987965,7516.660702156543
64952.002281,1.4978271086945822,0.4542009320885117,7516.660702156543
64952.002281,-0.5773762819244398,0.24597919567128373,7516.660702156543
64952.002281,-0.6269595513546281,0.3650388222195495,7516.660702156543
64952.002281,0.06154231503142708,0.3645529743004248,7516.660702156543
64952.002281,-0.9281217899276591,0.5072156227425081,7516.660702156543
64952.002281,-1.2200929616983691,0.5957678566293896,7516.660702156543
