mjd,muJyas2,muJyas2_err
53316.094507881346,2.8774117893980495,0.8871527804198164
53316.09600288134,1.5015800422981265,0.8158193761926763
53327.8976536469,2.8874942596862576,0.8599203847658815
53327.899148646895,2.1519082982381565,0.7984656912921934
53334.25319367451,2.825748898941378,0.741969942837701
53334.254688674504,2.2911096434941136,0.732285596194237
53400.53239681954,1.338577907834443,0.7945281217213184
53400.533891819534,2.60712781128185,0.8547898812451057
53402.06822988134,3.6555779636126022,0.5571229165588061
53402.07407288134,2.271393887536716,0.5264224641066191
53402.076707881344,2.058251481614988,0.5286798503163386
53413.87137564689,2.6886571536282737,0.546857707142673
53413.87721864689,2.1180636844410525,0.5481936787399275
53413.8798536469,2.894218650059103,0.499653377373029
53420.2269156745,3.053703519933684,0.47304308604612466
53420.2327586745,1.7679202655783914,0.4052526595418769
53420.235393674506,2.5517191364184377,0.46261378966085537
53421.41488548167,2.9651364211370197,0.6390790367250928
53421.41638048166,2.961262175903654,0.6870785351915696
53440.48150556448,2.3271888741529363,0.46276906819259717
53440.483000564476,2.7975477767213563,0.47067514566741375
53479.761502881345,4.260557467817464,0.595047004882096
53486.50611881953,3.375425379738452,0.5085165399814967
53486.51196181953,2.689090293962149,0.5479184596701274
53486.514596819536,3.412973091441735,0.5085165399814967
53491.5646486469,4.625637840100401,0.6426023382792161
53497.92018867451,3.5863425853242017,0.49352920394576
53507.38860748166,2.5979745432245185,0.4028529335579312
53507.39445048166,1.7430349048244693,0.3651390419056994
53507.397085481665,2.1462306919428755,0.422052732944522
53526.455227564475,2.675003575861699,0.28909889966245933
53526.46107056447,2.317727934774739,0.302802767285475
53526.46370556448,2.2999656140479843,0.2964779053056215
53548.77272888134,3.2320923106691986,0.6031735952370866
53549.77277688134,1.6523734411073967,0.7318446091911059
53560.57587464689,3.5341490451438116,0.6613059406407737
53561.575922646894,2.2329572418049057,0.6746656566133146
53564.19939181954,4.7211168251042555,0.6081802191939147
53566.9314146745,2.963192126304386,0.5467931104848115
53567.9314626745,2.194776467632611,0.6250128333743284
53585.081880481666,4.211923393803758,0.41862419733977335
53604.14850056448,3.234727507487131,0.32441271238330704
53633.21061781953,2.7863898579932487,0.6911560265382064
53634.21066581953,2.4385867951417293,0.9581619764282177
53654.09310648166,2.2178870860821167,0.48856632367664
53655.09315448166,1.261668505917802,0.7134782593481316
53673.09135888134,13.588980240862888,1.400933881752006
53673.159726564474,2.513324291501701,0.35392873495595556
53674.159774564476,2.814545843292212,0.56106796479615
53684.894504646894,-0.811321236857987,1.3284010915363151
53691.2500446745,0.7134439060535254,1.0731001030699878
53728.99593088134,2.307557214616425,0.7715746064821715
53737.143806881344,1.409027207699621,1.1860307145866966
53740.799076646894,1.2309340114777623,0.8024736060839557
53747.1546166745,0.5525347618236633,0.6387944035977191
53748.9469526469,-0.2671354729098212,1.084363613104568
53755.302492674506,1.7146563590393402,0.9270899536762238
53757.52924781953,0.44114124292634926,1.5148879240287447
53763.97216088134,-2.953145903962602,1.611322276497876
53775.775306646894,-0.6732708384750641,1.6232054906637172
53778.41173648166,0.2543647452427358,1.0796458619352558
53782.1308466745,1.0475538652530325,1.2887630533225127
53797.478356564476,0.7949119987587352,0.8965491856442002
53813.43381981953,1.9560291669550942,0.9220049207139454
53821.581695819536,1.8100102881089928,1.328076469505004
53834.31630848166,1.649778736375314,0.6263934549875237
53842.464184481665,2.6333913160215694,1.02890353498498
53848.41004981953,3.190468133200059,1.6956732026001067
53853.382928564475,1.8010921253870578,0.4941298421760363
53861.53080456448,2.01323853762797,0.7653082995622449
53869.29253848166,0.6033896698061181,1.2092445077947431
53888.359158564475,1.2474031662340703,0.9189497384895139
54111.02660088134,2.8153336686307595,0.6835365443031052
54114.02498488134,2.2781660461658753,1.0862542441170888
54117.04484988134,2.1435806803423905,1.4072545631392208
54122.829746646894,1.6361787293115029,0.7330030830267431
54125.82813064689,3.7946635066083587,1.16986579532883
54128.847995646895,1.5773959790323229,1.4780299104287729
54129.1852866745,1.1414175327204514,0.5952148437021317
54132.1836706745,2.3848503942541353,0.9099561096147106
54135.203535674504,3.7219234383326976,1.225814800139997
54138.192316881345,-0.25556938334763935,2.5278210776440484
54144.01825688134,2.051479322985829,1.1350137862470329
54149.9954626469,6.3214311208815905,2.6189496544837647
54155.82140264689,1.7141104058179923,1.1467089543097593
54156.351002674506,2.8935393254456256,2.303012126789912
54162.1769426745,2.18255929186701,1.0246783698526685
54195.46448981953,1.9917226706730293,0.7625430339740775
54198.46287381953,1.7122008168819232,1.1074257192486754
54199.75596388134,2.4038121625988698,1.1864821918286403
54201.48273881953,0.46061042677249553,1.6627610108601922
54211.55910964689,2.0583457540437955,1.1418103917864941
54216.34697848166,3.016050174867533,0.5341658472197931
54217.9146496745,-0.2341321655223343,1.0064271011784478
54219.34536248166,3.671929036055892,0.7707348039474293
54222.36522748166,0.1909368365548918,1.1759877124286842
54222.630205819536,1.415527539226355,2.806807337819476
54228.45614581953,0.7475491125049896,1.1426556709702742
54235.413598564475,1.7726302464777177,0.40742652586888106
54238.411982564474,2.4216664999769932,0.5908475232846258
54241.431847564476,4.153940781892471,0.8593906215125623
54243.512694481666,1.6700070964433298,2.1339205603953735
54249.33863448166,4.01992539993785,0.9065048138954642
54259.79803388134,1.7155802549795478,1.0311740205999296
54262.57931456448,1.550469469435372,1.4678950511576117
54268.40525456447,1.2260567570520653,0.6216812254364105
54271.601179646896,1.9069356396883315,1.084808936970319
54277.956719674505,2.5134287196896654,0.9315596521270533
54284.19385281953,1.9476852310210315,1.070805111538066
54305.07634148166,1.9357186058113278,0.8660480937594335
54324.142961564474,1.0492241575320005,0.6240530486788555
54344.235922819535,0.8629735595928594,1.0578256556406351
54365.118411481664,2.586831802509087,0.8019344779506393
54384.18503156448,2.245677215387577,0.5584326056378778
54448.12486188134,1.363428006263284,1.0072457267769015
54449.11912788134,0.7042712330251515,0.9449418673886396
54459.92800764689,3.007330911959949,0.929836231688845
54460.922273646895,2.0155946629316652,0.919593782776564
54466.2835476745,2.4650069864723454,0.8648866502355129
54467.277813674504,1.9229443068479952,0.7740027817353122
54512.98649788134,3.185590154748973,0.7273298367716666
54524.789643646895,3.502976374541216,0.681345514599585
54531.145183674504,2.435283491774329,0.5993120672820587
54532.56275081953,2.0315881423579967,0.9845844402194168
54533.55701681953,2.7646492693650515,0.8997544248897776
54553.44523948166,2.403645145147382,0.8118772312044097
54554.43950548166,2.9480965991814205,0.6767929283773244
54572.511859564474,3.8300551413408197,0.5897933796213168
54573.506125564476,1.8733009663237148,0.5368226605400458
54597.42438681953,2.4293157552149918,0.7300943942304997
54605.884633881346,2.4379438420898305,0.749452221626919
54617.6877796469,2.373278791903159,0.6777829236735742
54618.30687548166,2.6285913661749216,0.5701654710696509
54624.04331967451,2.548329615093226,0.5549875576446659
54626.82467388134,3.2677590127827685,0.7742834699338346
54637.373495564476,2.8784269492887304,0.4377331561890113
54638.62781964689,1.8031751789682637,0.788223242379912
54644.9833596745,2.1590188800259735,0.6317173810505727
54690.32252281954,3.7453398728152383,0.7175784903294055
54711.20501148167,3.457988414319596,0.5454800147154626
54711.26256281953,3.6512388175588626,0.8677693371425368
54730.27163156448,3.616591049520771,0.4535453111386445
54732.14505148166,5.956019455939245,0.6164507017337535
54751.21167156447,5.053652398526598,0.4622419963609427
54839.040148881344,5.50392579213104,0.7291357457394424
54839.040148881344,5.912964173332238,0.8031780134182464
54843.056289881344,4.821743679553766,0.7336505181588816
54850.8432946469,3.1805618957372292,0.9236016975683264
54850.8432946469,3.392981379700629,0.7258779011747208
54854.8594356469,4.116632661546594,0.7641757536293385
54857.198834674506,3.6340193687997173,0.6812565388806001
54857.198834674506,3.9245497681036365,0.8529674543666342
54861.214975674506,4.363697640897637,0.581805748349643
54907.90877588134,3.2691134445086005,0.8704481224678915
54919.71192164689,3.3034712826846055,0.7717462593471116
54923.478037819536,4.7790608246463595,0.7847935297982446
54923.478037819536,4.2598825887491145,0.6466550348898706
54926.0674616745,3.4019675242274845,0.6849812875896246
54927.494178819536,3.3225804521560542,0.9845844402194168
54933.75629688134,6.333289485582034,0.7711231292402276
54933.75629688134,6.107099387368127,0.8307181251768259
54934.75665388134,4.15084849802509,0.7968573320310314
54934.75665388134,4.36936348312595,0.8997941431942468
54944.360526481665,3.681871789309662,0.5307373116150448
54944.360526481665,3.4274744474373353,0.4422810930125373
54945.559442646896,5.011733631706833,0.8162786459222479
54945.559442646896,4.931575335871588,0.8919837030999791
54946.55979964689,4.195454985784584,0.8657095950206491
54946.55979964689,4.350427691066059,0.9765952375927385
54948.376667481665,3.7240427772480675,0.7100497237433836
54951.914982674505,3.308476331630967,0.6663575440445015
54951.914982674505,3.421336217514412,0.7300507469688223
54952.9153396745,3.8120623570910936,0.7825697037660693
54952.9153396745,3.7029272199166723,0.7036050311347477
54963.42714656448,3.9038451977724407,0.4258740399767864
54963.42714656448,3.605786076971855,0.348394480723584
54967.44328756448,3.565201545934464,0.5281259753177475
54992.34666481953,3.010239117024301,1.3164876695965835
54995.805388881345,2.929196229049017,0.9228194825333871
54995.805388881345,2.4994801901667874,0.8758658493712183
54997.811145881344,4.100283046927371,1.837963851953727
55007.6085346469,1.9572572365182364,0.8443340494645838
55007.6085346469,1.9835313445975657,0.7962390719634366
55009.614291646896,4.3090125715511824,1.7576932981206288
55013.22915348166,4.799574396457626,1.3727856561412397
55013.964074674506,3.594164557613154,0.7252085736470899
55013.964074674506,3.6485458887649127,0.7751202063480196
55015.969831674505,4.535781031254574,1.6575131755159482
55018.194185819535,4.480069787009107,0.9539900084611863
55018.194185819535,4.3071648923754715,0.8928011449447254
55019.19454281953,2.8886957835847857,0.83810200937698
55019.19454281953,3.394431011588262,0.9284946486626603
55032.295773564474,4.946393280784921,0.9392420040082097
55039.076674481665,2.769435608817984,0.6603359574745324
55039.076674481665,2.768749901697034,0.6181649695361277
55040.07703148166,3.1699914235207336,0.6521074720231365
55040.07703148166,3.0571926021245126,0.590393831137666
55058.14329456448,4.006360669029229,0.5030900633141617
55058.14329456448,3.9404766900724244,0.4746281844048221
55059.143651564475,3.918603209058765,0.43931437168397464
55059.143651564475,4.069872824743589,0.49044033935445513
55080.243277819536,4.21538159710078,0.9196871607322612
55080.243277819536,4.092076766075184,0.8849207610069992
55082.249034819535,2.0218535504349227,1.2302669982779337
55101.125766481666,2.837423469860144,0.7134782593481316
55101.125766481666,3.0585640163664127,0.7433065191094426
55103.131523481665,5.152713563746706,0.8681052151222824
55120.19238656448,4.084103764198258,0.5373497323717001
55120.19238656448,4.332091060991672,0.5568513901429144
55122.19814356448,3.3617518189158506,0.6332768057328081
55202.163578881344,2.9727637828966067,1.1742923062961546
55203.134566881345,2.371441244351489,0.7259754050458349
55213.966724646896,3.1899136969180084,1.1360211815317265
55214.9377126469,3.376059072802078,0.7098462420076722
55220.322264674505,2.9784635960113874,0.9520457700266887
55221.293252674506,2.177232901213104,0.6116037380218399
55248.84213088134,4.124211340750398,0.7589332437077415
55260.645276646894,1.8860054179980175,0.6777829236735742
55267.0008166745,3.456348855379243,0.6145835369890597
55286.601467819535,1.9555656149587577,1.1037173032779808
55286.77080088134,4.111569977975968,0.7900851734018725
55287.572455819536,3.867254047851824,0.7426102981315935
55293.767670881345,3.670928189838696,1.1286931048598179
55298.573946646895,2.9027243358949537,0.7027210601556504
55304.929486674504,3.5096127619182953,0.630599956437865
55305.5708166469,2.2997558216676097,1.0211276241678748
55307.483956481665,3.036621388496023,0.8249056665024533
55308.454944481666,3.5077021805884456,0.5629655462996793
55311.92635667451,2.432564425216741,0.9080937352601983
55321.86458688134,3.5684428559174233,1.1106340151820608
55326.55057656448,4.452790510440538,0.6672729388745193
55327.52156456448,2.9472098233196347,0.43430718928325746
55333.28001981953,3.2104008690425427,0.7704234179118035
55333.66773264689,3.5381569599355736,1.0135571184501018
55340.0232726745,2.089328831680124,0.8522225046248293
55354.16250848166,2.9340396032019527,0.6126793125685304
55371.208689819534,3.1997391731267957,0.7945281217213184
55373.229128564475,3.613428618530845,0.469884537919932
55374.76712888134,3.481307748222246,0.6514816601250865
55378.20555981954,2.490365553132552,1.1662968227834523
55386.570274646896,3.3279640953009304,0.5815929686712797
55392.09117848166,3.7590138404165003,0.6339362333179698
55392.925814674505,3.076424487058734,0.49390167881666236
55399.088048481666,3.6777575465839645,0.9099333495002121
55406.30247581953,2.600820722819691,1.0309396398530992
55411.157798564476,3.0376026424483706,0.4872779083645283
55418.15466856448,3.768914808868904,0.7118105086493195
55427.18496448166,1.9014332497638442,0.8053630135553878
55446.251584564474,3.0418192171016063,0.6214176895205833
55459.205017819535,3.761564192687027,0.641555962930166
55480.087506481665,4.16598101670013,0.4991947840513599
55499.15412656448,3.539902098015051,0.40031105614154616
55530.145679881345,4.331890872044605,1.122372423472603
55541.9488256469,3.9162369219584807,1.1275600280824503
55544.095302881346,2.6702604864769173,0.7083677926100217
55544.095302881346,1.874951721385754,0.5959499593659834
55548.30436567451,3.839997972408778,0.958005367961128
55555.8984486469,3.5341490451438116,0.7325577591609918
55555.8984486469,3.02069062793249,0.6132109631396264
55562.25398867451,3.262289447639062,0.596332268314839
55562.25398867451,2.620031027741949,0.4853347567859058
55574.955343881345,3.5102022917066575,0.6131060945598531
55574.955343881345,3.36798696049432,0.7512581305946947
55586.7584896469,3.146271958074374,0.7334484068924946
55586.7584896469,3.313713731596886,0.5936167130465666
55593.11402967451,2.8939118003165287,0.5054483998146386
55593.11402967451,2.719221085863275,0.6358146046304999
55602.956763881346,3.987413736441388,0.7539669940463584
55604.973246881345,2.7491922526859733,0.7521610850785826
55614.58356881954,4.803629080452211,1.1922557345783142
55614.7599096469,3.258493572243718,0.66664982702979
55616.7763926469,3.0799187020774212,0.7080649465446669
55621.11544967451,2.031818711612784,0.5665342786426418
55623.13193267451,2.5401351679333715,0.6190532354398891
55628.53319181954,2.5096493161801643,0.6633429067579969
55628.53319181954,3.3564197478886424,0.816778617545486
55632.945627881345,1.4243774339257147,4.181130737642709
55632.94943888134,3.0309591993831786,1.3291490002829214
55632.95322988134,2.736672788766869,2.0289387252960083
55635.466057481666,3.593072717146681,0.8725623114084554
55638.99069088134,3.604109558030994,0.6988867705291992
55644.7487736469,3.9518628312185893,3.8997010923846838
55644.75258464689,-0.020426051283566338,1.262047835539362
55644.756375646895,0.46275034305666196,2.1295387260230165
55649.41568048167,2.7694698941740317,0.46456657444340127
55649.41568048167,3.4915880632461294,0.5787368100815218
55650.793836646895,4.441719083545088,0.6470555769367302
55651.10431367451,1.8688609555929574,3.2990099315830914
55651.1081246745,2.4219488913960205,1.055966259008475
55651.111915674504,4.314530957938512,1.6549058514196313
55654.53267756448,3.4466103838122146,0.6804497346658803
55657.149376674504,3.085363883960393,0.5475380602266168
55659.39323281954,2.9123832905975977,0.6471185868862079
55659.39323281954,2.6419377848947674,0.8070440256224127
55668.48230056448,3.3367159069122643,0.4271917195559225
55668.48230056448,2.8989827507232535,0.35182044762933784
55680.27572148167,3.724385630808542,0.4899377379185394
55680.27572148167,3.467931167573366,0.6157649946128035
55687.39465281954,3.2961579883648557,0.6976457544869219
55689.41113581954,3.080606310068232,0.6957915465015747
55699.34234156448,3.2613446349856803,0.4419497308422468
55699.34234156448,3.4951009923244234,0.35682763003005497
55708.27714148167,3.086335154764874,0.5523370859249593
55710.29362448167,3.637300826447934,0.55027996456211
55717.38351681954,3.810700704298731,4.162696927104691
55717.38732781953,4.899584343693934,1.3526447253108558
55717.391118819534,0.05592953397044731,2.346500205457009
55723.428579819534,2.854068449458425,0.6128157391572829
55727.34376156448,3.003342973390832,0.43246243787246696
55729.36024456448,3.8337446441624,0.4250834322293048
55738.266005481666,7.268120031876438,3.2204234935401264
55738.26981648166,4.311693779901935,1.0199893424126345
55738.273607481664,2.309428986728898,1.5856977171961126
55744.311068481664,3.0805066442368023,0.47759500974144536
55752.76976788134,1.4975167471206294,0.7833130147727135
55757.33262556448,6.477536951741064,2.4250574974420727
55757.336436564474,3.3754556865388654,0.7660989073097264
55757.34022756448,4.129431941720541,1.2409906276303757
55763.37768856448,3.9230833196278274,0.38476243710774016
55764.572913646894,1.263887977543364,0.8536858506453625
55770.9284536745,2.618429385797069,0.7028600813929423
55837.20765681953,3.365690787815379,0.9233955767029558
55858.09014548166,2.4691301751980763,0.6428504258903159
55877.156765564476,3.171215351772771,0.47620939989978534
55879.04675388135,2.673691713515691,1.4031912679617258
55890.8498996469,4.209705349488629,1.4450759443631718
55897.20543967451,3.669776956406353,0.8317363867251939
55901.06380688134,2.9077510600566807,0.651030182883143
55901.14661088134,5.069604685380982,1.106570720004565
55909.08641188134,3.0658583901854435,0.6537390463348066
55912.866952646895,3.6517145457021716,0.6141016108711292
55912.94975664689,4.0997103546480425,1.1217708178276828
55919.222492674504,4.504865616969669,0.5114079977490781
55919.3052966745,3.4637983527972924,0.850360130270317
55920.88955764689,2.676321682546961,0.6822361623310877
55927.2450976745,4.063855369821156,0.5508903340647389
55930.95425888134,4.4154141618042315,0.6745069994642272
55937.959619881345,4.431667342514213,0.6194267759470681
55942.757404646894,4.261808241781538,0.6635325599695305
55949.1129446745,3.7234133378163072,0.592979994476717
55949.7627656469,3.7229663642223887,0.6617512645065247
55956.11830567451,4.158463987030381,0.5106630480072731
55963.48464281954,3.7212351690057233,0.5766586834430105
55965.938557881345,3.1910078816523004,0.5815026876237781
55977.7417036469,3.9483002402925784,0.590944769852058
55984.09724367451,4.209120569473116,0.4495771691792693
55984.36713148167,3.047592702431218,0.47176649921337316
55985.501695819534,3.1232530937312193,0.6109615311719355
55985.58449981953,1.863318767687728,1.209870710439114
55993.52430081953,3.6164724178336014,0.7732047298898245
56003.43375156448,4.051161774719857,0.352083983545165
56006.38418448166,3.9366119847424654,0.4697093778505238
56006.46698848166,3.8152418243343735,0.8118772312044097
56014.40678948166,3.68735744627726,0.5276516295707708
56015.39214781953,4.029497246569712,0.6512905548532391
56022.39750881954,2.462320657354174,0.6211596750913458
56025.450804564476,3.339351266070537,0.35656409411422774
56025.533608564474,2.8218457881606263,0.6793955910025713
56033.473409564474,3.3635965703266404,0.40874420544801715
56036.27463648166,4.041182320687289,0.5204517048007997
56043.279997481666,2.949125159862845,0.42959551127496837
56050.37644681954,4.003074782778514,0.6397017549448183
56055.341256564476,3.610266187540918,0.36315249200990823
56062.34661756448,4.1600021079564975,0.33416354126891407
56066.18418524585,4.3759249396692015,0.16222574154407932
56066.18568024585,4.531279240963716,0.1458687261673973
56071.25893548167,3.3139899189201643,0.4278812434725942
56090.32555556448,4.025598790884616,0.3555099504509189
56101.76854615723,4.67268082667995,0.31092191289863436
56101.77004115723,4.726456629225312,0.2902263767675408
56104.25831684117,3.561461870706215,0.29962673009363855
56104.25981184117,4.416504832972465,0.2786485186674784
56135.795412171035,4.69049139183478,0.35338996592603067
56135.79690717103,5.157117264207493,0.37299437894475296
56140.77495353891,4.590010398671464,0.32070854407140653
56140.776448538905,4.287082410431531,0.29304990166689093
56142.43480066153,3.869246927523262,0.3029729498019978
56142.43629566153,3.703670538771778,0.33035673717243585
56144.92457134547,3.7566925462097505,0.3819002777668688
56144.92606634547,4.07446130985843,0.4028152400288364
56152.15790724585,4.732194178695564,0.09866491923560257
56152.16375024585,4.071191502514578,0.09478106170323972
56152.16638524585,4.440157968089049,0.09709643830907141
56153.223806958595,3.265272299116101,0.29611344735105727
56153.22530195859,4.171707523446008,0.32875187986890647
56187.74226815723,4.177291615352986,0.19017079263768674
56187.74811115723,3.8921169048851603,0.2077701461979868
56187.75074615723,4.519501267914376,0.1883782658861747
56190.23203884117,3.8276681398381767,0.18374019662912647
56190.23788184117,4.1401711514278725,0.17231068833487373
56190.24051684117,4.151745337042307,0.17317875225595608
56207.133791881344,4.150397020783146,0.5855659828012736
56207.9978634793,4.156722347477164,0.39808853849114084
56207.9993584793,4.750661931643091,0.3836125916369175
56217.95784474095,3.7006500204268242,0.3699061641358476
56217.95933974095,4.582976890057155,0.36793227852146204
56218.9369376469,2.758038611912337,0.6332505370984378
56224.59723323145,3.6192349222968403,0.2793783635836272
56224.598728231445,3.4293126849838327,0.26148713832950327
56225.292477674506,4.183047328509944,0.5147602715872002
56226.7486755389,4.405619449308027,0.19937271399921627
56226.7545185389,4.301899540291094,0.21501301773986492
56226.75715353891,4.14714285064678,0.1934458620553915
56227.9169274767,3.987180855919747,0.3609637934549669
56227.918422476694,3.1922451916888406,0.3885734470611219
56228.40852266153,4.11761151065049,0.20076137136117667
56228.41436566153,4.233833398908746,0.18659185347763604
56228.41700066153,4.482197982035975,0.21333880858364532
56229.57677459932,3.723969353207382,0.20682445411912928
56229.57826959932,4.18016863532276,0.22407746641258786
56229.85118024585,4.4976689353951915,0.11039118140062118
56237.046086651135,3.6339310943509426,0.22902069876818607
56237.04758165113,3.0943274935616225,0.25264389788108255
56237.09022288134,4.105700773830698,0.5733760972687875
56239.19752895859,3.924805391445699,0.18838970893722315
56239.20337195859,3.5324677570342446,0.20022748238929286
56239.20600695859,4.139576424076105,0.21240347793999306
56241.19570445769,3.9405695828267024,0.2077453175910543
56242.85555158032,4.167045562068376,0.29313229824070186
56242.85704658031,3.2388417039127333,0.27047192236084583
56243.6586129766,4.121987386365349,0.1683638196409472
56243.6601079766,3.975340175540536,0.15217653188870003
56244.51539870294,4.034599822852124,0.3077588158285228
56244.51689370294,4.718508302471064,0.29081941598610933
56247.83509294819,4.525333825751533,0.3115774187228909
56247.836587948186,3.8663800576339797,0.2814809725829065
56248.665016509505,3.8477143030185896,0.22746708316121822
56248.6665115095,3.591466701011223,0.2429934156966399
56248.893368646895,4.419898214123272,0.5406231730221543
56251.15478719344,4.933906476517755,0.38607731433324166
56251.156282193435,5.247201343793423,0.4019551834570763
56255.248908674504,3.7167087901400633,0.49799890239658956
56255.304405,3.558846711513219,0.20749508991142038
56255.304405,4.110648844752883,0.261722726220958
56255.304405,3.8500913777308208,0.2263880051090385
56255.3059,4.351264418423068,0.23957676933778188
56255.3059,4.018578770345097,0.23978838496498517
56256.098409312865,4.3823291149609265,0.15957939981730943
56256.09990431286,4.462854382214688,0.14935888512740897
56257.757048824365,3.732460009834556,0.32670157967769137
56257.75854382436,4.71228156344751,0.31848920249423013
56260.283946367876,3.6903381847689936,0.44256099204131966
56260.28544136787,4.52635436414095,0.4111089270406757
56261.9437934905,4.0040307968765685,0.28931838060213483
56261.9452884905,4.322708870359797,0.27471230223415355
56262.732967358876,4.379414705054274,0.32624286975452965
56262.73446235887,5.116317204232509,0.32345223307125115
56262.77371705181,2.796821137881909,0.49284101589481444
56262.775212051805,4.362402197775382,0.4799164370514568
56264.43356417443,4.076976151546113,0.23852593431987051
56264.43505917443,3.796654513541818,0.24925897000922412
56265.43554115723,3.9833728122348644,0.233517348628796
56267.92531184117,4.108342140988181,0.19415696368211618
56270.24302910362,3.690541644456978,0.3268326702194067
56270.24452410362,5.440714839058709,0.3393407274203247
56271.85548467214,3.907653349329518,0.16735549528546623
56271.856979672135,4.220545244091388,0.15811268386635038
56273.56272334887,3.9447132285430877,0.19874752203773577
56273.56421834887,4.07485866472762,0.2109900164584842
56274.34344393939,4.301573444342608,0.14995850679447795
56274.344938939386,4.288814212032768,0.14402921648578737
56276.88241759412,4.710806656770165,0.23714849665133278
56276.883912594116,4.284460091427193,0.23638910073341912
56278.54226471674,2.702251374066936,0.42991171257240646
56278.54375971674,5.138124089769198,0.43960234543776805
56281.86195896199,3.623373405196495,0.37491185701359075
56281.86345396199,3.9942539519196165,0.37934629833310635
56298.86240624585,4.131690052537921,0.11786013819362669
56299.86245424585,4.304222954456349,0.13884790678197204
56299.88735724585,4.157831401313441,0.13287274134756774
56303.93156674095,4.07371440154569,0.22600990284714273
56303.937409740945,3.9612029215257145,0.25167041583415456
56303.94004474095,4.316502332115109,0.23627410804194726
56304.44194853891,4.150435546171127,0.23954359939625075
56306.10179566153,4.305477028656985,0.2028310762205701
56310.570955231444,4.343141421040624,0.17904987735088618
56310.57679823144,4.100921756061714,0.16088340247746793
56310.57943323145,4.343141421040624,0.17574688191935564
56313.89064947669,4.3429562580930225,0.23996309677832736
56313.89649247669,3.857471073877411,0.23292170861031486
56313.899127476696,4.105772656644173,0.24793098338949984
56315.55049659932,3.9959953752576185,0.13220252978239114
56315.556339599316,4.0552695279222615,0.13050898256340132
56315.55897459932,4.1272452847293275,0.13050898256340132
56316.890801958594,4.278247484514636,0.21815325361671264
56321.528111819534,4.204719901185033,0.5761951314466737
56323.01980865113,3.8030234669485177,0.1496964827996178
56323.02565165113,4.103908424070672,0.14795582602287807
56323.02828665113,3.9746024920842906,0.16697871794010524
56326.08594488134,5.824474633911228,0.6113001855920773
56327.16942645769,4.069571891315932,0.13024073065072556
56327.175269457686,4.415298078067065,0.13932249316836726
56327.17790445769,4.268751455623302,0.1243582253836167
56328.82927358031,4.078437682025349,0.18331663051524566
56328.83511658031,4.017428977733429,0.17053385437789098
56328.837751580315,4.14380415090955,0.181864042317819
56329.632334976595,4.232573807643078,0.10810223355337352
56329.638177976594,3.948094245660516,0.10850290899278557
56329.6408129766,4.162054930306556,0.0989668335347785
56330.489120702936,3.736972984499438,0.19013288981998763
56330.494963702935,3.982356813992343,0.2089720354391203
56330.49759870294,4.124837747246289,0.17746791797519246
56333.808814948185,4.005774123966539,0.19800293513147615
56333.81465794818,4.430292416888424,0.2024382008784212
56333.81729294819,4.595030858917812,0.18247950501716842
56334.44676715723,3.879080346692346,0.24671686379902102
56334.6387385095,3.9562724004207244,0.153622330858603
56334.6445815095,3.96637082808604,0.16081746057013974
56334.647216509504,4.173388595224995,0.16220599437412067
56335.44681515723,3.414652961073317,0.26105707781111737
56335.47171815723,4.174032475804782,0.2592645510596055
56336.93653784117,3.5903973347422973,0.20413969877456492
56337.889090646895,4.5690817091499785,0.5579908037864576
56337.93658584117,3.5903973347422973,0.2476875721488697
56337.96148884117,3.8247745934345696,0.250581118552478
56341.278127,3.939545604673601,0.152072185802728
56341.278127,4.11200281643535,0.16653851694349628
56341.278127,3.772298598264201,0.13521928825806437
56341.28397,3.8330846498470565,0.17073582915914537
56341.28397,3.711737830395318,0.12330569457893967
56341.28397,4.304243606824939,0.13899810648032151
56341.286605,4.0473494166302855,0.14473235179716648
56341.286605,4.191259975980083,0.12032729615915862
56341.286605,3.8073591878801754,0.15597753782025017
56342.07213131286,4.50853698575288,0.10065658406720149
56342.07797431286,3.9557000547991734,0.09740460212041496
56342.08060931286,4.293286752132248,0.10421827858034861
56342.410600481664,2.6836879333432275,0.4673094029272003
56344.244630674504,3.7815194176770914,0.49092187984944274
56346.25766836787,3.7045423431563806,0.2832715015541872
56346.26351136787,5.0782873757651545,0.6830171018849528
56346.266146367874,4.867254165438252,0.834798680081609
56347.917515490495,4.204679954254897,0.1752729404157757
56347.923358490494,3.7325642898352998,0.18043670549536509
56347.9259934905,4.043865556061972,0.17896134404405384
56348.747439051804,4.228279209778277,0.30141093302622
56348.7532820518,4.133173818289422,0.2950705735936296
56348.75591705181,4.62577097420606,0.2848284545102144
56350.40728617443,4.094654092681519,0.15758621812133317
56350.41312917443,3.7764511522442117,0.14899978956985027
56350.41576417443,4.296687705657587,0.16996077691611736
56357.82920667213,4.203877879237245,0.10879243604795352
56357.83504967213,4.179634439449401,0.0981101703914344
56357.83768467214,4.012960790907968,0.0997011461275118
56359.536445348866,4.264562181877956,0.12727782487877196
56359.542288348865,4.112358197187572,0.14536583465357145
56359.54492334887,4.428898368246562,0.13268216926270596
56360.317165939385,4.159720802780264,0.09734543709331227
56360.323008939384,3.9825926365965962,0.09989728355528034
56360.32564393939,4.434419568980358,0.09794587155495181
56361.47722056448,3.852982766017787,0.3304740384473331
56362.856139594114,4.788915951184146,0.15524222264778464
56362.86198259411,4.530721339093491,0.1360403544376813
56362.86461759412,4.754200709222376,0.15296403489404356
56364.51598671674,4.376087959902126,0.2711174785740944
56364.52182971674,4.083166557380967,0.28521294456007473
56364.52446471674,4.334242045256245,0.6622666596850542
56367.83568096199,3.4822775450300893,0.2285752934695763
56367.841523961986,3.3250564437018095,0.25921325167713855
56367.84415896199,4.494136427937738,0.6040918470267375
56369.47368117103,5.727891580742169,0.30887161136268204
56373.4531745389,3.7882390384929474,0.2563363465704209
56374.453222538905,4.272265280571971,0.2640741810526365
56374.4781255389,4.301899540291094,0.2676961461294184
56375.11302166153,4.112835268667276,0.24056338788797602
56376.11306966153,4.165373930482652,0.29580858682717387
56376.13797266153,4.698720951941764,0.2980374997526747
56378.60284034547,3.6873611795954915,0.3531277606219519
56381.62483974095,3.911855781166076,0.27891003731267483
56385.90202795859,3.336298939828519,0.24487279940852708
56386.90207595859,3.3515189342668954,0.2891798943291307
56386.92697895859,4.4997829591176535,0.29070189377296823
56388.26422823145,4.204140363297045,0.19157373502877292
56391.5839224767,3.8129991486057504,0.23662770238295314
56393.24376959932,3.9293119535098953,0.13135575617289633
56400.713081651134,4.087745182572374,0.16287574125207585
56404.86269945769,4.498891573968086,0.13705205253895683
56406.522546580316,4.1205627397507225,0.20554122993587368
56407.3256079766,4.152438719760666,0.11803898445079258
56408.18239370294,4.055180402099916,0.2195789493591364
56409.808848881345,3.6519661456770507,0.5539625758651987
56410.523833819534,5.020107862741508,0.607253115201241
56411.50208794819,4.1483362372612005,0.2216048849991481
56412.332011509505,3.831304358062453,0.16990604546892327
56416.823851881345,2.4560029317675873,1.0609715185682287
56418.9714,4.441017935274941,0.19402414209758537
56418.9714,3.728615421440744,0.1360135278366726
56418.9714,4.031293529743119,0.1425533385767654
56419.765404312864,4.314966631777492,0.11544535911092109
56421.6119946469,4.525885294172096,0.584264911865788
56423.18103624585,5.212448100485817,0.24094854614235722
56423.950941367875,3.8851380712245946,0.2769810885540584
56425.6107884905,3.996653989620012,0.2068456754738363
56426.44071205181,4.199016012397091,0.31701797162951945
56427.797113881345,2.991906417955029,0.57021575657518
56427.967534674506,4.177832680317309,0.4771403096260517
56428.10055917443,3.9115611309219576,0.16895060885123703
56428.6269976469,5.409853167688551,0.9663527886804572
56431.406322481664,4.460149371587539,0.48068069178571887
56434.98253767451,3.4760900235370737,0.8298740123706817
56435.52247967214,4.128117129900231,0.10629233131983211
56437.22971834887,4.260150472176786,0.14900549515703718
56438.01043893939,4.138705596622879,0.11213113571118621
56439.6002596469,2.420394056899654,0.5664519572357335
56440.54941259412,4.1629567445610025,0.14938402556673616
56441.6761324793,4.844329823052769,0.3372044090748486
56442.20925971674,4.1294173051474665,0.28279028634373454
56445.52895396199,3.681827404408291,0.2836026789344743
56445.955799674506,2.88050270496404,0.5117804726199805
56450.47294256448,4.360289403985185,0.3676326025789707
56450.636065740946,3.9355424085387023,0.2911481281218651
56451.63611374095,3.0571633101371454,0.3181903610389466
56451.661016740945,4.136878741206026,0.3175981953546311
56457.27545423144,3.56831374272741,0.20561146561277785
56458.275502231445,4.139456702762905,0.24634840926832152
56458.30040523144,3.7843846938733687,0.23932954397631906
56458.76539715723,5.881821599063529,0.5315656603120258
56460.59514847669,3.681436369677093,0.27517003761839104
56461.25516784117,5.019809258124794,0.44314663171260965
56461.595196476694,3.527637628112603,0.33854253113050536
56461.62009947669,3.890825017831154,0.356331301239169
56462.254995599316,4.073263467124027,0.15358356342213747
56463.25504359932,3.8139390492162155,0.18311479305327208
56463.279946599316,4.0213985835424655,0.19782748451824597
56469.72430765113,3.983305775967991,0.18836392976862207
56470.72435565113,3.747073784839025,0.22566371784161654
56470.74925865113,3.908706199822002,0.22442039157251673
56473.87392545769,3.929217379679651,0.1555251831146144
56474.87397345769,4.173805756575229,0.17193427675444434
56474.898876457686,4.6330539747968835,0.18968499440256223
56475.53377258031,4.031954859707695,0.21977659427065505
56476.336833976595,4.170068439094797,0.14071721432151513
56476.53382058031,4.164140385673522,0.25638181684580713
56476.55872358031,4.389291556274657,0.24868309939944575
56477.193619702935,4.116922139843292,0.24158433793946807
56477.3368819766,4.181287351398334,0.14111788976092718
56477.361784976594,4.472177720411489,0.14544518450657742
56478.19366770294,3.776551021514422,0.24601707808514636
56478.218570702935,3.7907991148398175,0.2616899807430804
56479.08560824585,4.63211015766929,0.140042939868853
56479.09393424585,4.530532345284415,0.14064045641229345
56480.513313948184,4.2829782331506046,0.25296854992397394
56481.3432375095,4.310979672164911,0.21004729543855
56481.513361948186,4.430292416888424,0.2561365968860776
56481.53826494818,4.40019597074844,0.2657991401204936
56482.3432855095,4.088814263527982,0.21863095895406767
56482.3681885095,4.1860116298066385,0.22469001555325663
56484.833056193434,5.163016668573089,0.33897652136186635
56487.23348424585,4.561901963815038,0.18575295544204662
56487.982626,3.9346325260321144,0.2156876890170647
56487.982626,3.9212185192532587,0.1569615967224668
56487.982626,3.9739510765746715,0.17844971426021475
56488.77663031286,4.2723811539029075,0.13000184972987022
56488.982674,3.9827720865954026,0.17046366955880804
56488.982674,3.344300872476307,0.2186664267184931
56488.982674,3.955601491560766,0.20677688612542877
56489.007577,3.9529881023975912,0.1814837437119983
56489.007577,3.971189761458736,0.22421771061660964
56489.007577,3.6379243010075557,0.22076844469853046
56489.77667831286,4.242184178682747,0.14533262176472092
56489.80158131286,4.548025337963859,0.1381318045968365
56491.43531782436,4.2280344950434205,0.27553941377612856
56492.96216736787,4.1732795699401715,0.3372473034262601
56493.96221536787,4.386341945750986,0.3869618577821168
56493.98711836787,4.142842087681485,0.389599772911203
56494.246737819536,3.6693173454159993,0.6498998988642288
56494.622014490495,3.6248629038895785,0.21141929597290104
56495.4519380518,3.7576294518975297,0.3362829099054671
56495.622062490496,3.6573208558184263,0.2466804346592399
56495.646965490494,3.444868806829607,0.2413691334345194
56496.41123635887,4.604409787643604,0.2671162550275659
56496.451986051805,3.811278647096371,0.4067584435984911
56496.4768890518,4.264858206504761,0.42407250204902636
56497.11178517443,4.00878980716669,0.1982454827327669
56497.771804538905,6.198492162315017,0.5567948131670928
56498.11183317443,4.6653990493389115,0.23398017802790896
56498.13673617443,3.8395866562992325,0.22754035661429678
56499.43165166153,6.491403776308814,0.5511783248631195
56501.09924424585,4.5215695971328085,0.09657361133356103
56501.26174081954,2.544369360705792,0.9118067767945353
56503.92129810362,4.708372864012594,0.29599219330416615
56504.53370567213,4.07356939037758,0.12735381963552228
56505.533753672134,3.8599240772471965,0.14326357699629544
56505.55865667213,4.140996457287523,0.1475819397085053
56506.240944348865,4.207209955762739,0.17073316543530243
56507.021664939384,4.28431095357047,0.1341971021764397
56507.24099234887,4.025226930589452,0.1790051211249973
56507.265895348864,4.111255269762277,0.18838000423998486
56508.021712939386,4.206254473557329,0.13472248233037432
56508.04661593938,4.179985465860598,0.13457237371496442
56509.560638594114,4.640291321535323,0.1752034867758017
56510.22065795859,6.277140087421258,0.5825875648911434
56510.560686594115,4.6771762661197025,0.21122055031113665
56510.58558959411,4.810612977410251,0.2149090447695747
56511.22048571674,3.5149430848211267,0.3182491929647168
56512.22053371674,3.49952616889896,0.35018423308920404
56512.235002819536,3.9024839995734224,0.5831484113917261
56512.24543671674,3.589825247871649,0.3799168566533817
56514.06183824585,4.737422448450667,0.25551301188871794
56514.06745024585,4.883814001593575,0.24625150546539112
56514.54017996199,3.389557408349309,0.30093731318348976
56514.66996915723,4.933411990536248,0.2811007860325704
56514.67829515723,4.930152850988044,0.3006556233217927
56515.129226481666,4.109410179221782,0.4587380639153294
56515.54022796199,3.7483440242010246,0.32230325772297397
56515.565130961986,3.274665065070951,0.3229079542665441
56517.15973984117,4.982193154877884,0.27083594337773603
56517.16806584117,4.611819215216024,0.2596957897238441
56522.144229481666,3.1497630634527187,0.7309637909323485
56522.81784515723,4.91711629279523,0.39321518649077813
56524.07111324585,4.893523645424482,0.1007562271376441
56525.30761584117,5.171720444314229,0.37283345410492824
56533.117491481666,4.084039015746645,0.46765225648767506
56534.19584656448,4.633576148698011,0.33969779550128565
56536.68360515723,4.170773336256579,0.20923675899467845
56539.17337584117,3.988259965238438,0.18316148734840482
56541.21084956448,3.0924181129404325,0.5713458655134115
56549.64619915723,5.218586701004073,0.5977261931405611
56549.65181115723,3.6965685319929387,0.5496538848045565
56552.13596984117,5.1485720730853615,0.48683918240709484
56552.14158184117,4.783985226230717,0.48076273495951755
56552.18411156448,3.9815882929414705,0.32125028139338035
56553.676376538904,4.980194818306594,0.2900864756949786
56553.68470253891,4.892938386911396,0.31807438765192886
56555.34454966153,4.9391251317636335,0.2689024236550574
56555.93781624585,4.533519928001618,0.10934552744960034
56559.65547415723,4.5586109424928205,0.1851191263379708
56561.82425253891,5.372025585703898,0.4018734887465623
56562.14524484117,4.277614605599266,0.1802679409447964
56563.48409966153,5.4087889267798674,0.3808256941284176
56566.12522995859,4.893811704022259,0.3196198832058813
56566.13355595859,5.404527072954408,0.2786950092715833
56574.27310595859,5.1982115927897645,0.40519007415941355
56574.95469574095,5.80283819974741,0.65868562952045
56575.69001253891,4.482997794130183,0.21073251355821374
56577.34985966153,4.655734774092821,0.20951781499707256
56580.144499881346,3.5264554724166386,0.6731525677383955
56581.594084231445,5.653329608881082,0.42388441371308955
56584.91377847669,5.640054078516415,0.6453988155049536
56586.135796881346,4.466431090143895,0.7995661954826945
56586.57362559932,5.841961843956501,0.36305418507093823
56588.138865958594,4.866753936131814,0.22762347237836839
56588.652606538904,4.8287308241866285,0.6065145155847339
56588.658218538905,4.189947892463292,0.5646972824255257
56590.31245366153,4.994847954901153,0.5610492249617657
56590.31806566153,4.851560695404675,0.5763331993080567
56591.52217715723,4.864970060023969,0.21982896252634054
56591.9476456469,2.2182170218485346,0.6043044858245992
56593.682340171035,4.954946754951918,0.23198555405488044
56594.01194784117,4.416504832972465,0.21253098334502898
56594.04293765113,5.313664883904792,0.43628318782712533
56597.9389426469,2.180898881898571,0.7833246798566471
56598.19255545769,5.100558340761849,0.36585054687545326
56598.30318567451,3.783009317160701,0.5512628089356413
56598.66188153891,5.329220543887386,0.19114097518834852
56599.85240258031,5.406103294473325,0.46628081137396066
56600.32172866153,5.456551346612027,0.2162045537735749
56600.6554639766,5.177366493776713,0.2833576707522081
56601.10145995859,6.562937760764084,0.6345046570309347
56601.10707195859,5.710618072215067,0.5962855598856812
56601.51224970294,5.166531681480693,0.5316121931852776
56602.81149934547,5.50153193933523,0.26184146124651275
56604.29448267451,4.279890794944583,0.708819679327382
56604.831943948186,6.030156132750752,0.5328654990258286
56605.6618675095,5.079722478187007,0.4731113361200033
56610.130678881345,3.847004314196827,0.6763129084320029
56611.110734958595,5.478935934653132,0.20868303485505688
56612.301256,5.761140325680704,0.4530389249536086
56612.301256,5.3708132357581,0.39875941933339765
56612.301256,5.733077557953461,0.3244468678614937
56613.09526031286,5.2084873857278815,0.2610102653004125
56613.134760881345,3.369341392220152,0.6578023415123019
56617.28079736787,5.721532834165421,0.6661750283684789
56618.940644490496,4.38614941276618,0.47447624274169586
56619.770568051805,5.835316465961765,0.75352733256555
56621.43041517443,5.8157279332214,0.447378181733881
56621.9338246469,3.9955045700622227,0.6394850712189565
56622.149396881345,9.078722593843054,1.89575293892255
56624.90029124585,5.010039371395369,0.13399308486651856
56624.9379066469,5.2188092292812165,0.6141016108711292
56625.549043171035,5.259223582013338,0.2619027051719932
56628.28936467451,3.876872984628122,0.53748123871225
56628.852335672134,5.130431843628939,0.25372274952966334
56630.52858453891,5.865929914355962,0.22851306938968802
56630.55957434887,5.487708696527507,0.40289938845940554
56630.85926774095,5.980487905042108,0.3468117024475369
56630.86759374095,6.126555440506636,0.3556941877122718
56631.29344667451,3.778167143838969,0.5043309752019314
56631.340294939386,5.365843527598713,0.268919584506814
56632.18843166153,6.131593546906546,0.21493088924471732
56633.879268594115,6.476944591575151,0.3730803659578836
56633.9525426469,3.721185068759384,1.9990588333578678
56634.67820234547,5.472643869912625,0.2862229918391932
56635.53911571674,4.186680135715512,0.6829693753519632
56637.498656231444,6.3758598595283935,0.25501877227608927
56637.50698223145,5.731775750379932,0.2514405272252645
56638.85880996199,5.149224350138905,0.6770585632842211
56639.00714374095,5.844289797649506,0.48360197552445383
56640.078535881345,4.673659144196158,0.5729246200268436
56640.308082674506,4.024000558634593,1.5047984784459398
56640.81835047669,4.728379610447401,0.3828291567135326
56640.826676476696,5.280572682570503,0.32742454981259056
56642.47819759932,6.068473784496386,0.22164299228529002
56642.48652359932,5.964744017333261,0.18597265398531737
56642.977437958594,6.8994687489014925,0.2211972525043877
56643.050857881346,3.806822839663818,0.5164899647838527
56645.64653223145,5.921697987692941,0.3348411618714113
56645.92241524585,5.045143468322494,0.11255717887059279
56647.85288624585,5.156430924538276,0.10165250195280476
56648.966226476696,5.343574576705353,0.4641757200229425
56649.94750965113,6.543314564044511,0.24257295510137403
56649.95583565113,6.2958926364936465,0.21061946998550876
56650.62607359932,6.136215673255978,0.28186976526061475
56651.8816816469,5.046023569369687,0.566006633369982
56652.87290374095,5.129743205241946,0.2631189523975906
56653.038430881345,4.39916098109425,0.842908010709312
56654.09712745769,5.529878023414004,0.21228619884987515
56654.10545345769,5.234720741590648,0.1906138110236847
56654.8540036469,6.308962052640553,0.5477483548741762
56655.75697458031,6.251509625375647,0.257689146223491
56655.765300580315,6.730863730526448,0.26713096950676446
56656.560035976596,6.323298250495202,0.15458058452517237
56656.5683619766,5.830467460018369,0.16828368455306478
56657.41682170294,5.802946516681651,0.29113604028222917
56657.42514770294,7.072609944122368,0.30728387938434304
56658.09538565113,6.658943907070794,0.2980253067032258
56658.237221674506,5.053893576679896,0.43430569947226877
56659.51229223145,6.352463641888385,0.18221524797276964
56660.48465215723,6.312028019426419,0.28533766744523525
56660.736515948185,6.18697445737488,0.28781706650711375
56660.74484194819,6.437250167381066,0.31474546568499445
56661.20954367451,5.117586779604217,0.45032211892107454
56661.574765509504,5.8270061254203105,0.23453598252693864
56662.24500345769,5.1511272456896275,0.2779225734091948
56662.831986476696,5.3324565953874385,0.24107489491011902
56662.97442284117,6.900614420470182,0.23640274117479734
56663.904850580315,6.783156905633807,0.34411814397037793
56664.49183359932,6.344733674594097,0.1435281268093855
56664.58238881954,5.0312331106535915,0.7004270664649425
56664.7079119766,6.06205786399854,0.20121920567273605
56664.8415766469,6.442559212365961,0.7962390719634366
56665.56469770294,6.461525052611,0.4070205326621051
56665.83549774095,7.283252410536555,0.7388253854645024
56665.84110974095,3.615772939008247,0.6616464579420283
56665.86905424585,5.619506245704616,0.1075529778192791
56665.8847914793,6.459036542012823,0.25843822766216307
56668.205828,6.615496457317664,0.23789282460953087
56668.205828,6.519374740775685,0.19091533870797198
56668.214154,6.485619558684832,0.19955269412533733
56668.214154,5.876573672703825,0.20987337859652505
56668.214154,6.58570908030338,0.2664616271095939
56668.88439194819,6.533875599725226,0.38808575285769326
56668.99983231286,6.131430833482528,0.14486805291517996
56669.00815831286,5.908437785702882,0.14959116955217944
56669.714315509504,6.417764143841232,0.2938642450606637
56670.57368581954,6.162299981715446,0.9178329527469139
56671.197116674506,6.300194494719529,0.6816290137515024
56671.961145651134,6.596777593615803,0.1759306670776239
56672.474886231445,6.539633383008451,0.4603549882695728
56672.480498231445,5.705627036546983,0.4574648672669836
56673.18536936787,7.344865221295434,0.5943425702379759
56673.193695367874,6.2978158315965755,1.0551660516345083
56674.845216490496,5.696270381530564,0.26099144073695896
56674.8535424905,5.947081828253475,0.2640896997847126
56675.675140051804,6.6961421889249975,0.4621146586445687
56675.68346605181,6.413264614240196,0.4323637413070292
56675.79458047669,6.751852210307893,0.6683759768953108
56675.800192476694,6.953828870916679,0.6989504255195764
56675.84477274095,6.503567592854272,0.22976028551447522
56676.11076345769,5.498917469376589,0.13994170424911556
56676.353704,7.384552372959176,0.32779654432536937
56676.353704,7.400980673030908,0.255546584417223
56676.353704,5.921300786175214,0.2865975809359103
56677.14770831286,6.132205114898429,0.18365955185184762
56677.34331317443,7.010251669942404,0.2237522263709955
56677.45442759932,7.392616016344036,0.3903626339771488
56677.46003959932,7.224319761456925,0.3965017426459868
56677.770610580315,6.847070786320581,0.19159638324057765
56677.86644924585,5.544816677774562,0.10732890911548894
56678.5736719766,5.909801197021957,0.10193183178642783
56679.43045770294,6.345957184527244,0.2020063009244831
56681.333245367874,6.715823921282554,0.6026621487220172
56681.50677615723,6.9622263592930596,0.21999191950375074
56682.48416123145,7.391530954724043,0.18262812240171084
56682.75015194819,6.133117659019119,0.1942012787769518
56682.9930924905,5.843806526661689,0.36249630858717236
56683.43724715723,7.133331185573756,0.2239028869615952
56683.580075509504,6.993374520764182,0.16839128131912603
56683.82301605181,7.141430509075384,0.6430587624515713
56683.99654684117,7.382389896670963,0.19502502760319881
56684.756907672134,6.422152619825046,0.15606714363425098
56684.76523367214,5.944859899001851,0.15341551740745538
56684.92373965113,6.81684634324647,0.4600307195669318
56684.92935165113,7.309203545809997,0.44473780645700395
56685.46487748167,6.359558096618124,0.5897081240167164
56685.48286317443,6.535472679448643,0.2906758606693181
56685.8038554767,6.690703313059362,0.2544164724916168
56685.92701784117,7.3606882986439,0.18750180695381724
56686.464146348866,8.22638778627169,0.21462967696194993
56686.47247234887,7.485110263732499,0.20172542608602592
56687.244866939385,6.173427878503909,0.14177758725463907
56687.25319293939,6.204200144662936,0.1543116566413646
56687.46370259932,7.065549709676631,0.14469244052244098
56689.07335745769,5.719769421510148,0.3939214492027095
56689.07896945769,6.833317348389173,0.3873165310080609
56689.79216659412,6.935836696257282,0.20395204652539142
56690.219464,7.395023876191345,0.1282696919452416
56690.219464,7.228845629475419,0.1738499640288205
56690.219464,6.296320429896874,0.14587920086053546
56690.73320458031,6.630635144904007,0.49562309296197954
56690.73881658031,6.540574676663553,0.4815329874469409
56691.01346831286,5.83255820694453,0.10352142530603722
56691.44368771674,7.173156991495139,0.42484615448369467
56691.45201371674,6.400108778826518,0.4063458553770952
56691.45617448167,5.572023468207428,0.7131354057876571
56691.536265976596,6.368173899709353,0.2940156374405689
56691.5418779766,6.080488934211494,0.2972210409558654
56692.39305170294,7.431978520218431,0.5933539309286542
56692.39866370294,7.675779228230738,0.5631163106492056
56692.90478367214,6.069865135407926,0.196371862281543
56694.56856781954,5.962045519297937,0.6114250831682724
56694.61202234887,7.841355822102025,0.277055369233514
56694.76338196199,7.0854626826510305,0.35979444342433303
56694.77170796199,7.105619234103374,0.3751134225281142
56694.933014651135,6.8031697542863725,0.16710305056701522
56694.98684088134,5.285410807030179,0.6979838160453113
56695.199005367875,6.08272429030185,0.2715023417474946
56695.39274293939,6.307775089295759,0.17968001264563566
56695.712745948185,7.265694447971162,0.5710404649191773
56695.718357948186,7.216589720058556,0.5645459686468648
56696.5426695095,7.101932618166318,0.4830835334395017
56696.5482815095,6.437960999171862,0.4811900782522552
56696.8588524905,6.625748095856648,0.1981410429111
56697.572649819536,7.091721734370779,0.6990364104759323
56697.68877605181,6.769300182377965,0.31165305210963523
56697.7514944793,7.4702240060946,0.30016301565374787
56697.93171659412,7.722896322609258,0.27132131295744893
56699.08263245769,7.039721041971939,0.1372584562325396
56699.34862317443,7.087276984889529,0.17223365506209812
56699.49105953891,6.978861001585278,0.2904157452474133
56699.59156371674,6.003673797970816,0.5893666715388113
56700.742479580316,6.711980083959901,0.18549551281138568
56701.15090666153,6.679269294315309,0.26603667846512785
56701.45341515723,7.2816220350170235,0.20825901713021736
56701.5455409766,6.314483390828137,0.10970493531102175
56702.40232670294,7.007701963417793,0.18649171041460902
56702.833327881344,4.176582700815894,0.6167179124954045
56702.91125796199,5.874860202423275,0.49444020712598824
56703.182058,6.944290150700353,0.40632862315163293
56703.182058,8.393261276397425,0.4923041037451646
56703.182058,7.850718834417862,0.3471819757991565
56703.18767,7.744489290779001,0.36544948610714756
56703.18767,6.773911144166356,0.47876438692049
56703.18767,6.8835071503417975,0.44211031392874545
56703.94318584117,7.694892908260659,0.1982079286471678
56703.97606231286,6.321129780378408,0.27308905538847655
56703.98167431286,5.6715076724370075,0.2654236693710513
56704.53149756448,7.004608783395502,0.43193536604081245
56705.72202094819,6.842760178530329,0.1910332318148482
56706.551944509505,7.736871257622992,0.1652355226737151
56706.587285819536,9.019170935139298,1.9821483363362646
56706.77054367214,6.401697217504052,0.09894353863414164
56706.789986646894,5.971851886266771,0.6461649292052274
56707.71147574095,6.414742740206923,0.27101449485513274
56708.47778234887,7.743195281250979,0.15551276696626382
56709.04171519344,7.298536784288839,0.26331687654359376
56709.25850293939,6.208703403125233,0.09884652324741106
56709.821446490496,6.006096286305926,0.5224254899093111
56709.82514688134,6.176175405385547,0.8356843748382091
56709.8270584905,7.0683565312500205,0.4802301524018098
56710.52279456448,6.551327008172685,0.5088878534623605
56710.651370051804,7.156062107765978,0.8415607846872856
56710.656982051805,6.718089586960888,0.831074805625694
56711.79747659412,6.831690970371976,0.14840765938656142
56711.939912958595,6.65594883788749,0.26804101316472057
56712.31121717443,6.873878981183557,0.4517976670177325
56712.31682917443,6.1149902224422,0.45078749895285214
56713.1455266745,5.909468355142847,0.5765911001570087
56713.191333,8.065600129240302,0.1641013679150549
56713.191333,7.559828588752568,0.13382936899549985
56713.191333,7.51656783332148,0.1621644575603751
56713.45081015723,6.608609718312956,0.21037745783654976
56713.45732371674,6.785751918536705,0.2737603784464658
56713.985337312864,6.205761849409077,0.1078574012350859
56714.35086423145,7.340609775154613,0.20313421903912993
56714.6364736469,6.192287199813695,0.6225627643204051
56715.45105648167,6.1504174247284755,0.4772521561809705
56715.643976824365,7.450684576001636,0.21569289499090563
56715.94058084117,7.347667339827664,0.2039950214543845
56716.77701796199,6.761546900811869,0.26465552056927133
56717.6705584767,7.27254433536357,0.2592342643960465
56718.170874367876,6.967440441287707,0.3025485736513561
56718.455138481666,5.929619731782681,0.512908926470353
56719.33040559932,7.559853804219278,0.1602519055969097
56719.733137672134,6.807774833950453,0.2628140394501052
56719.738749672135,6.461548209480293,0.28129966228833686
56719.8307214905,7.029997133515929,0.17925641633431608
56720.513183538904,7.298252467446945,0.2214337740123416
56720.619895358876,7.002613187336084,0.21496623200879864
56720.66064505181,8.20514773388151,0.3021425129607497
56720.992013674506,6.046911582505855,0.49129435472034516
56721.440376348866,8.286828209177727,0.43918570075153374
56721.44598834887,6.8001923326257625,0.4106198804364541
56721.62829264689,5.956710874831225,0.827411742566032
56722.17303066153,7.134604363381894,0.2341950652436881
56722.221096939385,6.535339750257148,0.28010267635485064
56722.226708939386,5.587253735328297,0.2789768617392765
56722.32049217443,7.545640744328983,0.17261246808642824
56722.4436545389,7.2850816853495575,0.23411065178107804
56724.10350166153,7.322469881388388,0.1943930487168886
56724.516424819536,6.493739659096275,0.5947372113001467
56724.760070594115,6.818672754636312,0.3725379403022309
56724.765682594116,7.1901258436272375,0.40052710413390696
56726.41991771674,6.380287029783733,0.7904473034950649
56726.42552971674,6.987493275461051,0.7970545531759933
56726.799717651134,6.910095813428956,0.16784904632847514
56727.469774481666,7.271548567481187,1.3196433542676407
56727.48874681954,6.46963495528676,0.6118886351646088
56727.9838326745,5.845775152218527,0.6339522302759875
56728.12995710362,7.016157158258302,0.22524051096920256
56729.73961196199,7.048374627978718,0.761111382840494
56729.74241267214,6.534278528843828,0.11364112400552256
56729.74522396199,8.120501599728874,0.6835086597489711
56730.94933545769,7.224452347728515,0.15758922005044207
56731.44965134887,7.717827950469248,0.1381968063891692
56732.23037193939,6.3062740031416595,0.10259923863265832
56732.609182580316,6.553647970440394,0.20249079472127768
56732.96203695859,6.189202341777312,0.21612392102492925
56733.4122439766,6.627010233569543,0.12028276691150012
56734.26902970294,7.598206275681367,0.22923599039079276
56734.51767656448,7.1574596145752905,0.36552431525235324
56734.76934559412,7.339509869193974,0.16500588444953201
56734.89250795859,7.146370880901803,0.2032714812769679
56736.42919271674,7.039690547940385,0.26715312876553743
56737.476319819536,6.90908224781407,0.8598889532048107
56737.52175856448,7.038868452453042,0.4269281836400954
56737.58872394819,7.175405109551209,0.22255529908777905
56738.418647509505,7.172621611823522,0.1666240564776958
56739.74888696199,6.671043984790846,0.22938155552767003
56740.459822538905,7.30483785849564,0.2090861657960402
56740.90841819344,6.690062739341885,0.2892116563898476
56742.11966966153,7.508743318733809,0.2389713072269042
56745.058036,7.932874043324423,0.16640779909484038
56745.058036,7.4251715234332,0.18806666669472874
56745.058036,7.188521585753185,0.15269255898744716
56745.398913481666,5.3135118836094035,0.40936715120695283
56745.852040312864,6.147690743216461,0.11087709875710193
56746.53639456448,7.789945812560617,1.0915657633563425
56747.510679824365,7.302484206139175,0.24910877456498906
56748.37123548167,6.2532734928709255,0.4282240970330687
56750.037577367875,6.555519848053465,0.2988960757803135
56751.6974244905,7.240973821053436,0.20743582005436081
56752.457217538904,7.6966686258929435,0.2179764437117773
56752.486598358875,7.218887530290169,0.2491515313789605
56752.52734805181,6.693703589143233,0.35627942811594426
56752.90867595859,6.754033246490351,0.2376010242879698
56754.11706466153,7.58197902914312,0.2458172540695137
56754.18719517443,6.983734758239294,0.168824337843127
56758.358808481666,6.630412409393245,0.6637644930792808
56759.99666010362,6.777453776561394,0.2490153677862146
56761.60911567214,6.641858792902389,0.12023230919784288
56762.77339788134,5.386090231983674,0.6009162090273671
56763.31635434887,7.178496439501142,0.1508804717800347
56764.09707493939,5.951267127697275,0.10650206263331541
56764.46553356448,7.347205473970888,0.35366519904012805
56764.90607095859,6.657639948380641,0.23421880330166436
56766.63604859412,6.325065407992413,0.15947314276187521
56767.43785556448,6.358945789618816,0.32941989478402417
56768.29589571674,6.904241929481354,0.3241957176775524
56771.61558996199,6.046190889768194,0.27433066526639627
56774.576543646894,5.191644473470383,0.5918354175835611
56776.67395074095,7.291147952994097,0.34325870834164296
56777.42542856448,5.750177824057939,0.49386630626020905
56779.42472981953,5.797021008602027,0.6137428431499565
56780.9320836745,5.9083509305301405,0.4767678347551493
56783.31333923145,7.167202514999259,0.23423742601937608
56786.6330334767,7.776559488442373,0.2985177983860121
56787.271216819536,6.274943116825294,0.6336755789924401
56788.29288059932,6.263231714680213,0.1594051319874149
56794.26303581953,3.7263342409654285,1.1885473186076199
56795.762192651135,6.538341258968112,0.1988078704290605
56797.69607474095,6.629896272174945,0.2581842383616268
56799.626545740946,6.706877811135981,0.26529022657341467
56799.91181045769,6.663034301183391,0.16501975301942165
56800.30721848166,5.403682370014284,0.4985090769304103
56801.571657580316,7.048980545762888,0.25144301697455645
56802.3747189766,5.9106025479007815,0.14440342836410608
56803.23150470294,6.319044119357055,0.2664393451848786
56804.335463231444,6.261631267521294,0.1972163522243042
56806.265934231444,6.689644425523797,0.18249049759206387
56806.55119894819,6.99324240923025,0.27514487865869924
56807.381122509505,6.11607361733995,0.22254409967437722
56807.65515747669,6.257102041660685,0.2547870718688806
56808.153705481665,4.085067576428068,0.45462382118963135
56809.31500459932,6.7638866112940725,0.13008559575865397
56809.58562847669,6.813001107556424,0.2193948313401852
56811.24547559932,6.456931177852171,0.13156744957527006
56814.020511,6.562691561701434,0.23586186708582968
56814.020511,6.501504350256999,0.1656982320871582
56814.020511,6.391508902156501,0.18659234261013447
56814.814515312864,5.250298582186565,0.14122893026044261
56815.14552448166,5.103685504598804,0.9246760526006303
56816.78431665113,6.667647190954492,0.16772471370156514
56817.64271374095,6.140372639807334,0.2548286328171714
56818.71478765113,5.998737658178792,0.15268046584545725
56819.000052367875,6.721911417734292,0.33745021997465136
56819.373838564476,6.145481697798768,0.38397182936025853
56820.6598994905,5.882165924395781,0.2546473864963206
56820.93393445769,6.7383716493411,0.1299311251103514
56821.48982305181,6.115755440864801,0.3872496453443668
56822.59378158031,6.646613615075701,0.20699381813330034
56822.86440545769,6.212042230705047,0.13756806177291375
56823.14967017443,6.477388015718024,0.22236324528178505
56823.396842976596,5.913006600537253,0.11499385111126093
56824.253628702936,6.209808737195695,0.19678200003850507
56824.282102231446,6.7914867846626565,0.18964698769371344
56824.52425258031,6.251509625375647,0.193194230257747
56825.327313976595,6.034010583239695,0.12044303708726493
56826.184099702936,6.56759419181116,0.2183124521746569
56827.22032556448,6.187647444331123,0.3494486243868928
56827.573322948185,6.331120594150595,0.22255529908777905
56827.601796476694,5.9606225398496235,0.2873998170680973
56828.4032465095,6.081991423969512,0.18189792832148471
56829.26164359932,6.485509787172624,0.15527711064112726
56829.503793948184,6.335872664593751,0.22049606856241183
56829.64010874095,6.691086726220897,0.258973792607381
56830.3337175095,6.220844804367592,0.16801259028167673
56830.57159067214,5.335743474332251,0.1293993598676217
56832.27882934887,5.899100626161666,0.18054921952040692
56833.05954993939,5.493435850697117,0.13712422017693252
56834.21214456447,6.021619817359975,0.6388110599651796
56835.042635,5.934448701036537,0.18061982244115773
56835.042635,6.357103430255431,0.16044418396532162
56835.042635,6.253304481941902,0.13382936899549985
56835.59852359412,6.046258620986958,0.18822170251146494
56835.83663931286,5.016465594584297,0.11900705362406822
56836.279497231444,6.390998588589575,0.18661924188147708
56836.73095565113,6.75095005098418,0.1835149573191328
56836.973106,6.1999851085738795,0.14450298198449266
56836.973106,5.988227022581379,0.14048112546634442
56836.973106,6.253986018098855,0.1900976242184299
56837.25837071674,5.953018217083699,0.3464401249366779
56837.76711031286,5.690864707834546,0.10855425450939728
56839.59919147669,6.644378390901383,0.2961089024337972
56840.02217636787,6.815253029994267,0.3076214873611374
56840.57806496199,6.330398265246239,0.3474989470384035
56840.88057345769,6.635169802549717,0.14964267784750557
56841.25903859932,6.002848829760531,0.16289807312658125
56841.682023490495,5.107601162457378,0.2000590127978046
56841.95264736787,6.590015661279978,0.2717052582958858
56842.511947051804,5.60852668625757,0.305800412633398
56842.54042058031,6.573984205204367,0.193194230257747
56843.3434819766,6.234348302945724,0.10882344934431523
56843.612494490495,6.563782914901576,0.19268220554124837
56844.17179417443,6.14024442406421,0.19092176426238444
56844.20026770294,5.992921094353579,0.1974152486307447
56844.4424180518,5.8670182631247165,0.29848461328810133
56846.10226517443,6.414252511663001,0.16137434836463446
56847.51996194819,6.971066080495525,0.1956268999098983
56848.3498855095,6.273861549610495,0.17419787722668198
56848.72835065113,6.319515835606544,0.1780443217350936
56851.59371467213,5.391048821348271,0.11144406227474905
56852.87796845769,6.513391623335885,0.1623365050028457
56853.300953348866,5.863806948552302,0.13742475719146424
56853.52418567213,5.459233495751585,0.10697417806386524
56854.081673939385,5.190216447569144,0.11002961509544779
56854.53781558031,6.63354032129886,0.19072483032212167
56854.77644588134,3.7959873858571633,0.731393131949162
56854.989274,6.031398296258637,0.16583437456315586
56854.989274,6.092863387885228,0.16735089995297675
56854.989274,6.008083012046587,0.13174449010165296
56855.231424348865,6.116377328944318,0.1448143709409251
56855.340876976596,5.7174769861041685,0.11547466163855541
56855.78327831286,5.5522683343881685,0.11087709875710193
56856.012144939385,5.467166843000387,0.11070510386479226
56856.197662702936,6.703742639142708,0.2148295849173382
56856.620647594114,6.289265314719339,0.17194893284188587
56858.28049471674,6.552075521487871,0.26318877895698034
56858.551118594114,6.133046725891379,0.1434173433545572
56859.517356948185,6.579812280675728,0.2119423417647321
56859.96881536787,6.1882408954653,0.35895937410412404
56860.21096571674,5.891350553395033,0.2779449699110538
56860.3472805095,6.188024914455318,0.18694714215414218
56861.60018896199,6.015956062589679,0.2569960310173808
56861.6286624905,5.736105140715968,0.19519032000847733
56862.458586051805,6.384001416859009,0.32604079082205195
56863.53065996199,6.15503626761085,0.2723150101211619
56864.11466224585,6.2982850390529554,0.19912238810152647
56864.11843317443,6.266515432174252,0.18258787772712162
56866.57959164689,5.271802769305629,0.7949031003661825
56866.986669,6.1375444534066546,0.174662347038301
56866.986669,6.22153489879757,0.14226816451821303
56866.986669,6.158698542292596,0.1818902614503217
56867.13452724585,5.308797643115588,0.24468302453885996
56867.14279924585,4.908461559010494,0.2712725107219595
56867.78067331286,5.092345173342649,0.1078574012350859
56871.540353672135,5.806975335208484,0.11144406227474905
56871.96621036787,6.636686467409966,0.29950482542548734
56872.9351316745,4.1338806455508195,0.5855304970586678
56873.24759234887,6.257552039381777,0.15110105726509312
56873.626057490495,5.663812429601718,0.19578046458900186
56874.02831293939,5.343327235287229,0.1022239670941336
56874.455981051804,6.330352221660167,0.3418916894035279
56876.11582817443,6.452133814096015,0.18624973696231284
56876.567286594116,6.230683343908854,0.17216590310414692
56878.22713371674,5.875933637472867,0.28389149462388924
56881.54682796199,5.620887654123745,0.25115063109620095
56883.53774867213,5.322106539451587,0.11659579322966608
56885.244987348866,5.988437747610371,0.1569465726191443
56886.025707939385,5.427388059916766,0.1059766824793808
56888.564681594115,6.685236043345764,0.18290593108606912
56890.22452871674,6.375882196663115,0.3103204933476028
56893.54422296199,6.364664402715223,0.2620351688804667
56899.69902315723,6.636312404472688,0.4231992703342523
56902.18879384117,6.873125729635904,0.35185524267876817
56902.71888815723,5.702568923912325,0.9180996107289865
56902.72716015723,6.42772747338765,0.5926745268408455
56905.20865884117,5.0501914953626805,0.8900548737499102
56905.21693084117,4.459908029026589,0.49855804534170856
56936.14861188134,5.266448762868534,0.6848909760289376
56938.7054305389,6.206723901125885,0.42920286159864307
56939.21433481953,4.334050908163007,0.7565168580216988
56940.36527766153,6.855990247694297,0.36920350530259216
56941.725295538905,6.373005025105413,0.5357215618112713
56941.733567538904,6.626542580480139,0.5916973857251719
56943.38514266153,5.612575251397081,0.5341430617896493
56943.39341466153,5.332369055048412,0.5128091809312848
56947.95175764689,6.059135363954038,0.6942599067063746
56949.84564124585,4.684392855220329,0.18971150254233954
56951.15428395859,6.985715384052287,0.3974109658909106
56954.17414895859,5.003733886077192,0.5917195615541686
56954.18242095859,5.913551331393403,0.5770069002637391
56954.3072976745,7.745396993821075,0.5989395924111562
56960.09682348166,5.262769556659127,0.5125660729098784
56966.14016688134,6.212293584741062,0.7413256312719285
56977.943312646894,5.931772738349149,0.7877779185141608
56979.163443564474,4.419057913214655,0.4227116089868598
56984.2988526745,6.70619210400321,0.6495961748538909
56985.43000215723,6.660755951084216,0.4174957761248958
56987.91977284117,6.01663599416785,0.350408469476964
56996.06189488134,5.445685227920272,0.5855659828012736
57007.865040646895,5.720689225983002,0.5619987185782198
57009.88771124585,4.861407131214559,0.18523012846653625
57009.89036124585,4.751613466357378,0.1657361512367919
57014.220580674504,5.182769882012147,0.4529294430173918
57015.888321740946,5.98838344749965,0.5007747803696079
57018.90818674095,5.749543288159001,0.6580934638361343
57018.91645874095,6.543045305141982,0.7190865293206471
57020.58650081953,5.831787408327289,0.6485092428752185
57022.52771023144,6.501098436307261,0.34640164588176825
57024.4364095389,6.068430689103307,0.43150774846568607
57025.547575231445,5.507447310655149,0.9039197497621988
57025.555847231444,5.101454122196182,0.4797600864298149
57025.84740447669,5.556669218632054,0.4115506084514791
57026.00791788135,5.483157839001619,0.5927896186723763
57026.09625666153,5.337145297031628,0.39610966847470863
57027.507251599316,6.034602840116591,0.23466213653127413
57028.867269476694,5.382487511318055,0.6088947768444667
57028.87554147669,4.839559423626549,0.5762820316452499
57030.52711659932,4.951791086974987,0.34389593215611625
57030.53538859932,5.0608131891974555,0.33638081637184897
57034.97656365113,5.452917426043972,0.29292766899991657
57036.88526295859,6.475000015120138,0.4040062968142066
57037.8110636469,7.001885987749673,0.5557641844577007
57037.99642865113,4.893420604949054,0.4376508467231351
57038.00470065113,5.441727489622075,0.41638996752152824
57039.12618145769,5.424612139686793,0.23849946793488647
57040.78602858031,5.504879291898338,0.37215309618071263
57041.46898948166,5.340940168447389,0.5026233196561083
57041.589089976595,4.804738335123497,0.21187717236109682
57042.14604645769,4.5288201095375875,0.3392244704032764
57042.15431845769,5.320378274427496,0.3387084611693195
57042.445875702935,6.22563995200169,0.39356400007701015
57043.80589358031,4.859930132240898,0.4667165878331888
57043.81416558031,5.365430824945378,0.5111657866744449
57044.16660367451,5.626387453256978,0.5009787013638087
57044.6089549766,5.073992230408402,0.26356430404525233
57044.617226976596,4.938563931887126,0.27342091985478906
57045.46574070294,5.009802654901353,0.5005830121655295
57045.47207215723,5.00511306059673,0.388652391123293
57045.474012702936,4.3243110538018135,0.5477600322873915
57045.47472215723,5.097998537720535,0.3519870712060012
57045.765569948184,6.133117659019119,0.4025003665352647
57046.5954935095,6.3988295919687666,0.31027419001680046
57047.96184284117,4.662456277279169,0.3191581683179945
57047.96449284117,5.249846197211652,0.3119243023089736
57048.785434948186,6.223406997439072,0.49595775191732144
57048.793706948185,4.785113676644029,0.5396767999943513
57049.6153585095,4.916885332083805,0.43839799102048327
57049.6236305095,4.853770159175586,0.41428799496954394
57050.57805581953,4.938522711386226,0.8663786811535263
57053.234882,6.37313552615599,0.35284502045101734
57053.234882,5.802573521081688,0.24581714957927123
57053.234882,6.0474541831458035,0.26090816191644495
57054.02888631286,5.337792382183439,0.20828170087751685
57056.14581288135,4.772081182939933,0.6550934780606383
57056.254747,5.26944020394086,0.6675583658202826
57056.254747,4.467096173823336,0.3649273719640124
57056.254747,4.248753956364563,0.8454199185326754
57056.263019,5.778741957552781,0.4729423086858801
57056.263019,4.885226807789092,0.32335478844090726
57056.263019,5.046254950824677,0.35047707376556314
57057.04875131286,4.790375421141043,0.264262247247199
57057.05702331286,4.784181169813831,0.2768830343263942
57058.21442336787,4.976829101569529,0.5012038745263911
57059.874270490494,6.507719179751748,0.3729713748914822
57060.535609564475,5.97945407082762,0.35814530960919105
57060.7041940518,6.088930843265381,0.5703884889549584
57061.23428836787,4.378225283815336,0.6497387879487875
57061.24256036787,3.6172882273481424,0.6611021146586976
57062.36404117443,5.718499256976667,0.30885888583716425
57062.8941354905,5.25218658468588,0.4783121825151051
57062.902407490496,5.382018392401269,0.5345234538100635
57063.724059051805,4.25998100694123,0.7454799532857236
57063.732331051804,5.6451056829840525,0.8288800658221049
57065.38390617443,5.025271422452533,0.4328570158012261
57065.39217817443,5.496262282702992,0.42161889607943226
57067.9489586469,4.591793226303299,0.5860462073287934
57069.78596167213,5.035730906957671,0.19031100233458179
57071.46054448166,5.345054411173088,0.6044508271171343
57071.493200348865,5.8031459401612056,0.265474631267941
57072.273920939384,5.408624482990531,0.20197114203400407
57072.805826672135,4.359945022871496,0.24069190064369678
57072.814098672134,4.660715197739446,0.24751036808402813
57074.30449867451,5.993275201095901,0.5047034500728335
57074.51306534887,5.734764439793062,0.3874584045053084
57074.521337348866,4.817128821949575,0.3757673737972062
57074.81289459411,5.349784079128972,0.2578691566972635
57075.293785939386,4.572519495157455,0.2589373615820565
57075.302057939385,4.5672656936181095,0.25938768742828616
57076.47274171674,5.398009243885714,0.5067760505272065
57077.832759594115,4.793255356429366,0.35149182486290864
57077.841031594115,5.226111029640171,0.3492136371091675
57079.49260671674,4.587519949691833,0.6653500428694876
57079.50087871674,5.351758496119215,0.7298808480865547
57079.79243596199,5.193568763334061,0.5075419655700116
57080.499783819534,5.900856655781476,0.6336755789924401
57082.81230096199,4.115193260633678,0.6577082738899713
57082.82057296199,4.544527806568597,0.7270468108860333
57083.025063881345,5.822668724943452,0.625747457334283
57084.478479538906,5.297939936406088,0.3895258805302605
57084.48112953891,6.058552602530266,0.36976970738417814
57086.13832666153,5.053754939360816,0.3886268893676703
57086.14097666153,4.892954792592546,0.37175083436030715
57090.527164564475,5.8924872186046375,0.46250553227676994
57094.8282096469,6.247952683032616,0.6546260826545033
57096.92733295859,4.728082875693284,0.3828674156497964
57096.929982958594,5.972740198653752,0.36477253337306137
57101.18374967451,5.63569932502954,0.5013511762347116
57101.382272481664,7.2441202826432,0.45565238187105583
57101.619300740946,6.23511914929784,0.4867601925074705
57108.25868923144,5.9093117548247,0.34254815121164933
57110.44580681954,4.88706843979284,0.5882474833514312
57111.57838347669,6.260808035433323,0.4565784327890339
57113.238230599316,6.534199269718581,0.25794841079238384
57120.44889256448,6.0295258948347925,0.37369392864299705
57120.70754265113,5.631956408794346,0.30051195924142543
57124.85716045769,5.979838075424435,0.26316470931802705
57126.51700758031,5.773608108422272,0.366342743391006
57127.320068976594,5.054759809316623,0.2251795969495771
57128.176854702935,5.999253580275976,0.4089202784388243
57131.32829548167,6.201845458799701,0.47142364565289835
57131.496548948184,6.085596954587565,0.4375072854665097
57132.3264725095,4.948442918537914,0.34435638338723823
57138.965861,5.8843517487852415,0.36286441090127647
57138.965861,6.154024534615864,0.26885009735891213
57138.965861,5.921300786175214,0.30219472819772875
57139.75986531286,4.8143781450339915,0.20386829680687807
57140.58370181954,5.9527744793712,0.6614886987726495
57143.94540236787,6.985702930642919,1.581734494709806
57145.605249490494,4.867117245893645,0.3574800796527143
57146.4351730518,5.015946939288545,0.5723393687803708
57148.09502017443,6.293032343877361,0.3276732660455606
57149.849708881346,5.3264952360470765,0.6853424532708814
57150.39491556448,5.523536936446531,0.35682763003005497
57155.51694067213,5.493325832953241,0.20500858770596272
57157.224179348865,6.05461339312793,0.2813567861921553
57158.004899939384,5.31480659835935,0.21112776757400722
57160.54387359411,5.866173303310282,0.2850989246110259
57161.46619048167,6.304701526942152,0.7525635652422631
57161.6528546469,7.442756614843522,0.6497275201312384
57161.66137074095,5.686378948498664,0.4573492968531263
57161.66402074095,5.234359142804378,0.4141212018980833
57162.20372071674,5.999268964850197,0.5281394911622084
57165.52341496199,6.632746537031394,0.5101623172588162
57167.46295281954,5.821589264407879,0.6480456908788818
57168.00839467451,6.121406556686348,0.5888827708967898
57168.300759231446,6.151531419803609,0.3231430530514072
57168.30340923145,6.1997001031800965,0.3056647022262246
57169.77966988134,6.163534042611117,0.5982073455757035
57171.620453476695,5.964328533622263,0.43082177606919797
57171.6231034767,5.4362244210213095,0.4474987480460703
57173.28030059932,6.358493745748389,0.2254534735280171
57173.28295059932,6.432586436579193,0.24535265335114723
57180.53281056448,6.72526071261865,0.397675696983274
57180.74961265113,6.400332043098032,0.29367366476137646
57180.752262651135,6.474931619244021,0.27626709699397894
57181.58281564689,7.0107924650647,0.5962886562410746
57184.89923045769,5.608311426975455,0.2254960352391722
57184.90188045769,5.254329092481011,0.24180192703221073
57186.559077580314,6.3052553886804334,0.3538504848931365
57186.561727580316,6.247151860783367,0.3205862151720659
57187.3621389766,6.154213215063313,0.20458487936379735
57187.3647889766,5.652567564919416,0.202180826727325
57187.9383556745,7.153161949086162,0.5281693669396889
57188.21892470294,5.923263749207204,0.35762714246740385
57188.22157470294,6.440944473363208,0.35857701535576353
57188.345441481666,7.871542298312148,0.4542809676291566
57191.53861894819,6.147373870348585,0.381749658933486
57191.54126894819,5.752952023566684,0.3804824401486446
57192.3685425095,5.872449049914228,0.32643167428130426
57192.371192509505,6.0655814790133755,0.3125463362414963
57199.007931,6.100209240060776,0.27421161105152536
57199.007931,6.026946202038535,0.23142155721699567
57199.007931,6.1917033207053525,0.3294213103443304
57199.010581,6.634640903590727,0.2923318262527553
57199.010581,6.32574651726963,0.3156107991831625
57199.010581,6.14608213882978,0.24403011052740253
57199.20880524585,8.818460440148868,0.16715525302746295
57199.80193531286,5.417543368021299,0.2009260274264522
57199.804585312864,5.645182104296355,0.1802527136218808
57203.98747236787,7.862099503144734,0.49227554639717636
57203.990122367875,6.336369975790914,0.49876887594569635
57205.6473194905,5.439557489002407,0.34198878441394626
57205.6499694905,5.225630078562277,0.31012097706562336
57206.477243051806,5.747526873818205,0.5213726333414711
57206.47989305181,6.137702838900691,0.5286884326867678
57207.41206156448,7.676625368754912,0.35577348636674616
57208.13709017443,6.979946627995993,0.3265368269725702
57208.13974017443,6.228634129741239,0.2977470371234805
57215.559010672136,5.5834811246642895,0.1847804676329797
57215.56166067214,5.371351026520648,0.191447413574637
57217.26624934887,6.8277655182580785,0.2562100408954829
57217.26889934887,6.76158987274052,0.2531218441046635
57218.04696993939,5.874711733838232,0.1976930464948222
57218.04961993939,6.000802970782538,0.18823620372399935
57220.58594359412,6.327235110615024,0.2724061642687542
57220.58859359412,6.623399518601363,0.2749013222847562
57222.24579071674,6.168855039994025,0.46603134416148134
57222.24844071674,5.2856859993099325,0.49334130950931887
57225.56548496199,7.497664159851457,0.4676319936943713
57225.56813496199,7.566398000303948,0.4287298493913482
57233.79890015723,7.312583860724959,0.34269852349362057
57234.28759781954,7.55434662671493,0.6253316430583771
57234.79316615723,7.788418234762702,0.31939567572396405
57236.28867084117,7.968333043401643,0.2952864104882261
57237.28293684117,8.014629785859375,0.3097541425062674
57254.21755881953,8.184777341733014,0.6461914828935343
57255.17008648167,8.797246911594204,0.5231945332845984
57263.07617524585,13.486558435777303,0.1504994793790606
57272.8053075389,9.56626114461722,0.359562351258702
57273.799573538905,8.868868232560507,0.33108053497309986
57274.23670656448,8.667520412265258,0.38001879062285027
57274.46515466153,9.191413369420784,0.3480288325103348
57275.10004748166,9.527524995405603,0.5142803407122526
57275.45942066153,9.684162334022563,0.32749099198250625
57285.25416095859,9.533204230937681,0.3558096477593515
57286.24842695859,9.763026146957149,0.315222995923684
57294.166667564474,9.012752461998915,0.36157127651494486
57298.66053615723,9.842880402194103,0.2525833149857879
57301.15030684117,9.579604358250918,0.22699871536307045
57320.13985088134,8.776232841740622,0.6844394987869936
57331.942996646896,9.504606113272331,0.7490347421937921
57332.68740217103,7.59439507023302,0.3241875590335589
57337.666943538905,10.634905477044068,0.2683546852342876
57338.298536674505,10.535233776880503,0.6346971800177924
57339.32679066153,9.946537226967225,0.25743944289533915
57341.81656134547,10.069313476437902,0.36676292938942257
57349.988198740946,10.707233352674264,0.41451597902096043
57350.07850988134,9.372182801106607,0.6085913221404138
57350.11579695859,10.502717876662187,0.26127657119210934
57350.98246474095,10.638281580392547,0.37957820364633665
57355.97431124585,6.701011189331812,0.12809260900004413
57355.978441245854,6.941660977202449,0.1233124766525207
57356.62758723144,11.05895688220015,0.2901130987361015
57357.621853231445,11.016981315257782,0.29878346174386927
57359.94728147669,10.722083338935265,0.40747401530157706
57360.941547476694,10.983911798972159,0.38412625453395605
57361.60712859932,11.393303781103876,0.23900185127993548
57361.881655646896,9.727268046148014,0.6385944234874542
57362.60139459932,11.401771517198826,0.22375992630902727
57368.237195674505,10.620902997188068,0.49352920394576
57369.07644065113,11.914484046555714,0.2776347558899888
57370.07070665113,11.436798093967566,0.2446866097588436
57373.22605845769,10.342831549353146,0.23860266978167785
57374.22032445769,10.311384708213652,0.2162078690279477
57374.88590558031,11.100103769566125,0.3101275801505939
57375.688966976595,15.703110287131505,0.5539738625311127
57375.88017158031,10.793462401089355,0.3022836038844897
57376.545752702936,10.943500276335953,0.3486033500279873
57376.6832329766,11.564934348883758,0.18719556529331396
57376.91435124585,7.4464130772737605,0.1352628075213295
57377.54001870294,11.50313371972784,0.3269145857437755
57379.865446948184,10.562522519084293,0.36084054898360196
57379.98925288134,9.155473724973522,0.7629965388852364
57380.6953705095,11.604821514130233,0.30547743687577583
57380.859712948186,10.812323022046163,0.338822622596982
57381.6896365095,11.812091741960822,0.2572574447738972
57387.334759,11.449686696145429,0.2699682695170601
57387.334759,11.58186458860827,0.3058622030693968
57387.334759,12.128691764696859,0.23439995563677682
57388.12876331286,15.560629916331601,0.6168700040487648
57388.329025,11.596551247029293,0.22874099863919262
57388.329025,12.131488464318293,0.25632076566296913
57388.329025,11.61842182403489,0.28121991844848926
57389.12302931286,10.829770465173134,0.17243247132127515
57391.55867215723,10.984819346663494,0.253561056850249
57391.562802157234,10.29616316012805,0.24965008939240454
57391.792398646896,11.472937599893353,0.7971297196949394
57392.31430036787,10.767255726462283,0.45554765113835977
57393.30856636787,10.258746856193806,0.4565622338803158
57393.974147490495,10.588568954078648,0.29979344690644466
57394.04844284117,10.986012587724728,0.24522805770580267
57394.052572841174,11.22082387837754,0.23625806385461695
57394.8040710518,10.404520877055846,0.48601293650587096
57394.9684134905,10.278005368577631,0.29285924808528185
57395.798337051805,10.525963146187769,0.5043024348691124
57396.46391817443,11.746677184150101,0.28663518840979674
57397.45818417443,11.222652500493425,0.2589818376336974
57398.147938674505,12.892999709693077,0.6644951696899893
57403.88583867213,14.911144583037581,0.5525989056641877
57404.577739819535,10.859472360596495,0.7180420423257418
57404.880104672135,11.43145336598848,0.18591687887303493
57404.8898534793,11.0051224989531,0.3312437250760509
57405.593077348865,10.266693230320566,0.25290125861960494
57406.373797939385,15.039593247688934,0.48079789515787064
57406.58734334887,10.685805651931773,0.2127547003389524
57407.368063939386,10.822291697748135,0.1681967035667793
57408.912771594114,9.877953452517184,0.24994974212473503
57409.907037594116,10.052614513637334,0.24495942609273078
57409.97781588134,9.23673962852343,0.7178488146908442
57410.57261871674,10.3285591974505,0.4514953948634391
57411.56688471674,10.138050164983733,0.4605253027607079
57412.49871215723,10.69915576526344,0.29413734422538523
57413.89231296199,10.93617027210675,0.43417211828348096
57414.84983474095,10.17084967582114,0.30358360749249386
57414.88657896199,10.208518764677146,0.3938590153787937
57414.98848284117,10.597843337680677,0.25332998763590586
57418.97220088134,9.056148731745859,0.7336505181588816
57421.489223231445,11.202361933852435,0.22019969543537118
57421.780961646895,10.675807880198414,0.6466102530709787
57424.808917476694,10.635918983721426,0.30426208873360144
57425.460228481665,8.704676450265996,0.5153089013936771
57426.46876459932,11.321116330894437,0.18830128141142835
57428.136501674504,10.252152874994632,0.5479105350975189
57430.56507953891,9.922366165575358,0.25617171179420356
57430.56920953891,9.97142732888813,0.24283629492059783
57430.77534664689,9.678282420915364,0.7174167477254454
57432.22492666153,9.894635397416279,0.26746955106009246
57432.229056661534,10.262406030123906,0.2696984639855934
57433.92481688134,8.640789669157446,0.6036250724790306
57433.93807665113,10.72797778795376,0.20577049753601936
57434.516398819535,10.474724203636931,0.6290400590290717
57437.1308866745,11.470145702845679,0.6566731974010376
57438.08769445769,10.337351324884832,0.18844657224106565
57439.74754158031,10.178581817118646,0.22689427643804574
57439.89388988134,9.313490759653897,0.569312802091292
57440.5506029766,14.368861073889347,0.17148908806836125
57441.40738870294,10.412046395298736,0.25963192281830116
57443.013932958595,8.842554705534074,0.2590781275510107
57443.018062958596,8.922036898712255,0.27023945680581923
57444.52684856448,10.71519447824275,0.37896464695954146
57444.727082948186,9.91671614585947,0.26516553072807286
57445.5570065095,10.884765752489535,0.22254409967437722
57445.727962646895,8.86333974659037,0.6345865086956919
57448.046777193435,8.73074189183473,0.3276808560791383
57451.5051195389,9.952823599175568,0.2915681886809346
57451.697035646896,8.921231849138046,0.580702320939777
57452.083502674504,11.756951353440574,0.5304042161651036
57452.196395,10.50572789538314,0.22286373893414219
57452.196395,10.802749139498982,0.2045978729050277
57452.196395,10.501592707970415,0.17900174502884733
57452.99039931286,14.43559901902665,0.15733398371119492
57453.16496666153,9.688779367939672,0.2816390689436333
57454.64903882436,9.147909193916947,0.30432993148826254
57455.398887481664,8.732104735103984,0.432681193319242
57457.17593636787,9.600485573212588,0.33460938829717385
57458.052575674505,10.37134483368342,0.49390167881666236
57458.8357834905,9.375526768810543,0.21805842250380175
57459.62495735887,8.094449789668806,0.2795869127059669
57459.665707051805,9.672453222569832,0.3604250477449459
57461.32555417443,9.917060785038828,0.20847343438968036
57463.834359881344,7.043011709917887,1.5133517149960438
57463.95397295859,9.11719104962209,0.3135318854305312
57464.427141819535,7.962272383491338,0.6851298505858276
57467.13501910362,7.704577711072186,0.2847253936880721
57468.747474672135,13.680790013804456,0.16288561107458235
57470.45471334887,9.199941824577513,0.18749766229975062
57471.235433939386,14.022607378286944,0.1577641547957921
57472.83782688134,9.783027091275581,1.3300519547668093
57473.774407594115,8.108343993516021,0.18583502962659337
57474.46550756448,9.840255237696383,0.3425966905753851
57475.43425471674,8.90629584563322,0.3319041756386355
57475.6375056469,9.063735486178484,1.1057391586606335
57478.75394896199,8.587952184460173,0.311217154424185
57481.993045674506,9.969071973108765,1.2697668349064872
57484.64097264689,10.747059698718633,1.2005931420656741
57485.309630481664,8.090968577016042,0.49576624844661155
57490.9965126745,10.438390310445865,1.0168563975637168
57493.821404881346,8.573068082865856,0.6659289318672924
57494.415704819534,8.388740220121218,0.6517541068495762
57499.820265881346,6.459703113326334,0.6122031400759652
57503.41008981953,7.0055010630521295,0.7472458180949618
57504.37625056448,8.401349137279766,0.38397182936025853
57505.6245506469,9.059282247520969,0.5891634743890525
57507.74797074095,7.308912923523566,0.3000306133865999
57507.75210074095,7.800410441505562,0.3029914418081782
57511.6234116469,4.910645114181274,0.6056404574218534
57511.98009067451,9.142177759705302,0.5058208746855412
57514.38735923145,7.347491015636969,0.21978682100642988
57514.39148923145,7.018567720580383,0.21152933242760347
57515.29819348166,7.655544555213002,0.512908926470353
57517.7070534767,7.713557594307523,0.31426827191972473
57517.7111834767,7.363341182793207,0.2994442968291717
57517.97895167451,6.56092690435125,0.5225822438761519
57518.362705819534,7.031459974846992,1.463897204431694
57519.36690059932,7.827645958222041,0.17665814428087348
57519.37103059932,7.89009551192229,0.17253012293458572
57520.85436388134,8.410536275766042,0.5566714393168618
57524.29257848166,7.226977604619458,0.5975937559076373
57524.331778819535,7.226615365304795,0.623013883076693
57526.836212651135,7.274390410275203,0.18886126027626202
57526.840342651136,7.504405770058668,0.2022891839825399
57528.688010740945,7.506301484962119,0.3549046334665175
57529.77837888134,7.1784548825010654,0.6699922270447879
57530.98583045769,7.675444418206859,0.17575274508572553
57532.645677580316,7.720076292974009,0.22079340600885372
57532.64980758032,7.914723111429183,0.2200671119101404
57532.657509646895,6.975166555804591,0.5851555595972906
57533.4487389766,6.505204899988277,0.1290976265785654
57533.4528689766,6.403433338377614,0.116756823044674
57534.30552470294,7.368653660994454,0.24633370238126623
57534.30965470294,7.154932261113535,0.22891936609467287
57534.364813564476,7.12056458635948,0.40900774136384416
57535.32739923144,7.160321274516903,0.24056816726314303
57537.62521894819,7.379744138606892,0.2553445851455515
57537.62934894819,7.492209805761571,0.2280993812714605
57538.455142509505,7.101932618166318,0.1957832663612927
57538.459272509506,7.189031556779658,0.19464719324894478
57538.64709347669,6.9575348646893165,0.3246450544831119
57539.013049674504,8.34135678726501,0.4972539526547846
57539.245194481664,7.518403131023067,0.8975906213231183
57540.306940599316,7.030620298284966,0.1853375737781962
57541.58152464689,6.724449219386575,0.6987131453638883
57543.359198564474,6.503890543323786,0.4174408906703152
57545.094531,7.240147158362724,0.15984071519492193
57545.094531,6.828070011465054,0.19984622033219557
57545.094531,6.7309762249137215,0.19152379358262123
57545.098661,6.348764035871577,0.187931269526482
57545.098661,6.702304998329497,0.17890845388556234
57545.214267481664,7.192692248571974,0.4494810177825088
57545.888535312864,5.763647160929292,0.12380759840265781
57545.892665312866,5.586336716687837,0.12009104760633038
57547.77625265113,7.3962363846469845,0.22889636614127595
57547.9370646745,8.371154776937207,0.5751012006733988
57550.07820236788,6.667123949668653,0.320202313361395
57551.7339194905,5.770038454096127,0.23133667556560297
57551.7380494905,5.250711223234569,0.22897609724350482
57551.925870457686,6.911750751950624,0.18277047066753946
57552.56384305181,5.250052518338037,0.39724790444960545
57552.56797305181,6.923907408541899,0.378958406086364
57553.58571758031,7.539955356493103,0.25405767572992444
57554.22369017443,6.530421839124241,0.19900310878142716
57554.227820174434,6.383947469716592,0.20127598692740792
57554.388778976594,6.372982004982298,0.1338255967636277
57555.245564702935,6.938044618271419,0.265331160148459
57556.78904388134,6.249314718580464,4.001442795349026
57557.27571581953,7.596066306385245,1.1899379745966303
57558.31181456448,6.91764193117252,1.1861751571383143
57558.56525894818,6.459426496115791,0.2542357687088152
57559.3951825095,6.600798145275065,0.2145915878879416
57561.64561067214,5.464536748205176,0.12924783836894765
57561.64974067214,5.668333163921746,0.11765644372038436
57562.792383881344,7.15949283833942,0.6031735952370866
57563.35284934887,6.392109185267482,0.16819643235712933
57563.35697934887,6.24983154740473,0.16841701784218785
57564.13356993939,5.290038676816719,0.11513330801938397
57564.13769993939,5.23599957526916,0.1085285289413489
57564.28088756448,7.057315966560947,0.3499756962185473
57566.034571,6.473329430658582,0.2274672426545314
57566.034571,6.4141379966100835,0.16192559408876872
57566.034571,6.287145637389923,0.18613360298478698
57566.67254359412,6.408598958962919,0.18974049434729234
57566.67667359412,6.760090783825827,0.18073622846345858
57566.82857531286,5.967283173311399,0.13782209203047588
57568.33239071674,5.836290139387297,0.3530473746176063
57568.336520716744,6.422132944429613,0.3189099179328097
57568.59218964689,4.700452249546631,3.950468013080339
57569.154737481666,8.40639385265289,1.9631794872789061
57571.01411236787,6.409419933211764,0.3362327206843038
57571.65208496199,5.925251581054133,0.29791383046563824
57571.65621496199,5.993783855992102,0.29912322355277887
57572.673959490494,5.7021718273358095,0.2634995552041881
57573.5038830518,6.057229046102428,0.41504968285649385
57574.5955296469,5.970070590803767,0.5722411674905012
57574.9477296745,-0.2758493510634086,3.255057896816601
57575.16373017443,6.373845789067788,0.22097426419257457
57578.15820448166,8.358394354186412,0.9411330235034221
57578.25929381954,9.033077495029403,0.625795195054714
57580.951069674506,7.182959938758359,0.5125254223617854
57582.58565067213,5.79182318534108,0.12667197289148915
57584.25815481954,5.425715859536231,0.6994999624722693
57584.292889348864,6.495784363244991,0.2001813276906162
57585.07360993938,5.660806956879142,0.12811770325233926
57587.61258359411,6.462841524528183,0.1911508010519892
57588.22135756448,7.7082496786541785,0.3473403370602751
57589.12982624585,5.506724998130234,0.13563625536097976
57589.12982624585,5.548551156171064,0.11905517128050755
57589.13396224585,5.428300951803676,0.11972737739187805
57589.13396224585,5.486558814789118,0.1052376012134474
57589.27243071674,5.329734330516121,0.36097607423472033
57592.592124961986,6.7823081488077825,0.343669202262458
57593.14596724585,5.438757491313884,0.12846605683969448
57593.15013824585,5.317013495587894,0.11763606948983653
57597.22482456447,5.013594939320861,0.7328933819154967
57599.14178248167,7.028122539544053,0.4950805413256619
57605.14064348167,4.80848858902997,0.5701654710696509
57605.292252819534,6.323152524444324,0.5539446356225061
57614.21626781953,5.381678419884231,0.6434101709155133
57618.20840256448,6.393205458676355,0.39056022725593903
57624.20726356448,4.468075593558517,0.38397182936025853
57624.71418715723,5.609683446788519,0.23156186489987393
57624.71418715723,5.25117809648611,0.27490842089098333
57624.71832315723,5.9844844948319444,0.21738460786518776
57624.71832315723,5.790565691713825,0.24247998238635635
57626.174741481664,5.909048518154192,0.41622422241644985
57627.20395784117,5.48277668270212,0.25926175776330285
57627.20395784117,5.7460894054304745,0.22453920092000323
57627.20809384117,5.523286332352636,0.23018161640703955
57627.20809384117,5.617326590469905,0.2067438905378124
57628.73449915723,5.466281306667555,0.25714611035327306
57631.22426984117,5.518946012747223,0.2200542039944104
57635.09875648166,5.9433338742016755,0.4751950348181215
57641.22693281953,2.989471987588412,3.066860007764436
57645.24136156448,5.055760685853216,0.29305193839986793
57647.230272819535,6.798756872685906,0.5924194513184625
57654.16537656447,5.70274135920904,0.35050276805020175
57657.99845324585,4.729953491657662,0.12981046906243549
57662.10942148166,7.967541295245101,2.2072912223369885
57663.72059453891,4.733242653980563,0.274116902401895
57663.72059453891,4.853426040619231,0.22966551282320932
57663.7247305389,5.189280984102634,0.24020213850112018
57663.7247305389,5.265012981162617,0.21534228729229965
57665.38044166153,4.894546873253618,0.26301172520909094
57665.38044166153,4.983703390273649,0.22336891674839882
57665.38457766153,5.548892024954202,0.2720865849772014
57665.38457766153,5.566404912225994,0.23355823297925946
57667.73673553891,5.237025069205667,0.27296445896837374
57667.74090653891,4.886352995862702,0.2704949373251134
57668.112761481665,4.746089241023551,0.46388086732245193
57669.39658266153,5.843426947252518,0.25903152355641096
57669.40075366153,4.633445644837813,0.22862278292993615
57676.16944795859,5.837451359201528,0.27717300982774573
57676.16944795859,5.768115828982262,0.22610147293453087
57676.17358395859,5.524595917968257,0.2370936911400241
57676.17358395859,5.489082597612048,0.2766656766797999
57680.18558895859,5.189756040324001,0.2815698971099429
57680.189759958594,5.524595917968257,0.2362481358934477
57681.176041564475,7.13374138215084,1.662911628869754
57683.84597424585,5.031699346095084,0.1410139042519437
57683.84597424585,4.926387055313707,0.1498272732676902
57684.84633124585,5.237842553582036,0.16498925555749136
57684.84633124585,5.234854970864833,0.1581178153079263
57684.85048924585,5.003317310281663,0.12801791943211416
57687.17938156448,4.1702800086737595,0.35392873495595556
57707.116600881345,4.776595955359372,0.5796967786560024
57718.9197466469,5.502035207899084,0.5334979911701326
57719.43033515723,5.824786656969964,0.2740936360039324
57719.43033515723,5.601535597918009,0.293159602360924
57720.43069215723,4.49668729107695,0.3264028257526019
57720.43069215723,4.468984604917218,0.29267073142869343
57720.43485015723,4.904079734602414,0.2887597639708491
57721.92010584117,5.0082350725103595,0.26562755985124115
57721.92010584117,4.8042400510559755,0.2835675475536125
57722.92046284117,4.4179516061742685,0.27459755370242683
57722.92046284117,4.539480555125817,0.30367769505869013
57722.92462084117,4.985086701281493,0.25752562992113787
57725.09649788134,6.705306732943829,0.8912160755973122
57725.27528667451,3.5811279371315674,0.4451074707284401
57732.5892215389,4.594949441957985,0.29815357972962897
57734.10219288134,5.624018738488124,0.5765364379623951
57734.24906866153,4.666879338720325,0.2900770964473148
57736.899643646895,5.92242093716837,0.9262736407628346
57740.90348574095,4.764574366580623,0.32924412047950574
57740.90348574095,4.673775628318889,0.2716066605394484
57740.907621740946,5.1909336592878965,0.26686933506492305
57740.907621740946,4.952093499947249,0.2998332248251614
57743.255183674504,5.2513052582582,0.7959787991185578
57743.38512105398,3.889197028080103,0.3675220972545738
57743.38661605398,3.5661545282368516,0.337743383733434
57744.91962674095,4.58495077567154,0.33437622307690806
57744.92379774095,5.149482061385801,0.2978593392107759
57745.03807495859,4.709480660268603,0.30744388765518105
57745.89506624585,4.830784408363236,0.13294743091549777
57745.89506624585,4.752360362036678,0.14736251752599838
57745.905338646895,5.631179128966979,0.5522015935316898
57746.11637988134,6.4669267491974365,0.6045280269629184
57747.54287423145,4.706470918508986,0.24497216117185044
57747.54287423145,4.805560781454902,0.22212644277043067
57747.54701023144,4.462875005433605,0.21689670000384062
57747.54701023144,4.486271223073614,0.19143611021912582
57747.90082324585,4.5589143810978365,0.18612640328169683
57750.862568476696,4.276248370185534,0.3111181772129822
57750.862568476696,4.198422500960129,0.2592342643960465
57750.86670447669,5.011888134054229,0.2673874506958505
57750.86670447669,4.952592233692016,0.3140829722310928
57751.56318623145,4.555083627897169,0.21318083014336858
57752.260878674504,4.9231548969931325,0.4499496440501717
57752.52241559932,4.372809631482849,0.1780341513963027
57752.52241559932,4.450077723349259,0.14553921413193593
57752.526551599316,4.581327632820969,0.1783516914998633
57752.526551599316,4.6765896638891435,0.15718235126249078
57753.45720117103,4.887556585200061,0.36104793976146893
57753.45720117103,4.933504428212692,0.35277732801919554
57754.45755817103,4.527121283345427,0.32796549279237514
57754.45755817103,4.516910651564843,0.3381761245729597
57754.461716171034,3.795018984677517,0.3330708086826674
57754.878709476696,4.053888743827238,0.2940706058588462
57754.882880476696,4.537520931156531,0.27127874415712067
57756.53855659932,4.415148311957593,0.17221258283102514
57756.54272759932,4.454311591396733,0.15633557765299588
57757.919525646896,5.846270556124887,0.5735771390877552
57758.43674253891,4.904462821246612,0.2793852152408505
57758.43674253891,4.693730307688398,0.29733040584854203
57759.4370995389,4.752998827126645,0.324659778700623
57759.4370995389,5.454342973812575,0.29321453644310835
57759.44125753891,4.614705615104067,0.2943669798766298
57759.99172765113,4.286677385628345,0.16722738319392508
57759.99172765113,4.302840627126643,0.2016675208479901
57759.99586365113,4.720598253544181,0.1807796395271132
57759.99586365113,4.633565414707194,0.21024647210477884
57760.09658966153,4.674839742025685,0.3273317839163989
57760.09658966153,4.806982436894659,0.30631631919024893
57761.080818881346,5.647947032311153,0.5471904172360397
57761.09694666153,4.709865516569268,0.30536107079360575
57761.09694666153,4.2481621248583945,0.3276502000486135
57761.10110466153,3.9074568633889903,0.2622156848785551
57761.86932124585,4.385634583500109,0.12898888381520487
57762.58636034547,5.132920173502761,0.3905666985936509
57762.58636034547,5.040478351350417,0.3827091437107018
57763.58671734547,4.8035961820850375,0.3941488192020543
57763.58671734547,4.9515030975287875,0.38259359143301136
57763.59087534547,4.176147314226007,0.36248749511487666
57764.00786865113,4.224511072173355,0.20701382380511918
57764.012039651134,4.504259482720814,0.1760549997045339
57764.07406188134,5.093984456445954,0.5047515564933106
57764.14134545769,4.78269665264439,0.14376017258039675
57764.14134545769,4.7176794891658185,0.1733791026095236
57764.14548145769,5.561870595919332,0.18844657224106565
57764.275065674505,4.148407165516015,0.4842173321731985
57765.801192580315,4.752438605631324,0.21091580626635237
57765.801192580315,4.735007547262204,0.2481020641204751
57765.80532858031,4.4241536730128965,0.22355332358396424
57765.80532858031,4.5301926114250435,0.19464681845517368
57766.6042539766,4.461760158986775,0.11491371602337852
57766.6042539766,4.412877755378505,0.13150167921503778
57766.608389976594,4.679727598026935,0.11900060550538152
57766.608389976594,4.756657282394051,0.10249277740160471
57767.08361388135,5.254710354577992,0.5517051896554785
57767.46103970294,4.625104135115699,0.21467127276927828
57767.46103970294,4.6900121158202746,0.2607401078547208
57767.465175702935,4.6915952373008745,0.20533085603374185
57767.465175702935,4.504786902590145,0.22876105394661292
57768.15748645769,4.408073948791669,0.1696638361250339
57769.817333580315,4.376218262497817,0.24025808785437108
57769.821504580315,4.326830263785308,0.22268177066550837
57770.6203949766,4.359187246497289,0.126292898502681
57770.6245659766,4.55792226444567,0.1383131616850428
57770.78073394819,4.04220666403073,0.21415997463820458
57770.78073394819,3.942413184724466,0.2531269522720791
57770.784869948184,4.457220816066305,0.1956268999098983
57770.784869948184,4.2544658104916735,0.2235057131764103
57770.88559595859,5.553344796351855,0.30051033463325455
57770.88559595859,5.407909293940714,0.31725232851546736
57771.47718070294,4.808746226865229,0.25329943689590356
57771.48135170294,4.550697425527527,0.2561490555609825
57771.610657509504,4.521784349678359,0.16435191025299994
57771.610657509504,4.531882777343674,0.19262750771588183
57771.6147935095,4.639178571287645,0.19729803051108993
57771.6147935095,4.618981715957015,0.1682650509733096
57771.88595295859,5.11703828911843,0.29594433630174194
57771.88595295859,5.3436470952009065,0.3233403262908173
57771.89011095859,4.616469583145197,0.2795405645181597
57772.8839646469,5.1854099393498645,0.5588814515179602
57774.79687494819,3.8901404098497556,0.24283079964524235
57774.80104594819,4.38277171245687,0.2632647025508107
57775.626798509504,4.7628843101877525,0.19717180016527353
57775.630969509504,4.784343468976546,0.19729803051108993
57775.877207646896,6.561460684521576,0.5544282128604466
57778.250046,4.4220623317203955,0.197409071303754
57778.250046,4.760689534045798,0.15815048583858363
57778.250046,4.79280130782013,0.1857895482657763
57778.250046,4.4261242467678,0.21961420689622033
57778.250046,4.442438242714961,0.1674852711390269
57778.250046,4.4801646226988545,0.15477743788129397
57778.254182,4.714815571511038,0.15941201980828942
57778.254182,4.8197020425539066,0.16271983366737702
57778.254182,4.2744794183314445,0.1922639789103778
57778.254182,4.285311191791185,0.16924646030843118
57778.254182,4.57604683484339,0.18647765770379768
57778.8867596469,5.991000812494081,0.5014346728360345
57779.04405031286,4.7005587768964645,0.11668420937636356
57779.04405031286,4.610742132651884,0.13402811309255827
57779.04818631286,4.459757256551082,0.10274714389013559
57779.04818631286,4.396266180447155,0.12132989787177287
57779.23950467451,5.19841382659005,0.4674559629825878
57781.47942715723,5.407616794799888,0.30016675238956214
57781.47942715723,5.247918956937906,0.3189068047917335
57782.232747674505,3.8854399066588776,0.4462248953411475
57782.266187,4.822619383467723,0.1756972765081292
57782.270358,4.692856668213886,0.22448850495310313
57782.270358,4.397138380957828,0.17741755010318266
57783.06019131286,4.832960899015629,0.1298469934466899
57783.06436231286,4.6192592282268015,0.12272360442039565
57783.229587367874,4.088054619615846,0.2982873261351398
57783.229587367874,4.110375439938885,0.34536396536191016
57783.23372336787,4.242271196393198,0.26541484529575704
57783.23372336787,4.136754591229747,0.3193906471678298
57783.48518415723,3.804120137083661,0.3778972306142207
57783.96919784117,4.397696781349011,0.2515938597937409
57783.96919784117,4.334038760469627,0.26808707429430817
57784.8894344905,4.2695958581125915,0.21082915139237668
57784.8894344905,4.430410256305517,0.25612274794763185
57784.893570490494,3.644042602756625,0.22410740445417787
57784.893570490494,3.824036699816597,0.19784597062083772
57785.24229967451,5.3235653832132765,0.45516429224280625
57785.71935805181,4.247788008032402,0.43016900150344023
57785.71935805181,4.128296618725891,0.35164608853059
57785.7234940518,4.972052143216765,0.3845671855844245
57785.7234940518,5.17201732532154,0.34213554938170443
57785.97495484117,3.765456892160599,0.34737024575317516
57787.245728367874,4.065733799292809,0.3206081464581775
57787.249899367875,3.9236922154189333,0.31837606442587374
57787.37920517443,4.420433293605429,0.2032963230571686
57787.37920517443,4.356035079469307,0.17412772018374875
57787.38334117443,4.315628356874093,0.20556920120314937
57787.38334117443,4.440636654903036,0.17501161724051906
57788.9055754905,5.017604113927392,0.24992622985212462
57788.9097464905,4.639911582391714,0.2199763923905064
57789.73549905181,5.913351658978262,0.4045637037949021
57789.73967005181,5.142754127940353,0.36237592757035814
57791.03453588134,5.505731701098815,0.5119751923644134
57791.39534617443,4.367399470199211,0.2041802201139389
57791.39951717443,4.299213125819788,0.18751244704341327
57791.55448981954,4.366035995910248,0.5001726040474344
57793.97611088134,4.656503009002288,0.5783423469301706
57794.80112567214,4.325095078176469,0.11614122873364406
57794.80112567214,4.273577768627298,0.13182370384640615
57794.80526167213,4.571317513521769,0.12174752418458318
57794.80526167213,4.603137028243315,0.10447407333574374
57796.50836434887,4.530367691373486,0.1755860461065901
57796.50836434887,4.724482918224992,0.14459378545586657
57796.512500348865,4.375957851832514,0.17371106948359258
57796.512500348865,4.421177876269513,0.15286574114556148
57797.28908493939,4.5124760489935,0.12113765263577947
57797.28908493939,4.529738539765638,0.10627689971020059
57797.293220939384,4.458436947445941,0.11310684171135048
57797.293220939384,4.471946722832831,0.09494369924675405
57797.45368215723,5.90952428522326,0.25209444405355735
57798.81726667214,4.63116850549801,0.12136872043789802
57798.82143767214,4.466767679436687,0.125838604648782
57799.82805859412,5.0460257119634955,0.17227438823527744
57799.82805859412,5.104607682773981,0.1935374739368608
57799.83219459411,5.103522831462675,0.19180171183877226
57799.83219459411,5.265165676847161,0.16826043838344792
57799.94345284117,5.827108704731507,0.24378128450399852
57800.52450534887,4.710144861696188,0.18308595259858013
57800.52867634887,4.374854924407222,0.16841701784218785
57801.30522593939,4.527486910534489,0.12031205525102509
57801.30939693939,4.4306668535951115,0.125791019713486
57801.48790571674,4.576507866890286,0.3105407350036337
57801.48790571674,4.517042619761931,0.3799168566533817
57801.49204171674,4.891453435014538,0.2924809192090962
57801.49204171674,4.589722366252144,0.33058272570244984
57802.837681646895,3.4878353631056687,0.49430949098401267
57803.84419959412,4.668497455629261,0.17997683254554486
57803.84837059412,5.080740953925265,0.17845804070971752
57804.80759996199,4.697717597606408,0.2668727412290291
57804.80759996199,4.556621737440003,0.3245204783827318
57804.81173596199,4.133334156940787,0.2942856512042164
57804.81173596199,4.326837050883285,0.25840698961904485
57805.50404671674,4.076559307700039,0.35150568302538965
57805.50821771674,4.624961031217095,0.3387316669755948
57805.77925664689,4.958294767816669,0.5958433323753234
57808.82374096199,3.9942539519196165,0.3263345680134427
57808.82791196199,3.780594506524775,0.3037592303868179
57809.193221674504,4.599474234178894,0.42871857640873184
57809.534386819534,3.4444946271926398,1.0054442800545735
57809.772112740946,4.987623441006187,0.352930747852132
57812.1347966745,4.978281177886696,0.4682009127243927
57812.436978481666,4.264037134995933,0.39942439795318296
57818.540081819534,4.519471706697737,0.546527803681117
57819.73119547669,4.761733554401146,0.35670190061643287
57820.48583453891,3.908422425131617,0.311653631379452
57820.48583453891,3.6993362593355776,0.32959882198714363
57820.89693688134,4.951317647991673,0.4672789454119646
57821.391042599316,4.084906604254583,0.2112700155689775
57822.14568166153,3.784866652486449,0.3179385080160744
57822.14568166153,4.066664929496188,0.29708225135603145
57822.49159153891,4.236045629804152,0.3743794811182641
57823.838936881344,5.390605004403114,0.5815026876237781
57824.15143866153,4.084177816767981,0.41457780414314344
57825.6596524793,4.064118863924412,0.3677529145686876
57826.660009479296,4.2589055017422695,0.3730749538533285
57826.660009479296,4.042830706785846,0.38829598620740147
57826.6641674793,3.9459695918053814,0.3398654287171691
57828.86035465113,3.835349949945112,0.22591238309543651
57829.358843053975,3.7167443516760343,0.24520320437343618
57829.364686053974,3.9538432226228304,0.22126714983429213
57829.36732105398,3.884862152061203,0.21448212650036153
57830.416875481664,5.38276830282532,0.7433065191094426
57830.554268819535,4.77303464869398,0.5326212437910122
57831.50359856448,3.169634136277807,0.30596519827540164
57832.700082646894,3.6254404376228404,0.4555663146636441
57832.934687958594,4.080387556815757,0.3187743279593049
57832.934687958594,4.1378853135829505,0.3348398776442566
57833.00997245769,4.318288342083165,0.21249260254345792
57834.66981958031,3.828592512067962,0.24345378188870975
57834.94044495859,3.7421654581851946,0.4369829514306862
57835.472880976595,4.084323895060616,0.14993274942799248
57835.61963374095,3.876325840107137,0.3468117024475369
57835.61963374095,4.089505486460774,0.32588851493505033
57835.6420826469,3.9870434166129476,0.535279286633138
57836.329666702935,4.610856041790305,0.2987350233891061
57836.46008953891,3.91500781618031,0.2537021901509432
57836.61999074095,5.603475752694471,0.3456273710789056
57836.61999074095,4.7902348795676355,0.38490769480517756
57836.62414874095,4.438883240207012,0.34661431388609837
57838.11993666153,3.870839008184335,0.25696181869701756
57839.0556226745,4.386046133151785,0.3862564411258514
57839.42257048166,4.305179562252913,0.4148528081745505
57839.649360948184,4.290898350555865,0.2876586641590086
57840.4792845095,4.039584428659572,0.2350409039102044
57841.997622674506,3.8832050574334627,0.48309990756049115
57842.25902223145,4.411953825864176,0.2718089990530362
57842.25902223145,4.586737334116003,0.25322964975067686
57843.259379231444,3.957791954028723,0.2963062151702213
57843.259379231444,3.6385023956474356,0.26878125324079993
57843.26353723145,4.293596489567665,0.23176017944572816
57845.51870781954,3.8658633918628134,0.5961278672891571
57845.578716476695,4.37075121138781,0.3587401971913839
57845.578716476695,4.15580357257479,0.3815320588931092
57846.57907347669,4.9118263021929955,0.3424338245917755
57846.57907347669,4.36704521761517,0.3685610806888753
57846.583231476696,3.418310811819775,0.31445357160835663
57847.118673,3.9418393028003393,0.21847474657179247
57847.23856359932,4.163233163132862,0.20502506019895253
57847.23856359932,4.076438868159634,0.2134927962939016
57847.91267731286,3.7241899114446095,0.13232469397757488
57848.23892059932,3.684806073768242,0.20163796576097304
57848.23892059932,3.4011369145874513,0.18607850068650425
57848.24307859932,3.7292616882667255,0.19475793018382695
57848.511950819535,5.263009108822004,0.5506997716481483
57849.48349556448,4.24696896017948,0.522591721085376
57851.436757481664,4.752260605112098,0.4148528081745505
57851.52150281954,4.571853082283798,0.546527803681117
57852.09821436787,4.254446189296672,0.3644381209106876
57853.758061490495,3.4212630236086277,0.2533195611901405
57853.86567088134,4.656954486244231,0.5616376889782454
57854.5879850518,4.2941214038859465,0.4440690202595035
57854.70787565113,3.51208511997916,0.24070796569772432
57854.70787565113,3.6612842722711374,0.22690704411071635
57855.70823265113,3.188820290013208,0.24319461823592395
57855.70823265113,3.5319783402847564,0.2245447241994266
57855.71239065113,3.7918335305266186,0.20539749965528944
57856.24783217443,3.555476888051637,0.22046918016013428
57858.489190564476,4.291770065870107,0.31466188349769963
57858.85749345769,3.5587227496985854,0.20248202340469365
57858.85749345769,3.6247719316450695,0.19505149043571415
57859.85785045769,3.292461984976817,0.17812638756192734
57859.85785045769,3.4544888844392885,0.19247144426592958
57859.86200845769,3.348190982244163,0.19990197723490907
57860.517340580314,4.098773916789322,0.2539124169101818
57860.517340580314,3.8997693337418697,0.2745391693136405
57861.3204019766,4.046660403755882,0.15073410030681658
57861.3204019766,3.9504982982969876,0.15882774418294018
57861.51769758031,4.210623207991177,0.2771538280690085
57861.51769758031,3.763226043183762,0.3059150743780564
57861.521855580315,3.1182768835263213,0.23735291145951773
57861.80239588134,5.087212297816794,0.9760937970827704
57862.17718770294,3.8034640866846123,0.2708720853305569
57862.17718770294,3.670481882314262,0.2867033001365509
57862.320758976595,4.412877755378505,0.1581866634798809
57862.320758976595,4.432110176470283,0.1635557143680025
57862.3249169766,3.991367193117018,0.14472396871563564
57863.177544702936,3.52008534165732,0.2691306517018974
57863.177544702936,2.9802409167729254,0.29889333553716624
57863.18170270294,3.364939436558579,0.2933524103550683
57863.66975267213,3.8084067676980276,0.1425817302522623
57865.376991348865,3.295088975045716,0.2122032366263061
57865.49688194819,3.9202368559897423,0.27672890213975104
57865.49688194819,3.6176883711088452,0.2979548167858453
57865.668816646896,5.205004189442924,0.5263728093181107
57866.157711939384,3.8557508565752405,0.13599840556135837
57866.3268055095,4.020649876787107,0.24324587638827277
57866.3268055095,4.1885362367229675,0.22860315627356617
57866.40119648167,4.626776201978308,0.4289098041540187
57866.497238948185,3.212178359959582,0.309042981153208
57866.497238948185,3.6667930990214526,0.2810057655385908
57866.50139694819,3.2074262895164276,0.2806889608423806
57867.3271625095,4.454882266395648,0.225952319011421
57867.3271625095,4.019387573328943,0.2429934156966399
57867.331320509504,3.730320081409304,0.21408666650467598
57868.696685594114,4.07616863965658,0.206121749148002
57868.816576193436,3.3695633977399506,0.37147819976971574
57869.394439481664,3.750785354965105,0.38502454841323985
57869.81693319343,3.429238610554364,0.37275695433002465
57869.81693319343,3.5645734681870476,0.3615678519273224
57869.82109119344,3.199062789698772,0.3356730720810685
57870.35653271674,3.629468745957218,0.4118518967778689
57870.50337756448,4.219824760849276,0.3204596736458987
57870.79678788134,5.939149853364985,2.5377535769668143
57872.024356674505,2.7892463615929373,0.44547994559934256
57872.40399148167,5.0207149429638935,0.46010947815722836
57872.966194,4.029433661838641,0.18495854186840965
57872.966194,4.014516855297694,0.22990439168297294
57872.966194,3.950009703977811,0.1963757358109041
57872.966194,3.421169828030818,0.22443836170131123
57872.966194,3.3443309407850954,0.2392327146187712
57872.966194,3.8669339419087425,0.24520427169485512
57873.605541646895,3.325737475972174,0.9414146521983809
57873.67622696199,3.8652520226246185,0.3660429743745596
57873.76019831286,4.4256888742514136,0.14417119964086858
57873.76019831286,4.30412669195487,0.15338514849009702
57873.966551,3.476990097358117,0.2418193424886865
57873.966551,3.6882096798230393,0.2678155987920615
57873.966551,3.572553904395524,0.2291404428611241
57873.966551,3.058475776989985,0.20024765375661957
57873.966551,3.869587811808093,0.21400203522465341
57873.966551,2.8559446844448653,0.18337006271119305
57873.970709,3.5649982567185017,0.23762203027303738
57873.970709,2.9115414549474474,0.1803916642914119
57873.970709,3.5415889796845628,0.19909299740085656
57874.76055531286,4.133010499040628,0.16035368123321098
57874.76055531286,4.135333343288332,0.166857645126784
57874.76471331286,4.4256888742514136,0.12682729592467387
57875.41883782436,3.6012507651792554,0.30555706830877977
57875.472424819534,4.560727834371713,0.5391109717397278
57876.41919482436,3.7013096136214276,0.30612343914901846
57876.41919482436,3.5634927091633433,0.31848920249423013
57876.423352824364,3.2727556778408093,0.3096160593304905
57877.94573536787,3.7694756386415813,0.3997456003307656
57877.94573536787,3.4123425134729795,0.4253130854280633
57878.41399981953,4.678470041441267,0.6522176588459131
57878.94609236787,3.3453800525038657,0.4173993400408045
57878.94609236787,2.7751845515244495,0.4320093315249746
57878.950250367874,3.489450801861655,0.3415085509424764
57879.6055824905,4.744662245434812,0.2655650612360238
57879.6055824905,4.81252887219513,0.2474181153848955
57879.961081674504,3.688400699951476,0.8086429447292414
57880.39475635887,3.460248747499411,0.3045282280627686
57880.43550605181,4.006366629637614,0.4608953587536859
57880.43550605181,4.33557760017596,0.43090058143796983
57880.605939490495,4.881870860406758,0.2673354949775973
57880.605939490495,4.309430617297996,0.2984656216002646
57880.6100974905,4.390575497120113,0.2490410129813379
57880.76667088134,5.154482406866441,0.5724731427848996
57880.77636188134,4.929646740378364,0.6094942766243017
57881.39511335887,3.591059842028092,0.3013015543977279
57881.39511335887,3.5125731853108837,0.2909238742317859
57881.399271358874,3.5300146645813735,0.29258081476248254
57881.4358630518,4.884262551073206,0.44187428045591476
57881.4358630518,3.9868578313834897,0.49113399604757857
57881.44002105181,4.086840422435878,0.4326076012852055
57882.09535317443,3.470875312617908,0.23246492593058835
57882.09535317443,3.2978840315071505,0.24938524101733403
57882.599933646896,7.082044283584918,2.3499740395699416
57883.09571017443,3.2675789895607403,0.2584767536012572
57883.09571017443,3.472138022699008,0.2394098313766408
57883.09986817443,2.869825314014106,0.2011497159192979
57883.78884988134,3.8537764728259862,0.47585701300889915
57885.46781656448,4.1773954784010945,0.33258232577395086
57887.90481810362,3.936883534368187,0.31499298248724006
57888.46105956448,3.632403204470405,0.28725414825166906
57888.90517510362,3.6618972386533493,0.3345666597863865
57888.90517510362,3.772655607760715,0.32091282635332335
57888.90933310362,3.080415800839681,0.29245938325505183
57888.955473674505,5.492296499732092,1.8847228467664494
57889.517273672136,3.9281087516505107,0.16038550634646084
57889.517273672136,4.015233613388078,0.15174878092204105
57890.51763067213,4.22887892651846,0.1572035548743062
57890.51763067213,4.22584849654498,0.16137039608784204
57890.52178867214,3.7978002627908456,0.1343238085745277
57891.22451234887,3.3535441285862264,0.1926814211986262
57891.22451234887,3.2686187168386924,0.20139454785843813
57891.47061156448,3.4147225379971218,0.3273116074574062
57892.00523293939,3.807716099644077,0.13727432879234241
57892.00523293939,3.7491737396342204,0.14538019402447627
57892.224869348865,3.1428849903553306,0.1841888800238728
57892.224869348865,3.371190967390909,0.20117396237337948
57892.22902734887,3.396558298172641,0.19918869300785272
57892.569816646894,5.071407029717516,0.5958433323753234
57892.57950764689,4.226182332521429,0.5571001560549548
57893.005589939385,3.8242280473391643,0.15273551617956085
57893.005589939385,3.8174731596457203,0.14763182325562468
57893.00974793939,3.846744339650648,0.12894330063709356
57894.54420659412,3.2126269958575833,0.23400242784854752
57894.54420659412,3.4176638936942796,0.21989936080157893
57895.544563594114,3.4133244884490592,0.23497879402872224
57895.544563594114,3.802786109207651,0.22120118237514527
57895.54872159412,3.710573747746703,0.1883301876425955
57895.59199564689,5.022866728350618,0.5014346728360345
57896.20405371674,2.508438716759704,0.3849824147420935
57896.20405371674,2.6537982097401285,0.4149352799623019
57896.354913481664,4.607233549031243,0.4049100549207803
57897.20441071674,4.3452541280577925,0.4347570290050872
57897.20441071674,4.51924503632224,0.38916700620668143
57897.20856871674,3.1735685179731608,0.4054648887529712
57897.66872574095,2.7058116707765185,0.36260278736262114
57897.66872574095,2.613039046900399,0.3827364206293534
57898.9253566745,3.2894801132149416,0.4786302091096616
57898.9350476745,2.83208097174672,0.4644761640153677
57899.29648848166,5.26791236006625,0.447081042859185
57899.52374796199,3.5125123722086053,0.35354591247410655
57899.52374796199,3.6012011985989165,0.32935805073129426
57899.67448274095,3.6967022491980535,0.4640605079420371
57900.52410496199,3.3552912708803255,0.37894316730405947
57900.52410496199,3.460105338432512,0.33762223682675513
57900.52826296199,3.1638040320830614,0.3527396504160128
57901.9475356745,2.5690764654024925,0.38178674267502183
57904.30811423145,3.6646511094803857,0.24098104169208434
57904.30811423145,3.4582138950097248,0.2568078948015016
57905.33482581953,5.390949459810967,0.5154698199265496
57906.31387123145,2.9779033093413227,0.3345659122521171
57907.05211605398,3.715236568712938,0.22107867696390518
57907.6278084767,4.035358774964046,0.3696728788206668
57907.6278084767,4.272542376412895,0.34854871431662865
57908.276825819536,4.30160226841943,0.5312305878020017
57909.28765559932,3.358798234112707,0.20449582669301833
57909.28765559932,3.1957943142849388,0.21444541660458338
57909.633565476695,2.997680518625332,0.486596982347404
57911.29341259932,3.0571351357301486,0.2681096941063227
57913.64298074095,4.963936813633561,0.29588545359639035
57915.42153356448,4.095962880410483,0.3133442039185638
57916.756967651134,3.703557365420532,0.25525488304619204
57916.756967651134,3.876379716825406,0.24108096357845424
57918.363108564474,3.4611048591827123,0.3476038729761023
57918.76272465113,3.720963933187929,0.3242594909812319
57920.28236923145,3.2325092071884693,0.22859480882384473
57920.90658545769,3.415272182658563,0.21827190596377538
57920.90658545769,3.6154837654338463,0.20939654713971642
57922.566432580315,3.469803227303575,0.27788012216772184
57922.566432580315,3.5961784004796957,0.25943225206040316
57922.91234245769,2.7465242154503997,0.2541861486471766
57923.3694939766,3.538603946581392,0.17373287052906877
57923.3694939766,3.6019106660084965,0.15570247575552615
57923.6020634767,4.6542597349946355,0.2974060002542204
57924.22627970294,2.9786577952923263,0.3131414288625608
57924.22627970294,2.9818240382535253,0.29620202902014725
57924.572189580314,3.2548201740844283,0.34542547334806195
57925.3752509766,3.781413262865099,0.1832689459870758
57925.787272881345,4.679528348341429,1.4086089948650526
57926.21731448166,4.060039266513406,0.37405323447804517
57926.23203670294,3.1258880929880704,0.35477752380232497
57927.54597394819,3.44661383515525,0.2955787815642676
57927.54597394819,3.0997126928049035,0.3182303173433085
57928.375897509504,3.806058288899165,0.2548590682033849
57928.375897509504,3.7025494053296875,0.27417231111329965
57929.159314481665,4.223923268420377,0.43199548619829226
57929.55173094819,3.969341583902348,0.3495939822681343
57930.3816545095,3.4551379275294716,0.3011856051180169
57932.731222651135,4.373710224465332,0.18177430054239305
57935.015286,4.297496936933392,0.25495286780862075
57935.015286,3.3477714879752023,0.2181306918527818
57935.015286,3.2239117891313525,0.23487468817796903
57935.015286,3.399005996318296,0.20074405349324978
57935.015286,3.574731503085384,0.18734126060423448
57935.015286,4.187825230653527,0.2720129110077106
57935.80929031286,3.92937448665852,0.15764369627755556
57935.80929031286,4.071067985768504,0.14200321167634417
57936.88084045769,7.179043535140306,0.16997344166540806
57937.021043,2.8067741145367284,0.30234187669498147
57937.021043,3.078261958083491,0.28304234883946655
57937.021043,3.0008934075408815,0.22437268095684693
57937.5904186469,4.171407497034011,1.5011867514478439
57937.81504731286,4.059453764529981,0.19186693486040404
57938.303559819535,4.777670168657348,0.49739129206941346
57938.54068758032,4.106036857776456,0.23038048811186973
57939.3437489766,3.6315606485249896,0.1305400581604488
57939.994827367875,3.361613376375166,0.4036010147501994
57939.994827367875,3.5625007592825044,0.35956812374929775
57940.20053470294,3.523251584618518,0.24411733230842708
57941.6546744905,4.3418885692268425,0.2606963684466967
57941.6546744905,4.3005784485901275,0.275302446814678
57942.000584367874,3.4833633054099167,0.5058709551393902
57942.48459805181,3.245523497726767,0.41748828263825943
57942.48459805181,2.9870319208596214,0.44163042047773826
57943.52022894819,4.241793622643259,0.2597798508924967
57943.6604314905,3.5569962771292616,0.35556210976600966
57943.94595867451,4.553659825057892,1.188567313049751
57944.14444517443,3.588307350160248,0.24079881246585128
57944.14444517443,3.407739808562887,0.2574665855363769
57944.350152509505,3.1218898145740797,0.19111274356608443
57944.49035505181,3.3455060887791532,0.5933113269035544
57945.283934564475,4.139446306521975,0.29357901023152233
57946.15020217443,3.9216628115707604,0.3208546316076183
57946.240284819534,2.2085259393597614,0.8084346816114231
57948.22593456448,3.6360927072919855,0.3215138173092076
57950.989541,3.6958530388231505,0.1649039925085499
57950.989541,3.9900069634618376,0.18968883508123083
57950.989541,3.738306632074335,0.20729306458576638
57951.56636567214,4.203877879237245,0.14159684051088112
57951.56636567214,4.0493259505897345,0.15743083712231717
57951.783545312865,3.543008060123647,0.12667243964149355
57952.25325624585,4.320654659400962,0.19314722266712206
57953.22424424585,4.4827310218091805,0.12301371838080048
57953.27360434887,3.4892042018972225,0.23393090690457136
57953.27360434887,3.639202331737023,0.22389426733440823
57953.572122672136,3.827346955032281,0.18387133864093552
57954.05432493939,3.9638290596703607,0.16376849941218763
57954.05432493939,3.9991045842916844,0.1474817146402147
57955.234676819535,1.255602100490151,2.5444369078928335
57955.27936134887,3.3899407336208833,0.2698863409691118
57955.969082367876,3.9663046905810955,1.0304102327307756
57956.06008193939,4.082414865844172,0.17615246018350336
57956.59329859412,4.124986948665318,0.22586604301375796
57956.59329859412,4.208520499635823,0.21176297596678942
57957.6289294905,2.6083388639361322,0.22941870567889835
57958.25314571674,4.292396130610366,0.38145854824559833
57958.25314571674,3.94881914720209,0.4061256137210643
57958.45885305181,3.655208261063377,0.39968650423137103
57958.59905559412,4.350636021416815,0.28564135026667853
57959.186048481664,4.981972490630238,0.392910180304161
57960.11870017443,4.063086340654008,0.1976141276922167
57960.25890271674,3.2110095994984214,0.5210917581692178
57961.57283996199,3.423823545818294,0.39647936706759845
57961.57283996199,3.6193420949060267,0.3730977673828798
57963.57859696199,3.4097139598016533,0.4537239731922542
57965.20455981953,4.47079874708237,0.6452643789008606
57965.21425081953,5.521671122777953,0.583611963388063
57967.122773481664,5.743107394884371,0.6445646936926901
57967.54062067214,3.6477939791035556,0.13333891883314647
57968.22673881953,4.543112858510915,0.5557988436078534
57970.02857993939,3.4384489057357523,0.11888602340463109
57972.56755359412,4.517703123357828,0.1939714144613829
57974.22740071674,3.7417919905330015,0.3572319660821943
57976.063342053974,3.6692491883385197,0.2919444762294023
57976.117165481664,5.186998919794188,1.848666398080311
57977.063390053976,3.2983345794169807,0.3232309727136378
57977.088293053974,3.4180148521127007,0.3443399341969776
57977.54709496199,4.397384980966489,0.3015420097270599
57978.25266856448,4.556360125360635,0.3096547010969827
57986.08704848166,4.580833824874681,0.44982387134298374
57986.09673948166,3.84267010917236,0.4467381892987102
57986.18939356448,5.145362897234471,0.4899132675228005
57987.83761715723,4.345137302085477,0.4041333039772606
57988.80860515723,4.214771720157328,0.2494871324149942
57989.10922748166,4.149524045797338,0.378510330764218
57990.32738784117,4.396250008147206,0.3757270005085366
57991.29837584117,4.208169491912668,0.23018161640703955
57995.18378556448,4.644381121246927,1.5622409090237561
57998.93180824585,4.357252547686688,0.12488095757905184
57998.93595124585,4.2840567711152335,0.1327233622117076
58005.153668564475,4.618291065580032,0.34523204973365734
58005.163359564474,4.0688186810802796,0.3491850884710656
58008.175847564475,4.228521446071575,0.29937680037972086
58010.22516181954,4.8416403441518305,1.4620429964463462
58026.84402453891,3.3799447934739097,0.41981867935425393
58027.21897902278,3.7272734273739907,0.5994887274109313
58027.220474022775,3.7790416437069183,0.6253728355773948
58027.81501253891,4.0203740729594175,0.2614400246331589
58028.50387166153,3.931338073305069,0.37764153280627366
58029.47485966153,4.536328724512422,0.2536184493087664
58031.10765048167,5.173284777375195,1.0117608569612382
58034.51616915723,3.949151846978726,0.24883530450535363
58034.52031215723,3.707975520411651,0.2784934743940074
58036.86047824585,4.487959291564284,0.12293902881287042
58037.00593984117,4.231317863141533,0.23003693908685913
58037.01008284117,3.9289422639644673,0.24378128450399852
58037.21142781954,5.23009691708209,2.580593963607106
58039.29287795859,4.281629705500939,0.3779631952196533
58040.263865958594,4.349274125227053,0.24470368835921177
58043.85734824585,4.5902839996284595,0.18119689179831328
58050.17427056448,5.679023126784591,0.8032574714413643
58056.87770524585,4.496922039715891,0.18537950760239635
58058.09391648167,7.319548065947664,2.062607019816608
58066.225386404454,2.3861094202322928,0.4435756705585743
58066.22688140445,3.4710317923664418,0.4928346262393883
58071.95426424585,4.4371703853718465,0.16401829117440062
58071.96254424585,4.789705146001706,0.15714685092483557
58072.44483915723,3.727530357700873,0.24785756264089234
58073.522576538904,4.418790231405415,0.2629217376191151
58073.5267195389,4.5406199658062585,0.2769156935975902
58074.93460984117,4.387569368936383,0.23307516281064783
58075.18242366153,4.658918935414965,0.2692208397872718
58075.18656666153,4.697128871280693,0.2642853897379487
58077.16053656448,8.150990017243906,1.4215127299720212
58079.44170915723,4.346766871859579,0.3611126619409716
58081.93147984117,4.033109934494366,0.3417278302661392
58085.97142995859,4.540369610953321,0.2746363440880165
58085.97557295859,4.795727295419396,0.29273122636475163
58092.46206615723,4.464095895594912,0.3573646514605373
58094.951836841174,3.921708397955447,0.3453447632706495
58100.381972053976,4.8215723178843986,0.6573933719097198
58104.02691574095,3.43812323371355,0.48064114710287537
58104.99790374095,4.361901701245976,0.29628023071926746
58107.53862515723,4.5504630936223105,0.38017862829796334
58107.54690515723,4.218030859705532,0.367630941037379
58110.02839584117,4.571309565565508,0.3164092992345666
58110.03667584117,4.141617924629677,0.2984693115321951
58110.66630423145,4.7161046551842825,0.3508056397904756
58111.451246538905,4.664096047969274,0.2627571028428977
58111.63729223145,4.794550796683134,0.22088781948360658
58113.11109366153,3.6702368448892653,0.2690616317211645
58113.192701022774,4.25294451297686,0.36972732282220017
58113.19854402277,4.083898917667487,0.4278866769740069
58113.20117902278,4.534474133898518,0.4023221256984876
58113.985998476695,3.9019429991490693,0.4430515555189044
58114.956986476696,4.878472358239251,0.29499710430200576
58115.64584559932,4.220390381773767,0.26249981894341895
58116.61683359932,4.415148311957593,0.17210673612983837
58118.44811653891,3.4918964413017104,0.3727331333560905
58120.10796366153,3.090719484259065,0.398020165267995
58123.11515765113,5.112246028310624,0.2827323935932981
58123.90009995859,4.665511787446629,0.27446723303870124
58124.086145651134,4.709408317122282,0.18985592129154186
58124.85680624585,4.682899063861727,0.09918774621111295
58124.86507724585,4.437917281051147,0.1100177335609709
58127.26477545769,4.39775376411253,0.26171988346294767
58128.23576345769,4.206830347548471,0.17183107490765284
58128.924622580314,4.607179785888657,0.3596608376828433
58129.7276839766,4.704569475270484,0.2214933829069862
58129.895610580315,4.341356145759577,0.2270395352577884
58130.58446970294,4.797664376501033,0.4152527643612219
58130.6986719766,4.56192901883979,0.14504450906716537
58130.896969958594,4.3898607770627205,0.40705029570188145
58131.46847353891,4.017081377435071,0.3668062814122658
58131.55545770294,5.047797570435738,0.2558324312648626
58133.12832066153,3.9392984766104293,0.3816217344589536
58133.90416394819,3.383252895913178,0.421983855352202
58134.7340875095,4.6088832882917,0.307244661717206
58134.87515194819,4.558598318853621,0.2680167729939661
58135.705075509504,4.62024401941518,0.2096686044011007
58141.373476,4.854731157242055,0.29382273003513504
58141.373476,4.485699000796367,0.3472937365529008
58141.373476,4.718436496281347,0.2730198551466058
58142.16748031286,4.324258008768311,0.19628033893104288
58142.344464,4.990730438356725,0.21947880972797354
58142.344464,4.7698643265527485,0.1976020936184769
58142.344464,4.8812556098960505,0.17493126718847976
58143.13846831286,4.396266180447155,0.12791128990693595
58143.917326958595,4.235969722185815,0.3632505339292238
58146.353017367874,4.319379484781873,0.5298151078495579
58146.5450325389,4.135618416311565,0.396275906355172
58146.553312538905,4.420436579167589,0.3694404378317434
58147.324005367875,4.148929584133222,0.3435377164263887
58148.0128644905,4.452540678075186,0.3579226880881077
58148.20487966153,4.334134480556281,0.32717257585029186
58148.21315966153,4.961414261018642,0.3403868453371893
58148.84278805181,5.2476139185562705,0.618672764633916
58148.9838524905,5.244809777429324,0.21909117551971963
58149.81377605181,4.650156972023716,0.3718864667192439
58150.50263517443,5.185635602752288,0.2988834761964709
58150.70546774095,3.852639212734511,0.30338621893105533
58150.709610740945,4.389536099847374,0.34542998251746704
58151.47362317443,4.349721529063805,0.20077090289496777
58152.19910840445,3.9131370463375292,0.2935931786349017
58152.20495140445,4.323971440881393,0.31344380256597604
58152.20758640445,3.8511344802318277,0.3369704679657678
58156.286544053975,3.928776330861365,0.3552713606794214
58156.29487005398,3.6701915526904543,0.32153471688015534
58157.344856231444,3.964673194511078,0.21565807671701667
58157.34899923144,4.1518429356311435,0.23176017944572816
58157.924555672136,4.756931349397456,0.21091792615424987
58158.89554367214,4.761476994357675,0.13909673578275963
58158.99388595859,4.631689577583574,0.36950764275388925
58159.00216595859,4.0009053636375755,0.38269830460048115
58159.63179434887,5.059772855513958,0.2619452635070047
58160.41251493939,4.826953598277216,0.19844358957187172
58160.44116715723,4.045296463650735,0.21314772645252295
58160.44943815723,4.478762023561829,0.23465804747066743
58160.60278234887,4.809408329972526,0.17194638560312436
58160.66455047669,4.680201691403103,0.3422485249031436
58160.66869347669,4.8525304018307835,0.2972207005655887
58161.38350293939,4.7564025490345685,0.13224569017611118
58162.32439759932,5.0608131891974555,0.19232345605652912
58162.328540599316,4.81101497439646,0.17507044376307054
58162.93093784117,4.506204771484321,0.18923793479598222
58162.93920884117,4.640754679252107,0.20457373073510618
58162.95148859412,4.588218458592669,0.2770710249073669
58163.92247659412,4.60883063350747,0.1907168605274671
58164.43442005398,3.9201065788235647,0.4640202068926978
58164.61133571674,4.332039628695935,0.5737295139606141
58165.58232371674,4.2593598822057235,0.34511867500049226
58166.64613732324,4.7827919558970144,0.18924190834808574
58166.647632323235,4.6614607476860925,0.19793602358612952
58167.93102996199,4.042629675405241,0.5133873654911912
58168.90201796199,4.413510222128363,0.3162562922872709
58169.79370965113,4.428416580305724,0.2083814827011291
58169.79785265113,4.5900489952887,0.2137277856582583
58173.94332745769,4.983940253887586,0.19143942579801576
58173.947470457686,4.517467906390534,0.17379190999668923
58175.60317458031,4.70595578331367,0.2231175471247364
58175.60731758031,4.16995073846323,0.24243697015051108
58176.406235976596,4.431308825591459,0.14640680556116636
58176.410378976594,4.497820948533861,0.12989897745738954
58177.26302170294,3.801880965204014,0.2588403620780015
58177.267164702935,4.718508302471064,0.2607401078547208
58178.30018005398,3.9259492378055603,0.21580143659307027
58180.582715948185,4.5459261310052055,0.26025505793681225
58180.58685894818,4.769273441833511,0.2512261240948169
58181.4126395095,4.827261786554136,0.21964080172059916
58181.4167825095,4.737638241024465,0.20386200849354463
58188.052028,4.87927001094953,0.17145646903206843
58188.052028,4.84785006286184,0.20677688612542877
58188.052028,4.296142965250922,0.21460451167109074
58188.056171,4.898311421650075,0.175926646320803
58188.056171,4.548667786353822,0.15527383761792418
58188.056171,4.5412118397775325,0.2178540437090126
58188.63413774095,4.432961583363855,0.3051627159840023
58188.84603231286,4.29406103354815,0.1310858437121323
58188.85017531286,4.197275856560457,0.13402811309255827
58190.88597402278,3.734303678974759,0.42149553915512705
58191.262774053976,5.23263164819836,0.6475927826495975
58191.26838605398,4.283293800059238,0.7205317834893515
58193.03156936787,4.418808593493587,0.36098853958803656
58193.03571236787,4.585200163174413,0.3208110630065687
58194.691416490496,4.343363930678154,0.2233697237285221
58194.695559490494,4.366969713899135,0.256270284092763
58195.273526231445,4.356903902005334,0.21758482405207613
58195.521340051804,3.5259624726298036,0.3877373653007199
58195.5254830518,3.9941736307287856,0.4055391437076083
58195.63100774095,4.906694130816381,0.44313732042955056
58197.18118717443,4.513873839606861,0.2077158083410201
58197.18533017443,4.348458818982705,0.20872597640590046
58198.593220476694,4.252159410663385,0.32538625323763953
58199.447574538906,3.979215378905078,0.22752526073238385
58199.455845538905,4.2689725850476234,0.23690944297677308
58200.25306759932,4.23309198591619,0.19221760935534227
58201.10742166153,3.9631796865265096,0.2004429552289623
58201.11569266153,4.647774370787461,0.21206514405478774
58201.27204905398,3.334709843401664,0.2320101034463489
58202.27039623145,3.959168202125194,0.32011530723917087
58204.603107672134,4.2993364234018845,0.1423544480042513
58204.60725067213,4.367521097805199,0.12371730366734557
58205.5900904767,4.550491909360765,0.48270568888613385
58206.310346348866,4.289929512659688,0.189703517150336
58206.314489348864,3.9744922690259887,0.18617414938939955
58207.091066939385,4.168727319704857,0.1341971021764397
58207.09520993938,4.269300092029482,0.12338928186692778
58207.24993759932,4.332587885031842,0.28017621804162496
58207.72237965113,4.270514144130048,0.20788415219348916
58208.65136474095,3.969098463983256,0.42083241298699414
58209.630040594115,4.226962971928014,0.1972259683952987
58209.63418359411,4.6120851874413855,0.1836653270039827
58211.28988771674,4.387100042703673,0.36119631589075135
58211.29403071674,4.64037794713926,0.35040447474523495
58211.87199745769,3.950889767505841,0.18978819624935364
58211.89642795859,3.644081049582331,0.21832236466602792
58211.90469895859,4.1378853135829505,0.22390302929343217
58213.53184458031,4.326830263785308,0.22268177066550837
58214.3349059766,4.2958805270701825,0.14231991607916336
58214.60958196199,4.353040567771333,0.3184735129470287
58214.613724961986,3.800751057977119,0.34508016086412224
58214.719249651134,4.121314991838069,0.3046149359294548
58215.19169170294,4.20399382127626,0.260106859262481
58215.29075323145,3.7857609419698397,0.3309876672012923
58218.511385948186,4.498405426573652,0.2580374250633397
58218.6104474767,4.13356760993896,0.45398423714818725
58218.86886745769,4.506115703243483,0.2710080496741722
58219.3413095095,3.591466701011223,0.21408666650467598
58220.27029459932,4.078555802183372,0.2490572878926874
58220.528714580316,3.780657101552883,0.3253797562235739
58221.3317759766,4.29908593058548,0.20266163725461947
58222.18856170294,5.157032952597097,0.37393329371757766
58223.727923740946,4.884981389058141,0.46860044485512387
58223.73620374095,4.533629749697517,0.4492563658341457
58225.50825594819,4.213281199984326,0.37145350630664925
58225.980698,4.368467154373603,0.2050566125303753
58225.980698,4.1417901934496335,0.21284434848388306
58225.980698,4.045318453410807,0.16927231019089548
58226.338179509505,4.7540481859806025,0.3097692686335347
58226.77470231286,3.938665863649339,0.12682729592467387
58227.739606651136,3.6699875561548367,0.27626709699397894
58229.892381404454,4.24863709771581,0.31785505232843697
58230.36731223144,4.78904580429725,0.29795771288598666
58230.375592231445,4.011465629791095,0.2818556101572751
58230.96023936787,4.2158920451023345,0.35348062729756025
58231.88922445769,4.355441006928063,0.2401506974835486
58232.6200864905,4.574995678534019,0.22410740445417787
58232.977568,4.4017527564833845,0.30653918891063053
58232.977568,4.453333985062909,0.30093319422802284
58232.977568,4.117792814958815,0.24323587094879423
58233.13875205398,3.91916421447163,0.22993690187209231
58233.450010051805,4.05270002549116,0.3928584248424275
58233.54907158032,3.243199468505015,0.33511209714633255
58233.68700647669,4.072418712690429,0.38560865204301115
58233.69528647669,5.024859112258462,0.396911933049558
58233.771572312864,4.263864058327989,0.18675667751545383
58234.3521329766,3.8439186314133806,0.20081853023332397
58235.10985717443,4.012577937409991,0.2053166591869293
58235.20891870294,3.3538575861943825,0.35556908454262465
58235.346853599316,4.168525498192205,0.2372024573597588
58235.35513359932,4.169583965204073,0.23624983704907696
58237.957109367875,3.310884239277353,0.5243363610429939
58238.52861294819,3.4640380934468205,0.37272072509149073
58239.358536509506,3.729057777951139,0.2895724133029049
58239.6169564905,4.597126100303688,0.3297432843680629
58240.44688005181,4.642841172678418,0.5840446477328454
58242.10672717443,3.8421120764614347,0.30267160643977215
58242.531777672135,4.166755112062107,0.13856641053740051
58242.81616565113,4.641025372321793,0.2694288025139301
58242.82444565113,3.8017801406794174,0.2771374253823489
58244.23901634887,3.5741296136447573,0.1886005897250434
58245.019736939386,4.183738181245847,0.12999406094496285
58245.997925,3.5798919452256435,0.30653918891063053
58245.997925,3.8523850758575575,0.28613884131056283
58245.997925,3.708759431975537,0.24512218994798898
58246.791929312865,4.001382658337365,0.18900209362156833
58246.96578345769,3.9643060075887213,0.24551719351670054
58247.558710594116,3.8190588788772297,0.19700899813303768
58248.62563058031,4.010166036746296,0.31826207405618323
58248.63391058031,4.289062970652217,0.29923316866989386
58249.21855771674,4.010486810890755,0.36405945741915363
58249.428691976595,4.427302071197339,0.18975988810555117
58249.4369719766,3.9705320702675913,0.17781976001107178
58249.52864767214,3.937957649064323,0.20091750724176388
58250.285477702935,4.129587111688089,0.38169058897251473
58250.29375770294,4.297397988631623,0.35984351254024305
58250.977466367876,3.9845671799363087,0.5243363610429939
58251.23588634887,4.115666979463448,0.27054809742428737
58252.01660693939,4.017117618140871,0.1857594115697362
58252.53825196199,3.947893883579227,0.31484533368560685
58252.61985932323,4.307900061338979,0.11939918260246758
58252.62570232323,4.242404393212383,0.1286729055230476
58252.628337323236,4.370884096174585,0.11679094803105446
58252.6373134905,4.347790015032088,0.3257598084495225
58253.46723705181,3.174804104055567,0.5630726896096618
58253.605171948184,4.43504448733158,0.36907747108507155
58253.613451948186,3.8251954471266325,0.3461091306098203
58254.4350955095,4.220093823177075,0.2813674408248365
58254.4433755095,4.039584428659572,0.29083471676106926
58254.55558059412,3.3124333164976676,0.28206134093937113
58255.12708417443,3.218333296397824,0.29294873881529887
58256.21542771674,5.122707173847032,0.5376098823715391
58259.53512196199,4.105114984907507,0.4561427593665354
58259.89720002277,3.935304963378531,0.48796337247147775
58260.897248022775,3.7819176557254135,0.5007456481092374
58260.92215102277,2.7631702873959636,0.518960390893045
58261.074484,4.464802475696598,0.24267326180887805
58261.074484,4.329992257312611,0.31669397652913645
58261.074484,3.8477513582319904,0.229733798112453
58261.082764,4.136803643573067,0.24496695993561615
58261.082764,4.023994657074967,0.29827996164757914
58261.86848831286,4.225149987532912,0.1708064803478819
58261.87676831286,4.022288256566707,0.1649993697286202
58262.54900467214,3.9031077043692957,0.20129631098844897
58264.25624334887,3.428543193506126,0.23646763998274434
58265.03696393939,3.8114688150293237,0.1823819677230137
58266.05402536787,4.960595777698228,0.4307918322346271
58266.06230536787,3.5077132912168674,0.41557309110528323
58267.57593759412,3.6932161267658197,0.2830377071195459
58267.713872490494,4.60007682320631,0.3331366157060788
58267.722152490496,4.166320556520805,0.31498966985495047
58268.5437960518,4.786718559802584,0.5369796719447706
58268.552076051805,4.120980819380595,0.5106427943017028
58269.235784716744,3.8453055688675457,0.5142642668322585
58270.20364317443,3.9330272023006643,0.2659267430797496
58270.21192317443,4.249967432656871,0.2717352094528117
58272.55547896199,3.6012011985989165,0.43719560100133226
58276.63046574095,3.5328697432040554,0.26252678671327495
58276.63873674095,2.9584690294178673,0.2785152601897977
58277.62556367213,4.1993322342770245,0.16887071027220651
58277.633843672134,4.0190216508549295,0.1590218128583946
58279.332802348865,3.9281693171636975,0.2610629215667706
58279.34108234887,3.6877311384499,0.26459228932770706
58280.113522939384,4.299321815111458,0.17555202572186382
58280.121802939386,4.55300537515417,0.16977284402858314
58280.23535724585,4.399825601406819,0.20031742118840734
58282.65249659411,3.85594382346161,0.2307478739146317
58282.660776594115,4.6598186451388175,0.23096484417689275
58283.26985423145,3.3467377991955685,0.17409538420359036
58283.278125231445,3.928890744002832,0.20024409803654067
58284.31234371674,3.327737677194822,0.49290082619725695
58284.32062371674,3.7087557421283597,0.48409115995601915
58286.589548476695,3.490577690386222,0.25404587311435295
58286.597819476694,3.7388792731529854,0.23329230798757872
58287.63203796199,4.4316511184354725,0.482749407283629
58287.64031796199,3.6717491286821193,0.45553806282296516
58288.24939559932,3.921902684426815,0.1512549359960265
58288.25766659932,3.8276991203705073,0.13495454401324966
58294.18498024585,4.117499034631212,0.13115488128517647
58294.18498024585,4.465552421185268,0.10396787855863646
58295.71870765113,3.8428099075597117,0.161756747609886
58295.72697865113,3.9708725132769915,0.16760038107465516
58298.90360740445,3.6759098368896286,0.38671956250907746
58299.86832545769,3.7269417599685397,0.1556283849614058
58299.87659645769,3.9158011395967707,0.13643284145820855
58299.90365540445,3.79893469137604,0.4217644911775173
58299.92855840445,3.3859926997234444,0.4291165741149523
58301.528172580314,3.738532043827508,0.179685160021679
58301.53644358031,4.053743682669096,0.2094632180689257
58302.10122705398,3.4624944495240237,0.2648043828936799
58302.3312339766,3.7766051575921544,0.11491371602337852
58302.3395049766,3.923252368416968,0.10946453004737453
58303.18801970294,3.7987147222428144,0.222903504468395
58303.19629070294,3.6293207238186778,0.21403802417703852
58306.50771394819,3.419685435977369,0.212734353505258
58306.515984948186,3.9835977952318142,0.21606080281546677
58307.3376375095,3.904517958635985,0.16902243304820821
58307.3459085095,4.333701134411868,0.16649782613187947
58313.977026,3.5450295268746688,0.1525309254280756
58313.977026,3.708759431975537,0.13869408641447573
58313.977026,3.4783440690405847,0.17899505642219685
58313.985297,3.941074508718467,0.13502072836341233
58313.985297,3.909727529026008,0.14392955745280817
58313.985297,3.6746699629983643,0.18779587235823522
58314.77103031286,3.7590325751601803,0.10166314990787349
58314.77930131286,4.088102176918339,0.11227080530572472
58315.81971815723,3.626497031706558,0.3899560469425743
58318.30948884117,3.694565005272196,0.37616103246907784
58318.95656736787,4.002829669291521,0.2666323445861045
58318.96483836787,3.8141172792876574,0.2662265114893221
58320.6164144905,3.670599108880227,0.18928887420323254
58320.6246854905,3.8889526036742907,0.2118619044082944
58321.44633805181,3.21138310078205,0.31921271143310836
58321.454609051805,4.067331624181752,0.3296986904947002
58323.10618517443,3.9279763619762624,0.15834384416999345
58323.11445617443,3.7385698498111983,0.17223365506209812
58323.123351053975,3.332636641827407,0.217120746685779
58325.04502124585,4.646301175576,0.0977686444204419
58325.04502124585,4.553686111342732,0.12981046906243549
58325.053822053975,3.666233622412328,0.20034666122133946
58329.76934115723,3.3559884492056495,0.25714611035327306
58329.76934115723,4.824230815671423,0.2172216508877776
58330.31313232324,4.0720963358271485,0.12036519540669458
58330.528105672136,3.890985984475373,0.1081863500532575
58330.536376672135,3.7576470656422263,0.1026558153516553
58332.23534434887,3.5697179039435865,0.156836279876615
58332.24361534887,3.577438395920635,0.14602759110874702
58332.25911184117,4.202382399105451,0.18475293787038938
58332.25911184117,2.916201022701565,0.2188967854329672
58333.01606493939,4.16497460431961,0.1058265738639709
58333.024335939386,4.134952881237632,0.10402527047905226
58335.55503859412,4.327854143879405,0.14884159991108353
58335.563309594116,4.219369012748877,0.15556767804117622
58337.21488571674,4.380492793022744,0.2957845440495604
58337.22315671674,3.5722059153891728,0.2823498030316727
58340.53457996199,4.0970523643265695,0.2729197066647322
58340.54285096199,4.385291050095082,0.28219172033281026
58343.06999005398,3.223133904132583,0.2453916772438229
58349.846584171035,3.352898628578205,0.46519638392343116
58353.04644124585,4.368455982876196,0.11121276664785172
58354.82612553891,3.8886662519855335,0.400885680089258
58355.06292424585,4.461817942788765,0.13429184313823878
58355.067385053975,3.7661242437174174,0.2519882277073668
58356.48597266153,3.3757019225909497,0.41616988480421563
58358.97574334547,2.8091638691482306,0.486937298187469
58360.62938215723,3.947522277204624,0.26431621735932126
58360.62938215723,4.118627103485318,0.20809606015280718
58363.11915284117,4.215403357921689,0.18157003682642026
58363.11915284117,4.041790573705191,0.22786677928415291
58367.274978958594,4.596176257227364,0.40163874212379264
58368.77574853891,3.6087871324160314,0.21501301773986492
58368.77574853891,2.8992112469192346,0.2560070770179862
58370.43559566153,3.8278528303353916,0.21572692957525313
58370.43559566153,3.1321135814469354,0.26619588653123505
58381.224601958595,3.699887695856373,0.28867256118118484
58381.224601958595,4.812638400350924,0.236417246942763
58383.03530524585,4.366962191517596,0.6302305741938036
58383.04670724585,4.886801584310778,0.36807019075931063
58383.05051424585,4.251940256905311,0.2391559965120359
58384.215830022775,2.8590373546791614,0.9781636431795633
58388.63080215723,3.5906464966763165,0.23726535910923044
58389.08036824585,4.201898246392174,0.11308000584610309
58390.64728515723,3.8953760444333643,0.25421288475988973
58391.12057284117,3.736521428124517,0.206599213217632
58393.13705584117,4.513438637493342,0.23625806385461695
58394.656248171035,3.777660910650523,0.31081163140099316
58394.656248171035,3.9532837772765763,0.23831614575884297
58399.32435832323,4.274572619593145,0.13910584380870009
58399.63578953891,4.37927788511325,0.21237886132038727
58399.63578953891,4.110923199878964,0.2660497983672448
58400.324406323234,4.016937004705782,0.15726688452816928
58400.34930932323,4.005151648494212,0.17146727275030743
58401.29563666153,3.579488247208162,0.27415628983659496
58401.29563666153,3.780090410503232,0.2131796005175381
58403.78540734547,3.6295850407502765,0.3819002777668688
58403.78540734547,3.9022884160996902,0.2935027853336904
58412.084642958594,5.078142747775915,0.22711613923042254
58412.084642958594,4.958073902762065,0.293576781611328
58418.61966615723,4.737863617644025,1.5120777933891134
58418.63106815723,4.442911488531588,0.7254844634301468
58418.63487515723,2.4140971197747767,0.5240696393511574
58421.10943684117,5.022702804528401,1.2544970432843745
58421.12083884117,4.7275610713603555,0.6895321079798558
58421.12464584117,4.13583083182246,0.43851695746683644
58422.0490354793,3.4989182918955457,0.4717455621905712
58423.22223740445,6.271685252666655,0.7969657904179467
58424.66472915723,3.797601857987253,0.22879159628390075
58427.15449984117,3.6207795719801856,0.21108421014322482
58427.63720953891,3.781653647444254,0.2492570511930745
58429.29705666153,3.838997394962896,0.22607545387222114
58429.65369253891,3.878788165412492,0.2683546852342876
58431.31353966153,3.9456667992547176,0.2445435895406561
58432.00901674095,3.5131308870602,0.4612970680818974
58438.64840523145,3.898613285880468,0.3583750043210665
58440.086062958595,3.786134331007167,0.2453801325564729
58440.120402022774,4.627816701743259,0.6017256256475393
58440.12872802278,3.0744186991754123,0.6058798652298112
58441.9680994767,4.311455311025597,0.48826467954509123
58442.102545958594,4.044874236459547,0.23810835743591563
58443.62794659932,3.6530520634121846,0.27467218957990813
58445.95863974095,3.2348130154318406,0.3166112525474383
58445.95863974095,4.030288918029208,0.2656850036962918
58448.26827802278,3.2233322103553137,0.8100767185430229
58449.897049245854,3.9442192370334848,0.3517131753826287
58451.097258651134,3.3815358617236795,0.3042419380487249
58452.59802823145,3.213241733837874,0.21593332633631088
58452.59802823145,4.5936185745983575,0.18221524797276964
58455.24687645769,3.7413900185193336,0.2633711130116098
58455.9177224767,3.800028170401516,0.2460779865031807
58455.9177224767,2.9402376151494387,0.3025943915359142
58456.906723580316,3.6804285159304415,0.3647448963738366
58457.57756959932,4.297658473640178,0.14278719990107747
58457.57756959932,3.580017839593249,0.17083657571559602
58457.62607353891,3.29268836207871,1.5635364697362155
58457.637475538904,4.387509623924117,0.7459601710408331
58457.641282538905,3.215310017256554,0.5181056407560145
58457.7097849766,3.698874122346216,0.2206920320281621
58458.56657070294,2.8060975539069917,0.3926141271886506
58459.28592066153,4.708273435908196,1.3656867910675445
58459.29732266153,2.5430437368503043,0.737292554142434
58459.30112966153,2.971313434678666,0.48669905808970415
58461.88626494819,3.3975091072426435,0.41200450742157557
58462.13403802278,3.0117855485503906,0.37132510727692014
58462.716188509505,4.47255451480995,0.322013612177729
58463.671136538906,3.8014098205903357,0.23904969506759868
58465.046881651135,3.8602164753271087,0.17555766919689397
58465.046881651135,3.2559599085445985,0.21534410980808807
58465.20595919344,3.5208826873764973,0.4821970321164556
58465.33098366153,3.5380941500202914,0.21158751985646612
58466.8586994793,3.073155149124272,0.3425264483594896
58466.8586994793,3.1795959348170886,0.2676985760174383
58469.19649945769,3.2522132647281774,0.16687738626166657
58469.19649945769,4.15522942415278,0.14241854857210864
58469.355577,4.323740040902212,0.31733313583419936
58469.355577,4.257777540688529,0.26875081741158613
58469.355577,3.6679001045860273,0.3365973602614079
58470.074926958594,4.203838622815912,1.5629243177718282
58470.08632895859,4.378023003610651,0.715847071751585
58470.09013595859,2.5194925716357117,0.5480889108308261
58470.149581312864,3.8813690388726236,0.2047200063643698
58470.856346580316,3.3274495839557607,0.23052574693161243
58470.856346580316,3.9956401547720297,0.18999853622340834
58471.6594079766,3.960114508842878,0.10633926161996038
58471.6594079766,3.528186385156678,0.13526802834551113
58471.808220824365,3.657887849203126,0.403633618810115
58472.51619370294,3.681563732678459,0.1988400579632843
58472.51619370294,3.0198189537879108,0.2369932856457298
58474.335118367875,3.7978839554163573,0.5712100837213732
58475.096632022774,2.006779126531532,1.1644653105999114
58475.102244022775,1.7600812067227682,1.0861738723186332
58475.83588794819,3.8917244333308094,0.19261725529590001
58475.83588794819,3.283459416606914,0.2339602681513522
58475.9949654905,3.425689107962561,0.3511360254120759
58476.11998995859,4.03980090498009,0.21172703374273197
58476.665811509505,3.2897761745099414,0.20802760990548705
58476.665811509505,3.893157227512506,0.1681388206274932
58476.784139358875,3.6782672383805446,0.4011540232212874
58476.81868074095,4.275050734213013,0.2552234099400485
58476.81868074095,4.014497833114123,0.3239146293206648
58476.82488905181,3.6235064639004255,0.614283285026738
58478.48473617443,3.4456211109959005,0.32173852866438846
58479.12680940445,3.5541103295594567,0.4994515008830798
58479.13513540445,4.642708743162323,0.4394094902273611
58483.3052,3.605812527233226,0.14473235179716648
58483.3052,3.3156108405644247,0.14733144183184108
58483.3052,4.325287904870235,0.12539057347278657
58483.3052,3.1218422224915114,0.17867908407288854
58483.3052,4.1539759385918416,0.17290218385109332
58483.3052,3.0383032722386627,0.20702227024927303
58483.45806923145,4.166981664692327,0.22556706301160834
58483.45806923145,4.293596489567665,0.1794627517798275
58484.099204312864,3.9618943061263856,0.10855425450939728
58484.099204312864,3.544556622955451,0.13952551114545927
58484.29420110362,3.207405999902436,0.40417256588920497
58485.10590702278,2.125015176180808,0.3582232747482164
58485.481410157234,3.5987943455468274,0.6951744656318523
58485.90665667214,3.9152294242632184,0.21910008708264753
58486.7777634767,4.031652781191408,0.31426827191972473
58486.7777634767,4.209540482278045,0.2458926868145486
58487.27468540445,4.359040876492958,0.6080172589258689
58487.61389534887,3.6778047916222665,0.2629378981897681
58487.971180841174,3.694565005272196,0.571330737392457
58488.284741367876,3.4001675205695037,0.2662265114893221
58488.284741367876,2.8746136602361627,0.3465814646522577
58488.39461593939,3.642596622693201,0.19986962141826561
58488.43761059932,3.6488181953647096,0.1768698376832472
58488.43761059932,3.777951170812682,0.1407761125785271
58489.9445884905,4.272546581015215,0.1963706091695265
58489.9445884905,3.6204368195356444,0.23546768762927445
58490.77451205181,2.974838921950793,0.37164260674106714
58490.77451205181,4.130735218507657,0.31043375221875247
58490.93358959412,3.162723835537541,0.30126320914947446
58492.43435917443,3.6148242618633564,0.171854842037768
58492.43435917443,3.1198419100719903,0.21238783564109168
58492.59343671674,3.9003659828752824,0.5640388810952525
58495.906922651135,3.8776230430945064,0.17220068827032448
58495.906922651135,3.760750373799124,0.22069041276521728
58495.91313096199,3.460105338432512,0.4843619313998165
58499.85627967214,4.042507483149404,0.10129212186358913
58499.85627967214,3.7015841111328367,0.12871751312358856
58500.05654045769,3.683596984316159,0.14014810794269833
58500.05654045769,3.4998976970274978,0.17317269891594095
58501.14044540445,3.6178283816838928,0.30805227507852373
58501.56351834887,3.0711947077113075,0.18485063647904837
58501.56351834887,3.863096599071432,0.1540789613133834
58501.716387580316,3.8983167455444425,0.18680284218906965
58501.716387580316,3.763226043183762,0.23909601729642974
58502.34423893939,4.115438761234348,0.10387516186364237
58502.34423893939,3.6763710611604257,0.1327710703300458
58502.5194489766,4.093138754727681,0.10369480371984087
58502.5194489766,3.95290235093346,0.13671045992739453
58502.85944524585,4.277334710001529,0.14467369308051634
58503.37623470294,3.99027242139534,0.19583212715014547
58503.37623470294,3.7733847785532237,0.24649201452932618
58504.82010074095,3.4124627207265386,0.2919376823676193
58504.88321259412,2.904529223446885,0.18344835674172177
58504.88321259412,3.7637314620006608,0.15394040107421833
58506.54305971674,2.6471909600592003,0.32309450939739764
58506.54305971674,2.7000489575066275,0.2658316788293515
58506.69592894819,3.644616770286727,0.24457322547439936
58506.69592894819,3.818859353202426,0.19230045059968964
58506.83658374095,3.303899011935334,0.30042539050947703
58507.525852509505,3.9537477935043945,0.21598012169192252
58507.525852509505,4.071142015113682,0.16750766889841084
58509.86275396199,3.347228650299387,0.30799210619181006
58509.86275396199,3.4560740281420426,0.2535694172704823
58510.01562319344,3.66900509061227,0.33631244936122295
58510.01562319344,3.8757370778621976,0.25798873254230686
58511.45948923145,3.3398565587132136,0.19129848540947858
58513.47597223145,3.806404663416906,0.22308981643796044
58514.10303940445,2.8838454350966387,0.9621425870789849
58514.10865140445,3.0409349405264985,0.8587232870924001
58514.165241,3.956959300290632,0.1269790526300032
58514.165241,4.069139548834297,0.14805821408093653
58514.165241,3.972804227511303,0.18831261620518808
58514.165241,3.844772959812209,0.15676303682781476
58514.165241,4.484345029113898,0.21744785220427237
58514.165241,4.641405744280123,0.17181900650511936
58514.7791834767,3.5035486685904553,0.27239054228891235
58514.959245312864,4.59370794150205,0.10398599415557815
58514.959245312864,4.480662854780424,0.13875122972955772
58516.43903059932,3.2518930659139755,0.16681440107049525
58516.617884824365,3.5417818269541925,0.23325039103830547
58516.617884824365,3.4294516103068506,0.3014036821470293
58516.7956664767,3.8482060894458145,0.2846203217386186
58516.97261002278,2.8507288755146174,0.4445036353030946
58518.45551359932,3.6795137387088994,0.1680845614847376
58519.144782367875,3.990654676388046,0.25628360061815075
58519.144782367875,3.7836797970289693,0.3461756315554752
58520.8046294905,4.4097551959871595,0.23959869969294592
58520.8046294905,4.529259473543371,0.18751844046165903
58521.593803358875,3.5125731853108837,0.26816274378379545
58521.593803358875,3.6869879780157904,0.2095593734349465
58521.63455305181,3.6381380625910182,0.3799338459990702
58521.63455305181,3.8624892425134476,0.29872847326627794
58523.29440017443,4.003738966842289,0.22110053520068462
58523.29440017443,4.160315016898742,0.17172857102965797
58523.642988323234,4.563410448057043,0.3183012189928241
58523.908342651135,3.7010707128823315,0.18202296579621288
58524.112314404454,3.5930763691278624,0.2806044987787666
58524.48781753891,4.002264247575508,0.6993685293713218
58525.924825651135,3.6873941239222336,0.182271631050033
58526.147664661534,4.0204945903251,0.7019483634666358
58528.05796045769,3.674308818104935,0.1722438822948185
58529.10386510362,3.7822037430285906,0.2388943444022657
58529.10386510362,3.5110367014209025,0.3120330605541984
58529.71780758032,3.8896012163598837,0.19885932422771102
58530.07444345769,3.1954522489929165,0.16883822135070284
58530.5208689766,3.8487267366863254,0.13078046342409608
58530.71632067214,4.166755112062107,0.0987920171354676
58530.71632067214,4.082660680298021,0.12962664211563274
58531.37765470294,3.5786608364394983,0.2450672051967867
58531.734290580316,3.931726274085256,0.22936367637367108
58532.42355934887,3.9215517526119426,0.19003439537792383
58532.42355934887,4.113461124612863,0.15010842258232984
58532.5373519766,3.856740245474567,0.1555422055797613
58533.20427993939,4.039633910452354,0.1326209617146359
58533.20427993939,4.134202338160582,0.09937190340134573
58533.39413770294,3.7987147222428144,0.2604234835586009
58534.69734894819,3.386420942875283,0.2349106822399833
58534.80896474095,3.037424453993288,1.873217448051864
58534.82036674095,4.13095708436287,0.8710757216283326
58534.82417374095,4.010550061885352,0.6484214243256453
58535.527272509506,3.670991818875578,0.18997667045373665
58535.74325359412,3.5608642667865764,0.19256110775668606
58535.74325359412,3.860283228706831,0.15654404422135088
58536.71383194819,3.4038452011668516,0.2684919800382817
58536.936670958596,4.37125856163804,0.7437503948886064
58537.40310071674,4.087571390501586,0.3343268338549759
58537.40310071674,4.279181631248509,0.26362926226904204
58537.543755509505,4.125421063814748,0.20083248019395014
58538.44380615723,3.487983600907902,0.28207852789703153
58540.72279496199,4.123255881214615,0.3156515957437006
58540.72279496199,4.320790085447584,0.24631305874763848
58540.85402774095,3.2367869010462256,0.27022494060937846
58540.93357684117,3.863837469883281,0.2546320835175296
58541.315598053974,4.471578197575813,0.4161480978144097
58541.44835323145,3.8146621519957327,1.1637553903759368
58541.459755231444,3.1141518708919573,0.6305968778030442
58541.463562231445,3.628868658972137,0.41796654689826396
58542.166661,3.504242740483897,0.1515011996195347
58542.166661,3.276602288352934,0.19822145431323446
58542.166661,3.5370015834310857,0.1704217708166317
58542.960665312865,3.8294921840072202,0.11498079026138015
58544.183144,3.8222528763873163,0.22150976725167473
58544.183144,3.516156334163022,0.17532838697778394
58544.183144,3.7399938676473967,0.18968883508123083
58544.335463053976,3.020902514207374,0.6146100303318796
58544.343735053975,3.8761924000234025,0.5644762468089479
58544.7680474767,4.874766364466613,1.6334167552903147
58544.77944947669,3.690701354108687,0.8462636779819475
58544.783256476694,2.3120716706872546,0.5590491606024821
58544.977148312864,4.027708226478017,0.13697038247298418
58546.42789459932,3.47099573737078,0.9919952835232752
58546.43929659932,3.389493777456897,0.49091700010466816
58546.44310359932,3.554614631308402,0.32209151171162254
58547.146202367876,3.5381507734755546,0.30295440674813856
58547.493416231446,3.293064123433197,0.19804210108218698
58548.8060494905,4.2327118218298105,0.20861610921540982
58549.162685367875,3.9784796834845713,0.3680906187817304
58549.63597305181,3.4918220756850866,0.3509145085960603
58550.813110476694,3.7240552980624324,0.24978398027581897
58550.8225324905,4.440737786464696,0.22292711529312872
58551.29582017443,3.205706195586819,0.17665314034594962
58551.65245605181,3.7893312490604814,0.3804215659554233
58552.47295759932,3.5355622250947665,0.14871461516754167
58553.31230317443,3.016299683421755,0.19218447434348487
58553.897206651134,4.999103337822539,1.126080601923703
58553.90860865113,3.3815358617236795,0.5373656135049403
58553.91241565113,3.5257617089392577,0.4024647133076103
58555.979017404454,3.5894003276591446,0.3232465798158892
58558.04682445769,2.626810073172396,1.0136485391849652
58558.05822645769,4.647502233347677,0.48546148730666633
58558.06203345769,3.6794689104445037,0.3228153767634465
58558.71774067214,3.790981795350513,0.12106567744055004
58559.706671580316,5.817185754345073,1.2532930967397302
58559.71807358031,3.6818811041278687,0.6600560769106784
58559.72188058031,1.983805501336093,0.4378100827043981
58559.94226965113,3.2907730440793923,0.1587727645640465
58560.42497934887,3.4660427259660773,0.1758066315916486
58560.5097329766,4.552312808293901,0.730912136575478
58560.521134976596,3.9384780351146267,0.40973070434277153
58560.5249419766,3.31823245490476,0.2443318829534736
58560.73422367214,3.9008348818891854,0.14765770045784232
58561.20569993939,4.020119790449067,0.12031205525102509
58561.36651870294,1.9448794684609183,1.5277122287784184
58561.37792070294,4.341725390088407,0.7439087837336568
58561.38172770294,2.7506883020860116,0.48823466461685416
58562.44146234887,3.6932457755763632,0.16676262670424888
58563.22218293939,3.9405622242818277,0.13952595802349066
58563.74467359412,3.1714026460279827,0.1617513305156163
58564.09188745769,3.0581937927603775,0.15057149446862803
58564.68621294819,6.660597478209371,1.4744090561630239
58564.697614948185,2.895373663749221,0.7809235761585419
58564.701421948186,3.0696162466649195,0.4690293527394407
58565.404520716744,3.0238041918721175,0.3233147510534284
58565.516136509505,0.9949084875671304,1.167630698802036
58565.5275385095,3.179955773649641,0.594544928795415
58565.5313455095,3.255693981139503,0.3937124486014647
58565.75173458031,3.279514173440681,0.20074768888436567
58565.76115659412,3.293990844205478,0.18171259464363335
58566.5547959766,3.6427795608285267,0.12893735640280057
58567.41158170294,3.3253613995435947,0.2327188576481114
58567.42100371674,3.739589573972692,0.35370809958569915
58568.72421496199,3.841064160881806,0.30093731318348976
58570.73127594819,3.254946993947981,0.2364947057210351
58570.74069796199,3.710046576441573,0.3188766439760756
58571.5611995095,3.503105458939718,0.1728093434227013
58572.155525,5.257526610261737,0.9028518409829938
58572.155525,2.804165031938301,1.0091124908583737
58572.155525,3.2535847697509883,1.2484972884032353
58572.166927,3.459015847121994,0.5658553278662594
58572.166927,3.182575711147533,0.47555094769172424
58572.166927,3.5487505965288912,0.6077978882596381
58572.170734,3.003716768964506,0.32719603777917267
58572.170734,3.1344352616938513,0.41174278863835134
58572.170734,3.9619232976569343,0.28533056861503453
58572.949529312864,3.312272198184986,0.6569777813924651
58572.96093131286,4.103587805236369,0.3721196484822849
58572.96473831286,3.700961468967563,0.24753776866372548
58577.135066367875,0.8982064789053723,1.6919181804862555
58577.14646836787,2.586472161520584,0.9955085864074802
58577.15027536787,3.5767049176698933,0.5959659026251058
58577.450213538905,3.486957398015189,0.277738867478677
58578.200588,3.743722518804204,0.19591970245303994
58578.200588,3.3764427145594276,0.1638847311554286
58578.200588,3.3374524289761522,0.15527383761792418
58578.7949134905,2.8045619369605284,1.3273826977447258
58578.806315490496,3.040619769170326,0.6375036831115882
58578.8101224905,2.786857599544793,0.4679846523559264
58578.99459231286,3.7241899114446095,0.11381936813752783
58579.11006066153,4.539512885834567,0.31459513862782323
58579.54756032323,4.090547180387886,0.17436531116298867
58579.555886323236,4.4530241649180144,0.1688590381788943
58579.62483705181,6.710773787615592,2.181571364767447
58579.636239051804,5.130561129031525,1.1173664200049678
58579.640046051805,3.4552430789586026,0.735481694180485
58581.28468417443,4.061823630572908,1.093128117208639
58581.29608617443,3.5617904384571393,0.5709974986736127
58581.29989317443,3.1261554604774924,0.38979860203570155
58583.18012936787,3.363642541859078,0.30721565426435465
58584.8399764905,3.6351904340487575,0.20050162123319798
58585.669900051806,3.6478924617180803,0.34554958907617617
58585.93508502278,2.535965337934784,0.49946742054546145
58587.32974717443,3.3319772036968613,0.16592010465659598
58587.695436323236,4.305002022926298,0.25724920976567245
58588.70660467214,3.537940892564883,0.6526030947890477
58588.718006672134,4.031900978242222,0.397895455518003
58588.721813672135,3.3833889639173726,0.22356997129353137
58589.89906695859,4.078696446322604,0.31674499536752154
58590.41384334887,0.7550471145967421,1.0831850243799128
58590.425245348866,4.490662304062951,0.4820895775954179
58590.42905234887,2.8506092226527775,0.3594440479028751
58591.19456393939,2.2961223424665054,0.6768397468831843
58591.205965939385,4.375126665893452,0.37024289990848835
58591.209772939386,3.905286699660504,0.23754688388614748
58593.73353759412,4.096780814571381,0.9259205941990509
58593.744939594115,3.504451998598702,0.5265868265075798
58593.748746594116,2.7982137949389676,0.3212244732774915
58594.751667672135,3.6333994367295226,0.1234142606699975
58595.39338471674,3.4973237523386516,2.0290863770131047
58595.40478671674,3.937807064400543,1.0509931825796737
58595.40859371674,2.396115472183922,0.6503736102593833
58596.45890634887,3.4362636854831754,0.14845403144439087
58597.23962693939,3.8197247888768686,0.11565868817331856
58598.71307896199,3.000535965319078,1.9434946910349689
58598.72448096199,3.4399487869801684,0.9812209247000859
58598.72828796199,1.5029041924099502,0.6435986878733307
58599.778600594116,3.61944623759706,0.16164284538448576
58601.43844771674,3.704350909007741,0.32111233449311893
58601.56119632324,4.35426867594188,0.12026859412627196
58601.67070874095,2.9525473725747107,0.8292293466033593
58604.75814196199,3.9539408490149306,0.2852152030506618
58606.957209022774,3.630447689417961,0.3706859934950322
58608.31009723145,2.651732510477677,0.5682528390329048
58608.88768002277,2.5378826792804485,0.39625054477055166
58611.6297914767,4.131714613052641,0.8462636779819475
58613.28963859932,3.9155518823556035,0.43651179569462084
58614.523790323234,4.492988114628889,0.3386840891620156
58614.529402323235,4.482661437751702,0.34969663513020444
58620.758950651136,4.325220499970439,0.5633511325291265
58624.53306532324,4.2848123553179525,0.11456911858133217
58624.90856845769,3.6196118393055006,0.43654381192755076
58624.941492404454,3.6254255340525754,0.3769167852591642
58626.56841558032,3.9840194491926146,0.6206909367604158
58626.903848022775,3.925718256650211,0.3889007362788398
58627.046577053974,4.009819665127758,0.44988474161367575
58627.3714769766,4.192506263701872,0.3919407148328761
58628.22826270294,4.857822992763811,0.6495547434899327
58629.13643124585,4.1301962611793215,0.1067313925720485
58629.14472524585,4.664226671879214,0.09268975380119818
58631.54795694819,2.361557750634759,0.6624386197758666
58632.377880509506,4.406914734985402,0.5894957149627574
58638.901243022774,3.663042492294249,0.4224542098279591
58639.017269,4.3949828980710475,0.5887068875368471
58639.017269,2.0999997070297436,0.4838556198353766
58639.017269,3.3384452284494133,0.413103860823646
58639.811273312866,3.6792815893223203,0.3846630074198899
58643.99681036788,4.134725425745834,0.9433590334709285
58645.6566574905,3.54371802406746,0.6100619601171992
58645.96361640445,3.214444097849963,0.290162206597432
58646.48658105181,3.174804104055567,0.9430065356087319
58647.89408740445,3.5421019274283125,0.2997199144160974
58648.146428174434,4.061823630572908,0.577942404119665
58651.15348424585,4.723231430543957,0.09933712534697307
58651.161771245854,4.493934456998688,0.11472317634056436
58651.23628824585,4.300488476059846,0.18993557124612964
58654.63310474095,4.575081347599613,0.34325870834164296
58655.56834867214,4.022052080828409,0.35524215364126355
58656.39976832324,4.8125451502672085,0.13466218490925552
58657.27558734887,3.3877348787702983,0.4931188518483444
58658.05630793939,3.587056434991542,0.38210148052586945
58659.17608924585,4.527544762567213,0.12159461659012943
58659.18438224585,4.741156926847171,0.1044160159662168
58660.59528159412,4.34955117010551,0.47841942828562567
58661.272493231445,4.600499815080713,0.25639502037256034
58662.255128716744,2.0723602378184314,0.8333944264210994
58664.592187476694,4.576433865769233,0.36318738971854986
58664.72079215723,3.7356782065713823,0.2203178334585711
58664.72908615723,4.763936734029654,0.19342993218589047
58665.57482296199,3.59313857801798,0.8322640094672668
58665.91025540445,3.131855699519444,0.311973385978489
58666.25203459932,4.102900543456349,0.19412284997670567
58667.210562841174,4.1531921102441105,0.18460826055020896
58667.21885684117,4.394803234945402,0.18475293787038938
58673.72134665113,3.9198961362438993,0.24319461823592395
58677.87096445769,4.043771429618086,0.18586652607128107
58677.90765040445,4.783378596698578,0.332314148772059
58679.53081158031,4.437226966789736,0.2649520872106243
58680.3338729766,4.142021158335952,0.14608626520963672
58681.04393624585,4.363974608800392,0.11263186843852284
58681.19065870294,4.3797203056227945,0.25994854711442106
58684.510352948186,4.44454862821789,0.2648487260318625
58685.3402765095,4.409439341901731,0.23453598252693864
58686.73784515723,4.115367963937115,0.215103210181445
58686.746132157234,3.872562067595938,0.233517348628796
58686.82064915723,4.0746287195845685,0.38425255273321796
58687.08864705398,3.0387508950330187,0.4144518419809271
58687.09129705398,4.011327448090854,0.4495077958729018
58688.04929724585,4.2683719618499225,0.11136214578371191
58689.22761584117,4.228424316737925,0.17809778114209032
58689.235902841174,4.027322841687148,0.22497323288054463
58689.31041984117,3.432699055745646,0.36328475097302093
58691.979665,4.459973538829485,0.2313937605336871
58691.979665,4.437474245348659,0.172945668241959
58691.979665,4.564578344209701,0.2151488842880224
58692.77366931286,4.37923198929732,0.15330772034850687
58694.76045015723,4.185439464223495,0.233517348628796
58694.76874315723,4.1642550571601715,0.21396251133957386
58696.95920636787,3.9967421728397836,0.3906143556531593
58697.25022084117,4.095321182171944,0.21441178850737436
58697.25851384117,4.189361440289213,0.1997993791691525
58698.619053490496,4.443688509367319,0.2611389768820901
58699.448977051805,5.162262926194477,0.42382864207084986
58701.10882417443,4.165365857223143,0.2481225309362336
58703.72719953891,3.9413493803750876,0.21731790460690772
58703.73549353891,4.122447634214177,0.19212878384565266
58705.38704666153,3.5954090538188828,0.21413484891418114
58705.39534066153,3.8437736369461124,0.1986916665017831
58708.530744672134,4.07659982035106,0.14591520322309096
58710.23798334887,3.9028019863819674,0.198857814780265
58711.018703939386,4.547751573614824,0.1423780217162786
58713.557677594115,4.327854143879405,0.2248896768335832
58715.21752471674,4.594127199372762,0.3653809073553393
58716.02823524585,4.626134992234886,0.09799271312423208
58716.176052958595,3.1316745701570294,0.2095285901016333
58716.184346958595,3.899438734048406,0.20377881442491375
58716.62829715723,3.4993905893266133,0.2310729939676434
58718.53721896199,3.4863088553205586,0.3307690093329583
58719.11806784117,3.548440911889977,0.19372293172157506
58720.76471117103,3.783787289718873,0.2503646912599327
58720.772998171036,3.7439658257745947,0.26118796094735236
58720.84751517103,3.4386679355351175,0.4645837460165961
58723.63365815723,3.965447544719744,0.22243627416490355
58725.36224332324,4.193717347879338,0.15089120002027054
58725.744252538905,3.689458172762536,0.22209231311721117
58725.75253953891,3.931471293802046,0.2349338256621648
58725.8270565389,3.1511024545317863,0.38326975903400123
58726.12342884117,4.161872749454934,0.19111873995832762
58727.40409966153,4.077809494123692,0.1915273035269592
58727.412386661534,3.8246686690132474,0.2295780313265795
58727.48690366153,3.4887396495270595,0.3956320442763869
58728.78731617103,3.643901634324865,0.28793981621248377
58728.79560917103,3.644922697502924,0.24148144161082416
58729.89387034547,3.72202686290262,0.3027469675489247
58729.902157345474,3.72202686290262,0.29777821960823625
58729.97667434547,2.8553847802243997,0.5250695498253106
58733.7668575389,3.6466531309460226,0.23378138222864334
58733.7751505389,3.6236042622755935,0.22406793043181944
58735.42670466153,4.066664929496188,0.25712102676312476
58735.43499766153,4.162189769160507,0.22543862160779238
58737.91647534547,3.72202686290262,0.34238139879674195
58737.92476834547,3.0402684245290867,0.2870318577830262
58738.19310595859,3.8554698612264326,0.2103741453482097
58738.201392958596,3.9975231426512687,0.23489524749892546
58738.27590995859,3.211156763335212,0.42463784483067085
58746.21571095859,3.5815099613356773,0.2600927938469023
58746.22400395859,3.786134331007167,0.21984436410986546
58746.38436732323,4.189949897942853,0.11118807376653737
58748.31483832323,4.155173436990678,0.11273369425330071
58750.65516317103,3.6990390459400224,0.257410027188536
58751.61259615723,3.789454009116744,0.2001111682597079
58754.10236684117,3.3733813544716753,0.17867649042281183
58755.634704538905,3.7800072996820804,0.24151921671085902
58757.29455166153,3.433016826389541,0.22209525221954105
58759.78432234547,3.6295850407502765,0.30575132676887573
58762.64006553891,2.935430897687052,0.2192935219215162
58764.29991266153,2.8343944978264766,0.21684138603800365
58766.331006323235,3.7927254328446756,0.127513690157975
58768.08355795859,3.2060834318557525,0.22102814145507244
58775.088918958594,3.5510699724589276,0.2095285901016333
58778.32840132323,3.9250691870237864,0.13601460283517333
58780.91009074095,3.301925126320949,0.2560129641858027
58780.91838474095,3.6828850498973553,0.23410283386612338
58787.54947923145,2.995794534595446,0.185242993785006
58787.55777323145,3.6412548918403775,0.17010426472382426
58790.61900353891,3.342078794943917,0.19953734877543364
58790.8691734767,2.930972630717843,0.2392218980237999
58790.8774674767,3.3108369924132655,0.23236580954441913
58792.27885066153,3.3008741315205663,0.2004429552289623
58792.52902059932,3.139695562655901,0.12574588100999262
58792.53731459932,3.5514392302727966,0.13844748515241612
58792.9671624793,3.0305788348471445,0.2669534905175886
58792.9754494793,2.8283413420307877,0.299524370939591
58793.049966479295,3.2434604062327814,0.5148540803961626
58799.998332651136,3.3156395694613883,0.16387040226735572
58800.006626651135,3.5904146749324477,0.15367512686073723
58800.989767479296,2.721900556337971,0.3200674425783049
58800.998060479295,2.849629499169353,0.27163688508807254
58802.92714374095,3.110458221725553,0.26173723246752073
58802.93543074095,3.1065104504967813,0.2844369170329543
58803.009947740946,2.903200232215073,0.4755090445054732
58803.067856958594,3.6322432761302608,0.2130799221372542
58804.14795045769,3.222284729158676,0.1274542807873581
58805.80779758032,3.1691174704362544,0.19900458304745353
58805.81609158032,3.404436758419375,0.16879074854097897
58806.6108589766,3.375128367301272,0.11323087917784788
58806.6191529766,3.762982192652145,0.0916745405374791
58807.46764470294,3.3269445210241937,0.1955155028540254
58807.47593870294,3.7021443119262507,0.1850669010820694
58809.566532231445,3.3825202497038154,0.17051713915276556
58809.57481923145,3.2201229743202298,0.20602434004171916
58809.64933623144,3.3178365891696755,0.3389699061608244
58810.78733894819,3.441861764712095,0.2032302126189471
58810.79563294819,4.020030335296005,0.17741062987780265
58810.949748740946,2.87753971922806,0.2834499742257613
58810.958041740945,3.536817514432826,0.25719729555443405
58811.617262509506,3.0297416621280817,0.17041096685218904
58811.625556509505,3.6975001914970296,0.144659976305636
58812.886226476694,3.5517265876347537,0.21976543071744903
58812.8945134767,3.3756918834344347,0.2666462519413231
58812.96903047669,2.8438817770608438,0.46862291255010846
58814.54607359932,3.114292354371054,0.13252006988595183
58814.55436059932,2.951288434543285,0.15898174518266744
58814.628877599316,2.3765408470986245,0.2708617083371811
58817.58913723144,3.104518134216659,0.20822633699607287
58817.59743023144,3.595838704656831,0.2007945972751291
58818.256651,2.8380742939261783,0.12936177136582813
58818.256651,2.986852348304901,0.18170299978713159
58818.256651,3.264051506349266,0.14599388576687233
58818.264945,3.4773654321358993,0.14014495554369039
58818.264945,3.4932377575477256,0.15110323976336723
58819.050655312865,3.4160259079157926,0.1126579460136755
58819.058949312865,3.8759490689613134,0.08989407238616993
58820.90883147669,3.455370749546158,0.2935147067929503
58820.91712447669,3.042152443896992,0.2516369771621381
58822.01538565113,3.3964557769528767,0.15715644041421659
58822.023672651136,3.2733664763119963,0.17704966071981376
58822.09818965113,3.5145717725173586,0.31070723464804384
58822.56867859932,2.911066688092278,0.16342730663251567
58822.576971599316,3.1555725678339304,0.14405736031531982
58822.8576144793,2.8389854206000695,0.2683372207315952
58823.236192367876,3.4265466718603665,0.2777927547476234
58823.244486367876,3.988625510904133,0.24086194294041563
58824.8960394905,3.419787662157316,0.19120684408993713
58824.9043334905,4.129436520238024,0.17733844644761146
58825.14945602277,3.1258673586173957,0.7407328732081763
58825.72596305181,2.6578209503212733,0.29385127370274683
58825.73425705181,3.7649452512428256,0.30531269267704486
58826.16500345769,3.2749176710222816,0.1391160894747845
58826.17329045769,3.178939953506295,0.15789882559081622
58826.24780745769,2.6474504425306726,0.25883023175278896
58827.38581017443,3.205706195586819,0.1742539911918587
58827.39410417443,3.454460081563603,0.14912606057796032
58827.82485058031,3.2867771144278146,0.18084723057962032
58827.83313758032,2.980281004770786,0.20917270042944036
58827.90765458031,3.275156408848402,0.34528021452831925
58828.169321022775,2.030106779570442,0.9497230798855477
58828.177593022774,0.4505370676342846,1.0992757048473367
58828.6279119766,3.448051297274266,0.10906385460796246
58828.6361989766,3.5185701746107885,0.11315074408996546
58828.710715976595,3.774201104955683,0.18815718634790293
58829.48469770294,3.163883008522456,0.2064390410701614
58829.49298470294,3.087893177453685,0.22496156239317439
58829.567501702935,3.065729476725293,0.3717169236447385
58830.03799065113,3.5046251623645617,0.1989322030559705
58830.04628365113,3.171413722245811,0.17083302937431466
58832.804391948186,3.221682500845893,0.19879494687200205
58832.81267894819,3.1995061721111684,0.21827843568893932
58832.81759574095,2.729498298149146,0.27081710629369415
58832.887195948184,2.600745296273584,0.35593007619234135
58833.6343155095,3.1168406007414227,0.15968138745779192
58833.642602509506,3.1471358837373673,0.16712897786096165
58833.7171195095,3.159758918319012,0.2874264974240255
58834.18760845769,2.5958495191349797,0.1563507978889455
58834.195901457686,3.6144517469659316,0.13890968578120172
58834.80773067214,3.528849602644442,0.10500439858110285
58834.81602467214,3.5652147623262085,0.09257963568983231
58835.84745558031,3.208337351766775,0.21614512377708836
58835.85574858031,2.975923240178508,0.2045244181976749
58836.124086193435,3.2523442297116407,0.25468528326150913
58836.13237319344,3.6999083258197327,0.2925151056706453
58836.20689019343,2.9646244536421538,0.5121412014036875
58836.51496934887,3.06788592543543,0.13952031929952038
58836.52326334887,3.2410455312063773,0.13268216926270596
58836.650516976595,3.3030067882071013,0.12284708972373728
58836.658809976594,3.5033445079131313,0.11026588092619864
58837.29568993939,3.2965962641734095,0.10905390909528351
58837.30398393939,3.6448482519243495,0.08391071601412729
58837.507302702936,3.39026938024817,0.21847076432271667
58837.515595702935,2.9549109730833347,0.20311448596090267
58839.456984231445,3.2834303867578996,0.19405098160242085
58839.82295674095,3.499313687759501,0.26055290109888923
58839.83466359412,2.5367646289143977,0.15947314276187521
58839.84295759412,3.355827368949879,0.14938402556673616
58840.273704,3.3388849857464367,0.17533933287953457
58840.273704,3.1905181069336157,0.12687977268267717
58840.273704,3.0404159389923135,0.13475476494585625
58840.281991,3.0404159389923135,0.16239382737304892
58840.281991,3.0179936970016517,0.18603570917102755
58840.281991,2.979051819129154,0.14604080251660248
58840.356508,3.495945700912661,0.30653918891063053
58840.356508,2.747729541859484,0.23162011711164773
58840.356508,2.4727256526246633,0.27570251483390507
58840.826996948184,2.9428943681807747,0.21859524038514952
58840.83528994818,3.0062553074228484,0.2119423417647321
58841.06770831286,3.7179956601173973,0.10205029061582427
58841.075995312865,3.859689159227381,0.11064481433233148
58841.15051231286,3.620436201713802,0.19039580017019112
58841.494510716744,3.1779733510937787,0.2601053957725471
58841.50280471674,3.391607757443796,0.2629685373009492
58841.6569205095,3.174906559816984,0.1898504401079202
58841.6652135095,3.2872515675936116,0.17255688273106842
58842.72634782436,2.771517484229557,0.24854240372475042
58842.73463482437,2.9216057568928147,0.24561615438351714
58842.77667847669,2.391750536798977,0.2458926868145486
58842.80915182436,2.5411933425324857,0.4195863974768385
58844.14669119343,2.900686725626713,0.3157458135162559
58844.15498419343,2.9539681656395818,0.26267749926343936
58844.43652559932,2.9692823737450524,0.14024687907259278
58844.81420496199,3.22830499673056,0.251553762125248
58844.82249896199,3.274665065070951,0.22595494178077166
58845.25324536787,3.6091715654124927,0.24877568832767444
58845.26153236788,3.530034111539904,0.29098233039305477
58845.33604936787,3.556413262830768,0.5085088702684765
58846.46234523145,2.680633720503571,0.18799548997794815
58846.9130924905,3.7915787478877494,0.1867807597360034
58846.9213794905,4.147140857653759,0.21702566948788377
58846.995896490494,4.119108990078845,0.36323398931282813
58847.70226635887,3.2335095169830312,0.2144429876306839
58847.71055335888,3.0242117657371415,0.2410412435181823
58847.743016051805,3.3455060887791532,0.2950705735936296
58847.75130305181,3.6698398597539708,0.37017944687200804
58847.78507035887,3.155022860265823,0.4120549477653442
58847.8258200518,4.211209011305918,0.6203797844811519
58848.296309,3.0025699199011378,0.17558259160179215
58848.296309,3.3146180410911636,0.14395592362275578
58848.296309,3.0667366775704794,0.18914984404070267
58848.304602,3.808039379301575,0.141970324676235
58848.304602,3.1723035812797464,0.1596413896209633
58848.304602,3.3456548441587746,0.18143220545063823
58849.09031331286,3.750515479585262,0.12605301450877232
58849.09860631286,3.861237722059184,0.1095608203500693
58849.40286317443,3.057969116098069,0.15430317191047196
58849.411150174434,3.123630040315292,0.1755167012729591
58849.48566717443,3.088274158044479,0.3019139803911119
58849.7820394767,4.128008619280003,0.24237199273054244
58850.74895282436,2.812107394446665,0.26676066575242874
58850.75724582436,3.1755286835998326,0.2297577708568335
58851.44188659932,3.8509853946316177,0.1255341876076189
58851.90583765113,2.941398362462345,0.17220068827032448
58853.27585036787,2.6615512844253475,0.32669564290991504
58853.28414336787,3.1384051731447897,0.2739373403281896
58854.935697490495,4.4200827261463385,0.21466509116578592
58854.943990490494,4.572044955631397,0.19548539229873976
58855.21232810362,3.0995120713754325,0.23956271387101707
58855.22061510362,3.3515828424473675,0.2543623235362254
58855.295132103616,3.042223259768175,0.4475211000053635
58855.72487135887,3.2422302566182752,0.2518549606658866
58855.73316435887,3.0067702864666517,0.21330929147810201
58855.7656210518,3.1114005097296618,0.35310924839964936
58855.7739140518,3.8185944464416686,0.31336007195687116
58856.05545545769,2.9405436874182005,0.14376017258039675
58856.824783672135,3.5796093047002415,0.0987162563861306
58856.83307067214,3.7811328979367023,0.11295927726148944
58856.90758767213,3.8621968997273086,0.18902306959585252
58857.42546817443,3.3749093464542765,0.19925565079764723
58857.43376117443,2.9493760491234324,0.17955737353248058
58857.71530258031,2.4660647828817472,0.2052507122963884
58858.5183639766,3.2493162793258845,0.12813600552397647
58858.53202234887,2.85612385977924,0.1473511040190982
58858.54030934887,3.0579595786077967,0.1537480830857956
58858.614826348865,3.2642070071375215,0.2662466804656459
58858.911198651134,2.7698193373265703,0.1564104446527568
58859.312742939386,3.6208308734587664,0.10297451017118305
58859.32102993939,3.867759545808032,0.10229902140183855
58859.37514970294,3.0578138693222963,0.2195789493591364
58859.395546939384,3.5232602734423395,0.17517675418333908
58861.851716594116,2.3067761509176794,0.1379930867980308
58861.86000359412,3.1290934448870766,0.16598225062970684
58861.93452059411,2.906698926069496,0.27034494677727405
58862.694843948186,3.308803792303742,0.23095062353735363
58863.06081645769,3.663988633425796,0.1280734918681065
58863.23493310362,2.6221053079816166,0.2805242141702065
58863.243226103616,2.727134795928256,0.2342157581210063
58863.51156371674,2.7617166211952924,0.2629685373009492
58863.519850716744,3.2396410147824435,0.32001112621296446
58863.5247675095,2.999446379132138,0.18858813664975585
58863.59436771674,1.9600369932426478,0.545318340332622
58864.15586340445,3.0980361180072427,0.5545921229138417
58864.720663580316,2.8727894781612147,0.19784251248951232
58864.84738867213,3.731888410867642,0.12303545692331243
58864.85568167213,3.6424907266499638,0.10879243604795352
58865.5237249766,3.459270209577804,0.10882344934431523
58866.014538193434,3.3056256697245097,0.25873467270248707
58866.38051070294,3.395018744689968,0.19868174581522438
58866.554627348865,3.324868015528618,0.1651082355663099
58866.562920348864,3.267515789413401,0.14282910157539822
58866.83125796199,3.0489116888047025,0.260825775793326
58866.83954496199,3.3714165120422006,0.2834011134199509
58866.91406196199,2.418011628346349,0.46622103509270724
58867.17572840445,1.5303269663148669,0.8028474567678947
58867.18400040445,2.8563976587968813,0.8423036351987956
58867.335347939385,3.7364145073243806,0.11851075186610645
58867.34364093938,4.019369247372019,0.10485086786380664
58867.80189474095,3.3966716358114546,0.24594614755243635
58869.70020494819,3.0807044110322828,0.2100415135874699
58869.874321594114,2.4087521741803757,0.18073622846345858
58869.88261459411,3.065087217520066,0.16554831010518475
58870.164156,2.6378719177497993,0.15918264999561574
58870.164156,3.236186882703594,0.14713288193718901
58870.164156,2.575244956834795,0.19659668829427365
58870.530128509505,2.7987401292840044,0.16889620270239178
58870.95816031286,3.700961468967563,0.12047818831428116
58871.53416871674,3.065650106517996,0.3083383184433243
58871.54246171674,3.1427346861288274,0.26891506201378473
58872.61679982436,2.3675062848592834,0.24967514540522787
58874.44128323145,3.3384803106167418,0.17258151129747218
58874.85386296199,3.3089312025399344,0.2759431893825837
58874.862155961986,2.940066310962046,0.2545772448430995
58875.14369736787,2.8725844947522496,0.29605524410283607
58875.415475053975,3.3411179209948205,0.3846731284597873
58876.409741053976,2.3865028324848634,0.34905175595665167
58876.803544490496,3.8682975433559337,0.1982885790562311
58877.169517,2.987987014388497,0.12668121278802508
58877.169517,3.1883594681669125,0.14679668011123065
58877.169517,3.1885941289925492,0.1776410847397294
58877.59271835887,2.439922210175701,0.21496623200879864
58877.633468051805,2.962645923041965,0.3094583123060463
58877.7609774767,2.6344931289067812,0.2277333173286213
58877.963521312864,3.190710015888442,0.11258051787208535
58879.29331517443,2.9329608180691276,0.18284041974334173
58879.42082459932,3.030673460433433,0.13326099679425987
58882.149058367875,2.919255300882237,0.3340006386520001
58883.8089054905,2.2394985011083204,0.1982885790562311
58884.63882905181,2.91143532762489,0.3121407720659884
58885.10278010362,3.2169541351703117,0.2412813782192348
58886.29867617443,3.0087234229351516,0.17614805631350933
58886.715235672134,3.36596399156986,0.11644427173099213
58886.890136651135,2.9861581081499375,0.15864843193713646
58888.42247434887,2.813109690192827,0.15418925405591266
58889.203194939386,3.291342462634063,0.12181314140512398
58891.03975445769,3.079866180586567,0.13116954727184799
58891.742168594115,2.0127814455539497,0.16478891418727107
58892.699601580316,2.7740134807362002,0.17590843070836965
58893.40201571674,2.5128435498803228,0.2786056948791466
58893.5026629766,3.496933700882537,0.09471967387701075
58893.72059667214,3.546274574991955,0.1041710303383957
58894.35944870294,3.395018744689968,0.1852252132301295
58895.42783534887,3.150605482332379,0.13643212250870096
58896.20855593939,3.269576713399629,0.1049259221715116
58896.72170996199,3.145663135775952,0.27775727901329467
58897.67914294819,2.7385553391250914,0.17725222752969746
58898.509066509505,2.7823301843278667,0.14832065633431266
58898.74752959412,3.7116585990580084,0.16565679523631527
58900.40737671674,3.607444580354124,0.2682543370456919
58903.72707096199,3.8168762991389933,0.25840698961904485
58905.148455,3.0924621395373615,0.15651912649323715
58905.148455,2.65966204995381,0.13383728569516107
58905.148455,2.8043191118353255,0.11556185868750878
58905.942459312864,3.6041762919798694,0.0980240272531362
58910.127996367875,2.8867886531396376,0.24573194010180566
58910.88043502277,2.2962976697267887,0.7624627417923676
58911.7878434905,3.8948540494795356,0.1848627898492988
58912.61776705181,3.386962285069167,0.30165479300439657
58914.27761417443,3.2928331911827486,0.1559446950159025
58921.69953467214,3.392480253837814,0.09310996093519149
58923.40677334887,2.6995081653876847,0.13610124428111317
58924.18749393939,3.5915596934538385,0.09096582093839202
58926.72646759412,2.9283959522956016,0.14569553110829825
58928.38631471674,2.9555292785025236,0.25922442914842336
58931.70600896199,3.272649409925717,0.23905670022479497
58940.277111053976,3.2167258265394265,0.25142280909620585
58949.88684240445,3.000743553801854,0.6055665646133906
58957.22346924585,4.158578296992742,0.10351974115105614
58964.57661432323,4.295824901286141,0.21793248863363016
58967.596479323234,4.7138186416752,0.30352122308814977
58967.60475132323,4.467659258902055,0.31791481387113335
58970.922505022776,1.2206691748093075,0.6675543451820019
58970.92515502278,2.137797451818569,0.6822539621654256
58987.17990024585,4.244471300112306,0.09418354515979926
58992.80783015723,3.478206182263289,0.20255552292086085
58995.29760084117,3.3140636531977057,0.1918421265592297
59009.92891240445,2.3890502534072677,0.51072469472048
59009.931562404454,1.7876498691250902,0.5082740004080017
59022.76426115723,3.00563094777375,0.19131149147955806
59025.25403184117,3.413891004122192,0.1587110202379146
59031.81423753891,3.56598209059952,0.21451911341121288
59033.17524705398,3.3972828363701346,0.25858477817091036
59033.17937705398,3.574824280274652,0.2331409406686707
59033.47408466153,3.364557357963446,0.20824415046821498
59044.26309095859,3.5933477347877467,0.1922792630714746
59050.30759332323,4.006987072822243,0.21677327326855764
59054.11528705397,3.696389281674242,0.3024989569710721
59061.770668538906,3.9413493803750876,0.19706782713217313
59063.43051566153,3.6766051675335536,0.19757721003903272
59074.21952195859,4.043183125966393,0.20191859288244549
59108.99712874095,3.526948086360899,0.23864277077921006
59110.349663323235,4.168794217530279,0.20856216443262734
59110.35231332324,3.709744932961569,0.21290922205164922
59115.63651723145,3.9068707744592928,0.18331624644994654
59118.956211476696,4.109478650416812,0.2458926868145486
59120.61605859932,4.115602147598773,0.1370714780369868
59128.08537065113,3.844053233828811,0.14907481966506791
59132.23498845769,3.7950549788508523,0.13921929132157587
59133.894835580315,3.8373080412525225,0.184914477532415
59134.6978969766,4.008195561572325,0.11635614760526193
59135.55468270294,4.0963415605955005,0.2078638504027009
59138.87437694819,4.419204252521061,0.2178032286446238
59138.95355974095,4.089505486460774,0.23133939400598363
59139.704300509504,3.5119415831468697,0.17028473650637257
59145.592948231446,3.8545733467933934,0.1637735234800573
59146.343689,3.8959653402655796,0.1617057179350275
59146.343689,4.330251902236537,0.14375736372810372
59146.343689,3.7613241506762805,0.1756101272160282
59147.13769331286,3.9518286477196654,0.10514741627943047
59148.912642476695,4.0409177656230035,0.22662151919682982
59150.57248959932,4.551690556488647,0.12489910740049771
59151.323230367874,4.467508565107487,0.2806335864251007
59152.9830774905,3.3666746499101103,0.17925641633431608
59153.81300105181,4.181945813924733,0.3121407720659884
59155.47284817443,4.130009974952332,0.1650362075998257
59158.04180165113,4.282947406821045,0.15951876032550635
59159.24933302277,3.532663280789099,0.6272901769230588
59159.89852624585,4.641819801500197,0.09612547392598071
59160.243599022775,4.203732751771485,0.6435875783612023
59162.19141945769,4.479283223077723,0.12704147340019267
59162.89476867214,3.9864445286400123,0.1152320997415998
59163.851266580314,4.682714372154844,0.17881360710322297
59164.60200734887,3.991036180405379,0.13488802411329126
59164.6543279766,4.26222379015957,0.10609885635631322
59165.38272793939,4.202501758172081,0.10642700832561047
59165.51111370294,4.4699582300169585,0.18110909738057107
59166.91352924585,4.741903822526471,0.16215105197614926
59167.92170159412,4.699958143657113,0.16760952759666475
59168.83080794819,4.805705981897703,0.18881559894137567
59169.58154871674,4.47960153823667,0.2889570527126011
59169.6607315095,4.061043587448367,0.16599290474861375
59172.90124296199,4.4155258772735975,0.2576007275609511
59176.30012,4.482150221645377,0.12042657610648466
59176.30012,4.472830419140181,0.1394568461056691
59176.30012,4.577769075204154,0.16613232543875606
59177.09412431286,4.270832591071104,0.10398599415557815
59177.88679124585,4.871863670724767,0.09612547392598071
59181.27966136787,4.548675184463987,0.25425443513423823
59182.9395084905,4.563192786923529,0.17173207293262874
59183.769432051806,4.4672619883913,0.26410035636520734
59185.42927917443,4.472204406930547,0.16541502062415583
59192.851199672135,4.496314371678123,0.09886777788480464
59194.55843834887,4.47853010238473,0.14018207575469596
59195.33915893939,4.64682325978535,0.10417537909446216
59195.48288715723,4.584684058878451,0.19945934035006732
59197.878132594116,4.525297082536964,0.14753977833751722
59197.97265784117,4.588670843987158,0.17202133369451292
59198.25574040445,4.337425752656899,0.5224880274203759
59199.25000640445,5.145591216082872,0.47004316913334004
59199.53797971674,4.80776160572278,0.2336763970488336
59202.49789015723,4.301138918184727,0.3519870712060012
59202.85767396199,4.881142215822734,0.23300973478909187
59204.98766084117,4.157532429849523,0.30989881982644796
59213.47115215723,5.49724313237549,0.1991334263952468
59215.96092284117,5.184741403130466,0.16363004912404885
59224.110969022775,4.586242350231445,0.42916490453778294
59234.48929453891,4.382570580637597,0.2003605226565204
59236.14914166153,4.580906983022437,0.20872177466653657
59241.50429753891,5.15470768109699,0.36845262917443933
59243.16414466153,5.079228229937968,0.3114109773056793
59246.93814795859,4.780507300981021,0.22136636355370296
59252.47755953891,5.383550020039113,0.20348858340465012
59253.953150958594,4.322216357336608,0.3224947710442411
59254.13740666153,4.92002016383077,0.20410474074942786
59263.11737640445,5.197300866076164,0.35878164734682444
59264.92641295859,4.91241391944694,0.2022568149810762
59266.33076205398,4.370556739048401,0.2844055614139241
59266.33076205398,4.966884900952746,0.22352882427893564
59266.334898053974,4.407497421644246,0.2227749327973878
59266.334898053974,4.8801873805747435,0.27988221252463696
59270.34690305398,3.851502454002711,0.2819554140988934
59270.35107405398,4.5801385709187015,0.2738510806722542
59298.67649132323,4.859203568711377,0.18566766097244547
59299.670757323234,4.921124989462332,0.18199681231638254
59311.67218574095,4.841555905541659,0.24594614755243635
59317.00910502278,3.620860982689641,0.48125267776165387
59317.01323502278,3.5770816886303143,0.4521730006857504
59318.31157423145,4.961076816356132,0.17244388648782505
59318.68718874095,5.256071884562619,0.41945069305692423
59321.631268476696,4.913679299079314,0.24274259210780627
59323.29111559932,4.794079502206561,0.1351662374156234
59325.32657723145,4.826204502901968,0.29135172202292553
59328.6462714767,5.254630726162034,0.37504656979099227
59329.66045074095,5.7080916902569045,0.236471496603386
59330.23417724585,4.9114491417276955,0.10688077170790862
59330.30611859932,5.2852081957136035,0.2205845252734214
59330.760427651134,4.929477066752949,0.17108169462813463
59334.91004545769,5.159383393432939,0.13581363037746022
59335.199389053974,4.340401079786488,0.32473875567673366
59336.22547424585,5.033193137453685,0.14220893733882461
59336.29983923145,4.838590735770208,0.16638839486335236
59336.569892580315,4.865740485030604,0.1811377482191055
59337.3729539766,4.8223680544576295,0.10080994055607405
59337.775430651134,4.631078762168994,0.23909164154789456
59337.94914502277,4.089331384813535,0.5084150134918932
59338.22973970294,4.707426452106867,0.1850669010820694
59339.619533476696,5.749380894809243,0.23644240269432118
59341.27938059932,5.294734398820421,0.12521664750405823
59341.54943394819,4.659975821640936,0.1826379073652736
59341.92504845769,5.115006599312642,0.2253928333923807
59342.379357509504,4.8487209453429285,0.16561421371116444
59343.584895580316,4.56214955176843,0.3038814509016592
59344.3879569766,4.751849177121106,0.18919894249037428
59345.24474270294,5.429329847260194,0.35952688824412316
59348.56443694819,4.704328479110388,0.36068214663549697
59348.748692651134,5.368371239745185,0.161010751848426
59349.018746,4.927093769280755,0.16274739623258744
59349.018746,4.896147601994956,0.11903665684392012
59349.018746,5.347876254490721,0.14392955745280817
59349.394360509505,4.538194294634496,0.2626853496440038
59349.81275031286,4.4218174671719055,0.10282457203172582
59352.89831045769,5.420484065815137,0.13024073065072556
59353.998287367875,4.552733515431813,0.2522252696503257
59354.558157580315,5.172236594687631,0.18026619530064966
59355.3612189766,4.943372037160071,0.10826250372913834
59355.6581344905,4.468769654039609,0.18146945851128293
59356.015512404454,5.11422232888315,0.35363518929062004
59356.019642404455,4.817198178210778,0.3759365075341729
59356.033749,5.010702629860238,0.24083830330748776
59356.033749,5.077384626034641,0.3024772738632282
59356.033749,4.871327615163446,0.23062731763838737
59356.21800470294,5.252020241433061,0.18380040389759003
59356.48805805181,4.662349970932542,0.2862916143792737
59356.827753312864,4.454337286639771,0.16631564813565292
59358.14790517443,4.5719585033374806,0.16819298280257677
59359.53769894819,5.09241423196808,0.1918252435553741
59360.22035624585,4.675430107068722,0.10165250195280476
59360.367622509504,5.053214105565557,0.1728093434227013
59361.013290367875,5.029587404151254,0.4395172438154509
59361.04691005398,5.085622809296531,0.34565924428968614
59361.04691005398,6.698950579808917,0.31814220521319003
59362.047267053975,6.666910191843133,0.32379639132479865
59362.047267053975,4.613498268977194,0.3562137250313562
59362.05142505398,4.410136041829663,0.3000488096560418
59362.6731374905,3.8225613383652854,0.306137501147083
59363.22443824585,4.502897205150295,0.10665670300411845
59363.50306105181,5.108613730995636,0.5157638538434104
59363.538127323234,4.578547868699282,0.1276102914383978
59365.16290817443,4.920466485721198,0.24925897000922412
59365.56982567214,4.624350038057679,0.09636767315668314
59365.81853815723,4.987187793081609,0.23009525210318224
59367.007011,5.509581972425749,0.14461766689082955
59367.007011,4.9298017126456894,0.16762169428947024
59367.007011,5.175124253981124,0.12370281436824383
59367.27706434887,4.71124778912148,0.14635846933633473
59367.80101531286,4.3885233662881395,0.10452799114670924
59368.05778493939,4.462189662831188,0.0980959801703617
59368.30830884117,4.485949946659065,0.18793583891435847
59370.59675859412,4.6446307267805444,0.1502519066157804
59371.80983515723,4.204994301512717,0.3335729327586502
59371.986552367875,5.06611238286168,0.2520223531019342
59372.23907424585,4.954022195447827,0.3268415492619204
59372.25660571674,4.860619603170206,0.24953379628306172
59372.58482867214,4.739506377049942,0.17500733096850468
59373.6463994905,4.809578149292507,0.17305989823880885
59374.29206734887,4.871172265788915,0.2295191972034006
59374.29960584117,4.818707783074017,0.29326092800570025
59374.47632305181,5.196403323139195,0.2643442163433839
59375.07278793939,4.519230936686945,0.17014811556710785
59375.57629996199,4.901298767275079,0.23724261059408405
59376.13617017443,5.061890014804446,0.16932942187556715
59376.95555240445,4.805434845510883,0.3943167148777602
59377.61176159412,4.723824872505829,0.22857817129202113
59379.27160871674,4.9090727674970145,0.4799065684914312
59382.59130296199,4.167600294409772,0.4412269112918012
59383.55809067214,4.471313324396909,0.09833745263944553
59385.26532934887,4.501691578315877,0.13974090478457882
59386.04604993939,4.76691015211326,0.10507603078692149
59388.58502359412,4.68693992792145,0.15198766871386882
59390.16821324585,4.691861812013334,0.09657361133356103
59390.24487071674,5.281281166189314,0.2345573636729574
59393.14053524585,4.869622983686865,0.09186816855396757
59393.56456496199,5.195584418479295,0.23341286581813878
59395.80471715723,4.631941582327404,0.2304211660580026
59398.29448784117,4.377441956523753,0.18967196675652345
59398.80879915723,4.082776568455078,0.21640686600072664
59401.29856984117,3.959324501202354,0.20804598641943614
59403.12810824585,4.56414265085294,0.12854074640762456
59404.82494553891,4.468180664270622,0.23411065178107804
59406.48479266153,4.619116918888166,0.2318069442520803
59407.82343515723,4.240844836542958,0.6875154876935736
59410.31320584117,4.669690143288189,0.6407758510790559
59410.81624253891,4.558729791190166,0.2727998241921563
59412.47608966153,4.420106836254168,0.31268464183453687
59417.273798958595,4.308687473391386,0.24605657675373402
59423.09600205398,5.811243360286331,0.33887422095575576
59423.09600205398,4.2092239619971625,0.3643180584579955
59425.10175905398,4.503430112671209,0.4811712380979113
59425.75257415723,3.957299695849235,0.18870417984099508
59428.24234484117,4.578543431574529,0.17925519970353362
59428.72489615723,4.935041560310349,0.17990450306084504
59431.21466684117,4.1401711514278725,0.1689831099707242
59434.81112453891,4.320009365675003,0.23740334730542514
59436.47097166153,4.324581996589849,0.19630354551017495
59437.81520653891,5.36873289017955,0.22522037386534094
59438.71246915723,4.571647500685636,0.2980483116832297
59439.07025705398,4.458196623778338,0.2582078324301363
59439.47505366153,5.203410521501582,0.22703070226886435
59441.20223984117,3.8016262222057025,0.2514491824735605
59446.82984253891,3.738848605627741,0.677636738910631
59447.259977958594,4.498091848624501,0.2134181442358848
59448.48968966153,4.649366451448533,0.6543451517005837
59450.264059958594,2.899992432595094,0.2347261364496102
59452.92300524585,4.354264964969486,0.09425823472772933
59456.43626332324,4.407689184015637,0.150408193618157
59456.44039332324,4.107645607022705,0.13311656442249217
59459.278695958594,3.576436629856219,0.7006270773132096
59459.91482424585,4.6455542798967,0.13683128844786063
59462.751762171036,5.9770309961884305,0.1527510514375445
59464.75898153891,4.217935804420243,0.19361049683160886
59466.41882866153,4.819719082183235,0.18818393413870804
59467.73130353891,5.0460487287935365,0.17928727130069902
59469.39115066153,4.649366451448533,0.19885087456789013
59471.88092134547,5.525797917650221,0.17945268725323668
59472.739335171034,3.3273720491267467,0.3532878596082248
59477.20783495859,3.9789209272265884,0.19599970615641082
59477.37630332323,4.511641821878514,0.16731341769213096
59477.71887653891,3.722385128006006,0.30786703152645284
59479.37872366153,3.6097377797685297,0.27972857215034685
59480.180156958595,3.0978523602939747,0.20310237022765262
59481.86849434547,3.6526954962883647,0.41286828818790383
59482.00783674095,4.251364106840387,0.27792309450548186
59487.99913374095,4.29873736158564,0.33200756033964546
59488.50736615723,3.9964093704276795,0.21689573693295722
59488.64722523145,3.855949594889865,0.18565586821394733
59490.16772995859,3.4022522490614797,0.30626011030997413
59490.99713684117,4.503311225080715,0.17636165329992531
59491.9669194767,3.987180855919747,0.2718346432230166
59493.62676659932,4.193928706477052,0.1509373958924659
59494.63852223145,4.292220241471193,0.28391998230198157
59495.49918515723,4.343507732311375,0.2760491197328546
59497.9582164767,4.261424395094981,0.3611490931435988
59497.98895584117,4.708753019736902,0.26287869076781323
59501.096078651135,4.38987346596363,0.18973158866463188
59505.24569645769,4.120140796243709,0.15294513694482983
59506.90554358032,4.007260860351443,0.2020550182620497
59507.087375651136,3.8813530219018046,0.2341183364714953
59507.7086049766,4.2277657023701325,0.11988209147208798
59508.56539070294,4.38763591302579,0.2164127063979376
59511.88508494819,4.230705458275896,0.2157439981192564
59511.99401574095,4.059897202244991,0.27614659745253506
59512.715008509505,4.189798540181131,0.19325865944496387
59512.86307524585,4.228039595167694,0.08977686065192603
59512.89684058032,3.8416658058448023,0.25245982871275513
59513.6999019766,4.217348140945419,0.14424315818834124
59514.55668770294,4.348057876010805,0.25029150608276474
59514.99809774095,4.729044425521684,0.2666719465034845
59517.87638194819,3.70956173300985,0.2523349405315532
59518.63340423145,3.8876033011086975,0.18359149606924072
59518.706305509506,3.9247148139666157,0.24009011774286187
59519.354397,3.976244774701409,0.16010012924631092
59519.354397,4.36301428485413,0.13690704736260703
59519.354397,4.1282504766249595,0.19023302138667653
59520.148401312865,4.131461936208825,0.11536793096933093
59521.63748623145,3.7307110181109975,0.19171135983842005
59521.9530984767,4.192863510301173,0.2221743266696639
59523.61294559932,4.081731203218977,0.13474285061087593
59524.01273374095,3.70262390604121,0.8355457805693931
59524.333938367876,4.3538752980083855,0.2853006670380997
59524.9571804767,4.1965695040738105,0.28387912298409096
59525.345694,3.7090289429364347,0.20895589934582987
59525.345694,4.1426128017903245,0.19865917459940297
59525.345694,4.223028494397681,0.2717421166712171
59525.9937854905,4.271071219563903,0.2018294465393781
59526.139698312865,3.6475360512703565,0.14943631326899912
59526.61702759932,3.804412846109397,0.16289807312658125
59526.82370905181,4.713560566349619,0.31336007195687116
59527.51377353891,3.743787648914263,0.22011669580260296
59528.48355617443,4.262594533467876,0.18839634410018358
59529.17362066153,4.194031382381946,0.19773641810513976
59530.325235367876,3.874992243805033,0.3770189469109454
59530.65212223145,3.6453836361297904,0.6030719158736229
59531.082257651135,3.7955635093339177,0.15864843193713646
59531.9850824905,3.9568192304346086,0.25243434431935374
59532.81500605181,3.635699462809253,0.3957847445805462
59533.9718164767,4.707996644697891,0.7625082187203227
59534.086339651134,4.142451538412767,0.17369267979324424
59534.47485317443,3.7852901228119142,0.2482488019443438
59534.5055925389,4.6575106569205795,0.2780681370311117
59534.9542134793,5.258384479397833,0.17190186889390174
59535.23187545769,4.035515281874775,0.1407673190234466
59535.63166359932,4.555924424536121,0.43460655507325724
59535.90547667214,4.272820161133929,0.1092470005439757
59536.16543966153,4.11761151065049,0.29166917710838675
59536.891722580316,3.8925063927547354,0.196244665472343
59537.61271534887,4.092505503532303,0.16940965252495122
59537.6947839766,4.384830474619661,0.11339114935361269
59538.23595745769,4.806433077406408,0.16398773455150784
59538.39343593939,4.101178442770408,0.11595890540413835
59538.55156970294,4.053597280619316,0.22052882224749606
59538.65521034547,4.001663374913459,0.38259359143301136
59539.895804580316,4.467731318935695,0.1902890538628937
59539.96262695859,3.282183404047629,0.21494014367972228
59540.6988659766,4.3944466851655495,0.11339114935361269
59540.93240959412,3.7745799751137152,0.16706710194101212
59541.55565170294,4.055180402099916,0.22417000165287468
59541.87126394819,4.214865223465377,0.21669441220788752
59541.89677367214,4.010687968427858,0.13909673578275963
59541.94187274095,3.953307379068173,0.23410283386612338
59542.59225671674,4.633770697458332,0.2794866615032704
59542.701187509505,3.6924509776643717,0.1666240564776958
59543.100975651134,3.8627031278653075,0.5056607936428951
59544.38473293939,3.9780893781342996,0.1411771527929995
59544.87534594819,4.694824338224077,0.21210074411283725
59544.91419474095,4.255311878069157,0.2177195832667235
59544.9417864793,3.5308505276033895,0.3571088359994058
59545.705269509504,3.6280735012979903,0.1726831130768849
59545.91195096199,4.50421470366391,0.276144754897107
59546.92370659412,4.3560602779733415,0.22282845934210319
59546.95444595859,4.041492015473242,0.30964233129627955
59547.25059345769,4.39775376411253,0.41559383702889996
59548.44743615723,4.068110440488161,0.20499987758201366
59548.58126123145,4.052753072685228,0.17161813762994227
59548.583553716744,4.547876451606263,0.346219883280647
59548.910440580315,2.615681367216693,0.6198193838419597
59549.340576,3.7345722182803067,0.1373041671519111
59549.340576,3.530120489050872,0.1400302706373535
59549.340576,3.9671278464113335,0.19091000722791035
59549.7135019766,3.99377124575349,0.3140494094111719
59550.134580312864,4.030805352141623,0.10506998813784031
59550.16462002278,4.9904818172755965,0.4329995872291105
59550.16462002278,3.9052666156297953,0.5394120319134605
59550.16875602277,3.6256543360538016,0.42724756319211904
59550.16875602277,2.774354778579003,0.3607797298757684
59550.57028770294,4.747004489121853,0.6471800612690336
59550.93720684117,4.587224070785353,0.16666827284783756
59551.55358323145,3.5201450593509245,0.1634982738607631
59551.900955476696,3.757409242016176,0.22143312791513622
59551.90324796199,3.1940388592615765,0.3188766439760756
59552.344658,3.4009915952648173,0.14246672441286518
59552.344658,3.835182339907023,0.16801338778355693
59552.344658,3.3659644193957856,0.17940124792693707
59553.138662312864,3.9618943061263856,0.1053022725626108
59553.56080259932,3.8467515265841428,0.13082652266696201
59553.88998194819,3.258115040910085,0.6302829431105148
59554.18076102278,2.6417386688372453,0.4860460311258134
59554.18493202278,2.4803624389105288,0.4783766657431579
59554.320117367875,4.083996288648022,0.2544573516826295
59554.719905509504,3.580105969887744,0.47790808926102785
59554.8732774767,4.239188432459151,0.23236580954441913
59554.90176774095,2.9268868595876993,0.3631949530469368
59555.9799644905,4.366969713899135,0.20035408508806687
59556.53312459932,3.638233525246023,0.1311440627705226
59556.80988805181,4.062454424618222,0.31165305210963523
59557.324199367875,3.9521005321937075,0.28956191455431596
59558.46973517443,3.8572645974346385,0.16124807735652444
59558.9840464905,2.688008382306939,0.20094422966859132
59559.81397005181,3.981980631819958,0.3518899485087663
59561.030114651134,4.18721128410036,0.14845315653051785
59561.359294,3.9278626676197774,0.5478169427263301
59561.359294,3.993692880801267,0.402580186407086
59561.359294,3.2468487703987314,0.4536934894687722
59561.47381717443,3.814332454677225,0.17097094498099769
59561.54115623145,3.928890744002832,0.23850379511843645
59562.15329831286,4.159336067181281,0.32473362582911003
59564.002436651135,3.563061497012253,0.15442112262219698
59564.860850476696,2.554814262795059,0.3283510482557501
59565.17973245769,3.5907153222039137,0.12858950110206332
59565.89165567214,4.112207372539457,0.10091331811690404
59566.338835367875,3.461042485086879,0.850220337759344
59566.52069759932,3.7843019728838936,0.20121457895622558
59566.839579580315,3.991282390179748,0.1712601484766043
59567.59889434887,4.018609366037696,0.15077017903750542
59567.6426409766,4.167664386458324,0.0964826458104238
59567.9986824905,3.3711007342640444,0.6476836771256359
59568.15205445769,4.492699463160602,0.12817669371489776
59568.37961493939,4.277556065877025,0.10605173678708575
59568.49942670294,3.748054834863633,0.18126740952863102
59568.82860605181,3.1382251073290846,1.0832260230602502
59568.89573767214,3.8281045625256507,0.11417144925088167
59569.81190158032,4.190286973227203,0.1632709133907576
59570.48845317443,2.811740650283485,0.5098823307483521
59570.60297634887,4.21603337516508,0.1569465726191443
59570.6149629766,4.2237589479760125,0.0915944054495967
59570.91858859412,3.6259553454648916,0.14374279874794876
59571.38369693939,4.348107115119673,0.10312461878659293
59571.47174870294,3.3570238291555823,0.16986893486831536
59571.81912094819,3.6699611459835557,0.17677702048538174
59572.57843571674,3.9311998147196148,0.27992714481533226
59572.649044509504,4.057256677073873,0.139736992818795
59573.92267059412,4.526381933848269,0.16034102381091941
59573.990009651134,3.2957463491557926,0.2274043746183563
59574.79144294819,4.61879121113359,0.16537205142180872
59575.58251771674,4.752701191715043,0.3208920928370882
59575.621366509506,3.5397122592264854,0.14693212253033186
59575.89812996199,4.5767782888923465,0.28078076173114624
59577.91037367214,3.625065754302451,0.31054331153242465
59578.11113719344,5.948385094362763,0.17071373380122903
59578.13962745769,3.2150605998832793,0.20537167511485238
59578.90221196199,4.613060081506566,0.2709040515194978
59579.288433,3.6922715948704408,0.15205101994109457
59579.288433,3.969865693443018,0.11963233652787635
59579.288433,3.995741208778682,0.13269043663179206
59579.61761234887,5.104992879950958,0.4353254547630095
59579.799474580315,3.198169234384787,0.2499904287771298
59580.08243731286,4.104362086652271,0.09701746141246419
59580.39833293939,4.063651288917935,0.29263674574157633
59580.6025359766,3.9577104562064056,0.15041355995528696
59581.45932170294,3.100558149298479,0.2963603411682072
59582.260755,2.870410783612699,0.14501036719226384
59582.260755,3.3066756453050807,0.11307986000435771
59582.260755,4.064552152580821,0.13899810648032151
59582.93730659412,4.4363392750099315,0.4504302644539496
59583.054759312865,4.321935164520606,0.09314605433295645
59584.267974367875,4.42895442091315,0.24958735452123942
59584.59715371674,3.9400094809608524,0.9534261289579649
59584.713398824366,4.7207771260510905,0.13961041211884007
59584.77901594819,2.958734602991293,0.28781706650711375
59585.608939509504,3.48922012089991,0.2392065053221468
59585.9278214905,4.660566642710071,0.17851873560866044
59586.75774505181,3.706418856480453,0.2958021535281593
59587.240296367876,3.82426310670722,0.24228235877915416
59587.453843538904,4.050008332678541,0.2100739744533443
59587.91684796199,5.385056002131325,0.8278295681477512
59588.09871019344,3.231031653706495,0.35421501320554655
59588.41759217443,3.8181205849205258,0.14622182739142936
59588.9001434905,3.475851397307143,0.16701091628843276
59589.11369066153,4.227465076264458,0.18913918253535122
59589.17102740445,4.131738979010595,0.30805227507852373
59589.17102740445,3.4974992909412075,0.39211108999652977
59589.17516340445,2.8039528005098457,0.30560158076604516
59589.17516340445,3.322764786461504,0.36221261938429433
59589.689317358876,5.125910017831276,0.13604353830982793
59589.73006705181,4.077086023308814,0.276293355274035
59591.38991417443,3.7827647026497146,0.15304046182937164
59592.248328,4.124188561577557,0.2491307895740107
59592.248328,3.561085413761835,0.2074649955634502
59592.248328,3.7504570098524725,0.18495854186840965
59593.04233231286,4.036225322052934,0.13611867291549248
59593.18716840445,3.0129970253642453,0.37054498004672065
59593.19133940445,2.382188309332328,0.3357451208095284
59594.700971824364,3.44266692991242,0.3384065770426245
59595.83951267214,3.698553681159355,0.09803440964209746
59597.19937910362,5.252616574281545,0.1479006152994042
59597.227869367875,2.8015637028153115,0.3445522991683452
59597.54675134887,3.8178765746344334,0.12860133778912314
59598.32747193939,4.4756994382180775,0.08901440893806348
59598.81183467214,3.8614392922339373,0.0940948506765726
59598.8877164905,4.265169773758658,0.2578931816892054
59599.676890358875,3.7218709365567717,0.30016785824514597
59599.71764005181,3.4820676765580245,0.4191953024854953
59599.90269695859,3.253434525664031,0.20377881442491375
59600.51907334887,4.149857729647521,0.12948367972935726
59600.86644559412,3.7344404765954193,0.13267731537263497
59601.29979393939,4.209256645865526,0.08713805124543988
59601.37748717443,3.017562393502855,0.2242573104034357
59601.728502479295,3.9459695918053814,0.37499088799579927
59602.52629271674,4.061142391777873,0.2557005626519282
59603.83876759412,4.31049652289852,0.13940339350272765
59604.69666474095,3.5605041418054526,0.26292156383615206
59604.86612324585,3.681311957919691,0.12883950467934474
59605.498614716744,4.5214474528825495,0.24270630494610218
59605.84598696199,3.8672676777698527,0.22393928663553705
59607.18695210362,2.7175866606603805,0.32158119582207473
59608.79940767214,4.02887054826874,0.1378845637933674
59608.81830896199,3.3734321671874348,0.20982970061889678
59610.50664634887,3.710892614381046,0.21771787375276935
59611.28736693939,3.8332345642637584,0.13967606663890061
59611.33605323145,3.3467377991955685,0.17010426472382426
59611.688483740945,3.13809262032695,0.34029787992006466
59613.82634059412,3.290736290271563,0.1938629293302524
59614.655747476696,3.6944073478813264,0.2251391216877745
59615.48618771674,2.6582030428607473,0.38322048149384585
59616.31559459932,4.090198939313926,0.13103821606933574
59618.32787223144,3.9013657820734107,0.24758703255514533
59618.80588196199,2.3756828702964263,0.3682601950343174
59619.03324702277,3.235155815320242,0.5892629069007236
59621.64756647669,3.268218064027926,0.3487340140052606
59623.307413599316,3.6541105304240533,0.20132042565741246
59623.78490665113,3.7222072594570292,0.15976742557932633
59627.93452445769,4.165549608831919,0.1391160894747845
59629.45419205398,5.032850405588182,0.4129440590178314
59629.594371580315,3.8068036891065615,0.1811377482191055
59630.3974329766,3.835103771746316,0.10080994055607405
59630.42518005398,4.230898342091663,0.26084645261555395
59630.77672565113,4.026822195386484,0.2298910271565558
59631.25421870294,3.99027242139534,0.20533085603374185
59634.57391294819,3.5036386804731166,0.20037897035305388
59634.926343457686,3.4637770506505126,0.19257464611272096
59635.403836509504,3.2847269606772835,0.16548798336534798
59636.58619058031,4.084248034815056,0.2494093934981591
59637.389251976594,4.219752193581892,0.137191270454689
59638.246037702935,3.9269475621713648,0.2672309059251783
59640.45048415723,3.3999868331064,0.26806422783975553
59641.56573194818,3.8552918932666174,0.25867103445576045
59642.043225,3.7261208869321276,0.17439155270180748
59642.043225,3.6539801878947227,0.13578692910288834
59642.043225,3.548918716780614,0.12271001489498354
59642.3956555095,4.175913202141324,0.2138342058130431
59642.83722931286,3.361051927386783,0.09732717397882482
59642.94025484117,4.022982522081738,0.22511791020072502
59644.88076802278,7.396106092301977,0.5394120319134605
59644.88076802278,3.5154072086781234,0.5867064517731716
59644.88542619343,4.176244399534774,0.37414227177035925
59645.88112502277,3.8490246028236523,0.6272901769230588
59645.88112502277,7.576975292576277,0.5566681040244362
59645.88528302278,3.3811933144816466,0.5569876609153799
59647.022766367874,4.015004662194996,0.28712691597362094
59648.6826134905,2.718990972784475,0.1916494525253305
59649.035044,3.6958530388231505,0.17105934924276428
59649.035044,3.137143205058786,0.220832781410441
59649.035044,3.580581847839108,0.20540066724938602
59649.51253705181,2.9943477202049174,0.29531443357180615
59649.82904831286,4.157013222933576,0.13836408902160696
59651.17238417443,3.7044766776214875,0.16074299332408423
59651.48768782436,3.5059116737390745,0.30499069746854107
59654.01458536787,4.010946331227171,0.3695110346204689
59655.674432490494,3.974523567850343,0.2592210069953855
59656.46360635887,3.2771132151592566,0.2985981251108018
59656.5043560518,4.152682616543546,0.4440690202595035
59658.03965440445,3.249489026518402,0.480336085245749
59658.16420317443,3.959544114003773,0.2243835814115457
59658.59430467214,3.440967133413505,0.09121594220176611
59660.30154334887,3.35023534631035,0.14944666612715413
59661.08226393939,3.8655079165768838,0.09659489401626283
59663.62123759412,4.604491228262249,0.14135612586307714
59663.973668103616,4.183225424279396,0.325114005871189
59664.63673474095,4.381640557389831,0.2510782501498389
59665.28108471674,3.854115235108784,0.2638495039250732
59665.58612367213,3.7849209354035516,0.13909673578275963
59667.293362348864,3.8686112361978955,0.1957696179894456
59668.07408293938,4.2647968335671855,0.12699188863676508
59668.60077896199,4.351024912626098,0.26465552056927133
59670.61305659411,3.2874817363376465,0.20210779929617245
59671.276123231444,3.3825202497038154,0.16019527842923253
59672.27290371674,4.243942966283557,0.3852026563981244
59674.59581747669,4.022387796759812,0.2168006356993384
59675.592597961986,4.2139603627501625,0.3311721403620052
59676.132744053975,3.4280039142432095,0.2968447708594634
59676.13688705397,4.213558838016063,0.2599040882636191
59676.25566459932,4.0552695279222615,0.12511080080287146
59679.4568915389,4.39244866721064,0.2690132243391572
59681.11673866153,3.6575001996006904,0.25791706709366075
59683.72497665113,3.703557365420532,0.15181013745708738
59683.88717540445,2.554472119499554,0.461465739039666
59683.88717540445,5.787673125952189,0.43352782387741323
59684.88753240445,6.263107822572982,0.40215893667769087
59684.88753240445,3.45093609900412,0.4433306011273265
59684.89169040445,2.1346681837720194,0.4139222693775867
59686.23828924585,4.282562979756634,0.11240779973473267
59687.87459445769,4.283199714174096,0.1341624008287981
59689.53444158031,4.153972268291536,0.1716959249358323
59689.591778323236,4.4979244400584895,0.127513690157975
59689.591778323236,4.2767944490428675,0.1610343344646549
59689.59591432323,4.37996461653432,0.14055486301504072
59689.59591432323,4.080210843382655,0.11978558772415841
59690.337502976596,3.923252368416968,0.09680318616195338
59691.194288702936,4.167582027222474,0.19535719070596563
59691.90574495859,2.828965791882676,0.26804101316472057
59693.607919323236,4.362769588619078,0.15958531525831418
59693.61209032324,4.065237644917136,0.14432231295152637
59694.513982948185,3.874300175039238,0.1929340599921102
59695.3439065095,3.333956795545694,0.15879777503707687
59701.983295,3.6949795382353763,0.16531994242927545
59701.983295,3.8815065403228433,0.11784529747600765
59701.983295,3.91775547246959,0.1307407932240648
59702.77729931286,3.5755278795915117,0.09330091061613675
59706.92986002278,4.449152444016472,0.5640179125161481
59706.92986002278,6.849024695005861,0.524392858039093
59706.96283636787,3.7999131209002694,0.23781819471454685
59708.622683490496,2.8370198888893743,0.1813219223661518
59708.93561702278,3.21821930010021,0.7643800831380319
59709.452607051804,3.1991901018732225,0.2811705548375661
59711.11245417443,3.4393075605903984,0.15278791981315157
59714.06141405398,4.005107843368084,0.29665629798907633
59716.22984424585,4.246711987150206,0.1327233622117076
59718.534374672134,3.7834057204168126,0.08818551222828551
59720.241613348866,3.4980276212995642,0.14249822334781043
59721.022333939385,3.9563236288998667,0.09366777601577
59721.05828405398,3.3955865805366523,0.461947005318441
59721.82265015723,4.048555603198939,0.2388949288833323
59722.90411502278,3.355628763206127,0.502982546345845
59723.561307594115,4.037113992449591,0.13658278009333397
59724.31242084117,4.225530770334317,0.19936534720861127
59725.22115471674,4.321027545894388,0.24975403793909268
59728.54084896199,4.115193260633678,0.24772401734930272
59734.07864105398,3.3526147660884256,0.40728987290622254
59745.93626740445,4.823569983423222,0.44186018453983944
59745.93626740445,3.121807852838283,0.47004316913334004
59746.15157224585,4.560408172456437,0.09418354515979926
59747.94202440445,3.4722571395226804,0.6107130226695948
59749.155200053974,3.844905903539167,0.37562643068121315
59749.163480053976,4.035828921241158,0.39485066346068315
59751.81420515723,3.97033625404205,0.262360733630399
59754.30397584117,4.047577666512407,0.24580676698652432
59756.639782740946,4.740887739207997,0.3227302979520335
59758.46040532323,4.394358207317303,0.17175707659157544
59760.829057538904,4.229460238755458,0.23954359939625075
59761.910522404454,4.321324691023917,0.36539852199051615
59762.48890466153,4.160597688499437,0.22575703774000677
59763.27917123144,3.719701033339229,0.2283195592045505
59766.59886547669,5.03041810291742,0.2844350220499867
59768.258712599316,4.759150090814897,0.15802912487198567
59773.27791095859,4.110827545692507,0.2249176955893239
59775.72802465113,4.144938190950966,0.19109924756064167
59776.097595245854,4.690368020654733,0.09403416602393917
59779.877642457686,4.73419178465244,0.16213010130926292
59781.53748958031,4.223696501768016,0.24171067605179775
59781.73593315723,4.130034091904032,0.18854122286358488
59782.340550976594,3.8783767192028176,0.13254343535750912
59783.197336702935,4.158083298338878,0.24760019956574578
59784.22570384117,5.035723763344639,0.1840295512694873
59784.307926323236,5.506238944982677,0.15456204867633347
59784.307926323236,4.560454448876109,0.16721681641170827
59785.30828332323,5.974755155032813,0.16596099976621292
59785.30828332323,4.8474182124998055,0.18750308530047702
59785.312441323236,4.616000185119166,0.17252988683495724
59785.84107117103,3.888956797058894,0.3114242693078282
59786.517030948184,3.8236114236455814,0.2629478978546003
59787.3469545095,3.8464519995604247,0.2068915367931391
59790.820612538904,3.4359206173878096,0.26176929418559364
59792.48045966153,3.679789328855697,0.2950125464966379
59793.986343,4.23657951208617,0.17638538594615055
59793.986343,4.099922424440129,0.15457887798664188
59793.986343,3.69768748160031,0.21798944087725938
59794.78034731286,3.3331777964143274,0.1357315322075416
59794.97023034547,4.4777387589980275,0.3639896747248522
59798.96588436787,5.737766158036721,0.9845510927943527
59800.625731490494,1.9252465119790276,0.24107406114425717
59801.4556550518,2.292030983056444,0.3748127864573626
59802.05774205398,4.0661730533734595,0.21674380094500487
59802.066013053976,4.0639113789288155,0.2093933589999134
59803.11550217443,3.8269595554882283,0.21264037765731175
59806.235490245854,4.638832218782995,0.101951260224525
59810.53742267213,3.731888410867642,0.1232627391713234
59811.681956157234,4.322323325248051,0.18674869611207284
59812.244661348865,3.971183486750112,0.17635809530429494
59813.025381939384,3.93680950889658,0.12871813771397875
59814.171726841174,4.737688483772985,0.17809778114209032
59815.56435559411,4.65005498333707,0.18420775265963546
59817.22420271674,4.171263219793345,0.3171479846845621
59820.543896961986,4.554606082294768,0.31645785780179436
59820.742340538905,4.94562151530095,0.19904344444678154
59822.40218766153,4.88021814730397,0.24056338788797602
59833.11474124585,4.755347944753881,0.10262346633589547
59833.19119395859,5.06292275333754,0.20496259177012072
59838.01194874095,4.689566713233973,0.28167347717281455
59841.819851157234,4.679199105776358,0.20988858690431922
59844.309621841174,4.627733720435869,0.2021142162920391
59844.651337231444,4.549578635511283,0.20382234308736547
59845.70882217104,4.32801396362403,0.23453821200002667
59846.35701832324,5.412342500411805,0.16721681641170827
59846.35701832324,4.6545054554956575,0.17716674829524712
59847.97103147669,4.591257840859786,0.24904278152129128
59848.362775323236,4.269549353011164,0.23667313703563558
59849.63087859932,4.359049560328557,0.13633055112867887
59850.68836353891,4.652571613634059,0.19838490534191214
59852.348210661534,4.773548743012148,0.20505998914607101
59854.837981345474,3.938109622183724,0.2502862334774698
59857.10019065113,4.658431940089191,0.17667666283908381
59858.0435224793,3.9246814346668195,0.3445488232876532
59861.24980845769,4.193414107465592,0.13777446546649652
59862.33127332324,4.279982291296816,0.1415208758192678
59862.90965558031,4.688524724944551,0.21919555899168439
59863.137216958596,4.856607273172896,0.194308595663258
59863.712716976595,4.63004384353984,0.122206009020678
59864.569502702936,4.713758938029265,0.21720426713823732
59867.889196948185,4.468308980433667,0.22540654135367247
59868.00350374095,4.914589673273923,0.32213813226771787
59868.69910215723,4.586313628652552,0.22341401602936464
59868.7191205095,4.550817329216139,0.18341269247128197
59871.18887284117,4.578543431574529,0.1838848739493069
59874.642892231444,4.57159860505482,0.24180679054996698
59875.358509,4.421222211288577,0.15631552733719326
59875.358509,4.569645245109347,0.19998161750044227
59875.358509,4.589372564757498,0.1432609639914734
59876.15251331286,4.6602961432695835,0.12225903557085473
59877.96258647669,4.720967622902125,0.3424338245917755
59880.33805036787,4.690716768337864,0.29219982968340225
59880.82625853891,4.573546921049729,0.21616546117338642
59881.997897490495,4.495326160163212,0.21082915139237668
59882.486105661534,4.611156515582805,0.221140003822898
59882.827821051804,4.981806542343827,0.3240899109966395
59884.48766817443,4.704543061853025,0.18751244704341327
59887.09174565113,4.311543911010342,0.22777737249908625
59891.90958867213,4.469040501916798,0.11205014826944525
59892.90121058031,4.101679093184177,0.24708525238227644
59893.275111958596,4.518385174542335,0.22390302929343217
59893.616827348866,4.803893692846063,0.15308632663062
59893.704271976596,4.36319400089141,0.13614951431221764
59894.397547939385,3.9773388350572496,0.11595890540413835
59894.56105770294,4.295814867151025,0.249183321046345
59896.936521594114,4.475393922216921,0.16988771535040584
59897.880751948185,4.835802428037687,0.2515429287910273
59897.92523174095,4.912615787659537,0.2344976109890005
59898.59636871674,4.933299349660419,0.2845522195919819
59898.7106755095,5.366265363190318,0.21964080172059916
59899.93938624585,4.770285858339892,0.10576042818895778
59901.200446193434,4.733568262069371,0.34824749192410537
59901.91606296199,5.262101038272029,0.28219172033281026
59904.564620231446,4.8950169077255214,0.17010426472382426
59905.350064,4.5943365621238,0.16698887140239668
59905.350064,4.705042413356092,0.21663546919479193
59905.350064,4.857024855368794,0.20792373518879775
59906.14406831286,4.643261952119749,0.13937065486227898
59907.70550953891,4.909401864533132,0.23114722580916566
59907.80270782436,4.582960221593007,0.28497892778010697
59907.884314476694,5.09341999705227,0.2407042955328552
59909.36535666153,4.813350759538946,0.19248255192360236
59909.54416159932,4.577093764773494,0.1457509075343096
59910.32960536787,3.9805088489684834,0.3650468705558614
59911.989452490496,5.233006885818834,0.24520507320792864
59912.77862635887,4.034073415498557,0.27418005413211477
59912.819376051804,4.633086773551356,0.40944090335843314
59913.28805002278,4.536071918353238,0.8129527305615188
59914.25903802278,4.280426405598043,0.47933533641598985
59914.47922317443,4.83712762036857,0.23069713181704785
59917.01347365113,4.944396981982147,0.15404812474146715
59917.9112734793,4.406858193855285,0.2371500705235994
59919.86934724585,4.408788349558426,0.26694051578201633
59920.28868810362,4.296848233967124,0.30238944393364325
59921.16309145769,4.725935636909129,0.14541140212905887
59921.901143672134,4.903149595617894,0.13841488903872648
59922.82293858031,5.050219186103791,0.17053385437789098
59923.6259999766,4.729411352514031,0.10217223705007505
59924.389102939385,4.213009361250775,0.1293936264833233
59924.48278570294,5.005053290459554,0.19709862433462497
59926.928076594115,3.8591983773955265,0.2098102436064399
59927.80247994819,5.306257401910075,0.18976601303000676
59927.87125474095,4.912615787659537,0.22383862867131865
59928.58792371674,5.505927655340878,0.36119631589075135
59928.6324035095,5.009033484529803,0.1878307545748572
59931.90761796199,4.1575220186836,0.31484533368560685
59934.51064323145,4.826204502901968,0.17271913610711928
59935.271792,4.771054868364148,0.12787257215593753
59935.271792,5.146437181840482,0.15800849534395134
59935.271792,5.002674686416655,0.17466511235109708
59935.52374715723,5.091480258624128,0.21673277995554704
59936.06579631286,4.633196293713029,0.09484947344793986
59937.8303374767,4.884031348898208,0.24237199273054244
59938.01351784117,4.561182153152879,0.1969058327655442
59939.49018459932,5.030117645853265,0.14172873288920884
59940.25133336787,5.086404037700804,0.2577040164568895
59941.9111804905,5.210876464049165,0.1760106211414312
59942.741104051805,4.437998791010114,0.3070197125242808
59944.40095117443,4.835864910287469,0.18624973696231284
59946.959496651136,5.014023253051738,0.1537994594876472
59951.10911445769,4.1799978673827125,0.13808407100687067
59951.822871672135,4.790266079105741,0.10311037984767747
59952.29445740445,4.904197826303758,0.6045862868883993
59952.76896158032,4.798921427948977,0.17445584251094298
59953.26544540445,4.833617830104383,0.36662386914675504
59953.53011034887,4.784040999190796,0.13963061204204966
59953.5720229766,4.592380352235106,0.10994534057466898
59954.31083093939,4.651326518247647,0.09276712432331068
59954.42880870294,4.724840788393461,0.19187432344864697
59955.45370815723,5.2723625035494335,0.20646649037870515
59956.849804594116,3.890659065423379,0.1494925106978667
59957.43629305398,4.798013209086029,0.4572351835587672
59957.74850294819,4.911835555128174,0.19974536096063314
59957.94347884117,5.510265373536399,0.16840440069000254
59958.00914974095,4.6283762591880215,0.2603555125374509
59958.50965171674,4.497220870719145,0.2779449699110538
59958.578426509506,5.009033484529803,0.1638469888697343
59959.966602022774,5.667942426076862,0.5119301392922768
59959.97074502277,5.789054487744636,0.517043049547381
59961.06819719344,4.80709664928713,0.24275024069862658
59961.82934596199,5.008128489972499,0.23784730713765434
59964.64853823145,4.95694807206672,0.19047273655159608
59965.217815,4.538739791621219,0.13541784815271646
59965.217815,4.922395251980825,0.15895328018294194
59965.217815,4.931155684328157,0.1647783537562886
59966.011819312866,4.784181169813831,0.09841116796108698
59967.67045882437,4.310158266878032,0.20974600116839925
59967.9682324767,5.078596021961717,0.26294025816868477
59969.62807959932,4.78772870013535,0.1577115847684251
59970.19735636788,4.932187460923453,0.26866151007001704
59971.38591605398,5.04038932040366,0.3024989569710721
59971.38591605398,5.355139013949885,0.22937148326093146
59971.8572034905,5.355461886277667,0.16715845243356386
59972.64637735888,4.8791130861538345,0.20624549237355325
59972.68712705181,5.22078932095685,0.2889740741392158
59974.346974174434,4.835864910287469,0.15960655425109374
59974.53015453891,4.955499601873991,0.22752526073238385
59976.19000166153,5.278238312571965,0.22129921188900506
59977.097391651136,5.145815837576317,0.17443867555470416
59980.15643910362,4.212824643609812,0.20203854226826298
59981.24700945769,4.602093420759469,0.15469956834028337
59981.76889467214,4.749355274463754,0.1083378715519315
59982.90685658032,4.673998842970283,0.1930489714380043
59983.47613334887,4.85683420926011,0.13632182976617171
59983.7099179766,4.8263748088517495,0.10778169320184379
59984.25685393939,4.751148747495222,0.10042266370921496
59984.56670370294,5.133286130388106,0.2099219083274801
59984.88840074095,4.819843163783418,0.2694353863636243
59986.79582759412,4.222623566682793,0.15730344013926464
59987.88639794819,5.011629034434438,0.2033886149670523
59988.455674716744,4.9663355980650605,0.26451022889316606
59988.716321509506,4.7363759375663,0.1648568316362658
59991.52778923145,5.29137635950919,0.18235287278241677
59991.77536896199,5.530183172588199,0.23099407964385751
59994.4601155389,5.411537931996063,0.21418984385877815
59994.8474834767,4.811764470331763,0.21902423196292137
59995.35571,5.066552852574902,0.17303758101934003
59995.35571,4.955653874818526,0.1614763481223536
59995.35571,4.761126873631544,0.1398854457823882
59996.11996266153,5.532971218343482,0.21763742636853964
59996.149714312865,4.949877392816763,0.10359885344762737
59997.895272022775,5.241333976666631,0.5100127979466131
59998.97300940445,3.79893469137604,0.42470532435249136
59998.97715240445,4.489442320859929,0.41588282482756933
60000.33525136788,4.9118958060843285,0.27515483961853715
60001.9950984905,5.495621224152236,0.19666568145978874
60002.24595705398,5.304251338945406,0.2227749327973878
60002.24595705398,5.311790253760884,0.3083416159530681
60002.82502205181,5.325649111572767,0.3355513299709375
60003.976642651134,5.227875371336905,0.1579024361756766
60004.484869174434,4.952034237748707,0.17097094498099769
60004.89214202278,5.289906624090118,0.7646996400289755
60006.90896895859,4.729773986186436,0.2908710048222835
60009.786107580316,4.65366260820631,0.19116060678134966
60010.5891689766,4.8039369842446735,0.11266993356267099
60011.44595470294,5.0636287852417325,0.21403802417703852
60011.90678967214,5.209980630432805,0.10932276129331263
60013.61402834887,4.936244983881181,0.1508804717800347
60014.39474893939,4.871235639823132,0.09869641463200125
60014.76564894819,5.657910614703576,0.2117839394166269
60015.595572509505,4.911836118251148,0.1634682978322849
60016.93372259412,4.412472546161215,0.16229375617126882
60017.91249902278,4.684729784020384,0.7455262265723362
60018.593569716744,5.080861259201153,0.2957845440495604
60021.91326396199,5.471729173376403,0.25941481719166204
60022.234961,5.057973916136399,0.13412720883747797
60022.234961,5.089835215232697,0.13796594232328943
60022.234961,5.192472219044375,0.18603570917102755
60023.028965312864,4.917357573348898,0.10777997309349574
60027.214502367875,5.313670571899006,0.2546602682310207
60028.8743494905,4.8346592939647985,0.19651814531465764
60029.70427305181,4.9915609414708895,0.30433725276433865
60030.24737705398,5.308020796353145,0.250857390485045
60031.36412017443,5.409135287107063,0.16074299332408423
60032.26386005398,4.876417923167004,0.2551922665039451
60032.98905802277,5.510400878841473,0.7007882618401772
60032.997338022775,4.725153730724799,0.7049425014224491
60036.90167940445,4.806415123235873,0.42421518548999565
60038.78604067214,4.937999540312921,0.10144364336226314
60041.27399993939,4.847968804434599,0.10687733417184013
60043.81297359412,4.358229980595953,0.1434173433545572
60043.898549404454,6.1817447713987015,0.6259073274069606
60045.47282071674,4.750498775154734,0.2724389285102801
60048.79251496199,5.066582489184296,0.2723150101211619
60051.71304574095,4.6145590598873225,0.25423646713285575
60052.715208323236,5.039654760540996,0.2306838576494276
60053.68619632324,5.13219878718595,0.1377534258827822
60056.918906404455,4.76156741731752,0.5452794845264239
60058.35243423145,5.621675902662247,0.19212423426736136
60060.23624105398,4.2819744899665295,1.6329289490326295
60060.240052053974,2.959548940710307,0.520185122268012
60060.24384305398,6.904386008530704,0.8383273274812022
60060.247643053975,4.534716609155444,0.8860109636891034
60060.25145005398,1.9588578895768496,0.5482675799556693
60061.6721284767,5.048948071780611,0.25886366501878266
60066.28130405398,4.859455364832177,0.22428271576048348
60070.801287651135,5.439240837083875,0.1684707094630249
60071.643006740946,5.942984078368782,0.2518678043955931
60071.99546540445,4.977228516815612,0.5518963591701157
60072.00374540445,3.907745518850077,0.5626794141450202
60076.610752580316,5.440965411211565,0.19726147721054169
60077.4138139766,5.029116581194252,0.12717438446938753
60078.27059970294,5.182362896286687,0.2194206372110765
60078.28239523144,5.321653817631554,0.16638839486335236
60081.59029394819,5.097166302411236,0.2301586117968279
60081.60208947669,5.8420307391251995,0.2505251790303466
60082.420217509505,5.6679558896916005,0.18517991731271205
60083.261936599316,5.945691611119626,0.19962687843842264
60085.89160002278,5.562808208956288,0.4023221256984876
60085.899871022775,5.834112009367739,0.41734129957285515
60089.059606,5.373684148633202,0.15457887798664188
60089.059606,5.340055132433328,0.1925347732468713
60089.059606,5.65523180347361,0.17489448216377088
60089.853610312864,4.829863773352024,0.11141909574823303
60090.73124865113,5.610819862219649,0.16958970310521485
60094.039147367876,5.08234570673298,0.2999106585222698
60094.880866457686,5.837419526852325,0.22260638352901346
60095.6989944905,5.870363032785292,0.18928887420323254
60096.52891805181,5.311017512882175,0.3187249914767553
60096.54071358031,5.500521527306058,0.17837783064399482
60097.343774976594,5.591664898128782,0.2763859181064383
60098.18876517443,5.681880664624755,0.17741076639460976
60098.200560702935,5.852023282580232,0.202322925220603
60099.39376032323,4.872437944129287,0.1476067564858984
60099.39790332323,4.82404070263751,0.1507945987398478
60100.16818724585,5.217676370240921,0.10351974115105614
60101.520254948184,5.238144392224847,0.21257595115715264
60102.3501785095,5.378888397771962,0.19010290079955308
60105.61068567214,5.214526275393027,0.12227784942994227
60108.09864493939,5.083639330628124,0.11618406832725317
60108.989567,5.218197681011256,0.1738499640288205
60108.989567,5.526784708376283,0.1582651707449204
60108.989567,5.971349431535953,0.12916321147117604
60109.78357131286,4.980848649452825,0.28207071981293463
60110.63761859412,5.215262516527118,0.1689113491702311
60112.29746571674,4.873834102532063,0.29380236914528185
60113.96910836787,6.074607628366199,0.4395172438154509
60115.61715996199,5.1451930398484365,0.2630429964530839
60115.628955490494,4.392050858571425,0.18073177778562732
60116.4588790518,4.691613168313729,0.2836091546193316
60118.11872617443,5.988719214332159,0.17905228950004043
60124.89800740445,5.269596348294274,0.33206907934081087
60124.90627840445,5.17745024214509,0.3158944968784542
60125.54064667213,5.066035206692476,0.2959214869103808
60127.09798505398,2.756493924341507,0.7821624121058878
60127.247885348865,5.764543480275963,0.20911503983548668
60128.028605939384,5.124919199865843,0.24227530527155894
60130.07893024585,4.987632501016352,0.11136214578371191
60130.56757959411,5.949706854280788,0.15871374684396153
60132.22742671674,5.814265973784202,0.25746249590017556
60135.54712096199,5.643059860721323,0.25336785175595894
60135.75254815723,5.648793121366963,0.20842197410762758
60137.322430323235,4.962373736202829,0.14905577569223905
60138.24231884117,5.171720444314229,0.18952728943634306
60144.31930032324,4.348665801677362,0.22353536289814724
60157.33965732324,4.515786016808648,0.2100111836389681
60160.06749324585,5.079500669570319,0.10546166991723756
60172.41621632323,4.707732761008569,0.210687392601927
60172.424496323234,4.912527475504711,0.20981798107812266
60174.758955538906,5.627209488840797,0.20859226146738793
60176.41880266153,5.405604765457723,0.19837325036956854
60180.060381053976,5.3494848278382765,0.33981658530769054
60184.01449424585,4.9809104399026465,0.10837456306650972
60187.20780895859,5.355484868652976,0.20699192436190408
60189.98356724585,4.847963008987149,0.10366912028691626
60195.65185415723,5.20717971258536,0.22879159628390075
60198.14162484117,5.083467279004175,0.20761195445889485
60199.69015717103,4.9988524716084335,0.26312798098566337
60204.669698538906,5.451050278288228,0.25008022507416144
60206.32954566153,5.540931621648842,0.22273208448397
60208.81931634547,4.7735525898855276,0.3236619298108923
60213.92403724585,4.920411889879302,0.10083091670557416
60217.11855195859,5.228651581666515,0.23574080274550185
60225.318758323236,4.555894868440157,0.11891617620035404
60225.327029323234,4.8643234365737795,0.12036519540669458
60225.56792815723,4.922005002117535,0.19277810427624956
60228.05769884117,5.184741403130466,0.18070197290533763
60229.67872017103,4.733376045313235,0.2796692044702103
60234.658261538905,5.345684021509121,0.2423423905919458
60236.31810866153,5.0044004388675845,0.20999543919539415
60238.80787934547,5.162963765702274,0.3049424608250428
60241.27015102278,5.355415786733637,0.8155091856890707
60243.91108224585,4.99958283188516,0.10710484041169878
60249.50839815723,5.16318132868461,0.21494025320403495
60249.90994324585,5.010039371395369,0.09761926528458181
60251.94184674095,4.798130422025178,0.2494991416583303
60251.99816884117,4.323911348057,0.19415696368211618
60253.62572117103,4.305550573706744,0.2593500472268471
60255.21977402278,4.74688359930899,0.45472945581330243
60255.21977402278,5.888756237719162,0.3633361850033203
60258.581235231446,5.497813573979851,0.18606874264288864
60258.605262538906,5.6453193142247065,0.22439719998425414
60260.26510966153,4.977335067629361,0.2369016023675106
60261.900929476695,4.854383398717102,0.22884511546041258
60262.75488034547,4.478894281774933,0.3122222543195399
60263.56077659932,5.134905880028259,0.13220252978239114
60264.574335538906,5.034524294458321,0.194598305488913
60266.23418266153,5.335553216370556,0.21954792316182603
60271.03008865113,5.328584799133991,0.15603744677202688
60271.05411595859,4.772051748515256,0.24030680107701446
60275.17970645769,5.133582931735092,0.1310663454250566
60276.839553580314,5.069102832670338,0.18738387746804033
60277.02318895859,5.3402648742146015,0.21121970059478595
60277.6426149766,4.848812633458825,0.10072980546819164
60278.49940070294,5.581309509397736,0.19424900566954606
60279.49544315723,5.208809282359462,0.2111922427236007
60280.276558404454,5.759490141358689,0.6138989252758169
60281.81909494819,5.09241423196808,0.18786518485274456
60281.85258974095,4.357953930017205,0.29549067647351324
60281.98521384117,5.152912392690775,0.19545905956374005
60282.6490185095,4.919409939000134,0.146679661838699
60285.49430415723,5.353840992254527,0.2607311638562972
60286.07981502278,4.807727231344726,0.35758416096632845
60286.07981502278,4.765865278631064,0.474222426160886
60287.98407484117,5.257080063220673,0.22121162255585386
60288.51480553891,4.5241564881845235,0.21600082639716908
60289.288407,5.098678694540075,0.12529129352546056
60289.288407,5.003821535480023,0.13624566872823593
60289.288407,4.7172281584983,0.1650491480927821
60290.08241131286,4.752435631761868,0.10328914088126674
60290.17465266153,4.964598422340786,0.19487067291521035
60291.811672476695,4.450430077499532,0.2516369771621381
60293.47151959932,4.652244922616166,0.15061985578890533
60294.226181404454,4.553527977131237,0.37103511890921603
60294.226181404454,5.80115194467082,0.29677908124112345
60294.26794836787,4.743475070919589,0.2585156826504543
60295.9277954905,4.822856402354309,0.19209206096072373
60296.757719051806,5.320771912009237,0.3143355118695773
60298.41756617443,5.425550518161368,0.15720740509700307
60300.94083165113,4.878500689719857,0.17841731961582355
60300.96365895859,5.467098161201061,0.1902499304796911
60301.8811714793,5.150879285848086,0.290157581798623
60305.09044945769,4.890026573307428,0.1524291277108729
60305.839486672136,4.789508471612372,0.09962538537817478
60306.33736705398,5.168550872266794,0.22145562270467908
60306.34566105398,4.735628688987944,0.20336222714753086
60306.750296580314,4.768417075803017,0.21614512377708836
60307.54672534887,4.737718047328504,0.1341159749155864
60307.5533579766,5.207817827172029,0.11868006515385189
60308.32744593939,4.678346069021426,0.09419315616970461
60308.41014370294,4.808746226865229,0.23081911187139198
60310.86641959412,4.984189187219094,0.1506858471403025
60311.72983794819,4.964108330002883,0.22635695544230353
60311.84115274095,4.993545097849344,0.2769361516982893
60312.52626671674,5.085266092321771,0.272659170166311
60312.5597615095,5.080984781645172,0.17710117518046015
60312.88206124585,4.61791913976258,0.10254877676796544
60314.08123502278,5.365002493461956,0.44258629395743065
60315.049532193436,4.558805138827166,0.2852688298288954
60315.84596096199,4.703764563042111,0.24228174845716996
60316.09771802278,4.692303282335756,0.49978697743640543
60318.480541231445,5.072552912170291,0.19198660945771412
60318.50185053891,5.047695076555709,0.22110450445990706
60319.19915,4.586368476413711,0.15597147261818256
60319.99315431286,4.97310583529381,0.11505821840297023
60320.16169766153,5.400828523474508,0.20155741169171265
60321.800235476694,4.6394357599040825,0.25126637778487426
60324.17869136787,4.8002917044691396,0.2832715015541872
60324.50071153891,5.314403414027824,0.22291548699829794
60325.086222404454,4.5683546777217305,0.3793674795716425
60325.086222404454,4.712063392205459,0.2889368594411929
60325.8281724793,4.869875611619047,0.29356368694079316
60325.8385384905,5.413000982878806,0.21864856708432628
60326.16055866153,5.380131474880572,0.20824415046821498
60326.668462051806,5.254929717901567,0.34725660892341204
60328.32830917443,4.77904295663795,0.18006245756492079
60328.354420053976,5.353254285246016,0.2022313899252091
60328.36270705398,5.417335061177582,0.23408330502060526
60328.437224053974,5.200591260232577,0.4587429665218629
60330.92939465113,5.19554888834031,0.16561105904409545
60330.950703958595,5.184682708844543,0.2107123674468401
60335.750229672136,5.293317454703522,0.11061069403204196
60335.78815374095,4.991571212234959,0.26548761513485303
60336.377025053975,5.172320329674533,0.2757358093761239
60336.38531805397,5.223208004679012,0.21014725048146143
60336.73885958031,5.257939298335804,0.19653518311182835
60337.45746834887,5.136977775284444,0.16113769683525625
60337.5419209766,4.844004528185881,0.12244641428432523
60338.23818893939,4.90125736290511,0.1098795064800378
60338.39870670294,4.5364493322021335,0.23651834920155
60340.77716259412,4.29205405060633,0.16196830077787733
60341.718400948186,4.721752737401957,0.229366600056302
60341.75722674095,5.848237568878276,0.2339054453046848
60342.43700971674,4.862822019730515,0.3065763851950767
60342.5483245095,5.359953845899496,0.17419787722668198
60344.07009902278,1.8121689799466392,2.9578185825776013
60344.077701022776,21.80013295160247,2.8127397540890287
60344.081501022774,4.8945476430453,1.5118236510560321
60344.085308022775,-0.0927096469705031,0.9449297265213877
60345.038095193435,4.58864274523437,0.28260475782825195
60345.747236476695,5.110096969029143,0.2690551478935379
60345.75670396199,5.344742899226637,0.29388252017516936
60347.40708359932,4.852295187859336,0.16861379499067192
60348.396615231446,5.127602836029133,0.18249049759206387
60348.46642215723,5.648793121366963,0.19554837289222288
60349.187713,4.7698643265527485,0.1619350877477013
60349.187713,4.8025283744937495,0.1915869930691441
60349.187713,4.868349216743665,0.15269255898744716
60349.98171731286,5.0474368512203585,0.10654112282805327
60350.115162022776,5.631512940509247,0.45249255757669443
60350.95619284117,5.694005570165525,0.18894858015562138
60351.64035682436,4.980363761160496,0.26430639211139434
60351.716309476695,5.16012788495976,0.25274877529392953
60353.087642404455,4.4926772373524,0.37348581322169433
60353.37615659932,5.038585381948213,0.13558962422037082
60354.16725436787,5.3542538815772565,0.28266275190901347
60354.87639565113,4.8225510076103655,0.18463395096132262
60355.104125404454,4.418857423271929,0.3707900494779684
60355.8271014905,5.464638633674699,0.19976394050754234
60356.61627535887,4.093374445018225,0.2447039541649854
60356.657025051805,4.520911183590141,0.3411601094689982
60358.244872053976,4.951807071321789,0.22842911890899664
60358.31687217443,5.377567535079552,0.166298917680926
60359.02601345769,4.993228420098811,0.29133881349207463
60360.68586058031,5.284085885889485,0.20583174757535902
60360.84546865113,5.301231621213795,0.16760038107465516
60361.4889219766,4.806341036881147,0.11483358093549603
60362.34570770294,5.191861625170284,0.207547226106581
60364.12633710362,4.3770525702172876,0.2449096696210278
60364.99508645769,5.178991744323302,0.13013752880393414
60365.25023305398,5.066775522257835,0.21222045205571802
60365.66540194819,5.1415189598806865,0.2108335253279958
60365.69769674095,4.675749513933274,0.2394323250249643
60365.738792672135,4.893300698204083,0.11500481749358883
60366.4953255095,5.676792013898751,0.18341269247128197
60366.654933580314,5.590581995546512,0.188400689206239
60367.4579949766,5.041938195255437,0.10665980197149011
60368.226751939386,4.817947081352622,0.10927907201839834
60368.31478070294,5.020884505265548,0.17984260019609138
60368.985096193435,4.777259042879923,0.28718696166935864
60370.765725594116,4.517703123357828,0.15827980631943941
60371.63447494819,5.618310027677281,0.18723157546032385
60372.33708523145,5.163385286537381,0.2835071078730404
60372.42557271674,5.508130071901188,0.3222135427732739
60372.4643985095,5.214788948210594,0.1627109157573864
60373.134714,5.126534385260506,0.16686653872018795
60373.92871831286,5.021885564495607,0.11505821840297023
60375.58735782436,4.632045694413695,0.24854240372475042
60375.656779476696,5.267601704366269,0.2292157148376766
60375.74526696199,5.10084862665328,0.2868277271668493
60377.31662659932,5.015299107687104,0.13633055112867887
60378.11425536787,4.648104293175701,0.291996913135011
60379.103787,5.331820367603555,0.15344840467877077
60379.103787,5.297238589192152,0.12618481305139487
60379.103787,5.326515415608652,0.1617996160548602
60379.7741024905,5.742006586521214,0.19946886821728008
60379.89779131286,4.865480718483494,0.1102576736243807
60380.56327635887,4.371566039382553,0.2301403189741255
60380.604026051806,5.259806917465099,0.3223828911494036
60380.69730932324,5.480832808231505,0.22788242051716912
60382.26387317443,4.851017431260674,0.18839634410018358
60383.07650640445,2.1505976968031266,2.424471883334793
60383.08410840445,5.134318022245472,1.1449643827898668
60383.08790840445,4.127572798679382,1.1111448012776663
60383.09171540445,2.457914763587908,0.803827734492886
60384.08332836787,4.942333288343017,0.28124233607027466
60384.78593865113,5.444214142160273,0.14820449127669802
60385.7431754905,4.933508511202651,0.17896134404405384
60386.573099051806,5.337842110481596,0.29238811383368757
60387.47282953891,4.92257264663052,0.19624465325108653
60388.07333810362,4.756113540351976,0.2591363911701635
60388.23294617443,5.641473942029541,0.17450653320807888
60388.93555645769,4.872482259352893,0.1397353005555328
60389.12156940445,5.141915174614154,0.3345197736532895
60389.13267666153,5.413565168763084,0.23196615231818749
60389.685793672135,5.03270047698419,0.11311079876016344
60390.595403580315,4.764059311210738,0.18418818343370166
60391.39303234887,5.356460332917681,0.28069502973697974
60391.3984649766,4.9858436337377485,0.11924101076902875
60392.17375293939,4.948541576759224,0.10980445217233295
60392.25525070294,4.792915012059236,0.20849709899494048
60393.22917105398,5.259017850052535,0.20901641325913967
60394.64693232324,4.813511163071436,0.12055839796754009
60394.64693232324,4.70415851363293,0.14992518721604334
60394.712726594116,4.614254890063997,0.17216590310414692
60395.57494494819,4.466724956952616,0.21320956054957352
60395.654866672136,4.982698382421759,0.10901971829596464
60395.68474174095,5.558076383563606,0.2583816269230653
60396.37257371674,4.953121098703204,0.2814688364075489
60396.404868509504,5.712136510727353,0.16321583714065213
60397.36210534887,5.510870172458653,0.13577036605352538
60398.14282593939,4.911014422906753,0.10282440155577309
60399.69226796199,5.427384760181247,0.26102734130784927
60399.92168295859,5.240489355118585,0.21240347793999306
60400.68179959412,5.298796067497625,0.16468042905614053
60401.68360274095,5.583736896550616,0.2637111180819062
60402.32413023145,5.486803589208082,0.18056375025700439
60402.34164671674,5.5411663203058295,0.2530576627795569
60403.044257,5.180436291238848,0.15344840467877077
60403.044257,5.309152182871276,0.19657429570555618
60403.044257,5.113941861461263,0.3064037917423838
60403.83826131286,4.987042900780038,0.10390856601398792
60405.6438244767,5.262042713707312,0.24830158276676367
60405.66134096199,5.540261448314371,0.22797059692600602
60407.30367159932,5.532889476490863,0.15294848321501628
60408.023798367874,4.455333572204011,0.2739373403281896
60408.32299123145,5.5748834673822305,0.2146947030494869
60409.6836454905,5.247760500331946,0.1783711994635293
60410.51356905181,4.6745429698413705,0.3018986529825731
60410.93184302278,0.5655775483741223,1.170217334636903
60411.6426854767,6.027330427757113,0.24793098338949984
60412.17341617443,4.994966380506123,0.1559446950159025
60414.772983651135,5.500163824269765,0.15802676880258656
60418.92260145769,5.411195899603913,0.15573158680819718
60419.59533667214,5.0584591317587755,0.11341384175751151
60420.58244858032,5.449680940396125,0.18259033641653233
60420.771844651135,5.40940100662548,0.17170335776268456
60421.30257534887,5.237344170986075,0.13731446444893508
60421.3855099766,5.201407020141437,0.12108411779032416
60422.08329593939,4.844966632126402,0.10657711694102034
60422.24229570294,5.7396216574576755,0.22132038298779577
60424.62226959412,4.4515271933682055,0.15231312410726042
60425.50697332324,5.2390398033334655,0.11698415059189987
60425.50697332324,5.22136176901611,0.15369263715252907
60425.56198994819,5.320513613239541,0.2117839394166269
60426.28211671674,4.946513849022275,0.2786056948791466
60426.391913509506,5.777776290551901,0.16258468541156995
60426.58130958032,5.532478467649446,0.18229981877704698
60427.3843709766,5.275131300993255,0.11483358093549603
60428.24115670294,5.85835576850263,0.21340477558479878
60429.60181096199,5.074645109765234,0.24671618977668552
60431.56085094819,5.8923460898992435,0.20829908775831293
60432.390774509506,5.180706754840156,0.17949955175097243
60433.031302,5.357051046997672,0.1540218292104553
60433.031302,5.075844306655086,0.14058040541367048
60433.031302,5.210073850916452,0.1765579073937554
60433.825306312865,4.8894834423764415,0.1077025449519056
60438.010843367876,5.674862028035434,0.2773869216508409
60439.030163,5.454100905967293,0.16351407324598535
60439.030163,5.522841309566433,0.2137921286616103
60439.030163,5.357051046997672,0.1514987612710435
60439.6706904905,5.457261826418142,0.19002655492888815
60439.824167312865,5.024208408743312,0.10584426955374186
60440.50061405181,5.411000103934562,0.32994255047287674
60442.16046117443,5.524041904487202,0.15569215299968242
60444.009704367876,6.265349183853976,0.260544848134367
60445.6695514905,5.185795319376874,0.1867807597360034
60446.49947505181,5.4963510962963555,0.2970214534190418
60448.15932217443,5.483635181891987,0.168824337843127
60449.58238167214,5.240284930167611,0.1168988362270142
60449.938250404455,3.7202674039454866,0.9599369621977544
60451.28962034887,5.2814612679977815,0.15121135000762248
60452.07034093939,5.185713189106847,0.10905390909528351
60453.50839332324,5.077232658625429,0.13108793753361528
60454.60931459412,5.210923111281897,0.1515537281893467
60455.52487632324,5.110173695249573,0.14045826173461803
60455.58124267214,5.3137728570245155,0.10538320232778793
60456.269161716744,5.53896390374552,0.305254935258891
60458.06920193939,5.11591268294125,0.10995456078774282
60459.58885596199,5.568480620347652,0.2662680446854588
60460.60817559412,5.48105108779691,0.1515537281893467
60462.268022716744,5.640275065519755,0.27309965347837295
60463.894239022775,5.759335696886844,0.5106519117285012
60464.65572074095,5.662692321126038,0.2315367825674222
60465.58771696199,5.568480620347652,0.2670743067435526
60471.29510923145,5.417991184384529,0.18675686669112418
60474.614803476696,5.9383865772137945,0.2683139491390103
60476.27465059932,5.982737956535027,0.14405736031531982
60483.49725732324,6.688638617356628,0.8762702147143879
60483.504859323235,5.525559201067219,0.44195085793389094
60483.50865932323,5.973789142228586,0.48889908021932726
60483.512466323235,4.007276876663511,0.27676266841105956
60483.74396265113,5.885594967690708,0.16958970310521485
60487.89358045769,5.7311216246572005,0.1391160894747845
60489.542320323235,5.372446171597226,0.12809329784051132
60489.553427580315,5.605107877520779,0.18869120684572432
60490.3564889766,5.209420528929678,0.10754128793819656
60491.21327470294,5.703209863403889,0.18601677397042918
60494.53296894819,5.409218928178442,0.19515169286558276
60495.3628925095,5.341019294027031,0.17205196134780268
60502.002281,5.853636691436444,0.16927492175326284
60502.002281,5.6040796105144794,0.1649137509245352
60502.002281,5.445165710707949,0.13353152915352162
60502.79628531286,4.97310583529381,0.10777997309349574
60502.90064640445,5.724200143259001,0.4122067833588519
60506.981822367874,6.328253313855264,0.28590941668327347
60508.6416694905,5.191696765182119,0.1826497476723319
60509.47159305181,6.0523518465388975,0.305800412633398
60511.13144017443,5.631372261380737,0.18107262562980111
60518.55336067214,5.200131733018994,0.11242895201613033
60520.26059934887,5.209770985353759,0.13698358622134718
60521.04131993939,5.1346762598674855,0.10124826109396934
60523.58029359412,5.495154154843879,0.17954289202102267
60525.24014071674,5.737181394173371,0.26539119551728985
60528.55983496199,5.969595994249289,0.2295831210421933
60550.35900132324,5.159923354667267,0.3787736205374396
60590.17122502278,6.842633557186981,0.3904985207335594
60590.17951902278,5.799280308254843,0.3403280888553528
60603.321397323234,4.7142050467968915,0.16576779720536763
60612.188278022775,7.478551770165527,0.363016628112376
60612.19656502278,6.782237304798566,0.4227737667189027
60612.27108202277,7.8444444102964,0.7717298916297436
60620.21088302277,7.417835960886169,0.4307626889925029
60620.21917602277,6.601048547633322,0.37771624509580004
60629.177632404455,5.696017158665501,0.2788890127600318
60629.185926404454,5.608037232847529,0.274232693566323
60634.42440505398,6.2013822019873395,0.19921582399901772
60642.078730022775,6.541930522808683,0.39305497586111166
60649.08409102278,6.710976118118056,0.38250959845995963
60651.19468540445,6.5424869741955085,0.29432838692864516
60651.202972404455,5.6198005655474255,0.332314148772059
60651.27748940445,7.5639363636364685,0.6014003842821776
60659.21729040445,6.804956335061936,0.3440774814719548
60659.22558340445,6.411129759046672,0.2957988035161319
60664.38083605398,6.2202294890260355,0.21259739779649192
60677.06302902278,7.290971875181404,0.35790371785727243
60681.08513740445,7.360528735700769,0.3122184554097366
60688.090498404454,6.196203867842324,0.27839887389753587
60705.304405,8.482173633170483,0.6398116339040293
60705.304405,6.095802737866356,0.7946446641381323
60705.304405,6.72645375272779,0.46760110132041244
60705.304405,8.161369171410186,0.9369436758129366
60705.304405,7.7057139427097106,0.6919579900535342
60705.304405,6.166612870879315,0.778001925490893
60705.304405,8.034737307560754,0.9391403363243931
60705.304405,8.043433366729932,0.6949268704902422
60705.304405,5.809566976313368,0.733481223138782
60705.304405,8.006400853578581,0.7336532470989051
60705.304405,6.865381326169538,0.6071265218330659
60705.304405,2.6179086264707507,0.21815897512883292
60705.304405,5.589234956239838,0.7367581003915332
60705.304405,5.878402860572486,0.5228501159554279
60705.304405,3.190304100300386,0.4978741437635421
60705.304405,6.650720730539437,0.6392068025020277
60705.304405,8.607002464464896,0.8050197469265564
60705.304405,6.989001255845907,1.0494311021836362
60705.304405,7.478485505642437,0.40986714239942906
60705.304405,2.8401572421721415,1.313583570112327
60705.304405,7.163215370471194,0.8275957087683815
60705.304405,4.712130560252944,0.8930461558032061
60705.304405,6.706893037643396,0.38517127814629204
60705.304405,6.574041047315383,0.43938106839774693
60705.304405,6.169842993701307,0.7498915798690959
60705.304405,7.490933888856847,0.5300893088326013
60705.304405,7.4049076359828225,0.5364082499470189
60705.304405,6.908600092457289,0.3837083188690615
60705.304405,5.895935134955414,1.0957364908666385
60705.3059,7.149638612321965,0.42492737693410576
60705.3059,8.038468647329504,0.6315948749069741
60705.3059,7.006025028590066,0.8724769545179115
60705.3059,6.675342755758771,0.39020620181994875
60705.3059,7.157037128971835,0.38724487856699885
60705.3059,6.972460298482617,0.6816014953157868
60705.3059,7.736769363307053,0.7268818281729115
60705.3059,7.880098899101942,0.5815661929374227
60705.3059,4.597125190008766,0.782787673261191
60705.3059,6.343218800943887,0.6598267325416675
60705.3059,5.71763229960623,0.7410300843890536
60705.3059,3.7675042572610664,1.393865145379058
60705.3059,7.1032643424978925,0.4629275044253057
60705.3059,5.741647982689636,0.753883159543196
60705.3059,5.3511928644960385,1.1160279073641688
60705.3059,5.994114891615798,0.5588602786072216
60705.3059,3.2781928855808937,0.5202723937519265
60705.3059,4.711794811133517,0.8882946772611112
60705.3059,5.738323317601874,1.0743328571507054
60705.3059,5.7762104013357956,0.5185710357225445
60705.3059,6.813760294272948,0.9807538054062394
60705.3059,6.439523742389747,0.7410086966807868
60705.3059,9.287131853202549,0.7267930056449975
60705.3059,7.577833775550716,0.512251963669123
60705.3059,7.891413258558664,0.6896016614011342
60705.3059,2.254454906474802,0.22260456060611028
60705.3059,8.150368959553825,0.7448002798549507
60705.3059,7.271148806116017,0.4732955409617851
60705.3059,7.462868707767488,0.7999708172378652
60716.069436404454,6.129544982542914,0.28305519309124466
60729.59838332324,5.171322305757148,0.11968898644373571
60729.60667732324,4.991257519049219,0.1125404916924553
60751.615436323234,5.254302805640254,0.11582493522682738
60751.62372332324,5.05230952827637,0.13640100795686425
60751.69824032323,4.769074574076989,0.24082699209381203
60759.63804132323,4.780956531568982,0.13640100795686425
60759.64633432323,5.123118266826216,0.1091594468776605
60781.505888323234,4.922284204827405,0.11852977107866322
60788.51124932324,4.750333925674984,0.12123460693049905
60791.278127,8.218667082589398,0.4282192615219239
60791.278127,5.718209410840895,0.31297516336621517
60791.278127,6.957121376110041,0.7277489106006148
60791.278127,2.3536673628579443,0.14431888464039594
60791.278127,6.680206830503564,0.5186624357746514
60791.278127,5.588418552469429,0.5301529769800863
60791.278127,5.758566445240143,0.2521152511509377
60791.278127,7.965696779311328,0.6322410018457773
60791.278127,7.131716631980909,0.5285836611423421
60791.278127,8.242363287076435,0.5084239783693638
60791.278127,6.537219684219027,0.4007199949445946
60791.278127,6.199638022533243,0.4635133759816924
60791.278127,5.3556474284846045,0.41701740332328907
60791.278127,6.541199276522056,0.46931109456726566
60791.278127,6.85881594731895,0.3875571326944355
60791.278127,5.616687671914213,0.23875554534926824
60791.278127,6.818246364643146,0.664724397896463
60791.278127,7.361272275788174,0.5995065124609814
60791.278127,8.213375928418527,0.30038851398264294
60791.278127,2.6648947166054713,0.32453116559256806
60791.278127,8.120747879609155,0.35997762459130733
60791.278127,6.05783603020151,0.524872939079808
60791.278127,3.6290659503050513,0.8198834891413326
60791.278127,5.91450874459829,0.2693684987025085
60791.278127,5.872163517332616,0.6225269999872493
60791.278127,5.174388725119415,0.32976220161199793
60791.278127,6.497143512167643,0.47204237132693855
60791.278127,6.371228493263053,0.5457198295888378
60791.278127,5.618507094757992,0.3358042547439026
60791.28397,5.213082043089422,0.28425410305389276
60791.28397,7.171762771594403,0.5461931567823447
60791.28397,5.814834465114479,0.40326635436562336
60791.28397,7.675094819690502,0.47587221080870756
60791.28397,5.584865744828428,0.5159983358770482
60791.28397,7.329584455772487,0.3392515637368662
60791.28397,5.433575035535974,0.3287443808346319
60791.28397,6.224089739688824,0.23673604803069523
60791.28397,5.849445171462663,0.21992834603003072
60791.28397,7.289068327633878,0.5499046772033912
60791.28397,5.440825441456506,0.4717807328247877
60791.28397,6.188763019694027,0.3967946637058478
60791.28397,6.550510327946193,0.3355602109541178
60791.28397,6.695540211654067,0.6710171889447704
60791.28397,6.804415941594015,0.43231146470511617
60791.28397,5.991637268639575,0.5116362753197806
60791.28397,5.7489721221469425,0.35097354838425765
60791.28397,7.0160634328179725,0.8331583952877998
60791.28397,6.063591215937034,0.49724804754929175
60791.28397,8.137329315511577,0.3864544335322727
60791.28397,6.237598715440857,0.7529760770570043
60791.28397,2.8665361264560456,0.14811389663319374
60791.28397,6.6835736081885875,0.6733637822727931
60791.28397,3.1735054128090976,0.33061764656767245
60791.28397,5.535134066254135,0.601806130233694
60791.28397,7.620529916988241,0.5755091109614711
60791.28397,5.1182226730622835,0.29453243488703157
60791.28397,5.99550846869502,0.34318663411033756
60791.28397,7.513084400096604,0.5311103342332426
60791.286605,6.859410490200955,0.7013147317256256
60791.286605,6.332368117848864,0.6128529082962807
60791.286605,7.68546718217206,0.5530731265668669
60791.286605,7.081108053977715,0.5218035066875285
60791.286605,6.1460589431263415,0.28756920188932156
60791.286605,3.286227040468031,0.31625355146642603
60791.286605,8.106388238506902,0.32599240558542536
60791.286605,5.822156858141819,0.22101124484033538
60791.286605,6.4699155643536574,0.5869411584539695
60791.286605,4.976624263230447,0.4167109981775703
60791.286605,6.345816293936139,0.36783691110150313
60791.286605,5.675039557921911,0.33283396013573685
60791.286605,5.791630674438101,0.2210946327135233
60791.286605,5.7252494285590565,0.549369084328076
60791.286605,8.230453664990353,0.5083708660192944
60791.286605,7.501885900928409,0.372547422775402
60791.286605,6.243296020758559,0.45995850616042344
60791.286605,6.2410216567295755,0.4809993726060212
60791.286605,7.266922660971983,0.4439940309409971
60791.286605,6.832630793814382,0.7266520772764244
60791.286605,7.819184047595347,0.5110878764596225
60791.286605,5.453520308536616,0.28997120086269995
60791.286605,6.852214154658649,0.4975387292994655
60791.286605,2.463701024866264,0.1373794341392799
60791.286605,5.937635343014493,0.8527546853135369
60791.286605,5.306375087623216,0.3355602109541178
60791.286605,5.671342902878358,0.4181661554104576
60791.286605,5.583774556063979,0.26555578109879285
60791.286605,6.470770156521297,0.39985564903656357
60816.49018732324,4.825006715441738,0.1171773531527453
60837.09946205398,4.893380481501831,0.21825158390810076
60844.11446505398,5.308020796353145,0.34867481021587776
60855.08772705398,5.275980408387362,0.20637779307372223
60868.9714,6.052379054390373,0.24975196265076993
60868.9714,5.260428332014077,0.549369084328076
60868.9714,5.438070412682962,0.45868850314104603
60868.9714,5.531786471324058,0.7485887437602411
60868.9714,5.578148097354056,0.3085948251805439
60868.9714,5.231912705298638,0.47980990422207753
60868.9714,5.51686136211877,0.29300734784554533
60868.9714,6.157216126121029,0.24693125009917063
60868.9714,6.418212991618883,0.36499050293993274
60868.9714,6.350034522234283,0.41608355687084003
60868.9714,6.529632258372331,0.5316687761261312
60868.9714,5.663569093637575,0.43792458723078126
60868.9714,5.225230541035335,0.47862373357405436
60868.9714,6.460045807077256,0.6459545314295675
60868.9714,7.017484119532888,0.4512241335914057
60868.9714,5.9414281733420555,0.9273470150889244
60868.9714,5.873681260701473,0.32107221294261096
60868.9714,6.850133266458677,0.5287097295701575
60868.9714,6.298358704820454,0.7267246857736559
60868.9714,6.950753270171029,0.5091850921094377
60868.9714,6.693791048430114,0.5914456953569163
60868.9714,5.965512959453018,0.3689942101546372
60868.9714,2.6381142003150115,0.34181677156186463
60868.9714,2.749649757077874,0.14431888464039594
60868.9714,5.847620227147181,0.3460706138344366
60868.9714,6.227931298327771,0.310447185683736
60868.9714,5.234564530621675,0.4728890665745719
60868.9714,5.718055906561124,0.39413053989207963
60868.9714,5.66642654633302,0.47716975976680104
60918.25826302278,5.531811190534721,0.38123137089618364
60937.982626,4.879674222218909,0.5448868270171526
60937.982626,4.295672534490777,0.7561356484303647
60937.982626,5.643502739833702,0.5767029944710208
60937.982626,4.975089023410821,0.4311173334629919
60937.982626,5.854248557858403,0.6142284135403975
60937.982626,6.146348438603204,0.27057851057028043
60937.982626,4.892642630007666,0.36851315414004576
60937.982626,5.988935061497376,0.4543867725371508
60937.982626,5.524863722115417,0.6725273596099589
60937.982626,6.097852834489632,0.5507751918953319
60937.982626,1.6723357451093417,0.37054496176435747
60937.982626,4.762931824328611,0.5879603642070862
60937.982626,6.060620906523103,0.2868480581977769
60937.982626,6.13687391430271,0.5693797087678619
60937.982626,4.302306688247118,0.6380378536011099
60937.982626,5.065713476372984,0.6219291250893141
60937.982626,6.184605919160249,0.37824220233271766
60937.982626,5.845166908313341,0.4455192810735173
60937.982626,4.894253696633156,0.7464905966454821
60937.982626,5.840542023086208,0.30673313121892154
60937.982626,6.093046276112372,0.7434952554453559
60937.982626,5.157191694910523,0.3677237310624775
60937.982626,4.257285080226914,0.9520004122180777
60937.982626,6.0441618377175805,0.5023824221856078
60937.982626,5.478181915631724,0.37997618069495376
60937.982626,5.883843096389059,0.5892005270400039
60937.982626,2.4710958768065154,0.18584715873301175
60937.982626,5.5523901725506475,0.5009724132502408
60937.982626,5.650244470336668,0.8078177432665458
60938.982674,6.208041263716696,0.5409431346623843
60938.982674,5.843065662383946,0.31743366440320253
60938.982674,4.7349397895654715,0.63974653896277
60938.982674,6.295589986209616,0.7968525781312908
60938.982674,5.27009720536357,1.123942053734224
60938.982674,5.095438154960664,0.44957086696730136
60938.982674,6.310268831863971,0.3372348720486465
60938.982674,5.135300390984062,0.4444037411981441
60938.982674,5.375950412478189,0.6770755499740806
60938.982674,5.530905525804863,0.5368282544742711
60938.982674,4.0705842473399505,0.5787993202628164
60938.982674,5.10341821656133,0.9339535755484911
60938.982674,6.089866840645492,0.3177298150600522
60938.982674,5.5011187974447635,0.6794085886176858
60938.982674,4.72042829070889,0.44204600257697085
60938.982674,5.526056868239073,0.7059694502243032
60938.982674,5.7340019748466995,0.6352505434375485
60938.982674,2.324033740639898,0.1846544406781325
60938.982674,4.320612615905727,0.6670222390605746
60938.982674,6.069403024877093,0.38831698015976174
60938.982674,4.507522922543812,0.784981348589372
60938.982674,5.902979819833108,0.899004174219299
60938.982674,4.03506101794533,0.7597748724755684
60938.982674,5.992984260215759,0.622228647981014
60938.982674,4.770109720194351,0.37262806529049297
60938.982674,2.2649155328455084,0.4189933503261888
60938.982674,5.9350403228173745,0.5112065779128576
60938.982674,5.179028692912917,0.5822573330938275
60938.982674,6.744491446611003,0.626777164950855
60939.007577,4.5061042815523855,0.8133541684179033
60939.007577,2.497097130402885,0.18519658524853214
60939.007577,2.8863033444908144,1.148595450863378
60939.007577,4.556004557727595,0.4495925716845963
60939.007577,4.8868359869959965,0.6513804326339506
60939.007577,6.042704010161954,0.45514166794867605
60939.007577,5.748478067148875,0.31872948936018874
60939.007577,6.590064977291838,0.9574470685297672
60939.007577,4.941787376806509,0.5491591604014849
60939.007577,6.683774208453784,0.7756302984663163
60939.007577,4.595201530784866,0.700964479927579
60939.007577,4.507303362266393,0.657801555509038
60939.007577,5.1524034105609235,0.48059419865570524
60939.007577,4.4324304304875906,1.003602491634609
60939.007577,4.664401698300119,0.6955734775043324
60939.007577,5.531314200620214,0.6728245462253254
60939.007577,5.320871263928567,0.8653215390560824
60939.007577,4.974185729515628,0.7211160976251099
60939.007577,5.9939209270571245,0.7230030494425291
60939.007577,3.2022336030115905,0.43579203781747694
60939.007577,5.375186667328939,0.5257732169609122
60939.007577,5.2545337303974,0.5735904327855967
60939.007577,6.44676412207699,0.34886366073997915
60939.007577,5.615837765713251,0.7589171589911259
60939.007577,5.633384161875371,0.3920402676175823
60939.007577,5.673521072797085,0.5381977143071134
60939.007577,5.390606050585718,0.3220992653497929
60939.007577,5.619381660411641,0.3945742580928781
60939.007577,5.49595973291633,0.5988097990847892
60948.214694022776,5.310677822001478,0.32530891498098513
60957.26467040445,4.62655866764309,0.2867312345599624
60987.22110140445,4.384532998731357,0.25658769451647917
61007.43511305398,5.468222736182062,0.2591501967820713
61013.42641005398,4.591823888882693,0.3254926471582815
61037.42129205398,5.09316172411201,0.2078855760368179
61040.42537405398,5.494608938036237,0.2453916772438229
61049.44001005398,5.006464203734008,0.7661422181229961
61057.68542132324,4.9607315144356425,0.11408611217921863
61062.301256,4.980567018295064,1.1223091159611434
61062.301256,3.527714877798523,1.680143814179541
61062.301256,5.459758734824773,1.275852174485281
61062.301256,5.922397579492649,0.9295164766135938
61062.301256,3.700839460475006,1.2519004371409899
61062.301256,5.479686888424994,1.996785066689405
61062.301256,5.027103896835811,0.6346945287713461
61062.301256,2.329346757429814,0.3565142694948324
61062.301256,6.0864623085258645,0.7316605081530272
61062.301256,3.6763244274589475,1.0651998702418852
61062.301256,6.3766733199495516,1.3394235601810014
61062.301256,3.2284508089931325,1.5743356475799104
61062.301256,4.698968930343739,1.08541811524434
61062.301256,3.9098230243056404,1.8427298675631303
61062.301256,6.014724655751898,0.5879751008636205
61062.301256,4.451423723966206,1.1986568881460182
61062.301256,4.521148012656754,0.8920661351136229
61062.301256,6.932559681073194,1.2855284226327357
61062.301256,6.327564550704643,1.0414710902982067
61062.301256,4.796437423687944,0.8756067926537442
61062.301256,4.2923228143924295,0.7781754197845636
61062.301256,5.965589009876683,0.7851756197815823
61062.301256,2.8000725047624577,1.240225466008467
61062.301256,4.071626035692751,2.303512285606026
61062.301256,5.728937383230401,1.3471713199307993
61062.301256,3.318607119255587,0.8910608147552881
61062.301256,5.666827765135385,0.8924681392430609
61062.301256,2.4340915179065696,1.3494253093206794
61062.301256,5.247713934776051,0.7706647846272073
61067.36914905398,5.673658164903849,0.1986504053878568
61070.34147105398,5.270326222275753,0.20317375427714368
61080.32904405398,5.315559711168623,0.29835255382255915
61087.641852323235,4.886734933631848,0.10548859822159748
61118.205828,7.195772495326924,0.36125499295205493
61118.205828,4.431847347396465,0.6770106717957323
61118.205828,5.377543095899733,0.7353923258567048
61118.205828,6.852118494499576,0.33289154194545584
61118.205828,5.733529250437931,0.5006523872473457
61118.205828,3.2605292701436035,1.1757774015442395
61118.205828,4.6971250405298,0.9112009521623533
61118.205828,6.1963542610305495,0.45027862342165315
61118.205828,5.893346765164967,0.5666824788302381
61118.205828,6.943937543646371,0.4325583958350417
61118.205828,4.1750036493000025,0.9553418253702123
61118.205828,6.201019225522779,0.6308881950350127
61118.205828,2.808511321694036,0.44382619270461476
61118.205828,6.703955437047394,0.3362688682246228
61118.205828,5.112434753011467,0.712690949378826
61118.205828,6.583092648330354,0.6952264368513246
61118.205828,5.043751311699087,0.42863657817157963
61118.205828,2.512190435242812,0.2173999727302734
61118.205828,6.030799119318403,0.6299673821265993
61118.205828,5.466891719845762,0.613159203866767
61118.205828,6.9241823877092905,0.6779308102846402
61118.205828,6.139282555677362,0.7932489486089335
61118.205828,5.76633036226966,0.8762472523711483
61118.205828,5.08145981437122,0.6365776742655151
61118.205828,6.332812211523445,0.8686202292769187
61118.205828,6.289861662648288,0.5238493212375842
61118.205828,4.211750845260423,0.6729409348523476
61118.205828,6.434101440218837,0.46734385743791645
61118.205828,4.692833144964116,0.7406273231878991
61118.214154,4.751427658069458,1.153652557966794
61118.214154,4.766027040005746,0.6503359881142359
61118.214154,6.097054263126049,0.4423529486730701
61118.214154,3.261341490249042,0.964116491963739
61118.214154,9.08184040557095,0.5849274231771924
61118.214154,5.219680700239953,0.8965811065815957
61118.214154,4.521439470548415,0.665019544924153
61118.214154,2.700244998108878,0.4445565704216274
61118.214154,6.184509862324666,0.5874502636007959
61118.214154,5.472418359898139,0.6671185565921092
61118.214154,6.0113517717326665,0.3723118740028302
61118.214154,5.460664615577643,0.6199280107126028
61118.214154,5.477701220741563,0.7648703661203685
61118.214154,6.487070762566396,0.30873274635882364
61118.214154,5.519753688824726,0.47877519286247205
61118.214154,5.3123123472865394,0.4987572711212485
61118.214154,5.295330885510301,0.7013663114780969
61118.214154,6.693163182516688,0.4286160914679378
61118.214154,4.439268105508341,0.7434189572719807
61118.214154,4.142578203385595,0.8939221834096929
61118.214154,5.095170712446109,0.4939663243834655
61118.214154,4.417305341830388,0.7996276999658265
61118.214154,6.898355476488659,0.32158086524461615
61118.214154,4.353792109786957,0.6918115160982745
61118.214154,4.248683445455981,0.6477514692706923
61118.214154,6.259471020839781,0.40088289835355895
61118.214154,2.555778858702947,0.21067738005731731
61118.214154,6.884118188582032,0.45611784310781545
61118.214154,6.133884552704952,0.5467579166017447
61120.93332002278,6.273822291306673,0.3384107475096888
61126.353704,5.558613725195227,0.8202880097918052
61126.353704,6.671296230421262,0.4249152862098394
61126.353704,0.07887960010935124,1.40175298831588
61126.353704,6.0438347455802655,0.6003198156152363
61126.353704,6.390179082507532,0.6893043534437887
61126.353704,3.9178411504408324,1.1883482704849946
61126.353704,2.593295262974605,0.2668435575507246
61126.353704,6.209613087125879,0.4750646134229659
61126.353704,7.557066306947741,0.8370354860919629
61126.353704,5.678874216703369,0.7001357579674615
61126.353704,4.85606465875123,0.8113913395067361
61126.353704,5.597319908460858,0.9601380054844295
61126.353704,6.555343648361045,0.6458372571685363
61126.353704,5.1330655421573566,0.5499848092072503
61126.353704,3.5693638429882544,1.0218593007371128
61126.353704,6.698746039023355,1.19325182559061
61126.353704,7.163213033079406,0.967944808144827
61126.353704,6.343450888113452,0.39287199995364613
61126.353704,6.684767596324614,0.9779978959900805
61126.353704,4.79921732019674,1.4912144571198176
61126.353704,7.706578358162273,1.2577927253774814
61126.353704,6.04341173715233,0.5837527451652725
61126.353704,5.104531200455542,0.7215599042699459
61126.353704,2.1889562502762043,0.595257839365213
61126.353704,3.5216880358665197,1.09188176822772
61126.353704,7.481624055937524,0.5514845775760181
61126.353704,5.377911726308319,1.0023867956773231
61126.353704,4.599266632555999,1.0251873570591712
61126.353704,5.028823192198172,1.016360358545701
61127.94832302278,6.1028593546516365,0.6902428844390255
61130.12394105398,5.226977462086752,0.1982734596470829
61137.115760053974,4.915997225948266,0.33887422095575576
61138.92158502278,6.511572618169004,0.3233915736353212
61140.219464,7.130652437633623,0.406293223223131
61140.219464,2.9405149210820998,0.307975937340284
61140.219464,4.281034383315312,0.5390844836854286
61140.219464,4.834404860884101,0.5055088947770284
61140.219464,5.664598025537927,0.507616857401142
61140.219464,5.236694923420054,0.285529112606028
61140.219464,3.6748476534689845,0.7118448273998482
61140.219464,6.557099510270382,0.3309233789482063
61140.219464,3.5374058840556346,0.8097692749345002
61140.219464,6.377563297569552,0.25507080768857493
61140.219464,4.492993434690964,0.4942600467824497
61140.219464,5.457791693690113,0.41965369659438073
61140.219464,6.060058649268587,0.3164985346955652
61140.219464,5.218729154170615,0.3460706138344366
61140.219464,5.299020175942604,0.38911097900380504
61140.219464,6.423424832124372,0.22775912804776682
61140.219464,4.836630770244294,0.6753965785966355
61140.219464,4.628631572546331,0.5359996315018215
61140.219464,4.149162712927655,0.4678379453475087
61140.219464,5.2143724847433495,0.49829314738786507
61140.219464,5.9829430899464136,0.4570352016143731
61140.219464,5.398697873542246,0.37468421026571574
61140.219464,6.079332502066972,0.36499050293993274
61140.219464,2.160338609053417,0.1279461186143255
61140.219464,4.763146531827111,0.6126170188007664
61140.219464,6.678051015776122,0.2809986946108146
61140.219464,6.220295479526164,0.5783326441715674
61140.219464,6.787763454050962,0.23224324711916394
61140.219464,4.791854146451419,0.482165554336814
61153.182058,2.0944940655425857,0.8104758066449055
61153.182058,4.492427917768003,2.192255929330872
61153.182058,7.351226418819429,1.3859368865136872
61153.182058,8.68052193653391,1.3399755034890406
61153.182058,6.554664030262143,0.651784074355185
61153.182058,7.010498032157704,0.9630472306487382
61153.182058,6.606651066884613,1.3534260505886901
61153.182058,5.7491269300334915,1.1219804749315796
61153.182058,5.592469689635152,1.3087350760570675
61153.182058,6.083068852992362,0.843659381286098
61153.182058,7.0828034806204005,0.9922117289998144
61153.182058,7.07021410431269,0.5816438302960893
61153.182058,7.404968137688276,0.7527611172076147
61153.182058,4.960546398678791,0.8305799696635066
61153.182058,4.989186874204918,1.1064289811905927
61153.182058,5.933750430923993,1.4069538209347872
61153.182058,6.2489081966209135,1.4418658662733324
61153.182058,6.7125763893804375,0.8115519213381907
61153.182058,2.0182967316087,0.3716943174660235
61153.182058,6.397625603454486,1.565233893873988
61153.182058,5.675795228446929,0.5814721179732043
61153.182058,3.23086905214228,1.8320576868629581
61153.182058,7.5934172376619795,1.2201641420845808
61153.182058,7.640229727938896,1.0347638496958145
61153.182058,3.2405628840477814,1.4248113694284197
61153.182058,7.921354485785674,1.557688472334287
61153.182058,6.245139172896612,1.6252369145832095
61153.182058,5.379281075587885,1.1356289902426435
61153.182058,4.759177077764038,1.8980700675122302
61153.18767,6.452401654884502,1.417928310557193
61153.18767,4.832180841531932,1.0114194659781268
61153.18767,6.665180492375925,1.2067072265567729
61153.18767,5.743986568090923,1.4376453967339478
61153.18767,2.7092773358759326,0.8747490457420082
61153.18767,7.68676226240853,2.1941523444946527
61153.18767,6.987176078176474,1.4446427910585795
61153.18767,4.098736234469955,1.482826091345951
61153.18767,5.550980708880341,1.0157330580578277
61153.18767,7.248206880311316,1.350767401027856
61153.18767,5.002376197917619,0.9331499300988984
61153.18767,3.1658404124448527,1.0184210954262247
61153.18767,6.799135756592341,0.5764788464120507
61153.18767,5.868930481408748,1.849844654696579
61153.18767,5.156554776779334,1.1981383492356954
61153.18767,4.024402479743834,1.7455080498918891
61153.18767,4.0724730185063285,1.7137183176433035
61153.18767,6.01972995377651,1.1630606036270827
61153.18767,6.759406965581672,0.6982992291205157
61153.18767,8.98749363860878,1.4461161061404062
61153.18767,7.424022608795946,0.7961264652457607
61153.18767,5.3501300197508375,1.4745101537768084
61153.18767,7.04225605282166,0.8125139405876759
61153.18767,5.233645517840516,1.554260272120071
61153.18767,4.730332245740028,0.8444712105417681
61153.18767,3.333322601570174,0.3803686305924185
61153.18767,7.012729265798628,0.8565937021446933
61153.18767,7.361805170516633,0.6219073261769874
61153.18767,4.379179172598126,2.0620466494787593
61159.93972740445,5.087999899739631,0.27864394332878395
61163.191333,5.514788484099446,0.3267746345218645
61163.191333,4.771403231127952,0.7927015384604711
61163.191333,6.184824936069532,0.31297516336621517
61163.191333,6.1804457974574545,0.26689023226009334
61163.191333,5.313669923521129,0.3989394997258795
61163.191333,5.589729053517851,0.5540580390624578
61163.191333,5.579341150369159,0.4913393272719151
61163.191333,5.774203758828228,0.29683171823326854
61163.191333,4.978738704790721,0.4588801426457971
61163.191333,4.933614973096952,0.4625446182432532
61163.191333,4.954732486827233,0.48787390738736863
61163.191333,4.854472449346424,0.3353729132522284
61163.191333,6.228821568364466,0.22775912804776682
61163.191333,2.203818603599471,0.14464417138263574
61163.191333,4.112382688789047,0.48358158898159426
61163.191333,6.73125831002896,0.3647156606937428
61163.191333,4.640206743462214,0.6113634943956002
61163.191333,4.309745560109368,0.5682241855062625
61163.191333,3.4718679096958036,0.4666912837167546
61163.191333,2.4513566180749073,0.31576663298841773
61163.191333,5.801953163039441,0.4384780696821411
61163.191333,3.9803157342561306,0.6816819109846004
61163.191333,5.895537900897516,0.35195117704052975
61163.191333,5.076858839957324,0.43544936417233243
61163.191333,6.441921743870982,0.40035117590032965
61163.191333,4.542185967979401,0.4722657233380826
61163.191333,6.980608293176696,0.2464128499939939
61163.191333,4.293008632917505,0.29330172255687287
61163.191333,5.092475891342036,0.6312952411848262
61166.95473040445,5.98078783777548,0.5104796252892322
61177.92799240445,5.363703009893442,0.259773597122701
61190.064011053975,5.504032581555585,0.1943155293689567
61195.058036,5.088384663980634,0.5439354417360344
61195.058036,5.862543394242722,0.531779161962437
61195.058036,4.727844615914688,0.559953096351389
61195.058036,5.41283588933913,0.6252297221290175
61195.058036,5.117635883668747,0.4033033119492507
61195.058036,4.472056897758147,0.6435901297771899
61195.058036,6.240114827955604,0.2653651452186071
61195.058036,2.35846779057176,0.8173549355896245
61195.058036,4.323886885993009,0.5956497872199882
61195.058036,2.589351749334865,0.31941852157348033
61195.058036,5.6047489797751835,0.2952309308468025
61195.058036,6.088657455778434,0.3326316854767
61195.058036,5.980938977931056,0.3548213398309135
61195.058036,6.612371418466177,0.23258884718928174
61195.058036,5.11348810761924,0.5575680466018067
61195.058036,5.695752824163179,0.5453379947629475
61195.058036,4.646662385680936,0.3408518069620401
61195.058036,5.113792503419127,0.4381535115254555
61195.058036,15.315476609801754,0.16979967944918112
61195.058036,6.370466570927304,0.3692063709343456
61195.058036,5.00656783403528,0.7496855770844317
61195.058036,5.733195846184819,0.538826526478242
61195.058036,6.3064629390084015,0.2209280203301674
61195.058036,6.043340012672349,0.30158628408346977
61195.058036,5.48946815751587,0.43500940876548766
61195.058036,5.967320917062305,0.4972724090698233
61195.058036,6.514471689593113,0.40659962836884955
61195.058036,4.514882679402842,0.4617406465374541
61195.058036,5.159382924571561,0.6881015556206505
61260.36047832324,5.168134463503198,0.112637092972878
61264.020511,6.105022493369078,0.5015852235416781
61264.020511,4.683434405480707,0.7386390762027705
61264.020511,4.006091317374615,0.92572732561706
61264.020511,5.178737559122171,0.5024921342033936
61264.020511,5.798828853408867,0.2966976601961343
61264.020511,5.99633014371768,0.436449486949257
61264.020511,5.776283858427183,0.49560030525879306
61264.020511,5.635277424623194,0.6223949229295817
61264.020511,5.572324007673883,0.5538839084057959
61264.020511,5.940813920245851,0.6787282377428219
61264.020511,6.197100385453759,0.6203439422377505
61264.020511,5.154185380371924,0.7702758104039048
61264.020511,3.076608635685435,0.39781239653282535
61264.020511,6.419374266932394,0.6449301652993402
61264.020511,6.826422264542809,0.3689703664900957
61264.020511,5.7347189204899225,1.0594639381656694
61264.020511,4.325733152163794,0.8852827990333627
61264.020511,6.113324365357778,0.4343266436376546
61264.020511,6.644084645529242,0.4527434207377399
61264.020511,6.349418245163506,0.41804701190138455
61264.020511,6.815297157777882,0.27790945543794815
61264.020511,5.471197574961447,0.37641371973186444
61264.020511,4.749262126049522,0.6092141177980227
61264.020511,5.779729177306943,0.3412382255325479
61264.020511,5.577057136398655,0.6218299256403746
61264.020511,6.475372850721191,0.600663251298116
61264.020511,5.973714680552026,0.6096743640038105
61264.020511,6.823478243540409,0.3622539679550174
61264.020511,2.5539355671635873,0.15863150129894762
61267.37548132324,4.924119629155436,0.19358896596710762
61278.34874332324,5.1047640235459015,0.10345997133272071
61282.067059053974,4.7301629757467225,0.2533075378000755
61285.042635,5.942286434407159,0.3116961725361672
61285.042635,5.786066181756488,0.4285479025514879
61285.042635,5.4025272308933205,0.5480835092477451
61285.042635,5.082468700069286,0.6986828275095577
61285.042635,6.875385251040614,0.31494631554976726
61285.042635,6.342105023854997,0.2851912767579281
61285.042635,5.80835629074716,0.4214052425941172
61285.042635,6.624471136906163,0.4458194870208564
61285.042635,5.491298351195493,0.4572557730028574
61285.042635,2.451025684810319,0.13998172807719847
61285.042635,6.64376593069796,0.29215869168174863
61285.042635,4.345959475586026,0.6743801804347139
61285.042635,2.2980259893500765,0.32307041015854276
61285.042635,5.1686214661581165,0.49494597325508216
61285.042635,6.026562790798548,0.35564586656948266
61285.042635,6.811362897955248,0.4584109384510066
61285.042635,6.1706430448262335,0.6142715492877072
61285.042635,5.190677746250141,0.474173860066038
61285.042635,6.465339045311293,0.3677739912057131
61285.042635,6.61669519681743,0.24625310260029215
61285.042635,6.560974342946267,0.501855573726535
61285.042635,5.3511107632657575,0.4511420168628967
61285.042635,6.648209394468191,0.32574498272824065
61285.042635,6.703787069182029,0.8799366359943984
61285.042635,5.82351451878079,0.5518057706109843
61285.042635,7.1776213718266,0.4558946157445482
61285.042635,6.381696141556613,0.387831024661004
61285.042635,6.865757433207579,0.416732673184211
61285.042635,5.857408065293835,0.25643525202741024
61286.973106,5.903001609666144,0.5159441322394722
61286.973106,5.455409063986987,0.47716944091267927
61286.973106,5.616869227129855,0.2908859365121091
61286.973106,6.439978291560787,0.4265877820879724
61286.973106,6.500290296584561,0.7173289940208024
61286.973106,5.890536599377914,0.4774796130953912
61286.973106,5.905082517982697,0.3306352221662192
61286.973106,3.208061783945663,0.8350548104515808
61286.973106,6.032102073687362,0.35088457909643034
61286.973106,6.7598034703326775,0.6972491390779413
61286.973106,6.841761665821929,0.2564052588498752
61286.973106,3.510939918068887,0.3089497742963007
61286.973106,6.323096195229384,0.38297862488891665
61286.973106,6.52370445945395,0.4606973953269458
61286.973106,6.292169633509752,0.30404621278304045
61286.973106,6.113721288231821,0.4127731331324147
61286.973106,6.906477078136428,0.22101124484033538
61286.973106,6.18285378388598,0.26982883223735254
61286.973106,5.806552080120077,0.4652979599652196
61286.973106,5.300124154774241,0.36345463963640673
61286.973106,2.4404321799047093,0.12859669209880512
61286.973106,5.6956006014151646,0.48673223677725774
61286.973106,7.23090441386625,0.33970895538045953
61286.973106,4.576067542828543,0.5214198276384935
61286.973106,6.63274407584057,0.4121149209917879
61286.973106,6.616313013699429,0.5842384363122015
61286.973106,6.56604503227718,0.22276075654708435
61286.973106,5.556269422079876,0.515997733839164
61286.973106,5.404955213720264,0.5863716097896513
61291.26897102278,5.581662065521984,0.39081807762450377
61297.26026802278,4.874898089821154,0.5004260912182934
61304.989274,3.864040965998927,0.6225269999872493
61304.989274,5.42722787728566,0.6379155658114835
61304.989274,5.153682747843933,0.5999350374877584
61304.989274,5.155110671308116,0.3361653511578619
61304.989274,5.409497946521387,0.5061406371491421
61304.989274,6.426722352801335,0.5190396448188511
61304.989274,2.328945312703608,0.3298872688506597
61304.989274,6.545764802568848,0.33816210793382523
61304.989274,5.253747466778682,0.5453368683049159
61304.989274,2.8900961748183764,0.8407440559429239
61304.989274,5.145216174106641,0.4278906204923596
61304.989274,6.920167747830295,0.3960477836580592
61304.989274,5.820307373588094,0.47701123839353826
61304.989274,5.603553045979925,0.5270581671707912
61304.989274,6.343046058239133,0.5371724240620528
61304.989274,6.193665502025527,0.4292736091520411
61304.989274,6.427423529324918,0.2469195521337165
61304.989274,6.034644777344266,0.29741663370731997
61304.989274,5.824942847437297,0.5313954829134021
61304.989274,7.37953299524076,0.47742504848440337
61304.989274,2.451405186009599,0.14637903400791474
61304.989274,3.638444715072681,0.6662489951393448
61304.989274,4.537507062945072,0.7315878272352832
61304.989274,5.157850411652798,0.4657807370102542
61304.989274,5.811361312032006,0.40676652436076843
61304.989274,6.082458955041964,0.2928167119653595
61304.989274,5.9657814076217806,0.3445898311761558
61304.989274,5.626097592341104,0.35623342938753444
61304.989274,6.770829050615189,0.26058245286882387
61316.986669,6.240947623939245,0.3386808741937371
61316.986669,5.4069349459962694,0.6774823502032004
61316.986669,6.5260518032097945,0.5434352104127632
61316.986669,6.74550822383546,0.3370670233874071
61316.986669,6.412588311926628,0.5778885774382851
61316.986669,6.328287208075754,0.39303497202580556
61316.986669,6.61857298909118,0.41006463131504495
61316.986669,6.664048927676727,0.575902252601456
61316.986669,7.314408698225209,0.3899311862214901
61316.986669,5.8696223154227285,0.5620414758576222
61316.986669,6.930344506387997,0.4783987229544603
61316.986669,6.7415715487568,0.5571866731089186
61316.986669,5.220011074930159,0.7201180977211682
61316.986669,7.425122504777942,0.6102196381304056
61316.986669,7.061235213386703,0.49363688678972656
61316.986669,6.327374984463577,0.3182197956345807
61316.986669,5.082334038503434,0.4216134805090711
61316.986669,7.1368590576551245,0.24342069208323858
61316.986669,6.693637586917577,0.2973919730898183
61316.986669,7.746409923105894,0.4423508257931769
61316.986669,5.087409211252664,0.8653974530720772
61316.986669,2.957399556455032,0.1452947448671154
61316.986669,5.712763969815545,0.7875263267690149
61316.986669,6.239110452180771,0.3475183566535736
61316.986669,7.268198291859928,0.6525748560562243
61316.986669,6.491410204013875,0.5098822051418109
61316.986669,5.908948672907006,0.563402989473611
61316.986669,6.804525057451675,0.27008645479706345
61316.986669,2.685661789692528,0.33694758678178105
61321.25515002278,6.023609245697527,0.3885811793878958
61324.25923202278,5.147384250729097,0.4505752162310304
61330.275378404454,5.103439273908244,0.31908039948467587
61333.27386802278,5.248683785158343,1.3820835533327709
61336.266675404455,4.0111648188366615,0.39603220089649505
61351.20300702278,5.0292440681471025,0.3393694181825208
61354.17532902278,5.837946692059067,0.33745207683685685
61360.261557404454,5.8945233979762435,0.29726922010361917
61363.26563940445,4.917431575591141,0.3565760224655942
61363.439225053975,5.758470956577982,0.2359680337244751
61364.16290202278,4.33059683747625,0.524712414930037
61372.28027540445,2.385374211938549,0.9940016131412027
61390.20941440445,5.730326879040197,0.2644299163164097
61393.181736404455,4.9720820587594075,0.2698214438038621
61393.430780053975,4.8519164500167,0.3221001354913162
61403.16930940445,5.851391178076625,0.4435756705585743
61413.95779902278,5.340716169750213,0.36621219702181623
61420.94961802277,5.35413755916986,0.5301448820760848
61423.35250805398,5.61900103249163,0.20279680853636997
61430.69612932324,4.724831187643389,0.12770689271882052
61436.68742632324,4.3553312900265295,0.15774989093028283
61452.96420640445,5.028202958515161,0.2948185257911408
61453.29853105398,4.9838474592875714,0.20713168455527006
61459.95602540445,4.916206228434902,0.4239701160587478
61460.68230832324,4.721546744109017,0.12171761333261259
61463.68639032324,4.670831071887095,0.13388937466587383
61472.70102632324,5.910032297149598,0.4300689004418978
61473.897869022774,5.216280716416622,0.34288454398290474
61483.43642605398,5.157242500043576,0.22183256844545302
61490.63016532324,4.734974322087774,0.10964245327977404
61493.60248732324,4.906151790996812,0.10867644047554686
61503.234882,6.784806270601559,0.7880811888945308
61503.234882,5.2418756669771,0.8616628888244804
61503.234882,4.501883391456197,1.0788365882557611
61503.234882,5.053304222870057,0.8743705644550122
61503.234882,5.843795799189042,0.6054898529529864
61503.234882,2.4980729906296038,0.2520972252358531
61503.234882,3.0433927882248444,0.8317755879880576
61503.234882,5.588395449587593,0.6661052626946057
61503.234882,5.547629391460665,0.7461592022200164
61503.234882,5.994905717897524,0.9050982472082522
61503.234882,4.565366629379518,1.3759774051973954
61503.234882,4.750697812662871,0.9538967096055359
61503.234882,5.881341476372607,0.5413394224588269
61503.234882,5.913751452489405,0.8656086585814233
61503.234882,6.1202814696258745,0.7810267164372251
61503.234882,5.851651712656087,1.2969240546114476
61503.234882,3.692911927485679,1.645456223774008
61503.234882,5.919634430805917,0.9236115235796752
61503.234882,2.452768681661132,0.6237425703287016
61503.234882,5.923421069672764,0.43169268527561366
61503.234882,5.550810862644163,0.656048441654834
61503.234882,6.486797656916004,0.49832219080563145
61503.234882,4.436860239392054,0.5595895335260463
61503.234882,5.4961299024143475,0.9388626329885162
61503.234882,6.707202984212706,0.7747896543313824
61503.234882,6.662656228668316,0.4392576891197283
61503.234882,6.181101648611712,0.5326491233776314
61503.234882,5.268481950345026,1.1675415359440717
61503.234882,5.145062142575455,0.6472041305093238
61503.59006032324,5.117322190000853,0.15929551141704615
61506.254747,2.049307401035561,0.3513096816189954
61506.254747,6.661848962710506,0.8298741226648044
61506.254747,8.414985685300447,2.073413912400594
61506.254747,7.986317874687632,1.02240224297368
61506.254747,4.201390319884734,0.8063369995818345
61506.254747,6.66504220488971,0.6403459215440381
61506.254747,6.6106630136122595,1.1325194706410688
61506.254747,4.882715068556781,0.811445601034503
61506.254747,6.383238571978072,0.6056641228814507
61506.254747,6.763029576578146,0.7466286437476749
61506.254747,6.980815069569216,0.9773390274506029
61506.254747,7.915328390036523,1.2951750622241753
61506.254747,6.856574028972457,1.285297705166356
61506.254747,5.341673566102683,0.9372583095974264
61506.254747,5.360531778269178,1.4205604637656564
61506.254747,5.12399336536823,1.526930587105471
61506.254747,6.889205182807207,1.025844427866548
61506.254747,4.450692705335368,1.7719342352302847
61506.254747,6.375610887393819,0.6947341659004962
61506.254747,4.675403744220112,1.1998958112265001
61506.254747,6.320364939175824,1.4964071591589305
61506.254747,3.8401997502140386,1.6323354480454428
61506.254747,5.67281047228833,1.2352687434632363
61506.254747,6.083035732927892,0.5801443188458846
61506.254747,7.444419227213637,1.1249349788849878
61506.254747,6.50744508826008,1.2191396308535805
61506.254747,6.671671655509636,1.1219975476618513
61506.254747,4.642060339262555,1.2692102942076058
61506.254747,4.7700526996893355,0.8079402623406301
61506.263019,2.1864040524294808,1.313000682044637
61506.263019,5.4039283223298,1.8086805291387702
61506.263019,2.2171553600313043,0.34534609134459887
61506.263019,8.450459946995855,1.8788754843388906
61506.263019,6.153027721126171,0.9902269360475293
61506.263019,7.121691880384825,1.3255408451512747
61506.263019,4.343433447868804,1.567598295526366
61506.263019,3.2366654660040783,1.203296850997191
61506.263019,6.387558572854545,0.5702401156943758
61506.263019,6.398650544511406,1.0785461129301819
61506.263019,5.838756615038785,0.8729446360602756
61506.263019,4.505957827878959,0.83871707836939
61506.263019,8.427730587924147,1.1745422577887479
61506.263019,6.412187875397795,0.7633160184079488
61506.263019,5.901318092918191,1.0659835921423826
61506.263019,4.945132776904801,0.923563711269001
61506.263019,6.188452504425257,0.6540717049174145
61506.263019,8.062675916266823,0.6993209913424248
61506.263019,6.802137944851758,0.7553429624996041
61506.263019,5.714818723352031,1.2619265810425229
61506.263019,7.877910076393029,0.8638393220133156
61506.263019,6.38928435379091,1.4815421873792056
61506.263019,8.636159239716356,1.3160191381898694
61506.263019,5.500514731591446,0.8654782332513918
61506.263019,6.778946151059794,1.1795882135016336
61506.263019,6.384270922035692,0.5756457844952702
61506.263019,4.507645368596576,1.1648587710231446
61506.263019,5.319724560805137,1.0901022950638692
61506.263019,4.550597292225046,2.26242329039077
61510.31567705398,5.500263124147845,0.1943155293689567
61512.90427640445,4.834353038398127,0.27790873503504043
61553.38495732324,4.629099318744485,0.11427931474006395
61560.37677632323,4.581870952745823,0.16673381000959472
61565.90091702277,4.964374019285472,0.44897743177631017
61577.14032205398,5.219438547271273,0.23634497946524902
61588.965861,5.351648083904552,0.6148503409624186
61588.965861,5.290429603538453,1.088296115751949
61588.965861,7.1804347144882925,1.0524574657642385
61588.965861,6.36116806292559,1.7130950312821978
61588.965861,6.373078151358955,0.8110708335571206
61588.965861,2.702049463796781,0.2697711382308829
61588.965861,5.737420281425014,0.8185173313107872
61588.965861,4.022034996022079,0.9568955482931584
61588.965861,4.425163678331863,0.8137151892005247
61588.965861,7.2586237780309215,0.9209476254894166
61588.965861,7.07841392594648,0.5718531501393896
61588.965861,6.749026850389873,0.9383514345001094
61588.965861,5.970276473728395,0.9014447831577777
61588.965861,5.630818945783345,0.6195047185623456
61588.965861,5.244648781689061,1.1897669114764213
61588.965861,5.587053378951407,0.7282787391056567
61588.965861,6.172217141825211,0.8481294433496429
61588.965861,5.519892472613724,0.5166232353034662
61588.965861,6.7017090365916285,0.4708800955355072
61588.965861,5.386551528526828,0.8771590336416928
61588.965861,7.199178721194225,0.6833226113974763
61588.965861,4.001298858878548,1.31572742060699
61588.965861,2.93759341021405,0.6393239616249691
61588.965861,5.763106362649759,0.5454543336092739
61588.965861,7.300292568057804,0.8938316366739282
61588.965861,6.412716146695089,0.7187124737860875
61588.965861,6.766820794362932,1.3748805718732044
61588.965861,5.882434423367167,0.46968030868080085
61588.965861,4.929202447328341,0.8766338187202107
61597.070283053974,5.072429708369444,0.21108961483339625
61604.90732440445,4.737305543623985,0.33770567625951126
61613.32502732323,4.746469874458075,0.11051186480357841
61647.273083022774,5.683600713733118,0.3965701016614956
61649.007931,4.477133614930862,0.9251337510598231
61649.007931,6.218558445151753,0.5358528742582307
61649.007931,6.115196462959665,0.6078968355839833
61649.007931,5.479509698278283,0.6036578943169861
61649.007931,6.443632636065804,0.8722272804599794
61649.007931,5.85368450897993,1.2491533410011513
61649.007931,2.444238034788915,0.24082061817153977
61649.007931,6.307778340664136,1.1438975194202956
61649.007931,2.3243323176237016,1.5411533897660514
61649.007931,6.459088905944379,0.7404553301845903
61649.007931,4.136614482953323,1.3589764886724376
61649.007931,5.571714675074232,0.91200509955607
61649.007931,5.49543806967079,0.5204845845138053
61649.007931,7.70187000384801,0.827199106073405
61649.007931,6.235417842114035,0.5335251910147655
61649.007931,6.169590263257705,0.7611326244702808
61649.007931,6.411660816450407,0.9166150322759395
61649.007931,6.884396613718522,0.8631947339601688
61649.007931,2.240326149706087,0.6015877795793215
61649.007931,6.4101851488199255,0.6066928614050449
61649.007931,6.235494542002712,0.4316544875771365
61649.007931,5.781403507197328,0.6282893747896734
61649.007931,5.490667992181243,0.49927537020656015
61649.007931,5.572368777941495,0.3957044104706995
61649.007931,5.57031449946615,1.0801879493266453
61649.007931,6.501409743552884,0.8868184629136039
61649.007931,6.897951822297732,0.8493530969179225
61649.007931,6.450126608992164,0.7010549734046182
61649.007931,5.740180009077485,0.7237646894087154
61649.010581,5.228803185037936,1.0331738395592753
61649.010581,6.123856945949705,0.6697905539643194
61649.010581,5.097060756221051,0.8570140713232093
61649.010581,5.830819593196733,0.4510444925195576
61649.010581,5.651974838835061,0.8013340888565553
61649.010581,6.505295615372948,1.3553047037155097
61649.010581,5.4276017580382305,0.6124433583314218
61649.010581,2.844567634990554,0.5421837252623024
61649.010581,3.7713689859977775,1.2109039899066754
61649.010581,5.57936506550408,0.538550613589636
61649.010581,6.804315869322398,0.5432414760609935
61649.010581,6.5985019080430405,0.5086487394302742
61649.010581,6.969831170246104,0.7404282396077473
61649.010581,5.1554454624367745,0.544914070297511
61649.010581,4.956713131084474,1.085005037850878
61649.010581,6.158825524019131,0.7553551312294245
61649.010581,6.560380211243073,0.3852078303192662
61649.010581,6.452006841459172,1.0795857944756242
61649.010581,7.068408632161553,0.9099571540300343
61649.010581,6.1958103380455585,0.6747041308728012
61649.010581,5.137049929876325,0.811836434573618
61649.010581,7.089324116427129,0.8885142227436292
61649.010581,5.404613940020126,0.6250214677093299
61649.010581,5.844966462769594,0.42595208642019283
61649.010581,5.513779138669955,0.8529185260046881
61649.010581,2.9249793111451314,0.25524166374417134
61649.010581,4.76494834658829,1.0355930339874717
61649.010581,6.995930800498751,0.883423581515806
61649.010581,5.40417465910324,0.930212958646517
61677.264638022774,5.150803509462198,0.5013847618911255
61686.27949040445,5.2083289904823165,0.2923678314786623
61705.32807532323,4.822784885992015,0.13649760923728696
61707.186366022775,5.145690599207094,0.379633586441464
61716.27104540445,5.7634112522586545,0.4024040061089387
61737.13238902278,5.504009741022593,0.35918194542104837
61746.19277340445,5.374976203730841,0.3033959558848149
61767.27028402278,5.083217227027543,0.379953143332408
61776.138796404455,5.410756340693025,0.28795658171620153
61777.36912305398,4.923536140763744,0.202419862795596
61786.70024132323,4.900645518012718,0.12606467095163448
61794.14953502278,5.523183154479233,0.38123137089618364
61806.276691404455,4.995363654727951,0.30241567815982356
61807.27986605398,5.86401576399468,0.22955995613131822
61816.69179632323,4.566482368774485,0.15968191653873698
61833.15594240445,4.490324570812421,0.2923678314786623
61837.26842905398,5.251478935237056,0.217120746685779
61837.334759,5.284192021491177,0.7736169573493387
61837.334759,6.79604776546935,0.8810474550534504
61837.334759,5.723262881006804,0.6944184954687838
61837.334759,3.9841546508907983,1.1834831568019049
61837.334759,2.618152977309059,0.5480267469984026
61837.334759,5.383881914076614,0.7520685279745299
61837.334759,5.440571263536828,0.7892854225021286
61837.334759,6.317512995311031,0.44170333439045445
61837.334759,4.710490676359063,1.120070774437159
61837.334759,5.644504222257684,0.9405473053352938
61837.334759,6.068888496711763,0.6021793614016512
61837.334759,5.423006057159261,0.39813128077570964
61837.334759,5.648066805832186,0.8203058068367175
61837.334759,5.653204014649864,0.7015862839806748
61837.334759,5.383460087786003,0.4677282341008277
61837.334759,4.996540597702169,0.7111663432133387
61837.334759,5.622732148917695,0.683194919823025
61837.334759,3.6170750886473577,0.7904166190667431
61837.334759,6.004100842413433,0.5281989662465316
61837.334759,4.891481542908366,0.7555497155320917
61837.334759,4.6620994825913105,0.5730148184147408
61837.334759,5.770113404913464,1.0247316761404632
61837.334759,5.782133768586805,0.3952045733206313
61837.334759,5.0595319083450825,1.454550430620051
61837.334759,5.3710340213511465,0.5177403775655778
61837.334759,5.427994850963188,0.7716669871028125
61837.334759,2.0420426637922056,0.22900186653682666
61837.334759,5.741096677861028,0.4831513018795456
61837.334759,6.490705144250878,0.6189958444448228
61838.329025,5.5203059118697775,1.0240211481356056
61838.329025,4.525112846381715,1.0694124910860585
61838.329025,6.037930475361058,0.8495556598957686
61838.329025,5.97055294001686,0.7515998183229738
61838.329025,5.151680412622833,0.42901101957289045
61838.329025,3.053187878903545,1.2705981597332912
61838.329025,5.025772204255071,0.7288047449083807
61838.329025,5.553940040814904,0.38089048861119035
61838.329025,5.413432935216998,0.3298752669274434
61838.329025,5.668527717532915,0.670756341340174
61838.329025,6.007833607190602,0.5414844179059356
61838.329025,7.084685365209723,0.7019680334290104
61838.329025,5.582969406093384,0.6284369538692622
61838.329025,4.3991349484319615,0.8148941989222946
61838.329025,4.32593687564121,0.9268454477320294
61838.329025,5.982898191395913,0.7197148563331162
61838.329025,2.6947671652312835,0.474258597580137
61838.329025,6.06237393961861,0.502242119377145
61838.329025,6.670373422882894,0.5932923104211353
61838.329025,2.695326871123825,0.21219538485443645
61838.329025,6.147154027672759,0.42138853346158006
61838.329025,5.028348405830939,0.7477904665691124
61838.329025,6.131002844350637,0.4952657276338545
61838.329025,5.19625312733747,0.6668474727867986
61838.329025,4.439160118196013,0.8124834507691356
61838.329025,6.3104148042144015,0.610244025401473
61838.329025,5.129935839683453,0.47275756995137425
61838.329025,5.819271320604329,0.5348850291104118
61838.329025,5.6321826235663295,0.3297259066616902
61846.613524323235,5.075107430456129,0.11331330193583695
61860.97418002278,4.249429387176476,0.4064763652807594
61861.21543005398,5.257133121348666,0.23634497946524902
61867.18450305398,5.113893739854575,0.22371729714932265
61876.55954732324,4.7768026765108065,0.10259055980891632
61880.90414102277,4.655202727297159,0.34895612491084027
61891.12497305398,4.664951362592834,0.2044930643698526
61899.980587404454,4.421067949541784,0.3200606772096674
61902.196395,6.427417064274444,0.7239797859580286
61902.196395,5.314268964189918,0.6684732763973068
61902.196395,6.003095038782345,0.7897413718127703
61902.196395,5.718150174127131,0.41341017989547313
61902.196395,5.581694661054072,0.5456696494770645
61902.196395,6.359216137316147,0.4880319289025764
61902.196395,5.408671191114315,0.5354483840143205
61902.196395,6.739633700336611,0.5854942288273297
61902.196395,5.689330671057466,0.2784092925880164
61902.196395,7.0328028754792085,0.8407227429922707
61902.196395,6.248872147724869,0.49039779960606694
61902.196395,4.995927787410731,0.49484431033586473
61902.196395,5.6977408328994095,0.2837376575667167
61902.196395,5.973622534078989,0.6175045635856142
61902.196395,5.909232499225941,0.4291887116128484
61902.196395,6.648045699204273,0.34670376739588427
61902.196395,5.280267967557461,0.5572775525462967
61902.196395,6.042532823272808,0.546868713440604
61902.196395,5.712244075721176,0.31988700695174044
61902.196395,5.644532068594853,0.4158363184850288
61902.196395,5.317164297028799,0.33856574521179167
61902.196395,3.8338787879934024,1.0051000368039467
61902.196395,6.197301314928113,0.38057069821205824
61902.196395,3.1233528095742367,0.38442213838759565
61902.196395,2.210324338444268,0.15808935672854785
61902.196395,5.365325074850407,0.47807416479777476
61902.196395,5.878888206731061,0.5689325207052387
61902.196395,4.721800394183003,0.35697558718192
61902.196395,5.8097969610126485,0.5439354417360344
61906.69744232324,4.9049925756317405,0.12471225302571654
61919.91054840445,4.602174259233931,0.30560158076604516
61921.11201805398,5.198706531528707,0.2103357233518482
61927.11087905398,5.373986300988581,0.21335128927803976
61933.57669332324,4.553180372460278,0.11234728913160986
61990.08299705398,4.242772132926042,0.2261674444643531
61995.094531,4.8708009144206805,0.4919756212573447
61995.094531,5.01600224742422,0.32976220161199793
61995.094531,5.258454386460297,0.2529175979345355
61995.094531,4.884273529147351,0.7000050347179345
61995.094531,5.2470925280678715,0.30463613653687793
61995.094531,6.359179996754899,0.37509530489925746
61995.094531,5.105353991345304,0.536494633001169
61995.094531,4.98919114199964,0.4845674426754796
61995.094531,4.707594851334138,0.4337010644873598
61995.094531,-0.4659265266861219,0.8793044976064714
61995.094531,5.215237078671187,0.35415034231152553
61995.094531,4.695650744606306,0.4210006702176335
61995.094531,4.79717928185843,0.6095698154267902
61995.094531,5.070437997510073,0.5785880059447006
61995.094531,1.554988391909328,0.3520420596000401
61995.094531,2.8538604068708997,0.7045916924085326
61995.094531,5.105717101622121,0.7450198526882377
61995.094531,6.110336322060063,0.5790641235306174
61995.094531,5.842818092503219,0.5704224365555773
61995.094531,6.229138316177956,0.3952261077583534
61995.094531,5.239577899273568,0.6135039768430299
61995.094531,6.027678507420328,0.6159181910136237
61995.094531,4.439458484797204,0.5921464897774926
61995.094531,2.0524518395438793,0.16058322175238648
61995.094531,5.999449694112252,0.2733696554631826
61995.094531,4.740366386254165,0.8220765764810266
61995.094531,6.038988294669739,0.36165496888930077
61995.094531,5.262570957147962,0.7104944943962167
61995.094531,5.509465911743579,0.43512897118131993
61995.098661,2.9276297384250825,0.6809476758847564
61995.098661,5.727649168709008,0.6149334134249522
61995.098661,5.5120581059314135,0.37241124358705463
61995.098661,5.829975232225212,0.5502852340734283
61995.098661,5.837301213123049,0.2947230707672173
61995.098661,5.035760456354176,0.4660422266382971
61995.098661,6.3193127980930734,0.78697791010692
61995.098661,5.624919264269469,0.529601498056444
61995.098661,5.382385219875209,0.6220765462969546
61995.098661,5.667419156154268,0.6000862534277686
61995.098661,4.886575683839753,0.4913183391982166
61995.098661,5.169500034986484,0.25158469886768686
61995.098661,6.7002316559290955,0.35045326631308343
61995.098661,5.292796385835334,0.48803629448828867
61995.098661,1.9299156199757608,0.3510682226440233
61995.098661,5.374960974715046,0.754675635226489
61995.098661,3.036379661888885,0.4001561631565865
61995.098661,2.057656427419717,0.15527020496246957
61995.098661,5.531812053974598,0.5513467934632194
61995.098661,3.3711534880308314,0.9463111667267345
61995.098661,5.516867166136514,0.32392600883039346
61995.098661,6.264161943566915,0.3950125939980393
61995.098661,5.970804174794218,0.5143170043072346
61995.098661,5.969382488012003,0.2557440518871746
61995.098661,5.513930275151318,0.5381179984645345
61995.098661,6.287431122558164,0.3860772754395741
61995.098661,4.61702002459715,0.4476418487817602
61995.098661,5.8302870901180865,0.44821481438270666
61995.098661,4.488314119671318,0.31695590252026984
61995.104289,5.542610677921689,0.6847307185285606
61995.104289,5.484427691418781,0.6464991976238864
61995.104289,1.4551420342240622,0.9937215458212605
61995.104289,6.729915823210645,0.574095256464018
61995.104289,5.765432787066945,0.5712158619254605
61995.104289,5.9731943839902435,0.4630552106557105
61995.104289,6.082325022524824,0.3217358397375578
61995.104289,5.757096284820536,0.4083847197257996
61995.104289,6.30032241748574,0.5941799019190251
61995.104289,5.340436264846891,0.5981307803001811
61995.104289,6.417406196528381,0.2943417990068458
61995.104289,4.5619949049023765,0.837003886342106
61995.104289,5.588098362258306,0.5474057340384763
61995.104289,4.264944750361194,0.7207259044714898
61995.104289,5.899585673058903,0.4295784307945142
61995.104289,5.928165159082529,0.581656346156009
61995.104289,2.4066121173140367,0.15082461948519216
61995.104289,5.877914999362302,0.4874905868386134
61995.104289,6.089215803782898,0.6004832931896826
61995.104289,5.982860890746597,0.2635200534648252
61995.104289,2.7158263894051453,0.3693276655693366
61995.104289,5.6671641605679435,0.4868372350282839
61995.104289,5.341625157756457,0.3374227143366675
61995.104289,6.5353796129795345,0.39169028260462446
61995.104289,6.251049673503435,0.4511000689383288
61995.104289,3.3117958231618196,0.8560784095309422
61995.104289,6.591212802669958,0.6440731152457863
61995.104289,5.003996342025726,0.36932451844894354
61995.104289,5.106020716927816,0.2634141780859688
62000.40133832324,4.543249760832824,0.11534192882471374
62016.034571,5.38454076935515,0.30551046198413817
62016.034571,5.607413003922139,0.589397612540909
62016.034571,6.064874983142079,0.2860734622223962
62016.034571,5.429889881791969,0.6505919111232977
62016.034571,4.749928515402335,0.39333632924593365
62016.034571,5.175567616298556,0.39949968387773854
62016.034571,6.815331391674314,0.7679168479843308
62016.034571,3.2086934906878817,0.8856929092840947
62016.034571,5.162584578781612,0.7968561589462185
62016.034571,6.147734882981374,0.6757938293969914
62016.034571,5.317702001193655,0.6870325433560527
62016.034571,5.435633794483239,0.39773470725895504
62016.034571,3.3190940377335956,0.3992731519668504
62016.034571,3.8060236914154046,0.6253968499269639
62016.034571,5.047568372401422,0.46232963956763756
62016.034571,5.390835637457629,0.9962500993729684
62016.034571,2.744119882459797,0.18563030090485189
62016.034571,5.646813210676428,0.6328660748714462
62016.034571,5.350310871331776,0.4549197172584054
62016.034571,5.701424413556123,0.4897688827100604
62016.034571,3.76223843199233,0.7581135607659483
62016.034571,5.4517134564240814,0.3347566056062314
62016.034571,4.993487893705961,0.5977929301662612
62016.034571,4.204879511039476,0.7868728699112739
62016.034571,5.852090164595901,0.5409431346623843
62016.034571,5.403348825013165,0.37628576409089065
62016.034571,4.726641190593077,0.6484223469793641
62016.034571,4.467698105430441,0.5522643648139658
62016.034571,5.553309387987803,0.500666008104522
62020.33129932323,4.734877720807351,0.10742062383005174
62061.202981022776,3.782876326398246,0.3748402330773041
62091.113724022776,4.304712729309787,0.4157435151181352
62100.20938840445,3.5842538696029402,0.274232693566323
62121.102287022775,3.2741417560154087,0.4339582579019428
62130.12013140445,3.482304986203842,0.30707199735353236
62145.049288022776,3.355309206315183,0.3674904245855919
62151.018361022776,4.496766420767127,0.3355347354911929
62160.10869440445,3.1659203504628923,0.3318240099095633
62174.95883102278,3.288202259216944,0.377077131313912
62184.05569540445,4.088361689679728,0.3004551227098409
62190.02476840445,3.3318323554176734,0.2656552634726489
62200.630139323235,4.3076102574977115,0.11659774547020896
62204.94587602278,4.182322440078238,0.4144652875543593
62210.94473702278,4.462254276545176,0.37420111929541605
62213.96523840445,2.8247837021659112,0.27717352674129697
62228.250046,3.052094360061732,0.509909456167445
62228.250046,5.138578812050663,0.6440416159399937
62228.250046,3.7354381720319143,0.3161623400593569
62228.250046,5.263392054101334,0.46481509029694806
62228.250046,3.4894828216807348,0.8335933263850303
62228.250046,4.7844926476131135,0.2642112536050608
62228.250046,4.541881398390416,0.21427204347303816
62228.250046,4.4815532141957295,0.41283797530398475
62228.250046,4.450301768892214,0.7263499203869647
62228.250046,4.562157780937584,0.38244279581394464
62228.250046,4.98526747337166,0.524161423047119
62228.250046,3.875649707984297,0.5737950108543632
62228.250046,3.946023537632559,0.5878420658345589
62228.250046,4.805939632405106,0.7166718212588377
62228.250046,5.23788659296326,0.721142503975176
62228.250046,2.2675748050784748,0.13781314979559975
62228.250046,4.133871318157533,0.5008128409686249
62228.250046,2.30106391491997,0.6888113275918407
62228.250046,4.797367309249278,0.7866921773270066
62228.250046,4.376583936360472,0.5374020842798998
62228.250046,5.267750124325843,0.45986461186852096
62228.250046,4.667406322804336,0.36783691110150313
62228.250046,4.061660014234984,0.5343042635356574
62228.250046,4.938056300890902,0.66778498604635
62228.250046,5.2741436597234035,0.40016512030875495
62228.250046,5.60426456372084,0.4881033971300511
62228.250046,5.039785374308859,0.3626926849907272
62228.250046,4.568353488994619,0.2883704134762339
62228.250046,3.538329496123443,0.6581178098439747
62228.250046,4.87077730058114,0.2533550847669028
62228.250046,4.827884600253391,0.4278834169614365
62228.250046,5.494391570035033,0.5315342068385445
62228.250046,4.2031315071665745,0.6207927013385448
62228.250046,2.4364094671923437,0.17305254687157923
62228.250046,4.927586792876502,0.2985357883709329
62228.250046,4.14009605313353,0.5081896237644823
62228.250046,3.804738072600945,0.3361320670900134
62228.250046,5.1683529813509805,0.6231493410179808
62228.250046,5.237411242442423,0.25774935705186197
62228.250046,4.729049959136842,0.7806909090898573
62228.250046,4.775811784444037,0.6357157313105058
62228.250046,4.270398132021886,0.2838459144315009
62228.250046,4.544388285535627,0.349331970307287
62228.250046,2.3381967637857652,0.29580297539007516
62228.250046,2.933211143911975,0.3598327552481737
62228.250046,4.619956521908037,0.5925891115512604
62228.250046,5.0443741350860645,0.2115977268622267
62228.250046,6.079234341910143,0.9444147515629535
62228.250046,4.387411318603029,0.5944105754077352
62228.250046,4.032909079105697,0.47067239907500324
62228.250046,4.294325491385597,0.37241082321162455
62228.250046,4.366806496951686,0.3140843574530543
62228.250046,4.710043992648288,0.5126270910674554
62228.250046,5.242814037445203,0.6016604115284163
62228.250046,5.512439660541482,0.523196519065927
62228.250046,4.508309858811561,0.43282023593582
62228.250046,4.288436509417008,0.37925764436621356
62228.250046,4.2796654740167615,0.4271048505788069
62228.254182,4.043354086576375,0.5884592995257099
62228.254182,5.407903373931658,0.9690681486921069
62228.254182,5.122176822588649,0.8356869488395079
62228.254182,4.2465592900638445,0.5039770496413407
62228.254182,4.7429700390875755,0.7012815300952039
62228.254182,2.132689235963033,0.15310162668087085
62228.254182,4.916415824668592,0.26291434093590055
62228.254182,4.9542566875929746,0.3949562328315353
62228.254182,4.725988728414556,0.34153762548711464
62228.254182,4.76703831219878,0.38705345059871327
62228.254182,4.788124289484408,0.22326059369715257
62228.254182,2.0419342348781253,0.12870512101288506
62228.254182,5.2897703221550625,0.4654294163468598
62228.254182,4.904979581495339,0.40521438945244187
62228.254182,5.008923150126069,0.32983946538104975
62228.254182,5.376035494021029,0.4131625334606702
62228.254182,5.0986431113501975,0.22999684666339826
62228.254182,4.940141509610133,0.5130043001116552
62228.254182,5.026145171687675,0.603911679763794
62228.254182,4.747386119528987,0.8708856594075184
62228.254182,4.031912881789744,0.4915904323322358
62228.254182,4.234932344784983,0.36566557585130693
62228.254182,5.5238392785756165,0.49884588682564823
62228.254182,4.837651927066321,0.2803416438829639
62228.254182,4.246870918756558,0.5425221753354156
62228.254182,2.78664868203146,0.3201488992904929
62228.254182,4.3164792690317,0.6048139426781969
62228.254182,4.5706960361420546,0.6388256166431869
62228.254182,4.8150232618700475,0.606628005715193
62228.254182,4.49545369734895,0.49948907656939157
62228.254182,5.2308351381702565,0.2702592548321224
62228.254182,4.077140445261906,0.3009480286556097
62228.254182,4.079071128872213,0.5057600802791052
62228.254182,4.487468873366767,0.6247792684387227
62228.254182,4.613449605390341,0.35934626013787946
62228.254182,4.577437839372445,0.6081425188681224
62228.254182,4.683239373684911,0.2983310584074194
62228.254182,2.93759341021405,0.3710318802423656
62228.254182,4.819690256216425,0.4327493071782389
62228.254182,4.678495274769098,0.3556985443584241
62228.254182,4.809543261927463,0.7418972279153399
62228.254182,4.846571144267883,0.8146431267798396
62228.254182,4.8991353492771434,0.41400101253145893
62228.254182,4.876910627912669,0.48542009035239875
62228.254182,4.340979124592613,0.6992819354017836
62228.254182,5.110447380042839,0.5595708758078041
62228.254182,4.5898625208150055,0.3382446926417507
62228.254182,3.9977793406157343,0.5296569330963353
62228.254182,4.1194804482203935,0.6393593399512397
62228.254182,5.37809750493154,0.30292041361520594
62228.254182,4.0602209377260605,0.5367167463323999
62228.254182,3.8195567599801503,0.44343103544300266
62228.254182,5.092868100997574,0.264602601697864
62228.254182,4.151970149491995,0.745846660449764
62228.254182,4.45239741837846,0.5856770229868641
62228.254182,4.879371255202705,0.3578446045390001
62228.254182,5.087646709365266,0.4337010644873598
62228.254182,5.376316546096063,0.46897074918786297
62230.540882323236,4.5583678612189775,0.13292336186164677
62232.266187,5.4066736554763795,0.6495539741119634
62232.266187,4.856065642003691,0.3776574011410395
62232.266187,5.026905403463592,0.5185955446520307
62232.266187,4.968382871236259,0.30921139766133676
62232.266187,4.895658596587926,0.46000112503495433
62232.266187,5.71221555315345,0.8774666593526634
62232.266187,5.432871374210999,0.43439265897764995
62232.266187,4.292115167694645,0.4617525545982341
62232.266187,3.526770000037601,0.6202974552958642
62232.266187,3.864921774598984,0.3613205815166135
62232.266187,4.320119635986859,0.9444147515629535
62232.266187,4.955403122373916,0.2602485428022032
62232.266187,4.568261128647535,0.36093986649931603
62232.266187,5.965885861730332,0.7537712467779871
62232.266187,4.396887314483266,0.6578692752312698
62232.266187,5.147746624263088,0.37875596174602943
62232.266187,4.725459597336468,0.4479928612892244
62232.266187,5.13869450033339,0.626547887074069
62232.266187,4.7981438503827665,0.277862456374714
62232.266187,3.1388561199877216,0.5403893308813948
62232.266187,4.928535698775313,0.7186364699049791
62232.266187,4.246246730998135,0.6042906794071987
62232.266187,4.036564729381791,0.7504558480309387
62232.266187,2.4409092671266617,0.17088396858998048
62232.266187,5.1516582985409585,0.7897413718127703
62232.266187,5.370204967413523,0.5312102981201786
62232.266187,3.061270703628172,0.3761445242614536
62232.266187,4.605776974382673,0.6590763696297474
62232.266187,3.6437140695499437,0.6248743806006702
62232.270358,4.212201477477197,0.700298333563705
62232.270358,4.445243243620066,0.5620414758576222
62232.270358,4.974864491162576,0.30272977773502013
62232.270358,4.81828750805359,0.3689942101546372
62232.270358,4.466478022569827,0.567410293225091
62232.270358,4.804813138254509,0.5231877485770622
62232.270358,6.478488139965801,0.7362746745503927
62232.270358,5.091256976774584,0.5504724290594626
62232.270358,4.591336581195891,0.4240815858707201
62232.270358,2.4002495086358255,0.1765222721221372
62232.270358,5.3304716383852195,0.27855365651494945
62232.270358,4.074877519417998,0.4033033119492507
62232.270358,4.121330950221353,0.5863137256845686
62232.270358,4.632891551797082,0.47096327650410946
62232.270358,5.500195578569002,0.910279278614895
62232.270358,5.058250159097594,0.41960249278295064
62232.270358,2.3133639214073405,0.3605631329651863
62232.270358,4.630235680779814,0.5179382625929027
62232.270358,4.395697135168642,0.34622744330136235
62232.270358,4.20632172689338,0.4666550369297349
62232.270358,2.6581764370800656,0.640094693908742
62232.270358,4.775889158648355,0.3642251201385695
62232.270358,5.607938841148134,0.5960867693834636
62232.270358,4.41914281177325,0.5336975572076118
62232.270358,5.168131382688589,0.7842358267964429
62232.270358,5.157453768079571,0.6980672686196845
62232.270358,5.363173601647263,0.25908225611871066
62232.270358,5.301847683302134,0.35022466013805864
62232.270358,5.3541511986323576,0.5718019332025103
62243.952283404455,4.184919045591374,0.311973385978489
62249.951144404455,4.5233354232015035,0.32079588550341087
62260.529445323235,4.112765474885109,0.12422924662360299
62273.91685502278,2.407823024666243,0.3432041008738487
62284.476446323235,4.1625151343028035,0.11833656851781779
62290.445519323235,4.067845879488549,0.10800023151258799
62297.118673,4.421676591520966,0.7127870582070976
62297.118673,5.415236346114456,0.3970889260181513
62297.118673,4.455066135155596,0.30973242065896
62297.118673,3.626339597356867,0.412419950873076
62297.118673,2.5828860872229304,0.19256975140596785
62297.118673,4.459670986436086,0.5623048015840459
62297.118673,5.941183189551972,0.8034844252068193
62297.118673,5.481174582635811,0.9071353595146685
62297.118673,5.812703630213718,0.8036093834857111
62297.118673,5.7059898039671735,0.6419994397523329
62297.118673,4.836272206267513,0.3372348720486465
62297.118673,5.019861111213297,0.6891436400829724
62297.118673,4.2788409472781925,0.5032361527733558
62297.118673,4.8869101789013545,0.4393017956287434
62297.118673,3.8708988622567,0.3074112623697862
62297.118673,2.669032992344251,0.622228647981014
62297.118673,3.4867407383702567,0.9312114922380141
62297.118673,5.481357703463827,0.4862104914613645
62297.118673,3.757061838079154,0.7892372715636515
62297.118673,4.613449605390341,0.5486056090367165
62297.118673,3.377237175560923,0.6954576916023366
62297.118673,4.782064824255406,0.7178635007443864
62297.118673,4.923068521686911,0.39466847052898507
62297.118673,4.949944423677105,0.6812558115339927
62297.118673,4.689676430836994,0.43683838371481515
62297.118673,4.050305374342932,0.662001872570555
62297.118673,4.604645124392806,1.1138278395273924
62297.118673,4.280165367011611,0.5843146128857548
62297.118673,5.864268329123061,0.5913449614810222
62312.92326240445,4.171391212986494,0.27692845731004917
62314.38598932324,3.8502997959766097,0.10587500334328842
62322.966194,7.556860319034723,0.7391945057735716
62322.966194,4.874521465878802,0.32883846671709005
62322.966194,2.375298931216891,0.2033042138998816
62322.966194,4.200310909967747,0.37364632516413065
62322.966194,4.949859586454257,0.806762559317774
62322.966194,6.007830781147074,0.5843146128857548
62322.966194,6.863476082848639,0.9020533687050626
62322.966194,4.824462529252153,0.6326339819107472
62322.966194,3.9155025354745563,0.7756302984663163
62322.966194,5.472209618333595,0.3817464728812545
62322.966194,8.221697417174116,0.6115891704234204
62322.966194,3.014866880917399,0.18888316832725
62322.966194,6.085618925696059,0.5050567863523244
62322.966194,5.024031003574424,0.4918267842670239
62322.966194,4.942017709474491,0.46051063132394177
62322.966194,4.503841123386336,0.625679307557793
62322.966194,6.1192969817785405,0.6088153973383907
62322.966194,4.183837375989642,0.6684144263219507
62322.966194,7.792622578357285,0.8152456897398055
62322.966194,7.865299368540048,0.9290178255896324
62322.966194,6.66411188027517,0.40028941246849914
62322.966194,5.267785363223433,0.4384666436976478
62322.966194,5.0166137489232625,0.34619475841737823
62322.966194,6.878140322997742,0.5803800582100673
62322.966194,4.512883154816988,1.018409741511185
62322.966194,3.7299205496455885,0.9848898189016401
62322.966194,6.602209281964695,0.44876853942363576
62322.966194,4.718350228586078,0.5381977143071134
62322.966194,5.867776852465077,0.7229217201727488
62322.966194,4.868697098767503,0.5943724982015413
62322.966194,5.048349476856322,0.6378133141819264
62322.966194,6.843610722625082,0.6603116433891445
62322.966194,4.439477801372103,0.7197818959895612
62322.966194,4.250143248478952,0.5712223557665198
62322.966194,3.3899452886432844,0.42672418044936755
62322.966194,4.788617682344634,0.7598544406461171
62322.966194,5.03000839968622,0.8852319786501832
62322.966194,5.491278530962089,0.31023225780902847
62322.966194,6.836937575414323,0.6918191838880643
62322.966194,6.892865550788509,0.45788718215205415
62322.966194,4.6340078348800295,0.33122541811189504
62322.966194,5.583340250856877,0.6815144317903068
62322.966194,7.417365378153791,0.6300290102504679
62322.966194,5.629415745054419,0.48921919821768095
62322.966194,4.625067099257986,0.40134026617826374
62322.966194,3.7742681753541607,0.49662911221209427
62322.966194,5.880333957878994,0.5322753769642571
62322.966194,6.314550223242598,0.6621400599011232
62322.966194,4.9897113357802585,0.4267840459743222
62322.966194,3.583003852814124,0.4628160133469406
62322.966194,5.035447435765064,1.2522661464834077
62322.966194,6.604847829209062,0.5538839084057959
62322.966194,2.973711458895309,0.64320301945807
62322.966194,5.025532785412384,0.5955446682173511
62322.966194,4.429623425071038,0.4082475189045662
62322.966194,5.6503417832827525,0.30792966247496295
62322.966194,8.77593670480677,1.155548973130575
62322.966194,2.665302356684947,0.6979412996477641
62323.966551,5.359914771076146,0.5151907891153591
62323.966551,6.985952061360144,0.8852827990333627
62323.966551,6.5386362384003665,0.46780747889900764
62323.966551,4.654286049934268,0.5876850694886616
62323.966551,6.439170251259926,0.65445769168656
62323.966551,4.6787949572966445,1.089174442398239
62323.966551,3.455918130053943,0.4175325948921635
62323.966551,3.843196802925517,0.40797209963648007
62323.966551,4.643133128333817,0.36863846671188644
62323.966551,2.9033710809648428,1.204223629000955
62323.966551,6.303408714892307,1.0650251577892953
62323.966551,5.813028582503082,0.9884472124683644
62323.966551,7.6766440367792255,0.9465671587766857
62323.966551,6.424077150444288,0.6349498087426618
62323.966551,3.8705239366545072,0.811836434573618
62323.966551,4.4685617382074385,0.31006564542567233
62323.966551,5.172332445503537,0.2854070126889719
62323.966551,4.9817650533749065,0.381089422153404
62323.966551,4.0316697009028,0.4183222967316102
62323.966551,4.340513698587597,0.7649193087742675
62323.966551,5.1998111111310275,0.679674569885991
62323.966551,4.813868653573127,0.2918592592144851
62323.966551,4.0604605007163155,0.31985286489402714
62323.966551,5.938950904389488,0.5395794616108097
62323.966551,5.532925522570035,0.7442334442060997
62323.966551,4.872391097821622,0.48567560643225416
62323.966551,5.6447371919409735,0.5348718422177412
62323.966551,4.614946616593479,0.5971870083013615
62323.966551,4.671275975464172,0.7258368122670907
62323.966551,4.0746100769034435,0.5503966949546141
62323.966551,5.410196685085865,0.7513057809887547
62323.966551,5.516730424116639,0.43589980245687754
62323.966551,5.75296789990658,0.5253799411895912
62323.966551,6.3751386037534115,0.6495686300161656
62323.966551,5.202461958282998,0.733594341754819
62323.966551,4.90659441881632,0.5917812284546135
62323.966551,3.7840299269455535,0.4758853900803852
62323.966551,4.805713533223863,0.4856462490172147
62323.966551,2.575296063237335,0.19126860443700863
62323.966551,6.5977937419381405,0.66778498604635
62323.966551,4.858969837356375,0.671084982369738
62323.966551,5.626172461642703,0.6066713405751892
62323.966551,7.494247256083763,0.7567621996950639
62323.966551,6.049191817618426,0.855862011559894
62323.966551,4.842935930821857,0.43586220855567587
62323.966551,1.892021814683682,0.9249539264101274
62323.966551,5.153168517811801,0.822339526385006
62323.966551,5.297275559801637,0.4304654275717783
62323.966551,5.204580726786442,0.33914123085050435
62323.966551,2.932724225433967,0.4637898503029573
62323.966551,4.684382404560035,0.4828162416524673
62323.966551,4.418207721020096,0.37173996636227286
62323.966551,2.320412214909627,0.21143638245587687
62323.966551,4.871178838525778,0.6712808077859352
62323.966551,5.573864804009075,0.7214990589090315
62323.966551,2.8056266131623975,0.8332151422978754
62323.966551,6.733054586533135,0.7387771461634968
62323.966551,5.989487592057988,0.5929585561345214
62323.970709,4.358901469875627,0.4827337387721469
62323.970709,5.197704338074965,0.6288499613682788
62323.970709,4.263746517741373,0.35789032283132916
62323.970709,3.130940900618567,1.0581996613898155
62323.970709,5.583845842739155,0.8450371505597636
62323.970709,4.525726357444876,0.340285046131619
62323.970709,4.997477284328495,0.662001872570555
62323.970709,4.853917901362173,0.4236600190664353
62323.970709,3.2985489884264307,0.6823384679762495
62323.970709,4.858580309928965,0.4274935472964554
62323.970709,3.3580475159742633,0.4192368095651929
62323.970709,4.5117496911282124,0.5098323227080247
62323.970709,4.160828666148751,0.2757434944543189
62323.970709,3.7909959602914602,0.434525591225929
62323.970709,4.474740908383453,0.38306057433695617
62323.970709,4.7678135083923605,0.5400647727247097
62323.970709,4.658269316828612,0.5104709727675235
62323.970709,4.323124120827725,0.44041828224215707
62323.970709,3.737236124335336,0.7289210705476264
62323.970709,2.3564539859497984,0.18910002615540986
62323.970709,4.295170960576959,0.7025213591084322
62323.970709,3.8980507857861637,0.6605388896814838
62323.970709,4.745128384215324,0.7522576627921175
62323.970709,4.254945273645789,0.5929585561345214
62323.970709,4.345012814549581,0.9421798254799217
62323.970709,4.426478242450119,0.6007558020430368
62323.970709,5.356074721842638,0.6429919957050237
62323.970709,3.0570649664537566,0.8552990532566874
62323.970709,4.365279762560218,0.2920320592495438
62344.37303432324,4.319395613709282,0.12017199284584926
62350.37189532324,4.649288986352831,0.1125404916924553
62385.015286,5.087542269556537,0.7310730910070817
62385.015286,4.206113573921756,0.745712280533488
62385.015286,5.292809517738725,0.6766925886901589
62385.015286,3.859164696793977,0.6265985229949493
62385.015286,2.673532659393758,0.19820805493812457
62385.015286,3.779881182519212,0.5344558996287403
62385.015286,4.0225438172374774,1.156610740359229
62385.015286,4.604907470716598,1.0485726579264323
62385.015286,5.2187892469164145,0.7259586061086197
62385.015286,5.432328216041494,0.6698030294528897
62385.015286,4.67397973000198,0.5017700827535023
62385.015286,4.714789633020687,0.5373760384074079
62385.015286,5.290764203069858,0.7150663587994271
62385.015286,5.248494324101483,0.7070664558137822
62385.015286,6.4851897546522945,0.6793534886037433
62385.015286,6.215862497093676,0.7449878622944988
62385.015286,5.48879756885022,0.9706602446347434
62385.015286,5.3051594392110895,0.8265825216907399
62385.015286,3.8990089630440146,0.5472109121637094
62385.015286,4.224377885054358,0.46508253281150325
62385.015286,3.626496910608547,0.3866095650167636
62385.015286,5.027096454934017,0.7554896222077987
62385.015286,3.482757456948468,0.4174925776068603
62385.015286,4.043301142293612,0.5103820511742885
62385.015286,4.979101651934996,0.8021988501264884
62385.015286,5.160131369083814,0.9117182691564345
62385.015286,4.1607265665902196,0.5105477602858883
62385.015286,2.493562347803879,0.21165324028403676
62385.015286,5.387314275512604,0.6536741668095052
62385.015286,4.7675955524474825,0.6784414648626045
62385.015286,4.419576780829274,0.6079859046934454
62385.015286,3.731397518275031,0.44986073166844365
62385.015286,2.9439233504281592,0.5219766084249554
62385.015286,3.509501534922588,0.628669149499857
62385.015286,5.385633155415219,1.0728082599078237
62385.015286,4.023926213269142,0.5906958451676512
62385.015286,4.26351783382902,0.4283249678358336
62385.015286,3.771538842097832,0.3654720741495772
62385.015286,4.941252651681479,0.6384240838993122
62385.015286,5.554065438818625,0.7784847904919082
62385.015286,3.6569724188537798,0.34214406941662545
62385.015286,4.21846710309562,0.45851124426633555
62385.015286,4.076518585168978,0.4146916014950642
62385.015286,3.7126699262370577,0.6589252642758692
62385.015286,5.548238096051454,1.3553047037155097
62385.015286,6.317550514158626,1.2459447626041376
62385.015286,3.3376169849473634,0.982645326728141
62385.015286,3.418070661147329,0.3287262323615538
62385.015286,3.5872843919664454,0.42138853346158006
62385.015286,3.449727013984985,0.3525518031814736
62385.015286,3.8961483130743773,0.4540118635993371
62385.015286,3.2175715350688536,0.4808319970332495
62385.015286,5.023232723433884,0.7850888228862254
62385.015286,5.776215608209859,0.7059694502243032
62385.015286,3.8006249046509204,0.49199228020618285
62385.015286,5.2560595350613575,0.5885421412709538
62385.015286,3.583514756794635,0.9069844738520574
62385.015286,3.911866381857611,0.5858466386143485
62387.021043,4.285700173327192,0.5396940331513973
62387.021043,4.044513720665501,0.5696865881619071
62387.021043,4.552747821216994,0.8815375362948074
62387.021043,5.177789153743365,1.0103676273309696
62387.021043,24.53583633923062,0.609135015988451
62387.021043,4.147028474248138,0.7313858860703434
62387.021043,3.443267955966334,1.1008807937900362
62387.021043,4.252415155575751,0.8100971590870644
62387.021043,3.851412909475279,0.9486713891768928
62387.021043,3.6675218287737925,0.9110648944504176
62387.021043,5.492863161497905,1.151070918375756
62387.021043,2.6998808855151823,0.2861439042569533
62387.021043,4.910597409402988,0.9412297804468256
62387.021043,3.078951893494178,0.8452449450239891
62387.021043,3.91923018648634,0.5854610516937662
62387.021043,4.91062238911717,0.6663791546611743
62387.021043,4.129058110694677,0.8508516255412595
62387.021043,4.915036828940968,0.7632552179855346
62387.021043,4.885837535115816,0.4702987164183216
62387.021043,4.907960952257465,0.6474783277381535
62387.021043,2.62717243979613,0.8401169823363878
62387.021043,6.704052057602627,1.190239791806897
62387.021043,3.6984444272679164,0.4281984868759585
62387.021043,3.325340168463301,0.5644065752237484
62387.021043,4.786526350270901,0.9148587155688254
62387.021043,3.9002469015902,1.2586162395089768
62387.021043,3.9479308828657835,0.6565981261472135
62387.021043,4.56425148140427,1.4962715642232336
62387.021043,3.489713985990445,0.4050347039386403
62400.989541,4.583656655750372,0.6776375135714272
62400.989541,5.611380444285771,0.3598261194891018
62400.989541,5.338386747845509,0.4930038400053089
62400.989541,4.8073464889802775,0.6191972806069969
62400.989541,3.1964685969822106,0.6824373407964419
62400.989541,2.4624540923543448,0.159498932611587
62400.989541,3.5065342354851117,0.4103394735612346
62400.989541,3.203209324066929,0.8061724932802594
62400.989541,4.384620322370535,0.5611863219740427
62400.989541,2.094007147064577,0.3435209862348939
62400.989541,4.854822261882087,0.25418885157164434
62400.989541,5.2973961953717135,0.5850512275538067
62400.989541,5.046228732282507,0.4337917586085442
62400.989541,4.437905059669919,0.2510848617176186
62400.989541,4.9449210237628805,0.6166809379993992
62400.989541,4.848863346692391,0.6085149717694265
62400.989541,4.822054243322804,0.5059454180876335
62400.989541,4.449145809258578,0.5912922223755549
62400.989541,5.203629182479158,0.3261161779232289
62400.989541,4.804377012035856,0.3736310421605483
62400.989541,1.4608312797154053,0.9197613544338001
62400.989541,5.235843016508554,0.47492797586414254
62400.989541,4.936677674284076,0.6796406924682749
62400.989541,5.622914239238107,0.5723575325355713
62400.989541,7.131522556791604,0.4942761084642929
62400.989541,3.9189323508135354,0.28309428207588466
62400.989541,4.3821432501504205,0.7785609920316372
62400.989541,4.2488993978876595,0.43357098307794445
62400.989541,4.393867663869823,0.3535453284966357
62413.344013323236,3.390670903725363,0.10954585199935134
62591.373476,3.776704163489595,0.6708899229490783
62591.373476,2.7806046664111896,1.2959076564495264
62591.373476,3.2187940303267837,0.6549667181456993
62591.373476,2.7351083611342766,0.5731030486158328
62591.373476,1.567030528887143,1.5430498049298325
62591.373476,2.668556218316862,0.4079808827740671
62591.373476,2.294482914974827,1.3386850721749073
62591.373476,2.3061007360087267,0.6013238980297788
62591.373476,2.163249905528211,0.9355744166214252
62591.373476,2.4186402501050344,1.0155984427955056
62591.373476,3.4493290948878546,0.8570624687963364
62591.373476,2.539370664301938,0.5379103298334542
62591.373476,3.0510515046791946,1.0729654698489666
62591.373476,2.211216136109309,0.45218830780067243
62591.373476,2.747883197482965,0.8973530995471258
62591.373476,2.300101568828005,0.41003307543932277
62591.373476,2.4514627004218745,0.49979658698509655
62591.373476,2.178437706355558,0.9332209370961839
62591.373476,2.619966555753134,0.5815431891118658
62591.373476,3.332730769716008,0.7091063014458612
62591.373476,2.49796996464233,0.9276492592797416
62591.373476,2.242101933065623,0.7653081334644624
62591.373476,2.574914681886405,0.7410855216668754
62591.373476,1.6880222593212117,0.24385662776577796
62591.373476,2.818919227078646,0.7623360025483785
62591.373476,2.99638330484884,0.9230305311567795
62591.373476,4.3391786386293845,0.9391281306504388
62591.373476,3.745378099844099,1.0147472634078656
62591.373476,5.176392747303452,1.150008271322321
62592.344464,3.143286522612284,0.5837224415529872
62592.344464,3.9448887608919216,0.8624138403901358
62592.344464,3.018908712827402,0.4880319289025764
62592.344464,2.811412012581501,0.356854239213779
62592.344464,2.1902461892888727,0.309783305301894
62592.344464,2.668536871956844,0.7391945057735716
62592.344464,3.543114287205369,0.6166475135320603
62592.344464,2.8905920237468212,0.6028020821385268
62592.344464,2.624540234000179,0.35857637456838604
62592.344464,3.046578250347716,0.4847329405271443
62592.344464,2.576172429610322,0.5963674988797991
62592.344464,2.7282953940531396,0.26541352668624185
62592.344464,3.38713862096159,0.5302385719650804
62592.344464,2.4145401667802755,0.26663045409588537
62592.344464,2.0686873862081416,0.38734364925564574
62592.344464,3.2811081362181467,0.4177452077352318
62592.344464,3.119619152598146,0.7197238629837494
62592.344464,2.2709009985047235,0.8988549091743846
62592.344464,1.927108014867473,0.15364377125127052
62592.344464,2.6879526928535142,0.5732043598102021
62592.344464,2.6179155514773838,0.3245830595582441
62592.344464,2.7739270495113955,0.6495686300161656
62592.344464,3.0644208102346564,0.6054373410379521
62592.344464,2.3983702988482065,0.41281305377694205
62592.344464,2.8918673627500393,0.4715830016640644
62592.344464,3.6935440658736063,1.0373390945882242
62592.344464,2.7722243744977186,0.4080412165202072
62592.344464,2.9452568472969167,0.5824841128453487
62592.344464,2.8473942049566165,0.4330231991448074
62638.052028,3.699852926084061,0.5350275961302319
62638.052028,2.6679901773471135,0.393565013158286
62638.052028,4.479463374154375,0.8034627469987063
62638.052028,2.699421220248313,0.5496908314195302
62638.052028,1.9091088151302031,0.18281114913877353
62638.052028,2.3835674585439683,0.3756139994213147
62638.052028,2.2907760130742343,0.6092914027198884
62638.052028,2.6856808682333577,0.6131191203578459
62638.052028,2.2778033303010314,0.5345472840610558
62638.052028,3.5443594063228323,1.033546264260662
62638.052028,3.141770586134884,0.42523359814277756
62638.052028,2.0733527736920596,0.572603329095215
62638.052028,3.1961791903864913,0.5742603168857561
62638.052028,2.647772301734747,0.32655926275824276
62638.052028,2.9718642359790017,0.5896335548851693
62638.052028,2.3367801510037705,0.2863296580926002
62638.052028,3.3763318475158,0.6319358777149067
62638.052028,3.444651117400314,0.3609691503642263
62638.052028,2.888414023804458,0.4521154949820704
62638.052028,3.387214724755447,0.4077971727304224
62638.052028,2.7159997565073155,0.5406036509527914
62638.052028,3.7357219029615756,0.8275607431019808
62638.052028,2.510033171856671,0.2867399117558206
62638.052028,2.9928586574679983,0.38271792371456637
62638.052028,2.4065156142410533,0.7372204352113438
62638.052028,2.9172366564315855,0.4990311630878173
62638.052028,3.706832628086084,0.6864914240090936
62638.052028,3.04645378117086,0.735777470976058
62638.052028,3.2669976983344764,0.6268416914786882
62638.056171,2.642319667709846,0.5379113132285755
62638.056171,2.2018580928225653,0.40319357516030224
62638.056171,4.1046868733813335,1.0550389694501803
62638.056171,2.766847049790208,0.3423234292102129
62638.056171,2.6975691616149557,0.8588204928414193
62638.056171,3.92540723572844,0.7528254861170361
62638.056171,1.904185910090474,0.3508011215484083
62638.056171,2.9609982501240557,0.4787232811111458
62638.056171,2.621900208850958,0.26956805469188677
62638.056171,2.2149300058301,0.6738787206808425
62638.056171,3.2325253820440185,0.536999442307616
62638.056171,2.2790682699709475,0.17196825773077984
62638.056171,1.5386400514514431,0.5564427455386537
62638.056171,3.671338342468352,0.5230335837419944
62638.056171,2.5361291250961617,0.3900217008846914
62638.056171,2.1078378248644576,0.41934986282256304
62638.056171,3.557399667640758,0.6004577117396926
62638.056171,2.8251303987821554,0.5684540296090179
62638.056171,2.6713003533728124,0.492341251916263
62638.056171,3.0102993848531128,0.3737710961656174
62638.056171,1.9338124423115115,0.6513038062681004
62638.056171,3.4701801368130942,0.5982353996980838
62638.056171,4.1104814226580775,0.6612141163168651
62638.056171,2.918880008230996,0.4461700135400956
62638.056171,2.300101568828005,0.27041189818692435
62638.056171,3.2451393659624337,0.5812132031608432
62638.056171,2.310981611804422,0.4095054792589161
62638.056171,1.9538576978585045,0.3113083923433803
62638.056171,2.8192277965641956,0.8273481038038546
62675.980698,3.8743185621436247,0.6077476136713563
62675.980698,1.8136851662407327,0.5261087719872322
62675.980698,2.5834011244911492,0.6788337112740845
62675.980698,2.6838807009152186,0.4919099719570359
62675.980698,2.994048280414642,0.7877085754889279
62675.980698,1.9420234658402311,0.4188149777934526
62675.980698,1.8839049796809988,0.40071990282666287
62675.980698,2.1833654571159773,1.0107892822952897
62675.980698,3.1595937255872135,0.6195795011505814
62675.980698,1.761440763482824,0.5321820242752764
62675.980698,2.8903875634287113,0.5703400748300166
62675.980698,2.188272274881607,0.5803974403036347
62675.980698,2.3256069424713743,0.5417242976308411
62675.980698,3.0205865755891548,0.818786076508454
62675.980698,2.035187879291831,0.28157492787178184
62675.980698,2.1633801783560074,0.44332054310399965
62675.980698,1.9833608286711613,0.5238538011250551
62675.980698,1.9076992392471634,0.180317284114935
62675.980698,3.065506690448423,0.6035469834610585
62675.980698,3.056740860475913,0.6273593958002545
62675.980698,1.9307000686153497,0.281145657040833
62675.980698,3.840081414489009,0.5696936344453126
62675.980698,2.0167675383198134,0.30101405481334814
62675.980698,2.1233074257567246,0.35479678363855527
62675.980698,2.0199993891332504,0.3576546128600625
62675.980698,2.249334141549241,0.3761445242614536
62675.980698,1.9590700490550237,0.38578976013830824
62675.980698,4.175560930549993,0.7320187515761131
62675.980698,2.831762742755598,0.7293495955744034
62682.977568,3.9967416900665675,0.8468343042284308
62682.977568,3.837178985449227,1.2059682399478169
62682.977568,3.1246024723655346,0.5351670557331561
62682.977568,2.1008428198579665,0.9226803922131418
62682.977568,2.1051650803013864,0.4090334011391863
62682.977568,2.069378259917457,0.5793599569491459
62682.977568,2.67875025389523,0.768959297400795
62682.977568,2.228016260430957,0.9313140696317451
62682.977568,2.7608798784672537,0.9946017481706558
62682.977568,1.9909340254969,0.7063673817801761
62682.977568,2.5399835181464425,0.8500919860844451
62682.977568,2.428595983521964,0.850164047662544
62682.977568,1.7600216507863955,1.0893106180670584
62682.977568,1.5532303918148553,0.6546742304238855
62682.977568,2.8351001350687266,1.4817323813009124
62682.977568,3.581299638141094,0.558252035036578
62682.977568,1.8563960535400224,0.4142016840361875
62682.977568,1.872105634444127,0.7877026462757634
62682.977568,1.970588009413527,0.2737830080518406
62682.977568,2.4004299998949374,0.561876372649569
62682.977568,2.4642574746908954,0.894980520525694
62682.977568,2.526505125930891,1.1464971266471105
62682.977568,3.3021972803115904,0.7979404197814515
62682.977568,2.7831353466882343,0.8724861575054702
62682.977568,1.655859975266159,0.6250131565155165
62682.977568,2.451417345143393,0.442084606150826
62682.977568,1.7199462234147642,0.5346202755611835
62682.977568,3.5815616347727435,0.787767629643039
62682.977568,3.742402547834412,1.0989738880251205
62695.997925,2.134857814244631,0.23951947120258055
62695.997925,2.3409271997573153,0.7056510505904003
62695.997925,2.471392757573737,0.7594894193224606
62695.997925,2.3958563216478925,0.48686804939801914
62695.997925,2.490626753337988,0.8619613106336894
62695.997925,2.5555001906434214,0.7739864019326
62695.997925,2.408553580690672,1.2350343230388738
62695.997925,1.101378684630193,0.9251855328114784
62695.997925,4.603362310092569,1.1896940485287615
62695.997925,2.5244675293820276,0.6715108261823463
62695.997925,1.9790840784318426,0.36702727446510736
62695.997925,1.9768735451172024,0.367213692916809
62695.997925,1.991415953522658,0.7041775537276025
62695.997925,2.2679616774117246,1.0526316156385191
62695.997925,2.319490574191761,0.5634266046889023
62695.997925,3.117744287114789,0.5422538471589262
62695.997925,2.7334022033592777,0.989646757577414
62695.997925,2.073070297972281,0.6177922086225257
62695.997925,3.1870988171319006,0.5674018112496898
62695.997925,3.3946377751744095,0.8458864072249024
62695.997925,2.405469149472326,0.47789489605674
62695.997925,3.501843424076501,0.8358952419466381
62695.997925,3.467235091117546,0.8767066270448544
62695.997925,2.4500906300320864,0.5419402660232981
62695.997925,3.9133326375359783,0.9421736399359549
62695.997925,3.624640981589562,1.45897539933554
62695.997925,2.5581734380474312,0.44170333439045445
62695.997925,0.77271748360746,0.8065164639397137
62695.997925,2.8838218365102275,0.6154352488794319
62711.074484,1.9068963441076452,0.38054268358529586
62711.074484,0.4749114578886786,0.538550613589636
62711.074484,1.9462520717706528,0.38966407905782346
62711.074484,3.444827487142378,0.6638548797193295
62711.074484,1.969088534579761,0.8700880370707643
62711.074484,3.040802595863017,1.1327757514611743
62711.074484,2.228879421046722,1.385647346336007
62711.074484,2.605132777207116,0.5285500078780685
62711.074484,2.152119013251717,0.4197802081690897
62711.074484,1.6611428325985376,0.726685712818885
62711.074484,1.6665576758483684,0.5715246536044754
62711.074484,0.734356798117469,0.8018333251678514
62711.074484,2.7393959350982504,0.8978089747417769
62711.074484,1.6211748395753798,0.8715197719136055
62711.074484,2.2703949576777678,0.9388983336683419
62711.074484,4.037351067114054,1.2076134899341031
62711.074484,3.3276864980073757,0.9873741300328961
62711.074484,1.6367197978870092,0.47548571005462076
62711.074484,3.2709914890262555,0.8340091967256393
62711.074484,1.8169744005781645,0.6848155006815217
62711.074484,1.8399770975197338,0.5449497825894872
62711.074484,1.9654937610994168,0.6370843266677441
62711.074484,3.1769218627420805,0.7796482851068713
62711.074484,0.8215506604804244,0.7812587910868528
62711.074484,1.4803808888581322,0.22444785214546928
62711.074484,1.2021251617796018,0.6381682821046182
62711.074484,3.36794163067227,0.8443609132533516
62711.074484,0.9960023198926926,1.032439858155409
62711.074484,2.539370664301938,0.46887126497595183
62711.082764,2.5919500845576513,0.5273944457823114
62711.082764,1.8342966375310947,0.9788358690103419
62711.082764,1.9052245664280942,1.2920908649228093
62711.082764,0.7336399354559742,0.8806361324188399
62711.082764,2.672890411820662,1.1741600735462823
62711.082764,3.158567583076927,0.8828796360350085
62711.082764,1.9156793932165659,0.8536240670240262
62711.082764,2.4608619440773296,0.6292922367483998
62711.082764,4.377953711993518,1.0058164629214421
62711.082764,2.072093906653448,0.7190665726860856
62711.082764,2.2877899416082936,0.8455973652221003
62711.082764,2.1017213556021677,0.8287467459154864
62711.082764,1.4873067234661672,0.4978741437635421
62711.082764,2.3849844889190432,0.8486422051711332
62711.082764,2.1504378060200473,1.0824640424460752
62711.082764,0.9736216437836482,0.49931359389972724
62711.082764,2.7127112602596313,0.6864405013898802
62711.082764,1.5253176823304386,0.5669563707968066
62711.082764,0.9556801755260214,0.9448976840432196
62711.082764,1.7708472528801558,0.395950723145867
62711.082764,2.4555771469410814,0.6808561260052531
62711.082764,2.8473614114199144,0.7843308502639188
62711.082764,2.0464760921048146,0.34698247039827473
62711.082764,1.938009536480445,0.5551813373032111
62711.082764,1.4787025188825105,0.3297259066616902
62711.082764,2.6611296599765453,0.45942597991574463
62711.082764,2.423656589101391,0.6247600921206367
62711.082764,1.9272164437815515,0.2304114424198658
62711.082764,1.1986859793198779,0.4577453404026519
62763.977026,2.1624200196542755,0.47557274563095236
62763.977026,1.6060574305873114,0.28954035407287365
62763.977026,1.5701559087295998,0.45038759877449686
62763.977026,1.5153951734312106,0.25964606881303365
62763.977026,2.0882295419196755,0.4590468728450636
62763.977026,2.0850889426819403,0.135644571514001
62763.977026,3.1214952414147117,0.6701651610805962
62763.977026,1.4903653857174373,0.22975847664803983
62763.977026,1.5316870028613305,0.5721851998753855
62763.977026,1.0407903823528528,0.4767867984828794
62763.977026,2.3252911599522967,0.5590130296556993
62763.977026,2.497175646855494,0.30773247810127957
62763.977026,1.9373510845321977,0.39239738929944495
62763.977026,1.7290498916462287,0.43857240466751324
62763.977026,1.7331165483035793,0.4784307353234923
62763.977026,1.421172124841588,0.6438882355770779
62763.977026,1.593492869837073,0.32531037178315564
62763.977026,0.9751158747396236,0.22723204610245584
62763.977026,1.1217280652970114,0.3611427114932768
62763.977026,2.0998145494278013,0.3185240348352504
62763.977026,1.699599622010842,0.5497976093548529
62763.977026,2.5645173435546704,0.26838364947916504
62763.977026,2.346508588886463,0.49763172659832683
62763.977026,1.948333213535335,0.44601265168330423
62763.977026,1.4523522771727908,0.4268223679862907
62763.977026,1.8559177721697875,0.8236763194688946
62763.977026,1.794211676839602,0.41510988240078345
62763.977026,1.9110464274610433,0.3171845864326221
62763.977026,2.1251410891154663,0.3886527005607095
62763.985297,1.2293483466195791,0.2735521196951731
62763.985297,2.0937220620788484,0.4541596892164947
62763.985297,2.711387364518698,0.4930275780099074
62763.985297,2.1036302869896097,0.1371625763111201
62763.985297,1.6906275021583355,0.3329659306212315
62763.985297,3.7415175622387746,0.5540580390624578
62763.985297,3.5112802787770843,0.4810238837267031
62763.985297,1.0255168361539635,0.22076140794681132
62763.985297,1.7109726292163376,0.44500101191735414
62763.985297,2.4007784527090816,0.4614619263941081
62763.985297,2.4069834681723457,0.43742238658147903
62763.985297,2.3153227481344523,0.7019733274821308
62763.985297,1.6246893758241772,0.32733711521194275
62763.985297,1.587836807901807,0.2529738130065311
62763.985297,2.150733149752549,0.31868814385646776
62763.985297,1.2256124693408772,0.42406472167482145
62763.985297,1.1418689291345299,0.36290685570327
62763.985297,1.6891912944173892,0.516762174926333
62763.985297,1.6319325984968405,0.38297862488891665
62763.985297,1.4422444071388565,0.2876843617391771
62763.985297,2.5965222080581487,0.2971880275322952
62763.985297,2.1590771903963795,0.6789539721633597
62763.985297,1.3431799494150845,0.21841924431445164
62763.985297,2.2655434475464897,0.8635010379082964
62763.985297,0.5148193189881987,0.33507212337454817
62763.985297,2.354725192078508,0.4272333384332319
62763.985297,1.9194488738512625,0.6043410623477212
62763.985297,1.7420062403808654,0.403590263083989
62763.985297,2.5163683230477476,0.5245146327750116
62919.355577,0.5501740745353825,1.0209110719143757
62919.355577,1.4965143102200233,0.8831087207241123
62919.355577,3.317196275058242,0.9494893907421876
62919.355577,0.5999224100092615,1.334530786602532
62919.355577,1.7872563484702066,0.5859176265886711
62919.355577,2.431795843571293,1.6574668531446213
62919.355577,1.8791516082303925,1.008747913032988
62919.355577,0.28409173021938905,0.4180304698404148
62919.355577,-0.2221929261619362,0.6411030357647035
62919.355577,1.3589428724995134,0.8337622920039301
62919.355577,0.5504603171246156,1.1684872966050228
62919.355577,0.5379317860406037,0.4152384842465409
62919.355577,1.854677500262076,0.26402440578464614
62919.355577,0.9665280554792997,0.5206031933670353
62919.355577,2.5029943226676936,0.6127869045735136
62919.355577,1.1117408128119965,0.6882905119866545
62919.355577,0.9683334447529326,0.9730100683526265
62919.355577,1.035885234343068,0.7877460030660208
62919.355577,-0.44106482418966664,0.8585892114994571
62919.355577,0.6036100235317097,0.7981854045974783
62919.355577,2.6470877299198747,0.9086965874771893
62919.355577,0.5967876176275428,0.6621876660386902
62919.355577,-0.27837033482695794,0.9049992986224943
62919.355577,0.5938270923118711,0.551356912681364
62919.355577,0.590100915536313,0.7399925972429915
62919.355577,2.783670577563935,1.3831068218046356
62919.355577,-0.7103162589435588,1.0941520137257799
62919.355577,0.41733250356111107,0.4809743257087254
62919.355577,-0.829651882649916,0.6318623239901396
62933.3052,0.40859312330651676,0.36154926542896576
62933.3052,0.629359786867381,0.5185955446520307
62933.3052,4.431647811768821,0.7497161280814343
62933.3052,1.439970712913814,0.9608503496490558
62933.3052,2.4628014796117785,0.43101323207837405
62933.3052,0.7808270498536434,0.38070831206430816
62933.3052,1.102902803099438,0.5407138890380807
62933.3052,0.623756768348322,0.7594458107436936
62933.3052,1.9479316036620702,0.38612635306062487
62933.3052,2.9536381566012357,0.5915732934248821
62933.3052,1.816505245605038,0.49881942628358233
62933.3052,1.8375366596218843,0.2994417300659655
62933.3052,1.9447244896199471,0.5854284365980061
62933.3052,1.8971816345814094,0.13868058110823928
62933.3052,1.0081412682431772,0.37101464432636
62933.3052,1.3075451998147134,0.1773897034347767
62933.3052,4.098364883342022,0.5910355311571761
62933.3052,1.6483371140309764,0.7455280517691982
62933.3052,1.1403390587152575,0.6071466006772068
62933.3052,2.938133704187841,0.49540416726111275
62933.3052,0.7016596701617264,0.47646000159273655
62933.3052,2.7177750856329235,0.5690812355598166
62933.3052,0.5916460530902796,0.34748138603776046
62933.3052,1.6958138784602692,0.27501322855488547
62933.3052,0.7585586632086159,0.7074948192087779
62933.3052,1.9517926646944375,0.37595911379696967
62933.3052,3.1817804935175698,0.4052098066758191
62933.3052,2.2199823699572576,0.40159933812723764
62933.3052,1.4980810226251062,0.5626286401564811
62933.3052,1.2935998641098685,0.2876843617391771
62933.3052,3.223414556804954,0.3009156194091629
62933.3052,3.7236423420659506,0.4741517685590813
62933.3052,3.3598772904255263,0.44719803599394214
62933.3052,0.8755656911334864,0.20776564204503659
62933.3052,-0.0905396447793354,0.4059777370948027
62933.3052,1.0674864432447055,0.32708219530101695
62933.3052,0.9568230732818837,0.5651592392284774
62933.3052,2.8065397686793663,0.4588801426457971
62933.3052,4.639731928759658,0.6597452445007839
62933.3052,0.15913244270232596,0.2652469143028858
62933.3052,2.210425468927154,0.5495535021595109
62933.3052,0.8180793095255954,0.5875798073370493
62933.3052,2.7174386478800088,0.46427938144507774
62933.3052,0.2626637120929516,0.6842391555576206
62933.3052,1.8031726489425193,0.2921685569842764
62933.3052,1.0511478901655398,0.28702085823283585
62933.3052,-0.5223426325071703,0.5815057740534185
62933.3052,2.3747338656758927,0.35619555106186207
62933.3052,1.3058723702441153,0.44964191476636295
62933.3052,1.9391089179369967,0.8335933263850303
62933.3052,1.3838564161030202,0.24172629607557022
62933.3052,2.968617485616159,0.49784966909858896
62933.3052,1.5088841643363278,0.3445560939431801
62933.3052,0.344843306420179,0.42727146784686887
62933.3052,1.324181732455127,0.6165676671144062
62933.3052,1.3211858379671373,0.46697795324238933
62933.3052,0.558403054898589,0.30825821826040783
62933.3052,1.790732040217641,0.22515844568174898
62964.165241,0.7157061605309192,0.7190649949317561
62964.165241,1.4266001474744847,0.1373794341392799
62964.165241,0.3880115711948111,0.35583216762015857
62964.165241,0.2210723151776417,0.270075700488051
62964.165241,-0.23439511565117677,0.39169028260462446
62964.165241,2.5538839961459567,0.8533363262204652
62964.165241,0.8371071530274445,0.4543849028241167
62964.165241,0.8675517026304007,0.6081298783190445
62964.165241,0.8464834040022939,0.7868728699112739
62964.165241,1.1421708293942192,0.5773141559712395
62964.165241,0.6956345785806022,0.5849529687982247
62964.165241,-0.46524334634192854,0.47023351673052466
62964.165241,-0.22497804582268266,0.6121044560847464
62964.165241,-0.37105963793067076,0.29797746732725633
62964.165241,1.4122628277571856,0.4645320373973757
62964.165241,1.7071430163771186,0.6100573252877324
62964.165241,2.251281815461274,0.39610818185979585
62964.165241,1.1881857879930369,0.5704224365555773
62964.165241,-0.07450806731820414,0.23905739375296933
62964.165241,-0.021130020866186427,0.31607428934802484
62964.165241,2.204542582391179,0.6367117446927764
62964.165241,0.4277464586417281,0.2851600158872021
62964.165241,0.8232579943101541,0.40554303048200624
62964.165241,1.0007241502747277,0.5452154680467166
62964.165241,0.4148395109261305,0.5361700748444831
62964.165241,0.6161010006255943,0.3767090839677327
62964.165241,0.16817531184513435,0.4034257887601046
62964.165241,0.5314403990168213,0.5523687595155146
62964.165241,0.9886857130318898,0.43335849616560385
62964.165241,1.4140573377081402,0.7638232186837797
62964.165241,1.4485027881186312,0.183570151537333
62964.165241,0.2876451584504611,0.4435978359789018
62964.165241,-0.3174283875009625,0.2153088436833914
62964.165241,2.1519504459475716,0.2953160569120668
62964.165241,0.6731074697731909,0.4878065298591396
62964.165241,-0.1307731043372602,0.26657981336973446
62964.165241,-0.11017490423598453,0.27387019767976123
62964.165241,2.22508659071916,0.7471875745297264
62964.165241,-0.01416031072555235,0.3669129109148719
62964.165241,0.012248092294422364,0.4899418280043638
62964.165241,-0.07048129704965511,0.3750398983598133
62964.165241,0.7304524343512657,0.5674613135226871
62964.165241,0.48524041312093225,0.3750862958677846
62964.165241,2.6593656632250173,0.9918251306574795
62964.165241,1.04609104208029,0.420954517909894
62964.165241,1.0351917909483301,0.6837887018673259
62964.165241,0.33230836469217984,0.6000862534277686
62964.165241,0.515592166891695,0.4350920416056303
62964.165241,1.3171597877383743,0.4311059553788277
62964.165241,0.06475398418298361,0.45331356469129513
62964.165241,-0.1688203573503042,0.2859840580224822
62964.165241,-0.23573890585159418,0.20160098386086167
62964.165241,0.7266310130964744,0.518472197529178
62964.165241,0.6599930916983023,0.32761195745813243
62964.165241,0.8606279314167882,0.4380985404263952
62964.165241,0.9230674853848946,0.31959380489347117
62964.165241,1.106262973480625,0.33606544297955643
62964.165241,0.41589623347837623,0.5895777360842037
62992.166661,0.07749237485784377,0.24725277690042868
62992.166661,0.014113813152485832,0.39577283451318007
62992.166661,0.8876058687840569,0.5300184169480362
62992.166661,1.0370999306136461,0.6119337382375136
62992.166661,0.4470198094766271,0.35489621681475814
62992.166661,0.733872133599343,0.8957400956925737
62992.166661,0.15311892982222552,0.42781925178000585
62992.166661,0.45508567193549077,0.7094459170209957
62992.166661,0.11336179038162619,0.4666550369297349
62992.166661,0.8246106748967978,0.3318349427626934
62992.166661,-0.05847107996778611,0.3044335039041559
62992.166661,-0.21703537697490383,0.48749335051733156
62992.166661,0.40259747646820365,0.4311770307880002
62992.166661,0.33910779034313343,0.35337540760840913
62992.166661,0.6209194863654695,0.6223105149057911
62992.166661,1.8536661462137651,0.6198242778454812
62992.166661,-0.6347096105767722,0.5094999845982264
62992.166661,0.21335211176232427,0.26555578109879285
62992.166661,0.9808207522208559,0.48683480370404164
62992.166661,0.7534731772933636,0.5532651887083941
62992.166661,0.6281296791647133,0.34782823068782837
62992.166661,1.1212703840708738,0.5316346490854436
62992.166661,1.607459576159819,0.14876447011767335
62992.166661,-0.5737362277841935,0.7310394105731878
62992.166661,0.5779296825887901,0.29375893490692256
62992.166661,1.0145468338601873,0.5275668648972568
62992.166661,-0.2862061075145981,0.4530831867329896
62992.166661,1.0194307041979673,0.5005564016530631
62992.166661,0.017803680513308606,0.24693125009917063
62994.183144,-0.22874518823610224,0.626547887074069
62994.183144,-0.04209996768662094,0.29224480432480215
62994.183144,0.2313243173460524,0.5541668748920764
62994.183144,0.06964369103097923,0.25090565090552536
62994.183144,-0.006136216448705767,0.4761535964470178
62994.183144,0.5146563256926537,0.4259020080140263
62994.183144,-0.417658811192835,0.3081567913619767
62994.183144,0.22335915430116593,0.3437119202654874
62994.183144,0.6680720333581665,0.7027077568597025
62994.183144,1.7422085467035409,0.3676234508963074
62994.183144,0.20216026621153382,0.5651955164595606
62994.183144,1.5112831293709146,0.15136676405559185
62994.183144,-0.13482897105325442,0.5692084476974174
62994.183144,0.5186981210654977,0.45340774488967506
62994.183144,0.014113813152485832,0.39082567408176533
62994.183144,0.6501698727524214,0.5583575519582632
62994.183144,-0.0263534412860853,0.4067800646384681
62994.183144,1.7175289727382133,0.6918239234856934
62994.183144,1.2472049224477448,0.47915862110434737
62994.183144,-0.43939189907041865,0.38998197607613105
62994.183144,-0.7193704454236762,0.5727380894056082
62994.183144,-0.400685165374119,0.2514180864843308
62994.183144,0.7145289082767459,0.605819561581537
62994.183144,1.0877106292816219,0.5104801401447568
62994.183144,6.936581337946279e-05,0.6076484879697439
62994.183144,0.7676281067262583,0.8283645019657752
62994.183144,0.4087611130704065,0.3470241736877108
62994.183144,1.2326293216737536,0.9968822377608949
62994.183144,0.47209434683176177,0.8538847428825606
63022.155525,2.924231647766435,5.811248200213007
63022.155525,-1.372854553917799,2.2639707322876417
63022.155525,-4.130242612992655,3.4922370743726012
63022.155525,0.0003908101694332089,2.3748895292502294
63022.155525,4.479622983045756,4.049747150192398
63022.155525,-0.23048141173067727,3.5858291251349956
63022.155525,1.6576760132222859,1.5958083237689578
63022.155525,1.4955609368293228,0.9410545452997721
63022.155525,4.782413070955223,2.2522801359240385
63022.155525,2.0288926317383957,4.25318374376238
63022.155525,6.675559299147775,3.757368927199239
63022.155525,0.6497658408822176,3.410724177654107
63022.155525,-1.5021292722661226,2.162404960835101
63022.155525,1.0442862796394685,1.9429238815361358
63022.155525,-4.3955498099806025,3.280780776588537
63022.155525,-1.6974187024459155,2.751711340539577
63022.155525,1.4158092687199986,2.636561667697873
63022.155525,3.9348288049513425,3.5757095079796346
63022.155525,0.869975170170628,3.905577094045307
63022.155525,3.0693956585156466,4.9472667087627356
63022.155525,-1.8550471882533959,1.6915121648884344
63022.155525,-3.8563458310553447,2.9836631344100093
63022.155525,4.284779245508133,2.7254989593231995
63022.155525,-0.6263619723486631,4.729808846500291
63022.155525,0.4740298472453244,1.5836507037995786
63022.155525,0.3002689292700964,2.910542479182897
63022.155525,1.89864815230173,3.31996764157554
63022.155525,-4.232933370912546,1.9350143935203015
63022.159336,-2.985107394931699,1.226134944982122
63022.159336,-1.2081298368925797,0.6579420572598557
63022.159336,-2.246537373895153,0.8438512073823589
63022.159336,0.055819688226266706,0.43994888925996384
63022.159336,-0.05335997402322157,1.090728189658801
63022.159336,2.427406305143575,1.4310886119850452
63022.159336,-3.1624453318006616,1.1733015233153445
63022.159336,-2.1999628621328977,0.8583581036698008
63022.159336,0.4043898027418731,0.6931521448904446
63022.159336,0.06433696706661785,0.8272938934407645
63022.159336,0.6422528451019289,0.7902926305106338
63022.159336,0.7189911672510796,0.9734864768937478
63022.159336,-1.7230410411720367,0.7304698748382046
63022.159336,-0.29013383608169363,1.0681624725132934
63022.159336,-1.1954470428105939,0.5141449688610512
63022.159336,-0.7205533915523166,0.6654725754973164
63022.159336,1.1152264124750833,0.5852021317095026
63022.159336,-0.11322530728867797,0.5762334883250609
63022.159336,-1.7638003845312422,1.5015648208172452
63022.159336,-0.9605027734505587,0.4270275385416433
63022.159336,-0.5964712534064311,0.9165798314540644
63022.159336,-2.650956394655143,1.037442118144675
63022.159336,-1.43481736109314,1.0632758948832355
63022.159336,0.2205883029274336,0.6456539018390776
63022.159336,-3.994865419406132,1.2663735250134565
63022.159336,1.0267143123476767,0.29015577407791104
63022.159336,4.31101684320071,1.7257377990407385
63022.159336,0.057109573311292294,1.1455149691229443
63022.159336,0.29141724889245957,1.0648611317758843
63022.163127,-2.3694848200435157,2.5852087248465656
63022.163127,0.2481361925731118,1.5193074796744852
63022.163127,1.0311911567462886,1.9248566486468879
63022.163127,-1.1957035157515765,1.9523366254343124
63022.163127,-0.5428390069347966,2.278810312561556
63022.163127,-1.4217598779466805,1.2905789464707986
63022.163127,2.1431586928979414,2.0116292540902294
63022.163127,0.1775271306732673,1.6652147211194133
63022.163127,-1.9198448189182447,3.0759853956528325
63022.163127,-0.251910732751389,1.106911099470287
63022.163127,2.5278343386457838,1.4116085063265194
63022.163127,0.5024702132312218,1.5841683627820358
63022.163127,0.9157634264669543,2.8336688930470073
63022.163127,-1.415567058209671,1.1909336941498871
63022.163127,-1.2885645845319882,0.8341057692293187
63022.163127,-0.24148947580394164,1.3640420678395229
63022.163127,0.49287314660689496,2.0114964756910987
63022.163127,5.112923822340931,2.4009181692706507
63022.163127,-1.020752359597184,1.8002587602833056
63022.163127,-0.19141032768321686,1.9577149393966842
63022.163127,3.8734507249461068,1.2075578254607184
63022.163127,2.332489537090831,1.335875360203254
63022.163127,0.5906585155945834,0.7965738048254377
63022.163127,1.8657372494982276,0.492700985579233
63022.163127,0.4749114578886786,1.1207798544385585
63022.163127,-0.45953705335273654,1.9218507221257208
63022.163127,-0.11437973288525072,1.8717811030927956
63022.163127,2.5715179496604357,0.9583265696939206
63022.163127,0.10360143290205137,1.0407683529155036
63022.166927,-0.6356086259061957,0.7207651703984194
63022.166927,0.8669045573283025,1.3444335206690206
63022.166927,2.998762972245874,1.7841075780125049
63022.166927,1.632258177073222,1.6990756384191064
63022.166927,-1.8456490597216817,1.0214948648985496
63022.166927,-0.1951824181252153,1.8769922039379383
63022.166927,3.4532400784248978,1.163248243961958
63022.166927,1.9572704949815414,2.1684840650785944
63022.166927,-2.418726636256041,1.1697925892140875
63022.166927,1.476864688830295,1.3291855221281612
63022.166927,-0.8512744795168299,0.5095074672616232
63022.166927,1.5642240816624433,1.2211240998208746
63022.166927,1.1746842296866777,0.9805966161666066
63022.166927,0.7928851875270997,0.9060923385230168
63022.166927,-0.3186619231831518,1.494914869693517
63022.166927,-0.4545480357034357,2.8895045712143648
63022.166927,0.15639544706501063,1.8347878742826895
63022.166927,4.14429231622266,2.682854310970769
63022.166927,0.9812542981878192,2.3331915505662413
63022.166927,-0.1139907158560991,1.4371829833897756
63022.166927,0.5636280769451627,1.1082028494128355
63022.166927,3.162269269392306,1.9000183221588771
63022.166927,-0.7155648767233078,1.9237149780367768
63022.166927,-0.4485120432727516,1.162233793826299
63022.166927,3.9906266781783755,2.395142268567301
63022.166927,3.4599449745023225,1.634989122081022
63022.166927,-3.830944373572736,1.9926413745129112
63022.166927,1.0254719309959732,1.8267253243078994
63022.166927,-1.6618126602592156,0.7739713570288208
63022.170734,-0.022670643411720093,1.3131886777305335
63022.170734,0.05808857254284128,0.8184802091529514
63022.170734,-0.6492695582853578,0.707971034165742
63022.170734,1.2880279952803253,0.31672085802749544
63022.170734,-2.5231459014650888,1.1970786329890357
63022.170734,-0.9685962244928916,1.5745042368759357
63022.170734,-0.6663143956589845,1.8439476775830896
63022.170734,0.49350610985111665,0.6819293284506998
63022.170734,-0.9516093841634454,1.5251054419627563
63022.170734,0.15997406531030656,0.5415965356078037
63022.170734,2.188975202590143,1.3425689088922477
63022.170734,-1.1306000974848391,1.166500070826386
63022.170734,0.7068844974050545,1.1722704071738637
63022.170734,-1.6436874393648981,1.2051402375251088
63022.170734,-0.5644780225872577,0.8857666198825472
63022.170734,1.3941352994862175,0.9492431414368473
63022.170734,0.37077259776367555,1.3554151540966957
63022.170734,-0.25176437417857933,0.49386250019834127
63022.170734,-1.3683025455864257,1.1225741155384452
63022.170734,-0.6125838604552083,0.6294545972809673
63022.170734,-2.0556134536973953,0.6675300310725399
63022.170734,0.5370658080594861,1.0300297244037608
63022.170734,0.09352693580746241,0.9723762374298257
63022.170734,-0.5340294577892681,0.9389274214644181
63022.170734,-1.4005672427898137,1.083064852125157
63022.170734,-2.1552876905224903,1.1253282006141765
63022.170734,0.43374835366527087,0.708462760467385
63022.170734,0.43899653403997263,0.8245252723737
63022.170734,0.11248097536262058,0.4935058795007209
63028.200588,0.8298245422294954,0.49468629698699357
63028.200588,0.44893914558975645,0.49358226043792286
63028.200588,0.33182725379334954,0.5209561912845881
63028.200588,1.107709258200348,0.7272004939385198
63028.200588,1.215606212737507,0.309436692774309
63028.200588,0.17155401948476445,0.36612880242607704
63028.200588,0.3247813409275988,0.41793661876044547
63028.200588,0.344843306420179,0.3867354567947299
63028.200588,0.11581322302974328,0.21792899742975788
63028.200588,0.7221733191484372,0.5324332172133004
63028.200588,0.11010696015622123,0.41540226136892666
63028.200588,0.7716763821259409,0.6135179261813556
63028.200588,-0.22714815303283942,0.30552170690265545
63028.200588,0.18770456643040667,0.844536886270486
63028.200588,0.43780690318283,0.7053803243733109
63028.200588,1.4631406915194223,0.13521085585768114
63028.200588,-0.08414834017144379,0.21582724378856816
63028.200588,0.19777870389398444,0.2715809675116213
63028.200588,0.5251892841992092,0.409267835580444
63028.200588,-0.13741790777951302,0.2461109213198432
63028.200588,0.561049883070007,0.34959933715330915
63028.200588,0.06415907924518116,0.4567112928960071
63028.200588,0.4045799621523827,0.5047057011392607
63028.200588,0.42247748357189785,0.3035890004329908
63028.200588,-0.11725409655446661,0.32994720378906706
63028.200588,0.4114533915192702,0.5622248351313851
63028.200588,0.30456868992247443,0.5482773610709397
63028.200588,0.6478736652025745,0.589208891772504
63028.200588,0.12934252661851353,0.5047429722091847
63089.017269,-0.9360525130118287,0.7506433522958693
63089.017269,2.019433104242209,1.848661944969371
63089.017269,1.1760633067005184,0.9310656388273539
63089.017269,-3.333696098954892,1.2470689430755226
63089.017269,1.7592600558717297,0.4555098680498147
63089.017269,-2.0578995154476445,0.9340848311515063
63089.017269,0.8979962522333569,1.625358391927809
63089.017269,1.9784596047880196,1.2817067985741137
63089.017269,-2.498678711739098,2.345029647119993
63089.017269,2.1836814648622305,1.3446444431481201
63089.017269,1.390171980902993,2.121731163010499
63089.017269,0.7955917471225664,0.7112682645471227
63089.017269,1.0075880555717394,2.7302056974567583
63089.017269,2.8999406601252256,1.4016539910905645
63089.017269,0.12551291377929452,1.5341429033914975
63089.017269,0.2036471212313895,1.0523862947747358
63089.017269,0.8007516694743888,1.0777940510714918
63089.017269,1.9773647620432069,0.933030362397331
63089.017269,-2.7611117735258386,1.4717203090536055
63089.017269,-0.9695814225874191,0.9938987343288204
63089.017269,0.4529910673028823,1.4873838922103333
63089.017269,-2.022170183788745,1.5135933525948813
63089.017269,-0.4177357542030631,1.5359952279813676
63089.017269,-2.547851608151026,2.0731073688047026
63089.017269,-2.8377627216737444,1.525507898962951
63089.017269,3.764661726049062,1.7175283073220968
63089.017269,-2.4759569373262718,1.132624896547788
63089.017269,-1.9668048914180059,1.0728348330488366
63089.017269,0.7759461740579479,1.0620785731435058
63141.979665,0.13214764129034684,0.3922881963426296
63141.979665,-1.345251220927798,0.6261642080250341
63141.979665,0.793581213877367,0.5383538410279345
63141.979665,-0.4190125275432859,0.2984027785907465
63141.979665,0.2626637120929516,0.7612667365980107
63141.979665,0.2666357309981269,0.3212352651744982
63141.979665,-1.250910317320626,0.535421111458936
63141.979665,2.031681581879507,0.44820845900668976
63141.979665,0.5539968152987118,0.44689644182174926
63141.979665,-0.6702433798598886,0.48454688003245594
63141.979665,-0.10429156503051829,0.9580839086806893
63141.979665,0.9779377093359969,0.6446502565373666
63141.979665,-0.22054359283762714,0.4102186710881182
63141.979665,1.699129028550587,0.6398371899605634
63141.979665,1.852400493066396,0.19820805493812457
63141.979665,0.3201930294290154,0.46561634316645933
63141.979665,-0.1450433429869431,0.3593486341501971
63141.979665,0.307382097671109,0.44196330330029626
63141.979665,0.8556856630577929,0.630641903627183
63141.979665,-0.9617733657826584,0.855807252337648
63141.979665,-0.4626925827556949,0.3947084327200474
63141.979665,-1.0386893893435616,0.6540978729387615
63141.979665,1.1460263625277545,1.1214135001825158
63141.979665,-0.1265145811298769,0.5872815198309118
63141.979665,0.7708225511262103,0.8734099703882952
63141.979665,0.606328823370589,0.5842046820339407
63141.979665,0.17165038678051836,0.6449025764730884
63141.979665,0.5785781519622883,0.7597748724755684
63141.979665,0.05316000075132976,0.6705412050051041
63268.256651,0.6497658408822176,0.49829314738786507
63268.256651,-0.5205960269529317,0.24096375255482694
63268.256651,0.37666984762716105,0.6833271609708861
63268.256651,-0.8684981054783005,0.316893005319761
63268.256651,0.5528666503556696,0.5403700587657595
63268.256651,0.9534006123300074,0.2911772498489958
63268.256651,0.7660047507626739,0.3489954609737148
63268.256651,0.2515999482640847,0.5835343278067981
63268.256651,0.5271025383627421,0.47614569985236965
63268.256651,0.25788103755400904,0.29353032873189766
63268.256651,0.13217991010203356,0.3941969102513764
63268.256651,-0.7664381660262851,0.3226647970267177
63268.256651,1.0793192998532266,0.5041757575975298
63268.256651,0.8261300963968807,0.4629140628265145
63268.256651,-0.24772970514454506,0.2618430796433686
63268.256651,-0.1977885471834533,0.2865074092073704
63268.256651,-0.2152476591121637,0.39929885092028977
63268.256651,-0.3740271840371445,0.18760554365895063
63268.256651,1.7251049479365506,0.13109055712264367
63268.256651,-0.322612388552729,0.20131204084362056
63268.256651,0.6539994855916422,0.4955519013950569
63268.256651,0.08087317887074086,0.730751976443624
63268.256651,-0.00809719083256688,0.27289506896732246
63268.256651,0.07729902797318822,0.4005047653499349
63268.256651,1.7671790376771863,0.5792834457189598
63268.256651,0.09934454055486164,0.3535590042419824
63268.256651,-0.9781491170488028,0.4836877818169621
63268.256651,-0.4942302112989072,0.6113634943956002
63268.256651,-0.34422199745250204,0.4773934589371225
63268.264945,-0.2208805929168669,0.3828601051085677
63268.264945,-0.5120380152530029,0.4386941184043051
63268.264945,0.012513545348971533,0.18443990837518504
63268.264945,-1.3197877166596914,0.47994802999020675
63268.264945,1.0982773956404355,0.11428407544025344
63268.264945,-0.5913700447716153,0.3293855316477118
63268.264945,0.1779546037409414,0.4527412778612379
63268.264945,-0.5101512356276086,0.3670752752113261
63268.264945,-0.5334259700050126,0.43594460824843345
63268.264945,-1.2710747158671065,0.5097649962526157
63268.264945,0.029772592798794406,0.450362469892262
63268.264945,0.36839304511731186,0.27576948245683863
63268.264945,-1.4488393684118979,0.39980268858945595
63268.264945,-0.6848594405187853,0.2415756509397728
63268.264945,-0.9915387665269453,0.4378167698350712
63268.264945,-0.07393201639963287,0.34014346559876535
63268.264945,0.1216602373579807,0.4235597963511242
63268.264945,0.1832470461447624,0.30895013828927437
63268.264945,-0.6009520183006334,0.5712157669997129
63268.264945,0.08217010008192283,0.6213560781541048
63268.264945,-0.024364101314072073,0.3124956339176984
63268.264945,0.25537490203048563,0.26001360834455034
63268.264945,-0.5612384703964981,0.29980305881638597
63268.264945,1.2528577500874203,0.6928236731680035
63268.264945,-0.3707859437643055,0.24506581962663088
63268.264945,-0.07723633876908842,0.19267203909067546
63268.264945,-0.722670059949861,0.21503727284956092
63268.264945,1.1092145252926802,0.2687789998606115
63268.264945,-0.863470513643751,0.5306344471671344
63290.273704,1.084236134164712,0.6022159109383093
63290.273704,-0.23830030594660023,0.4656809212491416
63290.273704,-0.43574879830006097,0.34236495821063206
63290.273704,0.38194741950039734,0.44736992642089923
63290.273704,-0.25419679450163635,0.25055236782722734
63290.273704,1.6251046527425306,0.28606460582990806
63290.273704,-0.29412150620752975,0.3552609529587105
63290.273704,-0.3694750911504503,0.25975405441030874
63290.273704,1.867814751864593,0.6460348279483985
63290.273704,0.21474865287097522,0.33723143607477224
63290.273704,-0.1022037770457409,0.5491030484692162
63290.273704,0.5654704432662374,0.47537834175429977
63290.273704,-0.21440241854954678,0.41006843745130855
63290.273704,-0.034368079357170345,0.4334542749720845
63290.273704,0.2785250851182113,0.39174169511942547
63290.273704,-0.22951423985547947,0.2957810732191933
63290.273704,-1.309259594853918,0.45811128324411654
63290.273704,-0.17465904659404607,0.369218200591156
63290.273704,0.10215668075445272,0.28562620652800624
63290.273704,-0.2907111213506628,0.4177670541379305
63290.273704,-0.08887388967829501,0.5343547734373435
63290.273704,0.850185596977914,0.7433947442021642
63290.273704,-0.9190778028782827,0.4545972035221297
63290.273704,-0.16542354885479504,0.30595423665115573
63290.273704,-0.47899298555147674,0.20210082101092994
63290.273704,-1.0009984450210982,0.22704733330126511
63290.273704,1.423672566794325,0.12198252833992887
63290.273704,-0.8141281850628648,0.5095162568378178
63290.273704,0.05754768857685555,0.21029764266668344
63290.281991,-0.30726714739009076,0.43807849240884467
63290.281991,-0.5571620042433683,0.6238783610581333
63290.281991,-1.0543184070885854,0.30770391158343796
63290.281991,-0.2362123710232762,0.23984644866175567
63290.281991,-0.7273635710164985,0.3660656846772194
63290.281991,-0.7584199315818605,0.5369418585515437
63290.281991,0.462504575656169,0.6610867020047844
63290.281991,-0.07984194419712942,0.3519543491546511
63290.281991,1.2435721405075508,0.13987329916311855
63290.281991,-0.2819008475956277,0.43264406575494796
63290.281991,-0.6902537071456667,0.48167472151715585
63290.281991,-0.49212456034924656,0.29348265843997784
63290.281991,-0.5587232029900875,0.280234743873098
63290.281991,0.8071839991604381,0.495168940111135
63290.281991,-0.2404475034291842,0.5073461644486585
63290.281991,-0.6466456125578102,0.3711236147003249
63290.281991,1.6698363368481477,0.7930104933899697
63290.281991,0.31711955836560257,0.3098667012373487
63290.281991,0.30970727530031894,0.9298755686406317
63290.281991,0.2470168325672315,0.5432895334334855
63290.281991,1.4782987316230116,0.3539897335120735
63290.281991,-0.08208097301391071,0.3592188157699489
63290.281991,0.017511916849654696,0.23725603389906366
63290.281991,-0.036252623448268295,0.4398680395409771
63290.281991,-1.1812849879027016,0.5175266160135022
63290.281991,-0.656202406136094,0.41283797530398475
63290.281991,0.44893914558975645,0.5312573905715807
63290.281991,-0.9821013290210825,0.7373968664738286
63290.281991,0.32737990899401304,0.49173074032090247
63290.356508,-1.5193138648891686,0.529801903556945
63290.356508,-2.790433476393723,0.8982182774237298
63290.356508,0.8969638376845115,1.3774295472929556
63290.356508,-0.8375564930282557,0.4003776812314754
63290.356508,0.9096110851413446,0.26673512863664467
63290.356508,0.2989614297764529,0.8981347342395963
63290.356508,-1.1862127866977676,0.6614490992629412
63290.356508,0.7189420628802168,0.8701840832112606
63290.356508,0.3614382048189615,0.6557690456893651
63290.356508,0.7457029124053083,1.1047375190310291
63290.356508,-0.44536949899707245,0.872616902994724
63290.356508,-2.0211364977010806,1.029737136013641
63290.356508,-0.14213231471510035,1.2092587399203893
63290.356508,-0.3523675742008532,0.3802094588185837
63290.356508,0.29089518210135346,0.760213762004914
63290.356508,-0.33705377382501034,0.7148432049619643
63290.356508,-0.7624816116270718,0.8766919960792646
63290.356508,-0.7170019108490866,0.9470632551390848
63290.356508,0.9610935170580444,0.9759347682996057
63290.356508,-0.9323603544357422,0.5386046440550821
63290.356508,1.1817555583094421,1.08951628141561
63290.356508,-0.2689566651076998,0.4283588227774496
63290.356508,-1.1274723830965332,0.5385961483585289
63290.356508,1.0023359193698465,0.5382883774382354
63290.356508,-0.634205517019911,0.5358064066414086
63290.356508,0.9547144061357624,0.7792078810963021
63290.356508,-0.10956519763288242,0.6533000191929368
63290.356508,-0.09471679507013953,0.8075006938335803
63290.356508,1.1020231019983324,1.107873996494105
63298.296309,-0.737909157344605,0.5347265404748077
63298.296309,-0.4670512188749978,0.4398680395409771
63298.296309,0.8713007192422211,0.6743801804347139
63298.296309,-0.8679750505466988,0.6072115745172302
63298.296309,-0.6939229600808243,0.23708942151570758
63298.296309,0.05399091738058637,0.51241963698354
63298.296309,-0.5803435749009118,0.8710866985634204
63298.296309,1.222179612190617,0.346442497102944
63298.296309,0.2623639945286289,0.5079910609222703
63298.296309,-0.3712190178147807,0.3197001094684973
63298.296309,0.3077353192199066,0.4835916534614287
63298.296309,-0.7398272891665787,0.27794711331086847
63298.296309,0.1819819325832892,0.7463950771118594
63298.296309,-0.7087212943264465,0.38972630509700656
63298.296309,0.5414755908455806,0.6941883251380706
63298.296309,-0.6761143751616885,0.34605409391486475
63298.296309,-0.7550872009365737,0.5564239261231436
63298.296309,0.2571843818795596,0.6530721408081023
63298.296309,-0.3615661854825145,0.43999778925219885
63298.296309,-0.5513848220339312,0.3250779808853259
63298.296309,-0.10658619565264793,0.3776288305519509
63298.296309,-0.7246412549364027,0.4808018262521679
63298.296309,-0.313972386799783,0.25418885157164434
63298.296309,0.09104639822631277,0.5491664811441358
63298.296309,-0.30457304094313997,0.5254521985702468
63298.296309,-0.05503896476983705,0.39056994432668907
63298.296309,-0.8830098995395641,0.5350629592719502
63298.296309,1.5511849697523328,0.1650288072296639
63298.296309,-0.46365236214238337,0.3344388204760046
63298.304602,0.28331438257080777,0.6210192769338511
63298.304602,-0.6877294075430864,0.36811080306807153
63298.304602,0.24806052463433126,0.4549580052993259
63298.304602,-0.8289816366141203,0.44998350241236573
63298.304602,0.3302317656371532,0.5405444283536173
63298.304602,-0.13690935543925775,0.3871978809258282
63298.304602,-0.12131505450631686,0.4849703179801731
63298.304602,-1.4186770785611618,0.4614619263941081
63298.304602,-0.13666432614171597,0.4188139728471895
63298.304602,-1.7525979937044305,0.5232290576946803
63298.304602,-0.5879827218520202,0.3131751845441462
63298.304602,-0.31691103292239475,0.26238225732171155
63298.304602,0.8111563271026423,0.33228427564335744
63298.304602,-1.4564837792835892,0.4517846825169569
63298.304602,0.3140497915444431,0.43907132744850486
63298.304602,-0.4739946140507936,0.21143111447887064
63298.304602,-0.819894358844607,0.23200386618609542
63298.304602,-0.8221208003336518,0.4304098200117893
63298.304602,-0.07660939996402938,0.4029227666202242
63298.304602,1.9786074677765964,0.2877688205029373
63298.304602,0.7413669279206108,0.6400022446653489
63298.304602,-0.04106791344323035,0.3713643634073477
63298.304602,-0.669940459021122,0.21029764266668344
63298.304602,0.16847501533661635,0.29408751128504107
63298.304602,-0.022670643411720093,0.5371920554201962
63298.304602,-1.1324762620592868,0.3099356130267124
63298.304602,-0.7822770588090222,0.2599252210032459
63298.304602,0.07139110305183571,0.7743695252105878
63298.304602,1.3406160186090936,0.12642811381720637
63320.164156,-0.36016134181423,0.4256160559328747
63320.164156,-0.7016405480720671,0.3995310908798783
63320.164156,0.07615759237627096,0.4691946207419581
63320.164156,0.12679913409026788,0.3484999681685503
63320.164156,-0.34999048123341403,0.4249328512262837
63320.164156,0.0970309256235442,0.28954035407287365
63320.164156,-0.6442392669039094,0.4675957276687513
63320.164156,0.4779546305787168,0.7140197087496405
63320.164156,-0.7922242662609147,0.230424926181464
63320.164156,-0.4749360893984722,0.4292736091520411
63320.164156,-1.0798137016645857,0.5258002078553425
63320.164156,-0.30164420755274257,0.5187340742952488
63320.164156,1.1827392154719423,0.34132985308385627
63320.164156,-0.14488961231626618,0.46451291433720926
63320.164156,-0.49972669204880127,0.3329659306212315
63320.164156,1.2200588650779611,0.6379155658114835
63320.164156,-0.19141032768321686,0.47867827708947824
63320.164156,-0.4280204099386591,0.2341440475048117
63320.164156,0.0978567150366203,0.2962736028321958
63320.164156,0.4977362537032608,0.3619169402508775
63320.164156,-0.1783278144133984,0.7485887437602411
63320.164156,-1.060095567878692,0.2705123139836232
63320.164156,-0.24315602689750015,0.30071934474325746
63320.164156,-0.18102926939135067,0.36811080306807153
63320.164156,0.3804389089831055,0.5042378527989575
63320.164156,-0.7598661648759748,0.5909952416666218
63320.164156,-0.79524223888229,0.5014733531829505
63320.164156,1.3351945729050971,0.1371625763111201
63320.164156,0.20982941000785083,0.908382863451114
63327.169517,-1.241915251934481,0.3245886927500456
63327.169517,0.9028489447460526,0.3238461090444465
63327.169517,0.268068410141991,0.6576096107630145
63327.169517,0.6396533498454975,0.29215869168174863
63327.169517,-0.025626649695643877,0.5815357141704333
63327.169517,-1.1995331285907973,0.4687446115205176
63327.169517,-0.3084686534660417,0.5013742813290553
63327.169517,0.10975484364174015,0.38914522986594163
63327.169517,-0.30007631339858065,0.7217163273175656
63327.169517,-1.118925481414724,0.8009193375035215
63327.169517,0.34672850144231937,0.41112992798459463
63327.169517,-0.5809115405813703,0.31634522138662374
63327.169517,-0.6893262660268817,0.4847136217966742
63327.169517,0.5852257147885815,0.3612516668024672
63327.169517,0.015572771490285575,0.3899860969126188
63327.169517,0.48031051686978365,0.2947967598956792
63327.169517,-0.10487025342180623,0.45293905907845716
63327.169517,-0.17746035910325197,0.23034244673351603
63327.169517,1.8825948894711786,0.47815790002429187
63327.169517,0.16353074404810997,0.3353729132522284
63327.169517,0.31241583538992224,0.20160098386086167
63327.169517,0.8564138909422798,0.6152173099486583
63327.169517,-0.489646941579867,0.4838192808330686
63327.169517,-0.8145096629329132,0.4962461585281814
63327.169517,1.4963147153093228,0.31941852157348033
63327.169517,1.431154161865841,0.13076527038040386
63327.169517,0.3422747887243549,0.2675601774521758
63327.169517,-0.4347334669109131,0.4580295649581189
63327.169517,0.7242562706602182,0.27260930866566674
63355.148455,-0.3641000651191231,0.39174169511942547
63355.148455,-0.8296416047329043,0.574773160566437
63355.148455,0.38574188991265146,0.5219434826143493
63355.148455,-0.5373158680849084,0.366763388993451
63355.148455,-0.0806923394702661,0.19975684052809042
63355.148455,-0.13074945998822152,0.26358291980364335
63355.148455,-0.9552016389416291,0.6959843651076385
63355.148455,0.471772557791974,0.45019877725371027
63355.148455,0.23398761010425417,0.3243138505038559
63355.148455,-0.42381631765580785,0.26230044746807324
63355.148455,1.3761807024273143,0.12339210422296815
63355.148455,-0.16170804916219872,0.4767867984828794
63355.148455,0.4220826788699714,0.2777218327751171
63355.148455,0.28606243464682635,0.47633549261672775
63355.148455,-0.5506363103945926,0.18543958267532148
63355.148455,0.9387930579897557,0.27681315474774937
63355.148455,-0.4007729616633764,0.3238728851263545
63355.148455,-0.5933756190377242,0.38609919229222733
63355.148455,-0.2714136183589577,0.3155235454869185
63355.148455,-0.8732139825026515,0.2573448684081895
63355.148455,-0.7569845183832999,0.22190016453624906
63355.148455,-0.37688644276845373,0.33704566029068184
63355.148455,-0.4168439007335696,0.4284692293582984
63355.148455,0.4608633358226104,0.548202141088627
63355.148455,0.19958311191177636,0.542866619385903
63355.148455,-0.15659249507840123,0.45146128074541125
63355.148455,0.5386129098337928,0.4577291054986919
63355.148455,-0.8024889792868048,0.4628354972330889
63355.148455,-0.5380891447479907,0.6389054113411581
63596.343689,-0.026978946277312232,0.4468158154503572
63596.343689,-0.904335421220738,0.43831690936010537
63596.343689,0.05322754376683214,0.27070489987448704
63596.343689,-0.942337203587698,0.3339333291204957
63596.343689,0.09667011540930837,0.31424495460236707
63596.343689,1.5600761407068866,0.12556068250456687
63596.343689,0.3005219662753458,0.4243209100911981
63596.343689,0.021440246665987317,0.3946498276858165
63596.343689,-0.31797525267560367,0.3656457753689551
63596.343689,-0.1639813867436306,0.4577418386608551
63596.343689,-1.0204481407150787,0.5215870045145043
63596.343689,-0.3347083910068509,0.20943364249138893
63596.343689,-0.7618081525880225,0.42108133387575125
63596.343689,-0.10365884036260375,0.2950022469344503
63596.343689,-0.029927386061009642,0.5210864325607958
63596.343689,1.6275392451325725,0.28241271724484546
63596.343689,-0.7276052006069076,0.3852505319857153
63596.343689,-1.4073295541692215,0.6301307447476314
63596.343689,-0.35283645238944494,0.23657912731055417
63596.343689,-0.06216760748076844,0.2537528542775751
63596.343689,-1.6169912948627623,0.45993643242255733
63596.343689,0.16746306187012827,0.2089319287285294
63596.343689,-0.026957894334085353,0.298709598696611
63596.343689,0.6873326519344847,0.6149208879623244
63596.343689,0.7536582345141536,0.5418957894245015
63596.343689,-1.1076224204495198,0.45648985043501383
63596.343689,-0.46501484158082285,0.36084785046129886
63596.343689,-1.2263107157269655,0.4822845646369289
63596.343689,-2.0968435675378103,0.7560375119607045
63626.30012,1.4103358103624934,0.1229583885666484
63626.30012,-0.7650372698281114,0.4524821184739324
63626.30012,-0.46085241659985066,0.20494084157985748
63626.30012,-0.49242149136149393,0.25178098749986805
63626.30012,0.20235337987342739,0.4296158909890521
63626.30012,0.6495634820527929,0.299698323214142
63626.30012,-1.927351619607796,0.5940847256429393
63626.30012,-1.3229332777443261,0.5144181143165258
63626.30012,-0.6176095607518253,0.658648411176593
63626.30012,-0.588258610839155,0.3006619490148893
63626.30012,-0.8920080228209475,0.26152546422841977
63626.30012,-1.3094641716535946,0.2996378114259452
63626.30012,-0.8349580857113192,0.4339410044585255
63626.30012,-0.9447872878389934,0.571239439214434
63626.30012,-0.4338790481367365,0.30507489327057635
63626.30012,-1.4339320182766695,0.4103578783471573
63626.30012,0.49495767467191065,0.35694740763929034
63626.30012,-0.0382872500829059,0.24363265487742802
63626.30012,-1.013703928244814,0.40675848617078414
63626.30012,0.2678546543469533,0.38319544047165255
63626.30012,-0.8821694878627451,0.29445420852528187
63626.30012,0.33688922598117976,0.7655195877796096
63626.30012,-1.2555089626431446,0.4679493292404511
63626.30012,-0.04603307156731162,0.3648033681145274
63626.30012,-0.4795659148174529,0.4224062961659566
63626.30012,0.012248092294422364,0.35420434845093474
63626.30012,-0.0891334472674874,0.26128717277529345
63626.30012,-0.904335421220738,0.4303955194319106
63626.30012,-0.3906884223727527,0.19460326375990614
63799.018746,-0.5516520423714333,0.28772762815629443
63799.018746,-1.3451267032398686,0.35726839990812276
63799.018746,-1.0383079816998428,0.41974487964423246
63799.018746,-1.3949416078755998,0.25878219012812165
63799.018746,0.23841464812356783,0.30595423665115573
63799.018746,0.8324857221159565,0.728223422891916
63799.018746,-2.1476569129486283,0.38451000458990875
63799.018746,-0.2784719015916526,0.5343707083908815
63799.018746,-0.10882252575164486,0.23600721966999677
63799.018746,-0.9905328909767075,0.6186139948436277
63799.018746,-0.32434038890331784,0.21237124308739028
63799.018746,-0.8677876247380869,0.4391626280226391
63799.018746,-0.2103126627164631,0.5090126700329897
63799.018746,-0.09195643868668846,0.42579368555320646
63799.018746,-0.7178047292107426,0.5707665588839584
63799.018746,-0.2222505185706627,0.3284364841967016
63799.018746,0.27147128387930586,0.28801227974194127
63799.018746,-0.8794537841410399,0.32017970891858283
63799.018746,0.20546319651775669,0.42966405033298993
63799.018746,-1.2260368878821684,0.5529206000851312
63799.018746,-0.5424984494844676,0.2772754071529939
63799.018746,-1.590855881664277,0.43114993752031017
63799.018746,-0.8152359029119989,0.3995310908798783
63799.018746,-0.38765520667617537,0.4557239278671698
63799.018746,-0.8038871330958397,0.19610277521011088
63799.018746,-0.06020889701567178,0.2677888613645281
63799.018746,-0.9610288870959298,0.45269033605769116
63799.018746,1.340399160780935,0.1341265667168819
63799.018746,0.7702800852829785,0.37119939124739304
63806.033749,0.2090407185212868,0.9192793624444211
63806.033749,0.39445619793881725,0.39804771782791043
63806.033749,-1.548160122891666,0.9567636381859027
63806.033749,-0.09880739840956387,1.1549654903729427
63806.033749,-1.7353111092938516,0.5482571548381723
63806.033749,-0.13107114644843953,0.7655396065600609
63806.033749,0.8540219504895603,1.1175297790323564
63806.033749,-0.6619981124741958,0.5395153292703977
63806.033749,0.16290887598862724,0.8257677265992218
63806.033749,-0.11541547638151606,0.41919836436874447
63806.033749,1.2757406447715365,0.4925180405054502
63806.033749,-0.22757236927033198,0.33592326815450496
63806.033749,-0.03467578260214488,0.7629030644347585
63806.033749,-1.533089126427468,0.7661793472113745
63806.033749,0.13737588746405116,0.8022809209840039
63806.033749,0.5538663253537699,0.5142002650766008
63806.033749,-0.5120380152530029,0.7759190039188784
63806.033749,0.06433696706661785,0.6336458413464819
63806.033749,0.11477405450263412,0.5746253458607248
63806.033749,-0.1341053520043829,0.33755668867942623
63806.033749,0.6384192370223651,1.330651306586357
63806.033749,1.201078680709708,0.7015862839806748
63806.033749,1.5601652060976487,0.7732915599150804
63806.033749,-0.12898863548701733,0.8533022050537229
63806.033749,1.114541732752425,0.20232835367316218
63806.033749,-0.5241702269023456,0.6349344691176954
63806.033749,0.40401944505947185,0.47063149162100676
63806.033749,-1.3057851996159133,0.46064144267505724
63806.033749,0.04808879387149112,0.6199060792693482
63817.007011,0.3014894762572684,0.7497161280814343
63817.007011,-0.8724795874496447,0.5094631237232844
63817.007011,0.3162965714961725,0.4052807078377382
63817.007011,-0.9276347153371312,0.2971286336708336
63817.007011,-0.8127422318295867,0.4220233348820342
63817.007011,-0.14509744267897595,0.587478137590452
63817.007011,-0.7439940060253463,0.2715809675116213
63817.007011,-0.6392817707034961,0.42473270728168677
63817.007011,-0.3128029175504299,0.2501142748037446
63817.007011,0.3629594310747759,0.6537126612177343
63817.007011,-1.3280377904751255,0.3599349957642446
63817.007011,1.4269254342167237,0.12436796444968758
63817.007011,0.12546580605834912,0.45514601656419096
63817.007011,-0.7837966402579255,0.38188087635339646
63817.007011,-1.3720746360284242,0.42813226516671227
63817.007011,-1.2663459125623522,0.57171231954491
63817.007011,0.1145717001462927,0.2045952415097397
63817.007011,-0.2884877207553611,0.2628971012785686
63817.007011,0.33598798221541415,0.2936118422390376
63817.007011,0.4136388331860541,0.3462378146622459
63817.007011,-0.5833777350434612,0.29358467911112995
63817.007011,-1.1124852900574798,0.42770478827112923
63817.007011,0.35567692577454757,0.34884968968014163
63817.007011,-0.21353684103605097,0.41379023978314655
63817.007011,0.31745410976333055,0.2952555399608488
63817.007011,-1.0660162143730663,0.30067741733154096
63817.007011,-1.066957950861278,0.4722345795082208
63817.007011,-0.6982370124785522,0.24560652186635626
63817.007011,0.03417315518526287,0.19143762847614054
63969.354397,0.27524396478785995,0.6837849578676095
63969.354397,-0.48719229522722607,0.4194686444890395
63969.354397,1.013702842658084,0.14995718817255255
63969.354397,0.43475668568836134,0.5047057011392607
63969.354397,0.7967650512582143,0.36290685570327
63969.354397,0.8509042727092488,0.35277243731705255
63969.354397,-0.49699516960853707,0.30437828734089406
63969.354397,-0.778003588506321,0.4197856990022874
63969.354397,-0.18575519084476788,0.23425701099865415
63969.354397,-0.6597438277146512,0.4923531793180112
63969.354397,-0.5740648741637653,0.4869279607385045
63969.354397,-0.16410693100552187,0.29396052724647426
63969.354397,-0.440116412392781,0.24883205048481855
63969.354397,0.04554886335059116,0.5282129356112852
63969.354397,-1.5115287199673517,0.757911827015863
63969.354397,-1.5747019895561234,0.44172365124899626
63969.354397,-1.1957035157515765,0.5028281657895748
63969.354397,-0.9316851035617368,0.455825108005302
63969.354397,-0.33445306946294906,0.3511790135003458
63969.354397,-0.29991802950660507,0.30770391158343796
63969.354397,-0.6290170429314283,0.37323577032562405
63969.354397,-1.2640794631786836,0.5755091109614711
63969.354397,-0.4484922940124534,0.6906425510254535
63969.354397,-0.32511097027327374,0.5003266915521968
63969.354397,-0.30164420755274257,0.5014685170886762
63969.354397,-0.540308280391633,0.32436404264896057
63969.354397,-0.8229296815172304,0.599103408091926
63969.354397,-0.11995832138040718,0.3471403838926574
63969.354397,-0.5392545796856556,0.8932115421408658
63975.345694,-0.5850422835410765,0.4427708586116202
63975.345694,-1.8763252700263902,0.6220201668998268
63975.345694,-1.3838413655376467,0.4075531289406376
63975.345694,-1.1265662963632117,0.653796702723478
63975.345694,-1.7540320853127174,0.43914060889964834
63975.345694,-2.2429628115221956,0.5790654940918112
63975.345694,-3.1216194598652027,0.8095611359702336
63975.345694,-3.504960057801185,0.6138869381269523
63975.345694,-1.0100094824121992,0.5774418836375437
63975.345694,-3.129357873148825,0.9059843257816245
63975.345694,0.9584040964773166,0.19061803095252902
63975.345694,-0.49962608013249543,0.3578235471087109
63975.345694,-1.4204554924559094,1.0493497239588374
63975.345694,-1.1098680547126687,0.35537479979545405
63975.345694,-1.4318964006144927,0.5410384471947661
63975.345694,-1.4365828315335403,0.8398354669245329
63975.345694,-0.6139490160699044,0.271744797253773
63975.345694,-1.1697790230441338,0.7139690991170695
63975.345694,-1.020752359597184,0.643659395396409
63975.345694,-0.06514033631496297,0.30101766107260686
63975.345694,-1.2074845443552302,0.39137377164253023
63975.345694,-0.1285564909385286,0.4183222967316102
63975.345694,6.936581337946279e-05,0.7302066456279573
63975.345694,-1.9832384094121185,0.4300103875125539
63975.345694,0.3337968490643757,0.4197237280432013
63975.345694,-1.112258792493579,0.5021980338331159
63975.345694,-1.5677850693680693,0.5870289450234695
63975.345694,-1.224997619851349,0.48974998216933535
63975.345694,-0.21781496077719886,0.6227721319737813
63999.340576,0.24011746068915762,0.6596424070868571
63999.340576,-0.9384004428281862,0.5168011822930262
63999.340576,-0.04807089088731509,0.4918805936364693
63999.340576,-1.0819076465707145,0.45637132903997135
63999.340576,-0.4081208576433202,0.2424888395963134
63999.340576,-0.9123208201292616,0.3398999305115155
63999.340576,-0.2359400757378065,0.37075022631975
63999.340576,-1.2548352348190317,0.7870122929691279
63999.340576,-0.554506572833807,0.4256160559328747
63999.340576,-0.07622933506123353,0.482165554336814
63999.340576,-0.8272845047306205,0.5118278514126198
63999.340576,-0.13490075928766032,0.4921052498397591
63999.340576,1.080973253568196,0.3045675079942255
63999.340576,-1.4115010067252136,0.3785944660577562
63999.340576,-0.8338773620999351,0.20376694484449076
63999.340576,-0.39546401690915367,0.3113998757654213
63999.340576,-0.0785159819120338,0.7112964107377528
63999.340576,-0.5692617458331544,0.33510547073767316
63999.340576,-0.24634895794003775,0.6022565839239887
63999.340576,0.27524396478785995,0.5754953621887142
63999.340576,-1.1688868100354632,0.2628202911402786
63999.340576,-0.766552179409171,0.39790830009645073
63999.340576,1.4452499206962326,0.12436796444968758
63999.340576,-0.8733149866054877,0.4824946257393678
63999.340576,-1.2056205677037166,0.21064324273680124
63999.340576,-0.3574979830736442,0.28608357435271103
63999.340576,-1.1800518033522494,0.2763848656050345
63999.340576,0.11030859931888592,0.3432779654909455
63999.340576,-0.42329226212428317,0.4774796130953912
64002.344658,0.506644596543774,0.6761977443636457
64002.344658,1.408019589600615,0.3121320071347758
64002.344658,0.08272127580974775,0.42375831652910234
64002.344658,0.2164494958643619,0.3016459971261754
64002.344658,-1.8662184839300924,0.4918805936364693
64002.344658,-0.14402814769037775,0.36612880242607704
64002.344658,1.3914818513104503,0.2529738130065311
64002.344658,-0.48508941379621895,0.5743284551257184
64002.344658,0.9813916771326401,0.6247894890408223
64002.344658,-0.5381181112987949,0.3083758082712601
64002.344658,1.6961544278772074,0.15125833514151182
64002.344658,-0.7513982741292295,0.4861890715719817
64002.344658,-0.5426070512961605,0.44821481438270666
64002.344658,-0.47135475395396575,0.3919394041595316
64002.344658,-0.3940874090500106,0.30849459776323523
64002.344658,-2.148137467194344,0.4311225041450961
64002.344658,-1.3518521504103642,0.36361629170898396
64002.344658,-2.3445130660465487,0.6015037803648681
64002.344658,-0.36069819336865727,0.2189286717298944
64002.344658,-0.11256116783492409,0.792069400072544
64002.344658,-1.5528166494377427,0.43512072314276845
64002.344658,-1.0024292922595048,0.6327078557959454
64002.344658,0.4920041208061807,0.5476523357867262
64002.344658,-0.8622892200677175,0.2999313016325933
64002.344658,-0.8753987621388255,0.48178499746677733
64002.344658,-1.8007823443483257,0.5200614235660644
64002.344658,-0.9965325252824453,0.22446724554151337
64002.344658,-1.3183936874953535,0.4953296523041171
64002.344658,-0.08048982237915148,0.512939969490487
64011.359294,0.6951798179442026,0.6651073349417129
64011.359294,-1.6102437191445258,2.191472981733277
64011.359294,0.5142993979457433,1.8379438398464254
64011.359294,0.6128199865043005,1.3543811878486858
64011.359294,-0.5522966135443088,1.8886840399192477
64011.359294,0.6954250236278678,1.0810515920458916
64011.359294,1.5745251313420194,1.6110595912089454
64011.359294,-0.9190778028782827,1.6936796819142432
64011.359294,0.2799967710677489,2.367358262786654
64011.359294,-0.24226764188169092,0.7360451333973003
64011.359294,0.00751517384828837,0.6221306394516177
64011.359294,-1.394151526554877,1.1603562868371018
64011.359294,-3.1216852179596053,1.553132790493467
64011.359294,-2.7303061675255407,1.9840092120701773
64011.359294,0.8032081404465696,1.8693828147229263
64011.359294,1.7441160050693778,1.186374994566894
64011.359294,-0.27019922675337504,0.9743195179558783
64011.359294,-2.6508132958655644,1.630674698075504
64011.359294,0.5237926490581639,1.659754204517911
64011.359294,1.356770393745803,0.9139439927441243
64011.359294,1.3320501343967788,0.4428236851024621
64011.359294,-2.5336738090261104,1.0949715088197982
64011.359294,0.17113263046278426,1.5846388068338555
64011.359294,-0.612810142139681,1.3089151309168547
64011.359294,-1.2797040281930077,1.5302394638686538
64011.359294,-0.055635218768625094,0.8884369994886352
64011.359294,-0.7418038369325117,0.8826381444127689
64011.359294,1.3480480387557776,0.9331792631030106
64011.359294,1.3326515901343914,1.3451277340055523
64029.288433,-0.24927825427589845,0.5188712616607712
64029.288433,-0.3478721572848489,0.37129453124823786
64029.288433,1.0095426756852692,0.580773245159044
64029.288433,-0.5450187912025193,0.24514915404165147
64029.288433,0.6270518460897723,0.2588779867731745
64029.288433,-1.1265662963632117,0.4106208627698679
64029.288433,-0.7644947814584544,0.28589604805951524
64029.288433,-0.8666145168007642,0.4058769315589272
64029.288433,1.2251392251139617,0.12339210422296815
64029.288433,-0.6794042800478426,0.24277975787638267
64029.288433,-0.5973450585754794,0.2990900274928079
64029.288433,0.8785456707061652,0.4953749309541776
64029.288433,0.2284907651804584,0.3009522595777307
64029.288433,0.21855849991234955,0.36216241457955467
64029.288433,0.7221264761935284,0.4738772821900045
64029.288433,1.0072051041499304,0.2709701330116491
64029.288433,-0.9071868107766132,0.18177411024148765
64029.288433,0.01434767981213092,0.19578243972173567
64029.288433,-0.18468572619751988,0.4239381413016446
64029.288433,-1.8768098209029684,0.27015647529178793
64029.288433,-0.7520908910370441,0.33718897581896695
64029.288433,-1.2833984740256241,0.3945668149231584
64029.288433,1.1725761748206889,0.6776523518577546
64029.288433,0.5807517180221478,0.39980268858945595
64029.288433,-0.7467119044332815,0.38981791381950653
64029.288433,-1.7486838496473869,0.525370047158308
64029.288433,-0.9438076809653655,0.21732490341179028
64029.288433,-2.2245094714528317,0.3373520654364006
64029.288433,0.6788771323211495,0.42599419155555274
64032.260755,0.4386118318019019,0.4389608903137342
64032.260755,-0.6056183969021003,0.1782752501910099
64032.260755,-1.120478714721326,0.3015550551919247
64032.260755,-0.8854749690107493,0.4058769315589272
64032.260755,-0.3804259366146301,0.25471666549678673
64032.260755,1.3415918788358123,0.12425953553560763
64032.260755,-0.6405648991508155,0.39308903659011285
64032.260755,0.8228374172251609,0.5108018319181487
64032.260755,0.024291301520724673,0.2555138479046991
64032.260755,-0.6724512269613676,0.5566429120268459
64032.260755,0.6861290946230607,0.20645865824120077
64032.260755,-0.7919974165429888,0.24400573447989002
64032.260755,-0.28042604717801645,0.4315973669800844
64032.260755,-0.5346393197286332,0.4666700231452896
64032.260755,-0.12530717167151373,0.2923146684088402
64032.260755,-0.9775149812547621,0.37421555465840756
64032.260755,0.1266130366718219,0.2549018232373734
64032.260755,-0.40570371109689596,0.5154395602183225
64032.260755,-0.9567885172188983,0.19128963881020425
64032.260755,-1.3057851996159133,0.24232254552633298
64032.260755,-0.23287602428061938,0.3345944191249311
64032.260755,-1.5689775249002356,0.29627994139250535
64032.260755,-1.1005934681648402,0.6422526021338426
64032.260755,2.271313182296682,0.40477155565605527
64032.260755,-2.338268710095763,0.3569041581065306
64032.260755,-0.784065113329957,0.40148749788898114
64032.260755,-1.4193428508709278,0.33751288453733297
64032.260755,-0.017539473357865987,0.5022531517133596
64032.260755,-1.8939122610477757,0.3871321604762619
64042.248328,1.2661923113681972,0.6494790583877407
64042.248328,-1.2654034349921925,0.2924047327899274
64042.248328,-0.8652155404001451,0.871053224766466
64042.248328,1.374582931791542,0.4820732998167485
64042.248328,-0.33705377382501034,0.544788349088029
64042.248328,-1.24054245736672,0.437535953812317
64042.248328,0.7396434004843382,0.40195120359589637
64042.248328,-0.7546124761999824,0.2958336600208398
64042.248328,-0.8142819233125014,0.3598261194891018
64042.248328,-0.07468747976402845,0.750933964795134
64042.248328,1.05518573801894,0.6583502473717868
64042.248328,0.9595155709788248,0.782438060041861
64042.248328,-0.24421959387118086,0.6295618947693769
64042.248328,-0.6004608003283955,0.4253683255949287
64042.248328,-0.28624866562269524,0.36247298486430074
64042.248328,-0.5724608606847941,0.41437524918234414
64042.248328,1.3305321295996588,0.17381154927013878
64042.248328,0.2914663840217191,0.7224931951459719
64042.248328,-0.07695032209531938,0.5042351104526187
64042.248328,1.133315435837961,0.6936917206551848
64042.248328,0.06857618961882928,0.6153750751711511
64042.248328,-0.798587059243312,0.9114684924025791
64042.248328,-0.7016363828669192,0.509393595824238
64042.248328,0.1140490999572421,0.6123160038894508
64042.248328,-0.09455619275414051,0.5959920417933711
64042.248328,-0.42252053332251727,0.5494769592685894
64042.248328,0.3048573342514995,0.32274654515452694
64042.248328,0.5296914342989201,1.0771638130276258
64042.248328,0.5582591646111439,0.6560126793583715
64092.043225,-0.02123820538958121,0.2509933780389661
64092.043225,0.3478517474758096,0.20615044182526962
64092.043225,-0.27337617935771874,0.5639680202489408
64092.043225,-0.2356193989139559,0.4936608308470698
64092.043225,1.4722487203021384,0.11829594526121111
64092.043225,-1.3696391148973728,0.36339650282249875
64092.043225,-0.4228853582891485,0.3262377462271839
64092.043225,-0.23495860263914814,0.3137100695732567
64092.043225,-0.13017849304514506,0.4342025375120665
64092.043225,0.8601557237914061,0.2855776873518997
64092.043225,-0.6556266387279557,0.3513172606039422
64092.043225,1.0170701313906445,0.7573017887365585
64092.043225,0.47631145037306233,0.34428220197661163
64092.043225,-0.5285242045314487,0.2532956419275254
64092.043225,-0.03580404582429253,0.19826873619373997
64092.043225,-0.005120215941232686,0.46143628449346863
64092.043225,-1.383390907354416,0.44925597164189796
64092.043225,-1.0157117123082404,0.45840465685462345
64092.043225,-0.21176590105196702,0.22857242034275138
64092.043225,-0.7940676690656598,0.6276258649863388
64092.043225,-0.6927314645210902,0.43992374176271304
64092.043225,-0.5784968592477622,0.2957810732191933
64092.043225,-0.5335845955849035,0.27945174089449454
64092.043225,0.5386129098337928,0.4995501218435011
64092.043225,0.04148546895956251,0.4188139728471895
64092.043225,-0.8639196264148286,0.37583834544183514
64092.043225,-0.3889686477643899,0.44963934811458967
64092.043225,0.048261406159609166,0.5296259701325883
64092.043225,-1.0563428904281569,0.6580999945144975
64099.035044,-2.0552148624484676,0.3389505949703183
64099.035044,0.10720062250762119,0.7546325721542447
64099.035044,-0.6232844495552179,0.29963526079213565
64099.035044,-0.7283910564344342,0.6502418053735156
64099.035044,0.8903503583256462,0.6776770237754355
64099.035044,-1.8572354868341545,0.6724439893552888
64099.035044,-0.5644780225872577,0.4478133653395068
64099.035044,-0.2721070636317151,0.9361472421968728
64099.035044,-0.8099600089328387,0.4610708950931752
64099.035044,-0.6137710565061258,0.8630066031178334
64099.035044,-2.2729269946610025,0.8359874881801848
64099.035044,-1.8694885072094216,0.4234159752766504
64099.035044,-0.8988561916088091,0.279742191654865
64099.035044,-0.6549182755272565,0.5069171442427314
64099.035044,-1.471435640175411,0.6383964602979598
64099.035044,-0.7081317112057786,0.5585645876557844
64099.035044,1.062495853994056,0.19809962602404466
64099.035044,-0.009588187225054057,0.41194832739476606
64099.035044,0.8316583611582491,0.3684097827995344
64099.035044,1.3185894708362742,0.43116631227639735
64099.035044,-2.0961765572006676,0.592219666967999
64099.035044,-1.0690023056226376,0.6077476136713563
64099.035044,0.431874027360843,0.45321486396682914
64099.035044,-0.09769924014279319,0.7355908762512142
64099.035044,-0.11979581456718513,0.39707765653110433
64099.035044,-2.11726767045125,0.5215015580134005
64099.035044,0.34344209114667734,0.6079859046934454
64099.035044,-2.035962553819976,0.6393693299185702
64099.035044,2.2446828807448984,1.081588781743115
64151.983295,0.34271722880009925,0.30434958156382447
64151.983295,-1.8227875655872428,0.44370294449692255
64151.983295,0.4952958158054148,0.28162653341167415
64151.983295,-1.3029326752497337,0.45802169557070177
64151.983295,-0.47987866417682845,0.4970890310612856
64151.983295,0.4507967332033953,0.40477155565605527
64151.983295,0.4464462875591604,0.5813797486189248
64151.983295,-1.8171813081841233,0.4413345817137034
64151.983295,-1.1877971706559212,0.5378417062118488
64151.983295,0.16643856754407516,0.24620885050175534
64151.983295,-0.9863119629780517,0.32293963927290736
64151.983295,-0.17252432526884043,0.3447444400126617
64151.983295,-0.016857867203908583,0.2569068345896224
64151.983295,-0.2068363650632623,0.20390404136950407
64151.983295,0.34929375258510476,0.33857768601927585
64151.983295,-0.5014828702765026,0.3171668972863296
64151.983295,0.8124377129465881,0.2751089400747201
64151.983295,-0.2790581255241751,0.18743893127559436
64151.983295,0.3143891282607889,0.22590351802015043
64151.983295,1.2132120445651697,0.1176453717767315
64151.983295,-0.9137545582833511,0.6301307447476314
64151.983295,-0.5449438251769987,0.7010414722110545
64151.983295,-0.4576158764841747,0.4435373722283866
64151.983295,-0.8704107895485382,0.38460141567234424
64151.983295,-0.645201013976278,0.3922534579411806
64151.983295,-0.787870682030329,0.4269848081814567
64151.983295,-0.18827188793295058,0.26870359701393726
64151.983295,0.15877065128919376,0.4581127845477268
64151.983295,-2.197920163599136,0.5187497225316506
64243.986343,0.06131973193061313,0.5269610347470457
64243.986343,1.7556933714344023,0.51139018820468
64243.986343,1.794930082834865,0.37495440540639885
64243.986343,1.3300439984205212,0.3310217414359719
64243.986343,2.01894730509318,0.1553786338765494
64243.986343,2.1568196307276537,0.3783356574124912
64243.986343,0.041743294650220975,0.5525685752936499
64243.986343,-0.47800928251580466,0.5430835373942349
64243.986343,2.390437683004885,0.7003357694342529
64243.986343,1.0929272464254662,0.5767708002691101
64243.986343,-1.5115287199673517,0.8275607431019808
64243.986343,0.5137877229885692,0.3544600641460449
64243.986343,2.320743363395815,0.4165827491626756
64243.986343,1.167137362006633,0.2714115724870608
64243.986343,1.3266656520472857,0.3094020335415225
64243.986343,1.625768952422833,0.33027749919961685
64243.986343,1.6376133886235262,0.43877493044274574
64243.986343,-0.10809346941312192,0.546868713440604
64243.986343,-0.3860740392835069,0.498495517565216
64243.986343,1.1029879006832122,0.2685312544815333
64243.986343,1.163221468288521,0.5468895888009513
64243.986343,-1.393078487338821,0.40319357516030224
64243.986343,0.14545624087714693,0.46671462931378155
64243.986343,0.9494313238824539,1.0202713581141947
64243.986343,0.0959958466839197,0.6522569435466983
64243.986343,1.3096467180649096,0.47948726213391174
64243.986343,-1.0989871176420198,0.8029545479177458
64243.986343,2.1765479768136107,0.619218663692722
64243.986343,0.8225354061196537,0.5847268707292593
64325.358509,0.10238531425186714,0.3441017435965862
64325.358509,-1.444059974425011,0.5258002078553425
64325.358509,-1.022048645957959,0.4847257094602574
64325.358509,-0.40401741304123817,0.2189286717298944
64325.358509,-0.7004760269407537,0.3515232328766371
64325.358509,-0.7373434803612415,0.6306351664125536
64325.358509,1.4838982941201095,0.33938217917182284
64325.358509,-0.6292584786588264,0.26955913458269426
64325.358509,-1.2537533125344815,0.4196745947532593
64325.358509,0.02713506162495527,0.3522217916692061
64325.358509,-1.8968596747501607,0.716560704154444
64325.358509,1.029722092598524,0.5432895334334855
64325.358509,-2.613846210779135,0.7721706602303433
64325.358509,-1.5203333577483757,0.8710866985634204
64325.358509,-0.038173648057538756,0.5266907081311374
64325.358509,-0.06673973098126673,0.30290318190791626
64325.358509,0.02737091795263602,0.5167763905536522
64325.358509,-0.1285564909385286,0.28362689752221715
64325.358509,-0.3212887648374281,0.5014733531829505
64325.358509,-0.7041629255371973,0.3483905814751392
64325.358509,-0.22943499215636187,0.2956882986715071
64325.358509,-0.5004144909270423,0.409267835580444
64325.358509,-1.0026205907469699,0.4921001849041639
64325.358509,1.350808336532607,0.13401813780280195
64325.358509,-0.5642238343847854,0.43371377389202376
64325.358509,-0.364677529640856,0.5005303980860429
64325.358509,0.1097358491214262,0.6369698051505324
64325.358509,0.8732465517642556,0.3992459048715986
64325.358509,-0.9913485242306788,0.22584964582198463
64355.350064,-0.5343499062647243,0.45575623236999335
64355.350064,0.6569120338548924,0.5237603975977614
64355.350064,-1.4445557741238897,0.7139690991170695
64355.350064,-0.7735694378657296,0.594318846955133
64355.350064,-1.6777002406720722,0.5465300321649729
64355.350064,-0.43022354927076556,0.37217085294044355
64355.350064,-1.4908836282061984,0.6123173108224743
64355.350064,-0.9905328909767075,0.8533363262204652
64355.350064,-1.4263045484189139,0.6624457571459221
64355.350064,-0.6127214224776889,0.7662027478772229
64355.350064,-0.8671652079816852,0.5686258905130356
64355.350064,-1.4623694684754422,0.382622540518389
64355.350064,-0.14694970178880062,0.31245220762449494
64355.350064,-0.8427404940800223,0.290131258863896
64355.350064,1.8916082745227136,0.6151252311302045
64355.350064,-1.418591336388257,0.37321214495893246
64355.350064,-0.5668576331141129,0.5003596029588031
64355.350064,-0.20649868945120708,0.6205088777085829
64355.350064,-0.8205483714314479,0.27041189818692435
64355.350064,-0.04635148100924802,0.46200981584489986
64355.350064,1.4054179533318099,0.7714462048981886
64355.350064,0.7223577945150428,0.3895347824066834
64355.350064,-1.3662404392076688,0.44208247655975563
64355.350064,-0.4662367159467493,0.3875415381782829
64355.350064,-0.1834499557733995,0.7845084682588963
64355.350064,1.1058674196260316,0.18888316832725
64355.350064,1.0278164839854025,0.9842394700023552
64355.350064,-0.7802595446295886,0.6123160038894508
64355.350064,-0.20000417755439948,0.6556297180744494
64385.271792,-1.0182349110290811,0.46451291433720926
64385.271792,1.311882356377911,0.12284995965256845
64385.271792,-0.20562264703956679,0.518943807426911
64385.271792,-0.09660463089546134,0.44117139907813413
64385.271792,-0.29296562519953184,0.2689362563428636
64385.271792,-0.9857602544495414,0.40795696467960896
64385.271792,-1.118236241149111,0.2973793103772645
64385.271792,-0.16274912370924177,0.31584960968969833
64385.271792,-0.04913303649277978,0.18377345884176066
64385.271792,-0.6391945872497562,0.3588760042839144
64385.271792,0.3605773653548372,0.25344106780334835
64385.271792,-0.256995873412901,0.3661016007412695
64385.271792,-0.9468000138054276,0.3560427793252475
64385.271792,-0.2958988638724538,0.49865223515621204
64385.271792,-0.9500618004218033,0.43892883209597977
64385.271792,-1.199084922382072,0.3757341133045165
64385.271792,-0.37380639920988123,0.204361663559157
64385.271792,-0.6662212647492307,0.2584128209580844
64385.271792,-0.6975884646305452,0.18489603751302489
64385.271792,0.02443535071967773,0.4167334899188415
64385.271792,-0.9260154184576859,0.3338743072470084
64385.271792,-0.5348861377757554,0.5544451973280131
64385.271792,-0.4856333821590191,0.42549180185731394
64385.271792,-0.12897031482481225,0.5818700784832349
64385.271792,-0.7045509593005761,0.25558170367777383
64385.271792,0.35648551600691825,0.6827094589611713
64385.271792,0.8502664466460992,0.5036175519564343
64385.271792,-0.33443238566507993,0.24245171857690706
64385.271792,-1.8807485826624575,0.44146472784017327
64415.217815,-0.6394535027159183,0.4148069883402744
64415.217815,-0.9762882365970054,0.2938287229009147
64415.217815,-0.6432200798686729,0.35766308866744556
64415.217815,-2.2753985263723333,0.49837460614161644
64415.217815,-0.4177357542030631,0.3998415868517312
64415.217815,-1.7240719872235548,0.5641009798662644
64415.217815,-0.641961926792618,0.35629959020255875
64415.217815,-0.2909610801180893,0.2957302569001263
64415.217815,-0.5758804322068087,0.22170952865606325
64415.217815,-0.9377292578259144,0.25763915925299746
64415.217815,-0.7726359171793238,0.3341481992135769
64415.217815,-1.4644418977076814,0.42523144456977735
64415.217815,-0.3506374657030751,0.2588701887827889
64415.217815,-0.9447872878389934,0.534827653767819
64415.217815,1.062495853994056,0.12805454752840542
64415.217815,0.1408313651361741,0.4063219222412329
64415.217815,0.1440023049535064,0.38668329389712774
64415.217815,-0.3480442028883477,0.4556068879528026
64415.217815,-0.5445093075028549,0.38680847867466933
64415.217815,-1.296705385423314,0.29338443846706075
64415.217815,-0.15968295940981214,0.42051223774230234
64415.217815,1.0702610470520124,0.2760827770307368
64415.217815,-0.9323485480092142,0.25384059785965246
64415.217815,-0.5682520611632373,0.5911931617388564
64415.217815,-0.9744084374050583,0.3835240815012166
64415.217815,0.7718004368749636,0.7427626058142373
64415.217815,-1.0404767174614786,0.1957695504433987
64415.217815,-0.13824007226931379,0.4711745600482364
64415.217815,-0.7027724656823118,0.1961280397918535
64445.35571,-0.9287316740946938,0.48803629448828867
64445.35571,-1.6644917237901797,0.3077392189186491
64445.35571,-0.34983812624710886,0.4945210569458676
64445.35571,-1.328769153812468,0.27399015351374045
64445.35571,0.21741520592704155,0.498836528697102
64445.35571,-1.6859848953175263,0.47721831502633405
64445.35571,-0.9053938211966148,0.3848386456194727
64445.35571,-1.5097903582190195,0.41251341714729917
64445.35571,-0.8931641014532037,0.5032111270734967
64445.35571,-0.7130759259059882,0.5788055245020429
64445.35571,-1.2531682491594118,0.5033869123338509
64445.35571,-0.34377694833250594,0.2908859365121091
64445.35571,-0.6250746108006862,0.3762655189426881
64445.35571,-1.0886093333423101,0.2786709273552829
64445.35571,-1.267888677281194,0.2434420189972423
64445.35571,-0.07666761694330582,0.46210463719374023
64445.35571,-1.1687682526456644,0.2064327429781881
64445.35571,-1.5334653864511676,0.6953923275369858
64445.35571,-2.267520932278101,0.7705766948830257
64445.35571,-0.9397100167861119,0.3472950136088651
64445.35571,0.6249740989133716,0.3004287009311545
64445.35571,-0.45806219237853796,0.5950493248792738
64445.35571,-0.04085463608545403,0.3490496526609297
64445.35571,-0.3925903951067884,0.6408390410913147
64445.35571,-1.1295885522777969,0.21634564389374503
64445.35571,-0.30185777250835777,0.4291790518349004
64445.35571,-1.9385674203558079,0.3385822234268908
64445.35571,1.0071971078132886,0.12913883666920478
64445.35571,-3.2310093360849788,0.5386559586586517
64472.234961,-0.7807314438737745,0.7768980787622958
64472.234961,-0.21029236576444177,0.19906564038785482
64472.234961,-0.16287400797409823,0.36220690286104285
64472.234961,-0.33939009368898887,0.4454442396928251
64472.234961,1.3215325297310248,0.11742851394857161
64472.234961,0.457118468259333,0.652019420872448
64472.234961,0.366778522650149,0.451511353744028
64472.234961,-0.5493127915364155,0.31304531841007766
64472.234961,0.9013003351831141,0.2914207090879998
64472.234961,-1.224997619851349,0.406181532830917
64472.234961,8.405669538265995,0.2977464538826775
64472.234961,-0.7102805057315624,0.30651899996972504
64472.234961,0.4331567638229874,0.6783914110120279
64472.234961,-0.7835915958420632,0.33442209118014515
64472.234961,2.5233621625251583,0.20693258012825616
64472.234961,-0.6922981113317714,0.5639680202489408
64472.234961,-0.8733259906148145,0.49801540564736174
64472.234961,-1.1796980234865533,0.45302806208389546
64472.234961,-0.8998331904182599,0.4790909799366527
64472.234961,-0.8848439130082983,0.3155821671751431
64472.234961,-0.8100879226230493,0.361833773549991
64472.234961,0.34215769232446824,0.45035294699562745
64472.234961,-0.9857365545811323,0.26312570745359365
64472.234961,-0.37380639920988123,0.23124132266535233
64472.234961,-0.7724662042322112,0.2448609045790263
64472.234961,-0.8944266056406729,0.44905710664359977
64472.234961,-0.7073315138578398,0.45446022632204897
64472.234961,-0.4013988544259597,0.36952460573687484
64472.234961,-1.2237866828195543,0.53577341442877
64539.059606,-1.0177756808604261,0.3343399920051935
64539.059606,-0.6368704533182008,0.43409738533212655
64539.059606,-1.8047344218180719,0.4298864194434788
64539.059606,-0.061515065387075296,0.6805850776604097
64539.059606,1.4850254717023628,0.4591705794224678
64539.059606,-1.0449310555312206,0.47633549261672775
64539.059606,1.097528481820481,0.3150362552714051
64539.059606,-1.1163074954933254,0.5202021598185942
64539.059606,-0.34461003360678255,0.33510547073767316
64539.059606,-0.8720367858662907,0.2888277813009385
64539.059606,-0.038173648057538756,0.4749349738061123
64539.059606,-0.9308710725751705,0.2960449966571707
64539.059606,-0.572694781584314,0.3727669664997362
64539.059606,1.4475269278919125,0.14453574246855583
64539.059606,-1.0006997197701821,0.43610664623146017
64539.059606,-0.9885442554441983,0.39873163230849984
64539.059606,-0.43103497096085697,0.5373912525215541
64539.059606,-0.5685517487696945,0.3309100644124089
64539.059606,-0.02543834823532798,0.4541596892164947
64539.059606,-0.815092488470599,0.22101124484033538
64539.059606,-0.9999400767963476,0.4769130579504396
64539.059606,-1.3857135502261944,0.28296984679436643
64539.059606,-0.6075186826332661,0.3985574164098214
64539.059606,-0.886616916909631,0.2512580900848593
64539.059606,-0.1258360739813913,0.848961854985975
64539.059606,-0.8155499999307665,0.22126124509687958
64539.059606,-0.7127558161119651,0.6535440181153298
64539.059606,-0.5827246706033034,0.554939909676176
64539.059606,-0.23073798882095176,0.610488506643903
64558.989567,-0.3003270049855722,0.29385882737268887
64558.989567,-0.8049160804928448,0.35179807512282674
64558.989567,-0.12077303674628048,0.35770290833846835
64558.989567,-0.9265340302850067,0.5261299102641875
64558.989567,-0.8068015123274073,0.37070708134821967
64558.989567,-0.18234749737523082,0.40861871926707305
64558.989567,-1.3129540406865328,0.44370294449692255
64558.989567,1.2814472510837032,0.4370540228492958
64558.989567,-1.448844564167235,0.4623332540871116
64558.989567,0.44745798047724783,0.2862551004336202
64558.989567,-0.061378795199923175,0.4204425979430225
64558.989567,-0.5481198539070498,0.42622369444138286
64558.989567,0.5847878678395357,0.24849491225200374
64558.989567,-0.8100331601708017,0.422474129503716
64558.989567,0.8592511729251342,0.5598903112830219
64558.989567,0.6003429485394616,0.25182999772541664
64558.989567,-1.53653905844215,0.4430862054977441
64558.989567,0.31865323801322454,0.39526263797725414
64558.989567,1.2225463093641569,0.32970315999928224
64558.989567,1.5145630426892023,0.7901729849087631
64558.989567,0.85085800645499,0.29177978337972976
64558.989567,-1.5309563364585284,0.6098388971527183
64558.989567,1.1275532024420176,0.12881354992696498
64558.989567,1.271358378469463,0.2992114047361336
64558.989567,0.2957516342894877,0.5300854581231123
64558.989567,0.05409168787567786,0.231897647049046
64558.989567,-1.5845362972375678,0.4052098066758191
64558.989567,0.6439744782685306,0.2264262289809182
64558.989567,-1.566370386176894,0.6400022446653489
64739.288407,-0.8051376763115083,0.2690694680042396
64739.288407,-1.151796677586928,0.66817027603885
64739.288407,-0.5603207401543902,0.3720216454664757
64739.288407,-0.5956216539007357,0.17627590159073672
64739.288407,-0.9062393141727139,0.32922173541745864
64739.288407,-1.3221702353611384,0.3673124866270015
64739.288407,-0.18984250757192633,0.42929460574972855
64739.288407,-0.581198734474933,0.44834469762469586
64739.288407,-0.8907353352453367,0.24880320894613026
64739.288407,-0.8542443090873757,0.4782423600811667
64739.288407,-0.5233542865789946,0.45642294348169316
64739.288407,-1.0345485329954034,0.1854144376182016
64739.288407,-0.923204266989357,0.4370104368508047
64739.288407,-0.40914324597966534,0.3048000510243866
64739.288407,-0.9397100167861119,0.30867624632270585
64739.288407,-1.1548890165476866,0.5539369982470524
64739.288407,-0.7169509835442849,0.21255900640714578
64739.288407,-0.14926173132234233,0.613678244884769
64739.288407,0.038933928907814774,0.264787511916522
64739.288407,-0.49242149136149393,0.24835072881458373
64739.288407,-0.8586975859002255,0.46300019226168765
64739.288407,-0.2591108086494831,0.5296259701325883
64739.288407,0.028427793139718105,0.5247785491933036
64739.288407,-0.10112181162153355,0.33244958310489986
64739.288407,-0.8704107895485382,0.3790839270086904
64739.288407,0.6003847157739504,0.26293597812451125
64739.288407,-2.2834591812755374,0.4361181730623436
64739.288407,0.9421397593653271,0.12306681748072834
64739.288407,-0.7455641807785494,0.5228005326679037
64769.19915,-1.629241787144709,0.640094693908742
64769.19915,-1.5228416877567756,0.3931178019572225
64769.19915,-0.636525953967876,0.6941999445921777
64769.19915,-1.0299057473245892,0.6279850788714975
64769.19915,-0.45214816168750893,0.5164835273994153
64769.19915,1.2479092970707466,0.1379215787096797
64769.19915,-1.2301475062173157,0.5390690638941007
64769.19915,-0.6565908719789046,0.33360786063583925
64769.19915,1.8690508102247172,0.32745267646061793
64769.19915,-1.0664279256829872,0.4200032357828233
64769.19915,-1.3197877166596914,0.5720809107472554
64769.19915,-1.2485657328033763,0.3706753251735156
64769.19915,-1.5709997267765843,0.2609805199743341
64769.19915,-1.3922840575047015,0.28932133716359004
64769.19915,-0.1105193577331729,0.3023201321297235
64769.19915,-1.2287487106538553,0.21659609836290922
64769.19915,-0.6140098457669758,0.43588160442865687
64769.19915,-1.3118925005526059,0.5282022876494543
64769.19915,-0.7288132025283627,0.36071571997072166
64769.19915,-0.44156393029670404,0.5278323787412482
64769.19915,-0.9619725182706649,0.22826884631280922
64769.19915,-1.3074177672856067,0.5037666764444579
64769.19915,-0.1339060647836714,0.761750743650531
64769.19915,-1.0371305631990921,0.4476418487817602
64769.19915,-1.3469343111203838,0.3081611239334876
64769.19915,-0.20026313887548675,0.3638911339551739
64769.19915,0.6195891173462389,0.5409177693824364
64769.19915,0.6687618796428598,0.8337905336757266
64769.19915,-0.16170804916219872,0.5365287587747101
64799.187713,-0.39049413883433637,0.5973015933307472
64799.187713,-0.32515308631686146,0.39888197456650726
64799.187713,-1.7183159915622728,0.5523687595155146
64799.187713,-0.476832593285339,0.37468421026571574
64799.187713,0.23008321324859615,0.30359367103820856
64799.187713,-0.2858685881050622,0.6962327409160196
64799.187713,-0.987102775330106,0.2680766969630842
64799.187713,-0.6978811770034206,0.5159983358770482
64799.187713,-0.3186217179737536,0.2934014595479843
64799.187713,-0.9242268579332045,0.8306298417360917
64799.187713,-1.141788571164689,0.4890155779974794
64799.187713,-1.2450123716588983,0.24439519839817117
64799.187713,1.140564672131612,0.13315070649016233
64799.187713,-0.4890926200136487,0.4728890665745719
64799.187713,-1.942478019399461,0.4871267531487732
64799.187713,-1.3960435550268873,0.32799485347078855
64799.187713,-2.2738278802799794,0.7101995774135614
64799.187713,-0.21781496077719886,0.4960298931226666
64799.187713,-1.1021232993032317,0.21093127732880235
64799.187713,-1.2672867088222421,0.3629194922514145
64799.187713,-1.0816182779216987,0.41150211070035064
64799.187713,-0.08159984401950204,0.4392202221042452
64799.187713,-0.0714367781317744,0.5363833105508565
64799.187713,-1.2851085838308105,0.20977924256150673
64799.187713,0.3461760143591892,0.5887360114420289
64799.187713,0.572043572917595,0.3333836446281163
64799.187713,-1.4832392173345088,0.5339620993876386
64799.187713,-0.9974133094745419,0.4144163382802349
64799.187713,-1.3172155083671537,0.30290318190791626
64823.134714,-0.6627315741464965,0.4839724040724135
64823.134714,-0.2246465143756442,0.482165554336814
64823.134714,-0.8445045901132087,0.31945332082832006
64823.134714,0.6160183323079469,0.3647156606937428
64823.134714,0.8343821372797375,0.7983907839518141
64823.134714,-0.8038871330958397,0.21826222219647007
64823.134714,-0.031501212628722186,0.5058918560609507
64823.134714,-1.036850233022225,0.4104726459254663
64823.134714,-1.0306523888317738,0.4184900641288232
64823.134714,-1.621006160418995,0.6067054640000988
64823.134714,-1.5391510490857723,0.5711752792936556
64823.134714,-0.3673456466859779,0.43620616258534234
64823.134714,-1.1389026918477771,0.2832430508557798
64823.134714,-0.14268439407175926,0.36153739587042716
64823.134714,0.9735841444485072,0.1411744461320777
64823.134714,2.361812309969171,0.3167404699444344
64823.134714,-0.01904579279225871,0.30071934474325746
64823.134714,-0.341770487010729,0.6250848695815363
64823.134714,-1.750793597843705,0.46210463719374023
64823.134714,-0.6733964597222997,0.231897647049046
64823.134714,-1.6186586968230294,0.25240190536597396
64823.134714,-1.3583549690696177,0.5742235358811402
64823.134714,-1.4601792993826042,0.29589184444209704
64823.134714,0.7457995963126631,0.48535399702920845
64823.134714,0.12659184971164983,0.6871660776055546
64823.134714,-1.0586815474691829,0.3356403557667836
64823.134714,-0.745907622656846,0.48169594944307625
64823.134714,-1.7220050324739944,0.3949562328315353
64823.134714,-1.132646958895391,0.4992179021899897
64829.103787,-1.2592634333855859,0.30408213904926923
64829.103787,-0.5755420642526037,0.5600353872185792
64829.103787,-0.9805045798344949,0.3618644770939048
64829.103787,-0.3128029175504299,0.23829485023222619
64829.103787,-0.5288720669333529,0.32456198038367917
64829.103787,-0.11134714114863442,0.5365133335247668
64829.103787,-1.2474306993433313,0.5726580802058611
64829.103787,1.350808336532607,0.13488556911544144
64829.103787,-0.5835404414916692,0.21375364336786148
64829.103787,-0.974885894367036,0.4254114650096219
64829.103787,-0.5793213780553632,0.26893228092628957
64829.103787,-0.2633410415026294,0.2628971012785686
64829.103787,-1.0728390961129879,0.4220469539384421
64829.103787,-0.8105516284300833,0.1979355114270278
64829.103787,-0.7768465424178839,0.2783704916994118
64829.103787,-1.412704078167108,0.43003349491625137
64829.103787,0.40957484735288574,0.6273886614371543
64829.103787,-1.2767581846039615,0.3887823379742407
64829.103787,-1.5888381489568886,0.2865074092073704
64829.103787,-0.37752744297776,0.4580295649581189
64829.103787,-0.5438159466126198,0.3311849066585986
64829.103787,0.4913380423183238,0.44058016362530383
64829.103787,0.4413280081890161,0.4452515379432303
64829.103787,-1.5403686712813691,0.4561068891510918
64829.103787,0.9407407319017889,0.29044687213198306
64829.103787,-0.7990079950777247,0.40277667244673354
64829.103787,-0.24634895794003775,0.5108144847941684
64829.103787,-0.38501281303146406,0.726327007728135
64829.103787,0.1386580844693519,0.3731428435575888
64853.044257,-0.9152122989374991,0.2274286050616365
64853.044257,-1.4772292126380169,0.39666972268377726
64853.044257,0.479987426902559,0.5915437302381368
64853.044257,-1.5358877009334009,0.5532699866563645
64853.044257,-0.5186481866745574,0.3897640353407604
64853.044257,-0.8011447730370822,0.25658334965926605
64853.044257,1.0473158060228638,0.1300062679818443
64853.044257,-1.00069261557549,0.29992981764553506
64853.044257,-1.0132163784901689,0.3599349957642446
64853.044257,0.9280808514735721,0.2841169319178747
64853.044257,-1.1827319760089026,0.3854576733142525
64853.044257,-0.12351195641196533,0.33332652331387136
64853.044257,-1.2838625730822084,0.42665110252686145
64853.044257,-0.30075788838303197,0.43535705932226965
64853.044257,0.4397377637681341,0.6180655781815323
64853.044257,-0.5791358486371703,0.41244930278398484
64853.044257,-0.9877250315980675,0.43590990237063265
64853.044257,-1.2643742980060164,0.4846881707570769
64853.044257,-1.9571926913793707,0.47280681241410805
64853.044257,-1.4178022253780842,0.2704411050543884
64853.044257,-1.349784468534077,0.504373956516494
64853.044257,-0.8364377932647837,0.4126666943545226
64853.044257,-0.49500489253076374,0.7579339271244856
64853.044257,-0.9913485242306788,0.196992039967148
64853.044257,-1.1645064718497924,0.2573448684081895
64853.044257,-1.3528683134799078,0.3048844665929349
64853.044257,-0.09455619275414051,0.35727131635765663
64853.044257,-1.0804636894669404,0.19610277521011088
64853.044257,-0.6372623103171229,0.2957302569001263
64883.031302,0.568785435587797,0.2875865681812518
64883.031302,0.820537206783035,0.3768120199118917
64883.031302,1.0625746296841676,0.44148627699735415
64883.031302,-0.28564431150598857,0.29553702942940846
64883.031302,0.005849050014727908,0.1927705275429892
64883.031302,0.511688479816069,0.37841035496271974
64883.031302,-0.29740791650317,0.389439620033369
64883.031302,0.3079497019079209,0.3460706138344366
64883.031302,-0.2308294890705458,0.22628478978052197
64883.031302,3.6164231825465105,0.7648874493916826
64883.031302,-0.12055888748047039,0.3091975269634217
64883.031302,1.8685638917467084,0.28314309496185797
64883.031302,0.7452673471639919,0.6352488512007483
64883.031302,1.6566743369578578,0.6580999945144975
64883.031302,-0.44536949899707245,0.45628768717430185
64883.031302,0.44984504745635157,0.4677392148076856
64883.031302,1.5363030769835628,0.5026200148137042
64883.031302,1.6395037182097507,0.5509055850039869
64883.031302,1.993996315406621,0.5305139831498892
64883.031302,0.29784549154418904,0.4641490761134537
64883.031302,-0.3260683892539067,0.19388163933608776
64883.031302,0.3033985236244643,0.2703043844004033
64883.031302,0.35470966336661114,0.48701395041758355
64883.031302,1.5830630704918338,0.12664497164536626
64883.031302,0.5462864908144898,0.4907255037156978
64883.031302,-0.43027095896869305,0.3445560939431801
64883.031302,-0.16905519797831126,0.40099899333706157
64883.031302,0.2700542839575615,0.250555344220399
64883.031302,0.28518639660768663,0.550904863230395
64889.030163,1.3211858379671373,0.4751057340741402
64889.030163,0.10420369804275964,0.2146176435431558
64889.030163,-0.5166423987613182,0.3975837419397652
64889.030163,1.8976389057729701,0.7851158778053463
64889.030163,-0.1690939525091597,0.21293062592907538
64889.030163,0.41656348956000677,0.4721912630758151
64889.030163,1.6162423182002943,0.12718711621576595
64889.030163,1.5888292261309083,0.2936118422390376
64889.030163,-0.5117047068847267,0.3958754482686915
64889.030163,0.3272608011401683,0.542866619385903
64889.030163,-0.48246885091577596,0.23410086086813883
64889.030163,-0.59266535078247,0.4391714045786662
64889.030163,0.2610137776119945,0.3077392189186491
64889.030163,0.5620200907353681,0.3131751845441462
64889.030163,1.0450692545599214,0.49801540564736174
64889.030163,-0.3453832311292597,0.2628202911402786
64889.030163,0.8318227417725108,0.4346855000471214
64889.030163,1.208986287435044,0.46947076974474966
64889.030163,2.1478124059761914,0.5648689276295302
64889.030163,0.7777920883454694,0.6281340640672999
64889.030163,0.40683276404240765,0.6570031611903068
64889.030163,0.17762237183070617,0.30277749995442804
64889.030163,-0.03260936869976305,0.3471257569376017
64889.030163,0.5142993979457433,0.5300854581231123
64889.030163,0.1140490999572421,0.43535705932226965
64889.030163,0.7214355592801684,0.45151922590709614
64889.030163,0.32840978842606994,0.3700280468340511
64889.030163,-0.6588297242956074,0.2537528542775751
64889.030163,0.9645736370226832,0.3693925172299636
64952.002281,-0.7684364790046949,0.22947844655822155
64952.002281,-0.6389408735733166,0.20776564204503659
64952.002281,-1.2750636632326948,0.7705766948830257
64952.002281,-1.0813735913941294,0.40861871926707305
64952.002281,-0.4570818548638762,0.2976439797163655
64952.002281,-1.4920216959671162,0.3386056473057205
64952.002281,-0.9287543381233707,0.3283964679156383
64952.002281,-0.3470175635467445,0.4545972035221297
64952.002281,0.06838227555280874,0.46275715396493
64952.002281,-1.0673112236700657,0.6559063278661159
64952.002281,0.3418310039515138,0.3070021003842673
64952.002281,0.15729432054308035,0.27066971122941347
64952.002281,-8.113534329723393e-06,0.37657192408840723
64952.002281,-0.9391194555238425,0.46261723097776536
64952.002281,-0.27848845911698916,0.2552614435687607
64952.002281,0.45846645149408793,0.40981536386633827
64952.002281,-0.9617733657826584,0.5890027348333339
64952.002281,-1.0687049504892574,0.27556411438450584
64952.002281,-0.08308796598459267,0.3057868686003706
64952.002281,-1.3480829328304154,0.3763819307412485
64952.002281,-0.8930191498947462,0.44623829928829967
64952.002281,-1.98059566557456,0.5238776418127141
64952.002281,-0.8618156191437674,0.4362430787527351
64952.002281,1.6151801917357798,0.5425126838996444
64952.002281,-1.002518619412589,0.3078263342530421
64952.002281,-1.0100094824121992,0.44111683241409244
64952.002281,-0.19515598545452129,0.4391714045786662
64952.002281,-1.4413116348382946,0.600558019703917
64952.002281,1.0971931064996365,0.13748786305335992
