ID,x,y,bsize,mjd,zpt,fluxADU,flux_err,X2norm,Npix,Nmask,Jyas2,Jyas2_err,SB,SB_err,fitsfile,skip,imID,filter,CONVOL00,PHOTNORM,KSUM00,FSIG00,FSCAT00,FWHM,M5SIGMA,SKYADU,muJyas2,muJyas2_err,im_expnum
90,3909,1392,3,56341.289265,30.915,80.49,11.63,0.47,9,0,1.726e-06,2.493e-07,23.307,0.156827,ec0915.130218.178885_ooi_z_N22_160306.523733_ooi_z_v1_N22.diff.fits,0x0000,10,z,TEMPLATE,t,0.8508,1.259,0.057,4.678,22.854,3300.0,1.726,0.2493,178885
90,3909,1392,3,56341.291336,30.915,89.61,10.6,0.9,9,0,1.922e-06,2.272e-07,23.191,0.128378,ec0915.130218.178886_ooi_z_N22_160306.523733_ooi_z_v1_N22.diff.fits,0x0000,11,z,TEMPLATE,t,0.8473,1.266,0.073,4.273,22.895,3347.0,1.922,0.22719999999999999,178886
90,3909,1392,3,56360.209714,30.915,89.76,14.14,0.44,9,0,1.925e-06,3.033e-07,23.189,0.171085,ec0915.130309.184932_ooi_z_N22_160306.523733_ooi_z_v1_N22.diff.fits,0x0000,16,z,TEMPLATE,t,0.5299,1.501,0.167,2.985,23.119,1727.0,1.9250000000000003,0.3033,184932
90,3909,1392,3,56418.977034,30.915,71.52,11.54,0.69,9,0,1.534e-06,2.474e-07,23.436,0.175135,ec0915.130506.204629_ooi_z_v1_N22_160306.523733_ooi_z_v1_N22.diff.fits,0x0000,26,z,TEMPLATE,t,1.148,1.415,0.136,4.154,22.944,6628.0,1.534,0.2474,204629
90,3909,1392,3,56487.988309,30.915,70.05,11.1,0.61,9,0,1.502e-06,2.38e-07,23.458,0.171989,ec0915.130714.218757_ooi_z_N22_160306.523733_ooi_z_v1_N22.diff.fits,0x0000,30,z,TEMPLATE,t,1.1066,1.401,0.139,4.132,22.883,6364.0,1.502,0.238,218757
90,3909,1392,3,56488.988287,30.915,30.4,11.91,0.64,9,0,6.519e-07,2.555e-07,,,ec0915.130715.219201_ooi_z_N22_160306.523733_ooi_z_v1_N22.diff.fits,0x0000,34,z,TEMPLATE,t,1.1771,1.424,0.157,3.539,23.022,6998.0,0.6518999999999999,0.2555,219201
90,3909,1392,3,56489.013217,30.915,42.06,11.9,0.33,9,0,9.019e-07,2.553e-07,24.012,0.307285,ec0915.130716.219213_ooi_z_N22_160306.523733_ooi_z_v1_N22.diff.fits,0x0000,38,z,TEMPLATE,t,1.1635,1.349,0.109,3.653,23.001,6723.0,0.9019,0.2553,219213
90,3909,1392,3,56612.306942,30.915,17.35,11.92,0.32,9,0,3.72e-07,2.557e-07,,,ec0915.131116.254783_ooi_z_N22_160306.523733_ooi_z_v1_N22.diff.fits,0x0000,43,z,TEMPLATE,t,1.1224,1.313,0.078,4.868,22.731,6461.0,0.372,0.2557,254783
90,3909,1392,3,56668.211483,30.915,9.54,9.37,2.57,9,0,2.045e-07,2.01e-07,,,ec0915.140111.273124_ooi_z_N22_160306.523733_ooi_z_v1_N22.diff.fits,0x0000,47,z,TEMPLATE,t,1.172,1.495,0.158,3.611,23.257,4304.0,0.20450000000000002,0.201,273124
90,3909,1392,3,56668.219813,30.915,65.61,9.38,0.69,9,0,1.407e-06,2.013e-07,23.529,0.155303,ec0915.140111.273128_ooi_z_N22_160306.523733_ooi_z_v1_N22.diff.fits,0x0000,51,z,TEMPLATE,t,1.1786,1.44,0.115,4.442,23.028,4385.0,1.407,0.2013,273128
90,3909,1392,3,56713.197028,30.915,-9.45,9.81,0.45,9,0,-2.026e-07,2.105e-07,,,ec0915.140225.288123_ooi_z_N22_160306.523733_ooi_z_v1_N22.diff.fits,0x0000,79,z,TEMPLATE,t,1.1672,1.419,0.125,3.898,23.153,5178.0,-0.2026,0.21050000000000002,288123
90,3909,1392,3,56764.149481,30.915,9.43,11.06,0.95,9,0,2.022e-07,2.372e-07,,,ec0915.140417.301623_ooi_z_v1_N22_160306.523733_ooi_z_v1_N22.diff.fits,0x0000,84,z,TEMPLATE,t,1.0992,1.466,0.159,3.443,23.118,5856.0,0.2022,0.2372,301623
90,3909,1392,3,56764.153625,30.915,12.15,10.72,1.98,9,0,2.605e-07,2.299e-07,,,ec0915.140417.301625_ooi_z_v1_N22_160306.523733_ooi_z_v1_N22.diff.fits,0x0000,86,z,TEMPLATE,t,1.0967,1.435,0.125,3.415,23.19,5889.0,0.2605,0.2299,301625
90,3909,1392,3,56814.091425,30.915,28.99,10.27,0.88,9,0,6.216e-07,2.202e-07,,,ec0915.140606.320269_ooi_z_v1_N22_160306.523733_ooi_z_v1_N22.diff.fits,0x0000,89,z,TEMPLATE,t,1.1459,1.413,0.09,5.263,22.754,5333.0,0.6216,0.2202,320269
90,3909,1392,3,56834.960611,30.915,2.77,12.61,0.81,9,0,5.931e-08,2.704e-07,,,ec0915.140626.331029_ooi_z_v1_N22_160306.523733_ooi_z_v1_N22.diff.fits,0x0000,91,z,TEMPLATE,t,1.0967,1.452,0.12,4.69,22.667,7577.0,0.05931,0.2704,331029
90,3909,1392,3,56854.965339,30.915,11.72,13.4,0.85,9,0,2.513e-07,2.874e-07,,,ec0915.140716.337810_ooi_z_v1_N22_160306.523733_ooi_z_v1_N22.diff.fits,0x0000,99,z,TEMPLATE,t,1.0126,1.426,0.119,4.132,22.811,6947.0,0.25129999999999997,0.2874,337810
90,3909,1392,3,56998.316848,30.915,-56.51,12.36,0.64,9,0,-1.212e-06,2.65e-07,,,ec0915.141207.384681_ooi_z_v1_N22_160306.523733_ooi_z_v1_N22.diff.fits,0x0000,106,z,TEMPLATE,t,1.1284,1.229,0.117,3.559,22.939,6560.0,-1.212,0.265,384681
90,3909,1392,3,56998.321015,30.915,-91.58,12.0,0.24,9,0,-1.964e-06,2.574e-07,,,ec0915.141207.384683_ooi_z_v1_N22_160306.523733_ooi_z_v1_N22.diff.fits,0x0000,108,z,TEMPLATE,t,1.1258,1.196,0.077,4.304,22.778,6407.0,-1.9640000000000002,0.2574,384683
90,3909,1392,3,57026.228979,30.915,-61.3,13.68,1.9,9,0,-1.315e-06,2.934e-07,,,ec0915.150104.394285_ooi_z_v1_N22_160306.523733_ooi_z_v1_N22.diff.fits,0x0000,111,z,TEMPLATE,t,1.0335,1.269,0.148,3.39,22.831,6751.0,-1.315,0.2934,394285
90,3909,1392,3,57026.233149,30.915,-61.9,14.1,0.74,9,0,-1.328e-06,3.023e-07,,,ec0915.150104.394287_ooi_z_v1_N22_160306.523733_ooi_z_v1_N22.diff.fits,0x0000,113,z,TEMPLATE,t,1.0467,1.125,0.082,3.691,22.789,6901.0,-1.328,0.3023,394287
90,3909,1392,3,57050.242086,30.915,-48.8,10.07,0.85,9,0,-1.047e-06,2.159e-07,,,ec0915.150128.403911_ooi_z_v1_N22_160306.523733_ooi_z_v1_N22.diff.fits,0x0000,118,z,TEMPLATE,t,0.9842,1.261,0.131,4.029,23.145,3149.0,-1.0470000000000002,0.21589999999999998,403911
90,3909,1392,3,57053.240481,30.915,-87.44,12.54,0.44,9,0,-1.875e-06,2.69e-07,,,ec0915.150131.404893_ooi_z_v1_N22_160306.523733_ooi_z_v1_N22.diff.fits,0x0000,122,z,TEMPLATE,t,1.073,1.194,0.087,3.937,22.876,5245.0,-1.875,0.26899999999999996,404893
90,3909,1392,3,57056.260361,30.915,-78.75,12.22,0.77,9,0,-1.689e-06,2.62e-07,,,ec0915.150203.405992_ooi_z_ls9_N22_160306.523733_ooi_z_v1_N22.diff.fits,0x0000,126,z,TEMPLATE,t,1.1387,1.22,0.117,3.582,22.902,6587.0,-1.689,0.262,405992
90,3909,1392,3,57056.268626,30.915,-66.87,13.51,0.34,9,0,-1.434e-06,2.897e-07,,,ec0915.150203.405996_ooi_z_ls9_N22_160306.523733_ooi_z_v1_N22.diff.fits,0x0000,130,z,TEMPLATE,t,1.1421,1.042,0.093,3.48,22.867,7293.0,-1.434,0.2897,405996
90,3909,1392,3,57083.233746,30.915,-71.67,11.8,0.81,9,0,-1.537e-06,2.531e-07,,,ec0915.150302.417215_ooi_z_v1_N22_160306.523733_ooi_z_v1_N22.diff.fits,0x0000,135,z,TEMPLATE,t,1.043,1.205,0.135,3.416,23.018,4875.0,-1.5370000000000001,0.2531,417215
90,3909,1392,3,57088.183133,30.915,-98.67,11.23,0.36,9,0,-2.116e-06,2.408e-07,,,ec0915.150307.419088_ooi_z_v1_N22_160306.523733_ooi_z_v1_N22.diff.fits,0x0000,136,z,TEMPLATE,t,1.0547,1.158,0.08,3.392,23.026,6188.0,-2.116,0.2408,419088
90,3909,1392,3,57088.185779,30.915,-73.34,12.83,0.68,9,0,-1.573e-06,2.752e-07,,,ec0915.150307.419089_ooi_z_v1_N22_160306.523733_ooi_z_v1_N22.diff.fits,0x0000,137,z,TEMPLATE,t,1.0497,1.223,0.109,2.884,23.166,5927.0,-1.573,0.2752,419089
90,3909,1392,3,57117.011808,30.915,-46.64,13.26,0.17,9,0,-1e-06,2.843e-07,,,ec0915.150405.429230_ooi_z_v1_N22_160306.523733_ooi_z_v1_N22.diff.fits,0x0000,143,z,TEMPLATE,t,1.0671,1.153,0.082,4.288,22.642,7571.0,-1.0,0.2843,429230
90,3909,1392,3,57117.015936,30.915,-44.43,12.28,1.09,9,0,-9.529e-07,2.634e-07,,,ec0915.150405.429232_ooi_z_v1_N22_160306.523733_ooi_z_v1_N22.diff.fits,0x0000,145,z,TEMPLATE,t,1.0619,1.19,0.061,4.641,22.633,6637.0,-0.9529,0.26339999999999997,429232
90,3909,1392,3,57139.0088,30.915,-100.15,12.23,0.28,9,0,-2.148e-06,2.623e-07,,,ec0915.150427.437746_ooi_z_v1_N22_160306.523733_ooi_z_v1_N22.diff.fits,0x0000,151,z,TEMPLATE,t,1.041,1.249,0.072,5.414,22.529,5505.0,-2.148,0.26230000000000003,437746
90,3909,1392,3,57171.013911,30.915,211.66,265.02,1.09,9,0,4.539e-06,5.683e-06,,,ec0915.150529.443410_ooi_z_v1_N22_160306.523733_ooi_z_v1_N22.diff.fits,0x0000,153,z,TEMPLATE,t,0.0897,1.165,0.048,4.037,19.422,24525.0,4.539,5.683,443410
90,3909,1392,3,57171.018007,30.915,311.79,233.73,1.12,9,0,6.687e-06,5.012e-06,,,ec0915.150529.443412_ooi_z_v1_N22_160306.523733_ooi_z_v1_N22.diff.fits,0x0000,155,z,TEMPLATE,t,0.0982,1.177,0.056,3.466,19.689,24114.0,6.686999999999999,5.012,443412
90,3909,1392,3,57171.117306,30.915,-885.8,767.31,0.69,9,0,-1.9e-05,1.646e-05,,,ec0915.150529.443454_ooi_z_v1_N22_160306.523733_ooi_z_v1_N22.diff.fits,0x0000,157,z,TEMPLATE,t,0.0325,1.214,0.051,3.988,18.396,27448.0,-19.0,16.46,443454
90,3909,1392,3,57171.121418,30.915,-105.12,1008.93,0.83,9,0,-2.254e-06,2.164e-05,,,ec0915.150529.443456_ooi_z_v1_N22_160306.523733_ooi_z_v1_N22.diff.fits,0x0000,159,z,TEMPLATE,t,0.0241,1.205,0.059,3.624,18.227,28127.0,-2.254,21.64,443456
90,3909,1392,3,57198.960089,30.915,-86.0,15.92,0.85,9,0,-1.844e-06,3.414e-07,,,ec0915.150625.453952_ooi_z_v1_N22_160306.523733_ooi_z_v1_N22.diff.fits,0x0000,164,z,TEMPLATE,t,1.0789,1.109,0.062,4.714,22.377,10108.0,-1.844,0.34140000000000004,453952
90,3909,1392,3,57198.965698,30.915,-78.08,14.56,0.3,9,0,-1.674e-06,3.122e-07,,,ec0915.150625.453955_ooi_z_v1_N22_160306.523733_ooi_z_v1_N22.diff.fits,0x0000,167,z,TEMPLATE,t,1.0696,1.223,0.064,4.277,22.481,10187.0,-1.674,0.3122,453955
90,3909,1392,3,57199.005294,30.915,-59.75,14.01,1.05,9,0,-1.281e-06,3.004e-07,,,ec0915.150626.453976_ooi_z_v1_N22_160306.523733_ooi_z_v1_N22.diff.fits,0x0000,170,z,TEMPLATE,t,1.0649,1.202,0.083,4.295,22.633,7612.0,-1.2810000000000001,0.3004,453976
90,3909,1392,3,57387.340403,30.915,-10.51,12.9,1.81,9,0,-2.253e-07,2.767e-07,,,ec0915.151231.507220_ooi_z_v1_N22_160306.523733_ooi_z_v1_N22.diff.fits,0x0000,176,z,TEMPLATE,t,1.0642,1.234,0.126,3.164,23.086,5609.0,-0.2253,0.2767,507220
90,3909,1392,3,57388.334629,30.915,-33.12,9.66,0.8,9,0,-7.104e-07,2.071e-07,,,ec0915.160101.507561_ooi_z_v1_N22_160306.523733_ooi_z_v1_N22.diff.fits,0x0000,180,z,TEMPLATE,t,1.0844,1.228,0.102,3.599,23.14,4209.0,-0.7104,0.2071,507561
90,3909,1392,3,57443.170926,30.915,8.66,12.77,0.86,9,0,1.857e-07,2.739e-07,,,ec0915.160225.519763_ooi_z_v1_N22_160306.523733_ooi_z_v1_N22.diff.fits,0x0000,183,z,TEMPLATE,t,1.0313,1.116,0.072,3.975,22.746,6057.0,0.1857,0.2739,519763
90,3909,1392,3,57443.175066,30.915,-5.29,11.89,0.49,9,0,-1.136e-07,2.55e-07,,,ec0915.160225.519765_ooi_z_v1_N22_160306.523733_ooi_z_v1_N22.diff.fits,0x0000,185,z,TEMPLATE,t,1.0353,1.109,0.06,4.579,22.596,5911.0,-0.11359999999999999,0.255,519765
90,3909,1392,3,57452.205272,30.915,-31.48,12.64,0.81,9,0,-6.75e-07,2.711e-07,,,ec0915.160305.523437_ooi_z_v1_N22_160306.523733_ooi_z_v1_N22.diff.fits,0x0000,187,z,TEMPLATE,t,1.0771,1.286,0.146,2.451,23.522,4633.0,-0.675,0.2711,523437
90,3909,1392,3,57535.95023,30.915,-11.62,40.71,1.81,9,0,-2.492e-07,8.731e-07,,,ec0915.160527.545715_ooi_z_v1_N22_160306.523733_ooi_z_v1_N22.diff.fits,0x0000,190,z,TEMPLATE,t,0.3206,1.151,0.067,3.798,21.456,7315.0,-0.24919999999999998,0.8731,545715
90,3909,1392,3,57535.954356,30.915,39.99,38.73,1.42,9,0,8.576e-07,8.307e-07,,,ec0915.160527.545717_ooi_z_v1_N22_160306.523733_ooi_z_v1_N22.diff.fits,0x0000,192,z,TEMPLATE,t,0.3243,1.121,0.056,4.145,21.475,5947.0,0.8575999999999999,0.8307,545717
90,3909,1392,3,57535.991722,30.915,-15.31,13.46,1.49,9,0,-3.283e-07,2.886e-07,,,ec0915.160527.545735_ooi_z_v1_N22_160306.523733_ooi_z_v1_N22.diff.fits,0x0000,194,z,TEMPLATE,t,0.8908,1.309,0.092,4.077,22.828,4546.0,-0.3283,0.28859999999999997,545735
90,3909,1392,3,57535.995867,30.915,10.33,11.73,0.73,9,0,2.216e-07,2.516e-07,,,ec0915.160527.545737_ooi_z_v1_N22_160306.523733_ooi_z_v1_N22.diff.fits,0x0000,196,z,TEMPLATE,t,0.9992,1.236,0.106,3.527,22.982,4803.0,0.2216,0.2516,545737
90,3909,1392,3,57545.965079,30.915,-1.23,16.75,0.11,9,0,-2.627e-08,3.592e-07,,,ec0915.160606.547142_ooi_z_v1_N22_160306.523733_ooi_z_v1_N22.diff.fits,0x0000,206,z,TEMPLATE,t,0.5751,1.139,0.076,4.454,22.464,3034.0,-0.026269999999999998,0.35919999999999996,547142
90,3909,1392,3,57566.040208,30.915,42.8,15.42,0.87,9,0,9.179e-07,3.308e-07,,,ec0915.160627.549002_ooi_z_v1_N22_160306.523733_ooi_z_v1_N22.diff.fits,0x0000,210,z,TEMPLATE,t,0.9597,1.114,0.072,4.658,22.451,8142.0,0.9179,0.33080000000000004,549002
90,3909,1392,3,57764.169856,30.915,-83.17,12.1,1.5,9,0,-1.784e-06,2.595e-07,,,ec0915.170111.608550_ooi_z_v1_N22_160306.523733_ooi_z_v1_N22.diff.fits,0x0000,213,z,TEMPLATE,t,1.0318,1.268,0.139,3.199,23.075,5482.0,-1.784,0.2595,608550
90,3909,1392,3,57764.173997,30.915,-63.83,11.33,0.68,9,0,-1.369e-06,2.43e-07,,,ec0915.170111.608552_ooi_z_v1_N22_160306.523733_ooi_z_v1_N22.diff.fits,0x0000,215,z,TEMPLATE,t,1.039,1.151,0.106,3.214,23.05,5620.0,-1.369,0.243,608552
90,3909,1392,3,57769.284073,30.915,-90.75,10.68,1.07,9,0,-1.946e-06,2.291e-07,,,ec0915.170116.609360_ooi_z_v1_N22_160306.523733_ooi_z_v1_N22.diff.fits,0x0000,217,z,TEMPLATE,t,1.0338,1.183,0.119,3.18,23.349,4050.0,-1.9460000000000002,0.2291,609360
90,3909,1392,3,57769.288221,30.915,-76.35,10.64,1.46,9,0,-1.637e-06,2.281e-07,,,ec0915.170116.609362_ooi_z_v1_N22_160306.523733_ooi_z_v1_N22.diff.fits,0x0000,219,z,TEMPLATE,t,1.0319,1.156,0.125,3.214,23.332,4079.0,-1.637,0.2281,609362
90,3909,1392,3,57794.308614,30.915,-87.78,12.09,0.4,9,0,-1.882e-06,2.592e-07,,,ec0915.170210.619020_ooi_z_v1_N22_160306.523733_ooi_z_v1_N22.diff.fits,0x0000,231,z,TEMPLATE,t,1.0675,1.149,0.1,3.599,22.954,5829.0,-1.882,0.2592,619020
90,3909,1392,3,57795.317714,30.915,-100.0,13.03,0.78,9,0,-2.145e-06,2.795e-07,,,ec0915.170211.619366_ooi_z_v1_N22_160306.523733_ooi_z_v1_N22.diff.fits,0x0000,233,z,TEMPLATE,t,1.0286,1.208,0.115,2.859,23.098,6629.0,-2.1449999999999996,0.27949999999999997,619366
90,3909,1392,3,57798.077705,30.915,-101.11,12.8,0.46,9,0,-2.168e-06,2.745e-07,,,ec0915.170214.620291_ooi_z_v1_N22_160306.523733_ooi_z_v1_N22.diff.fits,0x0000,235,z,TEMPLATE,t,0.9631,1.165,0.11,3.29,22.936,5922.0,-2.1679999999999997,0.27449999999999997,620291
90,3909,1392,3,57822.338331,30.915,-60.73,13.38,1.17,9,0,-1.302e-06,2.87e-07,,,ec0915.170310.628200_ooi_z_v1_N22_160306.523733_ooi_z_v1_N22.diff.fits,0x0000,237,z,TEMPLATE,t,0.9992,1.127,0.081,3.576,22.797,7326.0,-1.302,0.28700000000000003,628200
90,3909,1392,3,57822.342476,30.915,-113.24,13.56,0.54,9,0,-2.429e-06,2.908e-07,,,ec0915.170310.628202_ooi_z_v1_N22_160306.523733_ooi_z_v1_N22.diff.fits,0x0000,239,z,TEMPLATE,t,0.9893,1.057,0.061,4.175,22.591,7749.0,-2.429,0.2908,628202
90,3909,1392,3,57824.277361,30.915,-79.82,13.65,0.41,9,0,-1.712e-06,2.928e-07,,,ec0915.170312.628814_ooi_z_v1_N22_160306.523733_ooi_z_v1_N22.diff.fits,0x0000,241,z,TEMPLATE,t,1.0506,1.067,0.073,3.807,22.77,7544.0,-1.7120000000000002,0.29279999999999995,628814
90,3909,1392,3,57824.281503,30.915,-74.15,13.41,0.5,9,0,-1.59e-06,2.875e-07,,,ec0915.170312.628816_ooi_z_v1_N22_160306.523733_ooi_z_v1_N22.diff.fits,0x0000,243,z,TEMPLATE,t,1.0475,1.22,0.097,3.347,22.952,6645.0,-1.59,0.2875,628816
90,3909,1392,3,57847.124307,30.915,-87.7,11.66,1.24,9,0,-1.881e-06,2.5e-07,,,ec0915.170404.636946_ooi_z_v1_N22_160306.523733_ooi_z_v1_N22.diff.fits,0x0000,252,z,TEMPLATE,t,1.0078,1.244,0.131,3.534,23.1,4387.0,-1.881,0.25,636946
90,3909,1392,3,57848.992872,30.915,-76.13,13.41,0.55,9,0,-1.633e-06,2.877e-07,,,ec0915.170405.637489_ooi_z_v1_N22_160306.523733_ooi_z_v1_N22.diff.fits,0x0000,255,z,TEMPLATE,t,1.0116,1.165,0.1,3.387,22.831,7297.0,-1.633,0.2877,637489
90,3909,1392,3,57872.960558,30.915,-113.27,14.98,2.23,9,0,-2.429e-06,3.212e-07,,,ec0915.170429.645088_ooi_z_v1_N22_160306.523733_ooi_z_v1_N22.diff.fits,0x0000,256,z,TEMPLATE,t,1.1067,1.318,0.153,2.628,23.096,8900.0,-2.429,0.3212,645088
90,3909,1392,3,57872.960558,30.915,-114.22,15.07,2.17,9,0,-2.45e-06,3.233e-07,,,ec0915.170429.645088_ooi_z_vx_N22_160306.523733_ooi_z_v1_N22.diff.fits,0x0000,257,z,TEMPLATE,t,1.14,1.297,0.163,2.627,23.073,9226.0,-2.4499999999999997,0.3233,645088
90,3909,1392,3,57874.962088,30.915,-121.61,42.15,0.41,9,0,-2.608e-06,9.039e-07,,,ec0915.170501.646110_ooi_z_v1_N22_160306.523733_ooi_z_v1_N22.diff.fits,0x0000,270,z,TEMPLATE,t,0.4218,0.813,0.05,3.56,21.55,11604.0,-2.6079999999999997,0.9039,646110
90,3909,1392,3,57874.96623,30.915,-56.8,51.16,0.59,9,0,-1.218e-06,1.097e-06,,,ec0915.170501.646112_ooi_z_vx_N22_160306.523733_ooi_z_v1_N22.diff.fits,0x0000,273,z,TEMPLATE,t,0.2792,1.081,0.064,3.558,21.265,8303.0,-1.218,1.097,646112
90,3909,1392,3,57874.96623,30.915,-48.95,48.52,0.84,9,0,-1.05e-06,1.04e-06,,,ec0915.170501.646112_ooi_z_v1_N22_160306.523733_ooi_z_v1_N22.diff.fits,0x0000,272,z,TEMPLATE,t,0.2716,1.088,0.062,3.558,21.271,8234.0,-1.0499999999999998,1.04,646112
90,3909,1392,3,57875.014571,30.915,-199.49,39.85,1.58,9,0,-4.278e-06,8.547e-07,,,ec0915.170502.646135_ooi_z_v1_N22_160306.523733_ooi_z_v1_N22.diff.fits,0x0000,275,z,TEMPLATE,t,0.3539,1.104,0.064,3.521,21.657,7497.0,-4.2780000000000005,0.8547,646135
90,3909,1392,3,57875.018706,30.915,-141.51,24.53,1.26,9,0,-3.035e-06,5.26e-07,,,ec0915.170502.646137_ooi_z_v1_N22_160306.523733_ooi_z_v1_N22.diff.fits,0x0000,278,z,TEMPLATE,t,0.4891,1.167,0.081,3.247,22.174,6770.0,-3.035,0.526,646137
90,3909,1392,3,57875.018706,30.915,-140.27,24.92,1.06,9,0,-3.008e-06,5.344e-07,,,ec0915.170502.646137_ooi_z_vx_N22_160306.523733_ooi_z_v1_N22.diff.fits,0x0000,279,z,TEMPLATE,t,0.5031,1.109,0.082,3.247,22.145,7140.0,-3.008,0.5344,646137
90,3909,1392,3,57875.081054,30.915,-87.35,38.05,1.42,9,0,-1.873e-06,8.161e-07,,,ec0915.170502.646165_ooi_z_v1_N22_160306.523733_ooi_z_v1_N22.diff.fits,0x0000,282,z,TEMPLATE,t,0.314,1.116,0.069,3.34,21.62,7054.0,-1.873,0.8161,646165
90,3909,1392,3,57875.085195,30.915,-101.09,14.7,1.44,9,0,-2.168e-06,3.152e-07,,,ec0915.170502.646167_ooi_z_v1_N22_160306.523733_ooi_z_v1_N22.diff.fits,0x0000,284,z,TEMPLATE,t,0.7859,1.128,0.089,3.35,22.666,6214.0,-2.1679999999999997,0.31520000000000004,646167
90,3909,1392,3,57875.122515,30.915,-135.89,24.34,1.11,9,0,-2.914e-06,5.221e-07,,,ec0915.170502.646185_ooi_z_v1_N22_160306.523733_ooi_z_v1_N22.diff.fits,0x0000,286,z,TEMPLATE,t,0.5261,0.991,0.076,3.058,22.295,6557.0,-2.914,0.5221,646185
90,3909,1392,3,57875.126648,30.915,-117.77,22.01,2.7,9,0,-2.526e-06,4.72e-07,,,ec0915.170502.646187_ooi_z_v1_N22_160306.523733_ooi_z_v1_N22.diff.fits,0x0000,288,z,TEMPLATE,t,0.5093,1.192,0.085,3.171,22.342,5378.0,-2.5260000000000002,0.472,646187
90,3909,1392,3,57888.146212,30.915,-121.97,11.41,1.37,9,0,-2.616e-06,2.446e-07,,,ec0915.170515.648397_ooi_z_v1_N22_160306.523733_ooi_z_v1_N22.diff.fits,0x0000,290,z,TEMPLATE,t,1.026,1.134,0.061,5.728,22.558,4880.0,-2.616,0.2446,648397
90,3909,1392,3,57888.150335,30.915,-137.0,32.3,,1,0,-2.938e-06,6.927e-07,,,ec0915.170515.648399_ooi_z_v1_N22_160306.523733_ooi_z_v1_N22.diff.fits,0x0000,292,z,TEMPLATE,t,1.0271,1.289,0.057,5.92,22.593,4268.0,-2.938,0.6927,648399
90,3909,1392,3,57935.020929,30.915,-53.72,11.23,0.47,9,0,-1.152e-06,2.408e-07,,,ec0915.170701.657445_ooi_z_vx_N22_160306.523733_ooi_z_v1_N22.diff.fits,0x0000,299,z,TEMPLATE,t,1.1345,1.232,0.13,3.547,23.0,5851.0,-1.152,0.2408,657445
90,3909,1392,3,57950.995174,30.915,-51.91,17.3,0.92,6,0,-1.113e-06,3.71e-07,,,ec0915.170716.659072_ooi_z_v1_N22_160306.523733_ooi_z_v1_N22.diff.fits,0x0000,306,z,TEMPLATE,t,1.11,0.929,0.039,7.027,22.172,8578.0,-1.113,0.371,659072
90,3909,1392,3,58183.117442,30.915,-29.56,10.45,0.31,9,0,-6.339e-07,2.241e-07,,,ec0915.180306.727448_ooi_z_v1_N22_160306.523733_ooi_z_v1_N22.diff.fits,0x0000,312,z,TEMPLATE,t,0.9792,1.336,0.067,4.321,22.804,4442.0,-0.6339,0.2241,727448
90,3909,1392,3,58183.121555,30.915,-39.95,12.78,0.9,9,0,-8.568e-07,2.741e-07,,,ec0915.180306.727450_ooi_z_v1_N22_160306.523733_ooi_z_v1_N22.diff.fits,0x0000,314,z,TEMPLATE,t,0.9745,1.099,0.082,3.827,22.829,5524.0,-0.8568,0.2741,727450
90,3909,1392,3,58184.03864,30.915,-31.98,12.28,0.45,9,0,-6.859e-07,2.634e-07,,,ec0915.180307.727589_ooi_z_v1_N22_160306.523733_ooi_z_v1_N22.diff.fits,0x0000,316,z,TEMPLATE,t,0.8599,1.178,0.078,5.158,22.516,4545.0,-0.6859,0.26339999999999997,727589
90,3909,1392,3,58225.986333,30.915,-45.74,12.62,0.88,9,0,-9.809e-07,2.706e-07,,,ec0915.180417.736458_ooi_z_v1_N22_160306.523733_ooi_z_v1_N22.diff.fits,0x0000,327,z,TEMPLATE,t,0.9652,1.246,0.077,4.831,22.505,5784.0,-0.9809,0.2706,736458
90,3909,1392,3,58232.983204,30.915,-50.2,13.3,2.23,9,0,-1.077e-06,2.853e-07,,,ec0915.180424.738618_ooi_z_v1_N22_160306.523733_ooi_z_v1_N22.diff.fits,0x0000,331,z,TEMPLATE,t,1.0633,1.157,0.103,3.779,22.758,7453.0,-1.077,0.2853,738618
90,3909,1392,3,58246.003574,30.915,-27.99,21.18,0.86,9,0,-6.002e-07,4.543e-07,,,ec0915.180508.743629_ooi_z_v1_N22_160306.523733_ooi_z_v1_N22.diff.fits,0x0000,335,z,TEMPLATE,t,0.7157,1.113,0.065,4.337,22.078,9437.0,-0.6002,0.4543,743629
90,3909,1392,3,58261.080086,30.915,-50.42,14.59,0.6,9,0,-1.081e-06,3.13e-07,,,ec0915.180523.750068_ooi_z_v1_N22_160306.523733_ooi_z_v1_N22.diff.fits,0x0000,339,z,TEMPLATE,t,1.0482,0.963,0.094,3.406,22.75,9810.0,-1.081,0.313,750068
90,3909,1392,3,58261.088392,30.915,-35.77,15.77,0.78,9,0,-7.672e-07,3.383e-07,,,ec0915.180523.750072_ooi_z_v1_N22_160306.523733_ooi_z_v1_N22.diff.fits,0x0000,343,z,TEMPLATE,t,1.0415,1.169,0.117,3.008,22.974,8140.0,-0.7672,0.3383,750072
90,3909,1392,3,58313.979667,30.915,-15.13,13.98,0.62,9,0,-3.245e-07,2.997e-07,,,ec0915.180714.755609_ooi_z_v1_N22_160306.523733_ooi_z_v1_N22.diff.fits,0x0000,345,z,TEMPLATE,t,1.1382,1.002,0.082,4.134,22.713,8411.0,-0.32449999999999996,0.2997,755609
90,3909,1392,3,58313.987958,30.915,-25.9,13.39,0.57,9,0,-5.555e-07,2.872e-07,,,ec0915.180714.755613_ooi_z_v1_N22_160306.523733_ooi_z_v1_N22.diff.fits,0x0000,349,z,TEMPLATE,t,1.1318,1.09,0.078,3.788,22.871,7802.0,-0.5555,0.28719999999999996,755613
90,3909,1392,3,58483.310826,30.915,-57.65,9.58,0.98,9,0,-1.236e-06,2.055e-07,,,ec0915.181231.807723_ooi_z_v1_N22_160306.523733_ooi_z_v1_N22.diff.fits,0x0000,358,z,TEMPLATE,t,1.1382,1.454,0.173,3.529,23.237,4204.0,-1.236,0.20550000000000002,807723
90,3909,1392,3,58536.294128,30.915,-48.29,16.68,0.6,9,0,-1.036e-06,3.577e-07,,,ec0915.190222.826209_ooi_z_v1_N22_160306.523733_ooi_z_v1_N22.diff.fits,0x0000,363,z,TEMPLATE,t,0.5223,1.125,0.124,2.835,22.823,2881.0,-1.0359999999999998,0.35769999999999996,826209
90,3909,1392,3,58542.172304,30.915,-58.56,10.35,0.53,9,0,-1.256e-06,2.221e-07,,,ec0915.190228.828459_ooi_z_v1_N22_160306.523733_ooi_z_v1_N22.diff.fits,0x0000,367,z,TEMPLATE,t,1.026,1.087,0.14,3.159,23.342,3542.0,-1.256,0.22210000000000002,828459
90,3909,1392,3,58572.222637,30.915,-30.97,10.93,0.52,9,0,-6.642e-07,2.344e-07,,,ec0915.190330.843689_ooi_z_v1_N22_160306.523733_ooi_z_v1_N22.diff.fits,0x0000,384,z,TEMPLATE,t,1.2018,1.172,0.105,4.127,23.009,5136.0,-0.6642,0.2344,843689
90,3909,1392,3,58572.226441,30.915,,,,0,0,,,,,ec0915.190330.843690_ooi_z_v1_N22_160306.523733_ooi_z_v1_N22.diff.fits,0x0000,385,z,TEMPLATE,t,0.8292,1.115,0.072,4.453,22.559,5193.0,,,843690
90,3909,1392,3,58572.230237,30.915,487.03,30.97,0.81,6,0,1.044e-05,6.642e-07,21.353,0.069043,ec0915.190330.843691_ooi_z_v1_N22_160306.523733_ooi_z_v1_N22.diff.fits,0x0000,386,z,TEMPLATE,t,0.6732,1.234,0.089,4.04,22.442,4903.0,10.44,0.6642,843691
90,3909,1392,3,58572.234037,30.915,-21.82,21.96,0.83,9,0,-4.679e-07,4.709e-07,,,ec0915.190330.843692_ooi_z_v1_N22_160306.523733_ooi_z_v1_N22.diff.fits,0x0000,387,z,TEMPLATE,t,0.5142,1.044,0.056,4.479,21.994,5216.0,-0.4679,0.47090000000000004,843692
90,3909,1392,3,58572.237846,30.915,-46.54,24.19,1.17,9,0,-9.981e-07,5.188e-07,,,ec0915.190330.843693_ooi_z_v1_N22_160306.523733_ooi_z_v1_N22.diff.fits,0x0000,388,z,TEMPLATE,t,0.4535,1.115,0.069,4.214,21.987,4793.0,-0.9981,0.5188,843693
90,3909,1392,3,58578.206222,30.915,-9.93,14.28,0.35,9,0,-2.129e-07,3.063e-07,,,ec0915.190405.846168_ooi_z_v1_N22_160306.523733_ooi_z_v1_N22.diff.fits,0x0000,392,z,TEMPLATE,t,1.0249,0.832,0.109,3.986,22.804,6648.0,-0.2129,0.30629999999999996,846168
90,3909,1392,3,58639.02291,30.915,-89.31,33.9,0.66,9,0,-1.915e-06,7.271e-07,,,ec0915.190605.862065_ooi_z_v1_N22_160306.523733_ooi_z_v1_N22.diff.fits,0x0000,396,z,TEMPLATE,t,0.4406,0.878,0.063,3.587,21.698,9151.0,-1.9149999999999998,0.7271,862065
90,3909,1392,3,58691.95826,30.915,-34.97,38.35,0.82,9,0,-7.5e-07,8.224e-07,,,ec0915.190727.879486_ooi_z_v1_N22_160306.523733_ooi_z_v1_N22.diff.fits,0x0000,397,z,TEMPLATE,t,0.6597,1.016,0.066,4.036,21.499,27221.0,-0.75,0.8223999999999999,879486
90,3909,1392,3,58818.262285,30.915,-73.62,11.93,1.06,9,0,-1.579e-06,2.559e-07,,,ec0915.191201.912644_ooi_z_vx_N22_160306.523733_ooi_z_v1_N22.diff.fits,0x0000,406,z,TEMPLATE,t,1.1264,1.31,0.152,3.599,22.872,7481.0,-1.579,0.2559,912644
90,3909,1392,3,58818.262285,30.915,-49.36,11.65,1.22,9,0,-1.059e-06,2.499e-07,,,ec0915.191201.912644_ooi_z_v1_N22_160306.523733_ooi_z_v1_N22.diff.fits,0x0000,405,z,TEMPLATE,t,1.1253,1.157,0.085,3.6,22.863,7593.0,-1.059,0.24989999999999998,912644
90,3909,1392,3,58818.27059,30.915,-31.04,11.51,0.83,9,0,-6.657e-07,2.469e-07,,,ec0915.191201.912648_ooi_z_v1_N22_160306.523733_ooi_z_v1_N22.diff.fits,0x0000,410,z,TEMPLATE,t,1.1387,1.094,0.103,3.313,22.974,7022.0,-0.6657000000000001,0.2469,912648
90,3909,1392,3,58840.279334,30.915,-33.67,10.01,1.19,9,0,-7.221e-07,2.146e-07,,,ec0915.191223.921762_ooi_z_v1_N22_160306.523733_ooi_z_v1_N22.diff.fits,0x0000,414,z,TEMPLATE,t,1.1448,1.315,0.161,3.23,23.351,4028.0,-0.7221000000000001,0.2146,921762
90,3909,1392,3,58840.287634,30.915,-29.03,10.04,0.69,9,0,-6.226e-07,2.153e-07,,,ec0915.191223.921766_ooi_z_v1_N22_160306.523733_ooi_z_v1_N22.diff.fits,0x0000,418,z,TEMPLATE,t,1.1553,1.201,0.15,2.968,23.373,4317.0,-0.6225999999999999,0.2153,921766
90,3909,1392,3,58840.363289,30.915,-20.4,18.13,0.4,9,0,-4.376e-07,3.887e-07,,,ec0915.191223.921802_ooi_z_v1_N22_160306.523733_ooi_z_v1_N22.diff.fits,0x0000,422,z,TEMPLATE,t,0.5851,1.226,0.129,2.65,22.756,4509.0,-0.4376,0.3887,921802
90,3909,1392,3,58848.301947,30.915,-21.74,10.83,0.45,9,0,-4.662e-07,2.322e-07,,,ec0915.191231.923831_ooi_z_v1_N22_160306.523733_ooi_z_v1_N22.diff.fits,0x0000,426,z,TEMPLATE,t,1.1973,1.426,0.21,2.611,23.578,4309.0,-0.4662,0.2322,923831
90,3909,1392,3,58848.31023,30.915,-12.82,8.95,1.5,9,0,-2.75e-07,1.919e-07,,,ec0915.191231.923835_ooi_z_v1_N22_160306.523733_ooi_z_v1_N22.diff.fits,0x0000,430,z,TEMPLATE,t,1.2048,1.259,0.133,3.537,23.364,4099.0,-0.275,0.1919,923835
90,3909,1392,3,58848.348661,30.915,-34.87,14.22,1.05,9,0,-7.479e-07,3.051e-07,,,ec0915.191231.923853_ooi_z_v1_N22_160306.523733_ooi_z_v1_N22.diff.fits,0x0000,432,z,TEMPLATE,t,0.5858,1.305,0.178,2.912,23.094,2111.0,-0.7479,0.3051,923853
90,3909,1392,3,58870.169795,30.915,-21.35,11.48,1.07,9,0,-4.578e-07,2.461e-07,,,ec0915.200122.925785_ooi_z_v1_N22_160306.523733_ooi_z_v1_N22.diff.fits,0x0000,436,z,TEMPLATE,t,1.056,1.196,0.111,3.884,22.984,5016.0,-0.4578,0.2461,925785
90,3909,1392,3,58877.17514,30.915,-31.83,11.9,0.53,9,0,-6.825e-07,2.551e-07,,,ec0915.200129.927465_ooi_z_v1_N22_160306.523733_ooi_z_v1_N22.diff.fits,0x0000,440,z,TEMPLATE,t,1.0048,1.181,0.094,4.728,22.772,4312.0,-0.6825,0.2551,927465
90,3909,1392,3,58905.154089,30.915,-51.09,10.05,0.72,9,0,-1.096e-06,2.155e-07,,,ec0915.200226.938759_ooi_z_v1_N22_160306.523733_ooi_z_v1_N22.diff.fits,0x0000,444,z,TEMPLATE,t,1.1088,1.238,0.13,3.857,23.09,4273.0,-1.0959999999999999,0.2155,938759
90,3909,1392,3,59146.349303,30.915,-85.27,13.4,0.62,9,0,-1.829e-06,2.874e-07,,,ec0915.201024.948166_ooi_z_v1_N22_160306.523733_ooi_z_v1_N22.diff.fits,0x0000,448,z,TEMPLATE,t,1.1096,1.213,0.112,4.401,22.807,6017.0,-1.829,0.2874,948166
90,3909,1392,3,59176.305734,30.915,-107.45,11.96,0.09,9,0,-2.304e-06,2.565e-07,,,ec0915.201123.957181_ooi_z_v1_N22_160306.523733_ooi_z_v1_N22.diff.fits,0x0000,452,z,TEMPLATE,t,1.1309,1.408,0.209,3.806,23.004,5426.0,-2.304,0.2565,957181
90,3909,1392,3,59236.261521,30.915,-93.81,12.48,1.01,9,0,-2.012e-06,2.676e-07,,,ec0915.210122.958768_ooi_z_v1_N22_160306.523733_ooi_z_v1_N22.diff.fits,0x0000,455,z,TEMPLATE,t,1.0432,1.468,0.226,4.415,22.848,4910.0,-2.012,0.2676,958768
90,3909,1392,3,59301.045653,30.915,-46.77,21.19,0.93,9,0,-1.003e-06,4.545e-07,,,ec0915.210328.978113_ooi_z_v1_N22_160306.523733_ooi_z_v1_N22.diff.fits,0x0000,463,z,TEMPLATE,t,0.5115,1.197,0.11,3.635,22.321,4215.0,-1.003,0.4545,978113
90,3909,1392,3,59304.008094,30.915,-77.96,17.86,0.63,9,0,-1.672e-06,3.831e-07,,,ec0915.210331.979132_ooi_z_v1_N22_160306.523733_ooi_z_v1_N22.diff.fits,0x0000,465,z,TEMPLATE,t,0.5342,1.207,0.1,4.205,22.455,2752.0,-1.6720000000000002,0.3831,979132
90,3909,1392,3,59307.091802,30.915,-23.3,15.0,6.37,9,0,-4.997e-07,3.216e-07,,,ec0915.210403.980345_ooi_z_v1_N22_160306.523733_ooi_z_v1_N22.diff.fits,0x0000,467,z,TEMPLATE,t,0.5061,1.244,0.114,4.768,22.357,2177.0,-0.4997,0.3216,980345
90,3909,1392,3,59512.377811,30.915,-81.21,37.05,0.79,9,0,-1.742e-06,7.946e-07,,,ec0915.211025.1046077_ooi_z_v1_N22_160306.523733_ooi_z_v1_N22.diff.fits,0x0000,480,z,TEMPLATE,t,0.5334,1.15,0.102,3.379,21.799,13643.0,-1.742,0.7946,1046077
90,3909,1392,3,59570.324687,30.915,-41.8,15.01,1.0,9,0,-8.964e-07,3.218e-07,,,ec0915.211222.1064957_ooi_z_v1_N22_160306.523733_ooi_z_v1_N22.diff.fits,0x0000,498,z,TEMPLATE,t,0.5707,1.198,0.099,3.806,22.636,2504.0,-0.8964,0.3218,1064957
90,3909,1392,3,59572.282599,30.915,-0.02,18.29,0.85,9,0,-5.062e-10,3.922e-07,,,ec0915.211224.1065702_ooi_z_v1_N22_160306.523733_ooi_z_v1_N22.diff.fits,0x0000,499,z,TEMPLATE,t,0.4824,1.241,0.131,3.245,22.627,2317.0,-0.0005061999999999999,0.3922,1065702
90,3909,1392,3,59634.202353,30.915,-81.75,11.91,0.21,9,0,-1.753e-06,2.554e-07,,,ec0915.220224.1083414_ooi_z_v1_N22_160306.523733_ooi_z_v1_N22.diff.fits,0x0000,516,z,TEMPLATE,t,1.1791,1.539,0.299,3.317,23.07,6473.0,-1.753,0.2554,1083414
90,3909,1392,3,59899.356462,30.915,-108.96,32.34,1.41,9,0,-2.337e-06,6.935e-07,,,ec0915.221116.1150882_ooi_z_v1_N22_160306.523733_ooi_z_v1_N22.diff.fits,0x0000,538,z,TEMPLATE,t,0.5615,1.16,0.102,3.141,21.994,11086.0,-2.3369999999999997,0.6935,1150882
90,3909,1392,3,59948.227068,30.915,-58.03,19.67,0.85,9,0,-1.244e-06,4.219e-07,,,ec0915.230104.1162015_ooi_z_v1_N22_160306.523733_ooi_z_v1_N22.diff.fits,0x0000,545,z,TEMPLATE,t,0.4907,1.266,0.141,3.614,22.552,2640.0,-1.244,0.4219,1162015
90,3909,1392,3,60126.974862,30.915,-104.37,25.44,0.46,9,0,-2.238e-06,5.455e-07,,,ec0915.230701.1217849_ooi_z_v1_N22_160306.523733_ooi_z_v1_N22.diff.fits,0x0000,576,z,TEMPLATE,t,0.5718,1.22,0.139,3.114,22.311,7670.0,-2.238,0.5455,1217849
90,3909,1392,3,60156.989461,30.915,-177.53,25.29,0.47,9,0,-3.807e-06,5.423e-07,,,ec0915.230731.1227300_ooi_z_v1_N22_160306.523733_ooi_z_v1_N22.diff.fits,0x0000,581,z,TEMPLATE,t,0.5727,1.161,0.088,4.474,21.851,7123.0,-3.807,0.5423,1227300
90,3909,1392,3,60361.185082,30.915,-126.56,30.74,0.57,9,0,-2.714e-06,6.593e-07,,,ec0915.240221.1278342_ooi_z_v1_N22_160306.523733_ooi_z_v1_N22.diff.fits,0x0000,612,z,TEMPLATE,t,0.3481,1.254,0.149,3.138,22.084,4002.0,-2.714,0.6593,1278342
90,3909,1392,3,60427.053895,30.915,-230.66,23.53,0.48,9,0,-4.947e-06,5.045e-07,,,ec0915.240427.1293150_ooi_z_v1_N22_160306.523733_ooi_z_v1_N22.diff.fits,0x0000,631,z,TEMPLATE,t,0.4412,1.246,0.141,3.114,22.273,4553.0,-4.947,0.5045,1293150
90,3909,1392,3,60486.991345,30.915,-196.29,14.82,0.19,9,0,-4.21e-06,3.179e-07,,,ec0915.240625.1305583_ooi_z_v1_N22_160306.523733_ooi_z_v1_N22.diff.fits,0x0000,648,z,TEMPLATE,t,0.5759,1.272,0.07,5.071,22.396,2469.0,-4.21,0.3179,1305583
90,3909,1392,3,60508.01389,30.915,-157.62,27.24,0.47,9,0,-3.38e-06,5.841e-07,,,ec0915.240717.1312960_ooi_z_v1_N22_160306.523733_ooi_z_v1_N22.diff.fits,0x0000,657,z,TEMPLATE,t,0.5675,1.125,0.046,4.761,21.822,7694.0,-3.38,0.5841000000000001,1312960
90,3909,1392,3,60796.012609,30.915,-188.03,557.59,0.22,7,0,-4.032e-06,1.196e-05,,,ec0915.250501.1383216_ooi_z_v1_N22_160306.523733_ooi_z_v1_N22.diff.fits,0x0000,802,z,TEMPLATE,t,0.0156,1.095,0.048,4.827,18.41,2487.0,-4.032,11.96,1383216
90,3909,1392,3,60810.00515,30.915,-173.76,55.38,0.95,9,0,-3.726e-06,1.188e-06,,,ec0915.250515.1385416_ooi_z_v1_N22_160306.523733_ooi_z_v1_N22.diff.fits,0x0000,817,z,TEMPLATE,t,0.2462,1.214,0.108,2.67,21.572,6937.0,-3.726,1.1880000000000002,1385416
90,3909,1392,3,60811.012032,30.915,-359.64,37.74,1.23,9,0,-7.713e-06,8.095e-07,,,ec0915.250516.1385995_ooi_z_v1_N22_160306.523733_ooi_z_v1_N22.diff.fits,0x0000,824,z,TEMPLATE,t,0.2676,1.351,0.182,2.819,21.901,4248.0,-7.713000000000001,0.8095,1385995
90,3909,1392,3,60836.034265,30.915,-285.04,29.7,1.65,9,0,-6.113e-06,6.369e-07,,,ec0915.250610.1395332_ooi_z_v1_N22_160306.523733_ooi_z_v1_N22.diff.fits,0x0000,845,z,TEMPLATE,t,0.4464,1.185,0.081,4.492,21.636,6836.0,-6.1129999999999995,0.6369,1395332
90,3909,1392,3,60861.985881,30.915,,,,0,0,,,,,ec0915.250705.1404550_ooi_z_v1_N22_160306.523733_ooi_z_v1_N22.diff.fits,0x0000,861,z,TEMPLATE,t,0.0781,1.115,0.056,7.942,18.755,14860.0,,,1404550
90,3909,1392,3,60885.981919,30.915,-303.31,85.54,0.91,9,0,-6.505e-06,1.835e-06,,,ec0915.250729.1410882_ooi_z_v1_N22_160306.523733_ooi_z_v1_N22.diff.fits,0x0000,878,z,TEMPLATE,t,0.1174,1.156,0.081,5.031,20.453,4021.0,-6.505000000000001,1.835,1410882
90,3909,1392,3,60891.978828,30.915,-291.27,59.33,1.28,9,0,-6.247e-06,1.272e-06,,,ec0915.250804.1411935_ooi_z_v1_N22_160306.523733_ooi_z_v1_N22.diff.fits,0x0000,882,z,TEMPLATE,t,0.2642,1.143,0.074,3.756,21.204,8976.0,-6.247,1.272,1411935
90,3909,1392,3,60988.321944,30.915,-399.29,17.27,1.11,9,0,-8.563e-06,3.703e-07,,,ec0915.251109.1433487_ooi_z_v1_N22_160306.523733_ooi_z_v1_N22.diff.fits,0x0000,923,z,TEMPLATE,t,0.545,1.532,0.233,4.536,22.309,3622.0,-8.562999999999999,0.37029999999999996,1433487
90,3909,1392,3,60997.332383,30.915,-357.53,31.62,0.78,9,0,-7.668e-06,6.78e-07,,,ec0915.251118.1436429_ooi_z_v1_N22_160306.523733_ooi_z_v1_N22.diff.fits,0x0000,936,z,TEMPLATE,t,0.2931,1.33,0.162,3.198,22.001,3094.0,-7.668,0.678,1436429
90,3909,1392,3,61000.294623,30.915,-798.81,632.8,1.27,9,0,-1.713e-05,1.357e-05,,,ec0915.251121.1437419_ooi_z_v1_N22_160306.523733_ooi_z_v1_N22.diff.fits,0x0000,940,z,TEMPLATE,t,0.0097,1.092,0.062,3.949,18.505,1654.0,-17.13,13.57,1437419
90,3909,1392,3,61054.348165,30.915,-349.02,12.11,0.92,9,0,-7.485e-06,2.598e-07,,,ec0915.260114.1448793_ooi_z_v1_N22_160306.523733_ooi_z_v1_N22.diff.fits,0x0000,999,z,TEMPLATE,t,0.5609,1.611,0.263,3.106,23.245,1314.0,-7.485,0.2598,1448793
90,3909,1392,3,61111.243969,30.915,-362.07,12.83,0.64,9,0,-7.765e-06,2.751e-07,,,ec0915.260312.1462192_ooi_z_v1_N22_160306.523733_ooi_z_v1_N22.diff.fits,0x0000,1076,z,TEMPLATE,t,0.5703,1.382,0.135,4.012,22.768,1832.0,-7.765,0.2751,1462192
91,3914,1402,3,56341.289265,30.915,44.44,10.46,0.6,9,7,9.531e-07,2.244e-07,23.952,0.255648,ec0915.130218.178885_ooi_z_N22_160306.523733_ooi_z_v1_N22.diff.fits,0x0000,10,z,TEMPLATE,t,0.8508,1.259,0.057,4.678,22.854,3300.0,0.9531000000000001,0.2244,178885
91,3914,1402,3,56341.291336,30.915,77.87,10.26,1.14,9,9,1.67e-06,2.201e-07,23.343,0.143113,ec0915.130218.178886_ooi_z_N22_160306.523733_ooi_z_v1_N22.diff.fits,0x0000,11,z,TEMPLATE,t,0.8473,1.266,0.073,4.273,22.895,3347.0,1.6700000000000002,0.2201,178886
91,3914,1402,3,56360.209714,30.915,94.27,13.45,0.77,9,9,2.022e-06,2.885e-07,23.136,0.154925,ec0915.130309.184932_ooi_z_N22_160306.523733_ooi_z_v1_N22.diff.fits,0x0000,16,z,TEMPLATE,t,0.5299,1.501,0.167,2.985,23.119,1727.0,2.022,0.28850000000000003,184932
91,3914,1402,3,56418.977034,30.915,70.06,11.03,1.27,9,9,1.502e-06,2.366e-07,23.458,0.170983,ec0915.130506.204629_ooi_z_v1_N22_160306.523733_ooi_z_v1_N22.diff.fits,0x0000,26,z,TEMPLATE,t,1.148,1.415,0.136,4.154,22.944,6628.0,1.502,0.23659999999999998,204629
91,3914,1402,3,56487.988309,30.915,43.11,10.6,1.53,9,9,9.246e-07,2.274e-07,23.985,0.266999,ec0915.130714.218757_ooi_z_N22_160306.523733_ooi_z_v1_N22.diff.fits,0x0000,30,z,TEMPLATE,t,1.1066,1.401,0.139,4.132,22.883,6364.0,0.9246,0.22740000000000002,218757
91,3914,1402,3,56488.988287,30.915,23.28,10.75,1.15,9,9,4.992e-07,2.306e-07,,,ec0915.130715.219201_ooi_z_N22_160306.523733_ooi_z_v1_N22.diff.fits,0x0000,34,z,TEMPLATE,t,1.1771,1.424,0.157,3.539,23.022,6998.0,0.49920000000000003,0.2306,219201
91,3914,1402,3,56489.013217,30.915,28.57,11.68,0.87,9,9,6.128e-07,2.505e-07,,,ec0915.130716.219213_ooi_z_N22_160306.523733_ooi_z_v1_N22.diff.fits,0x0000,38,z,TEMPLATE,t,1.1635,1.349,0.109,3.653,23.001,6723.0,0.6128,0.2505,219213
91,3914,1402,3,56612.306942,30.915,22.75,10.65,0.67,9,7,4.879e-07,2.285e-07,,,ec0915.131116.254783_ooi_z_N22_160306.523733_ooi_z_v1_N22.diff.fits,0x0000,43,z,TEMPLATE,t,1.1224,1.313,0.078,4.868,22.731,6461.0,0.4879,0.22849999999999998,254783
91,3914,1402,3,56668.211483,30.915,37.18,9.4,2.32,9,9,7.973e-07,2.016e-07,24.146,0.274474,ec0915.140111.273124_ooi_z_N22_160306.523733_ooi_z_v1_N22.diff.fits,0x0000,47,z,TEMPLATE,t,1.172,1.495,0.158,3.611,23.257,4304.0,0.7973,0.2016,273124
91,3914,1402,3,56668.219813,30.915,29.9,8.52,3.07,9,9,6.413e-07,1.827e-07,24.382,0.309273,ec0915.140111.273128_ooi_z_N22_160306.523733_ooi_z_v1_N22.diff.fits,0x0000,51,z,TEMPLATE,t,1.1786,1.44,0.115,4.442,23.028,4385.0,0.6413,0.1827,273128
91,3914,1402,3,56713.197028,30.915,-2.31,8.74,2.1,9,9,-4.949e-08,1.874e-07,,,ec0915.140225.288123_ooi_z_N22_160306.523733_ooi_z_v1_N22.diff.fits,0x0000,79,z,TEMPLATE,t,1.1672,1.419,0.125,3.898,23.153,5178.0,-0.04949,0.1874,288123
91,3914,1402,3,56764.149481,30.915,5.13,10.58,1.98,9,9,1.1e-07,2.268e-07,,,ec0915.140417.301623_ooi_z_v1_N22_160306.523733_ooi_z_v1_N22.diff.fits,0x0000,84,z,TEMPLATE,t,1.0992,1.466,0.159,3.443,23.118,5856.0,0.11,0.2268,301623
91,3914,1402,3,56764.153625,30.915,-32.63,11.54,1.02,9,9,-6.997e-07,2.476e-07,,,ec0915.140417.301625_ooi_z_v1_N22_160306.523733_ooi_z_v1_N22.diff.fits,0x0000,86,z,TEMPLATE,t,1.0967,1.435,0.125,3.415,23.19,5889.0,-0.6997000000000001,0.24760000000000001,301625
91,3914,1402,3,56814.091425,30.915,-5.34,10.77,1.24,9,3,-1.146e-07,2.31e-07,,,ec0915.140606.320269_ooi_z_v1_N22_160306.523733_ooi_z_v1_N22.diff.fits,0x0000,89,z,TEMPLATE,t,1.1459,1.413,0.09,5.263,22.754,5333.0,-0.1146,0.23099999999999998,320269
91,3914,1402,3,56834.960611,30.915,-36.83,12.57,0.78,9,7,-7.898e-07,2.697e-07,,,ec0915.140626.331029_ooi_z_v1_N22_160306.523733_ooi_z_v1_N22.diff.fits,0x0000,91,z,TEMPLATE,t,1.0967,1.452,0.12,4.69,22.667,7577.0,-0.7898000000000001,0.2697,331029
91,3914,1402,3,56854.965339,30.915,-15.21,12.45,0.7,9,9,-3.263e-07,2.67e-07,,,ec0915.140716.337810_ooi_z_v1_N22_160306.523733_ooi_z_v1_N22.diff.fits,0x0000,99,z,TEMPLATE,t,1.0126,1.426,0.119,4.132,22.811,6947.0,-0.3263,0.267,337810
91,3914,1402,3,56998.316848,30.915,-74.39,11.6,0.59,9,9,-1.595e-06,2.487e-07,,,ec0915.141207.384681_ooi_z_v1_N22_160306.523733_ooi_z_v1_N22.diff.fits,0x0000,106,z,TEMPLATE,t,1.1284,1.229,0.117,3.559,22.939,6560.0,-1.595,0.2487,384681
91,3914,1402,3,56998.321015,30.915,-116.71,11.71,1.51,9,9,-2.503e-06,2.511e-07,,,ec0915.141207.384683_ooi_z_v1_N22_160306.523733_ooi_z_v1_N22.diff.fits,0x0000,108,z,TEMPLATE,t,1.1258,1.196,0.077,4.304,22.778,6407.0,-2.503,0.25110000000000005,384683
91,3914,1402,3,57026.228979,30.915,-70.53,13.01,1.02,9,9,-1.513e-06,2.791e-07,,,ec0915.150104.394285_ooi_z_v1_N22_160306.523733_ooi_z_v1_N22.diff.fits,0x0000,111,z,TEMPLATE,t,1.0335,1.269,0.148,3.39,22.831,6751.0,-1.513,0.2791,394285
91,3914,1402,3,57026.233149,30.915,-97.77,11.92,0.6,9,9,-2.097e-06,2.556e-07,,,ec0915.150104.394287_ooi_z_v1_N22_160306.523733_ooi_z_v1_N22.diff.fits,0x0000,113,z,TEMPLATE,t,1.0467,1.125,0.082,3.691,22.789,6901.0,-2.097,0.2556,394287
91,3914,1402,3,57050.242086,30.915,-61.17,9.47,1.67,9,9,-1.312e-06,2.03e-07,,,ec0915.150128.403911_ooi_z_v1_N22_160306.523733_ooi_z_v1_N22.diff.fits,0x0000,118,z,TEMPLATE,t,0.9842,1.261,0.131,4.029,23.145,3149.0,-1.312,0.203,403911
91,3914,1402,3,57053.240481,30.915,-101.69,10.96,1.82,9,9,-2.181e-06,2.351e-07,,,ec0915.150131.404893_ooi_z_v1_N22_160306.523733_ooi_z_v1_N22.diff.fits,0x0000,122,z,TEMPLATE,t,1.073,1.194,0.087,3.937,22.876,5245.0,-2.181,0.2351,404893
91,3914,1402,3,57056.260361,30.915,-83.45,12.15,1.14,9,9,-1.79e-06,2.607e-07,,,ec0915.150203.405992_ooi_z_ls9_N22_160306.523733_ooi_z_v1_N22.diff.fits,0x0000,126,z,TEMPLATE,t,1.1387,1.22,0.117,3.582,22.902,6587.0,-1.79,0.2607,405992
91,3914,1402,3,57056.268626,30.915,-99.83,12.84,1.13,9,9,-2.141e-06,2.753e-07,,,ec0915.150203.405996_ooi_z_ls9_N22_160306.523733_ooi_z_v1_N22.diff.fits,0x0000,130,z,TEMPLATE,t,1.1421,1.042,0.093,3.48,22.867,7293.0,-2.141,0.2753,405996
91,3914,1402,3,57083.233746,30.915,-123.81,10.98,0.84,9,9,-2.655e-06,2.355e-07,,,ec0915.150302.417215_ooi_z_v1_N22_160306.523733_ooi_z_v1_N22.diff.fits,0x0000,135,z,TEMPLATE,t,1.043,1.205,0.135,3.416,23.018,4875.0,-2.655,0.23550000000000001,417215
91,3914,1402,3,57088.183133,30.915,-97.16,11.4,0.99,9,9,-2.084e-06,2.445e-07,,,ec0915.150307.419088_ooi_z_v1_N22_160306.523733_ooi_z_v1_N22.diff.fits,0x0000,136,z,TEMPLATE,t,1.0547,1.158,0.08,3.392,23.026,6188.0,-2.084,0.2445,419088
91,3914,1402,3,57088.185779,30.915,-105.07,11.85,1.79,9,9,-2.253e-06,2.542e-07,,,ec0915.150307.419089_ooi_z_v1_N22_160306.523733_ooi_z_v1_N22.diff.fits,0x0000,137,z,TEMPLATE,t,1.0497,1.223,0.109,2.884,23.166,5927.0,-2.2529999999999997,0.2542,419089
91,3914,1402,3,57117.011808,30.915,-67.21,11.88,0.84,9,9,-1.441e-06,2.548e-07,,,ec0915.150405.429230_ooi_z_v1_N22_160306.523733_ooi_z_v1_N22.diff.fits,0x0000,143,z,TEMPLATE,t,1.0671,1.153,0.082,4.288,22.642,7571.0,-1.441,0.25479999999999997,429230
91,3914,1402,3,57117.015936,30.915,-60.6,11.98,2.77,9,9,-1.3e-06,2.569e-07,,,ec0915.150405.429232_ooi_z_v1_N22_160306.523733_ooi_z_v1_N22.diff.fits,0x0000,145,z,TEMPLATE,t,1.0619,1.19,0.061,4.641,22.633,6637.0,-1.3,0.25689999999999996,429232
91,3914,1402,3,57139.0088,30.915,-80.73,11.54,1.03,9,3,-1.731e-06,2.474e-07,,,ec0915.150427.437746_ooi_z_v1_N22_160306.523733_ooi_z_v1_N22.diff.fits,0x0000,151,z,TEMPLATE,t,1.041,1.249,0.072,5.414,22.529,5505.0,-1.731,0.2474,437746
91,3914,1402,3,57171.013911,30.915,166.75,276.46,1.55,9,9,3.576e-06,5.929e-06,,,ec0915.150529.443410_ooi_z_v1_N22_160306.523733_ooi_z_v1_N22.diff.fits,0x0000,153,z,TEMPLATE,t,0.0897,1.165,0.048,4.037,19.422,24525.0,3.576,5.929,443410
91,3914,1402,3,57171.018007,30.915,-344.23,237.43,0.62,9,9,-7.382e-06,5.092e-06,,,ec0915.150529.443412_ooi_z_v1_N22_160306.523733_ooi_z_v1_N22.diff.fits,0x0000,155,z,TEMPLATE,t,0.0982,1.177,0.056,3.466,19.689,24114.0,-7.382,5.092,443412
91,3914,1402,3,57171.117306,30.915,-255.45,780.38,0.65,9,9,-5.478e-06,1.674e-05,,,ec0915.150529.443454_ooi_z_v1_N22_160306.523733_ooi_z_v1_N22.diff.fits,0x0000,157,z,TEMPLATE,t,0.0325,1.214,0.051,3.988,18.396,27448.0,-5.478,16.74,443454
91,3914,1402,3,57171.121418,30.915,-584.02,1044.4,2.13,9,9,-1.252e-05,2.24e-05,,,ec0915.150529.443456_ooi_z_v1_N22_160306.523733_ooi_z_v1_N22.diff.fits,0x0000,159,z,TEMPLATE,t,0.0241,1.205,0.059,3.624,18.227,28127.0,-12.52,22.4,443456
91,3914,1402,3,57198.960089,30.915,-137.83,15.25,1.11,9,7,-2.956e-06,3.27e-07,,,ec0915.150625.453952_ooi_z_v1_N22_160306.523733_ooi_z_v1_N22.diff.fits,0x0000,164,z,TEMPLATE,t,1.0789,1.109,0.062,4.714,22.377,10108.0,-2.956,0.327,453952
91,3914,1402,3,57198.965698,30.915,-132.64,14.4,0.92,9,9,-2.845e-06,3.088e-07,,,ec0915.150625.453955_ooi_z_v1_N22_160306.523733_ooi_z_v1_N22.diff.fits,0x0000,167,z,TEMPLATE,t,1.0696,1.223,0.064,4.277,22.481,10187.0,-2.8449999999999998,0.3088,453955
91,3914,1402,3,57199.005294,30.915,-117.85,12.55,1.48,9,9,-2.527e-06,2.692e-07,,,ec0915.150626.453976_ooi_z_v1_N22_160306.523733_ooi_z_v1_N22.diff.fits,0x0000,170,z,TEMPLATE,t,1.0649,1.202,0.083,4.295,22.633,7612.0,-2.527,0.2692,453976
91,3914,1402,3,57387.340403,30.915,-34.9,11.9,0.23,9,9,-7.484e-07,2.551e-07,,,ec0915.151231.507220_ooi_z_v1_N22_160306.523733_ooi_z_v1_N22.diff.fits,0x0000,176,z,TEMPLATE,t,1.0642,1.234,0.126,3.164,23.086,5609.0,-0.7484,0.2551,507220
91,3914,1402,3,57388.334629,30.915,-25.07,9.78,0.59,9,9,-5.376e-07,2.097e-07,,,ec0915.160101.507561_ooi_z_v1_N22_160306.523733_ooi_z_v1_N22.diff.fits,0x0000,180,z,TEMPLATE,t,1.0844,1.228,0.102,3.599,23.14,4209.0,-0.5376000000000001,0.2097,507561
91,3914,1402,3,57443.170926,30.915,-32.35,11.87,0.83,9,9,-6.938e-07,2.546e-07,,,ec0915.160225.519763_ooi_z_v1_N22_160306.523733_ooi_z_v1_N22.diff.fits,0x0000,183,z,TEMPLATE,t,1.0313,1.116,0.072,3.975,22.746,6057.0,-0.6938000000000001,0.2546,519763
91,3914,1402,3,57443.175066,30.915,5.78,11.78,1.03,9,9,1.24e-07,2.527e-07,,,ec0915.160225.519765_ooi_z_v1_N22_160306.523733_ooi_z_v1_N22.diff.fits,0x0000,185,z,TEMPLATE,t,1.0353,1.109,0.06,4.579,22.596,5911.0,0.124,0.2527,519765
91,3914,1402,3,57452.205272,30.915,4.19,12.56,1.13,9,9,8.98e-08,2.693e-07,,,ec0915.160305.523437_ooi_z_v1_N22_160306.523733_ooi_z_v1_N22.diff.fits,0x0000,187,z,TEMPLATE,t,1.0771,1.286,0.146,2.451,23.522,4633.0,0.08979999999999999,0.2693,523437
91,3914,1402,3,57535.95023,30.915,22.8,39.66,0.35,9,9,4.89e-07,8.505e-07,,,ec0915.160527.545715_ooi_z_v1_N22_160306.523733_ooi_z_v1_N22.diff.fits,0x0000,190,z,TEMPLATE,t,0.3206,1.151,0.067,3.798,21.456,7315.0,0.489,0.8505,545715
91,3914,1402,3,57535.954356,30.915,-2.81,34.63,0.76,9,9,-6.034e-08,7.426e-07,,,ec0915.160527.545717_ooi_z_v1_N22_160306.523733_ooi_z_v1_N22.diff.fits,0x0000,192,z,TEMPLATE,t,0.3243,1.121,0.056,4.145,21.475,5947.0,-0.06034,0.7426,545717
91,3914,1402,3,57535.991722,30.915,15.47,11.67,1.03,9,9,3.318e-07,2.503e-07,,,ec0915.160527.545735_ooi_z_v1_N22_160306.523733_ooi_z_v1_N22.diff.fits,0x0000,194,z,TEMPLATE,t,0.8908,1.309,0.092,4.077,22.828,4546.0,0.3318,0.2503,545735
91,3914,1402,3,57535.995867,30.915,11.4,11.41,0.68,9,9,2.444e-07,2.446e-07,,,ec0915.160527.545737_ooi_z_v1_N22_160306.523733_ooi_z_v1_N22.diff.fits,0x0000,196,z,TEMPLATE,t,0.9992,1.236,0.106,3.527,22.982,4803.0,0.24439999999999998,0.2446,545737
91,3914,1402,3,57545.965079,30.915,16.16,14.73,0.37,9,9,3.465e-07,3.159e-07,,,ec0915.160606.547142_ooi_z_v1_N22_160306.523733_ooi_z_v1_N22.diff.fits,0x0000,206,z,TEMPLATE,t,0.5751,1.139,0.076,4.454,22.464,3034.0,0.3465,0.3159,547142
91,3914,1402,3,57566.040208,30.915,4.77,14.55,0.83,9,9,1.023e-07,3.12e-07,,,ec0915.160627.549002_ooi_z_v1_N22_160306.523733_ooi_z_v1_N22.diff.fits,0x0000,210,z,TEMPLATE,t,0.9597,1.114,0.072,4.658,22.451,8142.0,0.1023,0.312,549002
91,3914,1402,3,57764.169856,30.915,-103.93,11.28,0.7,9,9,-2.229e-06,2.42e-07,,,ec0915.170111.608550_ooi_z_v1_N22_160306.523733_ooi_z_v1_N22.diff.fits,0x0000,213,z,TEMPLATE,t,1.0318,1.268,0.139,3.199,23.075,5482.0,-2.229,0.24200000000000002,608550
91,3914,1402,3,57764.173997,30.915,-81.16,10.89,0.93,9,9,-1.74e-06,2.335e-07,,,ec0915.170111.608552_ooi_z_v1_N22_160306.523733_ooi_z_v1_N22.diff.fits,0x0000,215,z,TEMPLATE,t,1.039,1.151,0.106,3.214,23.05,5620.0,-1.74,0.23349999999999999,608552
91,3914,1402,3,57769.284073,30.915,-116.24,11.12,1.2,9,9,-2.493e-06,2.386e-07,,,ec0915.170116.609360_ooi_z_v1_N22_160306.523733_ooi_z_v1_N22.diff.fits,0x0000,217,z,TEMPLATE,t,1.0338,1.183,0.119,3.18,23.349,4050.0,-2.493,0.23859999999999998,609360
91,3914,1402,3,57769.288221,30.915,-110.25,10.17,0.95,9,9,-2.364e-06,2.182e-07,,,ec0915.170116.609362_ooi_z_v1_N22_160306.523733_ooi_z_v1_N22.diff.fits,0x0000,219,z,TEMPLATE,t,1.0319,1.156,0.125,3.214,23.332,4079.0,-2.3640000000000003,0.2182,609362
91,3914,1402,3,57794.308614,30.915,-102.31,12.3,1.0,9,9,-2.194e-06,2.638e-07,,,ec0915.170210.619020_ooi_z_v1_N22_160306.523733_ooi_z_v1_N22.diff.fits,0x0000,231,z,TEMPLATE,t,1.0675,1.149,0.1,3.599,22.954,5829.0,-2.194,0.26380000000000003,619020
91,3914,1402,3,57795.317714,30.915,-81.78,12.83,1.24,9,9,-1.754e-06,2.752e-07,,,ec0915.170211.619366_ooi_z_v1_N22_160306.523733_ooi_z_v1_N22.diff.fits,0x0000,233,z,TEMPLATE,t,1.0286,1.208,0.115,2.859,23.098,6629.0,-1.754,0.2752,619366
91,3914,1402,3,57798.077705,30.915,-114.19,13.4,0.61,9,9,-2.449e-06,2.874e-07,,,ec0915.170214.620291_ooi_z_v1_N22_160306.523733_ooi_z_v1_N22.diff.fits,0x0000,235,z,TEMPLATE,t,0.9631,1.165,0.11,3.29,22.936,5922.0,-2.4490000000000003,0.2874,620291
91,3914,1402,3,57822.338331,30.915,-83.03,13.39,1.05,9,9,-1.781e-06,2.872e-07,,,ec0915.170310.628200_ooi_z_v1_N22_160306.523733_ooi_z_v1_N22.diff.fits,0x0000,237,z,TEMPLATE,t,0.9992,1.127,0.081,3.576,22.797,7326.0,-1.781,0.28719999999999996,628200
91,3914,1402,3,57822.342476,30.915,-125.1,13.02,0.58,9,9,-2.683e-06,2.792e-07,,,ec0915.170310.628202_ooi_z_v1_N22_160306.523733_ooi_z_v1_N22.diff.fits,0x0000,239,z,TEMPLATE,t,0.9893,1.057,0.061,4.175,22.591,7749.0,-2.683,0.2792,628202
91,3914,1402,3,57824.277361,30.915,-114.11,13.47,1.48,9,9,-2.447e-06,2.888e-07,,,ec0915.170312.628814_ooi_z_v1_N22_160306.523733_ooi_z_v1_N22.diff.fits,0x0000,241,z,TEMPLATE,t,1.0506,1.067,0.073,3.807,22.77,7544.0,-2.447,0.2888,628814
91,3914,1402,3,57824.281503,30.915,-108.08,12.52,0.93,9,9,-2.318e-06,2.685e-07,,,ec0915.170312.628816_ooi_z_v1_N22_160306.523733_ooi_z_v1_N22.diff.fits,0x0000,243,z,TEMPLATE,t,1.0475,1.22,0.097,3.347,22.952,6645.0,-2.318,0.2685,628816
91,3914,1402,3,57847.124307,30.915,-102.27,9.91,1.73,9,9,-2.193e-06,2.125e-07,,,ec0915.170404.636946_ooi_z_v1_N22_160306.523733_ooi_z_v1_N22.diff.fits,0x0000,252,z,TEMPLATE,t,1.0078,1.244,0.131,3.534,23.1,4387.0,-2.193,0.2125,636946
91,3914,1402,3,57848.992872,30.915,-91.89,13.09,0.77,9,9,-1.971e-06,2.807e-07,,,ec0915.170405.637489_ooi_z_v1_N22_160306.523733_ooi_z_v1_N22.diff.fits,0x0000,255,z,TEMPLATE,t,1.0116,1.165,0.1,3.387,22.831,7297.0,-1.9709999999999999,0.2807,637489
91,3914,1402,3,57872.960558,30.915,-140.4,15.02,1.31,9,9,-3.011e-06,3.222e-07,,,ec0915.170429.645088_ooi_z_v1_N22_160306.523733_ooi_z_v1_N22.diff.fits,0x0000,256,z,TEMPLATE,t,1.1067,1.318,0.153,2.628,23.096,8900.0,-3.011,0.3222,645088
91,3914,1402,3,57872.960558,30.915,-140.79,15.33,1.27,9,9,-3.019e-06,3.288e-07,,,ec0915.170429.645088_ooi_z_vx_N22_160306.523733_ooi_z_v1_N22.diff.fits,0x0000,257,z,TEMPLATE,t,1.14,1.297,0.163,2.627,23.073,9226.0,-3.0189999999999997,0.3288,645088
91,3914,1402,3,57874.962088,30.915,-170.09,38.08,0.65,9,9,-3.648e-06,8.166e-07,,,ec0915.170501.646110_ooi_z_v1_N22_160306.523733_ooi_z_v1_N22.diff.fits,0x0000,270,z,TEMPLATE,t,0.4218,0.813,0.05,3.56,21.55,11604.0,-3.648,0.8166,646110
91,3914,1402,3,57874.96623,30.915,-144.98,52.0,0.48,9,9,-3.109e-06,1.115e-06,,,ec0915.170501.646112_ooi_z_vx_N22_160306.523733_ooi_z_v1_N22.diff.fits,0x0000,273,z,TEMPLATE,t,0.2792,1.081,0.064,3.558,21.265,8303.0,-3.109,1.115,646112
91,3914,1402,3,57874.96623,30.915,-152.42,51.96,0.57,9,9,-3.269e-06,1.114e-06,,,ec0915.170501.646112_ooi_z_v1_N22_160306.523733_ooi_z_v1_N22.diff.fits,0x0000,272,z,TEMPLATE,t,0.2716,1.088,0.062,3.558,21.271,8234.0,-3.269,1.114,646112
91,3914,1402,3,57875.014571,30.915,-141.65,37.34,0.48,9,9,-3.038e-06,8.008e-07,,,ec0915.170502.646135_ooi_z_v1_N22_160306.523733_ooi_z_v1_N22.diff.fits,0x0000,275,z,TEMPLATE,t,0.3539,1.104,0.064,3.521,21.657,7497.0,-3.038,0.8008000000000001,646135
91,3914,1402,3,57875.018706,30.915,-150.62,23.96,1.57,9,9,-3.23e-06,5.139e-07,,,ec0915.170502.646137_ooi_z_v1_N22_160306.523733_ooi_z_v1_N22.diff.fits,0x0000,278,z,TEMPLATE,t,0.4891,1.167,0.081,3.247,22.174,6770.0,-3.23,0.5138999999999999,646137
91,3914,1402,3,57875.018706,30.915,-144.64,24.66,1.19,9,9,-3.102e-06,5.289e-07,,,ec0915.170502.646137_ooi_z_vx_N22_160306.523733_ooi_z_v1_N22.diff.fits,0x0000,279,z,TEMPLATE,t,0.5031,1.109,0.082,3.247,22.145,7140.0,-3.1020000000000003,0.5289,646137
91,3914,1402,3,57875.081054,30.915,-145.87,40.22,1.01,9,9,-3.128e-06,8.625e-07,,,ec0915.170502.646165_ooi_z_v1_N22_160306.523733_ooi_z_v1_N22.diff.fits,0x0000,282,z,TEMPLATE,t,0.314,1.116,0.069,3.34,21.62,7054.0,-3.128,0.8625,646165
91,3914,1402,3,57875.085195,30.915,-111.04,15.05,0.96,9,9,-2.381e-06,3.227e-07,,,ec0915.170502.646167_ooi_z_v1_N22_160306.523733_ooi_z_v1_N22.diff.fits,0x0000,284,z,TEMPLATE,t,0.7859,1.128,0.089,3.35,22.666,6214.0,-2.3810000000000002,0.3227,646167
91,3914,1402,3,57875.122515,30.915,-135.54,22.97,2.36,9,9,-2.907e-06,4.926e-07,,,ec0915.170502.646185_ooi_z_v1_N22_160306.523733_ooi_z_v1_N22.diff.fits,0x0000,286,z,TEMPLATE,t,0.5261,0.991,0.076,3.058,22.295,6557.0,-2.907,0.4925999999999999,646185
91,3914,1402,3,57875.126648,30.915,-137.42,22.23,0.9,9,9,-2.947e-06,4.766e-07,,,ec0915.170502.646187_ooi_z_v1_N22_160306.523733_ooi_z_v1_N22.diff.fits,0x0000,288,z,TEMPLATE,t,0.5093,1.192,0.085,3.171,22.342,5378.0,-2.947,0.4766,646187
91,3914,1402,3,57888.146212,30.915,-121.02,11.49,1.08,9,0,-2.595e-06,2.464e-07,,,ec0915.170515.648397_ooi_z_v1_N22_160306.523733_ooi_z_v1_N22.diff.fits,0x0000,290,z,TEMPLATE,t,1.026,1.134,0.061,5.728,22.558,4880.0,-2.595,0.24639999999999998,648397
91,3914,1402,3,57888.150335,30.915,-159.92,10.71,0.34,9,0,-3.43e-06,2.296e-07,,,ec0915.170515.648399_ooi_z_v1_N22_160306.523733_ooi_z_v1_N22.diff.fits,0x0000,292,z,TEMPLATE,t,1.0271,1.289,0.057,5.92,22.593,4268.0,-3.43,0.2296,648399
91,3914,1402,3,57935.020929,30.915,-127.0,11.54,1.67,9,9,-2.724e-06,2.475e-07,,,ec0915.170701.657445_ooi_z_vx_N22_160306.523733_ooi_z_v1_N22.diff.fits,0x0000,299,z,TEMPLATE,t,1.1345,1.232,0.13,3.547,23.0,5851.0,-2.724,0.24750000000000003,657445
91,3914,1402,3,57950.995174,30.915,-95.57,14.12,0.65,9,0,-2.05e-06,3.029e-07,,,ec0915.170716.659072_ooi_z_v1_N22_160306.523733_ooi_z_v1_N22.diff.fits,0x0000,306,z,TEMPLATE,t,1.11,0.929,0.039,7.027,22.172,8578.0,-2.05,0.3029,659072
91,3914,1402,3,58183.117442,30.915,-63.33,10.6,1.33,9,9,-1.358e-06,2.272e-07,,,ec0915.180306.727448_ooi_z_v1_N22_160306.523733_ooi_z_v1_N22.diff.fits,0x0000,312,z,TEMPLATE,t,0.9792,1.336,0.067,4.321,22.804,4442.0,-1.3579999999999999,0.22719999999999999,727448
91,3914,1402,3,58183.121555,30.915,-73.72,11.28,0.94,9,9,-1.581e-06,2.42e-07,,,ec0915.180306.727450_ooi_z_v1_N22_160306.523733_ooi_z_v1_N22.diff.fits,0x0000,314,z,TEMPLATE,t,0.9745,1.099,0.082,3.827,22.829,5524.0,-1.581,0.24200000000000002,727450
91,3914,1402,3,58184.03864,30.915,-51.41,13.38,1.24,9,3,-1.103e-06,2.869e-07,,,ec0915.180307.727589_ooi_z_v1_N22_160306.523733_ooi_z_v1_N22.diff.fits,0x0000,316,z,TEMPLATE,t,0.8599,1.178,0.078,5.158,22.516,4545.0,-1.103,0.2869,727589
91,3914,1402,3,58225.986333,30.915,-44.14,12.89,1.83,9,7,-9.466e-07,2.765e-07,,,ec0915.180417.736458_ooi_z_v1_N22_160306.523733_ooi_z_v1_N22.diff.fits,0x0000,327,z,TEMPLATE,t,0.9652,1.246,0.077,4.831,22.505,5784.0,-0.9466,0.2765,736458
91,3914,1402,3,58232.983204,30.915,-64.13,12.0,0.47,9,9,-1.375e-06,2.574e-07,,,ec0915.180424.738618_ooi_z_v1_N22_160306.523733_ooi_z_v1_N22.diff.fits,0x0000,331,z,TEMPLATE,t,1.0633,1.157,0.103,3.779,22.758,7453.0,-1.375,0.2574,738618
91,3914,1402,3,58246.003574,30.915,-38.77,19.81,0.51,9,9,-8.315e-07,4.247e-07,,,ec0915.180508.743629_ooi_z_v1_N22_160306.523733_ooi_z_v1_N22.diff.fits,0x0000,335,z,TEMPLATE,t,0.7157,1.113,0.065,4.337,22.078,9437.0,-0.8315,0.42469999999999997,743629
91,3914,1402,3,58261.080086,30.915,-55.13,13.57,0.44,9,9,-1.182e-06,2.911e-07,,,ec0915.180523.750068_ooi_z_v1_N22_160306.523733_ooi_z_v1_N22.diff.fits,0x0000,339,z,TEMPLATE,t,1.0482,0.963,0.094,3.406,22.75,9810.0,-1.1820000000000002,0.2911,750068
91,3914,1402,3,58261.088392,30.915,-85.2,14.2,1.12,9,9,-1.827e-06,3.045e-07,,,ec0915.180523.750072_ooi_z_v1_N22_160306.523733_ooi_z_v1_N22.diff.fits,0x0000,343,z,TEMPLATE,t,1.0415,1.169,0.117,3.008,22.974,8140.0,-1.827,0.3045,750072
91,3914,1402,3,58313.979667,30.915,-21.34,13.18,0.43,9,9,-4.577e-07,2.827e-07,,,ec0915.180714.755609_ooi_z_v1_N22_160306.523733_ooi_z_v1_N22.diff.fits,0x0000,345,z,TEMPLATE,t,1.1382,1.002,0.082,4.134,22.713,8411.0,-0.4577,0.2827,755609
91,3914,1402,3,58313.987958,30.915,-14.72,13.13,0.74,9,9,-3.156e-07,2.815e-07,,,ec0915.180714.755613_ooi_z_v1_N22_160306.523733_ooi_z_v1_N22.diff.fits,0x0000,349,z,TEMPLATE,t,1.1318,1.09,0.078,3.788,22.871,7802.0,-0.3156,0.28150000000000003,755613
91,3914,1402,3,58483.310826,30.915,-79.4,9.34,0.33,9,9,-1.703e-06,2.004e-07,,,ec0915.181231.807723_ooi_z_v1_N22_160306.523733_ooi_z_v1_N22.diff.fits,0x0000,358,z,TEMPLATE,t,1.1382,1.454,0.173,3.529,23.237,4204.0,-1.703,0.2004,807723
91,3914,1402,3,58536.294128,30.915,-83.02,16.16,1.18,9,9,-1.78e-06,3.465e-07,,,ec0915.190222.826209_ooi_z_v1_N22_160306.523733_ooi_z_v1_N22.diff.fits,0x0000,363,z,TEMPLATE,t,0.5223,1.125,0.124,2.835,22.823,2881.0,-1.7799999999999998,0.3465,826209
91,3914,1402,3,58542.172304,30.915,-73.81,9.67,1.15,9,9,-1.583e-06,2.074e-07,,,ec0915.190228.828459_ooi_z_v1_N22_160306.523733_ooi_z_v1_N22.diff.fits,0x0000,367,z,TEMPLATE,t,1.026,1.087,0.14,3.159,23.342,3542.0,-1.583,0.2074,828459
91,3914,1402,3,58572.222637,30.915,-76.83,8.71,1.25,9,9,-1.648e-06,1.867e-07,,,ec0915.190330.843689_ooi_z_v1_N22_160306.523733_ooi_z_v1_N22.diff.fits,0x0000,384,z,TEMPLATE,t,1.2018,1.172,0.105,4.127,23.009,5136.0,-1.648,0.1867,843689
91,3914,1402,3,58572.226441,30.915,,,,0,0,,,,,ec0915.190330.843690_ooi_z_v1_N22_160306.523733_ooi_z_v1_N22.diff.fits,0x0000,385,z,TEMPLATE,t,0.8292,1.115,0.072,4.453,22.559,5193.0,,,843690
91,3914,1402,3,58572.230237,30.915,-59.56,16.64,0.51,9,9,-1.277e-06,3.568e-07,,,ec0915.190330.843691_ooi_z_v1_N22_160306.523733_ooi_z_v1_N22.diff.fits,0x0000,386,z,TEMPLATE,t,0.6732,1.234,0.089,4.04,22.442,4903.0,-1.277,0.3568,843691
91,3914,1402,3,58572.234037,30.915,-18.68,19.93,1.13,9,9,-4.005e-07,4.274e-07,,,ec0915.190330.843692_ooi_z_v1_N22_160306.523733_ooi_z_v1_N22.diff.fits,0x0000,387,z,TEMPLATE,t,0.5142,1.044,0.056,4.479,21.994,5216.0,-0.4005,0.4274,843692
91,3914,1402,3,58572.237846,30.915,-21.43,23.49,0.74,9,9,-4.595e-07,5.037e-07,,,ec0915.190330.843693_ooi_z_v1_N22_160306.523733_ooi_z_v1_N22.diff.fits,0x0000,388,z,TEMPLATE,t,0.4535,1.115,0.069,4.214,21.987,4793.0,-0.4595,0.5037,843693
91,3914,1402,3,58578.206222,30.915,-65.67,12.57,0.33,9,9,-1.408e-06,2.696e-07,,,ec0915.190405.846168_ooi_z_v1_N22_160306.523733_ooi_z_v1_N22.diff.fits,0x0000,392,z,TEMPLATE,t,1.0249,0.832,0.109,3.986,22.804,6648.0,-1.408,0.2696,846168
91,3914,1402,3,58639.02291,30.915,-77.99,30.84,0.89,9,9,-1.673e-06,6.613e-07,,,ec0915.190605.862065_ooi_z_v1_N22_160306.523733_ooi_z_v1_N22.diff.fits,0x0000,396,z,TEMPLATE,t,0.4406,0.878,0.063,3.587,21.698,9151.0,-1.6729999999999998,0.6613,862065
91,3914,1402,3,58691.95826,30.915,-83.75,41.16,1.09,9,9,-1.796e-06,8.827e-07,,,ec0915.190727.879486_ooi_z_v1_N22_160306.523733_ooi_z_v1_N22.diff.fits,0x0000,397,z,TEMPLATE,t,0.6597,1.016,0.066,4.036,21.499,27221.0,-1.796,0.8827,879486
91,3914,1402,3,58818.262285,30.915,-94.57,11.46,1.41,9,9,-2.028e-06,2.458e-07,,,ec0915.191201.912644_ooi_z_vx_N22_160306.523733_ooi_z_v1_N22.diff.fits,0x0000,406,z,TEMPLATE,t,1.1264,1.31,0.152,3.599,22.872,7481.0,-2.028,0.2458,912644
91,3914,1402,3,58818.262285,30.915,-68.9,11.57,1.7,9,9,-1.478e-06,2.48e-07,,,ec0915.191201.912644_ooi_z_v1_N22_160306.523733_ooi_z_v1_N22.diff.fits,0x0000,405,z,TEMPLATE,t,1.1253,1.157,0.085,3.6,22.863,7593.0,-1.478,0.248,912644
91,3914,1402,3,58818.27059,30.915,-96.53,11.57,0.67,9,9,-2.07e-06,2.481e-07,,,ec0915.191201.912648_ooi_z_v1_N22_160306.523733_ooi_z_v1_N22.diff.fits,0x0000,410,z,TEMPLATE,t,1.1387,1.094,0.103,3.313,22.974,7022.0,-2.0700000000000003,0.24810000000000001,912648
91,3914,1402,3,58840.279334,30.915,-60.76,9.47,0.83,9,9,-1.303e-06,2.031e-07,,,ec0915.191223.921762_ooi_z_v1_N22_160306.523733_ooi_z_v1_N22.diff.fits,0x0000,414,z,TEMPLATE,t,1.1448,1.315,0.161,3.23,23.351,4028.0,-1.3030000000000002,0.2031,921762
91,3914,1402,3,58840.287634,30.915,-36.02,10.28,0.22,9,9,-7.725e-07,2.205e-07,,,ec0915.191223.921766_ooi_z_v1_N22_160306.523733_ooi_z_v1_N22.diff.fits,0x0000,418,z,TEMPLATE,t,1.1553,1.201,0.15,2.968,23.373,4317.0,-0.7725,0.2205,921766
91,3914,1402,3,58840.363289,30.915,-56.98,18.86,0.83,9,9,-1.222e-06,4.044e-07,,,ec0915.191223.921802_ooi_z_v1_N22_160306.523733_ooi_z_v1_N22.diff.fits,0x0000,422,z,TEMPLATE,t,0.5851,1.226,0.129,2.65,22.756,4509.0,-1.222,0.4044,921802
91,3914,1402,3,58848.301947,30.915,-42.2,9.83,0.86,9,9,-9.049e-07,2.107e-07,,,ec0915.191231.923831_ooi_z_v1_N22_160306.523733_ooi_z_v1_N22.diff.fits,0x0000,426,z,TEMPLATE,t,1.1973,1.426,0.21,2.611,23.578,4309.0,-0.9049,0.2107,923831
91,3914,1402,3,58848.31023,30.915,-42.71,9.37,0.34,9,9,-9.16e-07,2.009e-07,,,ec0915.191231.923835_ooi_z_v1_N22_160306.523733_ooi_z_v1_N22.diff.fits,0x0000,430,z,TEMPLATE,t,1.2048,1.259,0.133,3.537,23.364,4099.0,-0.916,0.2009,923835
91,3914,1402,3,58848.348661,30.915,-81.68,14.41,1.11,9,9,-1.752e-06,3.089e-07,,,ec0915.191231.923853_ooi_z_v1_N22_160306.523733_ooi_z_v1_N22.diff.fits,0x0000,432,z,TEMPLATE,t,0.5858,1.305,0.178,2.912,23.094,2111.0,-1.752,0.3089,923853
91,3914,1402,3,58870.169795,30.915,-53.38,11.58,0.84,9,9,-1.145e-06,2.484e-07,,,ec0915.200122.925785_ooi_z_v1_N22_160306.523733_ooi_z_v1_N22.diff.fits,0x0000,436,z,TEMPLATE,t,1.056,1.196,0.111,3.884,22.984,5016.0,-1.145,0.24839999999999998,925785
91,3914,1402,3,58877.17514,30.915,-15.74,11.26,0.3,9,9,-3.375e-07,2.414e-07,,,ec0915.200129.927465_ooi_z_v1_N22_160306.523733_ooi_z_v1_N22.diff.fits,0x0000,440,z,TEMPLATE,t,1.0048,1.181,0.094,4.728,22.772,4312.0,-0.3375,0.24139999999999998,927465
91,3914,1402,3,58905.154089,30.915,-34.82,10.28,0.74,9,9,-7.467e-07,2.205e-07,,,ec0915.200226.938759_ooi_z_v1_N22_160306.523733_ooi_z_v1_N22.diff.fits,0x0000,444,z,TEMPLATE,t,1.1088,1.238,0.13,3.857,23.09,4273.0,-0.7467,0.2205,938759
91,3914,1402,3,59146.349303,30.915,-92.29,11.64,1.18,9,9,-1.979e-06,2.497e-07,,,ec0915.201024.948166_ooi_z_v1_N22_160306.523733_ooi_z_v1_N22.diff.fits,0x0000,448,z,TEMPLATE,t,1.1096,1.213,0.112,4.401,22.807,6017.0,-1.979,0.2497,948166
91,3914,1402,3,59176.305734,30.915,-130.86,10.14,0.79,9,9,-2.806e-06,2.175e-07,,,ec0915.201123.957181_ooi_z_v1_N22_160306.523733_ooi_z_v1_N22.diff.fits,0x0000,452,z,TEMPLATE,t,1.1309,1.408,0.209,3.806,23.004,5426.0,-2.806,0.2175,957181
91,3914,1402,3,59236.261521,30.915,-121.86,11.71,0.79,9,7,-2.613e-06,2.511e-07,,,ec0915.210122.958768_ooi_z_v1_N22_160306.523733_ooi_z_v1_N22.diff.fits,0x0000,455,z,TEMPLATE,t,1.0432,1.468,0.226,4.415,22.848,4910.0,-2.613,0.25110000000000005,958768
91,3914,1402,3,59301.045653,30.915,-26.8,20.28,0.39,9,9,-5.748e-07,4.349e-07,,,ec0915.210328.978113_ooi_z_v1_N22_160306.523733_ooi_z_v1_N22.diff.fits,0x0000,463,z,TEMPLATE,t,0.5115,1.197,0.11,3.635,22.321,4215.0,-0.5748,0.4349,978113
91,3914,1402,3,59304.008094,30.915,-100.9,15.63,1.56,9,9,-2.164e-06,3.351e-07,,,ec0915.210331.979132_ooi_z_v1_N22_160306.523733_ooi_z_v1_N22.diff.fits,0x0000,465,z,TEMPLATE,t,0.5342,1.207,0.1,4.205,22.455,2752.0,-2.164,0.33509999999999995,979132
91,3914,1402,3,59307.091802,30.915,-70.15,13.87,0.7,9,7,-1.504e-06,2.975e-07,,,ec0915.210403.980345_ooi_z_v1_N22_160306.523733_ooi_z_v1_N22.diff.fits,0x0000,467,z,TEMPLATE,t,0.5061,1.244,0.114,4.768,22.357,2177.0,-1.504,0.2975,980345
91,3914,1402,3,59512.377811,30.915,-43.65,36.77,1.52,9,9,-9.361e-07,7.885e-07,,,ec0915.211025.1046077_ooi_z_v1_N22_160306.523733_ooi_z_v1_N22.diff.fits,0x0000,480,z,TEMPLATE,t,0.5334,1.15,0.102,3.379,21.799,13643.0,-0.9361,0.7885000000000001,1046077
91,3914,1402,3,59570.324687,30.915,-60.22,13.38,0.45,9,9,-1.292e-06,2.869e-07,,,ec0915.211222.1064957_ooi_z_v1_N22_160306.523733_ooi_z_v1_N22.diff.fits,0x0000,498,z,TEMPLATE,t,0.5707,1.198,0.099,3.806,22.636,2504.0,-1.292,0.2869,1064957
91,3914,1402,3,59572.282599,30.915,-15.21,17.7,0.64,9,9,-3.263e-07,3.796e-07,,,ec0915.211224.1065702_ooi_z_v1_N22_160306.523733_ooi_z_v1_N22.diff.fits,0x0000,499,z,TEMPLATE,t,0.4824,1.241,0.131,3.245,22.627,2317.0,-0.3263,0.3796,1065702
91,3914,1402,3,59634.202353,30.915,-78.43,11.03,1.58,9,9,-1.682e-06,2.365e-07,,,ec0915.220224.1083414_ooi_z_v1_N22_160306.523733_ooi_z_v1_N22.diff.fits,0x0000,516,z,TEMPLATE,t,1.1791,1.539,0.299,3.317,23.07,6473.0,-1.682,0.23650000000000002,1083414
91,3914,1402,3,59899.356462,30.915,-153.16,28.42,0.98,9,9,-3.285e-06,6.094e-07,,,ec0915.221116.1150882_ooi_z_v1_N22_160306.523733_ooi_z_v1_N22.diff.fits,0x0000,538,z,TEMPLATE,t,0.5615,1.16,0.102,3.141,21.994,11086.0,-3.2849999999999997,0.6094,1150882
91,3914,1402,3,59948.227068,30.915,-85.35,18.06,1.54,9,9,-1.83e-06,3.874e-07,,,ec0915.230104.1162015_ooi_z_v1_N22_160306.523733_ooi_z_v1_N22.diff.fits,0x0000,545,z,TEMPLATE,t,0.4907,1.266,0.141,3.614,22.552,2640.0,-1.83,0.38739999999999997,1162015
91,3914,1402,3,60126.974862,30.915,-131.44,24.32,0.97,9,9,-2.819e-06,5.217e-07,,,ec0915.230701.1217849_ooi_z_v1_N22_160306.523733_ooi_z_v1_N22.diff.fits,0x0000,576,z,TEMPLATE,t,0.5718,1.22,0.139,3.114,22.311,7670.0,-2.819,0.5217,1217849
91,3914,1402,3,60156.989461,30.915,-158.7,23.25,0.91,9,9,-3.403e-06,4.986e-07,,,ec0915.230731.1227300_ooi_z_v1_N22_160306.523733_ooi_z_v1_N22.diff.fits,0x0000,581,z,TEMPLATE,t,0.5727,1.161,0.088,4.474,21.851,7123.0,-3.403,0.4986,1227300
91,3914,1402,3,60361.185082,30.915,-229.73,28.53,0.64,9,9,-4.927e-06,6.118e-07,,,ec0915.240221.1278342_ooi_z_v1_N22_160306.523733_ooi_z_v1_N22.diff.fits,0x0000,612,z,TEMPLATE,t,0.3481,1.254,0.149,3.138,22.084,4002.0,-4.927,0.6118,1278342
91,3914,1402,3,60427.053895,30.915,-191.97,26.05,0.91,9,9,-4.117e-06,5.587e-07,,,ec0915.240427.1293150_ooi_z_v1_N22_160306.523733_ooi_z_v1_N22.diff.fits,0x0000,631,z,TEMPLATE,t,0.4412,1.246,0.141,3.114,22.273,4553.0,-4.117,0.5587000000000001,1293150
91,3914,1402,3,60486.991345,30.915,-196.62,14.43,0.79,9,3,-4.217e-06,3.096e-07,,,ec0915.240625.1305583_ooi_z_v1_N22_160306.523733_ooi_z_v1_N22.diff.fits,0x0000,648,z,TEMPLATE,t,0.5759,1.272,0.07,5.071,22.396,2469.0,-4.217,0.30960000000000004,1305583
91,3914,1402,3,60508.01389,30.915,-198.13,25.25,1.81,9,9,-4.249e-06,5.415e-07,,,ec0915.240717.1312960_ooi_z_v1_N22_160306.523733_ooi_z_v1_N22.diff.fits,0x0000,657,z,TEMPLATE,t,0.5675,1.125,0.046,4.761,21.822,7694.0,-4.2490000000000006,0.5415,1312960
91,3914,1402,3,60796.012609,30.915,-560.51,471.2,1.5,9,7,-1.202e-05,1.011e-05,,,ec0915.250501.1383216_ooi_z_v1_N22_160306.523733_ooi_z_v1_N22.diff.fits,0x0000,802,z,TEMPLATE,t,0.0156,1.095,0.048,4.827,18.41,2487.0,-12.02,10.11,1383216
91,3914,1402,3,60810.00515,30.915,-257.49,55.35,1.44,9,9,-5.522e-06,1.187e-06,,,ec0915.250515.1385416_ooi_z_v1_N22_160306.523733_ooi_z_v1_N22.diff.fits,0x0000,817,z,TEMPLATE,t,0.2462,1.214,0.108,2.67,21.572,6937.0,-5.522,1.187,1385416
91,3914,1402,3,60811.012032,30.915,-352.18,36.52,1.35,9,9,-7.553e-06,7.832e-07,,,ec0915.250516.1385995_ooi_z_v1_N22_160306.523733_ooi_z_v1_N22.diff.fits,0x0000,824,z,TEMPLATE,t,0.2676,1.351,0.182,2.819,21.901,4248.0,-7.553,0.7832,1385995
91,3914,1402,3,60836.034265,30.915,-290.23,27.39,0.82,9,9,-6.224e-06,5.874e-07,,,ec0915.250610.1395332_ooi_z_v1_N22_160306.523733_ooi_z_v1_N22.diff.fits,0x0000,845,z,TEMPLATE,t,0.4464,1.185,0.081,4.492,21.636,6836.0,-6.224,0.5874,1395332
91,3914,1402,3,60861.985881,30.915,-343.08,249.59,0.51,9,0,-7.358e-06,5.353e-06,,,ec0915.250705.1404550_ooi_z_v1_N22_160306.523733_ooi_z_v1_N22.diff.fits,0x0000,861,z,TEMPLATE,t,0.0781,1.115,0.056,7.942,18.755,14860.0,-7.358,5.353000000000001,1404550
91,3914,1402,3,60885.981919,30.915,-130.1,79.57,1.95,9,7,-2.79e-06,1.706e-06,,,ec0915.250729.1410882_ooi_z_v1_N22_160306.523733_ooi_z_v1_N22.diff.fits,0x0000,878,z,TEMPLATE,t,0.1174,1.156,0.081,5.031,20.453,4021.0,-2.79,1.706,1410882
91,3914,1402,3,60891.978828,30.915,-326.61,52.47,1.15,9,9,-7.004e-06,1.125e-06,,,ec0915.250804.1411935_ooi_z_v1_N22_160306.523733_ooi_z_v1_N22.diff.fits,0x0000,882,z,TEMPLATE,t,0.2642,1.143,0.074,3.756,21.204,8976.0,-7.0040000000000004,1.125,1411935
91,3914,1402,3,60988.321944,30.915,-422.04,18.1,2.01,9,9,-9.051e-06,3.881e-07,,,ec0915.251109.1433487_ooi_z_v1_N22_160306.523733_ooi_z_v1_N22.diff.fits,0x0000,923,z,TEMPLATE,t,0.545,1.532,0.233,4.536,22.309,3622.0,-9.051,0.3881,1433487
91,3914,1402,3,60997.332383,30.915,-505.72,31.62,1.99,9,9,-1.085e-05,6.782e-07,,,ec0915.251118.1436429_ooi_z_v1_N22_160306.523733_ooi_z_v1_N22.diff.fits,0x0000,936,z,TEMPLATE,t,0.2931,1.33,0.162,3.198,22.001,3094.0,-10.85,0.6782,1436429
91,3914,1402,3,61000.294623,30.915,-976.07,600.09,1.22,9,9,-2.093e-05,1.287e-05,,,ec0915.251121.1437419_ooi_z_v1_N22_160306.523733_ooi_z_v1_N22.diff.fits,0x0000,940,z,TEMPLATE,t,0.0097,1.092,0.062,3.949,18.505,1654.0,-20.93,12.870000000000001,1437419
91,3914,1402,3,61054.348165,30.915,-414.6,10.19,1.32,9,9,-8.891e-06,2.185e-07,,,ec0915.260114.1448793_ooi_z_v1_N22_160306.523733_ooi_z_v1_N22.diff.fits,0x0000,999,z,TEMPLATE,t,0.5609,1.611,0.263,3.106,23.245,1314.0,-8.891,0.2185,1448793
91,3914,1402,3,61111.243969,30.915,-420.28,11.59,1.95,9,9,-9.013e-06,2.485e-07,,,ec0915.260312.1462192_ooi_z_v1_N22_160306.523733_ooi_z_v1_N22.diff.fits,0x0000,1076,z,TEMPLATE,t,0.5703,1.382,0.135,4.012,22.768,1832.0,-9.013,0.24849999999999997,1462192
92,3899,1358,3,56341.289265,30.915,31.62,10.76,0.55,9,0,6.781e-07,2.307e-07,,,ec0915.130218.178885_ooi_z_N22_160306.523733_ooi_z_v1_N22.diff.fits,0x0000,10,z,TEMPLATE,t,0.8508,1.259,0.057,4.678,22.854,3300.0,0.6781,0.2307,178885
92,3899,1358,3,56341.291336,30.915,34.18,10.6,1.44,9,0,7.331e-07,2.274e-07,24.237,0.336781,ec0915.130218.178886_ooi_z_N22_160306.523733_ooi_z_v1_N22.diff.fits,0x0000,11,z,TEMPLATE,t,0.8473,1.266,0.073,4.273,22.895,3347.0,0.7331,0.22740000000000002,178886
92,3899,1358,3,56360.209714,30.915,46.18,13.81,0.88,9,0,9.903e-07,2.961e-07,23.911,0.324615,ec0915.130309.184932_ooi_z_N22_160306.523733_ooi_z_v1_N22.diff.fits,0x0000,16,z,TEMPLATE,t,0.5299,1.501,0.167,2.985,23.119,1727.0,0.9903000000000001,0.29610000000000003,184932
92,3899,1358,3,56418.977034,30.915,12.57,12.12,0.15,9,0,2.696e-07,2.6e-07,,,ec0915.130506.204629_ooi_z_v1_N22_160306.523733_ooi_z_v1_N22.diff.fits,0x0000,26,z,TEMPLATE,t,1.148,1.415,0.136,4.154,22.944,6628.0,0.2696,0.26,204629
92,3899,1358,3,56487.988309,30.915,50.85,12.05,0.98,9,0,1.091e-06,2.584e-07,23.806,0.257299,ec0915.130714.218757_ooi_z_N22_160306.523733_ooi_z_v1_N22.diff.fits,0x0000,30,z,TEMPLATE,t,1.1066,1.401,0.139,4.132,22.883,6364.0,1.091,0.25839999999999996,218757
92,3899,1358,3,56488.988287,30.915,9.41,12.88,0.57,9,0,2.018e-07,2.763e-07,,,ec0915.130715.219201_ooi_z_N22_160306.523733_ooi_z_v1_N22.diff.fits,0x0000,34,z,TEMPLATE,t,1.1771,1.424,0.157,3.539,23.022,6998.0,0.2018,0.2763,219201
92,3899,1358,3,56489.013217,30.915,11.29,11.44,1.45,9,0,2.42e-07,2.453e-07,,,ec0915.130716.219213_ooi_z_N22_160306.523733_ooi_z_v1_N22.diff.fits,0x0000,38,z,TEMPLATE,t,1.1635,1.349,0.109,3.653,23.001,6723.0,0.24200000000000002,0.24530000000000002,219213
92,3899,1358,3,56612.306942,30.915,4.85,11.51,1.86,9,0,1.039e-07,2.468e-07,,,ec0915.131116.254783_ooi_z_N22_160306.523733_ooi_z_v1_N22.diff.fits,0x0000,43,z,TEMPLATE,t,1.1224,1.313,0.078,4.868,22.731,6461.0,0.10389999999999999,0.24680000000000002,254783
92,3899,1358,3,56668.211483,30.915,14.11,9.02,1.56,9,0,3.026e-07,1.935e-07,,,ec0915.140111.273124_ooi_z_N22_160306.523733_ooi_z_v1_N22.diff.fits,0x0000,47,z,TEMPLATE,t,1.172,1.495,0.158,3.611,23.257,4304.0,0.30260000000000004,0.1935,273124
92,3899,1358,3,56668.219813,30.915,22.43,10.08,1.21,9,0,4.81e-07,2.162e-07,,,ec0915.140111.273128_ooi_z_N22_160306.523733_ooi_z_v1_N22.diff.fits,0x0000,51,z,TEMPLATE,t,1.1786,1.44,0.115,4.442,23.028,4385.0,0.48100000000000004,0.2162,273128
92,3899,1358,3,56713.197028,30.915,8.71,10.33,0.46,9,0,1.868e-07,2.216e-07,,,ec0915.140225.288123_ooi_z_N22_160306.523733_ooi_z_v1_N22.diff.fits,0x0000,79,z,TEMPLATE,t,1.1672,1.419,0.125,3.898,23.153,5178.0,0.1868,0.2216,288123
92,3899,1358,3,56764.149481,30.915,25.75,11.16,2.32,9,0,5.521e-07,2.393e-07,,,ec0915.140417.301623_ooi_z_v1_N22_160306.523733_ooi_z_v1_N22.diff.fits,0x0000,84,z,TEMPLATE,t,1.0992,1.466,0.159,3.443,23.118,5856.0,0.5520999999999999,0.23929999999999998,301623
92,3899,1358,3,56764.153625,30.915,60.72,10.72,0.65,9,0,1.302e-06,2.299e-07,23.613,0.191711,ec0915.140417.301625_ooi_z_v1_N22_160306.523733_ooi_z_v1_N22.diff.fits,0x0000,86,z,TEMPLATE,t,1.0967,1.435,0.125,3.415,23.19,5889.0,1.302,0.2299,301625
92,3899,1358,3,56814.091425,30.915,24.76,11.23,0.19,8,0,5.31e-07,2.408e-07,,,ec0915.140606.320269_ooi_z_v1_N22_160306.523733_ooi_z_v1_N22.diff.fits,0x0000,89,z,TEMPLATE,t,1.1459,1.413,0.09,5.263,22.754,5333.0,0.531,0.2408,320269
92,3899,1358,3,56834.960611,30.915,-2.86,11.87,0.99,9,0,-6.129e-08,2.546e-07,,,ec0915.140626.331029_ooi_z_v1_N22_160306.523733_ooi_z_v1_N22.diff.fits,0x0000,91,z,TEMPLATE,t,1.0967,1.452,0.12,4.69,22.667,7577.0,-0.061290000000000004,0.2546,331029
92,3899,1358,3,56854.965339,30.915,-12.08,13.14,0.83,9,0,-2.592e-07,2.818e-07,,,ec0915.140716.337810_ooi_z_v1_N22_160306.523733_ooi_z_v1_N22.diff.fits,0x0000,99,z,TEMPLATE,t,1.0126,1.426,0.119,4.132,22.811,6947.0,-0.2592,0.2818,337810
92,3899,1358,3,56998.316848,30.915,-97.1,11.71,1.34,9,0,-2.082e-06,2.511e-07,,,ec0915.141207.384681_ooi_z_v1_N22_160306.523733_ooi_z_v1_N22.diff.fits,0x0000,106,z,TEMPLATE,t,1.1284,1.229,0.117,3.559,22.939,6560.0,-2.0820000000000003,0.25110000000000005,384681
92,3899,1358,3,56998.321015,30.915,-104.44,12.28,1.03,9,0,-2.24e-06,2.634e-07,,,ec0915.141207.384683_ooi_z_v1_N22_160306.523733_ooi_z_v1_N22.diff.fits,0x0000,108,z,TEMPLATE,t,1.1258,1.196,0.077,4.304,22.778,6407.0,-2.24,0.26339999999999997,384683
92,3899,1358,3,57026.228979,30.915,-81.94,13.6,0.71,9,0,-1.757e-06,2.916e-07,,,ec0915.150104.394285_ooi_z_v1_N22_160306.523733_ooi_z_v1_N22.diff.fits,0x0000,111,z,TEMPLATE,t,1.0335,1.269,0.148,3.39,22.831,6751.0,-1.7570000000000001,0.29159999999999997,394285
92,3899,1358,3,57026.233149,30.915,-118.23,14.53,1.02,9,0,-2.535e-06,3.117e-07,,,ec0915.150104.394287_ooi_z_v1_N22_160306.523733_ooi_z_v1_N22.diff.fits,0x0000,113,z,TEMPLATE,t,1.0467,1.125,0.082,3.691,22.789,6901.0,-2.5349999999999997,0.31170000000000003,394287
92,3899,1358,3,57050.242086,30.915,-55.63,10.43,0.74,9,0,-1.193e-06,2.236e-07,,,ec0915.150128.403911_ooi_z_v1_N22_160306.523733_ooi_z_v1_N22.diff.fits,0x0000,118,z,TEMPLATE,t,0.9842,1.261,0.131,4.029,23.145,3149.0,-1.193,0.2236,403911
92,3899,1358,3,57053.240481,30.915,-99.56,11.89,0.23,9,0,-2.135e-06,2.549e-07,,,ec0915.150131.404893_ooi_z_v1_N22_160306.523733_ooi_z_v1_N22.diff.fits,0x0000,122,z,TEMPLATE,t,1.073,1.194,0.087,3.937,22.876,5245.0,-2.135,0.25489999999999996,404893
92,3899,1358,3,57056.260361,30.915,-115.5,12.29,0.94,9,0,-2.477e-06,2.637e-07,,,ec0915.150203.405992_ooi_z_ls9_N22_160306.523733_ooi_z_v1_N22.diff.fits,0x0000,126,z,TEMPLATE,t,1.1387,1.22,0.117,3.582,22.902,6587.0,-2.4770000000000003,0.2637,405992
92,3899,1358,3,57056.268626,30.915,-86.71,12.83,1.65,9,0,-1.86e-06,2.751e-07,,,ec0915.150203.405996_ooi_z_ls9_N22_160306.523733_ooi_z_v1_N22.diff.fits,0x0000,130,z,TEMPLATE,t,1.1421,1.042,0.093,3.48,22.867,7293.0,-1.8599999999999999,0.2751,405996
92,3899,1358,3,57083.233746,30.915,-97.13,11.63,1.32,9,0,-2.083e-06,2.494e-07,,,ec0915.150302.417215_ooi_z_v1_N22_160306.523733_ooi_z_v1_N22.diff.fits,0x0000,135,z,TEMPLATE,t,1.043,1.205,0.135,3.416,23.018,4875.0,-2.0829999999999997,0.24939999999999998,417215
92,3899,1358,3,57088.183133,30.915,-85.75,11.8,0.86,9,0,-1.839e-06,2.53e-07,,,ec0915.150307.419088_ooi_z_v1_N22_160306.523733_ooi_z_v1_N22.diff.fits,0x0000,136,z,TEMPLATE,t,1.0547,1.158,0.08,3.392,23.026,6188.0,-1.8390000000000002,0.253,419088
92,3899,1358,3,57088.185779,30.915,-83.45,12.32,1.31,9,0,-1.79e-06,2.643e-07,,,ec0915.150307.419089_ooi_z_v1_N22_160306.523733_ooi_z_v1_N22.diff.fits,0x0000,137,z,TEMPLATE,t,1.0497,1.223,0.109,2.884,23.166,5927.0,-1.79,0.2643,419089
92,3899,1358,3,57117.011808,30.915,-54.64,13.52,0.33,9,0,-1.172e-06,2.899e-07,,,ec0915.150405.429230_ooi_z_v1_N22_160306.523733_ooi_z_v1_N22.diff.fits,0x0000,143,z,TEMPLATE,t,1.0671,1.153,0.082,4.288,22.642,7571.0,-1.172,0.28990000000000005,429230
92,3899,1358,3,57117.015936,30.915,-8.36,16.51,0.82,6,0,-1.792e-07,3.541e-07,,,ec0915.150405.429232_ooi_z_v1_N22_160306.523733_ooi_z_v1_N22.diff.fits,0x0000,145,z,TEMPLATE,t,1.0619,1.19,0.061,4.641,22.633,6637.0,-0.1792,0.35409999999999997,429232
92,3899,1358,3,57139.0088,30.915,-69.52,13.13,1.08,9,0,-1.491e-06,2.815e-07,,,ec0915.150427.437746_ooi_z_v1_N22_160306.523733_ooi_z_v1_N22.diff.fits,0x0000,151,z,TEMPLATE,t,1.041,1.249,0.072,5.414,22.529,5505.0,-1.491,0.28150000000000003,437746
92,3899,1358,3,57171.013911,30.915,385.87,264.2,1.34,9,0,8.275e-06,5.666e-06,,,ec0915.150529.443410_ooi_z_v1_N22_160306.523733_ooi_z_v1_N22.diff.fits,0x0000,153,z,TEMPLATE,t,0.0897,1.165,0.048,4.037,19.422,24525.0,8.275,5.6659999999999995,443410
92,3899,1358,3,57171.018007,30.915,186.17,249.16,1.46,9,0,3.993e-06,5.343e-06,,,ec0915.150529.443412_ooi_z_v1_N22_160306.523733_ooi_z_v1_N22.diff.fits,0x0000,155,z,TEMPLATE,t,0.0982,1.177,0.056,3.466,19.689,24114.0,3.993,5.343,443412
92,3899,1358,3,57171.117306,30.915,3.16,1153.11,1.72,4,0,6.787e-08,2.473e-05,,,ec0915.150529.443454_ooi_z_v1_N22_160306.523733_ooi_z_v1_N22.diff.fits,0x0000,157,z,TEMPLATE,t,0.0325,1.214,0.051,3.988,18.396,27448.0,0.06787,24.73,443454
92,3899,1358,3,57171.121418,30.915,762.77,1180.6,1.36,8,0,1.636e-05,2.532e-05,,,ec0915.150529.443456_ooi_z_v1_N22_160306.523733_ooi_z_v1_N22.diff.fits,0x0000,159,z,TEMPLATE,t,0.0241,1.205,0.059,3.624,18.227,28127.0,16.36,25.32,443456
92,3899,1358,3,57198.960089,30.915,-30.54,15.44,0.68,9,0,-6.55e-07,3.311e-07,,,ec0915.150625.453952_ooi_z_v1_N22_160306.523733_ooi_z_v1_N22.diff.fits,0x0000,164,z,TEMPLATE,t,1.0789,1.109,0.062,4.714,22.377,10108.0,-0.655,0.3311,453952
92,3899,1358,3,57198.965698,30.915,-44.67,15.94,0.87,9,0,-9.579e-07,3.418e-07,,,ec0915.150625.453955_ooi_z_v1_N22_160306.523733_ooi_z_v1_N22.diff.fits,0x0000,167,z,TEMPLATE,t,1.0696,1.223,0.064,4.277,22.481,10187.0,-0.9579,0.3418,453955
92,3899,1358,3,57199.005294,30.915,-53.71,13.73,1.41,9,0,-1.152e-06,2.945e-07,,,ec0915.150626.453976_ooi_z_v1_N22_160306.523733_ooi_z_v1_N22.diff.fits,0x0000,170,z,TEMPLATE,t,1.0649,1.202,0.083,4.295,22.633,7612.0,-1.152,0.2945,453976
92,3899,1358,3,57387.340403,30.915,23.97,12.29,0.93,9,0,5.141e-07,2.636e-07,,,ec0915.151231.507220_ooi_z_v1_N22_160306.523733_ooi_z_v1_N22.diff.fits,0x0000,176,z,TEMPLATE,t,1.0642,1.234,0.126,3.164,23.086,5609.0,0.5141,0.2636,507220
92,3899,1358,3,57388.334629,30.915,10.36,10.66,0.47,9,0,2.221e-07,2.286e-07,,,ec0915.160101.507561_ooi_z_v1_N22_160306.523733_ooi_z_v1_N22.diff.fits,0x0000,180,z,TEMPLATE,t,1.0844,1.228,0.102,3.599,23.14,4209.0,0.22210000000000002,0.2286,507561
92,3899,1358,3,57443.170926,30.915,19.22,11.91,0.56,9,0,4.122e-07,2.554e-07,,,ec0915.160225.519763_ooi_z_v1_N22_160306.523733_ooi_z_v1_N22.diff.fits,0x0000,183,z,TEMPLATE,t,1.0313,1.116,0.072,3.975,22.746,6057.0,0.4122,0.2554,519763
92,3899,1358,3,57443.175066,30.915,3.4,13.69,0.72,7,0,7.3e-08,2.935e-07,,,ec0915.160225.519765_ooi_z_v1_N22_160306.523733_ooi_z_v1_N22.diff.fits,0x0000,185,z,TEMPLATE,t,1.0353,1.109,0.06,4.579,22.596,5911.0,0.07300000000000001,0.2935,519765
92,3899,1358,3,57452.205272,30.915,-18.18,12.12,0.8,9,0,-3.9e-07,2.599e-07,,,ec0915.160305.523437_ooi_z_v1_N22_160306.523733_ooi_z_v1_N22.diff.fits,0x0000,187,z,TEMPLATE,t,1.0771,1.286,0.146,2.451,23.522,4633.0,-0.39,0.25989999999999996,523437
92,3899,1358,3,57535.95023,30.915,-11.05,38.79,1.23,9,0,-2.37e-07,8.32e-07,,,ec0915.160527.545715_ooi_z_v1_N22_160306.523733_ooi_z_v1_N22.diff.fits,0x0000,190,z,TEMPLATE,t,0.3206,1.151,0.067,3.798,21.456,7315.0,-0.237,0.8320000000000001,545715
92,3899,1358,3,57535.954356,30.915,-30.57,37.77,0.82,9,0,-6.555e-07,8.101e-07,,,ec0915.160527.545717_ooi_z_v1_N22_160306.523733_ooi_z_v1_N22.diff.fits,0x0000,192,z,TEMPLATE,t,0.3243,1.121,0.056,4.145,21.475,5947.0,-0.6555,0.8100999999999999,545717
92,3899,1358,3,57535.991722,30.915,-21.72,13.5,0.43,9,0,-4.659e-07,2.894e-07,,,ec0915.160527.545735_ooi_z_v1_N22_160306.523733_ooi_z_v1_N22.diff.fits,0x0000,194,z,TEMPLATE,t,0.8908,1.309,0.092,4.077,22.828,4546.0,-0.46590000000000004,0.2894,545735
92,3899,1358,3,57535.995867,30.915,-47.55,12.59,0.93,9,0,-1.02e-06,2.7e-07,,,ec0915.160527.545737_ooi_z_v1_N22_160306.523733_ooi_z_v1_N22.diff.fits,0x0000,196,z,TEMPLATE,t,0.9992,1.236,0.106,3.527,22.982,4803.0,-1.02,0.27,545737
92,3899,1358,3,57545.965079,30.915,-28.61,17.08,0.43,9,0,-6.135e-07,3.662e-07,,,ec0915.160606.547142_ooi_z_v1_N22_160306.523733_ooi_z_v1_N22.diff.fits,0x0000,206,z,TEMPLATE,t,0.5751,1.139,0.076,4.454,22.464,3034.0,-0.6135,0.36619999999999997,547142
92,3899,1358,3,57566.040208,30.915,-60.43,16.65,0.75,9,0,-1.296e-06,3.572e-07,,,ec0915.160627.549002_ooi_z_v1_N22_160306.523733_ooi_z_v1_N22.diff.fits,0x0000,210,z,TEMPLATE,t,0.9597,1.114,0.072,4.658,22.451,8142.0,-1.296,0.3572,549002
92,3899,1358,3,57764.169856,30.915,-123.11,12.42,1.33,9,0,-2.64e-06,2.664e-07,,,ec0915.170111.608550_ooi_z_v1_N22_160306.523733_ooi_z_v1_N22.diff.fits,0x0000,213,z,TEMPLATE,t,1.0318,1.268,0.139,3.199,23.075,5482.0,-2.64,0.2664,608550
92,3899,1358,3,57764.173997,30.915,-109.32,11.94,1.82,9,0,-2.344e-06,2.56e-07,,,ec0915.170111.608552_ooi_z_v1_N22_160306.523733_ooi_z_v1_N22.diff.fits,0x0000,215,z,TEMPLATE,t,1.039,1.151,0.106,3.214,23.05,5620.0,-2.344,0.256,608552
92,3899,1358,3,57769.284073,30.915,-125.27,10.79,0.5,9,0,-2.686e-06,2.315e-07,,,ec0915.170116.609360_ooi_z_v1_N22_160306.523733_ooi_z_v1_N22.diff.fits,0x0000,217,z,TEMPLATE,t,1.0338,1.183,0.119,3.18,23.349,4050.0,-2.6860000000000004,0.2315,609360
92,3899,1358,3,57769.288221,30.915,-119.12,10.84,1.64,9,0,-2.555e-06,2.326e-07,,,ec0915.170116.609362_ooi_z_v1_N22_160306.523733_ooi_z_v1_N22.diff.fits,0x0000,219,z,TEMPLATE,t,1.0319,1.156,0.125,3.214,23.332,4079.0,-2.555,0.2326,609362
92,3899,1358,3,57794.308614,30.915,-111.9,11.64,0.74,9,0,-2.4e-06,2.495e-07,,,ec0915.170210.619020_ooi_z_v1_N22_160306.523733_ooi_z_v1_N22.diff.fits,0x0000,231,z,TEMPLATE,t,1.0675,1.149,0.1,3.599,22.954,5829.0,-2.4,0.2495,619020
92,3899,1358,3,57795.317714,30.915,-132.28,13.85,1.45,9,0,-2.837e-06,2.97e-07,,,ec0915.170211.619366_ooi_z_v1_N22_160306.523733_ooi_z_v1_N22.diff.fits,0x0000,233,z,TEMPLATE,t,1.0286,1.208,0.115,2.859,23.098,6629.0,-2.837,0.29700000000000004,619366
92,3899,1358,3,57798.077705,30.915,-97.07,12.29,0.75,9,0,-2.082e-06,2.636e-07,,,ec0915.170214.620291_ooi_z_v1_N22_160306.523733_ooi_z_v1_N22.diff.fits,0x0000,235,z,TEMPLATE,t,0.9631,1.165,0.11,3.29,22.936,5922.0,-2.0820000000000003,0.2636,620291
92,3899,1358,3,57822.338331,30.915,-103.85,13.64,1.03,9,0,-2.227e-06,2.924e-07,,,ec0915.170310.628200_ooi_z_v1_N22_160306.523733_ooi_z_v1_N22.diff.fits,0x0000,237,z,TEMPLATE,t,0.9992,1.127,0.081,3.576,22.797,7326.0,-2.227,0.2924,628200
92,3899,1358,3,57822.342476,30.915,-98.56,13.66,1.63,9,0,-2.114e-06,2.929e-07,,,ec0915.170310.628202_ooi_z_v1_N22_160306.523733_ooi_z_v1_N22.diff.fits,0x0000,239,z,TEMPLATE,t,0.9893,1.057,0.061,4.175,22.591,7749.0,-2.114,0.2929,628202
92,3899,1358,3,57824.277361,30.915,-103.06,13.99,1.08,9,0,-2.21e-06,3e-07,,,ec0915.170312.628814_ooi_z_v1_N22_160306.523733_ooi_z_v1_N22.diff.fits,0x0000,241,z,TEMPLATE,t,1.0506,1.067,0.073,3.807,22.77,7544.0,-2.21,0.3,628814
92,3899,1358,3,57824.281503,30.915,-114.85,12.41,0.63,9,0,-2.463e-06,2.662e-07,,,ec0915.170312.628816_ooi_z_v1_N22_160306.523733_ooi_z_v1_N22.diff.fits,0x0000,243,z,TEMPLATE,t,1.0475,1.22,0.097,3.347,22.952,6645.0,-2.463,0.2662,628816
92,3899,1358,3,57847.124307,30.915,-84.98,12.4,0.99,9,0,-1.822e-06,2.659e-07,,,ec0915.170404.636946_ooi_z_v1_N22_160306.523733_ooi_z_v1_N22.diff.fits,0x0000,252,z,TEMPLATE,t,1.0078,1.244,0.131,3.534,23.1,4387.0,-1.822,0.2659,636946
92,3899,1358,3,57848.992872,30.915,-97.75,14.55,1.74,9,0,-2.096e-06,3.12e-07,,,ec0915.170405.637489_ooi_z_v1_N22_160306.523733_ooi_z_v1_N22.diff.fits,0x0000,255,z,TEMPLATE,t,1.0116,1.165,0.1,3.387,22.831,7297.0,-2.096,0.312,637489
92,3899,1358,3,57872.960558,30.915,-97.55,14.69,0.28,9,0,-2.092e-06,3.15e-07,,,ec0915.170429.645088_ooi_z_v1_N22_160306.523733_ooi_z_v1_N22.diff.fits,0x0000,256,z,TEMPLATE,t,1.1067,1.318,0.153,2.628,23.096,8900.0,-2.092,0.315,645088
92,3899,1358,3,57872.960558,30.915,-96.14,14.76,0.27,9,0,-2.062e-06,3.165e-07,,,ec0915.170429.645088_ooi_z_vx_N22_160306.523733_ooi_z_v1_N22.diff.fits,0x0000,257,z,TEMPLATE,t,1.14,1.297,0.163,2.627,23.073,9226.0,-2.062,0.3165,645088
92,3899,1358,3,57874.962088,30.915,-111.71,44.25,0.38,9,0,-2.396e-06,9.49e-07,,,ec0915.170501.646110_ooi_z_v1_N22_160306.523733_ooi_z_v1_N22.diff.fits,0x0000,270,z,TEMPLATE,t,0.4218,0.813,0.05,3.56,21.55,11604.0,-2.396,0.9490000000000001,646110
92,3899,1358,3,57874.96623,30.915,-142.33,52.11,0.47,9,0,-3.052e-06,1.118e-06,,,ec0915.170501.646112_ooi_z_vx_N22_160306.523733_ooi_z_v1_N22.diff.fits,0x0000,273,z,TEMPLATE,t,0.2792,1.081,0.064,3.558,21.265,8303.0,-3.052,1.1179999999999999,646112
92,3899,1358,3,57874.96623,30.915,-182.12,51.24,0.53,9,0,-3.906e-06,1.099e-06,,,ec0915.170501.646112_ooi_z_v1_N22_160306.523733_ooi_z_v1_N22.diff.fits,0x0000,272,z,TEMPLATE,t,0.2716,1.088,0.062,3.558,21.271,8234.0,-3.9060000000000006,1.099,646112
92,3899,1358,3,57875.014571,30.915,-105.95,36.94,0.6,9,0,-2.272e-06,7.922e-07,,,ec0915.170502.646135_ooi_z_v1_N22_160306.523733_ooi_z_v1_N22.diff.fits,0x0000,275,z,TEMPLATE,t,0.3539,1.104,0.064,3.521,21.657,7497.0,-2.272,0.7922,646135
92,3899,1358,3,57875.018706,30.915,-86.33,25.38,1.02,9,0,-1.851e-06,5.444e-07,,,ec0915.170502.646137_ooi_z_v1_N22_160306.523733_ooi_z_v1_N22.diff.fits,0x0000,278,z,TEMPLATE,t,0.4891,1.167,0.081,3.247,22.174,6770.0,-1.851,0.5444,646137
92,3899,1358,3,57875.018706,30.915,-85.82,25.92,0.98,9,0,-1.841e-06,5.558e-07,,,ec0915.170502.646137_ooi_z_vx_N22_160306.523733_ooi_z_v1_N22.diff.fits,0x0000,279,z,TEMPLATE,t,0.5031,1.109,0.082,3.247,22.145,7140.0,-1.841,0.5558000000000001,646137
92,3899,1358,3,57875.081054,30.915,-143.22,37.8,0.84,9,0,-3.072e-06,8.107e-07,,,ec0915.170502.646165_ooi_z_v1_N22_160306.523733_ooi_z_v1_N22.diff.fits,0x0000,282,z,TEMPLATE,t,0.314,1.116,0.069,3.34,21.62,7054.0,-3.072,0.8107,646165
92,3899,1358,3,57875.085195,30.915,-119.81,15.9,1.49,9,0,-2.569e-06,3.41e-07,,,ec0915.170502.646167_ooi_z_v1_N22_160306.523733_ooi_z_v1_N22.diff.fits,0x0000,284,z,TEMPLATE,t,0.7859,1.128,0.089,3.35,22.666,6214.0,-2.569,0.34099999999999997,646167
92,3899,1358,3,57875.122515,30.915,-98.54,25.83,0.47,9,0,-2.113e-06,5.54e-07,,,ec0915.170502.646185_ooi_z_v1_N22_160306.523733_ooi_z_v1_N22.diff.fits,0x0000,286,z,TEMPLATE,t,0.5261,0.991,0.076,3.058,22.295,6557.0,-2.113,0.554,646185
92,3899,1358,3,57875.126648,30.915,-132.39,24.18,1.5,9,0,-2.839e-06,5.185e-07,,,ec0915.170502.646187_ooi_z_v1_N22_160306.523733_ooi_z_v1_N22.diff.fits,0x0000,288,z,TEMPLATE,t,0.5093,1.192,0.085,3.171,22.342,5378.0,-2.839,0.5185,646187
92,3899,1358,3,57888.146212,30.915,-69.57,24.57,0.99,2,0,-1.492e-06,5.27e-07,,,ec0915.170515.648397_ooi_z_v1_N22_160306.523733_ooi_z_v1_N22.diff.fits,0x0000,290,z,TEMPLATE,t,1.026,1.134,0.061,5.728,22.558,4880.0,-1.492,0.527,648397
92,3899,1358,3,57888.150335,30.915,-113.26,12.47,1.01,6,0,-2.429e-06,2.675e-07,,,ec0915.170515.648399_ooi_z_v1_N22_160306.523733_ooi_z_v1_N22.diff.fits,0x0000,292,z,TEMPLATE,t,1.0271,1.289,0.057,5.92,22.593,4268.0,-2.429,0.26749999999999996,648399
92,3899,1358,3,57935.020929,30.915,-76.38,11.22,0.75,9,0,-1.638e-06,2.407e-07,,,ec0915.170701.657445_ooi_z_vx_N22_160306.523733_ooi_z_v1_N22.diff.fits,0x0000,299,z,TEMPLATE,t,1.1345,1.232,0.13,3.547,23.0,5851.0,-1.6380000000000001,0.24069999999999997,657445
92,3899,1358,3,57950.995174,30.915,-69.92,19.77,0.89,4,0,-1.499e-06,4.241e-07,,,ec0915.170716.659072_ooi_z_v1_N22_160306.523733_ooi_z_v1_N22.diff.fits,0x0000,306,z,TEMPLATE,t,1.11,0.929,0.039,7.027,22.172,8578.0,-1.4989999999999999,0.4241,659072
92,3899,1358,3,58183.117442,30.915,-16.5,11.49,1.32,9,0,-3.538e-07,2.463e-07,,,ec0915.180306.727448_ooi_z_v1_N22_160306.523733_ooi_z_v1_N22.diff.fits,0x0000,312,z,TEMPLATE,t,0.9792,1.336,0.067,4.321,22.804,4442.0,-0.3538,0.24629999999999996,727448
92,3899,1358,3,58183.121555,30.915,-34.86,12.94,2.45,9,0,-7.476e-07,2.775e-07,,,ec0915.180306.727450_ooi_z_v1_N22_160306.523733_ooi_z_v1_N22.diff.fits,0x0000,314,z,TEMPLATE,t,0.9745,1.099,0.082,3.827,22.829,5524.0,-0.7476,0.27749999999999997,727450
92,3899,1358,3,58184.03864,30.915,-5.14,12.02,1.14,9,0,-1.103e-07,2.578e-07,,,ec0915.180307.727589_ooi_z_v1_N22_160306.523733_ooi_z_v1_N22.diff.fits,0x0000,316,z,TEMPLATE,t,0.8599,1.178,0.078,5.158,22.516,4545.0,-0.1103,0.2578,727589
92,3899,1358,3,58225.986333,30.915,-30.72,12.63,1.94,9,0,-6.588e-07,2.709e-07,,,ec0915.180417.736458_ooi_z_v1_N22_160306.523733_ooi_z_v1_N22.diff.fits,0x0000,327,z,TEMPLATE,t,0.9652,1.246,0.077,4.831,22.505,5784.0,-0.6588,0.27090000000000003,736458
92,3899,1358,3,58232.983204,30.915,-35.95,13.59,0.68,9,0,-7.71e-07,2.915e-07,,,ec0915.180424.738618_ooi_z_v1_N22_160306.523733_ooi_z_v1_N22.diff.fits,0x0000,331,z,TEMPLATE,t,1.0633,1.157,0.103,3.779,22.758,7453.0,-0.771,0.2915,738618
92,3899,1358,3,58246.003574,30.915,-41.32,21.52,1.71,9,0,-8.861e-07,4.614e-07,,,ec0915.180508.743629_ooi_z_v1_N22_160306.523733_ooi_z_v1_N22.diff.fits,0x0000,335,z,TEMPLATE,t,0.7157,1.113,0.065,4.337,22.078,9437.0,-0.8861,0.4614,743629
92,3899,1358,3,58261.080086,30.915,-48.94,15.41,0.79,9,0,-1.049e-06,3.304e-07,,,ec0915.180523.750068_ooi_z_v1_N22_160306.523733_ooi_z_v1_N22.diff.fits,0x0000,339,z,TEMPLATE,t,1.0482,0.963,0.094,3.406,22.75,9810.0,-1.049,0.33039999999999997,750068
92,3899,1358,3,58261.088392,30.915,-94.4,14.9,1.48,9,0,-2.025e-06,3.195e-07,,,ec0915.180523.750072_ooi_z_v1_N22_160306.523733_ooi_z_v1_N22.diff.fits,0x0000,343,z,TEMPLATE,t,1.0415,1.169,0.117,3.008,22.974,8140.0,-2.025,0.3195,750072
92,3899,1358,3,58313.979667,30.915,-55.47,14.27,0.36,9,0,-1.19e-06,3.059e-07,,,ec0915.180714.755609_ooi_z_v1_N22_160306.523733_ooi_z_v1_N22.diff.fits,0x0000,345,z,TEMPLATE,t,1.1382,1.002,0.082,4.134,22.713,8411.0,-1.19,0.3059,755609
92,3899,1358,3,58313.987958,30.915,-58.65,13.33,0.64,9,0,-1.258e-06,2.859e-07,,,ec0915.180714.755613_ooi_z_v1_N22_160306.523733_ooi_z_v1_N22.diff.fits,0x0000,349,z,TEMPLATE,t,1.1318,1.09,0.078,3.788,22.871,7802.0,-1.258,0.2859,755613
92,3899,1358,3,58483.310826,30.915,-49.11,10.49,0.74,9,0,-1.053e-06,2.249e-07,,,ec0915.181231.807723_ooi_z_v1_N22_160306.523733_ooi_z_v1_N22.diff.fits,0x0000,358,z,TEMPLATE,t,1.1382,1.454,0.173,3.529,23.237,4204.0,-1.053,0.22490000000000002,807723
92,3899,1358,3,58536.294128,30.915,-30.47,16.16,0.82,9,0,-6.534e-07,3.466e-07,,,ec0915.190222.826209_ooi_z_v1_N22_160306.523733_ooi_z_v1_N22.diff.fits,0x0000,363,z,TEMPLATE,t,0.5223,1.125,0.124,2.835,22.823,2881.0,-0.6534,0.3466,826209
92,3899,1358,3,58542.172304,30.915,-41.21,11.37,1.13,9,0,-8.838e-07,2.437e-07,,,ec0915.190228.828459_ooi_z_v1_N22_160306.523733_ooi_z_v1_N22.diff.fits,0x0000,367,z,TEMPLATE,t,1.026,1.087,0.14,3.159,23.342,3542.0,-0.8838,0.2437,828459
92,3899,1358,3,58572.222637,30.915,-34.52,11.55,1.35,9,0,-7.402e-07,2.476e-07,,,ec0915.190330.843689_ooi_z_v1_N22_160306.523733_ooi_z_v1_N22.diff.fits,0x0000,384,z,TEMPLATE,t,1.2018,1.172,0.105,4.127,23.009,5136.0,-0.7402,0.24760000000000001,843689
92,3899,1358,3,58572.226441,30.915,,,,0,0,,,,,ec0915.190330.843690_ooi_z_v1_N22_160306.523733_ooi_z_v1_N22.diff.fits,0x0000,385,z,TEMPLATE,t,0.8292,1.115,0.072,4.453,22.559,5193.0,,,843690
92,3899,1358,3,58572.230237,30.915,11.71,17.4,0.75,9,0,2.512e-07,3.732e-07,,,ec0915.190330.843691_ooi_z_v1_N22_160306.523733_ooi_z_v1_N22.diff.fits,0x0000,386,z,TEMPLATE,t,0.6732,1.234,0.089,4.04,22.442,4903.0,0.25120000000000003,0.3732,843691
92,3899,1358,3,58572.234037,30.915,-7.66,22.84,0.98,9,0,-1.642e-07,4.899e-07,,,ec0915.190330.843692_ooi_z_v1_N22_160306.523733_ooi_z_v1_N22.diff.fits,0x0000,387,z,TEMPLATE,t,0.5142,1.044,0.056,4.479,21.994,5216.0,-0.1642,0.48989999999999995,843692
92,3899,1358,3,58572.237846,30.915,-30.24,23.14,2.31,9,0,-6.486e-07,4.963e-07,,,ec0915.190330.843693_ooi_z_v1_N22_160306.523733_ooi_z_v1_N22.diff.fits,0x0000,388,z,TEMPLATE,t,0.4535,1.115,0.069,4.214,21.987,4793.0,-0.6486000000000001,0.4963,843693
92,3899,1358,3,58578.206222,30.915,-12.03,15.16,0.38,9,0,-2.579e-07,3.251e-07,,,ec0915.190405.846168_ooi_z_v1_N22_160306.523733_ooi_z_v1_N22.diff.fits,0x0000,392,z,TEMPLATE,t,1.0249,0.832,0.109,3.986,22.804,6648.0,-0.2579,0.3251,846168
92,3899,1358,3,58639.02291,30.915,-24.52,35.58,0.49,9,0,-5.257e-07,7.63e-07,,,ec0915.190605.862065_ooi_z_v1_N22_160306.523733_ooi_z_v1_N22.diff.fits,0x0000,396,z,TEMPLATE,t,0.4406,0.878,0.063,3.587,21.698,9151.0,-0.5257000000000001,0.763,862065
92,3899,1358,3,58691.95826,30.915,-128.87,37.88,0.51,9,0,-2.764e-06,8.124e-07,,,ec0915.190727.879486_ooi_z_v1_N22_160306.523733_ooi_z_v1_N22.diff.fits,0x0000,397,z,TEMPLATE,t,0.6597,1.016,0.066,4.036,21.499,27221.0,-2.7640000000000002,0.8124,879486
92,3899,1358,3,58818.262285,30.915,-76.16,12.61,0.88,9,0,-1.633e-06,2.705e-07,,,ec0915.191201.912644_ooi_z_vx_N22_160306.523733_ooi_z_v1_N22.diff.fits,0x0000,406,z,TEMPLATE,t,1.1264,1.31,0.152,3.599,22.872,7481.0,-1.633,0.2705,912644
92,3899,1358,3,58818.262285,30.915,-48.81,12.3,0.89,9,0,-1.047e-06,2.638e-07,,,ec0915.191201.912644_ooi_z_v1_N22_160306.523733_ooi_z_v1_N22.diff.fits,0x0000,405,z,TEMPLATE,t,1.1253,1.157,0.085,3.6,22.863,7593.0,-1.0470000000000002,0.26380000000000003,912644
92,3899,1358,3,58818.27059,30.915,-108.06,11.81,3.12,9,0,-2.318e-06,2.532e-07,,,ec0915.191201.912648_ooi_z_v1_N22_160306.523733_ooi_z_v1_N22.diff.fits,0x0000,410,z,TEMPLATE,t,1.1387,1.094,0.103,3.313,22.974,7022.0,-2.318,0.25320000000000004,912648
92,3899,1358,3,58840.279334,30.915,-64.42,10.59,0.21,9,0,-1.382e-06,2.271e-07,,,ec0915.191223.921762_ooi_z_v1_N22_160306.523733_ooi_z_v1_N22.diff.fits,0x0000,414,z,TEMPLATE,t,1.1448,1.315,0.161,3.23,23.351,4028.0,-1.3820000000000001,0.2271,921762
92,3899,1358,3,58840.287634,30.915,-70.33,10.56,0.7,9,0,-1.508e-06,2.265e-07,,,ec0915.191223.921766_ooi_z_v1_N22_160306.523733_ooi_z_v1_N22.diff.fits,0x0000,418,z,TEMPLATE,t,1.1553,1.201,0.15,2.968,23.373,4317.0,-1.508,0.2265,921766
92,3899,1358,3,58840.363289,30.915,-55.55,18.96,3.04,9,0,-1.191e-06,4.066e-07,,,ec0915.191223.921802_ooi_z_v1_N22_160306.523733_ooi_z_v1_N22.diff.fits,0x0000,422,z,TEMPLATE,t,0.5851,1.226,0.129,2.65,22.756,4509.0,-1.1909999999999998,0.4066,921802
92,3899,1358,3,58848.301947,30.915,-54.4,11.31,0.72,9,0,-1.167e-06,2.425e-07,,,ec0915.191231.923831_ooi_z_v1_N22_160306.523733_ooi_z_v1_N22.diff.fits,0x0000,426,z,TEMPLATE,t,1.1973,1.426,0.21,2.611,23.578,4309.0,-1.167,0.24250000000000002,923831
92,3899,1358,3,58848.31023,30.915,-59.16,9.63,0.55,9,0,-1.269e-06,2.065e-07,,,ec0915.191231.923835_ooi_z_v1_N22_160306.523733_ooi_z_v1_N22.diff.fits,0x0000,430,z,TEMPLATE,t,1.2048,1.259,0.133,3.537,23.364,4099.0,-1.2690000000000001,0.2065,923835
92,3899,1358,3,58848.348661,30.915,-60.62,13.85,1.18,9,0,-1.3e-06,2.971e-07,,,ec0915.191231.923853_ooi_z_v1_N22_160306.523733_ooi_z_v1_N22.diff.fits,0x0000,432,z,TEMPLATE,t,0.5858,1.305,0.178,2.912,23.094,2111.0,-1.3,0.2971,923853
92,3899,1358,3,58870.169795,30.915,-58.75,11.6,0.48,9,0,-1.26e-06,2.488e-07,,,ec0915.200122.925785_ooi_z_v1_N22_160306.523733_ooi_z_v1_N22.diff.fits,0x0000,436,z,TEMPLATE,t,1.056,1.196,0.111,3.884,22.984,5016.0,-1.26,0.2488,925785
92,3899,1358,3,58877.17514,30.915,-60.95,11.98,0.74,9,0,-1.307e-06,2.569e-07,,,ec0915.200129.927465_ooi_z_v1_N22_160306.523733_ooi_z_v1_N22.diff.fits,0x0000,440,z,TEMPLATE,t,1.0048,1.181,0.094,4.728,22.772,4312.0,-1.307,0.25689999999999996,927465
92,3899,1358,3,58905.154089,30.915,-75.6,10.2,0.77,9,0,-1.621e-06,2.187e-07,,,ec0915.200226.938759_ooi_z_v1_N22_160306.523733_ooi_z_v1_N22.diff.fits,0x0000,444,z,TEMPLATE,t,1.1088,1.238,0.13,3.857,23.09,4273.0,-1.621,0.2187,938759
92,3899,1358,3,59146.349303,30.915,-89.65,13.09,0.74,9,0,-1.923e-06,2.808e-07,,,ec0915.201024.948166_ooi_z_v1_N22_160306.523733_ooi_z_v1_N22.diff.fits,0x0000,448,z,TEMPLATE,t,1.1096,1.213,0.112,4.401,22.807,6017.0,-1.923,0.28080000000000005,948166
92,3899,1358,3,59176.305734,30.915,-89.24,12.86,1.21,9,0,-1.914e-06,2.758e-07,,,ec0915.201123.957181_ooi_z_v1_N22_160306.523733_ooi_z_v1_N22.diff.fits,0x0000,452,z,TEMPLATE,t,1.1309,1.408,0.209,3.806,23.004,5426.0,-1.9139999999999997,0.27580000000000005,957181
92,3899,1358,3,59236.261521,30.915,-65.95,12.67,0.31,9,0,-1.414e-06,2.716e-07,,,ec0915.210122.958768_ooi_z_v1_N22_160306.523733_ooi_z_v1_N22.diff.fits,0x0000,455,z,TEMPLATE,t,1.0432,1.468,0.226,4.415,22.848,4910.0,-1.414,0.2716,958768
92,3899,1358,3,59301.045653,30.915,-7.35,23.0,0.82,9,0,-1.577e-07,4.933e-07,,,ec0915.210328.978113_ooi_z_v1_N22_160306.523733_ooi_z_v1_N22.diff.fits,0x0000,463,z,TEMPLATE,t,0.5115,1.197,0.11,3.635,22.321,4215.0,-0.15769999999999998,0.4933,978113
92,3899,1358,3,59304.008094,30.915,-100.02,16.79,0.23,9,0,-2.145e-06,3.602e-07,,,ec0915.210331.979132_ooi_z_v1_N22_160306.523733_ooi_z_v1_N22.diff.fits,0x0000,465,z,TEMPLATE,t,0.5342,1.207,0.1,4.205,22.455,2752.0,-2.1449999999999996,0.3602,979132
92,3899,1358,3,59307.091802,30.915,-69.74,33.87,2.78,2,0,-1.496e-06,7.264e-07,,,ec0915.210403.980345_ooi_z_v1_N22_160306.523733_ooi_z_v1_N22.diff.fits,0x0000,467,z,TEMPLATE,t,0.5061,1.244,0.114,4.768,22.357,2177.0,-1.496,0.7264,980345
92,3899,1358,3,59512.377811,30.915,-109.43,36.57,0.74,9,0,-2.347e-06,7.843e-07,,,ec0915.211025.1046077_ooi_z_v1_N22_160306.523733_ooi_z_v1_N22.diff.fits,0x0000,480,z,TEMPLATE,t,0.5334,1.15,0.102,3.379,21.799,13643.0,-2.347,0.7843,1046077
92,3899,1358,3,59570.324687,30.915,-54.62,16.5,0.55,8,0,-1.171e-06,3.539e-07,,,ec0915.211222.1064957_ooi_z_v1_N22_160306.523733_ooi_z_v1_N22.diff.fits,0x0000,498,z,TEMPLATE,t,0.5707,1.198,0.099,3.806,22.636,2504.0,-1.171,0.3539,1064957
92,3899,1358,3,59572.282599,30.915,-8.8,17.83,1.08,9,0,-1.888e-07,3.825e-07,,,ec0915.211224.1065702_ooi_z_v1_N22_160306.523733_ooi_z_v1_N22.diff.fits,0x0000,499,z,TEMPLATE,t,0.4824,1.241,0.131,3.245,22.627,2317.0,-0.1888,0.3825,1065702
92,3899,1358,3,59634.202353,30.915,-91.08,11.34,0.9,9,0,-1.953e-06,2.433e-07,,,ec0915.220224.1083414_ooi_z_v1_N22_160306.523733_ooi_z_v1_N22.diff.fits,0x0000,516,z,TEMPLATE,t,1.1791,1.539,0.299,3.317,23.07,6473.0,-1.9530000000000003,0.24330000000000002,1083414
92,3899,1358,3,59899.356462,30.915,-61.81,32.58,0.77,9,0,-1.326e-06,6.986e-07,,,ec0915.221116.1150882_ooi_z_v1_N22_160306.523733_ooi_z_v1_N22.diff.fits,0x0000,538,z,TEMPLATE,t,0.5615,1.16,0.102,3.141,21.994,11086.0,-1.326,0.6986,1150882
92,3899,1358,3,59948.227068,30.915,-117.01,19.19,0.48,9,0,-2.509e-06,4.114e-07,,,ec0915.230104.1162015_ooi_z_v1_N22_160306.523733_ooi_z_v1_N22.diff.fits,0x0000,545,z,TEMPLATE,t,0.4907,1.266,0.141,3.614,22.552,2640.0,-2.509,0.4114,1162015
92,3899,1358,3,60126.974862,30.915,-185.71,24.25,0.62,9,0,-3.983e-06,5.201e-07,,,ec0915.230701.1217849_ooi_z_v1_N22_160306.523733_ooi_z_v1_N22.diff.fits,0x0000,576,z,TEMPLATE,t,0.5718,1.22,0.139,3.114,22.311,7670.0,-3.9829999999999997,0.5201,1217849
92,3899,1358,3,60156.989461,30.915,-178.61,24.29,0.39,9,0,-3.83e-06,5.209e-07,,,ec0915.230731.1227300_ooi_z_v1_N22_160306.523733_ooi_z_v1_N22.diff.fits,0x0000,581,z,TEMPLATE,t,0.5727,1.161,0.088,4.474,21.851,7123.0,-3.8299999999999996,0.5208999999999999,1227300
92,3899,1358,3,60361.185082,30.915,-156.26,29.27,0.59,9,0,-3.351e-06,6.277e-07,,,ec0915.240221.1278342_ooi_z_v1_N22_160306.523733_ooi_z_v1_N22.diff.fits,0x0000,612,z,TEMPLATE,t,0.3481,1.254,0.149,3.138,22.084,4002.0,-3.351,0.6277,1278342
92,3899,1358,3,60427.053895,30.915,-184.2,23.07,0.87,9,0,-3.95e-06,4.948e-07,,,ec0915.240427.1293150_ooi_z_v1_N22_160306.523733_ooi_z_v1_N22.diff.fits,0x0000,631,z,TEMPLATE,t,0.4412,1.246,0.141,3.114,22.273,4553.0,-3.95,0.4948,1293150
92,3899,1358,3,60486.991345,30.915,-233.83,17.11,2.49,8,0,-5.015e-06,3.67e-07,,,ec0915.240625.1305583_ooi_z_v1_N22_160306.523733_ooi_z_v1_N22.diff.fits,0x0000,648,z,TEMPLATE,t,0.5759,1.272,0.07,5.071,22.396,2469.0,-5.015000000000001,0.367,1305583
92,3899,1358,3,60508.01389,30.915,-227.14,28.43,1.91,8,0,-4.871e-06,6.098e-07,,,ec0915.240717.1312960_ooi_z_v1_N22_160306.523733_ooi_z_v1_N22.diff.fits,0x0000,657,z,TEMPLATE,t,0.5675,1.125,0.046,4.761,21.822,7694.0,-4.8709999999999996,0.6098,1312960
92,3899,1358,3,60796.012609,30.915,506.25,1120.24,0.22,2,0,1.086e-05,2.402e-05,,,ec0915.250501.1383216_ooi_z_v1_N22_160306.523733_ooi_z_v1_N22.diff.fits,0x0000,802,z,TEMPLATE,t,0.0156,1.095,0.048,4.827,18.41,2487.0,10.86,24.02,1383216
92,3899,1358,3,60810.00515,30.915,-244.44,52.93,1.7,9,0,-5.242e-06,1.135e-06,,,ec0915.250515.1385416_ooi_z_v1_N22_160306.523733_ooi_z_v1_N22.diff.fits,0x0000,817,z,TEMPLATE,t,0.2462,1.214,0.108,2.67,21.572,6937.0,-5.242,1.135,1385416
92,3899,1358,3,60811.012032,30.915,-343.52,37.02,1.43,9,0,-7.367e-06,7.939e-07,,,ec0915.250516.1385995_ooi_z_v1_N22_160306.523733_ooi_z_v1_N22.diff.fits,0x0000,824,z,TEMPLATE,t,0.2676,1.351,0.182,2.819,21.901,4248.0,-7.367,0.7939,1385995
92,3899,1358,3,60836.034265,30.915,-375.17,29.4,0.74,9,0,-8.046e-06,6.306e-07,,,ec0915.250610.1395332_ooi_z_v1_N22_160306.523733_ooi_z_v1_N22.diff.fits,0x0000,845,z,TEMPLATE,t,0.4464,1.185,0.081,4.492,21.636,6836.0,-8.046000000000001,0.6306,1395332
92,3899,1358,3,60861.985881,30.915,,,,0,0,,,,,ec0915.250705.1404550_ooi_z_v1_N22_160306.523733_ooi_z_v1_N22.diff.fits,0x0000,861,z,TEMPLATE,t,0.0781,1.115,0.056,7.942,18.755,14860.0,,,1404550
92,3899,1358,3,60885.981919,30.915,-226.52,91.57,0.98,9,0,-4.858e-06,1.964e-06,,,ec0915.250729.1410882_ooi_z_v1_N22_160306.523733_ooi_z_v1_N22.diff.fits,0x0000,878,z,TEMPLATE,t,0.1174,1.156,0.081,5.031,20.453,4021.0,-4.858,1.9640000000000002,1410882
92,3899,1358,3,60891.978828,30.915,-273.07,59.11,1.6,9,0,-5.856e-06,1.268e-06,,,ec0915.250804.1411935_ooi_z_v1_N22_160306.523733_ooi_z_v1_N22.diff.fits,0x0000,882,z,TEMPLATE,t,0.2642,1.143,0.074,3.756,21.204,8976.0,-5.856000000000001,1.268,1411935
92,3899,1358,3,60988.321944,30.915,-466.45,16.72,1.98,9,0,-1e-05,3.585e-07,,,ec0915.251109.1433487_ooi_z_v1_N22_160306.523733_ooi_z_v1_N22.diff.fits,0x0000,923,z,TEMPLATE,t,0.545,1.532,0.233,4.536,22.309,3622.0,-10.0,0.3585,1433487
92,3899,1358,3,60997.332383,30.915,-364.33,30.82,1.07,9,0,-7.813e-06,6.609e-07,,,ec0915.251118.1436429_ooi_z_v1_N22_160306.523733_ooi_z_v1_N22.diff.fits,0x0000,936,z,TEMPLATE,t,0.2931,1.33,0.162,3.198,22.001,3094.0,-7.813,0.6609,1436429
92,3899,1358,3,61000.294623,30.915,-936.8,646.46,0.78,9,0,-2.009e-05,1.386e-05,,,ec0915.251121.1437419_ooi_z_v1_N22_160306.523733_ooi_z_v1_N22.diff.fits,0x0000,940,z,TEMPLATE,t,0.0097,1.092,0.062,3.949,18.505,1654.0,-20.09,13.86,1437419
92,3899,1358,3,61054.348165,30.915,-418.56,12.65,1.26,9,0,-8.976e-06,2.713e-07,,,ec0915.260114.1448793_ooi_z_v1_N22_160306.523733_ooi_z_v1_N22.diff.fits,0x0000,999,z,TEMPLATE,t,0.5609,1.611,0.263,3.106,23.245,1314.0,-8.976,0.2713,1448793
92,3899,1358,3,61111.243969,30.915,-383.52,12.03,0.89,9,0,-8.225e-06,2.58e-07,,,ec0915.260312.1462192_ooi_z_v1_N22_160306.523733_ooi_z_v1_N22.diff.fits,0x0000,1076,z,TEMPLATE,t,0.5703,1.382,0.135,4.012,22.768,1832.0,-8.225,0.258,1462192
93,3820,1333,3,56341.289265,30.915,218.44,10.11,0.67,9,3,4.685e-06,2.167e-07,22.223,0.050228,ec0915.130218.178885_ooi_z_N22_160306.523733_ooi_z_v1_N22.diff.fits,0x0000,10,z,TEMPLATE,t,0.8508,1.259,0.057,4.678,22.854,3300.0,4.685,0.2167,178885
93,3820,1333,3,56341.291336,30.915,199.91,11.23,1.99,9,6,4.287e-06,2.409e-07,22.32,0.061016,ec0915.130218.178886_ooi_z_N22_160306.523733_ooi_z_v1_N22.diff.fits,0x0000,11,z,TEMPLATE,t,0.8473,1.266,0.073,4.273,22.895,3347.0,4.287,0.2409,178886
93,3820,1333,3,56360.209714,30.915,219.41,12.1,1.01,9,9,4.705e-06,2.594e-07,22.219,0.059854,ec0915.130309.184932_ooi_z_N22_160306.523733_ooi_z_v1_N22.diff.fits,0x0000,16,z,TEMPLATE,t,0.5299,1.501,0.167,2.985,23.119,1727.0,4.705,0.2594,184932
93,3820,1333,3,56418.977034,30.915,189.78,11.25,1.03,9,9,4.07e-06,2.414e-07,22.376,0.064389,ec0915.130506.204629_ooi_z_v1_N22_160306.523733_ooi_z_v1_N22.diff.fits,0x0000,26,z,TEMPLATE,t,1.148,1.415,0.136,4.154,22.944,6628.0,4.07,0.24139999999999998,204629
93,3820,1333,3,56487.988309,30.915,142.85,11.53,1.32,9,9,3.063e-06,2.472e-07,22.685,0.087626,ec0915.130714.218757_ooi_z_N22_160306.523733_ooi_z_v1_N22.diff.fits,0x0000,30,z,TEMPLATE,t,1.1066,1.401,0.139,4.132,22.883,6364.0,3.063,0.2472,218757
93,3820,1333,3,56488.988287,30.915,116.23,10.7,0.86,9,9,2.493e-06,2.295e-07,22.908,0.099982,ec0915.130715.219201_ooi_z_N22_160306.523733_ooi_z_v1_N22.diff.fits,0x0000,34,z,TEMPLATE,t,1.1771,1.424,0.157,3.539,23.022,6998.0,2.493,0.2295,219201
93,3820,1333,3,56489.013217,30.915,128.51,10.58,1.5,9,9,2.756e-06,2.268e-07,22.799,0.089357,ec0915.130716.219213_ooi_z_N22_160306.523733_ooi_z_v1_N22.diff.fits,0x0000,38,z,TEMPLATE,t,1.1635,1.349,0.109,3.653,23.001,6723.0,2.756,0.2268,219213
93,3820,1333,3,56612.306942,30.915,120.13,11.27,1.26,9,3,2.576e-06,2.418e-07,22.873,0.101896,ec0915.131116.254783_ooi_z_N22_160306.523733_ooi_z_v1_N22.diff.fits,0x0000,43,z,TEMPLATE,t,1.1224,1.313,0.078,4.868,22.731,6461.0,2.576,0.24180000000000001,254783
93,3820,1333,3,56668.211483,30.915,121.28,8.87,2.84,9,9,2.601e-06,1.901e-07,22.862,0.07937,ec0915.140111.273124_ooi_z_N22_160306.523733_ooi_z_v1_N22.diff.fits,0x0000,47,z,TEMPLATE,t,1.172,1.495,0.158,3.611,23.257,4304.0,2.601,0.1901,273124
93,3820,1333,3,56668.219813,30.915,128.3,8.73,1.49,9,6,2.751e-06,1.873e-07,22.801,0.073893,ec0915.140111.273128_ooi_z_N22_160306.523733_ooi_z_v1_N22.diff.fits,0x0000,51,z,TEMPLATE,t,1.1786,1.44,0.115,4.442,23.028,4385.0,2.751,0.1873,273128
93,3820,1333,3,56713.197028,30.915,119.63,9.48,0.85,9,9,2.566e-06,2.032e-07,22.877,0.086001,ec0915.140225.288123_ooi_z_N22_160306.523733_ooi_z_v1_N22.diff.fits,0x0000,79,z,TEMPLATE,t,1.1672,1.419,0.125,3.898,23.153,5178.0,2.5660000000000003,0.2032,288123
93,3820,1333,3,56764.149481,30.915,123.91,9.87,1.85,9,9,2.657e-06,2.117e-07,22.839,0.086485,ec0915.140417.301623_ooi_z_v1_N22_160306.523733_ooi_z_v1_N22.diff.fits,0x0000,84,z,TEMPLATE,t,1.0992,1.466,0.159,3.443,23.118,5856.0,2.657,0.2117,301623
93,3820,1333,3,56764.153625,30.915,120.45,10.11,0.84,9,9,2.583e-06,2.169e-07,22.87,0.091172,ec0915.140417.301625_ooi_z_v1_N22_160306.523733_ooi_z_v1_N22.diff.fits,0x0000,86,z,TEMPLATE,t,1.0967,1.435,0.125,3.415,23.19,5889.0,2.583,0.21689999999999998,301625
93,3820,1333,3,56814.091425,30.915,107.45,10.1,0.83,9,0,2.304e-06,2.167e-07,22.994,0.102082,ec0915.140606.320269_ooi_z_v1_N22_160306.523733_ooi_z_v1_N22.diff.fits,0x0000,89,z,TEMPLATE,t,1.1459,1.413,0.09,5.263,22.754,5333.0,2.304,0.2167,320269
93,3820,1333,3,56834.960611,30.915,108.4,12.54,0.84,9,3,2.325e-06,2.689e-07,22.984,0.12561,ec0915.140626.331029_ooi_z_v1_N22_160306.523733_ooi_z_v1_N22.diff.fits,0x0000,91,z,TEMPLATE,t,1.0967,1.452,0.12,4.69,22.667,7577.0,2.325,0.2689,331029
93,3820,1333,3,56854.965339,30.915,100.73,13.44,1.78,9,6,2.16e-06,2.882e-07,23.064,0.144852,ec0915.140716.337810_ooi_z_v1_N22_160306.523733_ooi_z_v1_N22.diff.fits,0x0000,99,z,TEMPLATE,t,1.0126,1.426,0.119,4.132,22.811,6947.0,2.16,0.2882,337810
93,3820,1333,3,56998.316848,30.915,66.5,11.58,0.84,9,9,1.426e-06,2.484e-07,23.515,0.189146,ec0915.141207.384681_ooi_z_v1_N22_160306.523733_ooi_z_v1_N22.diff.fits,0x0000,106,z,TEMPLATE,t,1.1284,1.229,0.117,3.559,22.939,6560.0,1.426,0.24839999999999998,384681
93,3820,1333,3,56998.321015,30.915,56.94,11.53,0.93,9,9,1.221e-06,2.473e-07,23.683,0.219913,ec0915.141207.384683_ooi_z_v1_N22_160306.523733_ooi_z_v1_N22.diff.fits,0x0000,108,z,TEMPLATE,t,1.1258,1.196,0.077,4.304,22.778,6407.0,1.221,0.2473,384683
93,3820,1333,3,57026.228979,30.915,61.95,11.74,0.51,9,9,1.329e-06,2.518e-07,23.592,0.205753,ec0915.150104.394285_ooi_z_v1_N22_160306.523733_ooi_z_v1_N22.diff.fits,0x0000,111,z,TEMPLATE,t,1.0335,1.269,0.148,3.39,22.831,6751.0,1.329,0.2518,394285
93,3820,1333,3,57026.233149,30.915,49.9,12.44,2.06,9,9,1.07e-06,2.667e-07,23.826,0.270599,ec0915.150104.394287_ooi_z_v1_N22_160306.523733_ooi_z_v1_N22.diff.fits,0x0000,113,z,TEMPLATE,t,1.0467,1.125,0.082,3.691,22.789,6901.0,1.0699999999999998,0.26670000000000005,394287
93,3820,1333,3,57050.242086,30.915,96.29,8.98,1.33,9,6,2.065e-06,1.926e-07,23.113,0.101252,ec0915.150128.403911_ooi_z_v1_N22_160306.523733_ooi_z_v1_N22.diff.fits,0x0000,118,z,TEMPLATE,t,0.9842,1.261,0.131,4.029,23.145,3149.0,2.065,0.1926,403911
93,3820,1333,3,57053.240481,30.915,65.67,9.96,1.47,9,9,1.408e-06,2.136e-07,23.528,0.164698,ec0915.150131.404893_ooi_z_v1_N22_160306.523733_ooi_z_v1_N22.diff.fits,0x0000,122,z,TEMPLATE,t,1.073,1.194,0.087,3.937,22.876,5245.0,1.408,0.2136,404893
93,3820,1333,3,57056.260361,30.915,54.0,12.08,0.49,9,9,1.158e-06,2.591e-07,23.741,0.242883,ec0915.150203.405992_ooi_z_ls9_N22_160306.523733_ooi_z_v1_N22.diff.fits,0x0000,126,z,TEMPLATE,t,1.1387,1.22,0.117,3.582,22.902,6587.0,1.158,0.2591,405992
93,3820,1333,3,57056.268626,30.915,59.48,11.03,0.44,9,9,1.276e-06,2.365e-07,23.636,0.201337,ec0915.150203.405996_ooi_z_ls9_N22_160306.523733_ooi_z_v1_N22.diff.fits,0x0000,130,z,TEMPLATE,t,1.1421,1.042,0.093,3.48,22.867,7293.0,1.276,0.23650000000000002,405996
93,3820,1333,3,57083.233746,30.915,51.29,11.19,1.02,9,9,1.1e-06,2.4e-07,23.797,0.23693,ec0915.150302.417215_ooi_z_v1_N22_160306.523733_ooi_z_v1_N22.diff.fits,0x0000,135,z,TEMPLATE,t,1.043,1.205,0.135,3.416,23.018,4875.0,1.1,0.24,417215
93,3820,1333,3,57088.183133,30.915,68.01,12.22,1.38,9,9,1.458e-06,2.62e-07,23.49,0.195052,ec0915.150307.419088_ooi_z_v1_N22_160306.523733_ooi_z_v1_N22.diff.fits,0x0000,136,z,TEMPLATE,t,1.0547,1.158,0.08,3.392,23.026,6188.0,1.458,0.262,419088
93,3820,1333,3,57088.185779,30.915,64.03,11.81,0.91,9,9,1.373e-06,2.532e-07,23.556,0.200187,ec0915.150307.419089_ooi_z_v1_N22_160306.523733_ooi_z_v1_N22.diff.fits,0x0000,137,z,TEMPLATE,t,1.0497,1.223,0.109,2.884,23.166,5927.0,1.373,0.25320000000000004,419089
93,3820,1333,3,57117.011808,30.915,81.29,13.11,2.1,9,9,1.743e-06,2.812e-07,23.297,0.175153,ec0915.150405.429230_ooi_z_v1_N22_160306.523733_ooi_z_v1_N22.diff.fits,0x0000,143,z,TEMPLATE,t,1.0671,1.153,0.082,4.288,22.642,7571.0,1.743,0.2812,429230
93,3820,1333,3,57117.015936,30.915,88.28,12.22,0.89,9,6,1.893e-06,2.62e-07,23.207,0.150256,ec0915.150405.429232_ooi_z_v1_N22_160306.523733_ooi_z_v1_N22.diff.fits,0x0000,145,z,TEMPLATE,t,1.0619,1.19,0.061,4.641,22.633,6637.0,1.893,0.262,429232
93,3820,1333,3,57139.0088,30.915,44.65,12.07,1.33,9,0,9.575e-07,2.588e-07,23.947,0.293514,ec0915.150427.437746_ooi_z_v1_N22_160306.523733_ooi_z_v1_N22.diff.fits,0x0000,151,z,TEMPLATE,t,1.041,1.249,0.072,5.414,22.529,5505.0,0.9574999999999999,0.25880000000000003,437746
93,3820,1333,3,57171.013911,30.915,-58.78,249.71,0.75,9,9,-1.261e-06,5.355e-06,,,ec0915.150529.443410_ooi_z_v1_N22_160306.523733_ooi_z_v1_N22.diff.fits,0x0000,153,z,TEMPLATE,t,0.0897,1.165,0.048,4.037,19.422,24525.0,-1.2610000000000001,5.355,443410
93,3820,1333,3,57171.018007,30.915,-392.9,256.56,1.05,9,9,-8.426e-06,5.502e-06,,,ec0915.150529.443412_ooi_z_v1_N22_160306.523733_ooi_z_v1_N22.diff.fits,0x0000,155,z,TEMPLATE,t,0.0982,1.177,0.056,3.466,19.689,24114.0,-8.426,5.502,443412
93,3820,1333,3,57171.117306,30.915,361.34,833.68,0.38,9,9,7.749e-06,1.788e-05,,,ec0915.150529.443454_ooi_z_v1_N22_160306.523733_ooi_z_v1_N22.diff.fits,0x0000,157,z,TEMPLATE,t,0.0325,1.214,0.051,3.988,18.396,27448.0,7.749,17.880000000000003,443454
93,3820,1333,3,57171.121418,30.915,791.71,1091.84,0.24,9,9,1.698e-05,2.342e-05,,,ec0915.150529.443456_ooi_z_v1_N22_160306.523733_ooi_z_v1_N22.diff.fits,0x0000,159,z,TEMPLATE,t,0.0241,1.205,0.059,3.624,18.227,28127.0,16.98,23.419999999999998,443456
93,3820,1333,3,57198.960089,30.915,17.97,13.82,0.61,9,3,3.854e-07,2.963e-07,,,ec0915.150625.453952_ooi_z_v1_N22_160306.523733_ooi_z_v1_N22.diff.fits,0x0000,164,z,TEMPLATE,t,1.0789,1.109,0.062,4.714,22.377,10108.0,0.3854,0.2963,453952
93,3820,1333,3,57198.965698,30.915,55.53,15.89,0.9,9,6,1.191e-06,3.409e-07,23.71,0.310782,ec0915.150625.453955_ooi_z_v1_N22_160306.523733_ooi_z_v1_N22.diff.fits,0x0000,167,z,TEMPLATE,t,1.0696,1.223,0.064,4.277,22.481,10187.0,1.1909999999999998,0.3409,453955
93,3820,1333,3,57199.005294,30.915,59.02,11.98,0.22,9,6,1.266e-06,2.57e-07,23.644,0.220451,ec0915.150626.453976_ooi_z_v1_N22_160306.523733_ooi_z_v1_N22.diff.fits,0x0000,170,z,TEMPLATE,t,1.0649,1.202,0.083,4.295,22.633,7612.0,1.266,0.257,453976
93,3820,1333,3,57387.340403,30.915,4.44,10.65,1.43,9,9,9.515e-08,2.284e-07,,,ec0915.151231.507220_ooi_z_v1_N22_160306.523733_ooi_z_v1_N22.diff.fits,0x0000,176,z,TEMPLATE,t,1.0642,1.234,0.126,3.164,23.086,5609.0,0.09515,0.22840000000000002,507220
93,3820,1333,3,57388.334629,30.915,-11.41,9.95,1.43,9,9,-2.447e-07,2.134e-07,,,ec0915.160101.507561_ooi_z_v1_N22_160306.523733_ooi_z_v1_N22.diff.fits,0x0000,180,z,TEMPLATE,t,1.0844,1.228,0.102,3.599,23.14,4209.0,-0.2447,0.21339999999999998,507561
93,3820,1333,3,57443.170926,30.915,-20.81,10.94,1.86,9,9,-4.462e-07,2.345e-07,,,ec0915.160225.519763_ooi_z_v1_N22_160306.523733_ooi_z_v1_N22.diff.fits,0x0000,183,z,TEMPLATE,t,1.0313,1.116,0.072,3.975,22.746,6057.0,-0.4462,0.2345,519763
93,3820,1333,3,57443.175066,30.915,24.55,12.57,0.35,9,6,5.266e-07,2.696e-07,,,ec0915.160225.519765_ooi_z_v1_N22_160306.523733_ooi_z_v1_N22.diff.fits,0x0000,185,z,TEMPLATE,t,1.0353,1.109,0.06,4.579,22.596,5911.0,0.5266,0.2696,519765
93,3820,1333,3,57452.205272,30.915,-8.28,12.11,1.82,9,9,-1.775e-07,2.597e-07,,,ec0915.160305.523437_ooi_z_v1_N22_160306.523733_ooi_z_v1_N22.diff.fits,0x0000,187,z,TEMPLATE,t,1.0771,1.286,0.146,2.451,23.522,4633.0,-0.1775,0.2597,523437
93,3820,1333,3,57535.95023,30.915,-4.35,38.26,1.06,9,9,-9.323e-08,8.205e-07,,,ec0915.160527.545715_ooi_z_v1_N22_160306.523733_ooi_z_v1_N22.diff.fits,0x0000,190,z,TEMPLATE,t,0.3206,1.151,0.067,3.798,21.456,7315.0,-0.09323,0.8205,545715
93,3820,1333,3,57535.954356,30.915,37.45,37.42,1.24,9,6,8.032e-07,8.025e-07,,,ec0915.160527.545717_ooi_z_v1_N22_160306.523733_ooi_z_v1_N22.diff.fits,0x0000,192,z,TEMPLATE,t,0.3243,1.121,0.056,4.145,21.475,5947.0,0.8032,0.8025,545717
93,3820,1333,3,57535.991722,30.915,4.23,12.02,0.82,9,6,9.061e-08,2.579e-07,,,ec0915.160527.545735_ooi_z_v1_N22_160306.523733_ooi_z_v1_N22.diff.fits,0x0000,194,z,TEMPLATE,t,0.8908,1.309,0.092,4.077,22.828,4546.0,0.09061,0.2579,545735
93,3820,1333,3,57535.995867,30.915,27.07,10.79,0.75,9,9,5.805e-07,2.314e-07,,,ec0915.160527.545737_ooi_z_v1_N22_160306.523733_ooi_z_v1_N22.diff.fits,0x0000,196,z,TEMPLATE,t,0.9992,1.236,0.106,3.527,22.982,4803.0,0.5805,0.2314,545737
93,3820,1333,3,57545.965079,30.915,33.72,15.1,1.48,9,6,7.231e-07,3.237e-07,,,ec0915.160606.547142_ooi_z_v1_N22_160306.523733_ooi_z_v1_N22.diff.fits,0x0000,206,z,TEMPLATE,t,0.5751,1.139,0.076,4.454,22.464,3034.0,0.7231,0.32370000000000004,547142
93,3820,1333,3,57566.040208,30.915,66.06,16.25,1.54,9,6,1.417e-06,3.485e-07,23.522,0.267057,ec0915.160627.549002_ooi_z_v1_N22_160306.523733_ooi_z_v1_N22.diff.fits,0x0000,210,z,TEMPLATE,t,0.9597,1.114,0.072,4.658,22.451,8142.0,1.417,0.3485,549002
93,3820,1333,3,57764.169856,30.915,53.15,10.76,3.42,9,9,1.14e-06,2.308e-07,23.758,0.219875,ec0915.170111.608550_ooi_z_v1_N22_160306.523733_ooi_z_v1_N22.diff.fits,0x0000,213,z,TEMPLATE,t,1.0318,1.268,0.139,3.199,23.075,5482.0,1.1400000000000001,0.2308,608550
93,3820,1333,3,57764.173997,30.915,82.0,12.2,1.37,9,9,1.759e-06,2.617e-07,23.287,0.161573,ec0915.170111.608552_ooi_z_v1_N22_160306.523733_ooi_z_v1_N22.diff.fits,0x0000,215,z,TEMPLATE,t,1.039,1.151,0.106,3.214,23.05,5620.0,1.7590000000000001,0.26170000000000004,608552
93,3820,1333,3,57769.284073,30.915,75.12,10.44,0.65,9,9,1.611e-06,2.24e-07,23.382,0.150948,ec0915.170116.609360_ooi_z_v1_N22_160306.523733_ooi_z_v1_N22.diff.fits,0x0000,217,z,TEMPLATE,t,1.0338,1.183,0.119,3.18,23.349,4050.0,1.611,0.224,609360
93,3820,1333,3,57769.288221,30.915,95.38,11.19,0.72,9,9,2.045e-06,2.399e-07,23.123,0.127324,ec0915.170116.609362_ooi_z_v1_N22_160306.523733_ooi_z_v1_N22.diff.fits,0x0000,219,z,TEMPLATE,t,1.0319,1.156,0.125,3.214,23.332,4079.0,2.045,0.23990000000000003,609362
93,3820,1333,3,57794.308614,30.915,83.0,11.01,2.15,9,9,1.78e-06,2.36e-07,23.274,0.143987,ec0915.170210.619020_ooi_z_v1_N22_160306.523733_ooi_z_v1_N22.diff.fits,0x0000,231,z,TEMPLATE,t,1.0675,1.149,0.1,3.599,22.954,5829.0,1.7799999999999998,0.236,619020
93,3820,1333,3,57795.317714,30.915,100.5,12.58,1.28,9,9,2.155e-06,2.697e-07,23.066,0.135873,ec0915.170211.619366_ooi_z_v1_N22_160306.523733_ooi_z_v1_N22.diff.fits,0x0000,233,z,TEMPLATE,t,1.0286,1.208,0.115,2.859,23.098,6629.0,2.1550000000000002,0.2697,619366
93,3820,1333,3,57798.077705,30.915,82.79,12.79,0.4,9,9,1.775e-06,2.743e-07,23.277,0.167767,ec0915.170214.620291_ooi_z_v1_N22_160306.523733_ooi_z_v1_N22.diff.fits,0x0000,235,z,TEMPLATE,t,0.9631,1.165,0.11,3.29,22.936,5922.0,1.775,0.2743,620291
93,3820,1333,3,57822.338331,30.915,95.55,14.5,2.04,9,9,2.049e-06,3.109e-07,23.121,0.164722,ec0915.170310.628200_ooi_z_v1_N22_160306.523733_ooi_z_v1_N22.diff.fits,0x0000,237,z,TEMPLATE,t,0.9992,1.127,0.081,3.576,22.797,7326.0,2.0490000000000004,0.3109,628200
93,3820,1333,3,57822.342476,30.915,77.67,13.67,1.47,9,9,1.666e-06,2.931e-07,23.346,0.191026,ec0915.170310.628202_ooi_z_v1_N22_160306.523733_ooi_z_v1_N22.diff.fits,0x0000,239,z,TEMPLATE,t,0.9893,1.057,0.061,4.175,22.591,7749.0,1.666,0.29309999999999997,628202
93,3820,1333,3,57824.277361,30.915,69.5,13.54,1.79,9,9,1.49e-06,2.904e-07,23.467,0.21159,ec0915.170312.628814_ooi_z_v1_N22_160306.523733_ooi_z_v1_N22.diff.fits,0x0000,241,z,TEMPLATE,t,1.0506,1.067,0.073,3.807,22.77,7544.0,1.49,0.2904,628814
93,3820,1333,3,57824.281503,30.915,96.59,11.4,2.15,9,9,2.071e-06,2.446e-07,23.109,0.128181,ec0915.170312.628816_ooi_z_v1_N22_160306.523733_ooi_z_v1_N22.diff.fits,0x0000,243,z,TEMPLATE,t,1.0475,1.22,0.097,3.347,22.952,6645.0,2.071,0.2446,628816
93,3820,1333,3,57847.124307,30.915,82.63,10.38,0.91,9,9,1.772e-06,2.226e-07,23.279,0.136408,ec0915.170404.636946_ooi_z_v1_N22_160306.523733_ooi_z_v1_N22.diff.fits,0x0000,252,z,TEMPLATE,t,1.0078,1.244,0.131,3.534,23.1,4387.0,1.772,0.2226,636946
93,3820,1333,3,57848.992872,30.915,56.84,14.19,1.02,9,9,1.219e-06,3.044e-07,23.685,0.271102,ec0915.170405.637489_ooi_z_v1_N22_160306.523733_ooi_z_v1_N22.diff.fits,0x0000,255,z,TEMPLATE,t,1.0116,1.165,0.1,3.387,22.831,7297.0,1.219,0.3044,637489
93,3820,1333,3,57872.960558,30.915,53.49,14.66,1.18,9,9,1.147e-06,3.144e-07,23.751,0.29762,ec0915.170429.645088_ooi_z_v1_N22_160306.523733_ooi_z_v1_N22.diff.fits,0x0000,256,z,TEMPLATE,t,1.1067,1.318,0.153,2.628,23.096,8900.0,1.147,0.3144,645088
93,3820,1333,3,57872.960558,30.915,57.73,14.86,1.13,9,9,1.238e-06,3.187e-07,23.668,0.279525,ec0915.170429.645088_ooi_z_vx_N22_160306.523733_ooi_z_v1_N22.diff.fits,0x0000,257,z,TEMPLATE,t,1.14,1.297,0.163,2.627,23.073,9226.0,1.238,0.31870000000000004,645088
93,3820,1333,3,57874.962088,30.915,48.92,39.09,0.52,9,9,1.049e-06,8.384e-07,,,ec0915.170501.646110_ooi_z_v1_N22_160306.523733_ooi_z_v1_N22.diff.fits,0x0000,270,z,TEMPLATE,t,0.4218,0.813,0.05,3.56,21.55,11604.0,1.049,0.8384,646110
93,3820,1333,3,57874.96623,30.915,148.61,49.08,1.49,9,9,3.187e-06,1.052e-06,22.642,0.358563,ec0915.170501.646112_ooi_z_vx_N22_160306.523733_ooi_z_v1_N22.diff.fits,0x0000,273,z,TEMPLATE,t,0.2792,1.081,0.064,3.558,21.265,8303.0,3.1870000000000003,1.052,646112
93,3820,1333,3,57874.96623,30.915,128.96,49.19,1.12,9,9,2.766e-06,1.055e-06,,,ec0915.170501.646112_ooi_z_v1_N22_160306.523733_ooi_z_v1_N22.diff.fits,0x0000,272,z,TEMPLATE,t,0.2716,1.088,0.062,3.558,21.271,8234.0,2.766,1.0550000000000002,646112
93,3820,1333,3,57875.014571,30.915,76.49,34.17,0.98,9,9,1.64e-06,7.327e-07,,,ec0915.170502.646135_ooi_z_v1_N22_160306.523733_ooi_z_v1_N22.diff.fits,0x0000,275,z,TEMPLATE,t,0.3539,1.104,0.064,3.521,21.657,7497.0,1.64,0.7327,646135
93,3820,1333,3,57875.018706,30.915,83.0,26.64,1.66,9,9,1.78e-06,5.713e-07,23.274,0.348485,ec0915.170502.646137_ooi_z_v1_N22_160306.523733_ooi_z_v1_N22.diff.fits,0x0000,278,z,TEMPLATE,t,0.4891,1.167,0.081,3.247,22.174,6770.0,1.7799999999999998,0.5713,646137
93,3820,1333,3,57875.018706,30.915,87.14,27.59,1.39,9,9,1.869e-06,5.917e-07,23.221,0.343741,ec0915.170502.646137_ooi_z_vx_N22_160306.523733_ooi_z_v1_N22.diff.fits,0x0000,279,z,TEMPLATE,t,0.5031,1.109,0.082,3.247,22.145,7140.0,1.869,0.5917,646137
93,3820,1333,3,57875.081054,30.915,55.65,40.34,0.98,9,9,1.194e-06,8.652e-07,,,ec0915.170502.646165_ooi_z_v1_N22_160306.523733_ooi_z_v1_N22.diff.fits,0x0000,282,z,TEMPLATE,t,0.314,1.116,0.069,3.34,21.62,7054.0,1.194,0.8652,646165
93,3820,1333,3,57875.085195,30.915,71.51,16.73,0.54,9,9,1.534e-06,3.587e-07,23.436,0.253924,ec0915.170502.646167_ooi_z_v1_N22_160306.523733_ooi_z_v1_N22.diff.fits,0x0000,284,z,TEMPLATE,t,0.7859,1.128,0.089,3.35,22.666,6214.0,1.534,0.3587,646167
93,3820,1333,3,57875.122515,30.915,92.32,22.85,0.91,9,9,1.98e-06,4.901e-07,23.158,0.268756,ec0915.170502.646185_ooi_z_v1_N22_160306.523733_ooi_z_v1_N22.diff.fits,0x0000,286,z,TEMPLATE,t,0.5261,0.991,0.076,3.058,22.295,6557.0,1.9800000000000002,0.4901,646185
93,3820,1333,3,57875.126648,30.915,91.7,23.07,1.08,9,9,1.967e-06,4.947e-07,23.166,0.273142,ec0915.170502.646187_ooi_z_v1_N22_160306.523733_ooi_z_v1_N22.diff.fits,0x0000,288,z,TEMPLATE,t,0.5093,1.192,0.085,3.171,22.342,5378.0,1.967,0.49470000000000003,646187
93,3820,1333,3,57888.146212,30.915,46.31,10.55,0.55,9,0,9.932e-07,2.263e-07,23.907,0.247349,ec0915.170515.648397_ooi_z_v1_N22_160306.523733_ooi_z_v1_N22.diff.fits,0x0000,290,z,TEMPLATE,t,1.026,1.134,0.061,5.728,22.558,4880.0,0.9932000000000001,0.2263,648397
93,3820,1333,3,57888.150335,30.915,29.13,10.47,0.77,9,0,6.246e-07,2.245e-07,,,ec0915.170515.648399_ooi_z_v1_N22_160306.523733_ooi_z_v1_N22.diff.fits,0x0000,292,z,TEMPLATE,t,1.0271,1.289,0.057,5.92,22.593,4268.0,0.6246,0.2245,648399
93,3820,1333,3,57935.020929,30.915,60.38,10.96,1.8,9,9,1.295e-06,2.35e-07,23.62,0.197068,ec0915.170701.657445_ooi_z_vx_N22_160306.523733_ooi_z_v1_N22.diff.fits,0x0000,299,z,TEMPLATE,t,1.1345,1.232,0.13,3.547,23.0,5851.0,1.2950000000000002,0.235,657445
93,3820,1333,3,57950.995174,30.915,65.18,13.54,0.31,9,0,1.398e-06,2.905e-07,23.536,0.225594,ec0915.170716.659072_ooi_z_v1_N22_160306.523733_ooi_z_v1_N22.diff.fits,0x0000,306,z,TEMPLATE,t,1.11,0.929,0.039,7.027,22.172,8578.0,1.398,0.29050000000000004,659072
93,3820,1333,3,58183.117442,30.915,-37.17,11.21,0.9,9,9,-7.972e-07,2.405e-07,,,ec0915.180306.727448_ooi_z_v1_N22_160306.523733_ooi_z_v1_N22.diff.fits,0x0000,312,z,TEMPLATE,t,0.9792,1.336,0.067,4.321,22.804,4442.0,-0.7972,0.24050000000000002,727448
93,3820,1333,3,58183.121555,30.915,-9.83,12.27,1.15,9,9,-2.109e-07,2.631e-07,,,ec0915.180306.727450_ooi_z_v1_N22_160306.523733_ooi_z_v1_N22.diff.fits,0x0000,314,z,TEMPLATE,t,0.9745,1.099,0.082,3.827,22.829,5524.0,-0.21089999999999998,0.2631,727450
93,3820,1333,3,58184.03864,30.915,-33.82,12.66,1.13,9,0,-7.252e-07,2.715e-07,,,ec0915.180307.727589_ooi_z_v1_N22_160306.523733_ooi_z_v1_N22.diff.fits,0x0000,316,z,TEMPLATE,t,0.8599,1.178,0.078,5.158,22.516,4545.0,-0.7252,0.2715,727589
93,3820,1333,3,58225.986333,30.915,-4.17,12.9,0.85,9,3,-8.952e-08,2.766e-07,,,ec0915.180417.736458_ooi_z_v1_N22_160306.523733_ooi_z_v1_N22.diff.fits,0x0000,327,z,TEMPLATE,t,0.9652,1.246,0.077,4.831,22.505,5784.0,-0.08952,0.27659999999999996,736458
93,3820,1333,3,58232.983204,30.915,-21.28,13.36,0.71,9,9,-4.565e-07,2.866e-07,,,ec0915.180424.738618_ooi_z_v1_N22_160306.523733_ooi_z_v1_N22.diff.fits,0x0000,331,z,TEMPLATE,t,1.0633,1.157,0.103,3.779,22.758,7453.0,-0.4565,0.28659999999999997,738618
93,3820,1333,3,58246.003574,30.915,-17.51,19.41,1.61,9,6,-3.756e-07,4.162e-07,,,ec0915.180508.743629_ooi_z_v1_N22_160306.523733_ooi_z_v1_N22.diff.fits,0x0000,335,z,TEMPLATE,t,0.7157,1.113,0.065,4.337,22.078,9437.0,-0.3756,0.41619999999999996,743629
93,3820,1333,3,58261.080086,30.915,-3.34,15.17,0.78,9,9,-7.162e-08,3.253e-07,,,ec0915.180523.750068_ooi_z_v1_N22_160306.523733_ooi_z_v1_N22.diff.fits,0x0000,339,z,TEMPLATE,t,1.0482,0.963,0.094,3.406,22.75,9810.0,-0.07162,0.3253,750068
93,3820,1333,3,58261.088392,30.915,-54.4,13.05,0.83,9,9,-1.167e-06,2.798e-07,,,ec0915.180523.750072_ooi_z_v1_N22_160306.523733_ooi_z_v1_N22.diff.fits,0x0000,343,z,TEMPLATE,t,1.0415,1.169,0.117,3.008,22.974,8140.0,-1.167,0.2798,750072
93,3820,1333,3,58313.979667,30.915,-10.84,13.22,0.59,9,9,-2.326e-07,2.835e-07,,,ec0915.180714.755609_ooi_z_v1_N22_160306.523733_ooi_z_v1_N22.diff.fits,0x0000,345,z,TEMPLATE,t,1.1382,1.002,0.082,4.134,22.713,8411.0,-0.2326,0.28350000000000003,755609
93,3820,1333,3,58313.987958,30.915,-21.32,11.35,1.24,9,9,-4.572e-07,2.434e-07,,,ec0915.180714.755613_ooi_z_v1_N22_160306.523733_ooi_z_v1_N22.diff.fits,0x0000,349,z,TEMPLATE,t,1.1318,1.09,0.078,3.788,22.871,7802.0,-0.4572,0.24340000000000003,755613
93,3820,1333,3,58483.310826,30.915,4.73,9.37,1.52,9,9,1.014e-07,2.01e-07,,,ec0915.181231.807723_ooi_z_v1_N22_160306.523733_ooi_z_v1_N22.diff.fits,0x0000,358,z,TEMPLATE,t,1.1382,1.454,0.173,3.529,23.237,4204.0,0.10139999999999999,0.201,807723
93,3820,1333,3,58536.294128,30.915,31.17,15.78,1.03,9,9,6.684e-07,3.383e-07,,,ec0915.190222.826209_ooi_z_v1_N22_160306.523733_ooi_z_v1_N22.diff.fits,0x0000,363,z,TEMPLATE,t,0.5223,1.125,0.124,2.835,22.823,2881.0,0.6684,0.3383,826209
93,3820,1333,3,58542.172304,30.915,34.42,9.94,1.16,9,9,7.383e-07,2.133e-07,24.23,0.313623,ec0915.190228.828459_ooi_z_v1_N22_160306.523733_ooi_z_v1_N22.diff.fits,0x0000,367,z,TEMPLATE,t,1.026,1.087,0.14,3.159,23.342,3542.0,0.7383,0.21330000000000002,828459
93,3820,1333,3,58572.222637,30.915,29.24,9.26,0.94,9,9,6.271e-07,1.986e-07,24.407,0.343945,ec0915.190330.843689_ooi_z_v1_N22_160306.523733_ooi_z_v1_N22.diff.fits,0x0000,384,z,TEMPLATE,t,1.2018,1.172,0.105,4.127,23.009,5136.0,0.6271,0.1986,843689
93,3820,1333,3,58572.226441,30.915,11.6,13.96,0.77,9,6,2.488e-07,2.994e-07,,,ec0915.190330.843690_ooi_z_v1_N22_160306.523733_ooi_z_v1_N22.diff.fits,0x0000,385,z,TEMPLATE,t,0.8292,1.115,0.072,4.453,22.559,5193.0,0.2488,0.2994,843690
93,3820,1333,3,58572.230237,30.915,14.52,14.82,0.82,9,9,3.114e-07,3.179e-07,,,ec0915.190330.843691_ooi_z_v1_N22_160306.523733_ooi_z_v1_N22.diff.fits,0x0000,386,z,TEMPLATE,t,0.6732,1.234,0.089,4.04,22.442,4903.0,0.3114,0.3179,843691
93,3820,1333,3,58572.234037,30.915,33.96,21.9,0.52,9,6,7.282e-07,4.698e-07,,,ec0915.190330.843692_ooi_z_v1_N22_160306.523733_ooi_z_v1_N22.diff.fits,0x0000,387,z,TEMPLATE,t,0.5142,1.044,0.056,4.479,21.994,5216.0,0.7282,0.4698,843692
93,3820,1333,3,58572.237846,30.915,44.7,24.51,0.76,9,9,9.586e-07,5.256e-07,,,ec0915.190330.843693_ooi_z_v1_N22_160306.523733_ooi_z_v1_N22.diff.fits,0x0000,388,z,TEMPLATE,t,0.4535,1.115,0.069,4.214,21.987,4793.0,0.9586,0.5256,843693
93,3820,1333,3,58578.206222,30.915,24.25,12.87,1.01,9,9,5.201e-07,2.759e-07,,,ec0915.190405.846168_ooi_z_v1_N22_160306.523733_ooi_z_v1_N22.diff.fits,0x0000,392,z,TEMPLATE,t,1.0249,0.832,0.109,3.986,22.804,6648.0,0.5201,0.2759,846168
93,3820,1333,3,58639.02291,30.915,45.15,34.45,0.94,9,9,9.683e-07,7.388e-07,,,ec0915.190605.862065_ooi_z_v1_N22_160306.523733_ooi_z_v1_N22.diff.fits,0x0000,396,z,TEMPLATE,t,0.4406,0.878,0.063,3.587,21.698,9151.0,0.9682999999999999,0.7388,862065
93,3820,1333,3,58691.95826,30.915,13.49,38.37,0.9,9,9,2.894e-07,8.229e-07,,,ec0915.190727.879486_ooi_z_v1_N22_160306.523733_ooi_z_v1_N22.diff.fits,0x0000,397,z,TEMPLATE,t,0.6597,1.016,0.066,4.036,21.499,27221.0,0.2894,0.8229,879486
93,3820,1333,3,58818.262285,30.915,-22.06,12.59,0.4,9,9,-4.73e-07,2.699e-07,,,ec0915.191201.912644_ooi_z_vx_N22_160306.523733_ooi_z_v1_N22.diff.fits,0x0000,406,z,TEMPLATE,t,1.1264,1.31,0.152,3.599,22.872,7481.0,-0.47300000000000003,0.26990000000000003,912644
93,3820,1333,3,58818.262285,30.915,-2.54,12.68,0.29,9,9,-5.457e-08,2.72e-07,,,ec0915.191201.912644_ooi_z_v1_N22_160306.523733_ooi_z_v1_N22.diff.fits,0x0000,405,z,TEMPLATE,t,1.1253,1.157,0.085,3.6,22.863,7593.0,-0.05457,0.272,912644
93,3820,1333,3,58818.27059,30.915,21.97,12.15,0.43,9,9,4.712e-07,2.605e-07,,,ec0915.191201.912648_ooi_z_v1_N22_160306.523733_ooi_z_v1_N22.diff.fits,0x0000,410,z,TEMPLATE,t,1.1387,1.094,0.103,3.313,22.974,7022.0,0.4712,0.2605,912648
93,3820,1333,3,58840.279334,30.915,-1.31,10.11,1.11,9,9,-2.816e-08,2.168e-07,,,ec0915.191223.921762_ooi_z_v1_N22_160306.523733_ooi_z_v1_N22.diff.fits,0x0000,414,z,TEMPLATE,t,1.1448,1.315,0.161,3.23,23.351,4028.0,-0.028159999999999998,0.21680000000000002,921762
93,3820,1333,3,58840.287634,30.915,14.67,9.43,1.24,9,9,3.146e-07,2.022e-07,,,ec0915.191223.921766_ooi_z_v1_N22_160306.523733_ooi_z_v1_N22.diff.fits,0x0000,418,z,TEMPLATE,t,1.1553,1.201,0.15,2.968,23.373,4317.0,0.31460000000000005,0.2022,921766
93,3820,1333,3,58840.363289,30.915,12.9,19.26,0.4,9,9,2.766e-07,4.13e-07,,,ec0915.191223.921802_ooi_z_v1_N22_160306.523733_ooi_z_v1_N22.diff.fits,0x0000,422,z,TEMPLATE,t,0.5851,1.226,0.129,2.65,22.756,4509.0,0.27659999999999996,0.413,921802
93,3820,1333,3,58848.301947,30.915,18.97,10.64,0.99,9,9,4.068e-07,2.281e-07,,,ec0915.191231.923831_ooi_z_v1_N22_160306.523733_ooi_z_v1_N22.diff.fits,0x0000,426,z,TEMPLATE,t,1.1973,1.426,0.21,2.611,23.578,4309.0,0.4068,0.2281,923831
93,3820,1333,3,58848.31023,30.915,22.89,9.3,1.0,9,9,4.908e-07,1.995e-07,,,ec0915.191231.923835_ooi_z_v1_N22_160306.523733_ooi_z_v1_N22.diff.fits,0x0000,430,z,TEMPLATE,t,1.2048,1.259,0.133,3.537,23.364,4099.0,0.4908,0.1995,923835
93,3820,1333,3,58848.348661,30.915,15.12,12.9,0.84,9,9,3.242e-07,2.767e-07,,,ec0915.191231.923853_ooi_z_v1_N22_160306.523733_ooi_z_v1_N22.diff.fits,0x0000,432,z,TEMPLATE,t,0.5858,1.305,0.178,2.912,23.094,2111.0,0.3242,0.2767,923853
93,3820,1333,3,58870.169795,30.915,4.31,11.06,1.04,9,6,9.242e-08,2.372e-07,,,ec0915.200122.925785_ooi_z_v1_N22_160306.523733_ooi_z_v1_N22.diff.fits,0x0000,436,z,TEMPLATE,t,1.056,1.196,0.111,3.884,22.984,5016.0,0.09242,0.2372,925785
93,3820,1333,3,58877.17514,30.915,-9.28,11.35,1.19,9,6,-1.99e-07,2.435e-07,,,ec0915.200129.927465_ooi_z_v1_N22_160306.523733_ooi_z_v1_N22.diff.fits,0x0000,440,z,TEMPLATE,t,1.0048,1.181,0.094,4.728,22.772,4312.0,-0.19899999999999998,0.24349999999999997,927465
93,3820,1333,3,58905.154089,30.915,17.2,9.46,0.82,9,9,3.689e-07,2.028e-07,,,ec0915.200226.938759_ooi_z_v1_N22_160306.523733_ooi_z_v1_N22.diff.fits,0x0000,444,z,TEMPLATE,t,1.1088,1.238,0.13,3.857,23.09,4273.0,0.36889999999999995,0.20279999999999998,938759
93,3820,1333,3,59146.349303,30.915,33.5,11.45,0.53,9,6,7.185e-07,2.455e-07,,,ec0915.201024.948166_ooi_z_v1_N22_160306.523733_ooi_z_v1_N22.diff.fits,0x0000,448,z,TEMPLATE,t,1.1096,1.213,0.112,4.401,22.807,6017.0,0.7185,0.24550000000000002,948166
93,3820,1333,3,59176.305734,30.915,6.62,10.2,1.34,9,9,1.419e-07,2.187e-07,,,ec0915.201123.957181_ooi_z_v1_N22_160306.523733_ooi_z_v1_N22.diff.fits,0x0000,452,z,TEMPLATE,t,1.1309,1.408,0.209,3.806,23.004,5426.0,0.1419,0.2187,957181
93,3820,1333,3,59236.261521,30.915,-18.0,12.08,0.26,9,3,-3.859e-07,2.591e-07,,,ec0915.210122.958768_ooi_z_v1_N22_160306.523733_ooi_z_v1_N22.diff.fits,0x0000,455,z,TEMPLATE,t,1.0432,1.468,0.226,4.415,22.848,4910.0,-0.38589999999999997,0.2591,958768
93,3820,1333,3,59301.045653,30.915,-22.79,21.35,0.75,9,9,-4.887e-07,4.579e-07,,,ec0915.210328.978113_ooi_z_v1_N22_160306.523733_ooi_z_v1_N22.diff.fits,0x0000,463,z,TEMPLATE,t,0.5115,1.197,0.11,3.635,22.321,4215.0,-0.48869999999999997,0.4579,978113
93,3820,1333,3,59304.008094,30.915,-32.69,15.7,0.9,9,9,-7.011e-07,3.367e-07,,,ec0915.210331.979132_ooi_z_v1_N22_160306.523733_ooi_z_v1_N22.diff.fits,0x0000,465,z,TEMPLATE,t,0.5342,1.207,0.1,4.205,22.455,2752.0,-0.7011000000000001,0.3367,979132
93,3820,1333,3,59307.091802,30.915,6.9,15.96,1.07,9,3,1.48e-07,3.423e-07,,,ec0915.210403.980345_ooi_z_v1_N22_160306.523733_ooi_z_v1_N22.diff.fits,0x0000,467,z,TEMPLATE,t,0.5061,1.244,0.114,4.768,22.357,2177.0,0.148,0.3423,980345
93,3820,1333,3,59512.377811,30.915,-76.3,35.21,0.54,9,9,-1.636e-06,7.551e-07,,,ec0915.211025.1046077_ooi_z_v1_N22_160306.523733_ooi_z_v1_N22.diff.fits,0x0000,480,z,TEMPLATE,t,0.5334,1.15,0.102,3.379,21.799,13643.0,-1.6360000000000001,0.7551,1046077
93,3820,1333,3,59570.324687,30.915,-5.11,13.35,0.8,9,9,-1.096e-07,2.862e-07,,,ec0915.211222.1064957_ooi_z_v1_N22_160306.523733_ooi_z_v1_N22.diff.fits,0x0000,498,z,TEMPLATE,t,0.5707,1.198,0.099,3.806,22.636,2504.0,-0.1096,0.2862,1064957
93,3820,1333,3,59572.282599,30.915,27.51,15.7,0.28,9,9,5.9e-07,3.368e-07,,,ec0915.211224.1065702_ooi_z_v1_N22_160306.523733_ooi_z_v1_N22.diff.fits,0x0000,499,z,TEMPLATE,t,0.4824,1.241,0.131,3.245,22.627,2317.0,0.59,0.3368,1065702
93,3820,1333,3,59634.202353,30.915,7.75,10.6,0.74,9,9,1.662e-07,2.274e-07,,,ec0915.220224.1083414_ooi_z_v1_N22_160306.523733_ooi_z_v1_N22.diff.fits,0x0000,516,z,TEMPLATE,t,1.1791,1.539,0.299,3.317,23.07,6473.0,0.1662,0.22740000000000002,1083414
93,3820,1333,3,59899.356462,30.915,34.82,29.26,1.3,9,9,7.468e-07,6.275e-07,,,ec0915.221116.1150882_ooi_z_v1_N22_160306.523733_ooi_z_v1_N22.diff.fits,0x0000,538,z,TEMPLATE,t,0.5615,1.16,0.102,3.141,21.994,11086.0,0.7468,0.6275000000000001,1150882
93,3820,1333,3,59948.227068,30.915,29.19,16.53,0.33,9,9,6.26e-07,3.545e-07,,,ec0915.230104.1162015_ooi_z_v1_N22_160306.523733_ooi_z_v1_N22.diff.fits,0x0000,545,z,TEMPLATE,t,0.4907,1.266,0.141,3.614,22.552,2640.0,0.626,0.3545,1162015
93,3820,1333,3,60126.974862,30.915,-54.66,25.02,1.25,9,9,-1.172e-06,5.365e-07,,,ec0915.230701.1217849_ooi_z_v1_N22_160306.523733_ooi_z_v1_N22.diff.fits,0x0000,576,z,TEMPLATE,t,0.5718,1.22,0.139,3.114,22.311,7670.0,-1.172,0.5365,1217849
93,3820,1333,3,60156.989461,30.915,-75.55,21.34,0.42,9,6,-1.62e-06,4.577e-07,,,ec0915.230731.1227300_ooi_z_v1_N22_160306.523733_ooi_z_v1_N22.diff.fits,0x0000,581,z,TEMPLATE,t,0.5727,1.161,0.088,4.474,21.851,7123.0,-1.6199999999999999,0.4577,1227300
93,3820,1333,3,60361.185082,30.915,108.66,29.77,0.83,9,9,2.33e-06,6.385e-07,22.982,0.297482,ec0915.240221.1278342_ooi_z_v1_N22_160306.523733_ooi_z_v1_N22.diff.fits,0x0000,612,z,TEMPLATE,t,0.3481,1.254,0.149,3.138,22.084,4002.0,2.33,0.6385,1278342
93,3820,1333,3,60427.053895,30.915,82.99,23.71,0.98,9,9,1.78e-06,5.084e-07,23.274,0.310134,ec0915.240427.1293150_ooi_z_v1_N22_160306.523733_ooi_z_v1_N22.diff.fits,0x0000,631,z,TEMPLATE,t,0.4412,1.246,0.141,3.114,22.273,4553.0,1.7799999999999998,0.5084,1293150
93,3820,1333,3,60486.991345,30.915,-111.78,15.26,1.38,9,0,-2.397e-06,3.273e-07,,,ec0915.240625.1305583_ooi_z_v1_N22_160306.523733_ooi_z_v1_N22.diff.fits,0x0000,648,z,TEMPLATE,t,0.5759,1.272,0.07,5.071,22.396,2469.0,-2.3970000000000002,0.32730000000000004,1305583
93,3820,1333,3,60508.01389,30.915,-109.69,24.28,1.43,9,6,-2.352e-06,5.206e-07,,,ec0915.240717.1312960_ooi_z_v1_N22_160306.523733_ooi_z_v1_N22.diff.fits,0x0000,657,z,TEMPLATE,t,0.5675,1.125,0.046,4.761,21.822,7694.0,-2.3520000000000003,0.5206000000000001,1312960
93,3820,1333,3,60796.012609,30.915,-452.81,478.12,1.13,9,3,-9.711e-06,1.025e-05,,,ec0915.250501.1383216_ooi_z_v1_N22_160306.523733_ooi_z_v1_N22.diff.fits,0x0000,802,z,TEMPLATE,t,0.0156,1.095,0.048,4.827,18.41,2487.0,-9.711,10.25,1383216
93,3820,1333,3,60810.00515,30.915,-60.85,48.38,0.69,9,9,-1.305e-06,1.037e-06,,,ec0915.250515.1385416_ooi_z_v1_N22_160306.523733_ooi_z_v1_N22.diff.fits,0x0000,817,z,TEMPLATE,t,0.2462,1.214,0.108,2.67,21.572,6937.0,-1.305,1.037,1385416
93,3820,1333,3,60811.012032,30.915,-45.02,35.26,0.62,9,9,-9.654e-07,7.562e-07,,,ec0915.250516.1385995_ooi_z_v1_N22_160306.523733_ooi_z_v1_N22.diff.fits,0x0000,824,z,TEMPLATE,t,0.2676,1.351,0.182,2.819,21.901,4248.0,-0.9653999999999999,0.7562,1385995
93,3820,1333,3,60836.034265,30.915,-108.65,27.14,1.45,9,6,-2.33e-06,5.821e-07,,,ec0915.250610.1395332_ooi_z_v1_N22_160306.523733_ooi_z_v1_N22.diff.fits,0x0000,845,z,TEMPLATE,t,0.4464,1.185,0.081,4.492,21.636,6836.0,-2.33,0.5821,1395332
93,3820,1333,3,60861.985881,30.915,,,,0,0,,,,,ec0915.250705.1404550_ooi_z_v1_N22_160306.523733_ooi_z_v1_N22.diff.fits,0x0000,861,z,TEMPLATE,t,0.0781,1.115,0.056,7.942,18.755,14860.0,,,1404550
93,3820,1333,3,60885.981919,30.915,-75.09,82.74,0.66,9,3,-1.61e-06,1.774e-06,,,ec0915.250729.1410882_ooi_z_v1_N22_160306.523733_ooi_z_v1_N22.diff.fits,0x0000,878,z,TEMPLATE,t,0.1174,1.156,0.081,5.031,20.453,4021.0,-1.61,1.774,1410882
93,3820,1333,3,60891.978828,30.915,-56.08,55.66,0.7,9,9,-1.203e-06,1.194e-06,,,ec0915.250804.1411935_ooi_z_v1_N22_160306.523733_ooi_z_v1_N22.diff.fits,0x0000,882,z,TEMPLATE,t,0.2642,1.143,0.074,3.756,21.204,8976.0,-1.203,1.194,1411935
93,3820,1333,3,60988.321944,30.915,-236.01,18.14,2.83,9,6,-5.061e-06,3.89e-07,,,ec0915.251109.1433487_ooi_z_v1_N22_160306.523733_ooi_z_v1_N22.diff.fits,0x0000,923,z,TEMPLATE,t,0.545,1.532,0.233,4.536,22.309,3622.0,-5.061,0.389,1433487
93,3820,1333,3,60997.332383,30.915,-112.61,30.13,1.0,9,9,-2.415e-06,6.462e-07,,,ec0915.251118.1436429_ooi_z_v1_N22_160306.523733_ooi_z_v1_N22.diff.fits,0x0000,936,z,TEMPLATE,t,0.2931,1.33,0.162,3.198,22.001,3094.0,-2.415,0.6462,1436429
93,3820,1333,3,61000.294623,30.915,-256.18,599.34,1.27,9,9,-5.494e-06,1.285e-05,,,ec0915.251121.1437419_ooi_z_v1_N22_160306.523733_ooi_z_v1_N22.diff.fits,0x0000,940,z,TEMPLATE,t,0.0097,1.092,0.062,3.949,18.505,1654.0,-5.494000000000001,12.850000000000001,1437419
93,3820,1333,3,61054.348165,30.915,-215.82,10.85,0.92,9,9,-4.628e-06,2.327e-07,,,ec0915.260114.1448793_ooi_z_v1_N22_160306.523733_ooi_z_v1_N22.diff.fits,0x0000,999,z,TEMPLATE,t,0.5609,1.611,0.263,3.106,23.245,1314.0,-4.628,0.23270000000000002,1448793
93,3820,1333,3,61111.243969,30.915,-246.37,11.15,1.54,9,9,-5.284e-06,2.391e-07,,,ec0915.260312.1462192_ooi_z_v1_N22_160306.523733_ooi_z_v1_N22.diff.fits,0x0000,1076,z,TEMPLATE,t,0.5703,1.382,0.135,4.012,22.768,1832.0,-5.284,0.2391,1462192
94,3903,1403,3,56341.289265,30.915,70.89,10.33,1.68,9,0,1.52e-06,2.216e-07,23.445,0.158259,ec0915.130218.178885_ooi_z_N22_160306.523733_ooi_z_v1_N22.diff.fits,0x0000,10,z,TEMPLATE,t,0.8508,1.259,0.057,4.678,22.854,3300.0,1.52,0.2216,178885
94,3903,1403,3,56341.291336,30.915,61.53,10.9,0.76,9,3,1.319e-06,2.337e-07,23.599,0.192341,ec0915.130218.178886_ooi_z_N22_160306.523733_ooi_z_v1_N22.diff.fits,0x0000,11,z,TEMPLATE,t,0.8473,1.266,0.073,4.273,22.895,3347.0,1.319,0.23370000000000002,178886
94,3903,1403,3,56360.209714,30.915,102.8,12.9,0.93,9,9,2.205e-06,2.766e-07,23.042,0.136225,ec0915.130309.184932_ooi_z_N22_160306.523733_ooi_z_v1_N22.diff.fits,0x0000,16,z,TEMPLATE,t,0.5299,1.501,0.167,2.985,23.119,1727.0,2.205,0.27659999999999996,184932
94,3903,1403,3,56418.977034,30.915,72.91,11.77,1.11,9,6,1.564e-06,2.524e-07,23.415,0.175256,ec0915.130506.204629_ooi_z_v1_N22_160306.523733_ooi_z_v1_N22.diff.fits,0x0000,26,z,TEMPLATE,t,1.148,1.415,0.136,4.154,22.944,6628.0,1.564,0.2524,204629
94,3903,1403,3,56487.988309,30.915,56.17,11.23,0.49,9,6,1.205e-06,2.407e-07,23.698,0.217003,ec0915.130714.218757_ooi_z_N22_160306.523733_ooi_z_v1_N22.diff.fits,0x0000,30,z,TEMPLATE,t,1.1066,1.401,0.139,4.132,22.883,6364.0,1.2049999999999998,0.24069999999999997,218757
94,3903,1403,3,56488.988287,30.915,41.79,10.76,1.37,9,9,8.962e-07,2.308e-07,24.019,0.27961,ec0915.130715.219201_ooi_z_N22_160306.523733_ooi_z_v1_N22.diff.fits,0x0000,34,z,TEMPLATE,t,1.1771,1.424,0.157,3.539,23.022,6998.0,0.8962,0.2308,219201
94,3903,1403,3,56489.013217,30.915,23.25,10.98,0.54,9,9,4.987e-07,2.355e-07,,,ec0915.130716.219213_ooi_z_N22_160306.523733_ooi_z_v1_N22.diff.fits,0x0000,38,z,TEMPLATE,t,1.1635,1.349,0.109,3.653,23.001,6723.0,0.4987,0.23550000000000001,219213
94,3903,1403,3,56612.306942,30.915,42.2,11.22,2.17,9,0,9.049e-07,2.406e-07,24.009,0.288658,ec0915.131116.254783_ooi_z_N22_160306.523733_ooi_z_v1_N22.diff.fits,0x0000,43,z,TEMPLATE,t,1.1224,1.313,0.078,4.868,22.731,6461.0,0.9049,0.24060000000000004,254783
94,3903,1403,3,56668.211483,30.915,46.48,8.72,2.31,9,9,9.967e-07,1.87e-07,23.904,0.203736,ec0915.140111.273124_ooi_z_N22_160306.523733_ooi_z_v1_N22.diff.fits,0x0000,47,z,TEMPLATE,t,1.172,1.495,0.158,3.611,23.257,4304.0,0.9966999999999999,0.187,273124
94,3903,1403,3,56668.219813,30.915,55.77,9.15,0.72,9,3,1.196e-06,1.963e-07,23.706,0.178153,ec0915.140111.273128_ooi_z_N22_160306.523733_ooi_z_v1_N22.diff.fits,0x0000,51,z,TEMPLATE,t,1.1786,1.44,0.115,4.442,23.028,4385.0,1.1960000000000002,0.1963,273128
94,3903,1403,3,56713.197028,30.915,8.58,9.01,1.22,9,6,1.84e-07,1.933e-07,,,ec0915.140225.288123_ooi_z_N22_160306.523733_ooi_z_v1_N22.diff.fits,0x0000,79,z,TEMPLATE,t,1.1672,1.419,0.125,3.898,23.153,5178.0,0.184,0.1933,288123
94,3903,1403,3,56764.149481,30.915,9.49,9.8,0.82,9,9,2.036e-07,2.101e-07,,,ec0915.140417.301623_ooi_z_v1_N22_160306.523733_ooi_z_v1_N22.diff.fits,0x0000,84,z,TEMPLATE,t,1.0992,1.466,0.159,3.443,23.118,5856.0,0.2036,0.2101,301623
94,3903,1403,3,56764.153625,30.915,-5.96,10.53,0.71,9,9,-1.278e-07,2.257e-07,,,ec0915.140417.301625_ooi_z_v1_N22_160306.523733_ooi_z_v1_N22.diff.fits,0x0000,86,z,TEMPLATE,t,1.0967,1.435,0.125,3.415,23.19,5889.0,-0.1278,0.22569999999999998,301625
94,3903,1403,3,56814.091425,30.915,30.58,10.38,1.35,9,0,6.558e-07,2.226e-07,,,ec0915.140606.320269_ooi_z_v1_N22_160306.523733_ooi_z_v1_N22.diff.fits,0x0000,89,z,TEMPLATE,t,1.1459,1.413,0.09,5.263,22.754,5333.0,0.6558,0.2226,320269
94,3903,1403,3,56834.960611,30.915,17.16,12.71,1.65,9,0,3.68e-07,2.726e-07,,,ec0915.140626.331029_ooi_z_v1_N22_160306.523733_ooi_z_v1_N22.diff.fits,0x0000,91,z,TEMPLATE,t,1.0967,1.452,0.12,4.69,22.667,7577.0,0.368,0.2726,331029
94,3903,1403,3,56854.965339,30.915,12.36,13.41,0.47,9,3,2.651e-07,2.876e-07,,,ec0915.140716.337810_ooi_z_v1_N22_160306.523733_ooi_z_v1_N22.diff.fits,0x0000,99,z,TEMPLATE,t,1.0126,1.426,0.119,4.132,22.811,6947.0,0.2651,0.2876,337810
94,3903,1403,3,56998.316848,30.915,-36.17,11.2,0.77,9,9,-7.757e-07,2.403e-07,,,ec0915.141207.384681_ooi_z_v1_N22_160306.523733_ooi_z_v1_N22.diff.fits,0x0000,106,z,TEMPLATE,t,1.1284,1.229,0.117,3.559,22.939,6560.0,-0.7757000000000001,0.2403,384681
94,3903,1403,3,56998.321015,30.915,-66.73,12.2,1.93,9,6,-1.431e-06,2.617e-07,,,ec0915.141207.384683_ooi_z_v1_N22_160306.523733_ooi_z_v1_N22.diff.fits,0x0000,108,z,TEMPLATE,t,1.1258,1.196,0.077,4.304,22.778,6407.0,-1.4309999999999998,0.26170000000000004,384683
94,3903,1403,3,57026.228979,30.915,-30.36,11.98,0.3,9,9,-6.511e-07,2.57e-07,,,ec0915.150104.394285_ooi_z_v1_N22_160306.523733_ooi_z_v1_N22.diff.fits,0x0000,111,z,TEMPLATE,t,1.0335,1.269,0.148,3.39,22.831,6751.0,-0.6511,0.257,394285
94,3903,1403,3,57026.233149,30.915,-97.01,12.69,0.57,9,6,-2.081e-06,2.722e-07,,,ec0915.150104.394287_ooi_z_v1_N22_160306.523733_ooi_z_v1_N22.diff.fits,0x0000,113,z,TEMPLATE,t,1.0467,1.125,0.082,3.691,22.789,6901.0,-2.081,0.2722,394287
94,3903,1403,3,57050.242086,30.915,-28.48,9.4,0.48,9,3,-6.107e-07,2.015e-07,,,ec0915.150128.403911_ooi_z_v1_N22_160306.523733_ooi_z_v1_N22.diff.fits,0x0000,118,z,TEMPLATE,t,0.9842,1.261,0.131,4.029,23.145,3149.0,-0.6107,0.20149999999999998,403911
94,3903,1403,3,57053.240481,30.915,-56.64,10.7,0.84,9,6,-1.215e-06,2.294e-07,,,ec0915.150131.404893_ooi_z_v1_N22_160306.523733_ooi_z_v1_N22.diff.fits,0x0000,122,z,TEMPLATE,t,1.073,1.194,0.087,3.937,22.876,5245.0,-1.215,0.2294,404893
94,3903,1403,3,57056.260361,30.915,-50.42,12.27,0.48,9,9,-1.081e-06,2.631e-07,,,ec0915.150203.405992_ooi_z_ls9_N22_160306.523733_ooi_z_v1_N22.diff.fits,0x0000,126,z,TEMPLATE,t,1.1387,1.22,0.117,3.582,22.902,6587.0,-1.081,0.2631,405992
94,3903,1403,3,57056.268626,30.915,-36.3,11.78,0.35,9,9,-7.784e-07,2.527e-07,,,ec0915.150203.405996_ooi_z_ls9_N22_160306.523733_ooi_z_v1_N22.diff.fits,0x0000,130,z,TEMPLATE,t,1.1421,1.042,0.093,3.48,22.867,7293.0,-0.7784,0.2527,405996
94,3903,1403,3,57083.233746,30.915,-34.12,11.05,0.93,9,9,-7.317e-07,2.369e-07,,,ec0915.150302.417215_ooi_z_v1_N22_160306.523733_ooi_z_v1_N22.diff.fits,0x0000,135,z,TEMPLATE,t,1.043,1.205,0.135,3.416,23.018,4875.0,-0.7317,0.2369,417215
94,3903,1403,3,57088.183133,30.915,-52.56,11.31,0.3,9,9,-1.127e-06,2.425e-07,,,ec0915.150307.419088_ooi_z_v1_N22_160306.523733_ooi_z_v1_N22.diff.fits,0x0000,136,z,TEMPLATE,t,1.0547,1.158,0.08,3.392,23.026,6188.0,-1.127,0.24250000000000002,419088
94,3903,1403,3,57088.185779,30.915,-43.25,10.93,0.31,9,9,-9.275e-07,2.343e-07,,,ec0915.150307.419089_ooi_z_v1_N22_160306.523733_ooi_z_v1_N22.diff.fits,0x0000,137,z,TEMPLATE,t,1.0497,1.223,0.109,2.884,23.166,5927.0,-0.9275,0.2343,419089
94,3903,1403,3,57117.011808,30.915,-20.93,12.83,0.59,9,6,-4.488e-07,2.751e-07,,,ec0915.150405.429230_ooi_z_v1_N22_160306.523733_ooi_z_v1_N22.diff.fits,0x0000,143,z,TEMPLATE,t,1.0671,1.153,0.082,4.288,22.642,7571.0,-0.4488,0.2751,429230
94,3903,1403,3,57117.015936,30.915,-7.69,12.56,1.47,9,3,-1.649e-07,2.693e-07,,,ec0915.150405.429232_ooi_z_v1_N22_160306.523733_ooi_z_v1_N22.diff.fits,0x0000,145,z,TEMPLATE,t,1.0619,1.19,0.061,4.641,22.633,6637.0,-0.1649,0.2693,429232
94,3903,1403,3,57139.0088,30.915,-54.23,12.37,1.54,9,0,-1.163e-06,2.654e-07,,,ec0915.150427.437746_ooi_z_v1_N22_160306.523733_ooi_z_v1_N22.diff.fits,0x0000,151,z,TEMPLATE,t,1.041,1.249,0.072,5.414,22.529,5505.0,-1.1629999999999998,0.26539999999999997,437746
94,3903,1403,3,57171.013911,30.915,-276.66,258.29,1.53,9,6,-5.933e-06,5.539e-06,,,ec0915.150529.443410_ooi_z_v1_N22_160306.523733_ooi_z_v1_N22.diff.fits,0x0000,153,z,TEMPLATE,t,0.0897,1.165,0.048,4.037,19.422,24525.0,-5.933,5.539,443410
94,3903,1403,3,57171.018007,30.915,81.42,257.2,1.46,9,9,1.746e-06,5.516e-06,,,ec0915.150529.443412_ooi_z_v1_N22_160306.523733_ooi_z_v1_N22.diff.fits,0x0000,155,z,TEMPLATE,t,0.0982,1.177,0.056,3.466,19.689,24114.0,1.746,5.516,443412
94,3903,1403,3,57171.117306,30.915,-404.97,826.88,0.87,9,6,-8.685e-06,1.773e-05,,,ec0915.150529.443454_ooi_z_v1_N22_160306.523733_ooi_z_v1_N22.diff.fits,0x0000,157,z,TEMPLATE,t,0.0325,1.214,0.051,3.988,18.396,27448.0,-8.685,17.73,443454
94,3903,1403,3,57171.121418,30.915,-670.66,1100.79,0.72,9,9,-1.438e-05,2.361e-05,,,ec0915.150529.443456_ooi_z_v1_N22_160306.523733_ooi_z_v1_N22.diff.fits,0x0000,159,z,TEMPLATE,t,0.0241,1.205,0.059,3.624,18.227,28127.0,-14.379999999999999,23.61,443456
94,3903,1403,3,57198.960089,30.915,-46.26,14.77,0.56,9,0,-9.921e-07,3.167e-07,,,ec0915.150625.453952_ooi_z_v1_N22_160306.523733_ooi_z_v1_N22.diff.fits,0x0000,164,z,TEMPLATE,t,1.0789,1.109,0.062,4.714,22.377,10108.0,-0.9921,0.31670000000000004,453952
94,3903,1403,3,57198.965698,30.915,-27.62,15.94,0.85,9,3,-5.923e-07,3.418e-07,,,ec0915.150625.453955_ooi_z_v1_N22_160306.523733_ooi_z_v1_N22.diff.fits,0x0000,167,z,TEMPLATE,t,1.0696,1.223,0.064,4.277,22.481,10187.0,-0.5923,0.3418,453955
94,3903,1403,3,57199.005294,30.915,-65.74,12.23,0.49,9,3,-1.41e-06,2.623e-07,,,ec0915.150626.453976_ooi_z_v1_N22_160306.523733_ooi_z_v1_N22.diff.fits,0x0000,170,z,TEMPLATE,t,1.0649,1.202,0.083,4.295,22.633,7612.0,-1.4100000000000001,0.26230000000000003,453976
94,3903,1403,3,57387.340403,30.915,-7.38,11.12,0.47,9,9,-1.583e-07,2.385e-07,,,ec0915.151231.507220_ooi_z_v1_N22_160306.523733_ooi_z_v1_N22.diff.fits,0x0000,176,z,TEMPLATE,t,1.0642,1.234,0.126,3.164,23.086,5609.0,-0.1583,0.23850000000000002,507220
94,3903,1403,3,57388.334629,30.915,-21.08,9.86,0.88,9,9,-4.52e-07,2.115e-07,,,ec0915.160101.507561_ooi_z_v1_N22_160306.523733_ooi_z_v1_N22.diff.fits,0x0000,180,z,TEMPLATE,t,1.0844,1.228,0.102,3.599,23.14,4209.0,-0.452,0.21150000000000002,507561
94,3903,1403,3,57443.170926,30.915,-12.85,11.02,1.47,9,6,-2.756e-07,2.364e-07,,,ec0915.160225.519763_ooi_z_v1_N22_160306.523733_ooi_z_v1_N22.diff.fits,0x0000,183,z,TEMPLATE,t,1.0313,1.116,0.072,3.975,22.746,6057.0,-0.2756,0.2364,519763
94,3903,1403,3,57443.175066,30.915,-30.77,12.58,0.6,9,3,-6.6e-07,2.697e-07,,,ec0915.160225.519765_ooi_z_v1_N22_160306.523733_ooi_z_v1_N22.diff.fits,0x0000,185,z,TEMPLATE,t,1.0353,1.109,0.06,4.579,22.596,5911.0,-0.66,0.2697,519765
94,3903,1403,3,57452.205272,30.915,14.12,11.7,1.02,9,9,3.029e-07,2.509e-07,,,ec0915.160305.523437_ooi_z_v1_N22_160306.523733_ooi_z_v1_N22.diff.fits,0x0000,187,z,TEMPLATE,t,1.0771,1.286,0.146,2.451,23.522,4633.0,0.3029,0.2509,523437
94,3903,1403,3,57535.95023,30.915,-56.16,37.04,1.28,9,9,-1.204e-06,7.944e-07,,,ec0915.160527.545715_ooi_z_v1_N22_160306.523733_ooi_z_v1_N22.diff.fits,0x0000,190,z,TEMPLATE,t,0.3206,1.151,0.067,3.798,21.456,7315.0,-1.204,0.7944,545715
94,3903,1403,3,57535.954356,30.915,89.2,36.52,0.51,9,3,1.913e-06,7.832e-07,,,ec0915.160527.545717_ooi_z_v1_N22_160306.523733_ooi_z_v1_N22.diff.fits,0x0000,192,z,TEMPLATE,t,0.3243,1.121,0.056,4.145,21.475,5947.0,1.9130000000000003,0.7832,545717
94,3903,1403,3,57535.991722,30.915,30.3,12.35,1.05,9,3,6.498e-07,2.649e-07,,,ec0915.160527.545735_ooi_z_v1_N22_160306.523733_ooi_z_v1_N22.diff.fits,0x0000,194,z,TEMPLATE,t,0.8908,1.309,0.092,4.077,22.828,4546.0,0.6498,0.26489999999999997,545735
94,3903,1403,3,57535.995867,30.915,37.9,11.02,1.13,9,9,8.127e-07,2.364e-07,24.125,0.315863,ec0915.160527.545737_ooi_z_v1_N22_160306.523733_ooi_z_v1_N22.diff.fits,0x0000,196,z,TEMPLATE,t,0.9992,1.236,0.106,3.527,22.982,4803.0,0.8127,0.2364,545737
94,3903,1403,3,57545.965079,30.915,36.85,15.62,0.77,9,3,7.903e-07,3.349e-07,,,ec0915.160606.547142_ooi_z_v1_N22_160306.523733_ooi_z_v1_N22.diff.fits,0x0000,206,z,TEMPLATE,t,0.5751,1.139,0.076,4.454,22.464,3034.0,0.7903,0.33490000000000003,547142
94,3903,1403,3,57566.040208,30.915,24.04,16.52,0.91,9,3,5.156e-07,3.542e-07,,,ec0915.160627.549002_ooi_z_v1_N22_160306.523733_ooi_z_v1_N22.diff.fits,0x0000,210,z,TEMPLATE,t,0.9597,1.114,0.072,4.658,22.451,8142.0,0.5156,0.35419999999999996,549002
94,3903,1403,3,57764.169856,30.915,-43.64,10.77,0.13,9,9,-9.36e-07,2.309e-07,,,ec0915.170111.608550_ooi_z_v1_N22_160306.523733_ooi_z_v1_N22.diff.fits,0x0000,213,z,TEMPLATE,t,1.0318,1.268,0.139,3.199,23.075,5482.0,-0.936,0.23090000000000002,608550
94,3903,1403,3,57764.173997,30.915,-24.28,11.04,1.64,9,9,-5.207e-07,2.367e-07,,,ec0915.170111.608552_ooi_z_v1_N22_160306.523733_ooi_z_v1_N22.diff.fits,0x0000,215,z,TEMPLATE,t,1.039,1.151,0.106,3.214,23.05,5620.0,-0.5207,0.2367,608552
94,3903,1403,3,57769.284073,30.915,-66.01,10.26,2.11,9,9,-1.416e-06,2.199e-07,,,ec0915.170116.609360_ooi_z_v1_N22_160306.523733_ooi_z_v1_N22.diff.fits,0x0000,217,z,TEMPLATE,t,1.0338,1.183,0.119,3.18,23.349,4050.0,-1.4160000000000001,0.2199,609360
94,3903,1403,3,57769.288221,30.915,-28.41,10.58,1.4,9,9,-6.093e-07,2.268e-07,,,ec0915.170116.609362_ooi_z_v1_N22_160306.523733_ooi_z_v1_N22.diff.fits,0x0000,219,z,TEMPLATE,t,1.0319,1.156,0.125,3.214,23.332,4079.0,-0.6093000000000001,0.2268,609362
94,3903,1403,3,57794.308614,30.915,-64.69,11.42,0.65,9,9,-1.387e-06,2.449e-07,,,ec0915.170210.619020_ooi_z_v1_N22_160306.523733_ooi_z_v1_N22.diff.fits,0x0000,231,z,TEMPLATE,t,1.0675,1.149,0.1,3.599,22.954,5829.0,-1.387,0.24489999999999998,619020
94,3903,1403,3,57795.317714,30.915,-43.05,12.56,1.29,9,9,-9.233e-07,2.693e-07,,,ec0915.170211.619366_ooi_z_v1_N22_160306.523733_ooi_z_v1_N22.diff.fits,0x0000,233,z,TEMPLATE,t,1.0286,1.208,0.115,2.859,23.098,6629.0,-0.9233,0.2693,619366
94,3903,1403,3,57798.077705,30.915,-48.56,12.5,0.24,9,9,-1.041e-06,2.68e-07,,,ec0915.170214.620291_ooi_z_v1_N22_160306.523733_ooi_z_v1_N22.diff.fits,0x0000,235,z,TEMPLATE,t,0.9631,1.165,0.11,3.29,22.936,5922.0,-1.0410000000000001,0.268,620291
94,3903,1403,3,57822.338331,30.915,-51.34,14.03,1.31,9,9,-1.101e-06,3.009e-07,,,ec0915.170310.628200_ooi_z_v1_N22_160306.523733_ooi_z_v1_N22.diff.fits,0x0000,237,z,TEMPLATE,t,0.9992,1.127,0.081,3.576,22.797,7326.0,-1.101,0.3009,628200
94,3903,1403,3,57822.342476,30.915,-76.26,12.5,0.43,9,6,-1.636e-06,2.68e-07,,,ec0915.170310.628202_ooi_z_v1_N22_160306.523733_ooi_z_v1_N22.diff.fits,0x0000,239,z,TEMPLATE,t,0.9893,1.057,0.061,4.175,22.591,7749.0,-1.6360000000000001,0.268,628202
94,3903,1403,3,57824.277361,30.915,-28.12,13.88,1.48,9,9,-6.03e-07,2.978e-07,,,ec0915.170312.628814_ooi_z_v1_N22_160306.523733_ooi_z_v1_N22.diff.fits,0x0000,241,z,TEMPLATE,t,1.0506,1.067,0.073,3.807,22.77,7544.0,-0.603,0.29779999999999995,628814
94,3903,1403,3,57824.281503,30.915,-73.63,11.44,0.64,9,9,-1.579e-06,2.454e-07,,,ec0915.170312.628816_ooi_z_v1_N22_160306.523733_ooi_z_v1_N22.diff.fits,0x0000,243,z,TEMPLATE,t,1.0475,1.22,0.097,3.347,22.952,6645.0,-1.579,0.2454,628816
94,3903,1403,3,57847.124307,30.915,-37.4,10.22,0.35,9,9,-8.022e-07,2.191e-07,,,ec0915.170404.636946_ooi_z_v1_N22_160306.523733_ooi_z_v1_N22.diff.fits,0x0000,252,z,TEMPLATE,t,1.0078,1.244,0.131,3.534,23.1,4387.0,-0.8022,0.2191,636946
94,3903,1403,3,57848.992872,30.915,-61.69,13.84,0.42,9,9,-1.323e-06,2.969e-07,,,ec0915.170405.637489_ooi_z_v1_N22_160306.523733_ooi_z_v1_N22.diff.fits,0x0000,255,z,TEMPLATE,t,1.0116,1.165,0.1,3.387,22.831,7297.0,-1.3230000000000002,0.2969,637489
94,3903,1403,3,57872.960558,30.915,-64.66,14.6,0.75,9,9,-1.387e-06,3.13e-07,,,ec0915.170429.645088_ooi_z_v1_N22_160306.523733_ooi_z_v1_N22.diff.fits,0x0000,256,z,TEMPLATE,t,1.1067,1.318,0.153,2.628,23.096,8900.0,-1.387,0.313,645088
94,3903,1403,3,57872.960558,30.915,-63.33,14.85,0.61,9,9,-1.358e-06,3.185e-07,,,ec0915.170429.645088_ooi_z_vx_N22_160306.523733_ooi_z_v1_N22.diff.fits,0x0000,257,z,TEMPLATE,t,1.14,1.297,0.163,2.627,23.073,9226.0,-1.3579999999999999,0.3185,645088
94,3903,1403,3,57874.962088,30.915,-85.54,40.27,1.01,9,9,-1.835e-06,8.636e-07,,,ec0915.170501.646110_ooi_z_v1_N22_160306.523733_ooi_z_v1_N22.diff.fits,0x0000,270,z,TEMPLATE,t,0.4218,0.813,0.05,3.56,21.55,11604.0,-1.835,0.8635999999999999,646110
94,3903,1403,3,57874.96623,30.915,-138.93,50.41,1.82,9,9,-2.979e-06,1.081e-06,,,ec0915.170501.646112_ooi_z_vx_N22_160306.523733_ooi_z_v1_N22.diff.fits,0x0000,273,z,TEMPLATE,t,0.2792,1.081,0.064,3.558,21.265,8303.0,-2.979,1.081,646112
94,3903,1403,3,57874.96623,30.915,-158.49,50.24,2.15,9,9,-3.399e-06,1.077e-06,,,ec0915.170501.646112_ooi_z_v1_N22_160306.523733_ooi_z_v1_N22.diff.fits,0x0000,272,z,TEMPLATE,t,0.2716,1.088,0.062,3.558,21.271,8234.0,-3.399,1.077,646112
94,3903,1403,3,57875.014571,30.915,-64.27,34.73,1.38,9,9,-1.378e-06,7.449e-07,,,ec0915.170502.646135_ooi_z_v1_N22_160306.523733_ooi_z_v1_N22.diff.fits,0x0000,275,z,TEMPLATE,t,0.3539,1.104,0.064,3.521,21.657,7497.0,-1.378,0.7449,646135
94,3903,1403,3,57875.018706,30.915,-72.97,23.91,0.58,9,9,-1.565e-06,5.127e-07,,,ec0915.170502.646137_ooi_z_v1_N22_160306.523733_ooi_z_v1_N22.diff.fits,0x0000,278,z,TEMPLATE,t,0.4891,1.167,0.081,3.247,22.174,6770.0,-1.565,0.5126999999999999,646137
94,3903,1403,3,57875.018706,30.915,-75.29,24.73,0.43,9,9,-1.615e-06,5.304e-07,,,ec0915.170502.646137_ooi_z_vx_N22_160306.523733_ooi_z_v1_N22.diff.fits,0x0000,279,z,TEMPLATE,t,0.5031,1.109,0.082,3.247,22.145,7140.0,-1.615,0.5304,646137
94,3903,1403,3,57875.081054,30.915,-69.33,38.48,0.85,9,9,-1.487e-06,8.251e-07,,,ec0915.170502.646165_ooi_z_v1_N22_160306.523733_ooi_z_v1_N22.diff.fits,0x0000,282,z,TEMPLATE,t,0.314,1.116,0.069,3.34,21.62,7054.0,-1.4869999999999999,0.8251000000000001,646165
94,3903,1403,3,57875.085195,30.915,-85.32,15.52,0.86,9,9,-1.83e-06,3.328e-07,,,ec0915.170502.646167_ooi_z_v1_N22_160306.523733_ooi_z_v1_N22.diff.fits,0x0000,284,z,TEMPLATE,t,0.7859,1.128,0.089,3.35,22.666,6214.0,-1.83,0.33280000000000004,646167
94,3903,1403,3,57875.122515,30.915,-55.47,22.92,0.56,9,9,-1.19e-06,4.916e-07,,,ec0915.170502.646185_ooi_z_v1_N22_160306.523733_ooi_z_v1_N22.diff.fits,0x0000,286,z,TEMPLATE,t,0.5261,0.991,0.076,3.058,22.295,6557.0,-1.19,0.4916,646185
94,3903,1403,3,57875.126648,30.915,-42.25,23.47,0.81,9,9,-9.061e-07,5.033e-07,,,ec0915.170502.646187_ooi_z_v1_N22_160306.523733_ooi_z_v1_N22.diff.fits,0x0000,288,z,TEMPLATE,t,0.5093,1.192,0.085,3.171,22.342,5378.0,-0.9061,0.5033,646187
94,3903,1403,3,57888.146212,30.915,-79.05,10.73,0.76,9,0,-1.695e-06,2.301e-07,,,ec0915.170515.648397_ooi_z_v1_N22_160306.523733_ooi_z_v1_N22.diff.fits,0x0000,290,z,TEMPLATE,t,1.026,1.134,0.061,5.728,22.558,4880.0,-1.695,0.2301,648397
94,3903,1403,3,57888.150335,30.915,-88.47,9.84,1.2,9,0,-1.897e-06,2.11e-07,,,ec0915.170515.648399_ooi_z_v1_N22_160306.523733_ooi_z_v1_N22.diff.fits,0x0000,292,z,TEMPLATE,t,1.0271,1.289,0.057,5.92,22.593,4268.0,-1.897,0.211,648399
94,3903,1403,3,57935.020929,30.915,-49.49,10.74,0.62,9,9,-1.061e-06,2.303e-07,,,ec0915.170701.657445_ooi_z_vx_N22_160306.523733_ooi_z_v1_N22.diff.fits,0x0000,299,z,TEMPLATE,t,1.1345,1.232,0.13,3.547,23.0,5851.0,-1.0610000000000002,0.2303,657445
94,3903,1403,3,57950.995174,30.915,-11.92,13.25,0.86,9,0,-2.556e-07,2.842e-07,,,ec0915.170716.659072_ooi_z_v1_N22_160306.523733_ooi_z_v1_N22.diff.fits,0x0000,306,z,TEMPLATE,t,1.11,0.929,0.039,7.027,22.172,8578.0,-0.2556,0.2842,659072
94,3903,1403,3,58183.117442,30.915,-37.6,11.16,0.76,9,6,-8.063e-07,2.393e-07,,,ec0915.180306.727448_ooi_z_v1_N22_160306.523733_ooi_z_v1_N22.diff.fits,0x0000,312,z,TEMPLATE,t,0.9792,1.336,0.067,4.321,22.804,4442.0,-0.8063,0.23929999999999998,727448
94,3903,1403,3,58183.121555,30.915,-40.05,11.75,0.9,9,9,-8.59e-07,2.519e-07,,,ec0915.180306.727450_ooi_z_v1_N22_160306.523733_ooi_z_v1_N22.diff.fits,0x0000,314,z,TEMPLATE,t,0.9745,1.099,0.082,3.827,22.829,5524.0,-0.859,0.2519,727450
94,3903,1403,3,58184.03864,30.915,-16.44,12.59,1.06,9,0,-3.525e-07,2.7e-07,,,ec0915.180307.727589_ooi_z_v1_N22_160306.523733_ooi_z_v1_N22.diff.fits,0x0000,316,z,TEMPLATE,t,0.8599,1.178,0.078,5.158,22.516,4545.0,-0.35250000000000004,0.27,727589
94,3903,1403,3,58225.986333,30.915,-34.37,13.11,1.33,9,0,-7.371e-07,2.811e-07,,,ec0915.180417.736458_ooi_z_v1_N22_160306.523733_ooi_z_v1_N22.diff.fits,0x0000,327,z,TEMPLATE,t,0.9652,1.246,0.077,4.831,22.505,5784.0,-0.7371,0.2811,736458
94,3903,1403,3,58232.983204,30.915,-32.49,12.7,1.05,9,9,-6.968e-07,2.724e-07,,,ec0915.180424.738618_ooi_z_v1_N22_160306.523733_ooi_z_v1_N22.diff.fits,0x0000,331,z,TEMPLATE,t,1.0633,1.157,0.103,3.779,22.758,7453.0,-0.6968000000000001,0.2724,738618
94,3903,1403,3,58246.003574,30.915,110.81,19.53,16.06,9,3,2.376e-06,4.188e-07,22.96,0.191333,ec0915.180508.743629_ooi_z_v1_N22_160306.523733_ooi_z_v1_N22.diff.fits,0x0000,335,z,TEMPLATE,t,0.7157,1.113,0.065,4.337,22.078,9437.0,2.3760000000000003,0.4188,743629
94,3903,1403,3,58261.080086,30.915,10.04,14.27,0.75,9,9,2.152e-07,3.06e-07,,,ec0915.180523.750068_ooi_z_v1_N22_160306.523733_ooi_z_v1_N22.diff.fits,0x0000,339,z,TEMPLATE,t,1.0482,0.963,0.094,3.406,22.75,9810.0,0.2152,0.306,750068
94,3903,1403,3,58261.088392,30.915,-41.79,13.72,0.94,9,9,-8.963e-07,2.943e-07,,,ec0915.180523.750072_ooi_z_v1_N22_160306.523733_ooi_z_v1_N22.diff.fits,0x0000,343,z,TEMPLATE,t,1.0415,1.169,0.117,3.008,22.974,8140.0,-0.8963,0.2943,750072
94,3903,1403,3,58313.979667,30.915,7.57,13.91,0.88,9,6,1.624e-07,2.983e-07,,,ec0915.180714.755609_ooi_z_v1_N22_160306.523733_ooi_z_v1_N22.diff.fits,0x0000,345,z,TEMPLATE,t,1.1382,1.002,0.082,4.134,22.713,8411.0,0.1624,0.2983,755609
94,3903,1403,3,58313.987958,30.915,-21.86,12.36,1.12,9,6,-4.687e-07,2.651e-07,,,ec0915.180714.755613_ooi_z_v1_N22_160306.523733_ooi_z_v1_N22.diff.fits,0x0000,349,z,TEMPLATE,t,1.1318,1.09,0.078,3.788,22.871,7802.0,-0.4687,0.2651,755613
94,3903,1403,3,58483.310826,30.915,-29.94,9.29,1.87,9,9,-6.42e-07,1.993e-07,,,ec0915.181231.807723_ooi_z_v1_N22_160306.523733_ooi_z_v1_N22.diff.fits,0x0000,358,z,TEMPLATE,t,1.1382,1.454,0.173,3.529,23.237,4204.0,-0.6419999999999999,0.1993,807723
94,3903,1403,3,58536.294128,30.915,-46.41,14.99,0.49,9,9,-9.953e-07,3.215e-07,,,ec0915.190222.826209_ooi_z_v1_N22_160306.523733_ooi_z_v1_N22.diff.fits,0x0000,363,z,TEMPLATE,t,0.5223,1.125,0.124,2.835,22.823,2881.0,-0.9953000000000001,0.3215,826209
94,3903,1403,3,58542.172304,30.915,-36.01,9.91,0.76,9,9,-7.723e-07,2.126e-07,,,ec0915.190228.828459_ooi_z_v1_N22_160306.523733_ooi_z_v1_N22.diff.fits,0x0000,367,z,TEMPLATE,t,1.026,1.087,0.14,3.159,23.342,3542.0,-0.7723,0.2126,828459
94,3903,1403,3,58572.222637,30.915,-36.1,9.42,1.04,9,6,-7.742e-07,2.02e-07,,,ec0915.190330.843689_ooi_z_v1_N22_160306.523733_ooi_z_v1_N22.diff.fits,0x0000,384,z,TEMPLATE,t,1.2018,1.172,0.105,4.127,23.009,5136.0,-0.7742,0.202,843689
94,3903,1403,3,58572.226441,30.915,,,,0,0,,,,,ec0915.190330.843690_ooi_z_v1_N22_160306.523733_ooi_z_v1_N22.diff.fits,0x0000,385,z,TEMPLATE,t,0.8292,1.115,0.072,4.453,22.559,5193.0,,,843690
94,3903,1403,3,58572.230237,30.915,-37.52,15.57,1.34,9,6,-8.046e-07,3.339e-07,,,ec0915.190330.843691_ooi_z_v1_N22_160306.523733_ooi_z_v1_N22.diff.fits,0x0000,386,z,TEMPLATE,t,0.6732,1.234,0.089,4.04,22.442,4903.0,-0.8046,0.3339,843691
94,3903,1403,3,58572.234037,30.915,-11.3,22.11,0.19,9,3,-2.424e-07,4.741e-07,,,ec0915.190330.843692_ooi_z_v1_N22_160306.523733_ooi_z_v1_N22.diff.fits,0x0000,387,z,TEMPLATE,t,0.5142,1.044,0.056,4.479,21.994,5216.0,-0.2424,0.47409999999999997,843692
94,3903,1403,3,58572.237846,30.915,-51.89,23.99,0.98,9,6,-1.113e-06,5.146e-07,,,ec0915.190330.843693_ooi_z_v1_N22_160306.523733_ooi_z_v1_N22.diff.fits,0x0000,388,z,TEMPLATE,t,0.4535,1.115,0.069,4.214,21.987,4793.0,-1.113,0.5146000000000001,843693
94,3903,1403,3,58578.206222,30.915,-3.51,13.67,0.41,9,6,-7.538e-08,2.932e-07,,,ec0915.190405.846168_ooi_z_v1_N22_160306.523733_ooi_z_v1_N22.diff.fits,0x0000,392,z,TEMPLATE,t,1.0249,0.832,0.109,3.986,22.804,6648.0,-0.07538,0.2932,846168
94,3903,1403,3,58639.02291,30.915,-55.55,32.55,1.11,9,9,-1.191e-06,6.981e-07,,,ec0915.190605.862065_ooi_z_v1_N22_160306.523733_ooi_z_v1_N22.diff.fits,0x0000,396,z,TEMPLATE,t,0.4406,0.878,0.063,3.587,21.698,9151.0,-1.1909999999999998,0.6981,862065
94,3903,1403,3,58691.95826,30.915,-40.08,38.99,0.76,9,6,-8.596e-07,8.362e-07,,,ec0915.190727.879486_ooi_z_v1_N22_160306.523733_ooi_z_v1_N22.diff.fits,0x0000,397,z,TEMPLATE,t,0.6597,1.016,0.066,4.036,21.499,27221.0,-0.8596,0.8362,879486
94,3903,1403,3,58818.262285,30.915,-56.25,12.01,1.17,9,9,-1.206e-06,2.575e-07,,,ec0915.191201.912644_ooi_z_vx_N22_160306.523733_ooi_z_v1_N22.diff.fits,0x0000,406,z,TEMPLATE,t,1.1264,1.31,0.152,3.599,22.872,7481.0,-1.206,0.2575,912644
94,3903,1403,3,58818.262285,30.915,-36.53,12.1,1.13,9,9,-7.833e-07,2.595e-07,,,ec0915.191201.912644_ooi_z_v1_N22_160306.523733_ooi_z_v1_N22.diff.fits,0x0000,405,z,TEMPLATE,t,1.1253,1.157,0.085,3.6,22.863,7593.0,-0.7833,0.2595,912644
94,3903,1403,3,58818.27059,30.915,-22.69,11.28,0.77,9,9,-4.865e-07,2.419e-07,,,ec0915.191201.912648_ooi_z_v1_N22_160306.523733_ooi_z_v1_N22.diff.fits,0x0000,410,z,TEMPLATE,t,1.1387,1.094,0.103,3.313,22.974,7022.0,-0.48650000000000004,0.2419,912648
94,3903,1403,3,58840.279334,30.915,-18.96,9.86,0.57,9,9,-4.066e-07,2.113e-07,,,ec0915.191223.921762_ooi_z_v1_N22_160306.523733_ooi_z_v1_N22.diff.fits,0x0000,414,z,TEMPLATE,t,1.1448,1.315,0.161,3.23,23.351,4028.0,-0.4066,0.2113,921762
94,3903,1403,3,58840.287634,30.915,6.17,9.62,1.08,9,9,1.323e-07,2.063e-07,,,ec0915.191223.921766_ooi_z_v1_N22_160306.523733_ooi_z_v1_N22.diff.fits,0x0000,418,z,TEMPLATE,t,1.1553,1.201,0.15,2.968,23.373,4317.0,0.13229999999999997,0.20629999999999998,921766
94,3903,1403,3,58840.363289,30.915,-24.85,18.4,1.34,9,9,-5.329e-07,3.945e-07,,,ec0915.191223.921802_ooi_z_v1_N22_160306.523733_ooi_z_v1_N22.diff.fits,0x0000,422,z,TEMPLATE,t,0.5851,1.226,0.129,2.65,22.756,4509.0,-0.5329,0.3945,921802
94,3903,1403,3,58848.301947,30.915,-10.83,9.91,1.51,9,9,-2.323e-07,2.125e-07,,,ec0915.191231.923831_ooi_z_v1_N22_160306.523733_ooi_z_v1_N22.diff.fits,0x0000,426,z,TEMPLATE,t,1.1973,1.426,0.21,2.611,23.578,4309.0,-0.2323,0.2125,923831
94,3903,1403,3,58848.31023,30.915,4.38,9.23,1.11,9,6,9.392e-08,1.979e-07,,,ec0915.191231.923835_ooi_z_v1_N22_160306.523733_ooi_z_v1_N22.diff.fits,0x0000,430,z,TEMPLATE,t,1.2048,1.259,0.133,3.537,23.364,4099.0,0.09392,0.1979,923835
94,3903,1403,3,58848.348661,30.915,-17.9,13.19,3.53,9,9,-3.84e-07,2.83e-07,,,ec0915.191231.923853_ooi_z_v1_N22_160306.523733_ooi_z_v1_N22.diff.fits,0x0000,432,z,TEMPLATE,t,0.5858,1.305,0.178,2.912,23.094,2111.0,-0.384,0.283,923853
94,3903,1403,3,58870.169795,30.915,-15.06,11.44,0.82,9,3,-3.23e-07,2.454e-07,,,ec0915.200122.925785_ooi_z_v1_N22_160306.523733_ooi_z_v1_N22.diff.fits,0x0000,436,z,TEMPLATE,t,1.056,1.196,0.111,3.884,22.984,5016.0,-0.323,0.2454,925785
94,3903,1403,3,58877.17514,30.915,-27.96,12.07,0.61,9,3,-5.996e-07,2.588e-07,,,ec0915.200129.927465_ooi_z_v1_N22_160306.523733_ooi_z_v1_N22.diff.fits,0x0000,440,z,TEMPLATE,t,1.0048,1.181,0.094,4.728,22.772,4312.0,-0.5996,0.25880000000000003,927465
94,3903,1403,3,58905.154089,30.915,-23.68,9.48,1.71,9,9,-5.079e-07,2.033e-07,,,ec0915.200226.938759_ooi_z_v1_N22_160306.523733_ooi_z_v1_N22.diff.fits,0x0000,444,z,TEMPLATE,t,1.1088,1.238,0.13,3.857,23.09,4273.0,-0.5079,0.2033,938759
94,3903,1403,3,59146.349303,30.915,-67.08,12.07,0.53,9,3,-1.439e-06,2.588e-07,,,ec0915.201024.948166_ooi_z_v1_N22_160306.523733_ooi_z_v1_N22.diff.fits,0x0000,448,z,TEMPLATE,t,1.1096,1.213,0.112,4.401,22.807,6017.0,-1.4389999999999998,0.25880000000000003,948166
94,3903,1403,3,59176.305734,30.915,-47.1,10.31,0.61,9,9,-1.01e-06,2.212e-07,,,ec0915.201123.957181_ooi_z_v1_N22_160306.523733_ooi_z_v1_N22.diff.fits,0x0000,452,z,TEMPLATE,t,1.1309,1.408,0.209,3.806,23.004,5426.0,-1.01,0.2212,957181
94,3903,1403,3,59236.261521,30.915,-61.42,12.96,1.07,9,0,-1.317e-06,2.778e-07,,,ec0915.210122.958768_ooi_z_v1_N22_160306.523733_ooi_z_v1_N22.diff.fits,0x0000,455,z,TEMPLATE,t,1.0432,1.468,0.226,4.415,22.848,4910.0,-1.317,0.2778,958768
94,3903,1403,3,59301.045653,30.915,-18.73,20.61,2.93,9,9,-4.016e-07,4.421e-07,,,ec0915.210328.978113_ooi_z_v1_N22_160306.523733_ooi_z_v1_N22.diff.fits,0x0000,463,z,TEMPLATE,t,0.5115,1.197,0.11,3.635,22.321,4215.0,-0.4016,0.44210000000000005,978113
94,3903,1403,3,59304.008094,30.915,-90.1,15.65,1.32,9,6,-1.932e-06,3.355e-07,,,ec0915.210331.979132_ooi_z_v1_N22_160306.523733_ooi_z_v1_N22.diff.fits,0x0000,465,z,TEMPLATE,t,0.5342,1.207,0.1,4.205,22.455,2752.0,-1.932,0.3355,979132
94,3903,1403,3,59307.091802,30.915,-38.98,15.4,1.31,9,0,-8.36e-07,3.302e-07,,,ec0915.210403.980345_ooi_z_v1_N22_160306.523733_ooi_z_v1_N22.diff.fits,0x0000,467,z,TEMPLATE,t,0.5061,1.244,0.114,4.768,22.357,2177.0,-0.8360000000000001,0.3302,980345
94,3903,1403,3,59512.377811,30.915,-43.17,36.63,1.67,9,9,-9.259e-07,7.856e-07,,,ec0915.211025.1046077_ooi_z_v1_N22_160306.523733_ooi_z_v1_N22.diff.fits,0x0000,480,z,TEMPLATE,t,0.5334,1.15,0.102,3.379,21.799,13643.0,-0.9259,0.7856000000000001,1046077
94,3903,1403,3,59570.324687,30.915,-63.1,13.26,1.51,9,6,-1.353e-06,2.844e-07,,,ec0915.211222.1064957_ooi_z_v1_N22_160306.523733_ooi_z_v1_N22.diff.fits,0x0000,498,z,TEMPLATE,t,0.5707,1.198,0.099,3.806,22.636,2504.0,-1.353,0.2844,1064957
94,3903,1403,3,59572.282599,30.915,5.18,16.2,1.51,9,9,1.112e-07,3.475e-07,,,ec0915.211224.1065702_ooi_z_v1_N22_160306.523733_ooi_z_v1_N22.diff.fits,0x0000,499,z,TEMPLATE,t,0.4824,1.241,0.131,3.245,22.627,2317.0,0.11120000000000001,0.34750000000000003,1065702
94,3903,1403,3,59634.202353,30.915,-28.79,10.15,0.17,9,9,-6.173e-07,2.176e-07,,,ec0915.220224.1083414_ooi_z_v1_N22_160306.523733_ooi_z_v1_N22.diff.fits,0x0000,516,z,TEMPLATE,t,1.1791,1.539,0.299,3.317,23.07,6473.0,-0.6173,0.2176,1083414
94,3903,1403,3,59899.356462,30.915,-52.77,29.62,1.31,9,9,-1.132e-06,6.353e-07,,,ec0915.221116.1150882_ooi_z_v1_N22_160306.523733_ooi_z_v1_N22.diff.fits,0x0000,538,z,TEMPLATE,t,0.5615,1.16,0.102,3.141,21.994,11086.0,-1.132,0.6353,1150882
94,3903,1403,3,59948.227068,30.915,17.32,17.54,1.97,9,9,3.714e-07,3.762e-07,,,ec0915.230104.1162015_ooi_z_v1_N22_160306.523733_ooi_z_v1_N22.diff.fits,0x0000,545,z,TEMPLATE,t,0.4907,1.266,0.141,3.614,22.552,2640.0,0.3714,0.3762,1162015
94,3903,1403,3,60126.974862,30.915,-70.43,24.51,0.26,9,9,-1.51e-06,5.256e-07,,,ec0915.230701.1217849_ooi_z_v1_N22_160306.523733_ooi_z_v1_N22.diff.fits,0x0000,576,z,TEMPLATE,t,0.5718,1.22,0.139,3.114,22.311,7670.0,-1.51,0.5256,1217849
94,3903,1403,3,60156.989461,30.915,-70.73,22.27,0.65,9,3,-1.517e-06,4.776e-07,,,ec0915.230731.1227300_ooi_z_v1_N22_160306.523733_ooi_z_v1_N22.diff.fits,0x0000,581,z,TEMPLATE,t,0.5727,1.161,0.088,4.474,21.851,7123.0,-1.5170000000000001,0.47759999999999997,1227300
94,3903,1403,3,60361.185082,30.915,-59.98,28.8,0.83,9,9,-1.286e-06,6.176e-07,,,ec0915.240221.1278342_ooi_z_v1_N22_160306.523733_ooi_z_v1_N22.diff.fits,0x0000,612,z,TEMPLATE,t,0.3481,1.254,0.149,3.138,22.084,4002.0,-1.286,0.6176,1278342
94,3903,1403,3,60427.053895,30.915,-91.15,24.16,0.66,9,9,-1.955e-06,5.181e-07,,,ec0915.240427.1293150_ooi_z_v1_N22_160306.523733_ooi_z_v1_N22.diff.fits,0x0000,631,z,TEMPLATE,t,0.4412,1.246,0.141,3.114,22.273,4553.0,-1.9549999999999998,0.5181,1293150
94,3903,1403,3,60486.991345,30.915,-128.87,15.53,0.69,9,0,-2.764e-06,3.331e-07,,,ec0915.240625.1305583_ooi_z_v1_N22_160306.523733_ooi_z_v1_N22.diff.fits,0x0000,648,z,TEMPLATE,t,0.5759,1.272,0.07,5.071,22.396,2469.0,-2.7640000000000002,0.3331,1305583
94,3903,1403,3,60508.01389,30.915,-141.07,26.39,1.19,9,3,-3.025e-06,5.66e-07,,,ec0915.240717.1312960_ooi_z_v1_N22_160306.523733_ooi_z_v1_N22.diff.fits,0x0000,657,z,TEMPLATE,t,0.5675,1.125,0.046,4.761,21.822,7694.0,-3.025,0.566,1312960
94,3903,1403,3,60796.012609,30.915,280.98,485.03,0.83,9,0,6.026e-06,1.04e-05,,,ec0915.250501.1383216_ooi_z_v1_N22_160306.523733_ooi_z_v1_N22.diff.fits,0x0000,802,z,TEMPLATE,t,0.0156,1.095,0.048,4.827,18.41,2487.0,6.026000000000001,10.4,1383216
94,3903,1403,3,60810.00515,30.915,-210.61,50.87,1.11,9,9,-4.517e-06,1.091e-06,,,ec0915.250515.1385416_ooi_z_v1_N22_160306.523733_ooi_z_v1_N22.diff.fits,0x0000,817,z,TEMPLATE,t,0.2462,1.214,0.108,2.67,21.572,6937.0,-4.517,1.091,1385416
94,3903,1403,3,60811.012032,30.915,-177.35,34.36,0.68,9,9,-3.803e-06,7.368e-07,,,ec0915.250516.1385995_ooi_z_v1_N22_160306.523733_ooi_z_v1_N22.diff.fits,0x0000,824,z,TEMPLATE,t,0.2676,1.351,0.182,2.819,21.901,4248.0,-3.803,0.7368,1385995
94,3903,1403,3,60836.034265,30.915,-96.7,26.82,1.69,9,3,-2.074e-06,5.752e-07,,,ec0915.250610.1395332_ooi_z_v1_N22_160306.523733_ooi_z_v1_N22.diff.fits,0x0000,845,z,TEMPLATE,t,0.4464,1.185,0.081,4.492,21.636,6836.0,-2.074,0.5752,1395332
94,3903,1403,3,60861.985881,30.915,285.03,252.92,1.02,9,0,6.113e-06,5.424e-06,,,ec0915.250705.1404550_ooi_z_v1_N22_160306.523733_ooi_z_v1_N22.diff.fits,0x0000,861,z,TEMPLATE,t,0.0781,1.115,0.056,7.942,18.755,14860.0,6.1129999999999995,5.424,1404550
94,3903,1403,3,60885.981919,30.915,-147.88,83.99,1.22,9,0,-3.171e-06,1.801e-06,,,ec0915.250729.1410882_ooi_z_v1_N22_160306.523733_ooi_z_v1_N22.diff.fits,0x0000,878,z,TEMPLATE,t,0.1174,1.156,0.081,5.031,20.453,4021.0,-3.171,1.801,1410882
94,3903,1403,3,60891.978828,30.915,-262.78,54.97,0.45,9,9,-5.636e-06,1.179e-06,,,ec0915.250804.1411935_ooi_z_v1_N22_160306.523733_ooi_z_v1_N22.diff.fits,0x0000,882,z,TEMPLATE,t,0.2642,1.143,0.074,3.756,21.204,8976.0,-5.636,1.179,1411935
94,3903,1403,3,60988.321944,30.915,-223.78,18.09,0.71,9,3,-4.799e-06,3.88e-07,,,ec0915.251109.1433487_ooi_z_v1_N22_160306.523733_ooi_z_v1_N22.diff.fits,0x0000,923,z,TEMPLATE,t,0.545,1.532,0.233,4.536,22.309,3622.0,-4.799,0.38799999999999996,1433487
94,3903,1403,3,60997.332383,30.915,-250.29,30.97,2.21,9,9,-5.368e-06,6.641e-07,,,ec0915.251118.1436429_ooi_z_v1_N22_160306.523733_ooi_z_v1_N22.diff.fits,0x0000,936,z,TEMPLATE,t,0.2931,1.33,0.162,3.198,22.001,3094.0,-5.368,0.6641,1436429
94,3903,1403,3,61000.294623,30.915,-507.62,594.39,0.57,9,6,-1.089e-05,1.275e-05,,,ec0915.251121.1437419_ooi_z_v1_N22_160306.523733_ooi_z_v1_N22.diff.fits,0x0000,940,z,TEMPLATE,t,0.0097,1.092,0.062,3.949,18.505,1654.0,-10.89,12.75,1437419
94,3903,1403,3,61054.348165,30.915,-191.51,10.59,2.91,9,9,-4.107e-06,2.272e-07,,,ec0915.260114.1448793_ooi_z_v1_N22_160306.523733_ooi_z_v1_N22.diff.fits,0x0000,999,z,TEMPLATE,t,0.5609,1.611,0.263,3.106,23.245,1314.0,-4.107,0.22719999999999999,1448793
94,3903,1403,3,61111.243969,30.915,-242.03,11.12,0.4,9,6,-5.191e-06,2.384e-07,,,ec0915.260312.1462192_ooi_z_v1_N22_160306.523733_ooi_z_v1_N22.diff.fits,0x0000,1076,z,TEMPLATE,t,0.5703,1.382,0.135,4.012,22.768,1832.0,-5.191,0.2384,1462192
95,3890,1377,3,56341.289265,30.915,-5.05,10.05,0.99,9,0,-1.084e-07,2.155e-07,,,ec0915.130218.178885_ooi_z_N22_160306.523733_ooi_z_v1_N22.diff.fits,0x0000,10,z,TEMPLATE,t,0.8508,1.259,0.057,4.678,22.854,3300.0,-0.10840000000000001,0.2155,178885
95,3890,1377,3,56341.291336,30.915,6.79,10.73,1.14,9,0,1.456e-07,2.301e-07,,,ec0915.130218.178886_ooi_z_N22_160306.523733_ooi_z_v1_N22.diff.fits,0x0000,11,z,TEMPLATE,t,0.8473,1.266,0.073,4.273,22.895,3347.0,0.1456,0.2301,178886
95,3890,1377,3,56360.209714,30.915,37.14,11.83,0.97,9,3,7.965e-07,2.536e-07,24.147,0.345768,ec0915.130309.184932_ooi_z_N22_160306.523733_ooi_z_v1_N22.diff.fits,0x0000,16,z,TEMPLATE,t,0.5299,1.501,0.167,2.985,23.119,1727.0,0.7965,0.2536,184932
95,3890,1377,3,56418.977034,30.915,20.73,11.01,0.98,9,0,4.446e-07,2.362e-07,,,ec0915.130506.204629_ooi_z_v1_N22_160306.523733_ooi_z_v1_N22.diff.fits,0x0000,26,z,TEMPLATE,t,1.148,1.415,0.136,4.154,22.944,6628.0,0.4446,0.23620000000000002,204629
95,3890,1377,3,56487.988309,30.915,14.22,12.9,0.93,9,0,3.049e-07,2.767e-07,,,ec0915.130714.218757_ooi_z_N22_160306.523733_ooi_z_v1_N22.diff.fits,0x0000,30,z,TEMPLATE,t,1.1066,1.401,0.139,4.132,22.883,6364.0,0.3049,0.2767,218757
95,3890,1377,3,56488.988287,30.915,5.5,11.9,1.43,9,0,1.179e-07,2.551e-07,,,ec0915.130715.219201_ooi_z_N22_160306.523733_ooi_z_v1_N22.diff.fits,0x0000,34,z,TEMPLATE,t,1.1771,1.424,0.157,3.539,23.022,6998.0,0.1179,0.2551,219201
95,3890,1377,3,56489.013217,30.915,18.52,11.34,0.52,9,0,3.973e-07,2.432e-07,,,ec0915.130716.219213_ooi_z_N22_160306.523733_ooi_z_v1_N22.diff.fits,0x0000,38,z,TEMPLATE,t,1.1635,1.349,0.109,3.653,23.001,6723.0,0.3973,0.2432,219213
95,3890,1377,3,56612.306942,30.915,-1.81,11.19,2.47,9,0,-3.875e-08,2.399e-07,,,ec0915.131116.254783_ooi_z_N22_160306.523733_ooi_z_v1_N22.diff.fits,0x0000,43,z,TEMPLATE,t,1.1224,1.313,0.078,4.868,22.731,6461.0,-0.03875,0.23990000000000003,254783
95,3890,1377,3,56668.211483,30.915,9.12,9.4,0.36,9,0,1.956e-07,2.015e-07,,,ec0915.140111.273124_ooi_z_N22_160306.523733_ooi_z_v1_N22.diff.fits,0x0000,47,z,TEMPLATE,t,1.172,1.495,0.158,3.611,23.257,4304.0,0.1956,0.20149999999999998,273124
95,3890,1377,3,56668.219813,30.915,10.49,8.88,0.44,9,0,2.25e-07,1.904e-07,,,ec0915.140111.273128_ooi_z_N22_160306.523733_ooi_z_v1_N22.diff.fits,0x0000,51,z,TEMPLATE,t,1.1786,1.44,0.115,4.442,23.028,4385.0,0.22499999999999998,0.1904,273128
95,3890,1377,3,56713.197028,30.915,-34.18,10.64,0.47,9,0,-7.329e-07,2.283e-07,,,ec0915.140225.288123_ooi_z_N22_160306.523733_ooi_z_v1_N22.diff.fits,0x0000,79,z,TEMPLATE,t,1.1672,1.419,0.125,3.898,23.153,5178.0,-0.7329,0.2283,288123
95,3890,1377,3,56764.149481,30.915,-44.97,10.93,1.58,9,0,-9.645e-07,2.344e-07,,,ec0915.140417.301623_ooi_z_v1_N22_160306.523733_ooi_z_v1_N22.diff.fits,0x0000,84,z,TEMPLATE,t,1.0992,1.466,0.159,3.443,23.118,5856.0,-0.9645,0.2344,301623
95,3890,1377,3,56764.153625,30.915,-46.29,10.4,1.82,9,0,-9.927e-07,2.229e-07,,,ec0915.140417.301625_ooi_z_v1_N22_160306.523733_ooi_z_v1_N22.diff.fits,0x0000,86,z,TEMPLATE,t,1.0967,1.435,0.125,3.415,23.19,5889.0,-0.9927,0.2229,301625
95,3890,1377,3,56814.091425,30.915,15.21,10.42,0.51,9,0,3.262e-07,2.234e-07,,,ec0915.140606.320269_ooi_z_v1_N22_160306.523733_ooi_z_v1_N22.diff.fits,0x0000,89,z,TEMPLATE,t,1.1459,1.413,0.09,5.263,22.754,5333.0,0.3262,0.22340000000000002,320269
95,3890,1377,3,56834.960611,30.915,-9.48,12.78,0.55,9,0,-2.033e-07,2.741e-07,,,ec0915.140626.331029_ooi_z_v1_N22_160306.523733_ooi_z_v1_N22.diff.fits,0x0000,91,z,TEMPLATE,t,1.0967,1.452,0.12,4.69,22.667,7577.0,-0.2033,0.2741,331029
95,3890,1377,3,56854.965339,30.915,-40.18,13.38,1.27,9,0,-8.617e-07,2.87e-07,,,ec0915.140716.337810_ooi_z_v1_N22_160306.523733_ooi_z_v1_N22.diff.fits,0x0000,99,z,TEMPLATE,t,1.0126,1.426,0.119,4.132,22.811,6947.0,-0.8617,0.28700000000000003,337810
95,3890,1377,3,56998.316848,30.915,-54.29,12.28,1.0,9,0,-1.164e-06,2.633e-07,,,ec0915.141207.384681_ooi_z_v1_N22_160306.523733_ooi_z_v1_N22.diff.fits,0x0000,106,z,TEMPLATE,t,1.1284,1.229,0.117,3.559,22.939,6560.0,-1.164,0.2633,384681
95,3890,1377,3,56998.321015,30.915,-85.18,11.1,1.18,9,0,-1.827e-06,2.381e-07,,,ec0915.141207.384683_ooi_z_v1_N22_160306.523733_ooi_z_v1_N22.diff.fits,0x0000,108,z,TEMPLATE,t,1.1258,1.196,0.077,4.304,22.778,6407.0,-1.827,0.2381,384683
95,3890,1377,3,57026.228979,30.915,-71.02,13.07,1.0,9,0,-1.523e-06,2.803e-07,,,ec0915.150104.394285_ooi_z_v1_N22_160306.523733_ooi_z_v1_N22.diff.fits,0x0000,111,z,TEMPLATE,t,1.0335,1.269,0.148,3.39,22.831,6751.0,-1.5230000000000001,0.2803,394285
95,3890,1377,3,57026.233149,30.915,-66.54,13.15,0.44,9,0,-1.427e-06,2.819e-07,,,ec0915.150104.394287_ooi_z_v1_N22_160306.523733_ooi_z_v1_N22.diff.fits,0x0000,113,z,TEMPLATE,t,1.0467,1.125,0.082,3.691,22.789,6901.0,-1.427,0.2819,394287
95,3890,1377,3,57050.242086,30.915,-49.72,9.96,0.8,9,0,-1.066e-06,2.137e-07,,,ec0915.150128.403911_ooi_z_v1_N22_160306.523733_ooi_z_v1_N22.diff.fits,0x0000,118,z,TEMPLATE,t,0.9842,1.261,0.131,4.029,23.145,3149.0,-1.066,0.2137,403911
95,3890,1377,3,57053.240481,30.915,-73.57,10.58,0.99,9,0,-1.578e-06,2.268e-07,,,ec0915.150131.404893_ooi_z_v1_N22_160306.523733_ooi_z_v1_N22.diff.fits,0x0000,122,z,TEMPLATE,t,1.073,1.194,0.087,3.937,22.876,5245.0,-1.578,0.2268,404893
95,3890,1377,3,57056.260361,30.915,-92.19,11.56,0.5,9,0,-1.977e-06,2.48e-07,,,ec0915.150203.405992_ooi_z_ls9_N22_160306.523733_ooi_z_v1_N22.diff.fits,0x0000,126,z,TEMPLATE,t,1.1387,1.22,0.117,3.582,22.902,6587.0,-1.9769999999999999,0.248,405992
95,3890,1377,3,57056.268626,30.915,-90.53,11.82,0.37,9,0,-1.941e-06,2.534e-07,,,ec0915.150203.405996_ooi_z_ls9_N22_160306.523733_ooi_z_v1_N22.diff.fits,0x0000,130,z,TEMPLATE,t,1.1421,1.042,0.093,3.48,22.867,7293.0,-1.941,0.25339999999999996,405996
95,3890,1377,3,57083.233746,30.915,-112.19,11.64,1.05,9,0,-2.406e-06,2.497e-07,,,ec0915.150302.417215_ooi_z_v1_N22_160306.523733_ooi_z_v1_N22.diff.fits,0x0000,135,z,TEMPLATE,t,1.043,1.205,0.135,3.416,23.018,4875.0,-2.406,0.2497,417215
95,3890,1377,3,57088.183133,30.915,-92.56,13.3,0.38,9,0,-1.985e-06,2.853e-07,,,ec0915.150307.419088_ooi_z_v1_N22_160306.523733_ooi_z_v1_N22.diff.fits,0x0000,136,z,TEMPLATE,t,1.0547,1.158,0.08,3.392,23.026,6188.0,-1.985,0.2853,419088
95,3890,1377,3,57088.185779,30.915,-87.4,13.19,0.34,9,3,-1.874e-06,2.828e-07,,,ec0915.150307.419089_ooi_z_v1_N22_160306.523733_ooi_z_v1_N22.diff.fits,0x0000,137,z,TEMPLATE,t,1.0497,1.223,0.109,2.884,23.166,5927.0,-1.8739999999999999,0.2828,419089
95,3890,1377,3,57117.011808,30.915,-38.52,13.69,1.85,9,0,-8.262e-07,2.935e-07,,,ec0915.150405.429230_ooi_z_v1_N22_160306.523733_ooi_z_v1_N22.diff.fits,0x0000,143,z,TEMPLATE,t,1.0671,1.153,0.082,4.288,22.642,7571.0,-0.8262,0.2935,429230
95,3890,1377,3,57117.015936,30.915,-10.93,12.77,0.53,9,0,-2.345e-07,2.739e-07,,,ec0915.150405.429232_ooi_z_v1_N22_160306.523733_ooi_z_v1_N22.diff.fits,0x0000,145,z,TEMPLATE,t,1.0619,1.19,0.061,4.641,22.633,6637.0,-0.2345,0.2739,429232
95,3890,1377,3,57139.0088,30.915,-60.58,11.46,0.5,9,0,-1.299e-06,2.457e-07,,,ec0915.150427.437746_ooi_z_v1_N22_160306.523733_ooi_z_v1_N22.diff.fits,0x0000,151,z,TEMPLATE,t,1.041,1.249,0.072,5.414,22.529,5505.0,-1.299,0.24569999999999997,437746
95,3890,1377,3,57171.013911,30.915,-42.1,257.45,1.62,9,0,-9.028e-07,5.521e-06,,,ec0915.150529.443410_ooi_z_v1_N22_160306.523733_ooi_z_v1_N22.diff.fits,0x0000,153,z,TEMPLATE,t,0.0897,1.165,0.048,4.037,19.422,24525.0,-0.9027999999999999,5.521,443410
95,3890,1377,3,57171.018007,30.915,64.68,245.44,0.63,9,0,1.387e-06,5.264e-06,,,ec0915.150529.443412_ooi_z_v1_N22_160306.523733_ooi_z_v1_N22.diff.fits,0x0000,155,z,TEMPLATE,t,0.0982,1.177,0.056,3.466,19.689,24114.0,1.387,5.264,443412
95,3890,1377,3,57171.117306,30.915,-573.51,780.99,1.98,9,0,-1.23e-05,1.675e-05,,,ec0915.150529.443454_ooi_z_v1_N22_160306.523733_ooi_z_v1_N22.diff.fits,0x0000,157,z,TEMPLATE,t,0.0325,1.214,0.051,3.988,18.396,27448.0,-12.3,16.75,443454
95,3890,1377,3,57171.121418,30.915,3117.01,1091.24,1.96,9,0,6.685e-05,2.34e-05,,,ec0915.150529.443456_ooi_z_v1_N22_160306.523733_ooi_z_v1_N22.diff.fits,0x0000,159,z,TEMPLATE,t,0.0241,1.205,0.059,3.624,18.227,28127.0,66.85,23.4,443456
95,3890,1377,3,57198.960089,30.915,-100.52,14.61,1.0,9,0,-2.156e-06,3.132e-07,,,ec0915.150625.453952_ooi_z_v1_N22_160306.523733_ooi_z_v1_N22.diff.fits,0x0000,164,z,TEMPLATE,t,1.0789,1.109,0.062,4.714,22.377,10108.0,-2.156,0.31320000000000003,453952
95,3890,1377,3,57198.965698,30.915,-89.5,15.75,0.76,9,0,-1.919e-06,3.379e-07,,,ec0915.150625.453955_ooi_z_v1_N22_160306.523733_ooi_z_v1_N22.diff.fits,0x0000,167,z,TEMPLATE,t,1.0696,1.223,0.064,4.277,22.481,10187.0,-1.9190000000000003,0.3379,453955
95,3890,1377,3,57199.005294,30.915,-97.66,13.77,0.68,9,0,-2.094e-06,2.953e-07,,,ec0915.150626.453976_ooi_z_v1_N22_160306.523733_ooi_z_v1_N22.diff.fits,0x0000,170,z,TEMPLATE,t,1.0649,1.202,0.083,4.295,22.633,7612.0,-2.0940000000000003,0.2953,453976
95,3890,1377,3,57387.340403,30.915,-22.69,11.03,1.26,9,0,-4.867e-07,2.365e-07,,,ec0915.151231.507220_ooi_z_v1_N22_160306.523733_ooi_z_v1_N22.diff.fits,0x0000,176,z,TEMPLATE,t,1.0642,1.234,0.126,3.164,23.086,5609.0,-0.4867,0.23650000000000002,507220
95,3890,1377,3,57388.334629,30.915,-35.0,10.41,0.87,9,0,-7.506e-07,2.232e-07,,,ec0915.160101.507561_ooi_z_v1_N22_160306.523733_ooi_z_v1_N22.diff.fits,0x0000,180,z,TEMPLATE,t,1.0844,1.228,0.102,3.599,23.14,4209.0,-0.7505999999999999,0.22319999999999998,507561
95,3890,1377,3,57443.170926,30.915,20.41,12.24,0.71,9,0,4.376e-07,2.625e-07,,,ec0915.160225.519763_ooi_z_v1_N22_160306.523733_ooi_z_v1_N22.diff.fits,0x0000,183,z,TEMPLATE,t,1.0313,1.116,0.072,3.975,22.746,6057.0,0.4376,0.26249999999999996,519763
95,3890,1377,3,57443.175066,30.915,-11.84,12.04,1.09,9,0,-2.539e-07,2.582e-07,,,ec0915.160225.519765_ooi_z_v1_N22_160306.523733_ooi_z_v1_N22.diff.fits,0x0000,185,z,TEMPLATE,t,1.0353,1.109,0.06,4.579,22.596,5911.0,-0.2539,0.25820000000000004,519765
95,3890,1377,3,57452.205272,30.915,-26.51,12.87,0.37,9,3,-5.686e-07,2.76e-07,,,ec0915.160305.523437_ooi_z_v1_N22_160306.523733_ooi_z_v1_N22.diff.fits,0x0000,187,z,TEMPLATE,t,1.0771,1.286,0.146,2.451,23.522,4633.0,-0.5686,0.27599999999999997,523437
95,3890,1377,3,57535.95023,30.915,22.61,42.99,1.47,9,0,4.849e-07,9.219e-07,,,ec0915.160527.545715_ooi_z_v1_N22_160306.523733_ooi_z_v1_N22.diff.fits,0x0000,190,z,TEMPLATE,t,0.3206,1.151,0.067,3.798,21.456,7315.0,0.4849,0.9219,545715
95,3890,1377,3,57535.954356,30.915,-49.2,36.4,1.78,9,0,-1.055e-06,7.806e-07,,,ec0915.160527.545717_ooi_z_v1_N22_160306.523733_ooi_z_v1_N22.diff.fits,0x0000,192,z,TEMPLATE,t,0.3243,1.121,0.056,4.145,21.475,5947.0,-1.0550000000000002,0.7806,545717
95,3890,1377,3,57535.991722,30.915,-40.49,12.13,0.93,9,0,-8.683e-07,2.602e-07,,,ec0915.160527.545735_ooi_z_v1_N22_160306.523733_ooi_z_v1_N22.diff.fits,0x0000,194,z,TEMPLATE,t,0.8908,1.309,0.092,4.077,22.828,4546.0,-0.8683,0.2602,545735
95,3890,1377,3,57535.995867,30.915,9.98,11.91,0.42,9,0,2.141e-07,2.554e-07,,,ec0915.160527.545737_ooi_z_v1_N22_160306.523733_ooi_z_v1_N22.diff.fits,0x0000,196,z,TEMPLATE,t,0.9992,1.236,0.106,3.527,22.982,4803.0,0.21409999999999998,0.2554,545737
95,3890,1377,3,57545.965079,30.915,-23.54,14.98,0.7,9,0,-5.049e-07,3.213e-07,,,ec0915.160606.547142_ooi_z_v1_N22_160306.523733_ooi_z_v1_N22.diff.fits,0x0000,206,z,TEMPLATE,t,0.5751,1.139,0.076,4.454,22.464,3034.0,-0.5049,0.3213,547142
95,3890,1377,3,57566.040208,30.915,-3.58,16.68,1.49,9,0,-7.679e-08,3.576e-07,,,ec0915.160627.549002_ooi_z_v1_N22_160306.523733_ooi_z_v1_N22.diff.fits,0x0000,210,z,TEMPLATE,t,0.9597,1.114,0.072,4.658,22.451,8142.0,-0.07679,0.35760000000000003,549002
95,3890,1377,3,57764.169856,30.915,-87.47,12.18,1.26,9,0,-1.876e-06,2.611e-07,,,ec0915.170111.608550_ooi_z_v1_N22_160306.523733_ooi_z_v1_N22.diff.fits,0x0000,213,z,TEMPLATE,t,1.0318,1.268,0.139,3.199,23.075,5482.0,-1.876,0.2611,608550
95,3890,1377,3,57764.173997,30.915,-69.39,13.24,0.53,9,0,-1.488e-06,2.839e-07,,,ec0915.170111.608552_ooi_z_v1_N22_160306.523733_ooi_z_v1_N22.diff.fits,0x0000,215,z,TEMPLATE,t,1.039,1.151,0.106,3.214,23.05,5620.0,-1.488,0.2839,608552
95,3890,1377,3,57769.284073,30.915,-90.24,11.24,0.24,9,0,-1.935e-06,2.41e-07,,,ec0915.170116.609360_ooi_z_v1_N22_160306.523733_ooi_z_v1_N22.diff.fits,0x0000,217,z,TEMPLATE,t,1.0338,1.183,0.119,3.18,23.349,4050.0,-1.935,0.241,609360
95,3890,1377,3,57769.288221,30.915,-52.28,11.16,1.09,9,0,-1.121e-06,2.394e-07,,,ec0915.170116.609362_ooi_z_v1_N22_160306.523733_ooi_z_v1_N22.diff.fits,0x0000,219,z,TEMPLATE,t,1.0319,1.156,0.125,3.214,23.332,4079.0,-1.121,0.23939999999999997,609362
95,3890,1377,3,57794.308614,30.915,-85.15,10.86,1.12,9,0,-1.826e-06,2.329e-07,,,ec0915.170210.619020_ooi_z_v1_N22_160306.523733_ooi_z_v1_N22.diff.fits,0x0000,231,z,TEMPLATE,t,1.0675,1.149,0.1,3.599,22.954,5829.0,-1.826,0.2329,619020
95,3890,1377,3,57795.317714,30.915,-101.57,13.12,0.55,9,3,-2.178e-06,2.814e-07,,,ec0915.170211.619366_ooi_z_v1_N22_160306.523733_ooi_z_v1_N22.diff.fits,0x0000,233,z,TEMPLATE,t,1.0286,1.208,0.115,2.859,23.098,6629.0,-2.178,0.28140000000000004,619366
95,3890,1377,3,57798.077705,30.915,-79.23,13.04,0.44,9,0,-1.699e-06,2.796e-07,,,ec0915.170214.620291_ooi_z_v1_N22_160306.523733_ooi_z_v1_N22.diff.fits,0x0000,235,z,TEMPLATE,t,0.9631,1.165,0.11,3.29,22.936,5922.0,-1.6989999999999998,0.2796,620291
95,3890,1377,3,57822.338331,30.915,-89.16,13.76,0.88,9,0,-1.912e-06,2.95e-07,,,ec0915.170310.628200_ooi_z_v1_N22_160306.523733_ooi_z_v1_N22.diff.fits,0x0000,237,z,TEMPLATE,t,0.9992,1.127,0.081,3.576,22.797,7326.0,-1.9120000000000001,0.295,628200
95,3890,1377,3,57822.342476,30.915,-117.43,14.76,0.81,9,0,-2.518e-06,3.165e-07,,,ec0915.170310.628202_ooi_z_v1_N22_160306.523733_ooi_z_v1_N22.diff.fits,0x0000,239,z,TEMPLATE,t,0.9893,1.057,0.061,4.175,22.591,7749.0,-2.518,0.3165,628202
95,3890,1377,3,57824.277361,30.915,-84.52,12.57,0.34,9,0,-1.813e-06,2.696e-07,,,ec0915.170312.628814_ooi_z_v1_N22_160306.523733_ooi_z_v1_N22.diff.fits,0x0000,241,z,TEMPLATE,t,1.0506,1.067,0.073,3.807,22.77,7544.0,-1.813,0.2696,628814
95,3890,1377,3,57824.281503,30.915,-100.43,12.18,1.08,9,0,-2.154e-06,2.611e-07,,,ec0915.170312.628816_ooi_z_v1_N22_160306.523733_ooi_z_v1_N22.diff.fits,0x0000,243,z,TEMPLATE,t,1.0475,1.22,0.097,3.347,22.952,6645.0,-2.154,0.2611,628816
95,3890,1377,3,57847.124307,30.915,-70.12,11.44,1.03,9,0,-1.504e-06,2.453e-07,,,ec0915.170404.636946_ooi_z_v1_N22_160306.523733_ooi_z_v1_N22.diff.fits,0x0000,252,z,TEMPLATE,t,1.0078,1.244,0.131,3.534,23.1,4387.0,-1.504,0.24530000000000002,636946
95,3890,1377,3,57848.992872,30.915,-74.88,14.62,1.58,9,0,-1.606e-06,3.136e-07,,,ec0915.170405.637489_ooi_z_v1_N22_160306.523733_ooi_z_v1_N22.diff.fits,0x0000,255,z,TEMPLATE,t,1.0116,1.165,0.1,3.387,22.831,7297.0,-1.6059999999999999,0.3136,637489
95,3890,1377,3,57872.960558,30.915,-95.33,14.39,1.25,9,3,-2.044e-06,3.085e-07,,,ec0915.170429.645088_ooi_z_v1_N22_160306.523733_ooi_z_v1_N22.diff.fits,0x0000,256,z,TEMPLATE,t,1.1067,1.318,0.153,2.628,23.096,8900.0,-2.044,0.3085,645088
95,3890,1377,3,57872.960558,30.915,-95.4,14.47,1.43,9,3,-2.046e-06,3.103e-07,,,ec0915.170429.645088_ooi_z_vx_N22_160306.523733_ooi_z_v1_N22.diff.fits,0x0000,257,z,TEMPLATE,t,1.14,1.297,0.163,2.627,23.073,9226.0,-2.046,0.3103,645088
95,3890,1377,3,57874.962088,30.915,-66.15,38.69,0.56,9,0,-1.419e-06,8.298e-07,,,ec0915.170501.646110_ooi_z_v1_N22_160306.523733_ooi_z_v1_N22.diff.fits,0x0000,270,z,TEMPLATE,t,0.4218,0.813,0.05,3.56,21.55,11604.0,-1.419,0.8298,646110
95,3890,1377,3,57874.96623,30.915,-127.7,50.96,0.81,9,0,-2.739e-06,1.093e-06,,,ec0915.170501.646112_ooi_z_vx_N22_160306.523733_ooi_z_v1_N22.diff.fits,0x0000,273,z,TEMPLATE,t,0.2792,1.081,0.064,3.558,21.265,8303.0,-2.739,1.093,646112
95,3890,1377,3,57874.96623,30.915,-117.95,51.23,1.02,9,0,-2.529e-06,1.099e-06,,,ec0915.170501.646112_ooi_z_v1_N22_160306.523733_ooi_z_v1_N22.diff.fits,0x0000,272,z,TEMPLATE,t,0.2716,1.088,0.062,3.558,21.271,8234.0,-2.529,1.099,646112
95,3890,1377,3,57875.014571,30.915,-102.95,36.17,0.54,9,0,-2.208e-06,7.758e-07,,,ec0915.170502.646135_ooi_z_v1_N22_160306.523733_ooi_z_v1_N22.diff.fits,0x0000,275,z,TEMPLATE,t,0.3539,1.104,0.064,3.521,21.657,7497.0,-2.2079999999999997,0.7758,646135
95,3890,1377,3,57875.018706,30.915,-94.15,28.4,1.35,9,0,-2.019e-06,6.09e-07,,,ec0915.170502.646137_ooi_z_v1_N22_160306.523733_ooi_z_v1_N22.diff.fits,0x0000,278,z,TEMPLATE,t,0.4891,1.167,0.081,3.247,22.174,6770.0,-2.019,0.609,646137
95,3890,1377,3,57875.018706,30.915,-97.92,29.44,1.3,9,0,-2.1e-06,6.313e-07,,,ec0915.170502.646137_ooi_z_vx_N22_160306.523733_ooi_z_v1_N22.diff.fits,0x0000,279,z,TEMPLATE,t,0.5031,1.109,0.082,3.247,22.145,7140.0,-2.0999999999999996,0.6313,646137
95,3890,1377,3,57875.081054,30.915,-22.29,43.91,0.71,9,0,-4.78e-07,9.416e-07,,,ec0915.170502.646165_ooi_z_v1_N22_160306.523733_ooi_z_v1_N22.diff.fits,0x0000,282,z,TEMPLATE,t,0.314,1.116,0.069,3.34,21.62,7054.0,-0.47800000000000004,0.9416,646165
95,3890,1377,3,57875.085195,30.915,-104.07,17.24,0.55,9,0,-2.232e-06,3.698e-07,,,ec0915.170502.646167_ooi_z_v1_N22_160306.523733_ooi_z_v1_N22.diff.fits,0x0000,284,z,TEMPLATE,t,0.7859,1.128,0.089,3.35,22.666,6214.0,-2.2319999999999998,0.36979999999999996,646167
95,3890,1377,3,57875.122515,30.915,-113.61,24.13,0.79,9,3,-2.436e-06,5.176e-07,,,ec0915.170502.646185_ooi_z_v1_N22_160306.523733_ooi_z_v1_N22.diff.fits,0x0000,286,z,TEMPLATE,t,0.5261,0.991,0.076,3.058,22.295,6557.0,-2.436,0.5176000000000001,646185
95,3890,1377,3,57875.126648,30.915,-62.14,22.55,1.09,9,0,-1.333e-06,4.835e-07,,,ec0915.170502.646187_ooi_z_v1_N22_160306.523733_ooi_z_v1_N22.diff.fits,0x0000,288,z,TEMPLATE,t,0.5093,1.192,0.085,3.171,22.342,5378.0,-1.333,0.4835,646187
95,3890,1377,3,57888.146212,30.915,-89.63,13.59,1.44,6,0,-1.922e-06,2.914e-07,,,ec0915.170515.648397_ooi_z_v1_N22_160306.523733_ooi_z_v1_N22.diff.fits,0x0000,290,z,TEMPLATE,t,1.026,1.134,0.061,5.728,22.558,4880.0,-1.922,0.2914,648397
95,3890,1377,3,57888.150335,30.915,-83.87,19.49,2.82,3,0,-1.799e-06,4.181e-07,,,ec0915.170515.648399_ooi_z_v1_N22_160306.523733_ooi_z_v1_N22.diff.fits,0x0000,292,z,TEMPLATE,t,1.0271,1.289,0.057,5.92,22.593,4268.0,-1.7990000000000002,0.4181,648399
95,3890,1377,3,57935.020929,30.915,-70.28,12.15,0.33,9,0,-1.507e-06,2.606e-07,,,ec0915.170701.657445_ooi_z_vx_N22_160306.523733_ooi_z_v1_N22.diff.fits,0x0000,299,z,TEMPLATE,t,1.1345,1.232,0.13,3.547,23.0,5851.0,-1.507,0.2606,657445
95,3890,1377,3,57950.995174,30.915,-63.84,17.36,0.43,6,0,-1.369e-06,3.724e-07,,,ec0915.170716.659072_ooi_z_v1_N22_160306.523733_ooi_z_v1_N22.diff.fits,0x0000,306,z,TEMPLATE,t,1.11,0.929,0.039,7.027,22.172,8578.0,-1.369,0.3724,659072
95,3890,1377,3,58183.117442,30.915,-42.25,11.61,1.06,9,0,-9.06e-07,2.491e-07,,,ec0915.180306.727448_ooi_z_v1_N22_160306.523733_ooi_z_v1_N22.diff.fits,0x0000,312,z,TEMPLATE,t,0.9792,1.336,0.067,4.321,22.804,4442.0,-0.906,0.24909999999999996,727448
95,3890,1377,3,58183.121555,30.915,-45.1,12.22,0.87,9,0,-9.673e-07,2.621e-07,,,ec0915.180306.727450_ooi_z_v1_N22_160306.523733_ooi_z_v1_N22.diff.fits,0x0000,314,z,TEMPLATE,t,0.9745,1.099,0.082,3.827,22.829,5524.0,-0.9673,0.2621,727450
95,3890,1377,3,58184.03864,30.915,-28.67,12.97,0.86,9,0,-6.149e-07,2.782e-07,,,ec0915.180307.727589_ooi_z_v1_N22_160306.523733_ooi_z_v1_N22.diff.fits,0x0000,316,z,TEMPLATE,t,0.8599,1.178,0.078,5.158,22.516,4545.0,-0.6149,0.2782,727589
95,3890,1377,3,58225.986333,30.915,-23.98,13.98,0.4,9,0,-5.142e-07,2.999e-07,,,ec0915.180417.736458_ooi_z_v1_N22_160306.523733_ooi_z_v1_N22.diff.fits,0x0000,327,z,TEMPLATE,t,0.9652,1.246,0.077,4.831,22.505,5784.0,-0.5142,0.2999,736458
95,3890,1377,3,58232.983204,30.915,-3.06,14.01,0.95,9,0,-6.553e-08,3.004e-07,,,ec0915.180424.738618_ooi_z_v1_N22_160306.523733_ooi_z_v1_N22.diff.fits,0x0000,331,z,TEMPLATE,t,1.0633,1.157,0.103,3.779,22.758,7453.0,-0.06553,0.3004,738618
95,3890,1377,3,58246.003574,30.915,-23.12,21.68,1.48,9,0,-4.958e-07,4.649e-07,,,ec0915.180508.743629_ooi_z_v1_N22_160306.523733_ooi_z_v1_N22.diff.fits,0x0000,335,z,TEMPLATE,t,0.7157,1.113,0.065,4.337,22.078,9437.0,-0.49579999999999996,0.4649,743629
95,3890,1377,3,58261.080086,30.915,-29.22,16.7,1.04,9,0,-6.267e-07,3.581e-07,,,ec0915.180523.750068_ooi_z_v1_N22_160306.523733_ooi_z_v1_N22.diff.fits,0x0000,339,z,TEMPLATE,t,1.0482,0.963,0.094,3.406,22.75,9810.0,-0.6266999999999999,0.35810000000000003,750068
95,3890,1377,3,58261.088392,30.915,-71.53,13.51,0.57,9,0,-1.534e-06,2.898e-07,,,ec0915.180523.750072_ooi_z_v1_N22_160306.523733_ooi_z_v1_N22.diff.fits,0x0000,343,z,TEMPLATE,t,1.0415,1.169,0.117,3.008,22.974,8140.0,-1.534,0.2898,750072
95,3890,1377,3,58313.979667,30.915,-41.67,12.98,0.6,9,0,-8.936e-07,2.785e-07,,,ec0915.180714.755609_ooi_z_v1_N22_160306.523733_ooi_z_v1_N22.diff.fits,0x0000,345,z,TEMPLATE,t,1.1382,1.002,0.082,4.134,22.713,8411.0,-0.8936000000000001,0.2785,755609
95,3890,1377,3,58313.987958,30.915,-23.5,12.98,0.42,9,0,-5.041e-07,2.785e-07,,,ec0915.180714.755613_ooi_z_v1_N22_160306.523733_ooi_z_v1_N22.diff.fits,0x0000,349,z,TEMPLATE,t,1.1318,1.09,0.078,3.788,22.871,7802.0,-0.5041,0.2785,755613
95,3890,1377,3,58483.310826,30.915,-57.06,10.29,0.8,9,0,-1.224e-06,2.207e-07,,,ec0915.181231.807723_ooi_z_v1_N22_160306.523733_ooi_z_v1_N22.diff.fits,0x0000,358,z,TEMPLATE,t,1.1382,1.454,0.173,3.529,23.237,4204.0,-1.224,0.2207,807723
95,3890,1377,3,58536.294128,30.915,-65.79,17.8,0.87,9,3,-1.411e-06,3.817e-07,,,ec0915.190222.826209_ooi_z_v1_N22_160306.523733_ooi_z_v1_N22.diff.fits,0x0000,363,z,TEMPLATE,t,0.5223,1.125,0.124,2.835,22.823,2881.0,-1.4109999999999998,0.3817,826209
95,3890,1377,3,58542.172304,30.915,-52.94,10.21,1.44,9,3,-1.135e-06,2.19e-07,,,ec0915.190228.828459_ooi_z_v1_N22_160306.523733_ooi_z_v1_N22.diff.fits,0x0000,367,z,TEMPLATE,t,1.026,1.087,0.14,3.159,23.342,3542.0,-1.135,0.219,828459
95,3890,1377,3,58572.222637,30.915,-34.86,10.95,0.73,9,0,-7.475e-07,2.348e-07,,,ec0915.190330.843689_ooi_z_v1_N22_160306.523733_ooi_z_v1_N22.diff.fits,0x0000,384,z,TEMPLATE,t,1.2018,1.172,0.105,4.127,23.009,5136.0,-0.7475,0.2348,843689
95,3890,1377,3,58572.226441,30.915,,,,0,0,,,,,ec0915.190330.843690_ooi_z_v1_N22_160306.523733_ooi_z_v1_N22.diff.fits,0x0000,385,z,TEMPLATE,t,0.8292,1.115,0.072,4.453,22.559,5193.0,,,843690
95,3890,1377,3,58572.230237,30.915,-29.59,16.22,1.28,9,0,-6.346e-07,3.479e-07,,,ec0915.190330.843691_ooi_z_v1_N22_160306.523733_ooi_z_v1_N22.diff.fits,0x0000,386,z,TEMPLATE,t,0.6732,1.234,0.089,4.04,22.442,4903.0,-0.6346,0.3479,843691
95,3890,1377,3,58572.234037,30.915,3.96,24.09,0.22,9,0,8.486e-08,5.166e-07,,,ec0915.190330.843692_ooi_z_v1_N22_160306.523733_ooi_z_v1_N22.diff.fits,0x0000,387,z,TEMPLATE,t,0.5142,1.044,0.056,4.479,21.994,5216.0,0.08485999999999999,0.5166,843692
95,3890,1377,3,58572.237846,30.915,-60.56,23.94,0.94,9,0,-1.299e-06,5.134e-07,,,ec0915.190330.843693_ooi_z_v1_N22_160306.523733_ooi_z_v1_N22.diff.fits,0x0000,388,z,TEMPLATE,t,0.4535,1.115,0.069,4.214,21.987,4793.0,-1.299,0.5134000000000001,843693
95,3890,1377,3,58578.206222,30.915,-46.36,13.29,0.79,9,0,-9.942e-07,2.851e-07,,,ec0915.190405.846168_ooi_z_v1_N22_160306.523733_ooi_z_v1_N22.diff.fits,0x0000,392,z,TEMPLATE,t,1.0249,0.832,0.109,3.986,22.804,6648.0,-0.9942,0.28509999999999996,846168
95,3890,1377,3,58639.02291,30.915,-46.81,37.68,1.13,9,0,-1.004e-06,8.081e-07,,,ec0915.190605.862065_ooi_z_v1_N22_160306.523733_ooi_z_v1_N22.diff.fits,0x0000,396,z,TEMPLATE,t,0.4406,0.878,0.063,3.587,21.698,9151.0,-1.004,0.8081,862065
95,3890,1377,3,58691.95826,30.915,-94.65,40.31,0.74,9,0,-2.03e-06,8.645e-07,,,ec0915.190727.879486_ooi_z_v1_N22_160306.523733_ooi_z_v1_N22.diff.fits,0x0000,397,z,TEMPLATE,t,0.6597,1.016,0.066,4.036,21.499,27221.0,-2.0300000000000002,0.8645,879486
95,3890,1377,3,58818.262285,30.915,-64.42,13.81,1.69,9,0,-1.382e-06,2.963e-07,,,ec0915.191201.912644_ooi_z_vx_N22_160306.523733_ooi_z_v1_N22.diff.fits,0x0000,406,z,TEMPLATE,t,1.1264,1.31,0.152,3.599,22.872,7481.0,-1.3820000000000001,0.2963,912644
95,3890,1377,3,58818.262285,30.915,-42.16,13.43,1.97,9,0,-9.041e-07,2.881e-07,,,ec0915.191201.912644_ooi_z_v1_N22_160306.523733_ooi_z_v1_N22.diff.fits,0x0000,405,z,TEMPLATE,t,1.1253,1.157,0.085,3.6,22.863,7593.0,-0.9040999999999999,0.28809999999999997,912644
95,3890,1377,3,58818.27059,30.915,-66.79,13.47,0.57,9,0,-1.432e-06,2.889e-07,,,ec0915.191201.912648_ooi_z_v1_N22_160306.523733_ooi_z_v1_N22.diff.fits,0x0000,410,z,TEMPLATE,t,1.1387,1.094,0.103,3.313,22.974,7022.0,-1.432,0.2889,912648
95,3890,1377,3,58840.279334,30.915,-37.96,10.51,0.56,9,0,-8.142e-07,2.253e-07,,,ec0915.191223.921762_ooi_z_v1_N22_160306.523733_ooi_z_v1_N22.diff.fits,0x0000,414,z,TEMPLATE,t,1.1448,1.315,0.161,3.23,23.351,4028.0,-0.8141999999999999,0.2253,921762
95,3890,1377,3,58840.287634,30.915,-36.25,10.25,0.89,9,3,-7.775e-07,2.198e-07,,,ec0915.191223.921766_ooi_z_v1_N22_160306.523733_ooi_z_v1_N22.diff.fits,0x0000,418,z,TEMPLATE,t,1.1553,1.201,0.15,2.968,23.373,4317.0,-0.7775,0.2198,921766
95,3890,1377,3,58840.363289,30.915,-60.73,20.75,1.39,9,3,-1.302e-06,4.449e-07,,,ec0915.191223.921802_ooi_z_v1_N22_160306.523733_ooi_z_v1_N22.diff.fits,0x0000,422,z,TEMPLATE,t,0.5851,1.226,0.129,2.65,22.756,4509.0,-1.302,0.4449,921802
95,3890,1377,3,58848.301947,30.915,-40.32,11.76,0.8,9,3,-8.648e-07,2.522e-07,,,ec0915.191231.923831_ooi_z_v1_N22_160306.523733_ooi_z_v1_N22.diff.fits,0x0000,426,z,TEMPLATE,t,1.1973,1.426,0.21,2.611,23.578,4309.0,-0.8648,0.2522,923831
95,3890,1377,3,58848.31023,30.915,-25.69,10.07,0.13,9,0,-5.51e-07,2.159e-07,,,ec0915.191231.923835_ooi_z_v1_N22_160306.523733_ooi_z_v1_N22.diff.fits,0x0000,430,z,TEMPLATE,t,1.2048,1.259,0.133,3.537,23.364,4099.0,-0.551,0.21589999999999998,923835
95,3890,1377,3,58848.348661,30.915,-44.15,13.33,0.98,9,3,-9.468e-07,2.858e-07,,,ec0915.191231.923853_ooi_z_v1_N22_160306.523733_ooi_z_v1_N22.diff.fits,0x0000,432,z,TEMPLATE,t,0.5858,1.305,0.178,2.912,23.094,2111.0,-0.9468,0.2858,923853
95,3890,1377,3,58870.169795,30.915,-47.66,12.14,0.5,9,0,-1.022e-06,2.603e-07,,,ec0915.200122.925785_ooi_z_v1_N22_160306.523733_ooi_z_v1_N22.diff.fits,0x0000,436,z,TEMPLATE,t,1.056,1.196,0.111,3.884,22.984,5016.0,-1.022,0.26030000000000003,925785
95,3890,1377,3,58877.17514,30.915,-48.97,11.09,0.63,9,0,-1.05e-06,2.379e-07,,,ec0915.200129.927465_ooi_z_v1_N22_160306.523733_ooi_z_v1_N22.diff.fits,0x0000,440,z,TEMPLATE,t,1.0048,1.181,0.094,4.728,22.772,4312.0,-1.0499999999999998,0.2379,927465
95,3890,1377,3,58905.154089,30.915,-56.99,10.55,1.4,9,0,-1.222e-06,2.263e-07,,,ec0915.200226.938759_ooi_z_v1_N22_160306.523733_ooi_z_v1_N22.diff.fits,0x0000,444,z,TEMPLATE,t,1.1088,1.238,0.13,3.857,23.09,4273.0,-1.222,0.2263,938759
95,3890,1377,3,59146.349303,30.915,-67.78,11.21,0.75,9,0,-1.453e-06,2.405e-07,,,ec0915.201024.948166_ooi_z_v1_N22_160306.523733_ooi_z_v1_N22.diff.fits,0x0000,448,z,TEMPLATE,t,1.1096,1.213,0.112,4.401,22.807,6017.0,-1.4529999999999998,0.24050000000000002,948166
95,3890,1377,3,59176.305734,30.915,-92.43,11.84,0.87,9,0,-1.982e-06,2.54e-07,,,ec0915.201123.957181_ooi_z_v1_N22_160306.523733_ooi_z_v1_N22.diff.fits,0x0000,452,z,TEMPLATE,t,1.1309,1.408,0.209,3.806,23.004,5426.0,-1.9819999999999998,0.254,957181
95,3890,1377,3,59236.261521,30.915,-86.61,11.33,1.63,9,0,-1.857e-06,2.429e-07,,,ec0915.210122.958768_ooi_z_v1_N22_160306.523733_ooi_z_v1_N22.diff.fits,0x0000,455,z,TEMPLATE,t,1.0432,1.468,0.226,4.415,22.848,4910.0,-1.857,0.24289999999999998,958768
95,3890,1377,3,59301.045653,30.915,-42.34,24.24,0.99,9,0,-9.08e-07,5.197e-07,,,ec0915.210328.978113_ooi_z_v1_N22_160306.523733_ooi_z_v1_N22.diff.fits,0x0000,463,z,TEMPLATE,t,0.5115,1.197,0.11,3.635,22.321,4215.0,-0.908,0.5196999999999999,978113
95,3890,1377,3,59304.008094,30.915,-85.61,16.86,0.41,9,0,-1.836e-06,3.615e-07,,,ec0915.210331.979132_ooi_z_v1_N22_160306.523733_ooi_z_v1_N22.diff.fits,0x0000,465,z,TEMPLATE,t,0.5342,1.207,0.1,4.205,22.455,2752.0,-1.836,0.3615,979132
95,3890,1377,3,59307.091802,30.915,-57.53,17.21,0.66,9,0,-1.234e-06,3.691e-07,,,ec0915.210403.980345_ooi_z_v1_N22_160306.523733_ooi_z_v1_N22.diff.fits,0x0000,467,z,TEMPLATE,t,0.5061,1.244,0.114,4.768,22.357,2177.0,-1.234,0.3691,980345
95,3890,1377,3,59512.377811,30.915,-45.44,32.57,0.25,9,0,-9.744e-07,6.985e-07,,,ec0915.211025.1046077_ooi_z_v1_N22_160306.523733_ooi_z_v1_N22.diff.fits,0x0000,480,z,TEMPLATE,t,0.5334,1.15,0.102,3.379,21.799,13643.0,-0.9743999999999999,0.6985,1046077
95,3890,1377,3,59570.324687,30.915,-55.9,15.6,0.71,9,0,-1.199e-06,3.346e-07,,,ec0915.211222.1064957_ooi_z_v1_N22_160306.523733_ooi_z_v1_N22.diff.fits,0x0000,498,z,TEMPLATE,t,0.5707,1.198,0.099,3.806,22.636,2504.0,-1.199,0.3346,1064957
95,3890,1377,3,59572.282599,30.915,-32.89,17.4,2.69,9,0,-7.053e-07,3.731e-07,,,ec0915.211224.1065702_ooi_z_v1_N22_160306.523733_ooi_z_v1_N22.diff.fits,0x0000,499,z,TEMPLATE,t,0.4824,1.241,0.131,3.245,22.627,2317.0,-0.7053,0.37310000000000004,1065702
95,3890,1377,3,59634.202353,30.915,-69.05,12.4,1.68,9,0,-1.481e-06,2.658e-07,,,ec0915.220224.1083414_ooi_z_v1_N22_160306.523733_ooi_z_v1_N22.diff.fits,0x0000,516,z,TEMPLATE,t,1.1791,1.539,0.299,3.317,23.07,6473.0,-1.481,0.26580000000000004,1083414
95,3890,1377,3,59899.356462,30.915,-106.58,29.15,0.19,9,0,-2.286e-06,6.251e-07,,,ec0915.221116.1150882_ooi_z_v1_N22_160306.523733_ooi_z_v1_N22.diff.fits,0x0000,538,z,TEMPLATE,t,0.5615,1.16,0.102,3.141,21.994,11086.0,-2.2859999999999996,0.6251,1150882
95,3890,1377,3,59948.227068,30.915,-58.86,16.75,0.14,9,0,-1.262e-06,3.592e-07,,,ec0915.230104.1162015_ooi_z_v1_N22_160306.523733_ooi_z_v1_N22.diff.fits,0x0000,545,z,TEMPLATE,t,0.4907,1.266,0.141,3.614,22.552,2640.0,-1.262,0.35919999999999996,1162015
95,3890,1377,3,60126.974862,30.915,-121.48,24.83,1.97,9,3,-2.605e-06,5.324e-07,,,ec0915.230701.1217849_ooi_z_v1_N22_160306.523733_ooi_z_v1_N22.diff.fits,0x0000,576,z,TEMPLATE,t,0.5718,1.22,0.139,3.114,22.311,7670.0,-2.605,0.5324,1217849
95,3890,1377,3,60156.989461,30.915,-110.8,24.0,0.85,9,0,-2.376e-06,5.146e-07,,,ec0915.230731.1227300_ooi_z_v1_N22_160306.523733_ooi_z_v1_N22.diff.fits,0x0000,581,z,TEMPLATE,t,0.5727,1.161,0.088,4.474,21.851,7123.0,-2.3760000000000003,0.5146000000000001,1227300
95,3890,1377,3,60361.185082,30.915,-137.19,30.21,1.9,9,0,-2.942e-06,6.479e-07,,,ec0915.240221.1278342_ooi_z_v1_N22_160306.523733_ooi_z_v1_N22.diff.fits,0x0000,612,z,TEMPLATE,t,0.3481,1.254,0.149,3.138,22.084,4002.0,-2.942,0.6478999999999999,1278342
95,3890,1377,3,60427.053895,30.915,-124.8,23.77,1.43,9,3,-2.676e-06,5.098e-07,,,ec0915.240427.1293150_ooi_z_v1_N22_160306.523733_ooi_z_v1_N22.diff.fits,0x0000,631,z,TEMPLATE,t,0.4412,1.246,0.141,3.114,22.273,4553.0,-2.6759999999999997,0.5097999999999999,1293150
95,3890,1377,3,60486.991345,30.915,-155.02,14.67,0.51,9,0,-3.325e-06,3.147e-07,,,ec0915.240625.1305583_ooi_z_v1_N22_160306.523733_ooi_z_v1_N22.diff.fits,0x0000,648,z,TEMPLATE,t,0.5759,1.272,0.07,5.071,22.396,2469.0,-3.3249999999999997,0.3147,1305583
95,3890,1377,3,60508.01389,30.915,-171.33,23.18,1.6,9,0,-3.674e-06,4.972e-07,,,ec0915.240717.1312960_ooi_z_v1_N22_160306.523733_ooi_z_v1_N22.diff.fits,0x0000,657,z,TEMPLATE,t,0.5675,1.125,0.046,4.761,21.822,7694.0,-3.674,0.4972,1312960
95,3890,1377,3,60796.012609,30.915,-566.53,491.01,1.95,9,0,-1.215e-05,1.053e-05,,,ec0915.250501.1383216_ooi_z_v1_N22_160306.523733_ooi_z_v1_N22.diff.fits,0x0000,802,z,TEMPLATE,t,0.0156,1.095,0.048,4.827,18.41,2487.0,-12.15,10.530000000000001,1383216
95,3890,1377,3,60810.00515,30.915,-151.73,49.78,0.64,9,3,-3.254e-06,1.068e-06,,,ec0915.250515.1385416_ooi_z_v1_N22_160306.523733_ooi_z_v1_N22.diff.fits,0x0000,817,z,TEMPLATE,t,0.2462,1.214,0.108,2.67,21.572,6937.0,-3.254,1.068,1385416
95,3890,1377,3,60811.012032,30.915,-296.96,38.82,1.59,9,3,-6.368e-06,8.325e-07,,,ec0915.250516.1385995_ooi_z_v1_N22_160306.523733_ooi_z_v1_N22.diff.fits,0x0000,824,z,TEMPLATE,t,0.2676,1.351,0.182,2.819,21.901,4248.0,-6.367999999999999,0.8325,1385995
95,3890,1377,3,60836.034265,30.915,-200.5,30.94,2.16,9,0,-4.3e-06,6.636e-07,,,ec0915.250610.1395332_ooi_z_v1_N22_160306.523733_ooi_z_v1_N22.diff.fits,0x0000,845,z,TEMPLATE,t,0.4464,1.185,0.081,4.492,21.636,6836.0,-4.300000000000001,0.6636,1395332
95,3890,1377,3,60861.985881,30.915,,,,0,0,,,,,ec0915.250705.1404550_ooi_z_v1_N22_160306.523733_ooi_z_v1_N22.diff.fits,0x0000,861,z,TEMPLATE,t,0.0781,1.115,0.056,7.942,18.755,14860.0,,,1404550
95,3890,1377,3,60885.981919,30.915,-114.2,84.16,0.75,9,0,-2.449e-06,1.805e-06,,,ec0915.250729.1410882_ooi_z_v1_N22_160306.523733_ooi_z_v1_N22.diff.fits,0x0000,878,z,TEMPLATE,t,0.1174,1.156,0.081,5.031,20.453,4021.0,-2.4490000000000003,1.8050000000000002,1410882
95,3890,1377,3,60891.978828,30.915,-309.74,54.91,1.0,9,0,-6.643e-06,1.178e-06,,,ec0915.250804.1411935_ooi_z_v1_N22_160306.523733_ooi_z_v1_N22.diff.fits,0x0000,882,z,TEMPLATE,t,0.2642,1.143,0.074,3.756,21.204,8976.0,-6.643,1.178,1411935
95,3890,1377,3,60988.321944,30.915,-287.42,16.93,1.41,9,0,-6.164e-06,3.631e-07,,,ec0915.251109.1433487_ooi_z_v1_N22_160306.523733_ooi_z_v1_N22.diff.fits,0x0000,923,z,TEMPLATE,t,0.545,1.532,0.233,4.536,22.309,3622.0,-6.164,0.36310000000000003,1433487
95,3890,1377,3,60997.332383,30.915,-280.35,28.51,0.8,9,0,-6.012e-06,6.114e-07,,,ec0915.251118.1436429_ooi_z_v1_N22_160306.523733_ooi_z_v1_N22.diff.fits,0x0000,936,z,TEMPLATE,t,0.2931,1.33,0.162,3.198,22.001,3094.0,-6.0120000000000005,0.6113999999999999,1436429
95,3890,1377,3,61000.294623,30.915,-998.04,661.24,2.48,9,0,-2.14e-05,1.418e-05,,,ec0915.251121.1437419_ooi_z_v1_N22_160306.523733_ooi_z_v1_N22.diff.fits,0x0000,940,z,TEMPLATE,t,0.0097,1.092,0.062,3.949,18.505,1654.0,-21.4,14.18,1437419
95,3890,1377,3,61054.348165,30.915,-264.16,11.9,0.92,9,0,-5.665e-06,2.551e-07,,,ec0915.260114.1448793_ooi_z_v1_N22_160306.523733_ooi_z_v1_N22.diff.fits,0x0000,999,z,TEMPLATE,t,0.5609,1.611,0.263,3.106,23.245,1314.0,-5.665,0.2551,1448793
95,3890,1377,3,61111.243969,30.915,-268.53,13.25,0.27,9,0,-5.759e-06,2.842e-07,,,ec0915.260312.1462192_ooi_z_v1_N22_160306.523733_ooi_z_v1_N22.diff.fits,0x0000,1076,z,TEMPLATE,t,0.5703,1.382,0.135,4.012,22.768,1832.0,-5.759,0.2842,1462192
96,3899,1391,3,56341.289265,30.915,46.33,10.87,1.09,9,0,9.936e-07,2.331e-07,23.907,0.254671,ec0915.130218.178885_ooi_z_N22_160306.523733_ooi_z_v1_N22.diff.fits,0x0000,10,z,TEMPLATE,t,0.8508,1.259,0.057,4.678,22.854,3300.0,0.9935999999999999,0.2331,178885
96,3899,1391,3,56341.291336,30.915,41.45,10.5,0.92,9,0,8.89e-07,2.251e-07,24.028,0.274978,ec0915.130218.178886_ooi_z_N22_160306.523733_ooi_z_v1_N22.diff.fits,0x0000,11,z,TEMPLATE,t,0.8473,1.266,0.073,4.273,22.895,3347.0,0.889,0.2251,178886
96,3899,1391,3,56360.209714,30.915,61.7,13.37,1.81,9,0,1.323e-06,2.866e-07,23.596,0.235171,ec0915.130309.184932_ooi_z_N22_160306.523733_ooi_z_v1_N22.diff.fits,0x0000,16,z,TEMPLATE,t,0.5299,1.501,0.167,2.985,23.119,1727.0,1.3230000000000002,0.28659999999999997,184932
96,3899,1391,3,56418.977034,30.915,49.17,11.66,0.62,9,0,1.055e-06,2.5e-07,23.842,0.257412,ec0915.130506.204629_ooi_z_v1_N22_160306.523733_ooi_z_v1_N22.diff.fits,0x0000,26,z,TEMPLATE,t,1.148,1.415,0.136,4.154,22.944,6628.0,1.0550000000000002,0.25,204629
96,3899,1391,3,56487.988309,30.915,34.89,11.67,0.72,9,0,7.483e-07,2.502e-07,,,ec0915.130714.218757_ooi_z_N22_160306.523733_ooi_z_v1_N22.diff.fits,0x0000,30,z,TEMPLATE,t,1.1066,1.401,0.139,4.132,22.883,6364.0,0.7483,0.2502,218757
96,3899,1391,3,56488.988287,30.915,20.12,12.5,1.28,9,0,4.314e-07,2.68e-07,,,ec0915.130715.219201_ooi_z_N22_160306.523733_ooi_z_v1_N22.diff.fits,0x0000,34,z,TEMPLATE,t,1.1771,1.424,0.157,3.539,23.022,6998.0,0.4314,0.268,219201
96,3899,1391,3,56489.013217,30.915,8.99,11.03,0.74,9,0,1.928e-07,2.364e-07,,,ec0915.130716.219213_ooi_z_N22_160306.523733_ooi_z_v1_N22.diff.fits,0x0000,38,z,TEMPLATE,t,1.1635,1.349,0.109,3.653,23.001,6723.0,0.1928,0.2364,219213
96,3899,1391,3,56612.306942,30.915,18.27,11.62,0.48,9,0,3.917e-07,2.491e-07,,,ec0915.131116.254783_ooi_z_N22_160306.523733_ooi_z_v1_N22.diff.fits,0x0000,43,z,TEMPLATE,t,1.1224,1.313,0.078,4.868,22.731,6461.0,0.3917,0.24909999999999996,254783
96,3899,1391,3,56668.211483,30.915,7.88,8.68,0.96,9,0,1.689e-07,1.862e-07,,,ec0915.140111.273124_ooi_z_N22_160306.523733_ooi_z_v1_N22.diff.fits,0x0000,47,z,TEMPLATE,t,1.172,1.495,0.158,3.611,23.257,4304.0,0.16890000000000002,0.1862,273124
96,3899,1391,3,56668.219813,30.915,57.17,9.8,1.3,9,0,1.226e-06,2.101e-07,23.679,0.186047,ec0915.140111.273128_ooi_z_N22_160306.523733_ooi_z_v1_N22.diff.fits,0x0000,51,z,TEMPLATE,t,1.1786,1.44,0.115,4.442,23.028,4385.0,1.226,0.2101,273128
96,3899,1391,3,56713.197028,30.915,18.12,10.37,0.77,9,0,3.886e-07,2.225e-07,,,ec0915.140225.288123_ooi_z_N22_160306.523733_ooi_z_v1_N22.diff.fits,0x0000,79,z,TEMPLATE,t,1.1672,1.419,0.125,3.898,23.153,5178.0,0.3886,0.22249999999999998,288123
96,3899,1391,3,56764.149481,30.915,6.34,11.01,0.9,9,0,1.36e-07,2.361e-07,,,ec0915.140417.301623_ooi_z_v1_N22_160306.523733_ooi_z_v1_N22.diff.fits,0x0000,84,z,TEMPLATE,t,1.0992,1.466,0.159,3.443,23.118,5856.0,0.136,0.2361,301623
96,3899,1391,3,56764.153625,30.915,2.92,10.2,1.32,9,0,6.269e-08,2.188e-07,,,ec0915.140417.301625_ooi_z_v1_N22_160306.523733_ooi_z_v1_N22.diff.fits,0x0000,86,z,TEMPLATE,t,1.0967,1.435,0.125,3.415,23.19,5889.0,0.06269,0.2188,301625
96,3899,1391,3,56814.091425,30.915,29.99,10.07,1.57,9,0,6.432e-07,2.16e-07,,,ec0915.140606.320269_ooi_z_v1_N22_160306.523733_ooi_z_v1_N22.diff.fits,0x0000,89,z,TEMPLATE,t,1.1459,1.413,0.09,5.263,22.754,5333.0,0.6432,0.216,320269
96,3899,1391,3,56834.960611,30.915,-16.28,11.72,1.64,9,0,-3.491e-07,2.514e-07,,,ec0915.140626.331029_ooi_z_v1_N22_160306.523733_ooi_z_v1_N22.diff.fits,0x0000,91,z,TEMPLATE,t,1.0967,1.452,0.12,4.69,22.667,7577.0,-0.3491,0.2514,331029
96,3899,1391,3,56854.965339,30.915,12.21,13.05,0.36,9,0,2.618e-07,2.798e-07,,,ec0915.140716.337810_ooi_z_v1_N22_160306.523733_ooi_z_v1_N22.diff.fits,0x0000,99,z,TEMPLATE,t,1.0126,1.426,0.119,4.132,22.811,6947.0,0.2618,0.2798,337810
96,3899,1391,3,56998.316848,30.915,-80.5,11.63,0.33,9,0,-1.726e-06,2.495e-07,,,ec0915.141207.384681_ooi_z_v1_N22_160306.523733_ooi_z_v1_N22.diff.fits,0x0000,106,z,TEMPLATE,t,1.1284,1.229,0.117,3.559,22.939,6560.0,-1.726,0.2495,384681
96,3899,1391,3,56998.321015,30.915,-41.89,11.84,1.04,9,0,-8.984e-07,2.538e-07,,,ec0915.141207.384683_ooi_z_v1_N22_160306.523733_ooi_z_v1_N22.diff.fits,0x0000,108,z,TEMPLATE,t,1.1258,1.196,0.077,4.304,22.778,6407.0,-0.8984000000000001,0.2538,384683
96,3899,1391,3,57026.228979,30.915,-59.32,13.31,0.9,9,0,-1.272e-06,2.854e-07,,,ec0915.150104.394285_ooi_z_v1_N22_160306.523733_ooi_z_v1_N22.diff.fits,0x0000,111,z,TEMPLATE,t,1.0335,1.269,0.148,3.39,22.831,6751.0,-1.272,0.2854,394285
96,3899,1391,3,57026.233149,30.915,-80.97,14.56,1.09,9,0,-1.736e-06,3.121e-07,,,ec0915.150104.394287_ooi_z_v1_N22_160306.523733_ooi_z_v1_N22.diff.fits,0x0000,113,z,TEMPLATE,t,1.0467,1.125,0.082,3.691,22.789,6901.0,-1.736,0.3121,394287
96,3899,1391,3,57050.242086,30.915,-44.1,9.98,0.4,9,0,-9.458e-07,2.14e-07,,,ec0915.150128.403911_ooi_z_v1_N22_160306.523733_ooi_z_v1_N22.diff.fits,0x0000,118,z,TEMPLATE,t,0.9842,1.261,0.131,4.029,23.145,3149.0,-0.9458,0.21400000000000002,403911
96,3899,1391,3,57053.240481,30.915,-59.69,11.78,1.07,9,0,-1.28e-06,2.526e-07,,,ec0915.150131.404893_ooi_z_v1_N22_160306.523733_ooi_z_v1_N22.diff.fits,0x0000,122,z,TEMPLATE,t,1.073,1.194,0.087,3.937,22.876,5245.0,-1.28,0.25260000000000005,404893
96,3899,1391,3,57056.260361,30.915,-74.68,11.84,1.07,9,0,-1.602e-06,2.538e-07,,,ec0915.150203.405992_ooi_z_ls9_N22_160306.523733_ooi_z_v1_N22.diff.fits,0x0000,126,z,TEMPLATE,t,1.1387,1.22,0.117,3.582,22.902,6587.0,-1.602,0.2538,405992
96,3899,1391,3,57056.268626,30.915,-77.66,12.56,0.25,9,0,-1.665e-06,2.693e-07,,,ec0915.150203.405996_ooi_z_ls9_N22_160306.523733_ooi_z_v1_N22.diff.fits,0x0000,130,z,TEMPLATE,t,1.1421,1.042,0.093,3.48,22.867,7293.0,-1.665,0.2693,405996
96,3899,1391,3,57083.233746,30.915,-69.04,11.34,0.87,9,0,-1.481e-06,2.431e-07,,,ec0915.150302.417215_ooi_z_v1_N22_160306.523733_ooi_z_v1_N22.diff.fits,0x0000,135,z,TEMPLATE,t,1.043,1.205,0.135,3.416,23.018,4875.0,-1.481,0.2431,417215
96,3899,1391,3,57088.183133,30.915,-67.31,11.67,0.35,9,0,-1.444e-06,2.503e-07,,,ec0915.150307.419088_ooi_z_v1_N22_160306.523733_ooi_z_v1_N22.diff.fits,0x0000,136,z,TEMPLATE,t,1.0547,1.158,0.08,3.392,23.026,6188.0,-1.4440000000000002,0.2503,419088
96,3899,1391,3,57088.185779,30.915,-54.04,12.41,0.92,9,0,-1.159e-06,2.661e-07,,,ec0915.150307.419089_ooi_z_v1_N22_160306.523733_ooi_z_v1_N22.diff.fits,0x0000,137,z,TEMPLATE,t,1.0497,1.223,0.109,2.884,23.166,5927.0,-1.159,0.2661,419089
96,3899,1391,3,57117.011808,30.915,-41.81,13.68,1.41,9,0,-8.967e-07,2.934e-07,,,ec0915.150405.429230_ooi_z_v1_N22_160306.523733_ooi_z_v1_N22.diff.fits,0x0000,143,z,TEMPLATE,t,1.0671,1.153,0.082,4.288,22.642,7571.0,-0.8967,0.2934,429230
96,3899,1391,3,57117.015936,30.915,-9.39,12.86,1.05,9,0,-2.015e-07,2.758e-07,,,ec0915.150405.429232_ooi_z_v1_N22_160306.523733_ooi_z_v1_N22.diff.fits,0x0000,145,z,TEMPLATE,t,1.0619,1.19,0.061,4.641,22.633,6637.0,-0.20149999999999998,0.27580000000000005,429232
96,3899,1391,3,57139.0088,30.915,-61.67,12.77,1.25,9,0,-1.323e-06,2.739e-07,,,ec0915.150427.437746_ooi_z_v1_N22_160306.523733_ooi_z_v1_N22.diff.fits,0x0000,151,z,TEMPLATE,t,1.041,1.249,0.072,5.414,22.529,5505.0,-1.3230000000000002,0.2739,437746
96,3899,1391,3,57171.013911,30.915,-350.99,259.1,0.63,9,0,-7.527e-06,5.557e-06,,,ec0915.150529.443410_ooi_z_v1_N22_160306.523733_ooi_z_v1_N22.diff.fits,0x0000,153,z,TEMPLATE,t,0.0897,1.165,0.048,4.037,19.422,24525.0,-7.527,5.557,443410
96,3899,1391,3,57171.018007,30.915,374.07,243.66,0.25,9,0,8.022e-06,5.225e-06,,,ec0915.150529.443412_ooi_z_v1_N22_160306.523733_ooi_z_v1_N22.diff.fits,0x0000,155,z,TEMPLATE,t,0.0982,1.177,0.056,3.466,19.689,24114.0,8.022,5.225,443412
96,3899,1391,3,57171.117306,30.915,-251.15,766.73,1.46,9,0,-5.386e-06,1.644e-05,,,ec0915.150529.443454_ooi_z_v1_N22_160306.523733_ooi_z_v1_N22.diff.fits,0x0000,157,z,TEMPLATE,t,0.0325,1.214,0.051,3.988,18.396,27448.0,-5.386,16.439999999999998,443454
96,3899,1391,3,57171.121418,30.915,-1240.9,1075.31,1.03,9,0,-2.661e-05,2.306e-05,,,ec0915.150529.443456_ooi_z_v1_N22_160306.523733_ooi_z_v1_N22.diff.fits,0x0000,159,z,TEMPLATE,t,0.0241,1.205,0.059,3.624,18.227,28127.0,-26.61,23.06,443456
96,3899,1391,3,57198.960089,30.915,-79.47,15.14,1.9,9,0,-1.704e-06,3.248e-07,,,ec0915.150625.453952_ooi_z_v1_N22_160306.523733_ooi_z_v1_N22.diff.fits,0x0000,164,z,TEMPLATE,t,1.0789,1.109,0.062,4.714,22.377,10108.0,-1.704,0.3248,453952
96,3899,1391,3,57198.965698,30.915,-57.35,15.35,0.59,9,0,-1.23e-06,3.292e-07,,,ec0915.150625.453955_ooi_z_v1_N22_160306.523733_ooi_z_v1_N22.diff.fits,0x0000,167,z,TEMPLATE,t,1.0696,1.223,0.064,4.277,22.481,10187.0,-1.23,0.3292,453955
96,3899,1391,3,57199.005294,30.915,-43.62,13.79,0.52,9,0,-9.354e-07,2.957e-07,,,ec0915.150626.453976_ooi_z_v1_N22_160306.523733_ooi_z_v1_N22.diff.fits,0x0000,170,z,TEMPLATE,t,1.0649,1.202,0.083,4.295,22.633,7612.0,-0.9354,0.29569999999999996,453976
96,3899,1391,3,57387.340403,30.915,-1.02,12.06,0.37,9,0,-2.187e-08,2.587e-07,,,ec0915.151231.507220_ooi_z_v1_N22_160306.523733_ooi_z_v1_N22.diff.fits,0x0000,176,z,TEMPLATE,t,1.0642,1.234,0.126,3.164,23.086,5609.0,-0.02187,0.2587,507220
96,3899,1391,3,57388.334629,30.915,-11.05,10.1,0.75,9,0,-2.369e-07,2.165e-07,,,ec0915.160101.507561_ooi_z_v1_N22_160306.523733_ooi_z_v1_N22.diff.fits,0x0000,180,z,TEMPLATE,t,1.0844,1.228,0.102,3.599,23.14,4209.0,-0.2369,0.21650000000000003,507561
96,3899,1391,3,57443.170926,30.915,11.6,12.02,0.59,9,0,2.488e-07,2.579e-07,,,ec0915.160225.519763_ooi_z_v1_N22_160306.523733_ooi_z_v1_N22.diff.fits,0x0000,183,z,TEMPLATE,t,1.0313,1.116,0.072,3.975,22.746,6057.0,0.2488,0.2579,519763
96,3899,1391,3,57443.175066,30.915,-12.19,11.84,0.37,9,0,-2.614e-07,2.538e-07,,,ec0915.160225.519765_ooi_z_v1_N22_160306.523733_ooi_z_v1_N22.diff.fits,0x0000,185,z,TEMPLATE,t,1.0353,1.109,0.06,4.579,22.596,5911.0,-0.2614,0.2538,519765
96,3899,1391,3,57452.205272,30.915,0.69,12.04,0.89,9,0,1.489e-08,2.582e-07,,,ec0915.160305.523437_ooi_z_v1_N22_160306.523733_ooi_z_v1_N22.diff.fits,0x0000,187,z,TEMPLATE,t,1.0771,1.286,0.146,2.451,23.522,4633.0,0.01489,0.25820000000000004,523437
96,3899,1391,3,57535.95023,30.915,7.37,39.7,0.67,9,0,1.581e-07,8.514e-07,,,ec0915.160527.545715_ooi_z_v1_N22_160306.523733_ooi_z_v1_N22.diff.fits,0x0000,190,z,TEMPLATE,t,0.3206,1.151,0.067,3.798,21.456,7315.0,0.1581,0.8514,545715
96,3899,1391,3,57535.954356,30.915,-109.04,38.73,1.02,9,0,-2.338e-06,8.306e-07,,,ec0915.160527.545717_ooi_z_v1_N22_160306.523733_ooi_z_v1_N22.diff.fits,0x0000,192,z,TEMPLATE,t,0.3243,1.121,0.056,4.145,21.475,5947.0,-2.338,0.8306,545717
96,3899,1391,3,57535.991722,30.915,10.68,13.53,1.29,9,0,2.291e-07,2.902e-07,,,ec0915.160527.545735_ooi_z_v1_N22_160306.523733_ooi_z_v1_N22.diff.fits,0x0000,194,z,TEMPLATE,t,0.8908,1.309,0.092,4.077,22.828,4546.0,0.2291,0.2902,545735
96,3899,1391,3,57535.995867,30.915,-3.61,12.08,0.46,9,0,-7.748e-08,2.592e-07,,,ec0915.160527.545737_ooi_z_v1_N22_160306.523733_ooi_z_v1_N22.diff.fits,0x0000,196,z,TEMPLATE,t,0.9992,1.236,0.106,3.527,22.982,4803.0,-0.07748000000000001,0.2592,545737
96,3899,1391,3,57545.965079,30.915,-3.33,16.97,1.8,9,0,-7.152e-08,3.639e-07,,,ec0915.160606.547142_ooi_z_v1_N22_160306.523733_ooi_z_v1_N22.diff.fits,0x0000,206,z,TEMPLATE,t,0.5751,1.139,0.076,4.454,22.464,3034.0,-0.07152,0.3639,547142
96,3899,1391,3,57566.040208,30.915,-7.08,16.16,0.4,9,0,-1.519e-07,3.465e-07,,,ec0915.160627.549002_ooi_z_v1_N22_160306.523733_ooi_z_v1_N22.diff.fits,0x0000,210,z,TEMPLATE,t,0.9597,1.114,0.072,4.658,22.451,8142.0,-0.1519,0.3465,549002
96,3899,1391,3,57764.169856,30.915,-71.58,12.35,1.09,9,0,-1.535e-06,2.648e-07,,,ec0915.170111.608550_ooi_z_v1_N22_160306.523733_ooi_z_v1_N22.diff.fits,0x0000,213,z,TEMPLATE,t,1.0318,1.268,0.139,3.199,23.075,5482.0,-1.535,0.2648,608550
96,3899,1391,3,57764.173997,30.915,-43.95,11.94,1.38,9,0,-9.425e-07,2.56e-07,,,ec0915.170111.608552_ooi_z_v1_N22_160306.523733_ooi_z_v1_N22.diff.fits,0x0000,215,z,TEMPLATE,t,1.039,1.151,0.106,3.214,23.05,5620.0,-0.9425,0.256,608552
96,3899,1391,3,57769.284073,30.915,-55.61,10.38,1.47,9,0,-1.193e-06,2.226e-07,,,ec0915.170116.609360_ooi_z_v1_N22_160306.523733_ooi_z_v1_N22.diff.fits,0x0000,217,z,TEMPLATE,t,1.0338,1.183,0.119,3.18,23.349,4050.0,-1.193,0.2226,609360
96,3899,1391,3,57769.288221,30.915,-51.09,10.69,0.94,9,0,-1.096e-06,2.294e-07,,,ec0915.170116.609362_ooi_z_v1_N22_160306.523733_ooi_z_v1_N22.diff.fits,0x0000,219,z,TEMPLATE,t,1.0319,1.156,0.125,3.214,23.332,4079.0,-1.0959999999999999,0.2294,609362
96,3899,1391,3,57794.308614,30.915,-71.88,11.2,1.41,9,0,-1.542e-06,2.401e-07,,,ec0915.170210.619020_ooi_z_v1_N22_160306.523733_ooi_z_v1_N22.diff.fits,0x0000,231,z,TEMPLATE,t,1.0675,1.149,0.1,3.599,22.954,5829.0,-1.542,0.24009999999999998,619020
96,3899,1391,3,57795.317714,30.915,-73.44,13.5,1.53,9,0,-1.575e-06,2.894e-07,,,ec0915.170211.619366_ooi_z_v1_N22_160306.523733_ooi_z_v1_N22.diff.fits,0x0000,233,z,TEMPLATE,t,1.0286,1.208,0.115,2.859,23.098,6629.0,-1.575,0.2894,619366
96,3899,1391,3,57798.077705,30.915,-66.94,11.94,0.48,9,0,-1.436e-06,2.561e-07,,,ec0915.170214.620291_ooi_z_v1_N22_160306.523733_ooi_z_v1_N22.diff.fits,0x0000,235,z,TEMPLATE,t,0.9631,1.165,0.11,3.29,22.936,5922.0,-1.4360000000000002,0.25610000000000005,620291
96,3899,1391,3,57822.338331,30.915,-68.94,13.4,1.17,9,0,-1.478e-06,2.874e-07,,,ec0915.170310.628200_ooi_z_v1_N22_160306.523733_ooi_z_v1_N22.diff.fits,0x0000,237,z,TEMPLATE,t,0.9992,1.127,0.081,3.576,22.797,7326.0,-1.478,0.2874,628200
96,3899,1391,3,57822.342476,30.915,-87.96,13.76,0.7,9,0,-1.886e-06,2.951e-07,,,ec0915.170310.628202_ooi_z_v1_N22_160306.523733_ooi_z_v1_N22.diff.fits,0x0000,239,z,TEMPLATE,t,0.9893,1.057,0.061,4.175,22.591,7749.0,-1.8860000000000001,0.2951,628202
96,3899,1391,3,57824.277361,30.915,-49.53,13.49,0.77,9,0,-1.062e-06,2.893e-07,,,ec0915.170312.628814_ooi_z_v1_N22_160306.523733_ooi_z_v1_N22.diff.fits,0x0000,241,z,TEMPLATE,t,1.0506,1.067,0.073,3.807,22.77,7544.0,-1.062,0.2893,628814
96,3899,1391,3,57824.281503,30.915,-59.1,12.54,1.65,9,0,-1.267e-06,2.689e-07,,,ec0915.170312.628816_ooi_z_v1_N22_160306.523733_ooi_z_v1_N22.diff.fits,0x0000,243,z,TEMPLATE,t,1.0475,1.22,0.097,3.347,22.952,6645.0,-1.267,0.2689,628816
96,3899,1391,3,57847.124307,30.915,-41.96,12.3,1.12,9,0,-8.999e-07,2.637e-07,,,ec0915.170404.636946_ooi_z_v1_N22_160306.523733_ooi_z_v1_N22.diff.fits,0x0000,252,z,TEMPLATE,t,1.0078,1.244,0.131,3.534,23.1,4387.0,-0.8998999999999999,0.2637,636946
96,3899,1391,3,57848.992872,30.915,-70.39,14.07,0.57,9,0,-1.51e-06,3.017e-07,,,ec0915.170405.637489_ooi_z_v1_N22_160306.523733_ooi_z_v1_N22.diff.fits,0x0000,255,z,TEMPLATE,t,1.0116,1.165,0.1,3.387,22.831,7297.0,-1.51,0.3017,637489
96,3899,1391,3,57872.960558,30.915,-66.78,14.22,1.08,9,0,-1.432e-06,3.049e-07,,,ec0915.170429.645088_ooi_z_v1_N22_160306.523733_ooi_z_v1_N22.diff.fits,0x0000,256,z,TEMPLATE,t,1.1067,1.318,0.153,2.628,23.096,8900.0,-1.432,0.3049,645088
96,3899,1391,3,57872.960558,30.915,-66.58,14.28,1.01,9,0,-1.428e-06,3.062e-07,,,ec0915.170429.645088_ooi_z_vx_N22_160306.523733_ooi_z_v1_N22.diff.fits,0x0000,257,z,TEMPLATE,t,1.14,1.297,0.163,2.627,23.073,9226.0,-1.428,0.30619999999999997,645088
96,3899,1391,3,57874.962088,30.915,-141.18,43.7,0.46,9,0,-3.028e-06,9.371e-07,,,ec0915.170501.646110_ooi_z_v1_N22_160306.523733_ooi_z_v1_N22.diff.fits,0x0000,270,z,TEMPLATE,t,0.4218,0.813,0.05,3.56,21.55,11604.0,-3.028,0.9371,646110
96,3899,1391,3,57874.96623,30.915,-177.02,61.46,0.25,9,0,-3.796e-06,1.318e-06,,,ec0915.170501.646112_ooi_z_vx_N22_160306.523733_ooi_z_v1_N22.diff.fits,0x0000,273,z,TEMPLATE,t,0.2792,1.081,0.064,3.558,21.265,8303.0,-3.7960000000000003,1.3179999999999998,646112
96,3899,1391,3,57874.96623,30.915,-173.72,49.42,0.63,9,0,-3.726e-06,1.06e-06,,,ec0915.170501.646112_ooi_z_v1_N22_160306.523733_ooi_z_v1_N22.diff.fits,0x0000,272,z,TEMPLATE,t,0.2716,1.088,0.062,3.558,21.271,8234.0,-3.726,1.06,646112
96,3899,1391,3,57875.014571,30.915,-16.24,37.53,0.71,9,0,-3.482e-07,8.049e-07,,,ec0915.170502.646135_ooi_z_v1_N22_160306.523733_ooi_z_v1_N22.diff.fits,0x0000,275,z,TEMPLATE,t,0.3539,1.104,0.064,3.521,21.657,7497.0,-0.3482,0.8049000000000001,646135
96,3899,1391,3,57875.018706,30.915,-109.8,25.64,1.36,9,0,-2.355e-06,5.499e-07,,,ec0915.170502.646137_ooi_z_v1_N22_160306.523733_ooi_z_v1_N22.diff.fits,0x0000,278,z,TEMPLATE,t,0.4891,1.167,0.081,3.247,22.174,6770.0,-2.355,0.5499,646137
96,3899,1391,3,57875.018706,30.915,-106.98,26.13,1.38,9,0,-2.294e-06,5.604e-07,,,ec0915.170502.646137_ooi_z_vx_N22_160306.523733_ooi_z_v1_N22.diff.fits,0x0000,279,z,TEMPLATE,t,0.5031,1.109,0.082,3.247,22.145,7140.0,-2.294,0.5604,646137
96,3899,1391,3,57875.081054,30.915,-65.73,37.91,1.54,9,0,-1.41e-06,8.129e-07,,,ec0915.170502.646165_ooi_z_v1_N22_160306.523733_ooi_z_v1_N22.diff.fits,0x0000,282,z,TEMPLATE,t,0.314,1.116,0.069,3.34,21.62,7054.0,-1.4100000000000001,0.8129,646165
96,3899,1391,3,57875.085195,30.915,-82.64,15.54,0.64,9,0,-1.772e-06,3.333e-07,,,ec0915.170502.646167_ooi_z_v1_N22_160306.523733_ooi_z_v1_N22.diff.fits,0x0000,284,z,TEMPLATE,t,0.7859,1.128,0.089,3.35,22.666,6214.0,-1.772,0.3333,646167
96,3899,1391,3,57875.122515,30.915,-65.36,25.57,0.49,9,0,-1.402e-06,5.484e-07,,,ec0915.170502.646185_ooi_z_v1_N22_160306.523733_ooi_z_v1_N22.diff.fits,0x0000,286,z,TEMPLATE,t,0.5261,0.991,0.076,3.058,22.295,6557.0,-1.4020000000000001,0.5484,646185
96,3899,1391,3,57875.126648,30.915,-92.43,23.21,0.83,9,0,-1.982e-06,4.978e-07,,,ec0915.170502.646187_ooi_z_v1_N22_160306.523733_ooi_z_v1_N22.diff.fits,0x0000,288,z,TEMPLATE,t,0.5093,1.192,0.085,3.171,22.342,5378.0,-1.9819999999999998,0.4978,646187
96,3899,1391,3,57888.146212,30.915,-89.77,11.3,0.79,9,0,-1.925e-06,2.423e-07,,,ec0915.170515.648397_ooi_z_v1_N22_160306.523733_ooi_z_v1_N22.diff.fits,0x0000,290,z,TEMPLATE,t,1.026,1.134,0.061,5.728,22.558,4880.0,-1.9250000000000003,0.2423,648397
96,3899,1391,3,57888.150335,30.915,-87.0,21.57,0.21,2,0,-1.866e-06,4.625e-07,,,ec0915.170515.648399_ooi_z_v1_N22_160306.523733_ooi_z_v1_N22.diff.fits,0x0000,292,z,TEMPLATE,t,1.0271,1.289,0.057,5.92,22.593,4268.0,-1.866,0.4625,648399
96,3899,1391,3,57935.020929,30.915,-63.74,10.83,0.34,9,0,-1.367e-06,2.322e-07,,,ec0915.170701.657445_ooi_z_vx_N22_160306.523733_ooi_z_v1_N22.diff.fits,0x0000,299,z,TEMPLATE,t,1.1345,1.232,0.13,3.547,23.0,5851.0,-1.367,0.2322,657445
96,3899,1391,3,57950.995174,30.915,-9.1,13.37,1.65,9,0,-1.953e-07,2.866e-07,,,ec0915.170716.659072_ooi_z_v1_N22_160306.523733_ooi_z_v1_N22.diff.fits,0x0000,306,z,TEMPLATE,t,1.11,0.929,0.039,7.027,22.172,8578.0,-0.1953,0.28659999999999997,659072
96,3899,1391,3,58183.117442,30.915,-14.23,11.01,0.28,9,0,-3.051e-07,2.361e-07,,,ec0915.180306.727448_ooi_z_v1_N22_160306.523733_ooi_z_v1_N22.diff.fits,0x0000,312,z,TEMPLATE,t,0.9792,1.336,0.067,4.321,22.804,4442.0,-0.3051,0.2361,727448
96,3899,1391,3,58183.121555,30.915,-42.9,13.08,1.33,9,0,-9.201e-07,2.805e-07,,,ec0915.180306.727450_ooi_z_v1_N22_160306.523733_ooi_z_v1_N22.diff.fits,0x0000,314,z,TEMPLATE,t,0.9745,1.099,0.082,3.827,22.829,5524.0,-0.9201,0.2805,727450
96,3899,1391,3,58184.03864,30.915,-32.51,11.6,0.74,9,0,-6.972e-07,2.488e-07,,,ec0915.180307.727589_ooi_z_v1_N22_160306.523733_ooi_z_v1_N22.diff.fits,0x0000,316,z,TEMPLATE,t,0.8599,1.178,0.078,5.158,22.516,4545.0,-0.6971999999999999,0.2488,727589
96,3899,1391,3,58225.986333,30.915,-28.54,12.26,2.15,9,0,-6.121e-07,2.629e-07,,,ec0915.180417.736458_ooi_z_v1_N22_160306.523733_ooi_z_v1_N22.diff.fits,0x0000,327,z,TEMPLATE,t,0.9652,1.246,0.077,4.831,22.505,5784.0,-0.6121000000000001,0.2629,736458
96,3899,1391,3,58232.983204,30.915,-56.08,13.65,0.76,9,0,-1.203e-06,2.927e-07,,,ec0915.180424.738618_ooi_z_v1_N22_160306.523733_ooi_z_v1_N22.diff.fits,0x0000,331,z,TEMPLATE,t,1.0633,1.157,0.103,3.779,22.758,7453.0,-1.203,0.2927,738618
96,3899,1391,3,58246.003574,30.915,-12.47,21.74,0.31,9,0,-2.674e-07,4.662e-07,,,ec0915.180508.743629_ooi_z_v1_N22_160306.523733_ooi_z_v1_N22.diff.fits,0x0000,335,z,TEMPLATE,t,0.7157,1.113,0.065,4.337,22.078,9437.0,-0.2674,0.4662,743629
96,3899,1391,3,58261.080086,30.915,-4.44,15.59,0.44,9,0,-9.515e-08,3.343e-07,,,ec0915.180523.750068_ooi_z_v1_N22_160306.523733_ooi_z_v1_N22.diff.fits,0x0000,339,z,TEMPLATE,t,1.0482,0.963,0.094,3.406,22.75,9810.0,-0.09515,0.33430000000000004,750068
96,3899,1391,3,58261.088392,30.915,-18.8,14.99,1.19,9,0,-4.032e-07,3.214e-07,,,ec0915.180523.750072_ooi_z_v1_N22_160306.523733_ooi_z_v1_N22.diff.fits,0x0000,343,z,TEMPLATE,t,1.0415,1.169,0.117,3.008,22.974,8140.0,-0.4032,0.3214,750072
96,3899,1391,3,58313.979667,30.915,-22.37,13.73,1.08,9,0,-4.798e-07,2.944e-07,,,ec0915.180714.755609_ooi_z_v1_N22_160306.523733_ooi_z_v1_N22.diff.fits,0x0000,345,z,TEMPLATE,t,1.1382,1.002,0.082,4.134,22.713,8411.0,-0.47980000000000006,0.2944,755609
96,3899,1391,3,58313.987958,30.915,-36.17,12.8,0.59,9,0,-7.757e-07,2.746e-07,,,ec0915.180714.755613_ooi_z_v1_N22_160306.523733_ooi_z_v1_N22.diff.fits,0x0000,349,z,TEMPLATE,t,1.1318,1.09,0.078,3.788,22.871,7802.0,-0.7757000000000001,0.2746,755613
96,3899,1391,3,58483.310826,30.915,-52.21,9.93,0.95,9,0,-1.12e-06,2.13e-07,,,ec0915.181231.807723_ooi_z_v1_N22_160306.523733_ooi_z_v1_N22.diff.fits,0x0000,358,z,TEMPLATE,t,1.1382,1.454,0.173,3.529,23.237,4204.0,-1.12,0.213,807723
96,3899,1391,3,58536.294128,30.915,-37.43,16.23,0.42,9,0,-8.027e-07,3.481e-07,,,ec0915.190222.826209_ooi_z_v1_N22_160306.523733_ooi_z_v1_N22.diff.fits,0x0000,363,z,TEMPLATE,t,0.5223,1.125,0.124,2.835,22.823,2881.0,-0.8027,0.3481,826209
96,3899,1391,3,58542.172304,30.915,-27.11,10.79,0.63,9,0,-5.813e-07,2.314e-07,,,ec0915.190228.828459_ooi_z_v1_N22_160306.523733_ooi_z_v1_N22.diff.fits,0x0000,367,z,TEMPLATE,t,1.026,1.087,0.14,3.159,23.342,3542.0,-0.5813,0.2314,828459
96,3899,1391,3,58572.222637,30.915,-34.58,11.52,1.05,9,0,-7.415e-07,2.471e-07,,,ec0915.190330.843689_ooi_z_v1_N22_160306.523733_ooi_z_v1_N22.diff.fits,0x0000,384,z,TEMPLATE,t,1.2018,1.172,0.105,4.127,23.009,5136.0,-0.7415,0.2471,843689
96,3899,1391,3,58572.226441,30.915,,,,0,0,,,,,ec0915.190330.843690_ooi_z_v1_N22_160306.523733_ooi_z_v1_N22.diff.fits,0x0000,385,z,TEMPLATE,t,0.8292,1.115,0.072,4.453,22.559,5193.0,,,843690
96,3899,1391,3,58572.230237,30.915,572.47,67.41,0.13,3,0,1.228e-05,1.446e-06,21.177,0.127853,ec0915.190330.843691_ooi_z_v1_N22_160306.523733_ooi_z_v1_N22.diff.fits,0x0000,386,z,TEMPLATE,t,0.6732,1.234,0.089,4.04,22.442,4903.0,12.28,1.446,843691
96,3899,1391,3,58572.234037,30.915,-19.18,23.26,1.41,9,0,-4.114e-07,4.988e-07,,,ec0915.190330.843692_ooi_z_v1_N22_160306.523733_ooi_z_v1_N22.diff.fits,0x0000,387,z,TEMPLATE,t,0.5142,1.044,0.056,4.479,21.994,5216.0,-0.4114,0.49879999999999997,843692
96,3899,1391,3,58572.237846,30.915,-19.63,23.33,0.72,9,0,-4.209e-07,5.004e-07,,,ec0915.190330.843693_ooi_z_v1_N22_160306.523733_ooi_z_v1_N22.diff.fits,0x0000,388,z,TEMPLATE,t,0.4535,1.115,0.069,4.214,21.987,4793.0,-0.4209,0.5004,843693
96,3899,1391,3,58578.206222,30.915,-16.65,14.61,0.15,9,0,-3.57e-07,3.133e-07,,,ec0915.190405.846168_ooi_z_v1_N22_160306.523733_ooi_z_v1_N22.diff.fits,0x0000,392,z,TEMPLATE,t,1.0249,0.832,0.109,3.986,22.804,6648.0,-0.357,0.31329999999999997,846168
96,3899,1391,3,58639.02291,30.915,-66.5,36.32,0.88,9,0,-1.426e-06,7.789e-07,,,ec0915.190605.862065_ooi_z_v1_N22_160306.523733_ooi_z_v1_N22.diff.fits,0x0000,396,z,TEMPLATE,t,0.4406,0.878,0.063,3.587,21.698,9151.0,-1.426,0.7788999999999999,862065
96,3899,1391,3,58691.95826,30.915,-99.37,36.93,1.18,9,0,-2.131e-06,7.919e-07,,,ec0915.190727.879486_ooi_z_v1_N22_160306.523733_ooi_z_v1_N22.diff.fits,0x0000,397,z,TEMPLATE,t,0.6597,1.016,0.066,4.036,21.499,27221.0,-2.1310000000000002,0.7918999999999999,879486
96,3899,1391,3,58818.262285,30.915,-97.4,12.65,0.59,9,0,-2.089e-06,2.712e-07,,,ec0915.191201.912644_ooi_z_vx_N22_160306.523733_ooi_z_v1_N22.diff.fits,0x0000,406,z,TEMPLATE,t,1.1264,1.31,0.152,3.599,22.872,7481.0,-2.089,0.2712,912644
96,3899,1391,3,58818.262285,30.915,-69.3,12.36,0.69,9,0,-1.486e-06,2.651e-07,,,ec0915.191201.912644_ooi_z_v1_N22_160306.523733_ooi_z_v1_N22.diff.fits,0x0000,405,z,TEMPLATE,t,1.1253,1.157,0.085,3.6,22.863,7593.0,-1.486,0.2651,912644
96,3899,1391,3,58818.27059,30.915,-54.22,11.73,0.29,9,0,-1.163e-06,2.516e-07,,,ec0915.191201.912648_ooi_z_v1_N22_160306.523733_ooi_z_v1_N22.diff.fits,0x0000,410,z,TEMPLATE,t,1.1387,1.094,0.103,3.313,22.974,7022.0,-1.1629999999999998,0.2516,912648
96,3899,1391,3,58840.279334,30.915,-31.93,10.15,0.27,9,0,-6.848e-07,2.176e-07,,,ec0915.191223.921762_ooi_z_v1_N22_160306.523733_ooi_z_v1_N22.diff.fits,0x0000,414,z,TEMPLATE,t,1.1448,1.315,0.161,3.23,23.351,4028.0,-0.6848,0.2176,921762
96,3899,1391,3,58840.287634,30.915,-25.7,10.03,0.73,9,0,-5.511e-07,2.152e-07,,,ec0915.191223.921766_ooi_z_v1_N22_160306.523733_ooi_z_v1_N22.diff.fits,0x0000,418,z,TEMPLATE,t,1.1553,1.201,0.15,2.968,23.373,4317.0,-0.5511,0.2152,921766
96,3899,1391,3,58840.363289,30.915,-52.98,18.49,1.49,9,0,-1.136e-06,3.966e-07,,,ec0915.191223.921802_ooi_z_v1_N22_160306.523733_ooi_z_v1_N22.diff.fits,0x0000,422,z,TEMPLATE,t,0.5851,1.226,0.129,2.65,22.756,4509.0,-1.136,0.3966,921802
96,3899,1391,3,58848.301947,30.915,-25.92,11.25,1.21,9,0,-5.558e-07,2.413e-07,,,ec0915.191231.923831_ooi_z_v1_N22_160306.523733_ooi_z_v1_N22.diff.fits,0x0000,426,z,TEMPLATE,t,1.1973,1.426,0.21,2.611,23.578,4309.0,-0.5558000000000001,0.24130000000000001,923831
96,3899,1391,3,58848.31023,30.915,-21.98,9.14,0.73,9,0,-4.713e-07,1.959e-07,,,ec0915.191231.923835_ooi_z_v1_N22_160306.523733_ooi_z_v1_N22.diff.fits,0x0000,430,z,TEMPLATE,t,1.2048,1.259,0.133,3.537,23.364,4099.0,-0.4713,0.1959,923835
96,3899,1391,3,58848.348661,30.915,-22.49,13.17,0.7,9,0,-4.824e-07,2.824e-07,,,ec0915.191231.923853_ooi_z_v1_N22_160306.523733_ooi_z_v1_N22.diff.fits,0x0000,432,z,TEMPLATE,t,0.5858,1.305,0.178,2.912,23.094,2111.0,-0.48240000000000005,0.2824,923853
96,3899,1391,3,58870.169795,30.915,-25.87,11.13,0.61,9,0,-5.548e-07,2.388e-07,,,ec0915.200122.925785_ooi_z_v1_N22_160306.523733_ooi_z_v1_N22.diff.fits,0x0000,436,z,TEMPLATE,t,1.056,1.196,0.111,3.884,22.984,5016.0,-0.5548,0.23879999999999998,925785
96,3899,1391,3,58877.17514,30.915,-47.96,11.47,0.53,9,0,-1.028e-06,2.46e-07,,,ec0915.200129.927465_ooi_z_v1_N22_160306.523733_ooi_z_v1_N22.diff.fits,0x0000,440,z,TEMPLATE,t,1.0048,1.181,0.094,4.728,22.772,4312.0,-1.028,0.246,927465
96,3899,1391,3,58905.154089,30.915,-37.46,9.75,0.65,9,0,-8.034e-07,2.091e-07,,,ec0915.200226.938759_ooi_z_v1_N22_160306.523733_ooi_z_v1_N22.diff.fits,0x0000,444,z,TEMPLATE,t,1.1088,1.238,0.13,3.857,23.09,4273.0,-0.8034,0.2091,938759
96,3899,1391,3,59146.349303,30.915,-67.97,12.8,0.19,9,0,-1.458e-06,2.746e-07,,,ec0915.201024.948166_ooi_z_v1_N22_160306.523733_ooi_z_v1_N22.diff.fits,0x0000,448,z,TEMPLATE,t,1.1096,1.213,0.112,4.401,22.807,6017.0,-1.458,0.2746,948166
96,3899,1391,3,59176.305734,30.915,-84.57,12.59,0.24,9,0,-1.814e-06,2.699e-07,,,ec0915.201123.957181_ooi_z_v1_N22_160306.523733_ooi_z_v1_N22.diff.fits,0x0000,452,z,TEMPLATE,t,1.1309,1.408,0.209,3.806,23.004,5426.0,-1.8139999999999998,0.26990000000000003,957181
96,3899,1391,3,59236.261521,30.915,-78.3,12.11,0.27,9,0,-1.679e-06,2.596e-07,,,ec0915.210122.958768_ooi_z_v1_N22_160306.523733_ooi_z_v1_N22.diff.fits,0x0000,455,z,TEMPLATE,t,1.0432,1.468,0.226,4.415,22.848,4910.0,-1.6789999999999998,0.2596,958768
96,3899,1391,3,59301.045653,30.915,-82.91,22.07,0.39,9,0,-1.778e-06,4.732e-07,,,ec0915.210328.978113_ooi_z_v1_N22_160306.523733_ooi_z_v1_N22.diff.fits,0x0000,463,z,TEMPLATE,t,0.5115,1.197,0.11,3.635,22.321,4215.0,-1.778,0.47319999999999995,978113
96,3899,1391,3,59304.008094,30.915,-68.86,16.94,0.86,9,0,-1.477e-06,3.633e-07,,,ec0915.210331.979132_ooi_z_v1_N22_160306.523733_ooi_z_v1_N22.diff.fits,0x0000,465,z,TEMPLATE,t,0.5342,1.207,0.1,4.205,22.455,2752.0,-1.477,0.36329999999999996,979132
96,3899,1391,3,59307.091802,30.915,-51.12,15.96,0.87,9,0,-1.096e-06,3.422e-07,,,ec0915.210403.980345_ooi_z_v1_N22_160306.523733_ooi_z_v1_N22.diff.fits,0x0000,467,z,TEMPLATE,t,0.5061,1.244,0.114,4.768,22.357,2177.0,-1.0959999999999999,0.3422,980345
96,3899,1391,3,59512.377811,30.915,-57.38,35.5,1.17,9,0,-1.23e-06,7.613e-07,,,ec0915.211025.1046077_ooi_z_v1_N22_160306.523733_ooi_z_v1_N22.diff.fits,0x0000,480,z,TEMPLATE,t,0.5334,1.15,0.102,3.379,21.799,13643.0,-1.23,0.7613,1046077
96,3899,1391,3,59570.324687,30.915,-56.06,15.55,0.87,9,0,-1.202e-06,3.335e-07,,,ec0915.211222.1064957_ooi_z_v1_N22_160306.523733_ooi_z_v1_N22.diff.fits,0x0000,498,z,TEMPLATE,t,0.5707,1.198,0.099,3.806,22.636,2504.0,-1.2020000000000002,0.3335,1064957
96,3899,1391,3,59572.282599,30.915,13.84,17.01,0.68,9,0,2.968e-07,3.648e-07,,,ec0915.211224.1065702_ooi_z_v1_N22_160306.523733_ooi_z_v1_N22.diff.fits,0x0000,499,z,TEMPLATE,t,0.4824,1.241,0.131,3.245,22.627,2317.0,0.2968,0.36479999999999996,1065702
96,3899,1391,3,59634.202353,30.915,-52.17,11.46,0.29,9,0,-1.119e-06,2.457e-07,,,ec0915.220224.1083414_ooi_z_v1_N22_160306.523733_ooi_z_v1_N22.diff.fits,0x0000,516,z,TEMPLATE,t,1.1791,1.539,0.299,3.317,23.07,6473.0,-1.119,0.24569999999999997,1083414
96,3899,1391,3,59899.356462,30.915,-141.57,32.78,1.16,9,0,-3.036e-06,7.031e-07,,,ec0915.221116.1150882_ooi_z_v1_N22_160306.523733_ooi_z_v1_N22.diff.fits,0x0000,538,z,TEMPLATE,t,0.5615,1.16,0.102,3.141,21.994,11086.0,-3.036,0.7031,1150882
96,3899,1391,3,59948.227068,30.915,-27.48,18.59,1.66,9,0,-5.894e-07,3.986e-07,,,ec0915.230104.1162015_ooi_z_v1_N22_160306.523733_ooi_z_v1_N22.diff.fits,0x0000,545,z,TEMPLATE,t,0.4907,1.266,0.141,3.614,22.552,2640.0,-0.5894,0.3986,1162015
96,3899,1391,3,60126.974862,30.915,-98.73,24.5,1.1,9,0,-2.117e-06,5.255e-07,,,ec0915.230701.1217849_ooi_z_v1_N22_160306.523733_ooi_z_v1_N22.diff.fits,0x0000,576,z,TEMPLATE,t,0.5718,1.22,0.139,3.114,22.311,7670.0,-2.117,0.5255,1217849
96,3899,1391,3,60156.989461,30.915,-81.54,24.44,0.51,9,0,-1.749e-06,5.241e-07,,,ec0915.230731.1227300_ooi_z_v1_N22_160306.523733_ooi_z_v1_N22.diff.fits,0x0000,581,z,TEMPLATE,t,0.5727,1.161,0.088,4.474,21.851,7123.0,-1.7489999999999999,0.5241,1227300
96,3899,1391,3,60361.185082,30.915,-134.78,29.52,0.7,9,0,-2.89e-06,6.332e-07,,,ec0915.240221.1278342_ooi_z_v1_N22_160306.523733_ooi_z_v1_N22.diff.fits,0x0000,612,z,TEMPLATE,t,0.3481,1.254,0.149,3.138,22.084,4002.0,-2.8899999999999997,0.6332,1278342
96,3899,1391,3,60427.053895,30.915,-141.96,22.28,0.76,9,0,-3.044e-06,4.777e-07,,,ec0915.240427.1293150_ooi_z_v1_N22_160306.523733_ooi_z_v1_N22.diff.fits,0x0000,631,z,TEMPLATE,t,0.4412,1.246,0.141,3.114,22.273,4553.0,-3.044,0.4777,1293150
96,3899,1391,3,60486.991345,30.915,-148.56,15.63,0.82,9,0,-3.186e-06,3.352e-07,,,ec0915.240625.1305583_ooi_z_v1_N22_160306.523733_ooi_z_v1_N22.diff.fits,0x0000,648,z,TEMPLATE,t,0.5759,1.272,0.07,5.071,22.396,2469.0,-3.186,0.3352,1305583
96,3899,1391,3,60508.01389,30.915,-121.59,26.42,1.06,9,0,-2.608e-06,5.665e-07,,,ec0915.240717.1312960_ooi_z_v1_N22_160306.523733_ooi_z_v1_N22.diff.fits,0x0000,657,z,TEMPLATE,t,0.5675,1.125,0.046,4.761,21.822,7694.0,-2.6079999999999997,0.5665,1312960
96,3899,1391,3,60796.012609,30.915,-550.43,522.58,1.51,9,0,-1.18e-05,1.121e-05,,,ec0915.250501.1383216_ooi_z_v1_N22_160306.523733_ooi_z_v1_N22.diff.fits,0x0000,802,z,TEMPLATE,t,0.0156,1.095,0.048,4.827,18.41,2487.0,-11.8,11.209999999999999,1383216
96,3899,1391,3,60810.00515,30.915,-138.83,52.26,1.03,9,0,-2.977e-06,1.121e-06,,,ec0915.250515.1385416_ooi_z_v1_N22_160306.523733_ooi_z_v1_N22.diff.fits,0x0000,817,z,TEMPLATE,t,0.2462,1.214,0.108,2.67,21.572,6937.0,-2.977,1.121,1385416
96,3899,1391,3,60811.012032,30.915,-205.01,37.68,1.0,9,0,-4.396e-06,8.081e-07,,,ec0915.250516.1385995_ooi_z_v1_N22_160306.523733_ooi_z_v1_N22.diff.fits,0x0000,824,z,TEMPLATE,t,0.2676,1.351,0.182,2.819,21.901,4248.0,-4.396,0.8081,1385995
96,3899,1391,3,60836.034265,30.915,-302.84,29.75,1.36,9,0,-6.495e-06,6.379e-07,,,ec0915.250610.1395332_ooi_z_v1_N22_160306.523733_ooi_z_v1_N22.diff.fits,0x0000,845,z,TEMPLATE,t,0.4464,1.185,0.081,4.492,21.636,6836.0,-6.494999999999999,0.6378999999999999,1395332
96,3899,1391,3,60861.985881,30.915,,,,0,0,,,,,ec0915.250705.1404550_ooi_z_v1_N22_160306.523733_ooi_z_v1_N22.diff.fits,0x0000,861,z,TEMPLATE,t,0.0781,1.115,0.056,7.942,18.755,14860.0,,,1404550
96,3899,1391,3,60885.981919,30.915,-137.4,91.32,0.72,9,0,-2.947e-06,1.958e-06,,,ec0915.250729.1410882_ooi_z_v1_N22_160306.523733_ooi_z_v1_N22.diff.fits,0x0000,878,z,TEMPLATE,t,0.1174,1.156,0.081,5.031,20.453,4021.0,-2.947,1.9580000000000002,1410882
96,3899,1391,3,60891.978828,30.915,-203.74,60.37,1.27,9,0,-4.369e-06,1.295e-06,,,ec0915.250804.1411935_ooi_z_v1_N22_160306.523733_ooi_z_v1_N22.diff.fits,0x0000,882,z,TEMPLATE,t,0.2642,1.143,0.074,3.756,21.204,8976.0,-4.369,1.2950000000000002,1411935
96,3899,1391,3,60988.321944,30.915,-268.9,16.43,0.54,9,0,-5.767e-06,3.522e-07,,,ec0915.251109.1433487_ooi_z_v1_N22_160306.523733_ooi_z_v1_N22.diff.fits,0x0000,923,z,TEMPLATE,t,0.545,1.532,0.233,4.536,22.309,3622.0,-5.767,0.3522,1433487
96,3899,1391,3,60997.332383,30.915,-287.35,29.75,2.13,9,0,-6.162e-06,6.38e-07,,,ec0915.251118.1436429_ooi_z_v1_N22_160306.523733_ooi_z_v1_N22.diff.fits,0x0000,936,z,TEMPLATE,t,0.2931,1.33,0.162,3.198,22.001,3094.0,-6.162,0.638,1436429
96,3899,1391,3,61000.294623,30.915,789.21,663.51,2.16,9,0,1.693e-05,1.423e-05,,,ec0915.251121.1437419_ooi_z_v1_N22_160306.523733_ooi_z_v1_N22.diff.fits,0x0000,940,z,TEMPLATE,t,0.0097,1.092,0.062,3.949,18.505,1654.0,16.93,14.229999999999999,1437419
96,3899,1391,3,61054.348165,30.915,-253.82,12.67,1.54,9,0,-5.443e-06,2.716e-07,,,ec0915.260114.1448793_ooi_z_v1_N22_160306.523733_ooi_z_v1_N22.diff.fits,0x0000,999,z,TEMPLATE,t,0.5609,1.611,0.263,3.106,23.245,1314.0,-5.4430000000000005,0.2716,1448793
96,3899,1391,3,61111.243969,30.915,-260.1,12.2,2.85,9,0,-5.578e-06,2.617e-07,,,ec0915.260312.1462192_ooi_z_v1_N22_160306.523733_ooi_z_v1_N22.diff.fits,0x0000,1076,z,TEMPLATE,t,0.5703,1.382,0.135,4.012,22.768,1832.0,-5.577999999999999,0.26170000000000004,1462192
97,3887,1386,3,56341.289265,30.915,7.21,10.58,0.54,9,0,1.545e-07,2.269e-07,,,ec0915.130218.178885_ooi_z_N22_160306.523733_ooi_z_v1_N22.diff.fits,0x0000,10,z,TEMPLATE,t,0.8508,1.259,0.057,4.678,22.854,3300.0,0.1545,0.2269,178885
97,3887,1386,3,56341.291336,30.915,18.32,9.92,1.33,9,0,3.928e-07,2.128e-07,,,ec0915.130218.178886_ooi_z_N22_160306.523733_ooi_z_v1_N22.diff.fits,0x0000,11,z,TEMPLATE,t,0.8473,1.266,0.073,4.273,22.895,3347.0,0.39280000000000004,0.2128,178886
97,3887,1386,3,56360.209714,30.915,32.23,11.81,2.15,9,9,6.913e-07,2.533e-07,,,ec0915.130309.184932_ooi_z_N22_160306.523733_ooi_z_v1_N22.diff.fits,0x0000,16,z,TEMPLATE,t,0.5299,1.501,0.167,2.985,23.119,1727.0,0.6912999999999999,0.2533,184932
97,3887,1386,3,56418.977034,30.915,50.83,10.31,0.24,9,3,1.09e-06,2.212e-07,23.807,0.220301,ec0915.130506.204629_ooi_z_v1_N22_160306.523733_ooi_z_v1_N22.diff.fits,0x0000,26,z,TEMPLATE,t,1.148,1.415,0.136,4.154,22.944,6628.0,1.0899999999999999,0.2212,204629
97,3887,1386,3,56487.988309,30.915,8.9,11.45,0.11,9,3,1.909e-07,2.456e-07,,,ec0915.130714.218757_ooi_z_N22_160306.523733_ooi_z_v1_N22.diff.fits,0x0000,30,z,TEMPLATE,t,1.1066,1.401,0.139,4.132,22.883,6364.0,0.1909,0.24559999999999998,218757
97,3887,1386,3,56488.988287,30.915,-7.99,11.51,1.68,9,7,-1.713e-07,2.468e-07,,,ec0915.130715.219201_ooi_z_N22_160306.523733_ooi_z_v1_N22.diff.fits,0x0000,34,z,TEMPLATE,t,1.1771,1.424,0.157,3.539,23.022,6998.0,-0.1713,0.24680000000000002,219201
97,3887,1386,3,56489.013217,30.915,-2.37,10.06,1.23,9,7,-5.079e-08,2.158e-07,,,ec0915.130716.219213_ooi_z_N22_160306.523733_ooi_z_v1_N22.diff.fits,0x0000,38,z,TEMPLATE,t,1.1635,1.349,0.109,3.653,23.001,6723.0,-0.05079,0.2158,219213
97,3887,1386,3,56612.306942,30.915,-4.7,11.17,0.56,9,0,-1.008e-07,2.395e-07,,,ec0915.131116.254783_ooi_z_N22_160306.523733_ooi_z_v1_N22.diff.fits,0x0000,43,z,TEMPLATE,t,1.1224,1.313,0.078,4.868,22.731,6461.0,-0.1008,0.2395,254783
97,3887,1386,3,56668.211483,30.915,22.4,8.31,0.98,9,7,4.803e-07,1.783e-07,,,ec0915.140111.273124_ooi_z_N22_160306.523733_ooi_z_v1_N22.diff.fits,0x0000,47,z,TEMPLATE,t,1.172,1.495,0.158,3.611,23.257,4304.0,0.4803,0.17830000000000001,273124
97,3887,1386,3,56668.219813,30.915,39.82,9.16,1.64,9,0,8.539e-07,1.965e-07,24.072,0.249848,ec0915.140111.273128_ooi_z_N22_160306.523733_ooi_z_v1_N22.diff.fits,0x0000,51,z,TEMPLATE,t,1.1786,1.44,0.115,4.442,23.028,4385.0,0.8539,0.19649999999999998,273128
97,3887,1386,3,56713.197028,30.915,-14.03,10.44,0.9,9,3,-3.009e-07,2.238e-07,,,ec0915.140225.288123_ooi_z_N22_160306.523733_ooi_z_v1_N22.diff.fits,0x0000,79,z,TEMPLATE,t,1.1672,1.419,0.125,3.898,23.153,5178.0,-0.3009,0.2238,288123
97,3887,1386,3,56764.149481,30.915,15.85,11.34,1.08,9,9,3.399e-07,2.431e-07,,,ec0915.140417.301623_ooi_z_v1_N22_160306.523733_ooi_z_v1_N22.diff.fits,0x0000,84,z,TEMPLATE,t,1.0992,1.466,0.159,3.443,23.118,5856.0,0.33990000000000004,0.2431,301623
97,3887,1386,3,56764.153625,30.915,-27.07,10.5,1.43,9,7,-5.805e-07,2.252e-07,,,ec0915.140417.301625_ooi_z_v1_N22_160306.523733_ooi_z_v1_N22.diff.fits,0x0000,86,z,TEMPLATE,t,1.0967,1.435,0.125,3.415,23.19,5889.0,-0.5805,0.2252,301625
97,3887,1386,3,56814.091425,30.915,-4.96,10.47,1.09,9,0,-1.064e-07,2.246e-07,,,ec0915.140606.320269_ooi_z_v1_N22_160306.523733_ooi_z_v1_N22.diff.fits,0x0000,89,z,TEMPLATE,t,1.1459,1.413,0.09,5.263,22.754,5333.0,-0.1064,0.22460000000000002,320269
97,3887,1386,3,56834.960611,30.915,-4.46,12.18,1.0,9,0,-9.558e-08,2.613e-07,,,ec0915.140626.331029_ooi_z_v1_N22_160306.523733_ooi_z_v1_N22.diff.fits,0x0000,91,z,TEMPLATE,t,1.0967,1.452,0.12,4.69,22.667,7577.0,-0.09558,0.2613,331029
97,3887,1386,3,56854.965339,30.915,-24.87,12.49,1.46,9,0,-5.333e-07,2.678e-07,,,ec0915.140716.337810_ooi_z_v1_N22_160306.523733_ooi_z_v1_N22.diff.fits,0x0000,99,z,TEMPLATE,t,1.0126,1.426,0.119,4.132,22.811,6947.0,-0.5333,0.2678,337810
97,3887,1386,3,56998.316848,30.915,-53.81,10.92,0.56,9,7,-1.154e-06,2.341e-07,,,ec0915.141207.384681_ooi_z_v1_N22_160306.523733_ooi_z_v1_N22.diff.fits,0x0000,106,z,TEMPLATE,t,1.1284,1.229,0.117,3.559,22.939,6560.0,-1.1540000000000001,0.2341,384681
97,3887,1386,3,56998.321015,30.915,-42.74,10.51,1.03,9,3,-9.167e-07,2.254e-07,,,ec0915.141207.384683_ooi_z_v1_N22_160306.523733_ooi_z_v1_N22.diff.fits,0x0000,108,z,TEMPLATE,t,1.1258,1.196,0.077,4.304,22.778,6407.0,-0.9167000000000001,0.2254,384683
97,3887,1386,3,57026.228979,30.915,-38.86,12.83,1.52,9,9,-8.333e-07,2.751e-07,,,ec0915.150104.394285_ooi_z_v1_N22_160306.523733_ooi_z_v1_N22.diff.fits,0x0000,111,z,TEMPLATE,t,1.0335,1.269,0.148,3.39,22.831,6751.0,-0.8333,0.2751,394285
97,3887,1386,3,57026.233149,30.915,-76.91,13.2,1.06,9,3,-1.649e-06,2.83e-07,,,ec0915.150104.394287_ooi_z_v1_N22_160306.523733_ooi_z_v1_N22.diff.fits,0x0000,113,z,TEMPLATE,t,1.0467,1.125,0.082,3.691,22.789,6901.0,-1.649,0.283,394287
97,3887,1386,3,57050.242086,30.915,-15.32,10.31,0.23,9,0,-3.286e-07,2.211e-07,,,ec0915.150128.403911_ooi_z_v1_N22_160306.523733_ooi_z_v1_N22.diff.fits,0x0000,118,z,TEMPLATE,t,0.9842,1.261,0.131,4.029,23.145,3149.0,-0.3286,0.2211,403911
97,3887,1386,3,57053.240481,30.915,-45.63,10.96,1.04,9,3,-9.786e-07,2.35e-07,,,ec0915.150131.404893_ooi_z_v1_N22_160306.523733_ooi_z_v1_N22.diff.fits,0x0000,122,z,TEMPLATE,t,1.073,1.194,0.087,3.937,22.876,5245.0,-0.9786,0.235,404893
97,3887,1386,3,57056.260361,30.915,-78.15,10.44,0.88,9,7,-1.676e-06,2.239e-07,,,ec0915.150203.405992_ooi_z_ls9_N22_160306.523733_ooi_z_v1_N22.diff.fits,0x0000,126,z,TEMPLATE,t,1.1387,1.22,0.117,3.582,22.902,6587.0,-1.676,0.22390000000000002,405992
97,3887,1386,3,57056.268626,30.915,-66.14,11.88,1.52,9,9,-1.418e-06,2.548e-07,,,ec0915.150203.405996_ooi_z_ls9_N22_160306.523733_ooi_z_v1_N22.diff.fits,0x0000,130,z,TEMPLATE,t,1.1421,1.042,0.093,3.48,22.867,7293.0,-1.418,0.25479999999999997,405996
97,3887,1386,3,57083.233746,30.915,-35.14,9.7,1.09,9,9,-7.537e-07,2.081e-07,,,ec0915.150302.417215_ooi_z_v1_N22_160306.523733_ooi_z_v1_N22.diff.fits,0x0000,135,z,TEMPLATE,t,1.043,1.205,0.135,3.416,23.018,4875.0,-0.7536999999999999,0.20809999999999998,417215
97,3887,1386,3,57088.183133,30.915,-35.52,12.04,0.69,9,9,-7.618e-07,2.582e-07,,,ec0915.150307.419088_ooi_z_v1_N22_160306.523733_ooi_z_v1_N22.diff.fits,0x0000,136,z,TEMPLATE,t,1.0547,1.158,0.08,3.392,23.026,6188.0,-0.7617999999999999,0.25820000000000004,419088
97,3887,1386,3,57088.185779,30.915,-49.46,12.64,1.07,9,9,-1.061e-06,2.71e-07,,,ec0915.150307.419089_ooi_z_v1_N22_160306.523733_ooi_z_v1_N22.diff.fits,0x0000,137,z,TEMPLATE,t,1.0497,1.223,0.109,2.884,23.166,5927.0,-1.0610000000000002,0.27099999999999996,419089
97,3887,1386,3,57117.011808,30.915,-41.67,13.02,1.04,9,3,-8.937e-07,2.793e-07,,,ec0915.150405.429230_ooi_z_v1_N22_160306.523733_ooi_z_v1_N22.diff.fits,0x0000,143,z,TEMPLATE,t,1.0671,1.153,0.082,4.288,22.642,7571.0,-0.8937,0.2793,429230
97,3887,1386,3,57117.015936,30.915,-110.33,13.1,5.97,9,0,-2.366e-06,2.809e-07,,,ec0915.150405.429232_ooi_z_v1_N22_160306.523733_ooi_z_v1_N22.diff.fits,0x0000,145,z,TEMPLATE,t,1.0619,1.19,0.061,4.641,22.633,6637.0,-2.3659999999999997,0.2809,429232
97,3887,1386,3,57139.0088,30.915,-50.99,11.74,1.71,9,0,-1.093e-06,2.517e-07,,,ec0915.150427.437746_ooi_z_v1_N22_160306.523733_ooi_z_v1_N22.diff.fits,0x0000,151,z,TEMPLATE,t,1.041,1.249,0.072,5.414,22.529,5505.0,-1.093,0.25170000000000003,437746
97,3887,1386,3,57171.013911,30.915,85.11,269.5,1.69,9,3,1.825e-06,5.78e-06,,,ec0915.150529.443410_ooi_z_v1_N22_160306.523733_ooi_z_v1_N22.diff.fits,0x0000,153,z,TEMPLATE,t,0.0897,1.165,0.048,4.037,19.422,24525.0,1.8250000000000002,5.779999999999999,443410
97,3887,1386,3,57171.018007,30.915,-82.75,223.81,0.44,9,9,-1.775e-06,4.8e-06,,,ec0915.150529.443412_ooi_z_v1_N22_160306.523733_ooi_z_v1_N22.diff.fits,0x0000,155,z,TEMPLATE,t,0.0982,1.177,0.056,3.466,19.689,24114.0,-1.775,4.8,443412
97,3887,1386,3,57171.117306,30.915,-1122.41,717.31,1.1,9,3,-2.407e-05,1.538e-05,,,ec0915.150529.443454_ooi_z_v1_N22_160306.523733_ooi_z_v1_N22.diff.fits,0x0000,157,z,TEMPLATE,t,0.0325,1.214,0.051,3.988,18.396,27448.0,-24.07,15.379999999999999,443454
97,3887,1386,3,57171.121418,30.915,2138.31,1031.68,0.79,9,7,4.586e-05,2.213e-05,,,ec0915.150529.443456_ooi_z_v1_N22_160306.523733_ooi_z_v1_N22.diff.fits,0x0000,159,z,TEMPLATE,t,0.0241,1.205,0.059,3.624,18.227,28127.0,45.86,22.13,443456
97,3887,1386,3,57198.960089,30.915,-57.19,15.76,1.22,9,0,-1.226e-06,3.379e-07,,,ec0915.150625.453952_ooi_z_v1_N22_160306.523733_ooi_z_v1_N22.diff.fits,0x0000,164,z,TEMPLATE,t,1.0789,1.109,0.062,4.714,22.377,10108.0,-1.226,0.3379,453952
97,3887,1386,3,57198.965698,30.915,-40.25,14.67,0.53,9,0,-8.633e-07,3.146e-07,,,ec0915.150625.453955_ooi_z_v1_N22_160306.523733_ooi_z_v1_N22.diff.fits,0x0000,167,z,TEMPLATE,t,1.0696,1.223,0.064,4.277,22.481,10187.0,-0.8633,0.31460000000000005,453955
97,3887,1386,3,57199.005294,30.915,-49.91,14.84,1.22,9,0,-1.07e-06,3.183e-07,,,ec0915.150626.453976_ooi_z_v1_N22_160306.523733_ooi_z_v1_N22.diff.fits,0x0000,170,z,TEMPLATE,t,1.0649,1.202,0.083,4.295,22.633,7612.0,-1.0699999999999998,0.31829999999999997,453976
97,3887,1386,3,57387.340403,30.915,-30.69,11.17,0.46,9,9,-6.582e-07,2.395e-07,,,ec0915.151231.507220_ooi_z_v1_N22_160306.523733_ooi_z_v1_N22.diff.fits,0x0000,176,z,TEMPLATE,t,1.0642,1.234,0.126,3.164,23.086,5609.0,-0.6582,0.2395,507220
97,3887,1386,3,57388.334629,30.915,-16.86,9.56,1.14,9,7,-3.616e-07,2.049e-07,,,ec0915.160101.507561_ooi_z_v1_N22_160306.523733_ooi_z_v1_N22.diff.fits,0x0000,180,z,TEMPLATE,t,1.0844,1.228,0.102,3.599,23.14,4209.0,-0.36160000000000003,0.2049,507561
97,3887,1386,3,57443.170926,30.915,-48.34,12.6,1.31,9,3,-1.037e-06,2.702e-07,,,ec0915.160225.519763_ooi_z_v1_N22_160306.523733_ooi_z_v1_N22.diff.fits,0x0000,183,z,TEMPLATE,t,1.0313,1.116,0.072,3.975,22.746,6057.0,-1.037,0.27020000000000005,519763
97,3887,1386,3,57443.175066,30.915,-53.79,11.05,1.37,9,0,-1.154e-06,2.37e-07,,,ec0915.160225.519765_ooi_z_v1_N22_160306.523733_ooi_z_v1_N22.diff.fits,0x0000,185,z,TEMPLATE,t,1.0353,1.109,0.06,4.579,22.596,5911.0,-1.1540000000000001,0.237,519765
97,3887,1386,3,57452.205272,30.915,-9.49,12.33,0.53,9,9,-2.035e-07,2.645e-07,,,ec0915.160305.523437_ooi_z_v1_N22_160306.523733_ooi_z_v1_N22.diff.fits,0x0000,187,z,TEMPLATE,t,1.0771,1.286,0.146,2.451,23.522,4633.0,-0.2035,0.2645,523437
97,3887,1386,3,57535.95023,30.915,24.08,43.44,1.45,9,7,5.165e-07,9.317e-07,,,ec0915.160527.545715_ooi_z_v1_N22_160306.523733_ooi_z_v1_N22.diff.fits,0x0000,190,z,TEMPLATE,t,0.3206,1.151,0.067,3.798,21.456,7315.0,0.5165000000000001,0.9317,545715
97,3887,1386,3,57535.954356,30.915,-55.48,36.69,1.08,9,0,-1.19e-06,7.868e-07,,,ec0915.160527.545717_ooi_z_v1_N22_160306.523733_ooi_z_v1_N22.diff.fits,0x0000,192,z,TEMPLATE,t,0.3243,1.121,0.056,4.145,21.475,5947.0,-1.19,0.7868,545717
97,3887,1386,3,57535.991722,30.915,7.56,12.6,1.04,9,0,1.622e-07,2.702e-07,,,ec0915.160527.545735_ooi_z_v1_N22_160306.523733_ooi_z_v1_N22.diff.fits,0x0000,194,z,TEMPLATE,t,0.8908,1.309,0.092,4.077,22.828,4546.0,0.1622,0.27020000000000005,545735
97,3887,1386,3,57535.995867,30.915,-35.71,11.6,0.97,9,7,-7.658e-07,2.489e-07,,,ec0915.160527.545737_ooi_z_v1_N22_160306.523733_ooi_z_v1_N22.diff.fits,0x0000,196,z,TEMPLATE,t,0.9992,1.236,0.106,3.527,22.982,4803.0,-0.7658,0.2489,545737
97,3887,1386,3,57545.965079,30.915,-0.93,15.62,1.23,9,0,-2.001e-08,3.35e-07,,,ec0915.160606.547142_ooi_z_v1_N22_160306.523733_ooi_z_v1_N22.diff.fits,0x0000,206,z,TEMPLATE,t,0.5751,1.139,0.076,4.454,22.464,3034.0,-0.02001,0.335,547142
97,3887,1386,3,57566.040208,30.915,1.73,15.43,1.59,9,0,3.72e-08,3.31e-07,,,ec0915.160627.549002_ooi_z_v1_N22_160306.523733_ooi_z_v1_N22.diff.fits,0x0000,210,z,TEMPLATE,t,0.9597,1.114,0.072,4.658,22.451,8142.0,0.037200000000000004,0.33099999999999996,549002
97,3887,1386,3,57764.169856,30.915,-44.76,12.31,1.36,9,9,-9.598e-07,2.641e-07,,,ec0915.170111.608550_ooi_z_v1_N22_160306.523733_ooi_z_v1_N22.diff.fits,0x0000,213,z,TEMPLATE,t,1.0318,1.268,0.139,3.199,23.075,5482.0,-0.9597999999999999,0.2641,608550
97,3887,1386,3,57764.173997,30.915,-17.95,11.98,0.73,9,9,-3.849e-07,2.568e-07,,,ec0915.170111.608552_ooi_z_v1_N22_160306.523733_ooi_z_v1_N22.diff.fits,0x0000,215,z,TEMPLATE,t,1.039,1.151,0.106,3.214,23.05,5620.0,-0.3849,0.25680000000000003,608552
97,3887,1386,3,57769.284073,30.915,-53.65,10.47,2.49,9,7,-1.151e-06,2.246e-07,,,ec0915.170116.609360_ooi_z_v1_N22_160306.523733_ooi_z_v1_N22.diff.fits,0x0000,217,z,TEMPLATE,t,1.0338,1.183,0.119,3.18,23.349,4050.0,-1.151,0.22460000000000002,609360
97,3887,1386,3,57769.288221,30.915,-54.12,9.85,0.44,9,7,-1.161e-06,2.112e-07,,,ec0915.170116.609362_ooi_z_v1_N22_160306.523733_ooi_z_v1_N22.diff.fits,0x0000,219,z,TEMPLATE,t,1.0319,1.156,0.125,3.214,23.332,4079.0,-1.161,0.2112,609362
97,3887,1386,3,57794.308614,30.915,-58.53,10.65,0.45,9,7,-1.255e-06,2.284e-07,,,ec0915.170210.619020_ooi_z_v1_N22_160306.523733_ooi_z_v1_N22.diff.fits,0x0000,231,z,TEMPLATE,t,1.0675,1.149,0.1,3.599,22.954,5829.0,-1.2550000000000001,0.22840000000000002,619020
97,3887,1386,3,57795.317714,30.915,-49.83,13.21,0.6,9,9,-1.069e-06,2.832e-07,,,ec0915.170211.619366_ooi_z_v1_N22_160306.523733_ooi_z_v1_N22.diff.fits,0x0000,233,z,TEMPLATE,t,1.0286,1.208,0.115,2.859,23.098,6629.0,-1.069,0.2832,619366
97,3887,1386,3,57798.077705,30.915,-54.11,11.88,1.06,9,9,-1.16e-06,2.548e-07,,,ec0915.170214.620291_ooi_z_v1_N22_160306.523733_ooi_z_v1_N22.diff.fits,0x0000,235,z,TEMPLATE,t,0.9631,1.165,0.11,3.29,22.936,5922.0,-1.16,0.25479999999999997,620291
97,3887,1386,3,57822.338331,30.915,-62.59,12.37,0.76,9,7,-1.342e-06,2.653e-07,,,ec0915.170310.628200_ooi_z_v1_N22_160306.523733_ooi_z_v1_N22.diff.fits,0x0000,237,z,TEMPLATE,t,0.9992,1.127,0.081,3.576,22.797,7326.0,-1.342,0.26530000000000004,628200
97,3887,1386,3,57822.342476,30.915,-55.37,14.96,1.34,9,3,-1.187e-06,3.209e-07,,,ec0915.170310.628202_ooi_z_v1_N22_160306.523733_ooi_z_v1_N22.diff.fits,0x0000,239,z,TEMPLATE,t,0.9893,1.057,0.061,4.175,22.591,7749.0,-1.187,0.3209,628202
97,3887,1386,3,57824.277361,30.915,-37.23,11.83,0.79,9,7,-7.985e-07,2.537e-07,,,ec0915.170312.628814_ooi_z_v1_N22_160306.523733_ooi_z_v1_N22.diff.fits,0x0000,241,z,TEMPLATE,t,1.0506,1.067,0.073,3.807,22.77,7544.0,-0.7985,0.2537,628814
97,3887,1386,3,57824.281503,30.915,-24.85,12.59,1.79,9,9,-5.328e-07,2.7e-07,,,ec0915.170312.628816_ooi_z_v1_N22_160306.523733_ooi_z_v1_N22.diff.fits,0x0000,243,z,TEMPLATE,t,1.0475,1.22,0.097,3.347,22.952,6645.0,-0.5328,0.27,628816
97,3887,1386,3,57847.124307,30.915,-38.22,10.79,0.33,9,9,-8.197e-07,2.314e-07,,,ec0915.170404.636946_ooi_z_v1_N22_160306.523733_ooi_z_v1_N22.diff.fits,0x0000,252,z,TEMPLATE,t,1.0078,1.244,0.131,3.534,23.1,4387.0,-0.8197,0.2314,636946
97,3887,1386,3,57848.992872,30.915,-28.9,12.78,1.23,9,7,-6.197e-07,2.74e-07,,,ec0915.170405.637489_ooi_z_v1_N22_160306.523733_ooi_z_v1_N22.diff.fits,0x0000,255,z,TEMPLATE,t,1.0116,1.165,0.1,3.387,22.831,7297.0,-0.6196999999999999,0.27399999999999997,637489
97,3887,1386,3,57872.960558,30.915,-69.16,13.07,1.74,9,9,-1.483e-06,2.804e-07,,,ec0915.170429.645088_ooi_z_v1_N22_160306.523733_ooi_z_v1_N22.diff.fits,0x0000,256,z,TEMPLATE,t,1.1067,1.318,0.153,2.628,23.096,8900.0,-1.483,0.2804,645088
97,3887,1386,3,57872.960558,30.915,-66.68,13.31,1.72,9,9,-1.43e-06,2.855e-07,,,ec0915.170429.645088_ooi_z_vx_N22_160306.523733_ooi_z_v1_N22.diff.fits,0x0000,257,z,TEMPLATE,t,1.14,1.297,0.163,2.627,23.073,9226.0,-1.4300000000000002,0.28550000000000003,645088
97,3887,1386,3,57874.962088,30.915,-72.78,38.51,0.26,9,7,-1.561e-06,8.259e-07,,,ec0915.170501.646110_ooi_z_v1_N22_160306.523733_ooi_z_v1_N22.diff.fits,0x0000,270,z,TEMPLATE,t,0.4218,0.813,0.05,3.56,21.55,11604.0,-1.561,0.8259,646110
97,3887,1386,3,57874.96623,30.915,,,,0,0,,,,,ec0915.170501.646112_ooi_z_vx_N22_160306.523733_ooi_z_v1_N22.diff.fits,0x0000,273,z,TEMPLATE,t,0.2792,1.081,0.064,3.558,21.265,8303.0,,,646112
97,3887,1386,3,57874.96623,30.915,-75.35,50.8,1.02,9,7,-1.616e-06,1.089e-06,,,ec0915.170501.646112_ooi_z_v1_N22_160306.523733_ooi_z_v1_N22.diff.fits,0x0000,272,z,TEMPLATE,t,0.2716,1.088,0.062,3.558,21.271,8234.0,-1.616,1.089,646112
97,3887,1386,3,57875.014571,30.915,6.08,38.32,0.75,9,7,1.304e-07,8.219e-07,,,ec0915.170502.646135_ooi_z_v1_N22_160306.523733_ooi_z_v1_N22.diff.fits,0x0000,275,z,TEMPLATE,t,0.3539,1.104,0.064,3.521,21.657,7497.0,0.13040000000000002,0.8219000000000001,646135
97,3887,1386,3,57875.018706,30.915,-26.69,27.26,1.1,9,9,-5.723e-07,5.846e-07,,,ec0915.170502.646137_ooi_z_v1_N22_160306.523733_ooi_z_v1_N22.diff.fits,0x0000,278,z,TEMPLATE,t,0.4891,1.167,0.081,3.247,22.174,6770.0,-0.5723,0.5846,646137
97,3887,1386,3,57875.018706,30.915,-7.21,35.57,0.62,9,3,-1.546e-07,7.627e-07,,,ec0915.170502.646137_ooi_z_vx_N22_160306.523733_ooi_z_v1_N22.diff.fits,0x0000,279,z,TEMPLATE,t,0.5031,1.109,0.082,3.247,22.145,7140.0,-0.1546,0.7627,646137
97,3887,1386,3,57875.081054,30.915,-48.34,41.33,1.25,9,9,-1.037e-06,8.864e-07,,,ec0915.170502.646165_ooi_z_v1_N22_160306.523733_ooi_z_v1_N22.diff.fits,0x0000,282,z,TEMPLATE,t,0.314,1.116,0.069,3.34,21.62,7054.0,-1.037,0.8864,646165
97,3887,1386,3,57875.085195,30.915,-48.61,15.48,1.4,9,9,-1.043e-06,3.321e-07,,,ec0915.170502.646167_ooi_z_v1_N22_160306.523733_ooi_z_v1_N22.diff.fits,0x0000,284,z,TEMPLATE,t,0.7859,1.128,0.089,3.35,22.666,6214.0,-1.043,0.3321,646167
97,3887,1386,3,57875.122515,30.915,-24.7,24.86,1.13,9,9,-5.297e-07,5.331e-07,,,ec0915.170502.646185_ooi_z_v1_N22_160306.523733_ooi_z_v1_N22.diff.fits,0x0000,286,z,TEMPLATE,t,0.5261,0.991,0.076,3.058,22.295,6557.0,-0.5297,0.5331,646185
97,3887,1386,3,57875.126648,30.915,-91.11,21.36,1.0,9,9,-1.954e-06,4.58e-07,,,ec0915.170502.646187_ooi_z_v1_N22_160306.523733_ooi_z_v1_N22.diff.fits,0x0000,288,z,TEMPLATE,t,0.5093,1.192,0.085,3.171,22.342,5378.0,-1.9539999999999997,0.458,646187
97,3887,1386,3,57888.146212,30.915,-78.57,11.81,0.62,9,0,-1.685e-06,2.533e-07,,,ec0915.170515.648397_ooi_z_v1_N22_160306.523733_ooi_z_v1_N22.diff.fits,0x0000,290,z,TEMPLATE,t,1.026,1.134,0.061,5.728,22.558,4880.0,-1.685,0.2533,648397
97,3887,1386,3,57888.150335,30.915,-81.72,11.32,1.9,9,0,-1.753e-06,2.428e-07,,,ec0915.170515.648399_ooi_z_v1_N22_160306.523733_ooi_z_v1_N22.diff.fits,0x0000,292,z,TEMPLATE,t,1.0271,1.289,0.057,5.92,22.593,4268.0,-1.753,0.2428,648399
97,3887,1386,3,57935.020929,30.915,-41.94,10.88,1.19,9,7,-8.995e-07,2.332e-07,,,ec0915.170701.657445_ooi_z_vx_N22_160306.523733_ooi_z_v1_N22.diff.fits,0x0000,299,z,TEMPLATE,t,1.1345,1.232,0.13,3.547,23.0,5851.0,-0.8995000000000001,0.2332,657445
97,3887,1386,3,57950.995174,30.915,-22.76,14.26,0.66,9,0,-4.881e-07,3.059e-07,,,ec0915.170716.659072_ooi_z_v1_N22_160306.523733_ooi_z_v1_N22.diff.fits,0x0000,306,z,TEMPLATE,t,1.11,0.929,0.039,7.027,22.172,8578.0,-0.48810000000000003,0.3059,659072
97,3887,1386,3,58183.117442,30.915,-32.53,10.6,0.98,9,3,-6.976e-07,2.273e-07,,,ec0915.180306.727448_ooi_z_v1_N22_160306.523733_ooi_z_v1_N22.diff.fits,0x0000,312,z,TEMPLATE,t,0.9792,1.336,0.067,4.321,22.804,4442.0,-0.6976,0.2273,727448
97,3887,1386,3,58183.121555,30.915,-42.81,12.08,2.24,9,7,-9.18e-07,2.591e-07,,,ec0915.180306.727450_ooi_z_v1_N22_160306.523733_ooi_z_v1_N22.diff.fits,0x0000,314,z,TEMPLATE,t,0.9745,1.099,0.082,3.827,22.829,5524.0,-0.918,0.2591,727450
97,3887,1386,3,58184.03864,30.915,-19.09,12.37,1.06,9,0,-4.093e-07,2.652e-07,,,ec0915.180307.727589_ooi_z_v1_N22_160306.523733_ooi_z_v1_N22.diff.fits,0x0000,316,z,TEMPLATE,t,0.8599,1.178,0.078,5.158,22.516,4545.0,-0.4093,0.2652,727589
97,3887,1386,3,58225.986333,30.915,-39.94,13.25,0.79,9,0,-8.566e-07,2.842e-07,,,ec0915.180417.736458_ooi_z_v1_N22_160306.523733_ooi_z_v1_N22.diff.fits,0x0000,327,z,TEMPLATE,t,0.9652,1.246,0.077,4.831,22.505,5784.0,-0.8566,0.2842,736458
97,3887,1386,3,58232.983204,30.915,-18.68,12.46,1.35,9,7,-4.005e-07,2.672e-07,,,ec0915.180424.738618_ooi_z_v1_N22_160306.523733_ooi_z_v1_N22.diff.fits,0x0000,331,z,TEMPLATE,t,1.0633,1.157,0.103,3.779,22.758,7453.0,-0.4005,0.2672,738618
97,3887,1386,3,58246.003574,30.915,-0.02,23.1,1.04,9,0,-3.267e-10,4.953e-07,,,ec0915.180508.743629_ooi_z_v1_N22_160306.523733_ooi_z_v1_N22.diff.fits,0x0000,335,z,TEMPLATE,t,0.7157,1.113,0.065,4.337,22.078,9437.0,-0.0003267,0.4953000000000001,743629
97,3887,1386,3,58261.080086,30.915,1.34,15.18,1.36,9,9,2.863e-08,3.256e-07,,,ec0915.180523.750068_ooi_z_v1_N22_160306.523733_ooi_z_v1_N22.diff.fits,0x0000,339,z,TEMPLATE,t,1.0482,0.963,0.094,3.406,22.75,9810.0,0.02863,0.3256,750068
97,3887,1386,3,58261.088392,30.915,-24.79,13.61,0.62,9,9,-5.316e-07,2.919e-07,,,ec0915.180523.750072_ooi_z_v1_N22_160306.523733_ooi_z_v1_N22.diff.fits,0x0000,343,z,TEMPLATE,t,1.0415,1.169,0.117,3.008,22.974,8140.0,-0.5316000000000001,0.2919,750072
97,3887,1386,3,58313.979667,30.915,-26.25,12.03,0.67,9,3,-5.629e-07,2.58e-07,,,ec0915.180714.755609_ooi_z_v1_N22_160306.523733_ooi_z_v1_N22.diff.fits,0x0000,345,z,TEMPLATE,t,1.1382,1.002,0.082,4.134,22.713,8411.0,-0.5629000000000001,0.258,755609
97,3887,1386,3,58313.987958,30.915,3.17,12.88,0.66,9,3,6.802e-08,2.762e-07,,,ec0915.180714.755613_ooi_z_v1_N22_160306.523733_ooi_z_v1_N22.diff.fits,0x0000,349,z,TEMPLATE,t,1.1318,1.09,0.078,3.788,22.871,7802.0,0.06802,0.2762,755613
97,3887,1386,3,58483.310826,30.915,-34.96,9.23,0.93,9,7,-7.496e-07,1.98e-07,,,ec0915.181231.807723_ooi_z_v1_N22_160306.523733_ooi_z_v1_N22.diff.fits,0x0000,358,z,TEMPLATE,t,1.1382,1.454,0.173,3.529,23.237,4204.0,-0.7496,0.198,807723
97,3887,1386,3,58536.294128,30.915,-62.33,17.04,0.87,9,9,-1.337e-06,3.654e-07,,,ec0915.190222.826209_ooi_z_v1_N22_160306.523733_ooi_z_v1_N22.diff.fits,0x0000,363,z,TEMPLATE,t,0.5223,1.125,0.124,2.835,22.823,2881.0,-1.337,0.3654,826209
97,3887,1386,3,58542.172304,30.915,-38.21,9.25,0.28,9,9,-8.194e-07,1.985e-07,,,ec0915.190228.828459_ooi_z_v1_N22_160306.523733_ooi_z_v1_N22.diff.fits,0x0000,367,z,TEMPLATE,t,1.026,1.087,0.14,3.159,23.342,3542.0,-0.8194,0.1985,828459
97,3887,1386,3,58572.222637,30.915,-30.96,10.65,0.47,9,3,-6.64e-07,2.284e-07,,,ec0915.190330.843689_ooi_z_v1_N22_160306.523733_ooi_z_v1_N22.diff.fits,0x0000,384,z,TEMPLATE,t,1.2018,1.172,0.105,4.127,23.009,5136.0,-0.664,0.22840000000000002,843689
97,3887,1386,3,58572.226441,30.915,,,,0,0,,,,,ec0915.190330.843690_ooi_z_v1_N22_160306.523733_ooi_z_v1_N22.diff.fits,0x0000,385,z,TEMPLATE,t,0.8292,1.115,0.072,4.453,22.559,5193.0,,,843690
97,3887,1386,3,58572.230237,30.915,241.24,22.82,0.95,9,1,5.173e-06,4.893e-07,22.116,0.102689,ec0915.190330.843691_ooi_z_v1_N22_160306.523733_ooi_z_v1_N22.diff.fits,0x0000,386,z,TEMPLATE,t,0.6732,1.234,0.089,4.04,22.442,4903.0,5.173,0.4893,843691
97,3887,1386,3,58572.234037,30.915,-24.86,23.09,1.03,9,0,-5.332e-07,4.951e-07,,,ec0915.190330.843692_ooi_z_v1_N22_160306.523733_ooi_z_v1_N22.diff.fits,0x0000,387,z,TEMPLATE,t,0.5142,1.044,0.056,4.479,21.994,5216.0,-0.5332,0.49510000000000004,843692
97,3887,1386,3,58572.237846,30.915,3.45,22.4,2.06,9,3,7.403e-08,4.803e-07,,,ec0915.190330.843693_ooi_z_v1_N22_160306.523733_ooi_z_v1_N22.diff.fits,0x0000,388,z,TEMPLATE,t,0.4535,1.115,0.069,4.214,21.987,4793.0,0.07403,0.4803,843693
97,3887,1386,3,58578.206222,30.915,-45.26,12.62,0.69,9,3,-9.707e-07,2.706e-07,,,ec0915.190405.846168_ooi_z_v1_N22_160306.523733_ooi_z_v1_N22.diff.fits,0x0000,392,z,TEMPLATE,t,1.0249,0.832,0.109,3.986,22.804,6648.0,-0.9707000000000001,0.2706,846168
97,3887,1386,3,58639.02291,30.915,24.59,35.89,1.03,9,7,5.274e-07,7.697e-07,,,ec0915.190605.862065_ooi_z_v1_N22_160306.523733_ooi_z_v1_N22.diff.fits,0x0000,396,z,TEMPLATE,t,0.4406,0.878,0.063,3.587,21.698,9151.0,0.5274,0.7697,862065
97,3887,1386,3,58691.95826,30.915,-42.87,38.68,1.17,9,3,-9.193e-07,8.295e-07,,,ec0915.190727.879486_ooi_z_v1_N22_160306.523733_ooi_z_v1_N22.diff.fits,0x0000,397,z,TEMPLATE,t,0.6597,1.016,0.066,4.036,21.499,27221.0,-0.9193,0.8294999999999999,879486
97,3887,1386,3,58818.262285,30.915,-54.35,12.62,0.62,9,7,-1.165e-06,2.706e-07,,,ec0915.191201.912644_ooi_z_vx_N22_160306.523733_ooi_z_v1_N22.diff.fits,0x0000,406,z,TEMPLATE,t,1.1264,1.31,0.152,3.599,22.872,7481.0,-1.165,0.2706,912644
97,3887,1386,3,58818.262285,30.915,-31.31,12.73,0.61,9,7,-6.715e-07,2.73e-07,,,ec0915.191201.912644_ooi_z_v1_N22_160306.523733_ooi_z_v1_N22.diff.fits,0x0000,405,z,TEMPLATE,t,1.1253,1.157,0.085,3.6,22.863,7593.0,-0.6715000000000001,0.273,912644
97,3887,1386,3,58818.27059,30.915,-47.7,12.25,0.44,9,9,-1.023e-06,2.627e-07,,,ec0915.191201.912648_ooi_z_v1_N22_160306.523733_ooi_z_v1_N22.diff.fits,0x0000,410,z,TEMPLATE,t,1.1387,1.094,0.103,3.313,22.974,7022.0,-1.023,0.2627,912648
97,3887,1386,3,58840.279334,30.915,-55.8,8.68,0.9,9,9,-1.197e-06,1.862e-07,,,ec0915.191223.921762_ooi_z_v1_N22_160306.523733_ooi_z_v1_N22.diff.fits,0x0000,414,z,TEMPLATE,t,1.1448,1.315,0.161,3.23,23.351,4028.0,-1.1969999999999998,0.1862,921762
97,3887,1386,3,58840.287634,30.915,-4.75,9.87,1.11,9,9,-1.019e-07,2.116e-07,,,ec0915.191223.921766_ooi_z_v1_N22_160306.523733_ooi_z_v1_N22.diff.fits,0x0000,418,z,TEMPLATE,t,1.1553,1.201,0.15,2.968,23.373,4317.0,-0.1019,0.21159999999999998,921766
97,3887,1386,3,58840.363289,30.915,-34.46,18.85,2.01,9,9,-7.389e-07,4.042e-07,,,ec0915.191223.921802_ooi_z_v1_N22_160306.523733_ooi_z_v1_N22.diff.fits,0x0000,422,z,TEMPLATE,t,0.5851,1.226,0.129,2.65,22.756,4509.0,-0.7389,0.4042,921802
97,3887,1386,3,58848.301947,30.915,-32.05,10.58,0.67,9,9,-6.872e-07,2.27e-07,,,ec0915.191231.923831_ooi_z_v1_N22_160306.523733_ooi_z_v1_N22.diff.fits,0x0000,426,z,TEMPLATE,t,1.1973,1.426,0.21,2.611,23.578,4309.0,-0.6871999999999999,0.227,923831
97,3887,1386,3,58848.31023,30.915,-25.16,9.31,0.29,9,3,-5.397e-07,1.997e-07,,,ec0915.191231.923835_ooi_z_v1_N22_160306.523733_ooi_z_v1_N22.diff.fits,0x0000,430,z,TEMPLATE,t,1.2048,1.259,0.133,3.537,23.364,4099.0,-0.5397,0.1997,923835
97,3887,1386,3,58848.348661,30.915,-46.51,12.38,0.95,9,9,-9.974e-07,2.656e-07,,,ec0915.191231.923853_ooi_z_v1_N22_160306.523733_ooi_z_v1_N22.diff.fits,0x0000,432,z,TEMPLATE,t,0.5858,1.305,0.178,2.912,23.094,2111.0,-0.9974,0.2656,923853
97,3887,1386,3,58870.169795,30.915,-39.81,11.69,1.37,9,0,-8.538e-07,2.507e-07,,,ec0915.200122.925785_ooi_z_v1_N22_160306.523733_ooi_z_v1_N22.diff.fits,0x0000,436,z,TEMPLATE,t,1.056,1.196,0.111,3.884,22.984,5016.0,-0.8538,0.2507,925785
97,3887,1386,3,58877.17514,30.915,-18.12,10.54,0.99,9,0,-3.885e-07,2.26e-07,,,ec0915.200129.927465_ooi_z_v1_N22_160306.523733_ooi_z_v1_N22.diff.fits,0x0000,440,z,TEMPLATE,t,1.0048,1.181,0.094,4.728,22.772,4312.0,-0.3885,0.226,927465
97,3887,1386,3,58905.154089,30.915,-25.84,9.58,0.63,9,7,-5.541e-07,2.054e-07,,,ec0915.200226.938759_ooi_z_v1_N22_160306.523733_ooi_z_v1_N22.diff.fits,0x0000,444,z,TEMPLATE,t,1.1088,1.238,0.13,3.857,23.09,4273.0,-0.5541,0.2054,938759
97,3887,1386,3,59146.349303,30.915,-59.61,11.79,0.35,9,0,-1.278e-06,2.529e-07,,,ec0915.201024.948166_ooi_z_v1_N22_160306.523733_ooi_z_v1_N22.diff.fits,0x0000,448,z,TEMPLATE,t,1.1096,1.213,0.112,4.401,22.807,6017.0,-1.278,0.2529,948166
97,3887,1386,3,59176.305734,30.915,-71.64,11.15,0.84,9,7,-1.536e-06,2.392e-07,,,ec0915.201123.957181_ooi_z_v1_N22_160306.523733_ooi_z_v1_N22.diff.fits,0x0000,452,z,TEMPLATE,t,1.1309,1.408,0.209,3.806,23.004,5426.0,-1.536,0.23920000000000002,957181
97,3887,1386,3,59236.261521,30.915,-44.44,11.13,1.56,9,0,-9.529e-07,2.388e-07,,,ec0915.210122.958768_ooi_z_v1_N22_160306.523733_ooi_z_v1_N22.diff.fits,0x0000,455,z,TEMPLATE,t,1.0432,1.468,0.226,4.415,22.848,4910.0,-0.9529,0.23879999999999998,958768
97,3887,1386,3,59301.045653,30.915,-85.57,21.43,6.12,9,7,-1.835e-06,4.596e-07,,,ec0915.210328.978113_ooi_z_v1_N22_160306.523733_ooi_z_v1_N22.diff.fits,0x0000,463,z,TEMPLATE,t,0.5115,1.197,0.11,3.635,22.321,4215.0,-1.835,0.4596,978113
97,3887,1386,3,59304.008094,30.915,-57.63,16.23,0.66,9,3,-1.236e-06,3.48e-07,,,ec0915.210331.979132_ooi_z_v1_N22_160306.523733_ooi_z_v1_N22.diff.fits,0x0000,465,z,TEMPLATE,t,0.5342,1.207,0.1,4.205,22.455,2752.0,-1.236,0.348,979132
97,3887,1386,3,59307.091802,30.915,-12.31,16.99,0.67,9,0,-2.641e-07,3.643e-07,,,ec0915.210403.980345_ooi_z_v1_N22_160306.523733_ooi_z_v1_N22.diff.fits,0x0000,467,z,TEMPLATE,t,0.5061,1.244,0.114,4.768,22.357,2177.0,-0.2641,0.3643,980345
97,3887,1386,3,59512.377811,30.915,-63.23,31.44,0.64,9,9,-1.356e-06,6.742e-07,,,ec0915.211025.1046077_ooi_z_v1_N22_160306.523733_ooi_z_v1_N22.diff.fits,0x0000,480,z,TEMPLATE,t,0.5334,1.15,0.102,3.379,21.799,13643.0,-1.356,0.6742,1046077
97,3887,1386,3,59570.324687,30.915,-14.31,16.28,0.79,9,3,-3.069e-07,3.491e-07,,,ec0915.211222.1064957_ooi_z_v1_N22_160306.523733_ooi_z_v1_N22.diff.fits,0x0000,498,z,TEMPLATE,t,0.5707,1.198,0.099,3.806,22.636,2504.0,-0.30689999999999995,0.3491,1064957
97,3887,1386,3,59572.282599,30.915,42.92,15.35,0.83,9,9,9.205e-07,3.291e-07,,,ec0915.211224.1065702_ooi_z_v1_N22_160306.523733_ooi_z_v1_N22.diff.fits,0x0000,499,z,TEMPLATE,t,0.4824,1.241,0.131,3.245,22.627,2317.0,0.9205,0.3291,1065702
97,3887,1386,3,59634.202353,30.915,-13.78,11.71,1.55,9,9,-2.955e-07,2.511e-07,,,ec0915.220224.1083414_ooi_z_v1_N22_160306.523733_ooi_z_v1_N22.diff.fits,0x0000,516,z,TEMPLATE,t,1.1791,1.539,0.299,3.317,23.07,6473.0,-0.29550000000000004,0.25110000000000005,1083414
97,3887,1386,3,59899.356462,30.915,-64.1,29.41,0.96,9,9,-1.375e-06,6.307e-07,,,ec0915.221116.1150882_ooi_z_v1_N22_160306.523733_ooi_z_v1_N22.diff.fits,0x0000,538,z,TEMPLATE,t,0.5615,1.16,0.102,3.141,21.994,11086.0,-1.375,0.6306999999999999,1150882
97,3887,1386,3,59948.227068,30.915,-22.17,15.93,0.61,9,7,-4.755e-07,3.417e-07,,,ec0915.230104.1162015_ooi_z_v1_N22_160306.523733_ooi_z_v1_N22.diff.fits,0x0000,545,z,TEMPLATE,t,0.4907,1.266,0.141,3.614,22.552,2640.0,-0.4755,0.3417,1162015
97,3887,1386,3,60126.974862,30.915,-75.67,23.01,0.51,9,9,-1.623e-06,4.935e-07,,,ec0915.230701.1217849_ooi_z_v1_N22_160306.523733_ooi_z_v1_N22.diff.fits,0x0000,576,z,TEMPLATE,t,0.5718,1.22,0.139,3.114,22.311,7670.0,-1.623,0.4935,1217849
97,3887,1386,3,60156.989461,30.915,-110.42,25.98,1.37,9,0,-2.368e-06,5.572e-07,,,ec0915.230731.1227300_ooi_z_v1_N22_160306.523733_ooi_z_v1_N22.diff.fits,0x0000,581,z,TEMPLATE,t,0.5727,1.161,0.088,4.474,21.851,7123.0,-2.368,0.5572,1227300
97,3887,1386,3,60361.185082,30.915,-100.85,27.25,1.94,9,9,-2.163e-06,5.845e-07,,,ec0915.240221.1278342_ooi_z_v1_N22_160306.523733_ooi_z_v1_N22.diff.fits,0x0000,612,z,TEMPLATE,t,0.3481,1.254,0.149,3.138,22.084,4002.0,-2.163,0.5845,1278342
97,3887,1386,3,60427.053895,30.915,-102.44,23.25,0.21,9,9,-2.197e-06,4.986e-07,,,ec0915.240427.1293150_ooi_z_v1_N22_160306.523733_ooi_z_v1_N22.diff.fits,0x0000,631,z,TEMPLATE,t,0.4412,1.246,0.141,3.114,22.273,4553.0,-2.197,0.4986,1293150
97,3887,1386,3,60486.991345,30.915,-96.46,14.73,0.73,9,0,-2.069e-06,3.159e-07,,,ec0915.240625.1305583_ooi_z_v1_N22_160306.523733_ooi_z_v1_N22.diff.fits,0x0000,648,z,TEMPLATE,t,0.5759,1.272,0.07,5.071,22.396,2469.0,-2.069,0.3159,1305583
97,3887,1386,3,60508.01389,30.915,-89.83,23.95,0.52,9,0,-1.926e-06,5.136e-07,,,ec0915.240717.1312960_ooi_z_v1_N22_160306.523733_ooi_z_v1_N22.diff.fits,0x0000,657,z,TEMPLATE,t,0.5675,1.125,0.046,4.761,21.822,7694.0,-1.926,0.5136000000000001,1312960
97,3887,1386,3,60796.012609,30.915,179.4,518.3,1.37,9,0,3.847e-06,1.112e-05,,,ec0915.250501.1383216_ooi_z_v1_N22_160306.523733_ooi_z_v1_N22.diff.fits,0x0000,802,z,TEMPLATE,t,0.0156,1.095,0.048,4.827,18.41,2487.0,3.847,11.120000000000001,1383216
97,3887,1386,3,60810.00515,30.915,-123.53,52.83,0.93,9,9,-2.649e-06,1.133e-06,,,ec0915.250515.1385416_ooi_z_v1_N22_160306.523733_ooi_z_v1_N22.diff.fits,0x0000,817,z,TEMPLATE,t,0.2462,1.214,0.108,2.67,21.572,6937.0,-2.649,1.133,1385416
97,3887,1386,3,60811.012032,30.915,-142.83,40.95,1.08,9,9,-3.063e-06,8.783e-07,,,ec0915.250516.1385995_ooi_z_v1_N22_160306.523733_ooi_z_v1_N22.diff.fits,0x0000,824,z,TEMPLATE,t,0.2676,1.351,0.182,2.819,21.901,4248.0,-3.063,0.8783,1385995
97,3887,1386,3,60836.034265,30.915,-189.68,32.63,0.42,9,0,-4.068e-06,6.998e-07,,,ec0915.250610.1395332_ooi_z_v1_N22_160306.523733_ooi_z_v1_N22.diff.fits,0x0000,845,z,TEMPLATE,t,0.4464,1.185,0.081,4.492,21.636,6836.0,-4.068,0.6998,1395332
97,3887,1386,3,60861.985881,30.915,-549.93,270.2,1.02,6,0,-1.179e-05,5.795e-06,,,ec0915.250705.1404550_ooi_z_v1_N22_160306.523733_ooi_z_v1_N22.diff.fits,0x0000,861,z,TEMPLATE,t,0.0781,1.115,0.056,7.942,18.755,14860.0,-11.790000000000001,5.795000000000001,1404550
97,3887,1386,3,60885.981919,30.915,-47.86,88.56,0.33,9,0,-1.026e-06,1.899e-06,,,ec0915.250729.1410882_ooi_z_v1_N22_160306.523733_ooi_z_v1_N22.diff.fits,0x0000,878,z,TEMPLATE,t,0.1174,1.156,0.081,5.031,20.453,4021.0,-1.026,1.899,1410882
97,3887,1386,3,60891.978828,30.915,-74.1,55.85,0.89,9,7,-1.589e-06,1.198e-06,,,ec0915.250804.1411935_ooi_z_v1_N22_160306.523733_ooi_z_v1_N22.diff.fits,0x0000,882,z,TEMPLATE,t,0.2642,1.143,0.074,3.756,21.204,8976.0,-1.589,1.198,1411935
97,3887,1386,3,60988.321944,30.915,-159.68,16.0,1.09,9,0,-3.425e-06,3.432e-07,,,ec0915.251109.1433487_ooi_z_v1_N22_160306.523733_ooi_z_v1_N22.diff.fits,0x0000,923,z,TEMPLATE,t,0.545,1.532,0.233,4.536,22.309,3622.0,-3.425,0.3432,1433487
97,3887,1386,3,60997.332383,30.915,-221.72,26.78,1.15,9,9,-4.755e-06,5.743e-07,,,ec0915.251118.1436429_ooi_z_v1_N22_160306.523733_ooi_z_v1_N22.diff.fits,0x0000,936,z,TEMPLATE,t,0.2931,1.33,0.162,3.198,22.001,3094.0,-4.755,0.5742999999999999,1436429
97,3887,1386,3,61000.294623,30.915,842.78,702.01,1.35,9,3,1.807e-05,1.506e-05,,,ec0915.251121.1437419_ooi_z_v1_N22_160306.523733_ooi_z_v1_N22.diff.fits,0x0000,940,z,TEMPLATE,t,0.0097,1.092,0.062,3.949,18.505,1654.0,18.07,15.06,1437419
97,3887,1386,3,61054.348165,30.915,-150.92,11.12,1.54,9,9,-3.236e-06,2.384e-07,,,ec0915.260114.1448793_ooi_z_v1_N22_160306.523733_ooi_z_v1_N22.diff.fits,0x0000,999,z,TEMPLATE,t,0.5609,1.611,0.263,3.106,23.245,1314.0,-3.236,0.2384,1448793
97,3887,1386,3,61111.243969,30.915,-197.8,12.85,1.43,9,3,-4.242e-06,2.755e-07,,,ec0915.260312.1462192_ooi_z_v1_N22_160306.523733_ooi_z_v1_N22.diff.fits,0x0000,1076,z,TEMPLATE,t,0.5703,1.382,0.135,4.012,22.768,1832.0,-4.242,0.2755,1462192
98,3889,1366,3,56341.289265,30.915,23.28,9.61,1.34,9,0,4.993e-07,2.061e-07,,,ec0915.130218.178885_ooi_z_N22_160306.523733_ooi_z_v1_N22.diff.fits,0x0000,10,z,TEMPLATE,t,0.8508,1.259,0.057,4.678,22.854,3300.0,0.4993,0.2061,178885
98,3889,1366,3,56341.291336,30.915,23.69,10.16,0.98,9,0,5.081e-07,2.178e-07,,,ec0915.130218.178886_ooi_z_N22_160306.523733_ooi_z_v1_N22.diff.fits,0x0000,11,z,TEMPLATE,t,0.8473,1.266,0.073,4.273,22.895,3347.0,0.5081,0.2178,178886
98,3889,1366,3,56360.209714,30.915,35.22,12.04,0.55,9,6,7.553e-07,2.582e-07,,,ec0915.130309.184932_ooi_z_N22_160306.523733_ooi_z_v1_N22.diff.fits,0x0000,16,z,TEMPLATE,t,0.5299,1.501,0.167,2.985,23.119,1727.0,0.7553,0.25820000000000004,184932
98,3889,1366,3,56418.977034,30.915,27.44,11.54,0.28,9,0,5.884e-07,2.476e-07,,,ec0915.130506.204629_ooi_z_v1_N22_160306.523733_ooi_z_v1_N22.diff.fits,0x0000,26,z,TEMPLATE,t,1.148,1.415,0.136,4.154,22.944,6628.0,0.5883999999999999,0.24760000000000001,204629
98,3889,1366,3,56487.988309,30.915,17.6,12.66,1.29,9,0,3.775e-07,2.715e-07,,,ec0915.130714.218757_ooi_z_N22_160306.523733_ooi_z_v1_N22.diff.fits,0x0000,30,z,TEMPLATE,t,1.1066,1.401,0.139,4.132,22.883,6364.0,0.3775,0.2715,218757
98,3889,1366,3,56488.988287,30.915,10.8,12.3,0.58,9,0,2.315e-07,2.638e-07,,,ec0915.130715.219201_ooi_z_N22_160306.523733_ooi_z_v1_N22.diff.fits,0x0000,34,z,TEMPLATE,t,1.1771,1.424,0.157,3.539,23.022,6998.0,0.2315,0.26380000000000003,219201
98,3889,1366,3,56489.013217,30.915,11.14,11.8,1.04,9,0,2.389e-07,2.531e-07,,,ec0915.130716.219213_ooi_z_N22_160306.523733_ooi_z_v1_N22.diff.fits,0x0000,38,z,TEMPLATE,t,1.1635,1.349,0.109,3.653,23.001,6723.0,0.2389,0.2531,219213
98,3889,1366,3,56612.306942,30.915,-28.01,10.3,0.49,9,0,-6.007e-07,2.21e-07,,,ec0915.131116.254783_ooi_z_N22_160306.523733_ooi_z_v1_N22.diff.fits,0x0000,43,z,TEMPLATE,t,1.1224,1.313,0.078,4.868,22.731,6461.0,-0.6007,0.221,254783
98,3889,1366,3,56668.211483,30.915,7.62,9.28,0.47,9,0,1.634e-07,1.99e-07,,,ec0915.140111.273124_ooi_z_N22_160306.523733_ooi_z_v1_N22.diff.fits,0x0000,47,z,TEMPLATE,t,1.172,1.495,0.158,3.611,23.257,4304.0,0.1634,0.19899999999999998,273124
98,3889,1366,3,56668.219813,30.915,35.32,9.21,0.67,9,0,7.575e-07,1.975e-07,24.202,0.283111,ec0915.140111.273128_ooi_z_N22_160306.523733_ooi_z_v1_N22.diff.fits,0x0000,51,z,TEMPLATE,t,1.1786,1.44,0.115,4.442,23.028,4385.0,0.7575,0.19749999999999998,273128
98,3889,1366,3,56713.197028,30.915,-0.34,9.86,0.57,9,0,-7.309e-09,2.114e-07,,,ec0915.140225.288123_ooi_z_N22_160306.523733_ooi_z_v1_N22.diff.fits,0x0000,79,z,TEMPLATE,t,1.1672,1.419,0.125,3.898,23.153,5178.0,-0.007309,0.2114,288123
98,3889,1366,3,56764.149481,30.915,-5.27,10.8,0.99,9,3,-1.131e-07,2.316e-07,,,ec0915.140417.301623_ooi_z_v1_N22_160306.523733_ooi_z_v1_N22.diff.fits,0x0000,84,z,TEMPLATE,t,1.0992,1.466,0.159,3.443,23.118,5856.0,-0.1131,0.2316,301623
98,3889,1366,3,56764.153625,30.915,-8.97,11.11,1.34,9,0,-1.924e-07,2.383e-07,,,ec0915.140417.301625_ooi_z_v1_N22_160306.523733_ooi_z_v1_N22.diff.fits,0x0000,86,z,TEMPLATE,t,1.0967,1.435,0.125,3.415,23.19,5889.0,-0.19240000000000002,0.2383,301625
98,3889,1366,3,56814.091425,30.915,6.2,11.19,0.58,9,0,1.329e-07,2.399e-07,,,ec0915.140606.320269_ooi_z_v1_N22_160306.523733_ooi_z_v1_N22.diff.fits,0x0000,89,z,TEMPLATE,t,1.1459,1.413,0.09,5.263,22.754,5333.0,0.13290000000000002,0.23990000000000003,320269
98,3889,1366,3,56834.960611,30.915,2.7,12.41,1.37,9,0,5.786e-08,2.661e-07,,,ec0915.140626.331029_ooi_z_v1_N22_160306.523733_ooi_z_v1_N22.diff.fits,0x0000,91,z,TEMPLATE,t,1.0967,1.452,0.12,4.69,22.667,7577.0,0.05786,0.2661,331029
98,3889,1366,3,56854.965339,30.915,27.98,12.75,0.85,9,0,6.001e-07,2.734e-07,,,ec0915.140716.337810_ooi_z_v1_N22_160306.523733_ooi_z_v1_N22.diff.fits,0x0000,99,z,TEMPLATE,t,1.0126,1.426,0.119,4.132,22.811,6947.0,0.6001,0.2734,337810
98,3889,1366,3,56998.316848,30.915,-63.77,11.54,0.76,9,0,-1.367e-06,2.475e-07,,,ec0915.141207.384681_ooi_z_v1_N22_160306.523733_ooi_z_v1_N22.diff.fits,0x0000,106,z,TEMPLATE,t,1.1284,1.229,0.117,3.559,22.939,6560.0,-1.367,0.24750000000000003,384681
98,3889,1366,3,56998.321015,30.915,-62.95,11.68,0.87,9,0,-1.35e-06,2.505e-07,,,ec0915.141207.384683_ooi_z_v1_N22_160306.523733_ooi_z_v1_N22.diff.fits,0x0000,108,z,TEMPLATE,t,1.1258,1.196,0.077,4.304,22.778,6407.0,-1.35,0.2505,384683
98,3889,1366,3,57026.228979,30.915,-52.57,13.53,0.87,9,3,-1.127e-06,2.901e-07,,,ec0915.150104.394285_ooi_z_v1_N22_160306.523733_ooi_z_v1_N22.diff.fits,0x0000,111,z,TEMPLATE,t,1.0335,1.269,0.148,3.39,22.831,6751.0,-1.127,0.29009999999999997,394285
98,3889,1366,3,57026.233149,30.915,-66.39,12.8,0.33,9,0,-1.424e-06,2.746e-07,,,ec0915.150104.394287_ooi_z_v1_N22_160306.523733_ooi_z_v1_N22.diff.fits,0x0000,113,z,TEMPLATE,t,1.0467,1.125,0.082,3.691,22.789,6901.0,-1.4240000000000002,0.2746,394287
98,3889,1366,3,57050.242086,30.915,-43.06,10.5,0.35,9,0,-9.234e-07,2.252e-07,,,ec0915.150128.403911_ooi_z_v1_N22_160306.523733_ooi_z_v1_N22.diff.fits,0x0000,118,z,TEMPLATE,t,0.9842,1.261,0.131,4.029,23.145,3149.0,-0.9234,0.2252,403911
98,3889,1366,3,57053.240481,30.915,-52.82,10.67,0.9,9,0,-1.133e-06,2.289e-07,,,ec0915.150131.404893_ooi_z_v1_N22_160306.523733_ooi_z_v1_N22.diff.fits,0x0000,122,z,TEMPLATE,t,1.073,1.194,0.087,3.937,22.876,5245.0,-1.133,0.2289,404893
98,3889,1366,3,57056.260361,30.915,-46.93,11.94,1.31,9,0,-1.007e-06,2.56e-07,,,ec0915.150203.405992_ooi_z_ls9_N22_160306.523733_ooi_z_v1_N22.diff.fits,0x0000,126,z,TEMPLATE,t,1.1387,1.22,0.117,3.582,22.902,6587.0,-1.0070000000000001,0.256,405992
98,3889,1366,3,57056.268626,30.915,-37.97,12.16,0.82,9,3,-8.142e-07,2.608e-07,,,ec0915.150203.405996_ooi_z_ls9_N22_160306.523733_ooi_z_v1_N22.diff.fits,0x0000,130,z,TEMPLATE,t,1.1421,1.042,0.093,3.48,22.867,7293.0,-0.8141999999999999,0.26080000000000003,405996
98,3889,1366,3,57083.233746,30.915,-63.34,10.95,1.19,9,3,-1.358e-06,2.347e-07,,,ec0915.150302.417215_ooi_z_v1_N22_160306.523733_ooi_z_v1_N22.diff.fits,0x0000,135,z,TEMPLATE,t,1.043,1.205,0.135,3.416,23.018,4875.0,-1.3579999999999999,0.2347,417215
98,3889,1366,3,57088.183133,30.915,-51.45,12.47,1.44,9,3,-1.103e-06,2.674e-07,,,ec0915.150307.419088_ooi_z_v1_N22_160306.523733_ooi_z_v1_N22.diff.fits,0x0000,136,z,TEMPLATE,t,1.0547,1.158,0.08,3.392,23.026,6188.0,-1.103,0.2674,419088
98,3889,1366,3,57088.185779,30.915,-35.13,11.96,0.55,9,6,-7.533e-07,2.565e-07,,,ec0915.150307.419089_ooi_z_v1_N22_160306.523733_ooi_z_v1_N22.diff.fits,0x0000,137,z,TEMPLATE,t,1.0497,1.223,0.109,2.884,23.166,5927.0,-0.7533,0.2565,419089
98,3889,1366,3,57117.011808,30.915,-31.37,12.56,1.26,9,0,-6.728e-07,2.694e-07,,,ec0915.150405.429230_ooi_z_v1_N22_160306.523733_ooi_z_v1_N22.diff.fits,0x0000,143,z,TEMPLATE,t,1.0671,1.153,0.082,4.288,22.642,7571.0,-0.6728000000000001,0.26940000000000003,429230
98,3889,1366,3,57117.015936,30.915,-5.05,13.65,0.74,9,0,-1.082e-07,2.927e-07,,,ec0915.150405.429232_ooi_z_v1_N22_160306.523733_ooi_z_v1_N22.diff.fits,0x0000,145,z,TEMPLATE,t,1.0619,1.19,0.061,4.641,22.633,6637.0,-0.1082,0.2927,429232
98,3889,1366,3,57139.0088,30.915,-73.01,12.01,1.14,9,0,-1.566e-06,2.575e-07,,,ec0915.150427.437746_ooi_z_v1_N22_160306.523733_ooi_z_v1_N22.diff.fits,0x0000,151,z,TEMPLATE,t,1.041,1.249,0.072,5.414,22.529,5505.0,-1.5659999999999998,0.2575,437746
98,3889,1366,3,57171.013911,30.915,178.3,278.97,2.05,9,0,3.824e-06,5.983e-06,,,ec0915.150529.443410_ooi_z_v1_N22_160306.523733_ooi_z_v1_N22.diff.fits,0x0000,153,z,TEMPLATE,t,0.0897,1.165,0.048,4.037,19.422,24525.0,3.8240000000000003,5.9830000000000005,443410
98,3889,1366,3,57171.018007,30.915,414.41,249.36,0.85,9,3,8.887e-06,5.348e-06,,,ec0915.150529.443412_ooi_z_v1_N22_160306.523733_ooi_z_v1_N22.diff.fits,0x0000,155,z,TEMPLATE,t,0.0982,1.177,0.056,3.466,19.689,24114.0,8.887,5.348,443412
98,3889,1366,3,57171.117306,30.915,-827.77,768.31,0.34,9,0,-1.775e-05,1.648e-05,,,ec0915.150529.443454_ooi_z_v1_N22_160306.523733_ooi_z_v1_N22.diff.fits,0x0000,157,z,TEMPLATE,t,0.0325,1.214,0.051,3.988,18.396,27448.0,-17.75,16.48,443454
98,3889,1366,3,57171.121418,30.915,-49.55,1149.7,0.96,9,0,-1.063e-06,2.466e-05,,,ec0915.150529.443456_ooi_z_v1_N22_160306.523733_ooi_z_v1_N22.diff.fits,0x0000,159,z,TEMPLATE,t,0.0241,1.205,0.059,3.624,18.227,28127.0,-1.063,24.66,443456
98,3889,1366,3,57198.960089,30.915,-58.12,15.48,0.26,9,0,-1.246e-06,3.321e-07,,,ec0915.150625.453952_ooi_z_v1_N22_160306.523733_ooi_z_v1_N22.diff.fits,0x0000,164,z,TEMPLATE,t,1.0789,1.109,0.062,4.714,22.377,10108.0,-1.246,0.3321,453952
98,3889,1366,3,57198.965698,30.915,-61.11,16.11,1.31,9,0,-1.311e-06,3.454e-07,,,ec0915.150625.453955_ooi_z_v1_N22_160306.523733_ooi_z_v1_N22.diff.fits,0x0000,167,z,TEMPLATE,t,1.0696,1.223,0.064,4.277,22.481,10187.0,-1.311,0.3454,453955
98,3889,1366,3,57199.005294,30.915,-52.38,13.55,1.44,9,0,-1.123e-06,2.905e-07,,,ec0915.150626.453976_ooi_z_v1_N22_160306.523733_ooi_z_v1_N22.diff.fits,0x0000,170,z,TEMPLATE,t,1.0649,1.202,0.083,4.295,22.633,7612.0,-1.123,0.29050000000000004,453976
98,3889,1366,3,57387.340403,30.915,12.12,11.0,0.43,9,3,2.598e-07,2.36e-07,,,ec0915.151231.507220_ooi_z_v1_N22_160306.523733_ooi_z_v1_N22.diff.fits,0x0000,176,z,TEMPLATE,t,1.0642,1.234,0.126,3.164,23.086,5609.0,0.2598,0.236,507220
98,3889,1366,3,57388.334629,30.915,2.94,10.9,0.8,9,0,6.314e-08,2.337e-07,,,ec0915.160101.507561_ooi_z_v1_N22_160306.523733_ooi_z_v1_N22.diff.fits,0x0000,180,z,TEMPLATE,t,1.0844,1.228,0.102,3.599,23.14,4209.0,0.06314,0.23370000000000002,507561
98,3889,1366,3,57443.170926,30.915,7.15,11.51,0.15,9,0,1.532e-07,2.469e-07,,,ec0915.160225.519763_ooi_z_v1_N22_160306.523733_ooi_z_v1_N22.diff.fits,0x0000,183,z,TEMPLATE,t,1.0313,1.116,0.072,3.975,22.746,6057.0,0.1532,0.2469,519763
98,3889,1366,3,57443.175066,30.915,-11.41,11.81,2.37,9,0,-2.446e-07,2.533e-07,,,ec0915.160225.519765_ooi_z_v1_N22_160306.523733_ooi_z_v1_N22.diff.fits,0x0000,185,z,TEMPLATE,t,1.0353,1.109,0.06,4.579,22.596,5911.0,-0.2446,0.2533,519765
98,3889,1366,3,57452.205272,30.915,14.9,11.81,1.08,9,6,3.194e-07,2.532e-07,,,ec0915.160305.523437_ooi_z_v1_N22_160306.523733_ooi_z_v1_N22.diff.fits,0x0000,187,z,TEMPLATE,t,1.0771,1.286,0.146,2.451,23.522,4633.0,0.3194,0.25320000000000004,523437
98,3889,1366,3,57535.95023,30.915,22.4,40.12,0.59,9,0,4.805e-07,8.603e-07,,,ec0915.160527.545715_ooi_z_v1_N22_160306.523733_ooi_z_v1_N22.diff.fits,0x0000,190,z,TEMPLATE,t,0.3206,1.151,0.067,3.798,21.456,7315.0,0.4805,0.8603000000000001,545715
98,3889,1366,3,57535.954356,30.915,20.31,33.82,0.59,9,0,4.355e-07,7.252e-07,,,ec0915.160527.545717_ooi_z_v1_N22_160306.523733_ooi_z_v1_N22.diff.fits,0x0000,192,z,TEMPLATE,t,0.3243,1.121,0.056,4.145,21.475,5947.0,0.4355,0.7252,545717
98,3889,1366,3,57535.991722,30.915,-3.63,11.68,0.63,9,0,-7.795e-08,2.506e-07,,,ec0915.160527.545735_ooi_z_v1_N22_160306.523733_ooi_z_v1_N22.diff.fits,0x0000,194,z,TEMPLATE,t,0.8908,1.309,0.092,4.077,22.828,4546.0,-0.07795,0.2506,545735
98,3889,1366,3,57535.995867,30.915,-8.29,12.52,1.1,9,0,-1.779e-07,2.685e-07,,,ec0915.160527.545737_ooi_z_v1_N22_160306.523733_ooi_z_v1_N22.diff.fits,0x0000,196,z,TEMPLATE,t,0.9992,1.236,0.106,3.527,22.982,4803.0,-0.1779,0.2685,545737
98,3889,1366,3,57545.965079,30.915,-20.7,14.82,1.11,9,0,-4.44e-07,3.178e-07,,,ec0915.160606.547142_ooi_z_v1_N22_160306.523733_ooi_z_v1_N22.diff.fits,0x0000,206,z,TEMPLATE,t,0.5751,1.139,0.076,4.454,22.464,3034.0,-0.444,0.3178,547142
98,3889,1366,3,57566.040208,30.915,-9.81,16.98,0.83,9,0,-2.104e-07,3.642e-07,,,ec0915.160627.549002_ooi_z_v1_N22_160306.523733_ooi_z_v1_N22.diff.fits,0x0000,210,z,TEMPLATE,t,0.9597,1.114,0.072,4.658,22.451,8142.0,-0.2104,0.36419999999999997,549002
98,3889,1366,3,57764.169856,30.915,-75.48,11.99,2.2,9,3,-1.619e-06,2.572e-07,,,ec0915.170111.608550_ooi_z_v1_N22_160306.523733_ooi_z_v1_N22.diff.fits,0x0000,213,z,TEMPLATE,t,1.0318,1.268,0.139,3.199,23.075,5482.0,-1.619,0.2572,608550
98,3889,1366,3,57764.173997,30.915,-53.47,12.09,0.79,9,3,-1.147e-06,2.593e-07,,,ec0915.170111.608552_ooi_z_v1_N22_160306.523733_ooi_z_v1_N22.diff.fits,0x0000,215,z,TEMPLATE,t,1.039,1.151,0.106,3.214,23.05,5620.0,-1.147,0.2593,608552
98,3889,1366,3,57769.284073,30.915,-49.71,11.58,0.75,9,0,-1.066e-06,2.483e-07,,,ec0915.170116.609360_ooi_z_v1_N22_160306.523733_ooi_z_v1_N22.diff.fits,0x0000,217,z,TEMPLATE,t,1.0338,1.183,0.119,3.18,23.349,4050.0,-1.066,0.24830000000000002,609360
98,3889,1366,3,57769.288221,30.915,-31.89,10.55,0.72,9,0,-6.839e-07,2.263e-07,,,ec0915.170116.609362_ooi_z_v1_N22_160306.523733_ooi_z_v1_N22.diff.fits,0x0000,219,z,TEMPLATE,t,1.0319,1.156,0.125,3.214,23.332,4079.0,-0.6839000000000001,0.2263,609362
98,3889,1366,3,57794.308614,30.915,-65.26,11.61,2.87,9,0,-1.4e-06,2.489e-07,,,ec0915.170210.619020_ooi_z_v1_N22_160306.523733_ooi_z_v1_N22.diff.fits,0x0000,231,z,TEMPLATE,t,1.0675,1.149,0.1,3.599,22.954,5829.0,-1.4,0.2489,619020
98,3889,1366,3,57795.317714,30.915,-57.4,13.57,0.6,9,6,-1.231e-06,2.91e-07,,,ec0915.170211.619366_ooi_z_v1_N22_160306.523733_ooi_z_v1_N22.diff.fits,0x0000,233,z,TEMPLATE,t,1.0286,1.208,0.115,2.859,23.098,6629.0,-1.2309999999999999,0.291,619366
98,3889,1366,3,57798.077705,30.915,-50.67,12.75,1.64,9,3,-1.087e-06,2.734e-07,,,ec0915.170214.620291_ooi_z_v1_N22_160306.523733_ooi_z_v1_N22.diff.fits,0x0000,235,z,TEMPLATE,t,0.9631,1.165,0.11,3.29,22.936,5922.0,-1.087,0.2734,620291
98,3889,1366,3,57822.338331,30.915,-18.95,13.4,1.54,9,0,-4.064e-07,2.873e-07,,,ec0915.170310.628200_ooi_z_v1_N22_160306.523733_ooi_z_v1_N22.diff.fits,0x0000,237,z,TEMPLATE,t,0.9992,1.127,0.081,3.576,22.797,7326.0,-0.4064,0.2873,628200
98,3889,1366,3,57822.342476,30.915,-37.45,13.81,0.75,9,0,-8.031e-07,2.962e-07,,,ec0915.170310.628202_ooi_z_v1_N22_160306.523733_ooi_z_v1_N22.diff.fits,0x0000,239,z,TEMPLATE,t,0.9893,1.057,0.061,4.175,22.591,7749.0,-0.8031,0.2962,628202
98,3889,1366,3,57824.277361,30.915,-29.48,13.3,0.94,9,0,-6.322e-07,2.852e-07,,,ec0915.170312.628814_ooi_z_v1_N22_160306.523733_ooi_z_v1_N22.diff.fits,0x0000,241,z,TEMPLATE,t,1.0506,1.067,0.073,3.807,22.77,7544.0,-0.6322,0.2852,628814
98,3889,1366,3,57824.281503,30.915,-53.46,11.73,0.64,9,3,-1.146e-06,2.516e-07,,,ec0915.170312.628816_ooi_z_v1_N22_160306.523733_ooi_z_v1_N22.diff.fits,0x0000,243,z,TEMPLATE,t,1.0475,1.22,0.097,3.347,22.952,6645.0,-1.146,0.2516,628816
98,3889,1366,3,57847.124307,30.915,-52.97,10.89,1.11,9,3,-1.136e-06,2.336e-07,,,ec0915.170404.636946_ooi_z_v1_N22_160306.523733_ooi_z_v1_N22.diff.fits,0x0000,252,z,TEMPLATE,t,1.0078,1.244,0.131,3.534,23.1,4387.0,-1.136,0.2336,636946
98,3889,1366,3,57848.992872,30.915,9.13,14.91,0.55,9,0,1.958e-07,3.198e-07,,,ec0915.170405.637489_ooi_z_v1_N22_160306.523733_ooi_z_v1_N22.diff.fits,0x0000,255,z,TEMPLATE,t,1.0116,1.165,0.1,3.387,22.831,7297.0,0.1958,0.3198,637489
98,3889,1366,3,57872.960558,30.915,-63.6,14.14,1.67,9,6,-1.364e-06,3.032e-07,,,ec0915.170429.645088_ooi_z_v1_N22_160306.523733_ooi_z_v1_N22.diff.fits,0x0000,256,z,TEMPLATE,t,1.1067,1.318,0.153,2.628,23.096,8900.0,-1.3639999999999999,0.3032,645088
98,3889,1366,3,57872.960558,30.915,-62.39,14.36,1.64,9,6,-1.338e-06,3.079e-07,,,ec0915.170429.645088_ooi_z_vx_N22_160306.523733_ooi_z_v1_N22.diff.fits,0x0000,257,z,TEMPLATE,t,1.14,1.297,0.163,2.627,23.073,9226.0,-1.3379999999999999,0.3079,645088
98,3889,1366,3,57874.962088,30.915,-54.7,40.57,0.91,9,0,-1.173e-06,8.7e-07,,,ec0915.170501.646110_ooi_z_v1_N22_160306.523733_ooi_z_v1_N22.diff.fits,0x0000,270,z,TEMPLATE,t,0.4218,0.813,0.05,3.56,21.55,11604.0,-1.173,0.87,646110
98,3889,1366,3,57874.96623,30.915,-64.91,55.01,0.4,9,0,-1.392e-06,1.18e-06,,,ec0915.170501.646112_ooi_z_vx_N22_160306.523733_ooi_z_v1_N22.diff.fits,0x0000,273,z,TEMPLATE,t,0.2792,1.081,0.064,3.558,21.265,8303.0,-1.392,1.18,646112
98,3889,1366,3,57874.96623,30.915,-82.16,55.19,0.31,9,0,-1.762e-06,1.184e-06,,,ec0915.170501.646112_ooi_z_v1_N22_160306.523733_ooi_z_v1_N22.diff.fits,0x0000,272,z,TEMPLATE,t,0.2716,1.088,0.062,3.558,21.271,8234.0,-1.762,1.184,646112
98,3889,1366,3,57875.014571,30.915,-40.94,35.17,2.02,9,0,-8.781e-07,7.542e-07,,,ec0915.170502.646135_ooi_z_v1_N22_160306.523733_ooi_z_v1_N22.diff.fits,0x0000,275,z,TEMPLATE,t,0.3539,1.104,0.064,3.521,21.657,7497.0,-0.8781,0.7542,646135
98,3889,1366,3,57875.018706,30.915,2.34,26.24,1.11,9,3,5.013e-08,5.627e-07,,,ec0915.170502.646137_ooi_z_v1_N22_160306.523733_ooi_z_v1_N22.diff.fits,0x0000,278,z,TEMPLATE,t,0.4891,1.167,0.081,3.247,22.174,6770.0,0.05013,0.5627,646137
98,3889,1366,3,57875.018706,30.915,-7.97,26.97,1.08,9,3,-1.709e-07,5.783e-07,,,ec0915.170502.646137_ooi_z_vx_N22_160306.523733_ooi_z_v1_N22.diff.fits,0x0000,279,z,TEMPLATE,t,0.5031,1.109,0.082,3.247,22.145,7140.0,-0.1709,0.5783,646137
98,3889,1366,3,57875.081054,30.915,-124.82,41.85,1.26,9,3,-2.677e-06,8.976e-07,,,ec0915.170502.646165_ooi_z_v1_N22_160306.523733_ooi_z_v1_N22.diff.fits,0x0000,282,z,TEMPLATE,t,0.314,1.116,0.069,3.34,21.62,7054.0,-2.677,0.8976,646165
98,3889,1366,3,57875.085195,30.915,-49.87,16.7,0.56,9,3,-1.07e-06,3.581e-07,,,ec0915.170502.646167_ooi_z_v1_N22_160306.523733_ooi_z_v1_N22.diff.fits,0x0000,284,z,TEMPLATE,t,0.7859,1.128,0.089,3.35,22.666,6214.0,-1.0699999999999998,0.35810000000000003,646167
98,3889,1366,3,57875.122515,30.915,-77.06,24.77,0.19,9,6,-1.653e-06,5.313e-07,,,ec0915.170502.646185_ooi_z_v1_N22_160306.523733_ooi_z_v1_N22.diff.fits,0x0000,286,z,TEMPLATE,t,0.5261,0.991,0.076,3.058,22.295,6557.0,-1.653,0.5313,646185
98,3889,1366,3,57875.126648,30.915,-52.43,23.66,0.97,9,3,-1.124e-06,5.074e-07,,,ec0915.170502.646187_ooi_z_v1_N22_160306.523733_ooi_z_v1_N22.diff.fits,0x0000,288,z,TEMPLATE,t,0.5093,1.192,0.085,3.171,22.342,5378.0,-1.1239999999999999,0.5074,646187
98,3889,1366,3,57888.146212,30.915,-66.25,11.62,0.43,9,0,-1.421e-06,2.493e-07,,,ec0915.170515.648397_ooi_z_v1_N22_160306.523733_ooi_z_v1_N22.diff.fits,0x0000,290,z,TEMPLATE,t,1.026,1.134,0.061,5.728,22.558,4880.0,-1.421,0.2493,648397
98,3889,1366,3,57888.150335,30.915,-87.07,10.39,0.79,9,0,-1.867e-06,2.229e-07,,,ec0915.170515.648399_ooi_z_v1_N22_160306.523733_ooi_z_v1_N22.diff.fits,0x0000,292,z,TEMPLATE,t,1.0271,1.289,0.057,5.92,22.593,4268.0,-1.867,0.2229,648399
98,3889,1366,3,57935.020929,30.915,-52.87,12.31,0.55,9,0,-1.134e-06,2.641e-07,,,ec0915.170701.657445_ooi_z_vx_N22_160306.523733_ooi_z_v1_N22.diff.fits,0x0000,299,z,TEMPLATE,t,1.1345,1.232,0.13,3.547,23.0,5851.0,-1.1340000000000001,0.2641,657445
98,3889,1366,3,57950.995174,30.915,-22.71,13.17,0.62,9,0,-4.869e-07,2.823e-07,,,ec0915.170716.659072_ooi_z_v1_N22_160306.523733_ooi_z_v1_N22.diff.fits,0x0000,306,z,TEMPLATE,t,1.11,0.929,0.039,7.027,22.172,8578.0,-0.48690000000000005,0.2823,659072
98,3889,1366,3,58183.117442,30.915,-10.98,11.86,0.54,9,0,-2.356e-07,2.543e-07,,,ec0915.180306.727448_ooi_z_v1_N22_160306.523733_ooi_z_v1_N22.diff.fits,0x0000,312,z,TEMPLATE,t,0.9792,1.336,0.067,4.321,22.804,4442.0,-0.2356,0.25429999999999997,727448
98,3889,1366,3,58183.121555,30.915,-27.3,11.38,1.03,9,0,-5.855e-07,2.44e-07,,,ec0915.180306.727450_ooi_z_v1_N22_160306.523733_ooi_z_v1_N22.diff.fits,0x0000,314,z,TEMPLATE,t,0.9745,1.099,0.082,3.827,22.829,5524.0,-0.5855,0.24400000000000002,727450
98,3889,1366,3,58184.03864,30.915,-20.29,13.12,1.02,9,0,-4.352e-07,2.813e-07,,,ec0915.180307.727589_ooi_z_v1_N22_160306.523733_ooi_z_v1_N22.diff.fits,0x0000,316,z,TEMPLATE,t,0.8599,1.178,0.078,5.158,22.516,4545.0,-0.4352,0.2813,727589
98,3889,1366,3,58225.986333,30.915,-12.95,14.06,0.74,9,0,-2.777e-07,3.016e-07,,,ec0915.180417.736458_ooi_z_v1_N22_160306.523733_ooi_z_v1_N22.diff.fits,0x0000,327,z,TEMPLATE,t,0.9652,1.246,0.077,4.831,22.505,5784.0,-0.2777,0.3016,736458
98,3889,1366,3,58232.983204,30.915,-20.81,12.88,0.55,9,0,-4.464e-07,2.762e-07,,,ec0915.180424.738618_ooi_z_v1_N22_160306.523733_ooi_z_v1_N22.diff.fits,0x0000,331,z,TEMPLATE,t,1.0633,1.157,0.103,3.779,22.758,7453.0,-0.44639999999999996,0.2762,738618
98,3889,1366,3,58246.003574,30.915,-3.77,21.31,0.56,9,0,-8.078e-08,4.569e-07,,,ec0915.180508.743629_ooi_z_v1_N22_160306.523733_ooi_z_v1_N22.diff.fits,0x0000,335,z,TEMPLATE,t,0.7157,1.113,0.065,4.337,22.078,9437.0,-0.08078,0.45690000000000003,743629
98,3889,1366,3,58261.080086,30.915,-5.67,15.12,0.63,9,3,-1.216e-07,3.244e-07,,,ec0915.180523.750068_ooi_z_v1_N22_160306.523733_ooi_z_v1_N22.diff.fits,0x0000,339,z,TEMPLATE,t,1.0482,0.963,0.094,3.406,22.75,9810.0,-0.1216,0.3244,750068
98,3889,1366,3,58261.088392,30.915,1.81,13.23,0.3,9,3,3.891e-08,2.837e-07,,,ec0915.180523.750072_ooi_z_v1_N22_160306.523733_ooi_z_v1_N22.diff.fits,0x0000,343,z,TEMPLATE,t,1.0415,1.169,0.117,3.008,22.974,8140.0,0.03891,0.28369999999999995,750072
98,3889,1366,3,58313.979667,30.915,-10.16,13.64,0.26,9,0,-2.179e-07,2.926e-07,,,ec0915.180714.755609_ooi_z_v1_N22_160306.523733_ooi_z_v1_N22.diff.fits,0x0000,345,z,TEMPLATE,t,1.1382,1.002,0.082,4.134,22.713,8411.0,-0.2179,0.2926,755609
98,3889,1366,3,58313.987958,30.915,1.4,13.95,1.04,9,0,2.994e-08,2.993e-07,,,ec0915.180714.755613_ooi_z_v1_N22_160306.523733_ooi_z_v1_N22.diff.fits,0x0000,349,z,TEMPLATE,t,1.1318,1.09,0.078,3.788,22.871,7802.0,0.02994,0.2993,755613
98,3889,1366,3,58483.310826,30.915,-30.7,10.8,2.02,9,0,-6.583e-07,2.315e-07,,,ec0915.181231.807723_ooi_z_v1_N22_160306.523733_ooi_z_v1_N22.diff.fits,0x0000,358,z,TEMPLATE,t,1.1382,1.454,0.173,3.529,23.237,4204.0,-0.6583,0.2315,807723
98,3889,1366,3,58536.294128,30.915,-20.32,16.23,1.14,9,6,-4.357e-07,3.481e-07,,,ec0915.190222.826209_ooi_z_v1_N22_160306.523733_ooi_z_v1_N22.diff.fits,0x0000,363,z,TEMPLATE,t,0.5223,1.125,0.124,2.835,22.823,2881.0,-0.43570000000000003,0.3481,826209
98,3889,1366,3,58542.172304,30.915,-29.19,10.3,0.26,9,6,-6.259e-07,2.209e-07,,,ec0915.190228.828459_ooi_z_v1_N22_160306.523733_ooi_z_v1_N22.diff.fits,0x0000,367,z,TEMPLATE,t,1.026,1.087,0.14,3.159,23.342,3542.0,-0.6259,0.2209,828459
98,3889,1366,3,58572.222637,30.915,-24.86,10.43,1.27,9,0,-5.332e-07,2.237e-07,,,ec0915.190330.843689_ooi_z_v1_N22_160306.523733_ooi_z_v1_N22.diff.fits,0x0000,384,z,TEMPLATE,t,1.2018,1.172,0.105,4.127,23.009,5136.0,-0.5332,0.2237,843689
98,3889,1366,3,58572.226441,30.915,,,,0,0,,,,,ec0915.190330.843690_ooi_z_v1_N22_160306.523733_ooi_z_v1_N22.diff.fits,0x0000,385,z,TEMPLATE,t,0.8292,1.115,0.072,4.453,22.559,5193.0,,,843690
98,3889,1366,3,58572.230237,30.915,-12.0,16.99,0.46,9,0,-2.573e-07,3.644e-07,,,ec0915.190330.843691_ooi_z_v1_N22_160306.523733_ooi_z_v1_N22.diff.fits,0x0000,386,z,TEMPLATE,t,0.6732,1.234,0.089,4.04,22.442,4903.0,-0.25730000000000003,0.3644,843691
98,3889,1366,3,58572.234037,30.915,-2.64,22.18,0.54,9,0,-5.663e-08,4.757e-07,,,ec0915.190330.843692_ooi_z_v1_N22_160306.523733_ooi_z_v1_N22.diff.fits,0x0000,387,z,TEMPLATE,t,0.5142,1.044,0.056,4.479,21.994,5216.0,-0.05663,0.4757,843692
98,3889,1366,3,58572.237846,30.915,-63.98,22.71,1.25,9,0,-1.372e-06,4.869e-07,,,ec0915.190330.843693_ooi_z_v1_N22_160306.523733_ooi_z_v1_N22.diff.fits,0x0000,388,z,TEMPLATE,t,0.4535,1.115,0.069,4.214,21.987,4793.0,-1.3719999999999999,0.48690000000000005,843693
98,3889,1366,3,58578.206222,30.915,-4.69,14.11,0.34,9,0,-1.005e-07,3.027e-07,,,ec0915.190405.846168_ooi_z_v1_N22_160306.523733_ooi_z_v1_N22.diff.fits,0x0000,392,z,TEMPLATE,t,1.0249,0.832,0.109,3.986,22.804,6648.0,-0.1005,0.30269999999999997,846168
98,3889,1366,3,58639.02291,30.915,0.13,34.75,0.57,9,0,2.739e-09,7.453e-07,,,ec0915.190605.862065_ooi_z_v1_N22_160306.523733_ooi_z_v1_N22.diff.fits,0x0000,396,z,TEMPLATE,t,0.4406,0.878,0.063,3.587,21.698,9151.0,0.002739,0.7453,862065
98,3889,1366,3,58691.95826,30.915,-38.79,42.27,1.57,9,0,-8.318e-07,9.065e-07,,,ec0915.190727.879486_ooi_z_v1_N22_160306.523733_ooi_z_v1_N22.diff.fits,0x0000,397,z,TEMPLATE,t,0.6597,1.016,0.066,4.036,21.499,27221.0,-0.8318,0.9065,879486
98,3889,1366,3,58818.262285,30.915,-63.84,12.8,0.77,9,0,-1.369e-06,2.746e-07,,,ec0915.191201.912644_ooi_z_vx_N22_160306.523733_ooi_z_v1_N22.diff.fits,0x0000,406,z,TEMPLATE,t,1.1264,1.31,0.152,3.599,22.872,7481.0,-1.369,0.2746,912644
98,3889,1366,3,58818.262285,30.915,-41.88,12.41,0.75,9,0,-8.982e-07,2.661e-07,,,ec0915.191201.912644_ooi_z_v1_N22_160306.523733_ooi_z_v1_N22.diff.fits,0x0000,405,z,TEMPLATE,t,1.1253,1.157,0.085,3.6,22.863,7593.0,-0.8982,0.2661,912644
98,3889,1366,3,58818.27059,30.915,2.61,12.64,0.68,9,3,5.605e-08,2.71e-07,,,ec0915.191201.912648_ooi_z_v1_N22_160306.523733_ooi_z_v1_N22.diff.fits,0x0000,410,z,TEMPLATE,t,1.1387,1.094,0.103,3.313,22.974,7022.0,0.05605,0.27099999999999996,912648
98,3889,1366,3,58840.279334,30.915,-25.84,10.0,1.24,9,3,-5.542e-07,2.145e-07,,,ec0915.191223.921762_ooi_z_v1_N22_160306.523733_ooi_z_v1_N22.diff.fits,0x0000,414,z,TEMPLATE,t,1.1448,1.315,0.161,3.23,23.351,4028.0,-0.5542,0.2145,921762
98,3889,1366,3,58840.287634,30.915,-10.06,10.54,0.5,9,6,-2.157e-07,2.261e-07,,,ec0915.191223.921766_ooi_z_v1_N22_160306.523733_ooi_z_v1_N22.diff.fits,0x0000,418,z,TEMPLATE,t,1.1553,1.201,0.15,2.968,23.373,4317.0,-0.2157,0.2261,921766
98,3889,1366,3,58840.363289,30.915,-17.03,20.2,0.36,9,6,-3.653e-07,4.331e-07,,,ec0915.191223.921802_ooi_z_v1_N22_160306.523733_ooi_z_v1_N22.diff.fits,0x0000,422,z,TEMPLATE,t,0.5851,1.226,0.129,2.65,22.756,4509.0,-0.3653,0.4331,921802
98,3889,1366,3,58848.301947,30.915,-16.57,10.45,0.58,9,6,-3.555e-07,2.242e-07,,,ec0915.191231.923831_ooi_z_v1_N22_160306.523733_ooi_z_v1_N22.diff.fits,0x0000,426,z,TEMPLATE,t,1.1973,1.426,0.21,2.611,23.578,4309.0,-0.3555,0.2242,923831
98,3889,1366,3,58848.31023,30.915,-3.35,10.23,0.43,9,0,-7.181e-08,2.194e-07,,,ec0915.191231.923835_ooi_z_v1_N22_160306.523733_ooi_z_v1_N22.diff.fits,0x0000,430,z,TEMPLATE,t,1.2048,1.259,0.133,3.537,23.364,4099.0,-0.07181,0.21939999999999998,923835
98,3889,1366,3,58848.348661,30.915,-9.61,13.58,0.33,9,6,-2.062e-07,2.913e-07,,,ec0915.191231.923853_ooi_z_v1_N22_160306.523733_ooi_z_v1_N22.diff.fits,0x0000,432,z,TEMPLATE,t,0.5858,1.305,0.178,2.912,23.094,2111.0,-0.2062,0.2913,923853
98,3889,1366,3,58870.169795,30.915,-20.59,12.65,1.07,9,0,-4.415e-07,2.713e-07,,,ec0915.200122.925785_ooi_z_v1_N22_160306.523733_ooi_z_v1_N22.diff.fits,0x0000,436,z,TEMPLATE,t,1.056,1.196,0.111,3.884,22.984,5016.0,-0.4415,0.2713,925785
98,3889,1366,3,58877.17514,30.915,-29.67,11.51,1.32,9,0,-6.362e-07,2.468e-07,,,ec0915.200129.927465_ooi_z_v1_N22_160306.523733_ooi_z_v1_N22.diff.fits,0x0000,440,z,TEMPLATE,t,1.0048,1.181,0.094,4.728,22.772,4312.0,-0.6362000000000001,0.24680000000000002,927465
98,3889,1366,3,58905.154089,30.915,-19.31,11.06,0.65,9,0,-4.141e-07,2.372e-07,,,ec0915.200226.938759_ooi_z_v1_N22_160306.523733_ooi_z_v1_N22.diff.fits,0x0000,444,z,TEMPLATE,t,1.1088,1.238,0.13,3.857,23.09,4273.0,-0.41409999999999997,0.2372,938759
98,3889,1366,3,59146.349303,30.915,-53.06,11.58,1.18,9,0,-1.138e-06,2.484e-07,,,ec0915.201024.948166_ooi_z_v1_N22_160306.523733_ooi_z_v1_N22.diff.fits,0x0000,448,z,TEMPLATE,t,1.1096,1.213,0.112,4.401,22.807,6017.0,-1.138,0.24839999999999998,948166
98,3889,1366,3,59176.305734,30.915,-56.47,12.18,0.32,9,0,-1.211e-06,2.612e-07,,,ec0915.201123.957181_ooi_z_v1_N22_160306.523733_ooi_z_v1_N22.diff.fits,0x0000,452,z,TEMPLATE,t,1.1309,1.408,0.209,3.806,23.004,5426.0,-1.2109999999999999,0.2612,957181
98,3889,1366,3,59236.261521,30.915,-51.34,12.0,1.31,9,0,-1.101e-06,2.573e-07,,,ec0915.210122.958768_ooi_z_v1_N22_160306.523733_ooi_z_v1_N22.diff.fits,0x0000,455,z,TEMPLATE,t,1.0432,1.468,0.226,4.415,22.848,4910.0,-1.101,0.25730000000000003,958768
98,3889,1366,3,59301.045653,30.915,-18.81,24.71,0.29,9,0,-4.034e-07,5.299e-07,,,ec0915.210328.978113_ooi_z_v1_N22_160306.523733_ooi_z_v1_N22.diff.fits,0x0000,463,z,TEMPLATE,t,0.5115,1.197,0.11,3.635,22.321,4215.0,-0.40340000000000004,0.5299,978113
98,3889,1366,3,59304.008094,30.915,-62.29,15.56,1.03,9,0,-1.336e-06,3.337e-07,,,ec0915.210331.979132_ooi_z_v1_N22_160306.523733_ooi_z_v1_N22.diff.fits,0x0000,465,z,TEMPLATE,t,0.5342,1.207,0.1,4.205,22.455,2752.0,-1.336,0.3337,979132
98,3889,1366,3,59307.091802,30.915,-71.91,15.87,1.46,9,0,-1.542e-06,3.402e-07,,,ec0915.210403.980345_ooi_z_v1_N22_160306.523733_ooi_z_v1_N22.diff.fits,0x0000,467,z,TEMPLATE,t,0.5061,1.244,0.114,4.768,22.357,2177.0,-1.542,0.3402,980345
98,3889,1366,3,59512.377811,30.915,-54.21,34.53,0.6,9,3,-1.163e-06,7.404e-07,,,ec0915.211025.1046077_ooi_z_v1_N22_160306.523733_ooi_z_v1_N22.diff.fits,0x0000,480,z,TEMPLATE,t,0.5334,1.15,0.102,3.379,21.799,13643.0,-1.1629999999999998,0.7404000000000001,1046077
98,3889,1366,3,59570.324687,30.915,-35.31,15.08,1.45,9,0,-7.573e-07,3.234e-07,,,ec0915.211222.1064957_ooi_z_v1_N22_160306.523733_ooi_z_v1_N22.diff.fits,0x0000,498,z,TEMPLATE,t,0.5707,1.198,0.099,3.806,22.636,2504.0,-0.7573000000000001,0.3234,1064957
98,3889,1366,3,59572.282599,30.915,56.06,17.77,0.57,9,3,1.202e-06,3.812e-07,23.7,0.344238,ec0915.211224.1065702_ooi_z_v1_N22_160306.523733_ooi_z_v1_N22.diff.fits,0x0000,499,z,TEMPLATE,t,0.4824,1.241,0.131,3.245,22.627,2317.0,1.2020000000000002,0.3812,1065702
98,3889,1366,3,59634.202353,30.915,-30.27,11.24,1.23,9,3,-6.492e-07,2.41e-07,,,ec0915.220224.1083414_ooi_z_v1_N22_160306.523733_ooi_z_v1_N22.diff.fits,0x0000,516,z,TEMPLATE,t,1.1791,1.539,0.299,3.317,23.07,6473.0,-0.6492,0.241,1083414
98,3889,1366,3,59899.356462,30.915,-80.0,28.26,1.85,9,3,-1.716e-06,6.061e-07,,,ec0915.221116.1150882_ooi_z_v1_N22_160306.523733_ooi_z_v1_N22.diff.fits,0x0000,538,z,TEMPLATE,t,0.5615,1.16,0.102,3.141,21.994,11086.0,-1.716,0.6061,1150882
98,3889,1366,3,59948.227068,30.915,-24.51,17.89,1.7,9,0,-5.256e-07,3.837e-07,,,ec0915.230104.1162015_ooi_z_v1_N22_160306.523733_ooi_z_v1_N22.diff.fits,0x0000,545,z,TEMPLATE,t,0.4907,1.266,0.141,3.614,22.552,2640.0,-0.5256,0.3837,1162015
98,3889,1366,3,60126.974862,30.915,-55.7,22.93,0.42,9,6,-1.194e-06,4.918e-07,,,ec0915.230701.1217849_ooi_z_v1_N22_160306.523733_ooi_z_v1_N22.diff.fits,0x0000,576,z,TEMPLATE,t,0.5718,1.22,0.139,3.114,22.311,7670.0,-1.194,0.4918,1217849
98,3889,1366,3,60156.989461,30.915,-63.01,24.12,0.4,9,0,-1.351e-06,5.172e-07,,,ec0915.230731.1227300_ooi_z_v1_N22_160306.523733_ooi_z_v1_N22.diff.fits,0x0000,581,z,TEMPLATE,t,0.5727,1.161,0.088,4.474,21.851,7123.0,-1.351,0.5172,1227300
98,3889,1366,3,60361.185082,30.915,-33.26,27.72,0.82,9,3,-7.133e-07,5.945e-07,,,ec0915.240221.1278342_ooi_z_v1_N22_160306.523733_ooi_z_v1_N22.diff.fits,0x0000,612,z,TEMPLATE,t,0.3481,1.254,0.149,3.138,22.084,4002.0,-0.7133,0.5945,1278342
98,3889,1366,3,60427.053895,30.915,-20.64,25.19,1.31,9,6,-4.427e-07,5.402e-07,,,ec0915.240427.1293150_ooi_z_v1_N22_160306.523733_ooi_z_v1_N22.diff.fits,0x0000,631,z,TEMPLATE,t,0.4412,1.246,0.141,3.114,22.273,4553.0,-0.44270000000000004,0.5402,1293150
98,3889,1366,3,60486.991345,30.915,-109.31,15.65,1.15,9,0,-2.344e-06,3.355e-07,,,ec0915.240625.1305583_ooi_z_v1_N22_160306.523733_ooi_z_v1_N22.diff.fits,0x0000,648,z,TEMPLATE,t,0.5759,1.272,0.07,5.071,22.396,2469.0,-2.344,0.3355,1305583
98,3889,1366,3,60508.01389,30.915,-119.97,24.74,1.13,9,0,-2.573e-06,5.305e-07,,,ec0915.240717.1312960_ooi_z_v1_N22_160306.523733_ooi_z_v1_N22.diff.fits,0x0000,657,z,TEMPLATE,t,0.5675,1.125,0.046,4.761,21.822,7694.0,-2.5730000000000004,0.5305000000000001,1312960
98,3889,1366,3,60796.012609,30.915,-258.32,509.06,0.84,9,0,-5.54e-06,1.092e-05,,,ec0915.250501.1383216_ooi_z_v1_N22_160306.523733_ooi_z_v1_N22.diff.fits,0x0000,802,z,TEMPLATE,t,0.0156,1.095,0.048,4.827,18.41,2487.0,-5.54,10.92,1383216
98,3889,1366,3,60810.00515,30.915,-87.04,52.89,1.74,9,6,-1.867e-06,1.134e-06,,,ec0915.250515.1385416_ooi_z_v1_N22_160306.523733_ooi_z_v1_N22.diff.fits,0x0000,817,z,TEMPLATE,t,0.2462,1.214,0.108,2.67,21.572,6937.0,-1.867,1.1340000000000001,1385416
98,3889,1366,3,60811.012032,30.915,-112.51,37.2,1.9,9,6,-2.413e-06,7.978e-07,,,ec0915.250516.1385995_ooi_z_v1_N22_160306.523733_ooi_z_v1_N22.diff.fits,0x0000,824,z,TEMPLATE,t,0.2676,1.351,0.182,2.819,21.901,4248.0,-2.413,0.7978000000000001,1385995
98,3889,1366,3,60836.034265,30.915,-200.88,29.57,0.78,9,0,-4.308e-06,6.342e-07,,,ec0915.250610.1395332_ooi_z_v1_N22_160306.523733_ooi_z_v1_N22.diff.fits,0x0000,845,z,TEMPLATE,t,0.4464,1.185,0.081,4.492,21.636,6836.0,-4.308,0.6342,1395332
98,3889,1366,3,60861.985881,30.915,,,,0,0,,,,,ec0915.250705.1404550_ooi_z_v1_N22_160306.523733_ooi_z_v1_N22.diff.fits,0x0000,861,z,TEMPLATE,t,0.0781,1.115,0.056,7.942,18.755,14860.0,,,1404550
98,3889,1366,3,60885.981919,30.915,-240.04,85.57,0.94,9,0,-5.148e-06,1.835e-06,,,ec0915.250729.1410882_ooi_z_v1_N22_160306.523733_ooi_z_v1_N22.diff.fits,0x0000,878,z,TEMPLATE,t,0.1174,1.156,0.081,5.031,20.453,4021.0,-5.148,1.835,1410882
98,3889,1366,3,60891.978828,30.915,-209.78,52.21,1.78,9,0,-4.499e-06,1.12e-06,,,ec0915.250804.1411935_ooi_z_v1_N22_160306.523733_ooi_z_v1_N22.diff.fits,0x0000,882,z,TEMPLATE,t,0.2642,1.143,0.074,3.756,21.204,8976.0,-4.499,1.12,1411935
98,3889,1366,3,60988.321944,30.915,-265.82,16.9,0.26,9,0,-5.701e-06,3.623e-07,,,ec0915.251109.1433487_ooi_z_v1_N22_160306.523733_ooi_z_v1_N22.diff.fits,0x0000,923,z,TEMPLATE,t,0.545,1.532,0.233,4.536,22.309,3622.0,-5.7010000000000005,0.3623,1433487
98,3889,1366,3,60997.332383,30.915,-181.33,29.92,1.57,9,3,-3.889e-06,6.416e-07,,,ec0915.251118.1436429_ooi_z_v1_N22_160306.523733_ooi_z_v1_N22.diff.fits,0x0000,936,z,TEMPLATE,t,0.2931,1.33,0.162,3.198,22.001,3094.0,-3.8890000000000002,0.6416000000000001,1436429
98,3889,1366,3,61000.294623,30.915,-299.24,643.46,1.62,9,0,-6.417e-06,1.38e-05,,,ec0915.251121.1437419_ooi_z_v1_N22_160306.523733_ooi_z_v1_N22.diff.fits,0x0000,940,z,TEMPLATE,t,0.0097,1.092,0.062,3.949,18.505,1654.0,-6.417,13.8,1437419
98,3889,1366,3,61054.348165,30.915,-175.59,10.97,1.09,9,3,-3.766e-06,2.352e-07,,,ec0915.260114.1448793_ooi_z_v1_N22_160306.523733_ooi_z_v1_N22.diff.fits,0x0000,999,z,TEMPLATE,t,0.5609,1.611,0.263,3.106,23.245,1314.0,-3.766,0.2352,1448793
98,3889,1366,3,61111.243969,30.915,-207.58,12.35,0.41,9,0,-4.452e-06,2.649e-07,,,ec0915.260312.1462192_ooi_z_v1_N22_160306.523733_ooi_z_v1_N22.diff.fits,0x0000,1076,z,TEMPLATE,t,0.5703,1.382,0.135,4.012,22.768,1832.0,-4.452,0.26489999999999997,1462192
99,3906,1351,3,56341.289265,30.915,70.75,11.62,2.61,9,0,1.517e-06,2.491e-07,23.447,0.178249,ec0915.130218.178885_ooi_z_N22_160306.523733_ooi_z_v1_N22.diff.fits,0x0000,10,z,TEMPLATE,t,0.8508,1.259,0.057,4.678,22.854,3300.0,1.5170000000000001,0.24909999999999996,178885
99,3906,1351,3,56341.291336,30.915,66.77,11.01,0.63,9,0,1.432e-06,2.362e-07,23.51,0.179094,ec0915.130218.178886_ooi_z_N22_160306.523733_ooi_z_v1_N22.diff.fits,0x0000,11,z,TEMPLATE,t,0.8473,1.266,0.073,4.273,22.895,3347.0,1.432,0.23620000000000002,178886
99,3906,1351,3,56360.209714,30.915,85.62,13.15,1.89,9,9,1.836e-06,2.821e-07,23.24,0.166822,ec0915.130309.184932_ooi_z_N22_160306.523733_ooi_z_v1_N22.diff.fits,0x0000,16,z,TEMPLATE,t,0.5299,1.501,0.167,2.985,23.119,1727.0,1.836,0.2821,184932
99,3906,1351,3,56418.977034,30.915,65.9,11.46,1.23,9,0,1.413e-06,2.458e-07,23.525,0.188849,ec0915.130506.204629_ooi_z_v1_N22_160306.523733_ooi_z_v1_N22.diff.fits,0x0000,26,z,TEMPLATE,t,1.148,1.415,0.136,4.154,22.944,6628.0,1.413,0.2458,204629
99,3906,1351,3,56487.988309,30.915,44.74,11.44,2.15,9,0,9.595e-07,2.453e-07,23.945,0.277531,ec0915.130714.218757_ooi_z_N22_160306.523733_ooi_z_v1_N22.diff.fits,0x0000,30,z,TEMPLATE,t,1.1066,1.401,0.139,4.132,22.883,6364.0,0.9595000000000001,0.24530000000000002,218757
99,3906,1351,3,56488.988287,30.915,37.71,11.64,0.89,9,3,8.088e-07,2.497e-07,24.13,0.335133,ec0915.130715.219201_ooi_z_N22_160306.523733_ooi_z_v1_N22.diff.fits,0x0000,34,z,TEMPLATE,t,1.1771,1.424,0.157,3.539,23.022,6998.0,0.8088,0.2497,219201
99,3906,1351,3,56489.013217,30.915,41.64,11.05,1.36,9,3,8.931e-07,2.369e-07,24.023,0.288061,ec0915.130716.219213_ooi_z_N22_160306.523733_ooi_z_v1_N22.diff.fits,0x0000,38,z,TEMPLATE,t,1.1635,1.349,0.109,3.653,23.001,6723.0,0.8931,0.2369,219213
99,3906,1351,3,56612.306942,30.915,39.67,12.43,0.79,9,0,8.508e-07,2.665e-07,24.076,0.34006,ec0915.131116.254783_ooi_z_N22_160306.523733_ooi_z_v1_N22.diff.fits,0x0000,43,z,TEMPLATE,t,1.1224,1.313,0.078,4.868,22.731,6461.0,0.8508,0.2665,254783
99,3906,1351,3,56668.211483,30.915,20.55,9.03,0.78,9,3,4.408e-07,1.937e-07,,,ec0915.140111.273124_ooi_z_N22_160306.523733_ooi_z_v1_N22.diff.fits,0x0000,47,z,TEMPLATE,t,1.172,1.495,0.158,3.611,23.257,4304.0,0.44079999999999997,0.19369999999999998,273124
99,3906,1351,3,56668.219813,30.915,70.28,9.45,1.63,9,0,1.507e-06,2.027e-07,23.455,0.14604,ec0915.140111.273128_ooi_z_N22_160306.523733_ooi_z_v1_N22.diff.fits,0x0000,51,z,TEMPLATE,t,1.1786,1.44,0.115,4.442,23.028,4385.0,1.507,0.20270000000000002,273128
99,3906,1351,3,56713.197028,30.915,11.03,10.3,0.51,9,0,2.366e-07,2.208e-07,,,ec0915.140225.288123_ooi_z_N22_160306.523733_ooi_z_v1_N22.diff.fits,0x0000,79,z,TEMPLATE,t,1.1672,1.419,0.125,3.898,23.153,5178.0,0.23659999999999998,0.2208,288123
99,3906,1351,3,56764.149481,30.915,66.9,10.76,2.32,9,6,1.435e-06,2.307e-07,23.508,0.174617,ec0915.140417.301623_ooi_z_v1_N22_160306.523733_ooi_z_v1_N22.diff.fits,0x0000,84,z,TEMPLATE,t,1.0992,1.466,0.159,3.443,23.118,5856.0,1.435,0.2307,301623
99,3906,1351,3,56764.153625,30.915,36.63,10.22,1.35,9,3,7.856e-07,2.192e-07,24.162,0.302879,ec0915.140417.301625_ooi_z_v1_N22_160306.523733_ooi_z_v1_N22.diff.fits,0x0000,86,z,TEMPLATE,t,1.0967,1.435,0.125,3.415,23.19,5889.0,0.7856000000000001,0.2192,301625
99,3906,1351,3,56814.091425,30.915,62.79,9.89,0.49,9,0,1.347e-06,2.12e-07,23.577,0.17097,ec0915.140606.320269_ooi_z_v1_N22_160306.523733_ooi_z_v1_N22.diff.fits,0x0000,89,z,TEMPLATE,t,1.1459,1.413,0.09,5.263,22.754,5333.0,1.347,0.212,320269
99,3906,1351,3,56834.960611,30.915,41.76,12.65,1.35,9,0,8.956e-07,2.714e-07,24.02,0.329005,ec0915.140626.331029_ooi_z_v1_N22_160306.523733_ooi_z_v1_N22.diff.fits,0x0000,91,z,TEMPLATE,t,1.0967,1.452,0.12,4.69,22.667,7577.0,0.8956000000000001,0.27140000000000003,331029
99,3906,1351,3,56854.965339,30.915,25.78,13.84,1.21,9,0,5.529e-07,2.967e-07,,,ec0915.140716.337810_ooi_z_v1_N22_160306.523733_ooi_z_v1_N22.diff.fits,0x0000,99,z,TEMPLATE,t,1.0126,1.426,0.119,4.132,22.811,6947.0,0.5529000000000001,0.2967,337810
99,3906,1351,3,56998.316848,30.915,-44.33,12.27,0.98,9,3,-9.507e-07,2.632e-07,,,ec0915.141207.384681_ooi_z_v1_N22_160306.523733_ooi_z_v1_N22.diff.fits,0x0000,106,z,TEMPLATE,t,1.1284,1.229,0.117,3.559,22.939,6560.0,-0.9507,0.2632,384681
99,3906,1351,3,56998.321015,30.915,-67.28,11.88,1.5,9,0,-1.443e-06,2.547e-07,,,ec0915.141207.384683_ooi_z_v1_N22_160306.523733_ooi_z_v1_N22.diff.fits,0x0000,108,z,TEMPLATE,t,1.1258,1.196,0.077,4.304,22.778,6407.0,-1.443,0.25470000000000004,384683
99,3906,1351,3,57026.228979,30.915,-3.89,12.53,1.83,9,6,-8.352e-08,2.687e-07,,,ec0915.150104.394285_ooi_z_v1_N22_160306.523733_ooi_z_v1_N22.diff.fits,0x0000,111,z,TEMPLATE,t,1.0335,1.269,0.148,3.39,22.831,6751.0,-0.08352,0.2687,394285
99,3906,1351,3,57026.233149,30.915,-48.66,14.44,1.29,9,0,-1.044e-06,3.097e-07,,,ec0915.150104.394287_ooi_z_v1_N22_160306.523733_ooi_z_v1_N22.diff.fits,0x0000,113,z,TEMPLATE,t,1.0467,1.125,0.082,3.691,22.789,6901.0,-1.044,0.3097,394287
99,3906,1351,3,57050.242086,30.915,-17.7,9.78,1.22,9,0,-3.795e-07,2.098e-07,,,ec0915.150128.403911_ooi_z_v1_N22_160306.523733_ooi_z_v1_N22.diff.fits,0x0000,118,z,TEMPLATE,t,0.9842,1.261,0.131,4.029,23.145,3149.0,-0.3795,0.20980000000000001,403911
99,3906,1351,3,57053.240481,30.915,-52.69,12.37,1.14,9,0,-1.13e-06,2.652e-07,,,ec0915.150131.404893_ooi_z_v1_N22_160306.523733_ooi_z_v1_N22.diff.fits,0x0000,122,z,TEMPLATE,t,1.073,1.194,0.087,3.937,22.876,5245.0,-1.13,0.2652,404893
99,3906,1351,3,57056.260361,30.915,-42.14,11.89,0.53,9,3,-9.037e-07,2.549e-07,,,ec0915.150203.405992_ooi_z_ls9_N22_160306.523733_ooi_z_v1_N22.diff.fits,0x0000,126,z,TEMPLATE,t,1.1387,1.22,0.117,3.582,22.902,6587.0,-0.9037000000000001,0.25489999999999996,405992
99,3906,1351,3,57056.268626,30.915,-61.24,12.39,0.92,9,6,-1.313e-06,2.657e-07,,,ec0915.150203.405996_ooi_z_ls9_N22_160306.523733_ooi_z_v1_N22.diff.fits,0x0000,130,z,TEMPLATE,t,1.1421,1.042,0.093,3.48,22.867,7293.0,-1.313,0.2657,405996
99,3906,1351,3,57083.233746,30.915,-55.86,11.08,1.97,9,6,-1.198e-06,2.375e-07,,,ec0915.150302.417215_ooi_z_v1_N22_160306.523733_ooi_z_v1_N22.diff.fits,0x0000,135,z,TEMPLATE,t,1.043,1.205,0.135,3.416,23.018,4875.0,-1.198,0.2375,417215
99,3906,1351,3,57088.183133,30.915,-48.16,11.32,3.77,9,6,-1.033e-06,2.428e-07,,,ec0915.150307.419088_ooi_z_v1_N22_160306.523733_ooi_z_v1_N22.diff.fits,0x0000,136,z,TEMPLATE,t,1.0547,1.158,0.08,3.392,23.026,6188.0,-1.0330000000000001,0.2428,419088
99,3906,1351,3,57088.185779,30.915,-40.36,11.98,2.0,9,9,-8.655e-07,2.569e-07,,,ec0915.150307.419089_ooi_z_v1_N22_160306.523733_ooi_z_v1_N22.diff.fits,0x0000,137,z,TEMPLATE,t,1.0497,1.223,0.109,2.884,23.166,5927.0,-0.8655,0.25689999999999996,419089
99,3906,1351,3,57117.011808,30.915,0.62,14.13,2.14,9,0,1.34e-08,3.03e-07,,,ec0915.150405.429230_ooi_z_v1_N22_160306.523733_ooi_z_v1_N22.diff.fits,0x0000,143,z,TEMPLATE,t,1.0671,1.153,0.082,4.288,22.642,7571.0,0.013399999999999999,0.303,429230
99,3906,1351,3,57117.015936,30.915,-10.06,12.37,1.04,9,0,-2.157e-07,2.653e-07,,,ec0915.150405.429232_ooi_z_v1_N22_160306.523733_ooi_z_v1_N22.diff.fits,0x0000,145,z,TEMPLATE,t,1.0619,1.19,0.061,4.641,22.633,6637.0,-0.2157,0.26530000000000004,429232
99,3906,1351,3,57139.0088,30.915,-35.38,12.27,1.13,9,0,-7.587e-07,2.631e-07,,,ec0915.150427.437746_ooi_z_v1_N22_160306.523733_ooi_z_v1_N22.diff.fits,0x0000,151,z,TEMPLATE,t,1.041,1.249,0.072,5.414,22.529,5505.0,-0.7587,0.2631,437746
99,3906,1351,3,57171.013911,30.915,-69.52,251.56,0.64,9,0,-1.491e-06,5.395e-06,,,ec0915.150529.443410_ooi_z_v1_N22_160306.523733_ooi_z_v1_N22.diff.fits,0x0000,153,z,TEMPLATE,t,0.0897,1.165,0.048,4.037,19.422,24525.0,-1.491,5.395,443410
99,3906,1351,3,57171.018007,30.915,-531.27,235.69,1.53,9,6,-1.139e-05,5.054e-06,,,ec0915.150529.443412_ooi_z_v1_N22_160306.523733_ooi_z_v1_N22.diff.fits,0x0000,155,z,TEMPLATE,t,0.0982,1.177,0.056,3.466,19.689,24114.0,-11.389999999999999,5.054,443412
99,3906,1351,3,57171.117306,30.915,-399.71,783.67,1.69,9,0,-8.572e-06,1.681e-05,,,ec0915.150529.443454_ooi_z_v1_N22_160306.523733_ooi_z_v1_N22.diff.fits,0x0000,157,z,TEMPLATE,t,0.0325,1.214,0.051,3.988,18.396,27448.0,-8.572000000000001,16.81,443454
99,3906,1351,3,57171.121418,30.915,-647.11,1010.21,0.61,9,3,-1.388e-05,2.166e-05,,,ec0915.150529.443456_ooi_z_v1_N22_160306.523733_ooi_z_v1_N22.diff.fits,0x0000,159,z,TEMPLATE,t,0.0241,1.205,0.059,3.624,18.227,28127.0,-13.879999999999999,21.66,443456
99,3906,1351,3,57198.960089,30.915,-46.77,15.3,0.97,9,0,-1.003e-06,3.281e-07,,,ec0915.150625.453952_ooi_z_v1_N22_160306.523733_ooi_z_v1_N22.diff.fits,0x0000,164,z,TEMPLATE,t,1.0789,1.109,0.062,4.714,22.377,10108.0,-1.003,0.3281,453952
99,3906,1351,3,57198.965698,30.915,-55.43,14.9,1.2,9,0,-1.189e-06,3.196e-07,,,ec0915.150625.453955_ooi_z_v1_N22_160306.523733_ooi_z_v1_N22.diff.fits,0x0000,167,z,TEMPLATE,t,1.0696,1.223,0.064,4.277,22.481,10187.0,-1.189,0.3196,453955
99,3906,1351,3,57199.005294,30.915,-34.6,13.95,1.14,9,0,-7.42e-07,2.992e-07,,,ec0915.150626.453976_ooi_z_v1_N22_160306.523733_ooi_z_v1_N22.diff.fits,0x0000,170,z,TEMPLATE,t,1.0649,1.202,0.083,4.295,22.633,7612.0,-0.742,0.29919999999999997,453976
99,3906,1351,3,57387.340403,30.915,-1.71,12.26,0.46,9,6,-3.657e-08,2.63e-07,,,ec0915.151231.507220_ooi_z_v1_N22_160306.523733_ooi_z_v1_N22.diff.fits,0x0000,176,z,TEMPLATE,t,1.0642,1.234,0.126,3.164,23.086,5609.0,-0.036570000000000005,0.263,507220
99,3906,1351,3,57388.334629,30.915,-9.07,9.46,0.62,9,3,-1.946e-07,2.028e-07,,,ec0915.160101.507561_ooi_z_v1_N22_160306.523733_ooi_z_v1_N22.diff.fits,0x0000,180,z,TEMPLATE,t,1.0844,1.228,0.102,3.599,23.14,4209.0,-0.1946,0.20279999999999998,507561
99,3906,1351,3,57443.170926,30.915,-16.38,12.82,1.24,9,0,-3.513e-07,2.749e-07,,,ec0915.160225.519763_ooi_z_v1_N22_160306.523733_ooi_z_v1_N22.diff.fits,0x0000,183,z,TEMPLATE,t,1.0313,1.116,0.072,3.975,22.746,6057.0,-0.3513,0.27490000000000003,519763
99,3906,1351,3,57443.175066,30.915,-11.0,12.2,0.89,9,0,-2.359e-07,2.617e-07,,,ec0915.160225.519765_ooi_z_v1_N22_160306.523733_ooi_z_v1_N22.diff.fits,0x0000,185,z,TEMPLATE,t,1.0353,1.109,0.06,4.579,22.596,5911.0,-0.2359,0.26170000000000004,519765
99,3906,1351,3,57452.205272,30.915,7.22,12.63,1.49,9,9,1.549e-07,2.708e-07,,,ec0915.160305.523437_ooi_z_v1_N22_160306.523733_ooi_z_v1_N22.diff.fits,0x0000,187,z,TEMPLATE,t,1.0771,1.286,0.146,2.451,23.522,4633.0,0.15489999999999998,0.27080000000000004,523437
99,3906,1351,3,57535.95023,30.915,-132.29,41.04,0.61,9,3,-2.837e-06,8.802e-07,,,ec0915.160527.545715_ooi_z_v1_N22_160306.523733_ooi_z_v1_N22.diff.fits,0x0000,190,z,TEMPLATE,t,0.3206,1.151,0.067,3.798,21.456,7315.0,-2.837,0.8802,545715
99,3906,1351,3,57535.954356,30.915,-44.71,40.12,0.52,9,0,-9.589e-07,8.604e-07,,,ec0915.160527.545717_ooi_z_v1_N22_160306.523733_ooi_z_v1_N22.diff.fits,0x0000,192,z,TEMPLATE,t,0.3243,1.121,0.056,4.145,21.475,5947.0,-0.9589000000000001,0.8603999999999999,545717
99,3906,1351,3,57535.991722,30.915,-64.92,13.74,2.07,9,0,-1.392e-06,2.947e-07,,,ec0915.160527.545735_ooi_z_v1_N22_160306.523733_ooi_z_v1_N22.diff.fits,0x0000,194,z,TEMPLATE,t,0.8908,1.309,0.092,4.077,22.828,4546.0,-1.392,0.2947,545735
99,3906,1351,3,57535.995867,30.915,-41.88,11.24,0.7,9,3,-8.982e-07,2.41e-07,,,ec0915.160527.545737_ooi_z_v1_N22_160306.523733_ooi_z_v1_N22.diff.fits,0x0000,196,z,TEMPLATE,t,0.9992,1.236,0.106,3.527,22.982,4803.0,-0.8982,0.241,545737
99,3906,1351,3,57545.965079,30.915,-38.13,16.95,0.57,9,0,-8.177e-07,3.634e-07,,,ec0915.160606.547142_ooi_z_v1_N22_160306.523733_ooi_z_v1_N22.diff.fits,0x0000,206,z,TEMPLATE,t,0.5751,1.139,0.076,4.454,22.464,3034.0,-0.8177,0.3634,547142
99,3906,1351,3,57566.040208,30.915,-48.02,15.53,0.69,9,0,-1.03e-06,3.331e-07,,,ec0915.160627.549002_ooi_z_v1_N22_160306.523733_ooi_z_v1_N22.diff.fits,0x0000,210,z,TEMPLATE,t,0.9597,1.114,0.072,4.658,22.451,8142.0,-1.03,0.3331,549002
99,3906,1351,3,57764.169856,30.915,-75.45,11.64,1.14,9,6,-1.618e-06,2.497e-07,,,ec0915.170111.608550_ooi_z_v1_N22_160306.523733_ooi_z_v1_N22.diff.fits,0x0000,213,z,TEMPLATE,t,1.0318,1.268,0.139,3.199,23.075,5482.0,-1.618,0.2497,608550
99,3906,1351,3,57764.173997,30.915,-78.28,11.51,0.48,9,6,-1.679e-06,2.468e-07,,,ec0915.170111.608552_ooi_z_v1_N22_160306.523733_ooi_z_v1_N22.diff.fits,0x0000,215,z,TEMPLATE,t,1.039,1.151,0.106,3.214,23.05,5620.0,-1.6789999999999998,0.24680000000000002,608552
99,3906,1351,3,57769.284073,30.915,-93.1,10.22,1.61,9,3,-1.997e-06,2.192e-07,,,ec0915.170116.609360_ooi_z_v1_N22_160306.523733_ooi_z_v1_N22.diff.fits,0x0000,217,z,TEMPLATE,t,1.0338,1.183,0.119,3.18,23.349,4050.0,-1.997,0.2192,609360
99,3906,1351,3,57769.288221,30.915,-62.17,10.86,2.19,9,3,-1.333e-06,2.328e-07,,,ec0915.170116.609362_ooi_z_v1_N22_160306.523733_ooi_z_v1_N22.diff.fits,0x0000,219,z,TEMPLATE,t,1.0319,1.156,0.125,3.214,23.332,4079.0,-1.333,0.2328,609362
99,3906,1351,3,57794.308614,30.915,-85.81,11.38,1.73,9,3,-1.84e-06,2.44e-07,,,ec0915.170210.619020_ooi_z_v1_N22_160306.523733_ooi_z_v1_N22.diff.fits,0x0000,231,z,TEMPLATE,t,1.0675,1.149,0.1,3.599,22.954,5829.0,-1.8399999999999999,0.24400000000000002,619020
99,3906,1351,3,57795.317714,30.915,-85.71,12.4,1.04,9,9,-1.838e-06,2.66e-07,,,ec0915.170211.619366_ooi_z_v1_N22_160306.523733_ooi_z_v1_N22.diff.fits,0x0000,233,z,TEMPLATE,t,1.0286,1.208,0.115,2.859,23.098,6629.0,-1.838,0.266,619366
99,3906,1351,3,57798.077705,30.915,-71.44,12.35,0.98,9,6,-1.532e-06,2.65e-07,,,ec0915.170214.620291_ooi_z_v1_N22_160306.523733_ooi_z_v1_N22.diff.fits,0x0000,235,z,TEMPLATE,t,0.9631,1.165,0.11,3.29,22.936,5922.0,-1.5319999999999998,0.265,620291
99,3906,1351,3,57822.338331,30.915,-35.82,13.67,2.18,9,3,-7.682e-07,2.931e-07,,,ec0915.170310.628200_ooi_z_v1_N22_160306.523733_ooi_z_v1_N22.diff.fits,0x0000,237,z,TEMPLATE,t,0.9992,1.127,0.081,3.576,22.797,7326.0,-0.7682,0.29309999999999997,628200
99,3906,1351,3,57822.342476,30.915,-73.51,13.9,0.88,9,0,-1.577e-06,2.982e-07,,,ec0915.170310.628202_ooi_z_v1_N22_160306.523733_ooi_z_v1_N22.diff.fits,0x0000,239,z,TEMPLATE,t,0.9893,1.057,0.061,4.175,22.591,7749.0,-1.5770000000000002,0.2982,628202
99,3906,1351,3,57824.277361,30.915,-54.5,13.26,3.27,9,3,-1.169e-06,2.843e-07,,,ec0915.170312.628814_ooi_z_v1_N22_160306.523733_ooi_z_v1_N22.diff.fits,0x0000,241,z,TEMPLATE,t,1.0506,1.067,0.073,3.807,22.77,7544.0,-1.169,0.2843,628814
99,3906,1351,3,57824.281503,30.915,-68.06,12.83,0.53,9,6,-1.46e-06,2.751e-07,,,ec0915.170312.628816_ooi_z_v1_N22_160306.523733_ooi_z_v1_N22.diff.fits,0x0000,243,z,TEMPLATE,t,1.0475,1.22,0.097,3.347,22.952,6645.0,-1.46,0.2751,628816
99,3906,1351,3,57847.124307,30.915,-47.93,11.19,1.08,9,6,-1.028e-06,2.4e-07,,,ec0915.170404.636946_ooi_z_v1_N22_160306.523733_ooi_z_v1_N22.diff.fits,0x0000,252,z,TEMPLATE,t,1.0078,1.244,0.131,3.534,23.1,4387.0,-1.028,0.24,636946
99,3906,1351,3,57848.992872,30.915,-65.02,13.21,0.48,9,3,-1.394e-06,2.832e-07,,,ec0915.170405.637489_ooi_z_v1_N22_160306.523733_ooi_z_v1_N22.diff.fits,0x0000,255,z,TEMPLATE,t,1.0116,1.165,0.1,3.387,22.831,7297.0,-1.394,0.2832,637489
99,3906,1351,3,57872.960558,30.915,-105.2,13.96,2.06,9,9,-2.256e-06,2.994e-07,,,ec0915.170429.645088_ooi_z_v1_N22_160306.523733_ooi_z_v1_N22.diff.fits,0x0000,256,z,TEMPLATE,t,1.1067,1.318,0.153,2.628,23.096,8900.0,-2.2560000000000002,0.2994,645088
99,3906,1351,3,57872.960558,30.915,-107.4,14.18,1.97,9,9,-2.303e-06,3.04e-07,,,ec0915.170429.645088_ooi_z_vx_N22_160306.523733_ooi_z_v1_N22.diff.fits,0x0000,257,z,TEMPLATE,t,1.14,1.297,0.163,2.627,23.073,9226.0,-2.303,0.30400000000000005,645088
99,3906,1351,3,57874.962088,30.915,-111.42,41.17,0.59,9,3,-2.389e-06,8.83e-07,,,ec0915.170501.646110_ooi_z_v1_N22_160306.523733_ooi_z_v1_N22.diff.fits,0x0000,270,z,TEMPLATE,t,0.4218,0.813,0.05,3.56,21.55,11604.0,-2.389,0.883,646110
99,3906,1351,3,57874.96623,30.915,-118.96,47.51,1.4,9,3,-2.551e-06,1.019e-06,,,ec0915.170501.646112_ooi_z_vx_N22_160306.523733_ooi_z_v1_N22.diff.fits,0x0000,273,z,TEMPLATE,t,0.2792,1.081,0.064,3.558,21.265,8303.0,-2.5509999999999997,1.019,646112
99,3906,1351,3,57874.96623,30.915,-140.48,46.78,1.28,9,3,-3.013e-06,1.003e-06,,,ec0915.170501.646112_ooi_z_v1_N22_160306.523733_ooi_z_v1_N22.diff.fits,0x0000,272,z,TEMPLATE,t,0.2716,1.088,0.062,3.558,21.271,8234.0,-3.0130000000000003,1.003,646112
99,3906,1351,3,57875.014571,30.915,-98.96,39.42,0.22,9,3,-2.122e-06,8.455e-07,,,ec0915.170502.646135_ooi_z_v1_N22_160306.523733_ooi_z_v1_N22.diff.fits,0x0000,275,z,TEMPLATE,t,0.3539,1.104,0.064,3.521,21.657,7497.0,-2.1220000000000003,0.8455,646135
99,3906,1351,3,57875.018706,30.915,-108.36,25.28,0.81,9,6,-2.324e-06,5.422e-07,,,ec0915.170502.646137_ooi_z_v1_N22_160306.523733_ooi_z_v1_N22.diff.fits,0x0000,278,z,TEMPLATE,t,0.4891,1.167,0.081,3.247,22.174,6770.0,-2.3240000000000003,0.5422,646137
99,3906,1351,3,57875.018706,30.915,-108.3,25.83,0.93,9,6,-2.323e-06,5.539e-07,,,ec0915.170502.646137_ooi_z_vx_N22_160306.523733_ooi_z_v1_N22.diff.fits,0x0000,279,z,TEMPLATE,t,0.5031,1.109,0.082,3.247,22.145,7140.0,-2.323,0.5539,646137
99,3906,1351,3,57875.081054,30.915,-123.96,38.11,1.02,9,6,-2.658e-06,8.172e-07,,,ec0915.170502.646165_ooi_z_v1_N22_160306.523733_ooi_z_v1_N22.diff.fits,0x0000,282,z,TEMPLATE,t,0.314,1.116,0.069,3.34,21.62,7054.0,-2.658,0.8172,646165
99,3906,1351,3,57875.085195,30.915,-93.92,14.91,1.44,9,6,-2.014e-06,3.197e-07,,,ec0915.170502.646167_ooi_z_v1_N22_160306.523733_ooi_z_v1_N22.diff.fits,0x0000,284,z,TEMPLATE,t,0.7859,1.128,0.089,3.35,22.666,6214.0,-2.0140000000000002,0.3197,646167
99,3906,1351,3,57875.122515,30.915,-108.76,23.21,0.96,9,9,-2.332e-06,4.977e-07,,,ec0915.170502.646185_ooi_z_v1_N22_160306.523733_ooi_z_v1_N22.diff.fits,0x0000,286,z,TEMPLATE,t,0.5261,0.991,0.076,3.058,22.295,6557.0,-2.332,0.49770000000000003,646185
99,3906,1351,3,57875.126648,30.915,-107.04,21.81,1.22,9,6,-2.295e-06,4.677e-07,,,ec0915.170502.646187_ooi_z_v1_N22_160306.523733_ooi_z_v1_N22.diff.fits,0x0000,288,z,TEMPLATE,t,0.5093,1.192,0.085,3.171,22.342,5378.0,-2.295,0.4677,646187
99,3906,1351,3,57888.146212,30.915,-88.63,11.09,0.66,9,0,-1.901e-06,2.378e-07,,,ec0915.170515.648397_ooi_z_v1_N22_160306.523733_ooi_z_v1_N22.diff.fits,0x0000,290,z,TEMPLATE,t,1.026,1.134,0.061,5.728,22.558,4880.0,-1.901,0.2378,648397
99,3906,1351,3,57888.150335,30.915,-99.49,10.87,0.77,9,0,-2.134e-06,2.331e-07,,,ec0915.170515.648399_ooi_z_v1_N22_160306.523733_ooi_z_v1_N22.diff.fits,0x0000,292,z,TEMPLATE,t,1.0271,1.289,0.057,5.92,22.593,4268.0,-2.134,0.2331,648399
99,3906,1351,3,57935.020929,30.915,-56.9,10.7,1.18,9,3,-1.22e-06,2.295e-07,,,ec0915.170701.657445_ooi_z_vx_N22_160306.523733_ooi_z_v1_N22.diff.fits,0x0000,299,z,TEMPLATE,t,1.1345,1.232,0.13,3.547,23.0,5851.0,-1.22,0.2295,657445
99,3906,1351,3,57950.995174,30.915,-28.13,14.51,1.92,9,0,-6.033e-07,3.112e-07,,,ec0915.170716.659072_ooi_z_v1_N22_160306.523733_ooi_z_v1_N22.diff.fits,0x0000,306,z,TEMPLATE,t,1.11,0.929,0.039,7.027,22.172,8578.0,-0.6033000000000001,0.3112,659072
99,3906,1351,3,58183.117442,30.915,-27.62,10.53,1.24,9,0,-5.923e-07,2.258e-07,,,ec0915.180306.727448_ooi_z_v1_N22_160306.523733_ooi_z_v1_N22.diff.fits,0x0000,312,z,TEMPLATE,t,0.9792,1.336,0.067,4.321,22.804,4442.0,-0.5923,0.2258,727448
99,3906,1351,3,58183.121555,30.915,6.23,13.23,0.98,9,3,1.337e-07,2.838e-07,,,ec0915.180306.727450_ooi_z_v1_N22_160306.523733_ooi_z_v1_N22.diff.fits,0x0000,314,z,TEMPLATE,t,0.9745,1.099,0.082,3.827,22.829,5524.0,0.1337,0.2838,727450
99,3906,1351,3,58184.03864,30.915,8.57,12.1,0.94,9,0,1.838e-07,2.595e-07,,,ec0915.180307.727589_ooi_z_v1_N22_160306.523733_ooi_z_v1_N22.diff.fits,0x0000,316,z,TEMPLATE,t,0.8599,1.178,0.078,5.158,22.516,4545.0,0.1838,0.2595,727589
99,3906,1351,3,58225.986333,30.915,-6.21,12.49,1.05,9,0,-1.332e-07,2.679e-07,,,ec0915.180417.736458_ooi_z_v1_N22_160306.523733_ooi_z_v1_N22.diff.fits,0x0000,327,z,TEMPLATE,t,0.9652,1.246,0.077,4.831,22.505,5784.0,-0.1332,0.2679,736458
99,3906,1351,3,58232.983204,30.915,-17.49,13.72,0.38,9,3,-3.75e-07,2.942e-07,,,ec0915.180424.738618_ooi_z_v1_N22_160306.523733_ooi_z_v1_N22.diff.fits,0x0000,331,z,TEMPLATE,t,1.0633,1.157,0.103,3.779,22.758,7453.0,-0.375,0.29419999999999996,738618
99,3906,1351,3,58246.003574,30.915,-37.02,21.21,1.26,9,0,-7.94e-07,4.548e-07,,,ec0915.180508.743629_ooi_z_v1_N22_160306.523733_ooi_z_v1_N22.diff.fits,0x0000,335,z,TEMPLATE,t,0.7157,1.113,0.065,4.337,22.078,9437.0,-0.794,0.45480000000000004,743629
99,3906,1351,3,58261.080086,30.915,-55.09,14.87,1.08,9,6,-1.182e-06,3.189e-07,,,ec0915.180523.750068_ooi_z_v1_N22_160306.523733_ooi_z_v1_N22.diff.fits,0x0000,339,z,TEMPLATE,t,1.0482,0.963,0.094,3.406,22.75,9810.0,-1.1820000000000002,0.31889999999999996,750068
99,3906,1351,3,58261.088392,30.915,-53.53,15.02,0.68,9,6,-1.148e-06,3.221e-07,,,ec0915.180523.750072_ooi_z_v1_N22_160306.523733_ooi_z_v1_N22.diff.fits,0x0000,343,z,TEMPLATE,t,1.0415,1.169,0.117,3.008,22.974,8140.0,-1.1480000000000001,0.3221,750072
99,3906,1351,3,58313.979667,30.915,-33.65,13.7,0.59,9,0,-7.216e-07,2.939e-07,,,ec0915.180714.755609_ooi_z_v1_N22_160306.523733_ooi_z_v1_N22.diff.fits,0x0000,345,z,TEMPLATE,t,1.1382,1.002,0.082,4.134,22.713,8411.0,-0.7216,0.2939,755609
99,3906,1351,3,58313.987958,30.915,-64.98,12.68,1.25,9,0,-1.394e-06,2.718e-07,,,ec0915.180714.755613_ooi_z_v1_N22_160306.523733_ooi_z_v1_N22.diff.fits,0x0000,349,z,TEMPLATE,t,1.1318,1.09,0.078,3.788,22.871,7802.0,-1.394,0.2718,755613
99,3906,1351,3,58483.310826,30.915,-38.1,9.18,1.7,9,3,-8.17e-07,1.968e-07,,,ec0915.181231.807723_ooi_z_v1_N22_160306.523733_ooi_z_v1_N22.diff.fits,0x0000,358,z,TEMPLATE,t,1.1382,1.454,0.173,3.529,23.237,4204.0,-0.817,0.19679999999999997,807723
99,3906,1351,3,58536.294128,30.915,-39.32,16.16,1.11,9,9,-8.433e-07,3.465e-07,,,ec0915.190222.826209_ooi_z_v1_N22_160306.523733_ooi_z_v1_N22.diff.fits,0x0000,363,z,TEMPLATE,t,0.5223,1.125,0.124,2.835,22.823,2881.0,-0.8433,0.3465,826209
99,3906,1351,3,58542.172304,30.915,-36.06,9.34,1.54,9,9,-7.734e-07,2.004e-07,,,ec0915.190228.828459_ooi_z_v1_N22_160306.523733_ooi_z_v1_N22.diff.fits,0x0000,367,z,TEMPLATE,t,1.026,1.087,0.14,3.159,23.342,3542.0,-0.7734,0.2004,828459
99,3906,1351,3,58572.222637,30.915,-43.48,11.29,1.59,9,0,-9.325e-07,2.422e-07,,,ec0915.190330.843689_ooi_z_v1_N22_160306.523733_ooi_z_v1_N22.diff.fits,0x0000,384,z,TEMPLATE,t,1.2018,1.172,0.105,4.127,23.009,5136.0,-0.9325,0.2422,843689
99,3906,1351,3,58572.226441,30.915,,,,0,0,,,,,ec0915.190330.843690_ooi_z_v1_N22_160306.523733_ooi_z_v1_N22.diff.fits,0x0000,385,z,TEMPLATE,t,0.8292,1.115,0.072,4.453,22.559,5193.0,,,843690
99,3906,1351,3,58572.230237,30.915,27.26,17.56,0.49,9,0,5.846e-07,3.767e-07,,,ec0915.190330.843691_ooi_z_v1_N22_160306.523733_ooi_z_v1_N22.diff.fits,0x0000,386,z,TEMPLATE,t,0.6732,1.234,0.089,4.04,22.442,4903.0,0.5846,0.3767,843691
99,3906,1351,3,58572.234037,30.915,-12.45,22.94,0.77,9,0,-2.671e-07,4.92e-07,,,ec0915.190330.843692_ooi_z_v1_N22_160306.523733_ooi_z_v1_N22.diff.fits,0x0000,387,z,TEMPLATE,t,0.5142,1.044,0.056,4.479,21.994,5216.0,-0.2671,0.492,843692
99,3906,1351,3,58572.237846,30.915,-18.11,24.75,0.81,9,0,-3.883e-07,5.307e-07,,,ec0915.190330.843693_ooi_z_v1_N22_160306.523733_ooi_z_v1_N22.diff.fits,0x0000,388,z,TEMPLATE,t,0.4535,1.115,0.069,4.214,21.987,4793.0,-0.3883,0.5307,843693
99,3906,1351,3,58578.206222,30.915,-11.78,14.09,1.23,9,0,-2.526e-07,3.022e-07,,,ec0915.190405.846168_ooi_z_v1_N22_160306.523733_ooi_z_v1_N22.diff.fits,0x0000,392,z,TEMPLATE,t,1.0249,0.832,0.109,3.986,22.804,6648.0,-0.25260000000000005,0.30219999999999997,846168
99,3906,1351,3,58639.02291,30.915,-46.98,35.27,0.69,9,3,-1.008e-06,7.565e-07,,,ec0915.190605.862065_ooi_z_v1_N22_160306.523733_ooi_z_v1_N22.diff.fits,0x0000,396,z,TEMPLATE,t,0.4406,0.878,0.063,3.587,21.698,9151.0,-1.008,0.7565,862065
99,3906,1351,3,58691.95826,30.915,-103.75,36.91,1.21,9,0,-2.225e-06,7.915e-07,,,ec0915.190727.879486_ooi_z_v1_N22_160306.523733_ooi_z_v1_N22.diff.fits,0x0000,397,z,TEMPLATE,t,0.6597,1.016,0.066,4.036,21.499,27221.0,-2.225,0.7915,879486
99,3906,1351,3,58818.262285,30.915,-20.95,12.4,2.54,9,3,-4.493e-07,2.66e-07,,,ec0915.191201.912644_ooi_z_vx_N22_160306.523733_ooi_z_v1_N22.diff.fits,0x0000,406,z,TEMPLATE,t,1.1264,1.31,0.152,3.599,22.872,7481.0,-0.4493,0.266,912644
99,3906,1351,3,58818.262285,30.915,-0.87,12.28,2.29,9,3,-1.86e-08,2.634e-07,,,ec0915.191201.912644_ooi_z_v1_N22_160306.523733_ooi_z_v1_N22.diff.fits,0x0000,405,z,TEMPLATE,t,1.1253,1.157,0.085,3.6,22.863,7593.0,-0.018600000000000002,0.26339999999999997,912644
99,3906,1351,3,58818.27059,30.915,-40.47,11.47,1.51,9,6,-8.68e-07,2.459e-07,,,ec0915.191201.912648_ooi_z_v1_N22_160306.523733_ooi_z_v1_N22.diff.fits,0x0000,410,z,TEMPLATE,t,1.1387,1.094,0.103,3.313,22.974,7022.0,-0.868,0.2459,912648
99,3906,1351,3,58840.279334,30.915,-60.96,9.53,2.45,9,6,-1.307e-06,2.044e-07,,,ec0915.191223.921762_ooi_z_v1_N22_160306.523733_ooi_z_v1_N22.diff.fits,0x0000,414,z,TEMPLATE,t,1.1448,1.315,0.161,3.23,23.351,4028.0,-1.307,0.2044,921762
99,3906,1351,3,58840.287634,30.915,-40.09,9.25,2.38,9,9,-8.598e-07,1.985e-07,,,ec0915.191223.921766_ooi_z_v1_N22_160306.523733_ooi_z_v1_N22.diff.fits,0x0000,418,z,TEMPLATE,t,1.1553,1.201,0.15,2.968,23.373,4317.0,-0.8598,0.1985,921766
99,3906,1351,3,58840.363289,30.915,-54.87,17.37,1.29,9,9,-1.177e-06,3.726e-07,,,ec0915.191223.921802_ooi_z_v1_N22_160306.523733_ooi_z_v1_N22.diff.fits,0x0000,422,z,TEMPLATE,t,0.5851,1.226,0.129,2.65,22.756,4509.0,-1.1769999999999998,0.3726,921802
99,3906,1351,3,58848.301947,30.915,-61.87,10.34,1.57,9,9,-1.327e-06,2.218e-07,,,ec0915.191231.923831_ooi_z_v1_N22_160306.523733_ooi_z_v1_N22.diff.fits,0x0000,426,z,TEMPLATE,t,1.1973,1.426,0.21,2.611,23.578,4309.0,-1.327,0.2218,923831
99,3906,1351,3,58848.31023,30.915,-33.87,8.94,1.36,9,0,-7.263e-07,1.916e-07,,,ec0915.191231.923835_ooi_z_v1_N22_160306.523733_ooi_z_v1_N22.diff.fits,0x0000,430,z,TEMPLATE,t,1.2048,1.259,0.133,3.537,23.364,4099.0,-0.7263000000000001,0.1916,923835
99,3906,1351,3,58848.348661,30.915,-80.77,12.66,1.25,9,9,-1.732e-06,2.714e-07,,,ec0915.191231.923853_ooi_z_v1_N22_160306.523733_ooi_z_v1_N22.diff.fits,0x0000,432,z,TEMPLATE,t,0.5858,1.305,0.178,2.912,23.094,2111.0,-1.7320000000000002,0.27140000000000003,923853
99,3906,1351,3,58870.169795,30.915,-26.32,11.1,1.81,9,0,-5.644e-07,2.38e-07,,,ec0915.200122.925785_ooi_z_v1_N22_160306.523733_ooi_z_v1_N22.diff.fits,0x0000,436,z,TEMPLATE,t,1.056,1.196,0.111,3.884,22.984,5016.0,-0.5644,0.238,925785
99,3906,1351,3,58877.17514,30.915,-35.44,11.72,1.22,9,0,-7.601e-07,2.514e-07,,,ec0915.200129.927465_ooi_z_v1_N22_160306.523733_ooi_z_v1_N22.diff.fits,0x0000,440,z,TEMPLATE,t,1.0048,1.181,0.094,4.728,22.772,4312.0,-0.7601,0.2514,927465
99,3906,1351,3,58905.154089,30.915,-51.2,9.41,0.64,9,3,-1.098e-06,2.018e-07,,,ec0915.200226.938759_ooi_z_v1_N22_160306.523733_ooi_z_v1_N22.diff.fits,0x0000,444,z,TEMPLATE,t,1.1088,1.238,0.13,3.857,23.09,4273.0,-1.0979999999999999,0.2018,938759
99,3906,1351,3,59146.349303,30.915,-79.61,13.19,0.8,9,0,-1.707e-06,2.828e-07,,,ec0915.201024.948166_ooi_z_v1_N22_160306.523733_ooi_z_v1_N22.diff.fits,0x0000,448,z,TEMPLATE,t,1.1096,1.213,0.112,4.401,22.807,6017.0,-1.7069999999999999,0.2828,948166
99,3906,1351,3,59176.305734,30.915,-79.76,11.44,0.98,9,3,-1.711e-06,2.454e-07,,,ec0915.201123.957181_ooi_z_v1_N22_160306.523733_ooi_z_v1_N22.diff.fits,0x0000,452,z,TEMPLATE,t,1.1309,1.408,0.209,3.806,23.004,5426.0,-1.711,0.2454,957181
99,3906,1351,3,59236.261521,30.915,-81.25,12.38,0.65,9,0,-1.742e-06,2.655e-07,,,ec0915.210122.958768_ooi_z_v1_N22_160306.523733_ooi_z_v1_N22.diff.fits,0x0000,455,z,TEMPLATE,t,1.0432,1.468,0.226,4.415,22.848,4910.0,-1.742,0.2655,958768
99,3906,1351,3,59301.045653,30.915,-121.03,20.76,1.31,9,3,-2.596e-06,4.453e-07,,,ec0915.210328.978113_ooi_z_v1_N22_160306.523733_ooi_z_v1_N22.diff.fits,0x0000,463,z,TEMPLATE,t,0.5115,1.197,0.11,3.635,22.321,4215.0,-2.5959999999999996,0.4453,978113
99,3906,1351,3,59304.008094,30.915,-52.23,18.44,0.57,9,0,-1.12e-06,3.955e-07,,,ec0915.210331.979132_ooi_z_v1_N22_160306.523733_ooi_z_v1_N22.diff.fits,0x0000,465,z,TEMPLATE,t,0.5342,1.207,0.1,4.205,22.455,2752.0,-1.12,0.3955,979132
99,3906,1351,3,59307.091802,30.915,-46.87,16.07,0.36,9,0,-1.005e-06,3.445e-07,,,ec0915.210403.980345_ooi_z_v1_N22_160306.523733_ooi_z_v1_N22.diff.fits,0x0000,467,z,TEMPLATE,t,0.5061,1.244,0.114,4.768,22.357,2177.0,-1.005,0.3445,980345
99,3906,1351,3,59512.377811,30.915,-38.91,35.07,0.32,9,6,-8.344e-07,7.521e-07,,,ec0915.211025.1046077_ooi_z_v1_N22_160306.523733_ooi_z_v1_N22.diff.fits,0x0000,480,z,TEMPLATE,t,0.5334,1.15,0.102,3.379,21.799,13643.0,-0.8344,0.7521,1046077
99,3906,1351,3,59570.324687,30.915,-61.49,15.48,0.56,9,0,-1.319e-06,3.319e-07,,,ec0915.211222.1064957_ooi_z_v1_N22_160306.523733_ooi_z_v1_N22.diff.fits,0x0000,498,z,TEMPLATE,t,0.5707,1.198,0.099,3.806,22.636,2504.0,-1.319,0.33190000000000003,1064957
99,3906,1351,3,59572.282599,30.915,8.21,16.1,0.86,9,6,1.76e-07,3.453e-07,,,ec0915.211224.1065702_ooi_z_v1_N22_160306.523733_ooi_z_v1_N22.diff.fits,0x0000,499,z,TEMPLATE,t,0.4824,1.241,0.131,3.245,22.627,2317.0,0.176,0.3453,1065702
99,3906,1351,3,59634.202353,30.915,-74.51,11.48,1.57,9,6,-1.598e-06,2.461e-07,,,ec0915.220224.1083414_ooi_z_v1_N22_160306.523733_ooi_z_v1_N22.diff.fits,0x0000,516,z,TEMPLATE,t,1.1791,1.539,0.299,3.317,23.07,6473.0,-1.598,0.2461,1083414
99,3906,1351,3,59899.356462,30.915,-68.92,32.17,1.96,9,6,-1.478e-06,6.9e-07,,,ec0915.221116.1150882_ooi_z_v1_N22_160306.523733_ooi_z_v1_N22.diff.fits,0x0000,538,z,TEMPLATE,t,0.5615,1.16,0.102,3.141,21.994,11086.0,-1.478,0.69,1150882
99,3906,1351,3,59948.227068,30.915,-46.14,18.41,0.58,9,3,-9.896e-07,3.947e-07,,,ec0915.230104.1162015_ooi_z_v1_N22_160306.523733_ooi_z_v1_N22.diff.fits,0x0000,545,z,TEMPLATE,t,0.4907,1.266,0.141,3.614,22.552,2640.0,-0.9896,0.3947,1162015
99,3906,1351,3,60126.974862,30.915,-129.2,25.1,0.98,9,9,-2.771e-06,5.383e-07,,,ec0915.230701.1217849_ooi_z_v1_N22_160306.523733_ooi_z_v1_N22.diff.fits,0x0000,576,z,TEMPLATE,t,0.5718,1.22,0.139,3.114,22.311,7670.0,-2.771,0.5383,1217849
99,3906,1351,3,60156.989461,30.915,-123.85,24.68,1.5,9,0,-2.656e-06,5.294e-07,,,ec0915.230731.1227300_ooi_z_v1_N22_160306.523733_ooi_z_v1_N22.diff.fits,0x0000,581,z,TEMPLATE,t,0.5727,1.161,0.088,4.474,21.851,7123.0,-2.656,0.5294,1227300
99,3906,1351,3,60361.185082,30.915,-65.18,30.54,1.62,9,6,-1.398e-06,6.549e-07,,,ec0915.240221.1278342_ooi_z_v1_N22_160306.523733_ooi_z_v1_N22.diff.fits,0x0000,612,z,TEMPLATE,t,0.3481,1.254,0.149,3.138,22.084,4002.0,-1.398,0.6548999999999999,1278342
99,3906,1351,3,60427.053895,30.915,-59.05,22.64,0.87,9,9,-1.266e-06,4.854e-07,,,ec0915.240427.1293150_ooi_z_v1_N22_160306.523733_ooi_z_v1_N22.diff.fits,0x0000,631,z,TEMPLATE,t,0.4412,1.246,0.141,3.114,22.273,4553.0,-1.266,0.48540000000000005,1293150
99,3906,1351,3,60486.991345,30.915,-161.8,14.78,2.09,9,0,-3.47e-06,3.169e-07,,,ec0915.240625.1305583_ooi_z_v1_N22_160306.523733_ooi_z_v1_N22.diff.fits,0x0000,648,z,TEMPLATE,t,0.5759,1.272,0.07,5.071,22.396,2469.0,-3.4699999999999998,0.31689999999999996,1305583
99,3906,1351,3,60508.01389,30.915,-175.66,26.41,0.52,9,0,-3.767e-06,5.663e-07,,,ec0915.240717.1312960_ooi_z_v1_N22_160306.523733_ooi_z_v1_N22.diff.fits,0x0000,657,z,TEMPLATE,t,0.5675,1.125,0.046,4.761,21.822,7694.0,-3.767,0.5663,1312960
99,3906,1351,3,60796.012609,30.915,-820.34,488.36,0.93,9,0,-1.759e-05,1.047e-05,,,ec0915.250501.1383216_ooi_z_v1_N22_160306.523733_ooi_z_v1_N22.diff.fits,0x0000,802,z,TEMPLATE,t,0.0156,1.095,0.048,4.827,18.41,2487.0,-17.59,10.469999999999999,1383216
99,3906,1351,3,60810.00515,30.915,-160.26,51.89,0.46,9,9,-3.437e-06,1.113e-06,,,ec0915.250515.1385416_ooi_z_v1_N22_160306.523733_ooi_z_v1_N22.diff.fits,0x0000,817,z,TEMPLATE,t,0.2462,1.214,0.108,2.67,21.572,6937.0,-3.437,1.113,1385416
99,3906,1351,3,60811.012032,30.915,-153.63,37.98,0.82,9,9,-3.295e-06,8.146e-07,,,ec0915.250516.1385995_ooi_z_v1_N22_160306.523733_ooi_z_v1_N22.diff.fits,0x0000,824,z,TEMPLATE,t,0.2676,1.351,0.182,2.819,21.901,4248.0,-3.295,0.8146,1385995
99,3906,1351,3,60836.034265,30.915,-186.81,30.04,1.02,9,0,-4.006e-06,6.442e-07,,,ec0915.250610.1395332_ooi_z_v1_N22_160306.523733_ooi_z_v1_N22.diff.fits,0x0000,845,z,TEMPLATE,t,0.4464,1.185,0.081,4.492,21.636,6836.0,-4.006,0.6442,1395332
99,3906,1351,3,60861.985881,30.915,,,,0,0,,,,,ec0915.250705.1404550_ooi_z_v1_N22_160306.523733_ooi_z_v1_N22.diff.fits,0x0000,861,z,TEMPLATE,t,0.0781,1.115,0.056,7.942,18.755,14860.0,,,1404550
99,3906,1351,3,60885.981919,30.915,-112.18,86.72,1.25,9,0,-2.406e-06,1.86e-06,,,ec0915.250729.1410882_ooi_z_v1_N22_160306.523733_ooi_z_v1_N22.diff.fits,0x0000,878,z,TEMPLATE,t,0.1174,1.156,0.081,5.031,20.453,4021.0,-2.406,1.8599999999999999,1410882
99,3906,1351,3,60891.978828,30.915,-129.23,60.94,0.8,9,3,-2.771e-06,1.307e-06,,,ec0915.250804.1411935_ooi_z_v1_N22_160306.523733_ooi_z_v1_N22.diff.fits,0x0000,882,z,TEMPLATE,t,0.2642,1.143,0.074,3.756,21.204,8976.0,-2.771,1.307,1411935
99,3906,1351,3,60988.321944,30.915,-319.68,17.37,1.46,9,0,-6.856e-06,3.725e-07,,,ec0915.251109.1433487_ooi_z_v1_N22_160306.523733_ooi_z_v1_N22.diff.fits,0x0000,923,z,TEMPLATE,t,0.545,1.532,0.233,4.536,22.309,3622.0,-6.856,0.3725,1433487
99,3906,1351,3,60997.332383,30.915,-228.9,29.78,0.74,9,6,-4.909e-06,6.386e-07,,,ec0915.251118.1436429_ooi_z_v1_N22_160306.523733_ooi_z_v1_N22.diff.fits,0x0000,936,z,TEMPLATE,t,0.2931,1.33,0.162,3.198,22.001,3094.0,-4.909,0.6386000000000001,1436429
99,3906,1351,3,61000.294623,30.915,1868.04,643.87,0.44,9,0,4.006e-05,1.381e-05,,,ec0915.251121.1437419_ooi_z_v1_N22_160306.523733_ooi_z_v1_N22.diff.fits,0x0000,940,z,TEMPLATE,t,0.0097,1.092,0.062,3.949,18.505,1654.0,40.06,13.81,1437419
99,3906,1351,3,61054.348165,30.915,-273.59,11.93,4.02,9,6,-5.867e-06,2.557e-07,,,ec0915.260114.1448793_ooi_z_v1_N22_160306.523733_ooi_z_v1_N22.diff.fits,0x0000,999,z,TEMPLATE,t,0.5609,1.611,0.263,3.106,23.245,1314.0,-5.867,0.2557,1448793
99,3906,1351,3,61111.243969,30.915,-265.27,13.17,1.78,9,0,-5.689e-06,2.824e-07,,,ec0915.260312.1462192_ooi_z_v1_N22_160306.523733_ooi_z_v1_N22.diff.fits,0x0000,1076,z,TEMPLATE,t,0.5703,1.382,0.135,4.012,22.768,1832.0,-5.689,0.2824,1462192
100,3896,1348,3,56341.289265,30.915,25.55,10.32,1.4,9,3,5.479e-07,2.214e-07,,,ec0915.130218.178885_ooi_z_N22_160306.523733_ooi_z_v1_N22.diff.fits,0x0000,10,z,TEMPLATE,t,0.8508,1.259,0.057,4.678,22.854,3300.0,0.5478999999999999,0.2214,178885
100,3896,1348,3,56341.291336,30.915,25.75,10.3,0.3,9,6,5.523e-07,2.209e-07,,,ec0915.130218.178886_ooi_z_N22_160306.523733_ooi_z_v1_N22.diff.fits,0x0000,11,z,TEMPLATE,t,0.8473,1.266,0.073,4.273,22.895,3347.0,0.5523,0.2209,178886
100,3896,1348,3,56360.209714,30.915,65.82,11.87,1.24,9,9,1.412e-06,2.546e-07,23.526,0.19583,ec0915.130309.184932_ooi_z_N22_160306.523733_ooi_z_v1_N22.diff.fits,0x0000,16,z,TEMPLATE,t,0.5299,1.501,0.167,2.985,23.119,1727.0,1.412,0.2546,184932
100,3896,1348,3,56418.977034,30.915,17.18,10.32,2.05,9,9,3.685e-07,2.213e-07,,,ec0915.130506.204629_ooi_z_v1_N22_160306.523733_ooi_z_v1_N22.diff.fits,0x0000,26,z,TEMPLATE,t,1.148,1.415,0.136,4.154,22.944,6628.0,0.3685,0.2213,204629
100,3896,1348,3,56487.988309,30.915,39.32,10.89,1.2,9,9,8.432e-07,2.335e-07,24.085,0.300674,ec0915.130714.218757_ooi_z_N22_160306.523733_ooi_z_v1_N22.diff.fits,0x0000,30,z,TEMPLATE,t,1.1066,1.401,0.139,4.132,22.883,6364.0,0.8432000000000001,0.23349999999999999,218757
100,3896,1348,3,56488.988287,30.915,-5.49,11.16,2.98,9,9,-1.176e-07,2.393e-07,,,ec0915.130715.219201_ooi_z_N22_160306.523733_ooi_z_v1_N22.diff.fits,0x0000,34,z,TEMPLATE,t,1.1771,1.424,0.157,3.539,23.022,6998.0,-0.1176,0.23929999999999998,219201
100,3896,1348,3,56489.013217,30.915,11.96,9.65,1.37,9,9,2.565e-07,2.07e-07,,,ec0915.130716.219213_ooi_z_N22_160306.523733_ooi_z_v1_N22.diff.fits,0x0000,38,z,TEMPLATE,t,1.1635,1.349,0.109,3.653,23.001,6723.0,0.2565,0.207,219213
100,3896,1348,3,56612.306942,30.915,30.79,11.54,1.63,9,3,6.603e-07,2.475e-07,,,ec0915.131116.254783_ooi_z_N22_160306.523733_ooi_z_v1_N22.diff.fits,0x0000,43,z,TEMPLATE,t,1.1224,1.313,0.078,4.868,22.731,6461.0,0.6603,0.24750000000000003,254783
100,3896,1348,3,56668.211483,30.915,42.76,8.03,1.48,9,9,9.171e-07,1.723e-07,23.994,0.203943,ec0915.140111.273124_ooi_z_N22_160306.523733_ooi_z_v1_N22.diff.fits,0x0000,47,z,TEMPLATE,t,1.172,1.495,0.158,3.611,23.257,4304.0,0.9171,0.1723,273124
100,3896,1348,3,56668.219813,30.915,63.11,8.96,1.51,9,6,1.353e-06,1.922e-07,23.572,0.15418,ec0915.140111.273128_ooi_z_N22_160306.523733_ooi_z_v1_N22.diff.fits,0x0000,51,z,TEMPLATE,t,1.1786,1.44,0.115,4.442,23.028,4385.0,1.353,0.19219999999999998,273128
100,3896,1348,3,56713.197028,30.915,22.13,10.11,0.94,9,9,4.747e-07,2.168e-07,,,ec0915.140225.288123_ooi_z_N22_160306.523733_ooi_z_v1_N22.diff.fits,0x0000,79,z,TEMPLATE,t,1.1672,1.419,0.125,3.898,23.153,5178.0,0.47469999999999996,0.21680000000000002,288123
100,3896,1348,3,56764.149481,30.915,41.55,10.73,0.81,9,9,8.911e-07,2.3e-07,24.025,0.280236,ec0915.140417.301623_ooi_z_v1_N22_160306.523733_ooi_z_v1_N22.diff.fits,0x0000,84,z,TEMPLATE,t,1.0992,1.466,0.159,3.443,23.118,5856.0,0.8911,0.22999999999999998,301623
100,3896,1348,3,56764.153625,30.915,18.87,9.91,0.67,9,9,4.047e-07,2.125e-07,,,ec0915.140417.301625_ooi_z_v1_N22_160306.523733_ooi_z_v1_N22.diff.fits,0x0000,86,z,TEMPLATE,t,1.0967,1.435,0.125,3.415,23.19,5889.0,0.4047,0.2125,301625
100,3896,1348,3,56814.091425,30.915,52.81,9.92,1.07,9,0,1.133e-06,2.127e-07,23.765,0.2039,ec0915.140606.320269_ooi_z_v1_N22_160306.523733_ooi_z_v1_N22.diff.fits,0x0000,89,z,TEMPLATE,t,1.1459,1.413,0.09,5.263,22.754,5333.0,1.133,0.2127,320269
100,3896,1348,3,56834.960611,30.915,36.08,11.67,0.43,9,3,7.738e-07,2.502e-07,24.178,0.351115,ec0915.140626.331029_ooi_z_v1_N22_160306.523733_ooi_z_v1_N22.diff.fits,0x0000,91,z,TEMPLATE,t,1.0967,1.452,0.12,4.69,22.667,7577.0,0.7738,0.2502,331029
100,3896,1348,3,56854.965339,30.915,17.16,12.52,1.08,9,6,3.681e-07,2.685e-07,,,ec0915.140716.337810_ooi_z_v1_N22_160306.523733_ooi_z_v1_N22.diff.fits,0x0000,99,z,TEMPLATE,t,1.0126,1.426,0.119,4.132,22.811,6947.0,0.36810000000000004,0.2685,337810
100,3896,1348,3,56998.316848,30.915,-34.9,10.94,1.21,9,9,-7.485e-07,2.347e-07,,,ec0915.141207.384681_ooi_z_v1_N22_160306.523733_ooi_z_v1_N22.diff.fits,0x0000,106,z,TEMPLATE,t,1.1284,1.229,0.117,3.559,22.939,6560.0,-0.7485,0.2347,384681
100,3896,1348,3,56998.321015,30.915,-29.6,10.58,0.92,9,9,-6.348e-07,2.268e-07,,,ec0915.141207.384683_ooi_z_v1_N22_160306.523733_ooi_z_v1_N22.diff.fits,0x0000,108,z,TEMPLATE,t,1.1258,1.196,0.077,4.304,22.778,6407.0,-0.6348,0.2268,384683
100,3896,1348,3,57026.228979,30.915,6.27,11.91,0.73,9,9,1.344e-07,2.554e-07,,,ec0915.150104.394285_ooi_z_v1_N22_160306.523733_ooi_z_v1_N22.diff.fits,0x0000,111,z,TEMPLATE,t,1.0335,1.269,0.148,3.39,22.831,6751.0,0.13440000000000002,0.2554,394285
100,3896,1348,3,57026.233149,30.915,-33.32,13.14,0.77,9,9,-7.145e-07,2.818e-07,,,ec0915.150104.394287_ooi_z_v1_N22_160306.523733_ooi_z_v1_N22.diff.fits,0x0000,113,z,TEMPLATE,t,1.0467,1.125,0.082,3.691,22.789,6901.0,-0.7145,0.2818,394287
100,3896,1348,3,57050.242086,30.915,2.14,9.03,1.41,9,6,4.589e-08,1.937e-07,,,ec0915.150128.403911_ooi_z_v1_N22_160306.523733_ooi_z_v1_N22.diff.fits,0x0000,118,z,TEMPLATE,t,0.9842,1.261,0.131,4.029,23.145,3149.0,0.04589,0.19369999999999998,403911
100,3896,1348,3,57053.240481,30.915,-31.92,10.26,1.1,9,9,-6.846e-07,2.2e-07,,,ec0915.150131.404893_ooi_z_v1_N22_160306.523733_ooi_z_v1_N22.diff.fits,0x0000,122,z,TEMPLATE,t,1.073,1.194,0.087,3.937,22.876,5245.0,-0.6846,0.22,404893
100,3896,1348,3,57056.260361,30.915,-31.97,10.84,0.89,9,9,-6.857e-07,2.324e-07,,,ec0915.150203.405992_ooi_z_ls9_N22_160306.523733_ooi_z_v1_N22.diff.fits,0x0000,126,z,TEMPLATE,t,1.1387,1.22,0.117,3.582,22.902,6587.0,-0.6857,0.2324,405992
100,3896,1348,3,57056.268626,30.915,-26.26,11.32,0.91,9,9,-5.631e-07,2.427e-07,,,ec0915.150203.405996_ooi_z_ls9_N22_160306.523733_ooi_z_v1_N22.diff.fits,0x0000,130,z,TEMPLATE,t,1.1421,1.042,0.093,3.48,22.867,7293.0,-0.5630999999999999,0.24270000000000003,405996
100,3896,1348,3,57083.233746,30.915,-15.47,10.18,0.32,9,9,-3.318e-07,2.182e-07,,,ec0915.150302.417215_ooi_z_v1_N22_160306.523733_ooi_z_v1_N22.diff.fits,0x0000,135,z,TEMPLATE,t,1.043,1.205,0.135,3.416,23.018,4875.0,-0.3318,0.2182,417215
100,3896,1348,3,57088.183133,30.915,-41.38,11.93,1.51,9,9,-8.875e-07,2.558e-07,,,ec0915.150307.419088_ooi_z_v1_N22_160306.523733_ooi_z_v1_N22.diff.fits,0x0000,136,z,TEMPLATE,t,1.0547,1.158,0.08,3.392,23.026,6188.0,-0.8875,0.2558,419088
100,3896,1348,3,57088.185779,30.915,-21.07,12.16,0.86,9,9,-4.519e-07,2.607e-07,,,ec0915.150307.419089_ooi_z_v1_N22_160306.523733_ooi_z_v1_N22.diff.fits,0x0000,137,z,TEMPLATE,t,1.0497,1.223,0.109,2.884,23.166,5927.0,-0.4519,0.2607,419089
100,3896,1348,3,57117.011808,30.915,-5.95,13.4,1.43,9,9,-1.277e-07,2.874e-07,,,ec0915.150405.429230_ooi_z_v1_N22_160306.523733_ooi_z_v1_N22.diff.fits,0x0000,143,z,TEMPLATE,t,1.0671,1.153,0.082,4.288,22.642,7571.0,-0.1277,0.2874,429230
100,3896,1348,3,57117.015936,30.915,38.96,12.12,1.31,9,6,8.355e-07,2.6e-07,24.095,0.337865,ec0915.150405.429232_ooi_z_v1_N22_160306.523733_ooi_z_v1_N22.diff.fits,0x0000,145,z,TEMPLATE,t,1.0619,1.19,0.061,4.641,22.633,6637.0,0.8355,0.26,429232
100,3896,1348,3,57139.0088,30.915,-23.28,12.09,2.96,9,0,-4.993e-07,2.593e-07,,,ec0915.150427.437746_ooi_z_v1_N22_160306.523733_ooi_z_v1_N22.diff.fits,0x0000,151,z,TEMPLATE,t,1.041,1.249,0.072,5.414,22.529,5505.0,-0.4993,0.2593,437746
100,3896,1348,3,57171.013911,30.915,-402.77,249.67,2.63,9,9,-8.638e-06,5.354e-06,,,ec0915.150529.443410_ooi_z_v1_N22_160306.523733_ooi_z_v1_N22.diff.fits,0x0000,153,z,TEMPLATE,t,0.0897,1.165,0.048,4.037,19.422,24525.0,-8.638,5.354,443410
100,3896,1348,3,57171.018007,30.915,-84.48,237.14,1.12,9,9,-1.812e-06,5.086e-06,,,ec0915.150529.443412_ooi_z_v1_N22_160306.523733_ooi_z_v1_N22.diff.fits,0x0000,155,z,TEMPLATE,t,0.0982,1.177,0.056,3.466,19.689,24114.0,-1.812,5.086,443412
100,3896,1348,3,57171.117306,30.915,989.36,763.18,1.39,9,9,2.122e-05,1.637e-05,,,ec0915.150529.443454_ooi_z_v1_N22_160306.523733_ooi_z_v1_N22.diff.fits,0x0000,157,z,TEMPLATE,t,0.0325,1.214,0.051,3.988,18.396,27448.0,21.22,16.37,443454
100,3896,1348,3,57171.121418,30.915,-255.12,1047.48,1.81,9,9,-5.471e-06,2.246e-05,,,ec0915.150529.443456_ooi_z_v1_N22_160306.523733_ooi_z_v1_N22.diff.fits,0x0000,159,z,TEMPLATE,t,0.0241,1.205,0.059,3.624,18.227,28127.0,-5.471,22.459999999999997,443456
100,3896,1348,3,57198.960089,30.915,-15.45,14.28,0.42,9,3,-3.313e-07,3.063e-07,,,ec0915.150625.453952_ooi_z_v1_N22_160306.523733_ooi_z_v1_N22.diff.fits,0x0000,164,z,TEMPLATE,t,1.0789,1.109,0.062,4.714,22.377,10108.0,-0.3313,0.30629999999999996,453952
100,3896,1348,3,57198.965698,30.915,-17.9,14.77,0.73,9,6,-3.839e-07,3.167e-07,,,ec0915.150625.453955_ooi_z_v1_N22_160306.523733_ooi_z_v1_N22.diff.fits,0x0000,167,z,TEMPLATE,t,1.0696,1.223,0.064,4.277,22.481,10187.0,-0.38389999999999996,0.31670000000000004,453955
100,3896,1348,3,57199.005294,30.915,-34.71,13.13,0.38,9,6,-7.443e-07,2.815e-07,,,ec0915.150626.453976_ooi_z_v1_N22_160306.523733_ooi_z_v1_N22.diff.fits,0x0000,170,z,TEMPLATE,t,1.0649,1.202,0.083,4.295,22.633,7612.0,-0.7443,0.28150000000000003,453976
100,3896,1348,3,57387.340403,30.915,30.53,11.02,0.46,9,9,6.548e-07,2.364e-07,,,ec0915.151231.507220_ooi_z_v1_N22_160306.523733_ooi_z_v1_N22.diff.fits,0x0000,176,z,TEMPLATE,t,1.0642,1.234,0.126,3.164,23.086,5609.0,0.6547999999999999,0.2364,507220
100,3896,1348,3,57388.334629,30.915,3.57,9.45,0.83,9,9,7.648e-08,2.027e-07,,,ec0915.160101.507561_ooi_z_v1_N22_160306.523733_ooi_z_v1_N22.diff.fits,0x0000,180,z,TEMPLATE,t,1.0844,1.228,0.102,3.599,23.14,4209.0,0.07647999999999999,0.20270000000000002,507561
100,3896,1348,3,57443.170926,30.915,12.36,11.72,1.24,9,9,2.651e-07,2.513e-07,,,ec0915.160225.519763_ooi_z_v1_N22_160306.523733_ooi_z_v1_N22.diff.fits,0x0000,183,z,TEMPLATE,t,1.0313,1.116,0.072,3.975,22.746,6057.0,0.2651,0.25129999999999997,519763
100,3896,1348,3,57443.175066,30.915,-5.36,11.51,1.77,9,6,-1.15e-07,2.469e-07,,,ec0915.160225.519765_ooi_z_v1_N22_160306.523733_ooi_z_v1_N22.diff.fits,0x0000,185,z,TEMPLATE,t,1.0353,1.109,0.06,4.579,22.596,5911.0,-0.11499999999999999,0.2469,519765
100,3896,1348,3,57452.205272,30.915,-0.87,12.18,1.22,9,9,-1.874e-08,2.612e-07,,,ec0915.160305.523437_ooi_z_v1_N22_160306.523733_ooi_z_v1_N22.diff.fits,0x0000,187,z,TEMPLATE,t,1.0771,1.286,0.146,2.451,23.522,4633.0,-0.01874,0.2612,523437
100,3896,1348,3,57535.95023,30.915,-73.15,40.88,1.86,9,9,-1.569e-06,8.766e-07,,,ec0915.160527.545715_ooi_z_v1_N22_160306.523733_ooi_z_v1_N22.diff.fits,0x0000,190,z,TEMPLATE,t,0.3206,1.151,0.067,3.798,21.456,7315.0,-1.569,0.8766,545715
100,3896,1348,3,57535.954356,30.915,-26.88,38.38,0.51,9,6,-5.764e-07,8.23e-07,,,ec0915.160527.545717_ooi_z_v1_N22_160306.523733_ooi_z_v1_N22.diff.fits,0x0000,192,z,TEMPLATE,t,0.3243,1.121,0.056,4.145,21.475,5947.0,-0.5764,0.823,545717
100,3896,1348,3,57535.991722,30.915,-47.46,12.73,1.19,9,6,-1.018e-06,2.73e-07,,,ec0915.160527.545735_ooi_z_v1_N22_160306.523733_ooi_z_v1_N22.diff.fits,0x0000,194,z,TEMPLATE,t,0.8908,1.309,0.092,4.077,22.828,4546.0,-1.018,0.273,545735
100,3896,1348,3,57535.995867,30.915,-45.99,11.09,0.86,9,9,-9.864e-07,2.379e-07,,,ec0915.160527.545737_ooi_z_v1_N22_160306.523733_ooi_z_v1_N22.diff.fits,0x0000,196,z,TEMPLATE,t,0.9992,1.236,0.106,3.527,22.982,4803.0,-0.9863999999999999,0.2379,545737
100,3896,1348,3,57545.965079,30.915,1.23,15.94,1.76,9,6,2.645e-08,3.419e-07,,,ec0915.160606.547142_ooi_z_v1_N22_160306.523733_ooi_z_v1_N22.diff.fits,0x0000,206,z,TEMPLATE,t,0.5751,1.139,0.076,4.454,22.464,3034.0,0.026449999999999998,0.34190000000000004,547142
100,3896,1348,3,57566.040208,30.915,-21.96,14.99,0.93,9,6,-4.709e-07,3.215e-07,,,ec0915.160627.549002_ooi_z_v1_N22_160306.523733_ooi_z_v1_N22.diff.fits,0x0000,210,z,TEMPLATE,t,0.9597,1.114,0.072,4.658,22.451,8142.0,-0.47090000000000004,0.3215,549002
100,3896,1348,3,57764.169856,30.915,-39.17,11.7,0.99,9,9,-8.399e-07,2.51e-07,,,ec0915.170111.608550_ooi_z_v1_N22_160306.523733_ooi_z_v1_N22.diff.fits,0x0000,213,z,TEMPLATE,t,1.0318,1.268,0.139,3.199,23.075,5482.0,-0.8399,0.251,608550
100,3896,1348,3,57764.173997,30.915,-3.98,12.14,1.49,9,9,-8.534e-08,2.604e-07,,,ec0915.170111.608552_ooi_z_v1_N22_160306.523733_ooi_z_v1_N22.diff.fits,0x0000,215,z,TEMPLATE,t,1.039,1.151,0.106,3.214,23.05,5620.0,-0.08534,0.26039999999999996,608552
100,3896,1348,3,57769.284073,30.915,-28.01,9.8,2.67,9,9,-6.007e-07,2.102e-07,,,ec0915.170116.609360_ooi_z_v1_N22_160306.523733_ooi_z_v1_N22.diff.fits,0x0000,217,z,TEMPLATE,t,1.0338,1.183,0.119,3.18,23.349,4050.0,-0.6007,0.2102,609360
100,3896,1348,3,57769.288221,30.915,-30.91,10.36,0.48,9,9,-6.628e-07,2.221e-07,,,ec0915.170116.609362_ooi_z_v1_N22_160306.523733_ooi_z_v1_N22.diff.fits,0x0000,219,z,TEMPLATE,t,1.0319,1.156,0.125,3.214,23.332,4079.0,-0.6628000000000001,0.22210000000000002,609362
100,3896,1348,3,57794.308614,30.915,-40.3,10.21,1.05,9,9,-8.643e-07,2.189e-07,,,ec0915.170210.619020_ooi_z_v1_N22_160306.523733_ooi_z_v1_N22.diff.fits,0x0000,231,z,TEMPLATE,t,1.0675,1.149,0.1,3.599,22.954,5829.0,-0.8643000000000001,0.2189,619020
100,3896,1348,3,57795.317714,30.915,-22.59,12.82,0.89,9,9,-4.845e-07,2.75e-07,,,ec0915.170211.619366_ooi_z_v1_N22_160306.523733_ooi_z_v1_N22.diff.fits,0x0000,233,z,TEMPLATE,t,1.0286,1.208,0.115,2.859,23.098,6629.0,-0.4845,0.275,619366
100,3896,1348,3,57798.077705,30.915,-30.73,11.63,0.24,9,9,-6.59e-07,2.493e-07,,,ec0915.170214.620291_ooi_z_v1_N22_160306.523733_ooi_z_v1_N22.diff.fits,0x0000,235,z,TEMPLATE,t,0.9631,1.165,0.11,3.29,22.936,5922.0,-0.6589999999999999,0.2493,620291
100,3896,1348,3,57822.338331,30.915,-22.96,13.2,0.61,9,9,-4.924e-07,2.83e-07,,,ec0915.170310.628200_ooi_z_v1_N22_160306.523733_ooi_z_v1_N22.diff.fits,0x0000,237,z,TEMPLATE,t,0.9992,1.127,0.081,3.576,22.797,7326.0,-0.49240000000000006,0.283,628200
100,3896,1348,3,57822.342476,30.915,-44.12,14.41,0.92,9,9,-9.461e-07,3.09e-07,,,ec0915.170310.628202_ooi_z_v1_N22_160306.523733_ooi_z_v1_N22.diff.fits,0x0000,239,z,TEMPLATE,t,0.9893,1.057,0.061,4.175,22.591,7749.0,-0.9461,0.309,628202
100,3896,1348,3,57824.277361,30.915,-36.44,12.32,0.9,9,9,-7.814e-07,2.642e-07,,,ec0915.170312.628814_ooi_z_v1_N22_160306.523733_ooi_z_v1_N22.diff.fits,0x0000,241,z,TEMPLATE,t,1.0506,1.067,0.073,3.807,22.77,7544.0,-0.7814000000000001,0.2642,628814
100,3896,1348,3,57824.281503,30.915,-16.75,12.04,0.88,9,9,-3.593e-07,2.582e-07,,,ec0915.170312.628816_ooi_z_v1_N22_160306.523733_ooi_z_v1_N22.diff.fits,0x0000,243,z,TEMPLATE,t,1.0475,1.22,0.097,3.347,22.952,6645.0,-0.3593,0.25820000000000004,628816
100,3896,1348,3,57847.124307,30.915,-34.31,11.04,0.8,9,9,-7.359e-07,2.367e-07,,,ec0915.170404.636946_ooi_z_v1_N22_160306.523733_ooi_z_v1_N22.diff.fits,0x0000,252,z,TEMPLATE,t,1.0078,1.244,0.131,3.534,23.1,4387.0,-0.7359,0.2367,636946
100,3896,1348,3,57848.992872,30.915,-14.94,13.14,1.03,9,9,-3.204e-07,2.818e-07,,,ec0915.170405.637489_ooi_z_v1_N22_160306.523733_ooi_z_v1_N22.diff.fits,0x0000,255,z,TEMPLATE,t,1.0116,1.165,0.1,3.387,22.831,7297.0,-0.32039999999999996,0.2818,637489
100,3896,1348,3,57872.960558,30.915,-40.5,13.3,0.74,9,9,-8.686e-07,2.852e-07,,,ec0915.170429.645088_ooi_z_v1_N22_160306.523733_ooi_z_v1_N22.diff.fits,0x0000,256,z,TEMPLATE,t,1.1067,1.318,0.153,2.628,23.096,8900.0,-0.8686,0.2852,645088
100,3896,1348,3,57872.960558,30.915,-41.88,13.48,0.86,9,9,-8.981e-07,2.891e-07,,,ec0915.170429.645088_ooi_z_vx_N22_160306.523733_ooi_z_v1_N22.diff.fits,0x0000,257,z,TEMPLATE,t,1.14,1.297,0.163,2.627,23.073,9226.0,-0.8981,0.2891,645088
100,3896,1348,3,57874.962088,30.915,-54.89,39.76,0.69,9,9,-1.177e-06,8.528e-07,,,ec0915.170501.646110_ooi_z_v1_N22_160306.523733_ooi_z_v1_N22.diff.fits,0x0000,270,z,TEMPLATE,t,0.4218,0.813,0.05,3.56,21.55,11604.0,-1.1769999999999998,0.8528,646110
100,3896,1348,3,57874.96623,30.915,-149.22,49.27,0.35,9,9,-3.2e-06,1.057e-06,,,ec0915.170501.646112_ooi_z_vx_N22_160306.523733_ooi_z_v1_N22.diff.fits,0x0000,273,z,TEMPLATE,t,0.2792,1.081,0.064,3.558,21.265,8303.0,-3.1999999999999997,1.057,646112
100,3896,1348,3,57874.96623,30.915,-179.82,48.45,0.49,9,9,-3.856e-06,1.039e-06,,,ec0915.170501.646112_ooi_z_v1_N22_160306.523733_ooi_z_v1_N22.diff.fits,0x0000,272,z,TEMPLATE,t,0.2716,1.088,0.062,3.558,21.271,8234.0,-3.856,1.039,646112
100,3896,1348,3,57875.014571,30.915,-14.08,36.62,0.58,9,9,-3.02e-07,7.854e-07,,,ec0915.170502.646135_ooi_z_v1_N22_160306.523733_ooi_z_v1_N22.diff.fits,0x0000,275,z,TEMPLATE,t,0.3539,1.104,0.064,3.521,21.657,7497.0,-0.302,0.7854,646135
100,3896,1348,3,57875.018706,30.915,-29.06,27.14,0.7,9,9,-6.233e-07,5.821e-07,,,ec0915.170502.646137_ooi_z_v1_N22_160306.523733_ooi_z_v1_N22.diff.fits,0x0000,278,z,TEMPLATE,t,0.4891,1.167,0.081,3.247,22.174,6770.0,-0.6233000000000001,0.5821,646137
100,3896,1348,3,57875.018706,30.915,-36.08,27.83,0.62,9,9,-7.737e-07,5.969e-07,,,ec0915.170502.646137_ooi_z_vx_N22_160306.523733_ooi_z_v1_N22.diff.fits,0x0000,279,z,TEMPLATE,t,0.5031,1.109,0.082,3.247,22.145,7140.0,-0.7737,0.5969,646137
100,3896,1348,3,57875.081054,30.915,-6.96,39.71,0.87,9,9,-1.493e-07,8.515e-07,,,ec0915.170502.646165_ooi_z_v1_N22_160306.523733_ooi_z_v1_N22.diff.fits,0x0000,282,z,TEMPLATE,t,0.314,1.116,0.069,3.34,21.62,7054.0,-0.1493,0.8515,646165
100,3896,1348,3,57875.085195,30.915,-52.12,15.81,0.82,9,9,-1.118e-06,3.39e-07,,,ec0915.170502.646167_ooi_z_v1_N22_160306.523733_ooi_z_v1_N22.diff.fits,0x0000,284,z,TEMPLATE,t,0.7859,1.128,0.089,3.35,22.666,6214.0,-1.1179999999999999,0.339,646167
100,3896,1348,3,57875.122515,30.915,-39.91,24.13,0.72,9,9,-8.559e-07,5.176e-07,,,ec0915.170502.646185_ooi_z_v1_N22_160306.523733_ooi_z_v1_N22.diff.fits,0x0000,286,z,TEMPLATE,t,0.5261,0.991,0.076,3.058,22.295,6557.0,-0.8559,0.5176000000000001,646185
100,3896,1348,3,57875.126648,30.915,-46.24,22.09,0.18,9,9,-9.916e-07,4.738e-07,,,ec0915.170502.646187_ooi_z_v1_N22_160306.523733_ooi_z_v1_N22.diff.fits,0x0000,288,z,TEMPLATE,t,0.5093,1.192,0.085,3.171,22.342,5378.0,-0.9915999999999999,0.4738,646187
100,3896,1348,3,57888.146212,30.915,-72.02,10.98,0.65,9,0,-1.545e-06,2.354e-07,,,ec0915.170515.648397_ooi_z_v1_N22_160306.523733_ooi_z_v1_N22.diff.fits,0x0000,290,z,TEMPLATE,t,1.026,1.134,0.061,5.728,22.558,4880.0,-1.545,0.2354,648397
100,3896,1348,3,57888.150335,30.915,-94.0,10.77,0.6,9,0,-2.016e-06,2.31e-07,,,ec0915.170515.648399_ooi_z_v1_N22_160306.523733_ooi_z_v1_N22.diff.fits,0x0000,292,z,TEMPLATE,t,1.0271,1.289,0.057,5.92,22.593,4268.0,-2.016,0.23099999999999998,648399
100,3896,1348,3,57935.020929,30.915,-21.3,10.19,0.93,9,9,-4.568e-07,2.185e-07,,,ec0915.170701.657445_ooi_z_vx_N22_160306.523733_ooi_z_v1_N22.diff.fits,0x0000,299,z,TEMPLATE,t,1.1345,1.232,0.13,3.547,23.0,5851.0,-0.45680000000000004,0.2185,657445
100,3896,1348,3,57950.995174,30.915,-19.55,13.8,0.47,9,0,-4.194e-07,2.959e-07,,,ec0915.170716.659072_ooi_z_v1_N22_160306.523733_ooi_z_v1_N22.diff.fits,0x0000,306,z,TEMPLATE,t,1.11,0.929,0.039,7.027,22.172,8578.0,-0.4194,0.2959,659072
100,3896,1348,3,58183.117442,30.915,7.33,10.53,1.59,9,9,1.573e-07,2.259e-07,,,ec0915.180306.727448_ooi_z_v1_N22_160306.523733_ooi_z_v1_N22.diff.fits,0x0000,312,z,TEMPLATE,t,0.9792,1.336,0.067,4.321,22.804,4442.0,0.15730000000000002,0.22590000000000002,727448
100,3896,1348,3,58183.121555,30.915,-14.03,12.69,0.76,9,9,-3.01e-07,2.721e-07,,,ec0915.180306.727450_ooi_z_v1_N22_160306.523733_ooi_z_v1_N22.diff.fits,0x0000,314,z,TEMPLATE,t,0.9745,1.099,0.082,3.827,22.829,5524.0,-0.301,0.2721,727450
100,3896,1348,3,58184.03864,30.915,-2.63,11.77,1.08,9,0,-5.635e-08,2.525e-07,,,ec0915.180307.727589_ooi_z_v1_N22_160306.523733_ooi_z_v1_N22.diff.fits,0x0000,316,z,TEMPLATE,t,0.8599,1.178,0.078,5.158,22.516,4545.0,-0.05635,0.2525,727589
100,3896,1348,3,58225.986333,30.915,-11.09,12.17,0.64,9,3,-2.378e-07,2.609e-07,,,ec0915.180417.736458_ooi_z_v1_N22_160306.523733_ooi_z_v1_N22.diff.fits,0x0000,327,z,TEMPLATE,t,0.9652,1.246,0.077,4.831,22.505,5784.0,-0.2378,0.2609,736458
100,3896,1348,3,58232.983204,30.915,2.43,13.23,1.23,9,9,5.211e-08,2.838e-07,,,ec0915.180424.738618_ooi_z_v1_N22_160306.523733_ooi_z_v1_N22.diff.fits,0x0000,331,z,TEMPLATE,t,1.0633,1.157,0.103,3.779,22.758,7453.0,0.052110000000000004,0.2838,738618
100,3896,1348,3,58246.003574,30.915,-28.93,21.54,1.15,9,6,-6.205e-07,4.619e-07,,,ec0915.180508.743629_ooi_z_v1_N22_160306.523733_ooi_z_v1_N22.diff.fits,0x0000,335,z,TEMPLATE,t,0.7157,1.113,0.065,4.337,22.078,9437.0,-0.6205,0.4619,743629
100,3896,1348,3,58261.080086,30.915,-10.98,15.67,0.22,9,9,-2.354e-07,3.36e-07,,,ec0915.180523.750068_ooi_z_v1_N22_160306.523733_ooi_z_v1_N22.diff.fits,0x0000,339,z,TEMPLATE,t,1.0482,0.963,0.094,3.406,22.75,9810.0,-0.2354,0.33599999999999997,750068
100,3896,1348,3,58261.088392,30.915,-34.47,13.61,1.31,9,9,-7.391e-07,2.919e-07,,,ec0915.180523.750072_ooi_z_v1_N22_160306.523733_ooi_z_v1_N22.diff.fits,0x0000,343,z,TEMPLATE,t,1.0415,1.169,0.117,3.008,22.974,8140.0,-0.7391000000000001,0.2919,750072
100,3896,1348,3,58313.979667,30.915,-16.69,11.96,0.37,9,9,-3.58e-07,2.565e-07,,,ec0915.180714.755609_ooi_z_v1_N22_160306.523733_ooi_z_v1_N22.diff.fits,0x0000,345,z,TEMPLATE,t,1.1382,1.002,0.082,4.134,22.713,8411.0,-0.358,0.2565,755609
100,3896,1348,3,58313.987958,30.915,-27.99,11.34,1.51,9,9,-6.002e-07,2.433e-07,,,ec0915.180714.755613_ooi_z_v1_N22_160306.523733_ooi_z_v1_N22.diff.fits,0x0000,349,z,TEMPLATE,t,1.1318,1.09,0.078,3.788,22.871,7802.0,-0.6002,0.24330000000000002,755613
100,3896,1348,3,58483.310826,30.915,-27.96,8.95,0.59,9,9,-5.996e-07,1.92e-07,,,ec0915.181231.807723_ooi_z_v1_N22_160306.523733_ooi_z_v1_N22.diff.fits,0x0000,358,z,TEMPLATE,t,1.1382,1.454,0.173,3.529,23.237,4204.0,-0.5996,0.192,807723
100,3896,1348,3,58536.294128,30.915,-15.01,16.34,1.45,9,9,-3.218e-07,3.503e-07,,,ec0915.190222.826209_ooi_z_v1_N22_160306.523733_ooi_z_v1_N22.diff.fits,0x0000,363,z,TEMPLATE,t,0.5223,1.125,0.124,2.835,22.823,2881.0,-0.3218,0.3503,826209
100,3896,1348,3,58542.172304,30.915,-33.2,9.46,1.39,9,9,-7.119e-07,2.029e-07,,,ec0915.190228.828459_ooi_z_v1_N22_160306.523733_ooi_z_v1_N22.diff.fits,0x0000,367,z,TEMPLATE,t,1.026,1.087,0.14,3.159,23.342,3542.0,-0.7119,0.2029,828459
100,3896,1348,3,58572.222637,30.915,-25.42,10.0,0.66,9,9,-5.451e-07,2.144e-07,,,ec0915.190330.843689_ooi_z_v1_N22_160306.523733_ooi_z_v1_N22.diff.fits,0x0000,384,z,TEMPLATE,t,1.2018,1.172,0.105,4.127,23.009,5136.0,-0.5451,0.21439999999999998,843689
100,3896,1348,3,58572.226441,30.915,,,,0,0,,,,,ec0915.190330.843690_ooi_z_v1_N22_160306.523733_ooi_z_v1_N22.diff.fits,0x0000,385,z,TEMPLATE,t,0.8292,1.115,0.072,4.453,22.559,5193.0,,,843690
100,3896,1348,3,58572.230237,30.915,16.33,15.03,0.55,9,9,3.502e-07,3.224e-07,,,ec0915.190330.843691_ooi_z_v1_N22_160306.523733_ooi_z_v1_N22.diff.fits,0x0000,386,z,TEMPLATE,t,0.6732,1.234,0.089,4.04,22.442,4903.0,0.3502,0.32239999999999996,843691
100,3896,1348,3,58572.234037,30.915,22.35,23.35,1.6,9,6,4.792e-07,5.008e-07,,,ec0915.190330.843692_ooi_z_v1_N22_160306.523733_ooi_z_v1_N22.diff.fits,0x0000,387,z,TEMPLATE,t,0.5142,1.044,0.056,4.479,21.994,5216.0,0.4792,0.5008,843692
100,3896,1348,3,58572.237846,30.915,-11.46,22.79,1.51,9,9,-2.459e-07,4.887e-07,,,ec0915.190330.843693_ooi_z_v1_N22_160306.523733_ooi_z_v1_N22.diff.fits,0x0000,388,z,TEMPLATE,t,0.4535,1.115,0.069,4.214,21.987,4793.0,-0.2459,0.48869999999999997,843693
100,3896,1348,3,58578.206222,30.915,-17.45,12.28,0.56,9,9,-3.741e-07,2.634e-07,,,ec0915.190405.846168_ooi_z_v1_N22_160306.523733_ooi_z_v1_N22.diff.fits,0x0000,392,z,TEMPLATE,t,1.0249,0.832,0.109,3.986,22.804,6648.0,-0.3741,0.26339999999999997,846168
100,3896,1348,3,58639.02291,30.915,-38.48,36.61,1.18,9,9,-8.252e-07,7.851e-07,,,ec0915.190605.862065_ooi_z_v1_N22_160306.523733_ooi_z_v1_N22.diff.fits,0x0000,396,z,TEMPLATE,t,0.4406,0.878,0.063,3.587,21.698,9151.0,-0.8251999999999999,0.7851,862065
100,3896,1348,3,58691.95826,30.915,-39.09,35.75,0.44,9,9,-8.384e-07,7.668e-07,,,ec0915.190727.879486_ooi_z_v1_N22_160306.523733_ooi_z_v1_N22.diff.fits,0x0000,397,z,TEMPLATE,t,0.6597,1.016,0.066,4.036,21.499,27221.0,-0.8384,0.7668,879486
100,3896,1348,3,58818.262285,30.915,-50.22,12.88,1.09,9,9,-1.077e-06,2.762e-07,,,ec0915.191201.912644_ooi_z_vx_N22_160306.523733_ooi_z_v1_N22.diff.fits,0x0000,406,z,TEMPLATE,t,1.1264,1.31,0.152,3.599,22.872,7481.0,-1.077,0.2762,912644
100,3896,1348,3,58818.262285,30.915,-27.18,13.09,1.1,9,9,-5.829e-07,2.808e-07,,,ec0915.191201.912644_ooi_z_v1_N22_160306.523733_ooi_z_v1_N22.diff.fits,0x0000,405,z,TEMPLATE,t,1.1253,1.157,0.085,3.6,22.863,7593.0,-0.5829,0.28080000000000005,912644
100,3896,1348,3,58818.27059,30.915,-34.67,12.01,0.55,9,9,-7.436e-07,2.576e-07,,,ec0915.191201.912648_ooi_z_v1_N22_160306.523733_ooi_z_v1_N22.diff.fits,0x0000,410,z,TEMPLATE,t,1.1387,1.094,0.103,3.313,22.974,7022.0,-0.7435999999999999,0.2576,912648
100,3896,1348,3,58840.279334,30.915,-28.27,9.27,1.47,9,9,-6.062e-07,1.987e-07,,,ec0915.191223.921762_ooi_z_v1_N22_160306.523733_ooi_z_v1_N22.diff.fits,0x0000,414,z,TEMPLATE,t,1.1448,1.315,0.161,3.23,23.351,4028.0,-0.6062,0.1987,921762
100,3896,1348,3,58840.287634,30.915,-15.54,9.44,0.45,9,9,-3.333e-07,2.025e-07,,,ec0915.191223.921766_ooi_z_v1_N22_160306.523733_ooi_z_v1_N22.diff.fits,0x0000,418,z,TEMPLATE,t,1.1553,1.201,0.15,2.968,23.373,4317.0,-0.3333,0.20249999999999999,921766
100,3896,1348,3,58840.363289,30.915,-55.1,18.38,1.01,9,9,-1.182e-06,3.942e-07,,,ec0915.191223.921802_ooi_z_v1_N22_160306.523733_ooi_z_v1_N22.diff.fits,0x0000,422,z,TEMPLATE,t,0.5851,1.226,0.129,2.65,22.756,4509.0,-1.1820000000000002,0.39420000000000005,921802
100,3896,1348,3,58848.301947,30.915,-28.13,10.83,0.44,9,9,-6.033e-07,2.323e-07,,,ec0915.191231.923831_ooi_z_v1_N22_160306.523733_ooi_z_v1_N22.diff.fits,0x0000,426,z,TEMPLATE,t,1.1973,1.426,0.21,2.611,23.578,4309.0,-0.6033000000000001,0.2323,923831
100,3896,1348,3,58848.31023,30.915,-2.53,8.94,0.5,9,9,-5.436e-08,1.917e-07,,,ec0915.191231.923835_ooi_z_v1_N22_160306.523733_ooi_z_v1_N22.diff.fits,0x0000,430,z,TEMPLATE,t,1.2048,1.259,0.133,3.537,23.364,4099.0,-0.05436,0.1917,923835
100,3896,1348,3,58848.348661,30.915,-43.22,11.89,0.74,9,9,-9.269e-07,2.55e-07,,,ec0915.191231.923853_ooi_z_v1_N22_160306.523733_ooi_z_v1_N22.diff.fits,0x0000,432,z,TEMPLATE,t,0.5858,1.305,0.178,2.912,23.094,2111.0,-0.9269,0.255,923853
100,3896,1348,3,58870.169795,30.915,-27.5,10.41,0.59,9,6,-5.898e-07,2.233e-07,,,ec0915.200122.925785_ooi_z_v1_N22_160306.523733_ooi_z_v1_N22.diff.fits,0x0000,436,z,TEMPLATE,t,1.056,1.196,0.111,3.884,22.984,5016.0,-0.5898,0.2233,925785
100,3896,1348,3,58877.17514,30.915,-0.85,10.25,1.65,9,6,-1.824e-08,2.198e-07,,,ec0915.200129.927465_ooi_z_v1_N22_160306.523733_ooi_z_v1_N22.diff.fits,0x0000,440,z,TEMPLATE,t,1.0048,1.181,0.094,4.728,22.772,4312.0,-0.01824,0.2198,927465
100,3896,1348,3,58905.154089,30.915,-25.39,8.9,0.91,9,9,-5.446e-07,1.909e-07,,,ec0915.200226.938759_ooi_z_v1_N22_160306.523733_ooi_z_v1_N22.diff.fits,0x0000,444,z,TEMPLATE,t,1.1088,1.238,0.13,3.857,23.09,4273.0,-0.5446000000000001,0.1909,938759
100,3896,1348,3,59146.349303,30.915,-35.86,11.36,1.07,9,6,-7.691e-07,2.435e-07,,,ec0915.201024.948166_ooi_z_v1_N22_160306.523733_ooi_z_v1_N22.diff.fits,0x0000,448,z,TEMPLATE,t,1.1096,1.213,0.112,4.401,22.807,6017.0,-0.7691,0.24349999999999997,948166
100,3896,1348,3,59176.305734,30.915,-82.4,10.79,0.94,9,9,-1.767e-06,2.313e-07,,,ec0915.201123.957181_ooi_z_v1_N22_160306.523733_ooi_z_v1_N22.diff.fits,0x0000,452,z,TEMPLATE,t,1.1309,1.408,0.209,3.806,23.004,5426.0,-1.767,0.2313,957181
100,3896,1348,3,59236.261521,30.915,-36.09,10.97,0.49,9,3,-7.74e-07,2.353e-07,,,ec0915.210122.958768_ooi_z_v1_N22_160306.523733_ooi_z_v1_N22.diff.fits,0x0000,455,z,TEMPLATE,t,1.0432,1.468,0.226,4.415,22.848,4910.0,-0.774,0.2353,958768
100,3896,1348,3,59301.045653,30.915,-70.4,20.11,1.61,9,9,-1.51e-06,4.312e-07,,,ec0915.210328.978113_ooi_z_v1_N22_160306.523733_ooi_z_v1_N22.diff.fits,0x0000,463,z,TEMPLATE,t,0.5115,1.197,0.11,3.635,22.321,4215.0,-1.51,0.43119999999999997,978113
100,3896,1348,3,59304.008094,30.915,-50.54,15.76,0.45,9,9,-1.084e-06,3.381e-07,,,ec0915.210331.979132_ooi_z_v1_N22_160306.523733_ooi_z_v1_N22.diff.fits,0x0000,465,z,TEMPLATE,t,0.5342,1.207,0.1,4.205,22.455,2752.0,-1.0839999999999999,0.3381,979132
100,3896,1348,3,59307.091802,30.915,-42.17,16.42,0.86,9,3,-9.043e-07,3.522e-07,,,ec0915.210403.980345_ooi_z_v1_N22_160306.523733_ooi_z_v1_N22.diff.fits,0x0000,467,z,TEMPLATE,t,0.5061,1.244,0.114,4.768,22.357,2177.0,-0.9043,0.3522,980345
100,3896,1348,3,59512.377811,30.915,-69.93,32.33,1.65,9,9,-1.5e-06,6.934e-07,,,ec0915.211025.1046077_ooi_z_v1_N22_160306.523733_ooi_z_v1_N22.diff.fits,0x0000,480,z,TEMPLATE,t,0.5334,1.15,0.102,3.379,21.799,13643.0,-1.5,0.6934,1046077
100,3896,1348,3,59570.324687,30.915,-21.64,14.8,1.38,9,9,-4.64e-07,3.175e-07,,,ec0915.211222.1064957_ooi_z_v1_N22_160306.523733_ooi_z_v1_N22.diff.fits,0x0000,498,z,TEMPLATE,t,0.5707,1.198,0.099,3.806,22.636,2504.0,-0.464,0.3175,1064957
100,3896,1348,3,59572.282599,30.915,24.17,14.57,0.7,9,9,5.184e-07,3.125e-07,,,ec0915.211224.1065702_ooi_z_v1_N22_160306.523733_ooi_z_v1_N22.diff.fits,0x0000,499,z,TEMPLATE,t,0.4824,1.241,0.131,3.245,22.627,2317.0,0.5184,0.3125,1065702
100,3896,1348,3,59634.202353,30.915,-38.12,11.11,0.51,9,9,-8.175e-07,2.383e-07,,,ec0915.220224.1083414_ooi_z_v1_N22_160306.523733_ooi_z_v1_N22.diff.fits,0x0000,516,z,TEMPLATE,t,1.1791,1.539,0.299,3.317,23.07,6473.0,-0.8175,0.2383,1083414
100,3896,1348,3,59899.356462,30.915,-48.03,30.95,1.47,9,9,-1.03e-06,6.637e-07,,,ec0915.221116.1150882_ooi_z_v1_N22_160306.523733_ooi_z_v1_N22.diff.fits,0x0000,538,z,TEMPLATE,t,0.5615,1.16,0.102,3.141,21.994,11086.0,-1.03,0.6637,1150882
100,3896,1348,3,59948.227068,30.915,-22.41,15.71,0.66,9,9,-4.806e-07,3.368e-07,,,ec0915.230104.1162015_ooi_z_v1_N22_160306.523733_ooi_z_v1_N22.diff.fits,0x0000,545,z,TEMPLATE,t,0.4907,1.266,0.141,3.614,22.552,2640.0,-0.4806,0.3368,1162015
100,3896,1348,3,60126.974862,30.915,-97.54,24.06,1.05,9,9,-2.092e-06,5.161e-07,,,ec0915.230701.1217849_ooi_z_v1_N22_160306.523733_ooi_z_v1_N22.diff.fits,0x0000,576,z,TEMPLATE,t,0.5718,1.22,0.139,3.114,22.311,7670.0,-2.092,0.5161,1217849
100,3896,1348,3,60156.989461,30.915,-62.74,23.28,1.15,9,6,-1.346e-06,4.993e-07,,,ec0915.230731.1227300_ooi_z_v1_N22_160306.523733_ooi_z_v1_N22.diff.fits,0x0000,581,z,TEMPLATE,t,0.5727,1.161,0.088,4.474,21.851,7123.0,-1.3459999999999999,0.4993,1227300
100,3896,1348,3,60361.185082,30.915,52.45,28.7,3.33,9,9,1.125e-06,6.155e-07,,,ec0915.240221.1278342_ooi_z_v1_N22_160306.523733_ooi_z_v1_N22.diff.fits,0x0000,612,z,TEMPLATE,t,0.3481,1.254,0.149,3.138,22.084,4002.0,1.125,0.6154999999999999,1278342
100,3896,1348,3,60427.053895,30.915,4.97,22.14,0.83,9,9,1.066e-07,4.748e-07,,,ec0915.240427.1293150_ooi_z_v1_N22_160306.523733_ooi_z_v1_N22.diff.fits,0x0000,631,z,TEMPLATE,t,0.4412,1.246,0.141,3.114,22.273,4553.0,0.1066,0.4748,1293150
100,3896,1348,3,60486.991345,30.915,-95.15,14.95,1.55,9,0,-2.04e-06,3.206e-07,,,ec0915.240625.1305583_ooi_z_v1_N22_160306.523733_ooi_z_v1_N22.diff.fits,0x0000,648,z,TEMPLATE,t,0.5759,1.272,0.07,5.071,22.396,2469.0,-2.04,0.3206,1305583
100,3896,1348,3,60508.01389,30.915,-61.43,23.52,0.74,9,6,-1.317e-06,5.044e-07,,,ec0915.240717.1312960_ooi_z_v1_N22_160306.523733_ooi_z_v1_N22.diff.fits,0x0000,657,z,TEMPLATE,t,0.5675,1.125,0.046,4.761,21.822,7694.0,-1.317,0.5044,1312960
100,3896,1348,3,60796.012609,30.915,-65.18,511.63,1.67,9,3,-1.398e-06,1.097e-05,,,ec0915.250501.1383216_ooi_z_v1_N22_160306.523733_ooi_z_v1_N22.diff.fits,0x0000,802,z,TEMPLATE,t,0.0156,1.095,0.048,4.827,18.41,2487.0,-1.398,10.97,1383216
100,3896,1348,3,60810.00515,30.915,-238.28,49.18,1.71,9,9,-5.11e-06,1.055e-06,,,ec0915.250515.1385416_ooi_z_v1_N22_160306.523733_ooi_z_v1_N22.diff.fits,0x0000,817,z,TEMPLATE,t,0.2462,1.214,0.108,2.67,21.572,6937.0,-5.11,1.0550000000000002,1385416
100,3896,1348,3,60811.012032,30.915,-79.69,38.77,1.02,9,9,-1.709e-06,8.315e-07,,,ec0915.250516.1385995_ooi_z_v1_N22_160306.523733_ooi_z_v1_N22.diff.fits,0x0000,824,z,TEMPLATE,t,0.2676,1.351,0.182,2.819,21.901,4248.0,-1.709,0.8315,1385995
100,3896,1348,3,60836.034265,30.915,-139.84,30.04,1.72,9,6,-2.999e-06,6.442e-07,,,ec0915.250610.1395332_ooi_z_v1_N22_160306.523733_ooi_z_v1_N22.diff.fits,0x0000,845,z,TEMPLATE,t,0.4464,1.185,0.081,4.492,21.636,6836.0,-2.999,0.6442,1395332
100,3896,1348,3,60861.985881,30.915,,,,0,0,,,,,ec0915.250705.1404550_ooi_z_v1_N22_160306.523733_ooi_z_v1_N22.diff.fits,0x0000,861,z,TEMPLATE,t,0.0781,1.115,0.056,7.942,18.755,14860.0,,,1404550
100,3896,1348,3,60885.981919,30.915,-271.66,88.56,0.85,9,3,-5.826e-06,1.899e-06,,,ec0915.250729.1410882_ooi_z_v1_N22_160306.523733_ooi_z_v1_N22.diff.fits,0x0000,878,z,TEMPLATE,t,0.1174,1.156,0.081,5.031,20.453,4021.0,-5.826,1.899,1410882
100,3896,1348,3,60891.978828,30.915,-92.17,58.48,1.4,9,9,-1.977e-06,1.254e-06,,,ec0915.250804.1411935_ooi_z_v1_N22_160306.523733_ooi_z_v1_N22.diff.fits,0x0000,882,z,TEMPLATE,t,0.2642,1.143,0.074,3.756,21.204,8976.0,-1.9769999999999999,1.254,1411935
100,3896,1348,3,60988.321944,30.915,-173.27,16.31,1.91,9,6,-3.716e-06,3.497e-07,,,ec0915.251109.1433487_ooi_z_v1_N22_160306.523733_ooi_z_v1_N22.diff.fits,0x0000,923,z,TEMPLATE,t,0.545,1.532,0.233,4.536,22.309,3622.0,-3.716,0.3497,1433487
100,3896,1348,3,60997.332383,30.915,-64.87,27.25,0.95,9,9,-1.391e-06,5.845e-07,,,ec0915.251118.1436429_ooi_z_v1_N22_160306.523733_ooi_z_v1_N22.diff.fits,0x0000,936,z,TEMPLATE,t,0.2931,1.33,0.162,3.198,22.001,3094.0,-1.3909999999999998,0.5845,1436429
100,3896,1348,3,61000.294623,30.915,-115.64,674.23,0.69,9,9,-2.48e-06,1.446e-05,,,ec0915.251121.1437419_ooi_z_v1_N22_160306.523733_ooi_z_v1_N22.diff.fits,0x0000,940,z,TEMPLATE,t,0.0097,1.092,0.062,3.949,18.505,1654.0,-2.48,14.46,1437419
100,3896,1348,3,61054.348165,30.915,-134.47,11.61,0.5,9,9,-2.884e-06,2.489e-07,,,ec0915.260114.1448793_ooi_z_v1_N22_160306.523733_ooi_z_v1_N22.diff.fits,0x0000,999,z,TEMPLATE,t,0.5609,1.611,0.263,3.106,23.245,1314.0,-2.884,0.2489,1448793
100,3896,1348,3,61111.243969,30.915,-144.08,11.61,1.95,9,9,-3.09e-06,2.491e-07,,,ec0915.260312.1462192_ooi_z_v1_N22_160306.523733_ooi_z_v1_N22.diff.fits,0x0000,1076,z,TEMPLATE,t,0.5703,1.382,0.135,4.012,22.768,1832.0,-3.09,0.24909999999999996,1462192
101,3821,1344,3,56341.289265,30.915,137.61,10.37,0.36,9,9,2.951e-06,2.225e-07,22.725,0.081842,ec0915.130218.178885_ooi_z_N22_160306.523733_ooi_z_v1_N22.diff.fits,0x0000,10,z,TEMPLATE,t,0.8508,1.259,0.057,4.678,22.854,3300.0,2.951,0.22249999999999998,178885
101,3821,1344,3,56341.291336,30.915,142.88,10.39,1.03,9,9,3.064e-06,2.228e-07,22.684,0.078962,ec0915.130218.178886_ooi_z_N22_160306.523733_ooi_z_v1_N22.diff.fits,0x0000,11,z,TEMPLATE,t,0.8473,1.266,0.073,4.273,22.895,3347.0,3.0639999999999996,0.2228,178886
101,3821,1344,3,56360.209714,30.915,153.32,12.31,0.85,9,9,3.288e-06,2.641e-07,22.608,0.087197,ec0915.130309.184932_ooi_z_N22_160306.523733_ooi_z_v1_N22.diff.fits,0x0000,16,z,TEMPLATE,t,0.5299,1.501,0.167,2.985,23.119,1727.0,3.2880000000000003,0.2641,184932
101,3821,1344,3,56418.977034,30.915,106.85,10.49,1.25,9,9,2.291e-06,2.249e-07,23.0,0.106544,ec0915.130506.204629_ooi_z_v1_N22_160306.523733_ooi_z_v1_N22.diff.fits,0x0000,26,z,TEMPLATE,t,1.148,1.415,0.136,4.154,22.944,6628.0,2.2910000000000004,0.22490000000000002,204629
101,3821,1344,3,56487.988309,30.915,71.3,10.53,0.33,9,9,1.529e-06,2.259e-07,23.439,0.160394,ec0915.130714.218757_ooi_z_N22_160306.523733_ooi_z_v1_N22.diff.fits,0x0000,30,z,TEMPLATE,t,1.1066,1.401,0.139,4.132,22.883,6364.0,1.5290000000000001,0.22590000000000002,218757
101,3821,1344,3,56488.988287,30.915,78.48,10.85,1.73,9,9,1.683e-06,2.326e-07,23.335,0.150084,ec0915.130715.219201_ooi_z_N22_160306.523733_ooi_z_v1_N22.diff.fits,0x0000,34,z,TEMPLATE,t,1.1771,1.424,0.157,3.539,23.022,6998.0,1.683,0.2326,219201
101,3821,1344,3,56489.013217,30.915,87.15,9.84,1.54,9,9,1.869e-06,2.111e-07,23.221,0.122629,ec0915.130716.219213_ooi_z_N22_160306.523733_ooi_z_v1_N22.diff.fits,0x0000,38,z,TEMPLATE,t,1.1635,1.349,0.109,3.653,23.001,6723.0,1.869,0.2111,219213
101,3821,1344,3,56612.306942,30.915,61.79,11.43,0.33,9,9,1.325e-06,2.45e-07,23.595,0.200781,ec0915.131116.254783_ooi_z_N22_160306.523733_ooi_z_v1_N22.diff.fits,0x0000,43,z,TEMPLATE,t,1.1224,1.313,0.078,4.868,22.731,6461.0,1.325,0.245,254783
101,3821,1344,3,56668.211483,30.915,63.8,8.25,0.87,9,9,1.368e-06,1.769e-07,23.56,0.140408,ec0915.140111.273124_ooi_z_N22_160306.523733_ooi_z_v1_N22.diff.fits,0x0000,47,z,TEMPLATE,t,1.172,1.495,0.158,3.611,23.257,4304.0,1.368,0.1769,273124
101,3821,1344,3,56668.219813,30.915,89.79,8.67,0.67,9,9,1.926e-06,1.858e-07,23.189,0.104791,ec0915.140111.273128_ooi_z_N22_160306.523733_ooi_z_v1_N22.diff.fits,0x0000,51,z,TEMPLATE,t,1.1786,1.44,0.115,4.442,23.028,4385.0,1.926,0.18580000000000002,273128
101,3821,1344,3,56713.197028,30.915,57.39,9.78,0.95,9,9,1.231e-06,2.098e-07,23.675,0.185118,ec0915.140225.288123_ooi_z_N22_160306.523733_ooi_z_v1_N22.diff.fits,0x0000,79,z,TEMPLATE,t,1.1672,1.419,0.125,3.898,23.153,5178.0,1.2309999999999999,0.20980000000000001,288123
101,3821,1344,3,56764.149481,30.915,81.97,10.29,0.81,9,9,1.758e-06,2.206e-07,23.288,0.136287,ec0915.140417.301623_ooi_z_v1_N22_160306.523733_ooi_z_v1_N22.diff.fits,0x0000,84,z,TEMPLATE,t,1.0992,1.466,0.159,3.443,23.118,5856.0,1.758,0.2206,301623
101,3821,1344,3,56764.153625,30.915,82.86,9.75,1.18,9,9,1.777e-06,2.091e-07,23.276,0.127735,ec0915.140417.301625_ooi_z_v1_N22_160306.523733_ooi_z_v1_N22.diff.fits,0x0000,86,z,TEMPLATE,t,1.0967,1.435,0.125,3.415,23.19,5889.0,1.7770000000000001,0.2091,301625
101,3821,1344,3,56814.091425,30.915,71.21,8.65,2.91,9,9,1.527e-06,1.855e-07,23.44,0.131906,ec0915.140606.320269_ooi_z_v1_N22_160306.523733_ooi_z_v1_N22.diff.fits,0x0000,89,z,TEMPLATE,t,1.1459,1.413,0.09,5.263,22.754,5333.0,1.527,0.1855,320269
101,3821,1344,3,56834.960611,30.915,76.61,11.38,1.0,9,9,1.643e-06,2.441e-07,23.361,0.161316,ec0915.140626.331029_ooi_z_v1_N22_160306.523733_ooi_z_v1_N22.diff.fits,0x0000,91,z,TEMPLATE,t,1.0967,1.452,0.12,4.69,22.667,7577.0,1.643,0.2441,331029
101,3821,1344,3,56854.965339,30.915,58.32,12.67,1.88,9,9,1.251e-06,2.718e-07,23.657,0.235918,ec0915.140716.337810_ooi_z_v1_N22_160306.523733_ooi_z_v1_N22.diff.fits,0x0000,99,z,TEMPLATE,t,1.0126,1.426,0.119,4.132,22.811,6947.0,1.251,0.2718,337810
101,3821,1344,3,56998.316848,30.915,25.12,11.41,1.22,9,9,5.388e-07,2.447e-07,,,ec0915.141207.384681_ooi_z_v1_N22_160306.523733_ooi_z_v1_N22.diff.fits,0x0000,106,z,TEMPLATE,t,1.1284,1.229,0.117,3.559,22.939,6560.0,0.5388000000000001,0.2447,384681
101,3821,1344,3,56998.321015,30.915,33.74,10.87,0.93,9,9,7.236e-07,2.331e-07,24.251,0.349779,ec0915.141207.384683_ooi_z_v1_N22_160306.523733_ooi_z_v1_N22.diff.fits,0x0000,108,z,TEMPLATE,t,1.1258,1.196,0.077,4.304,22.778,6407.0,0.7236,0.2331,384683
101,3821,1344,3,57026.228979,30.915,41.57,11.47,2.08,9,9,8.915e-07,2.459e-07,24.025,0.299484,ec0915.150104.394285_ooi_z_v1_N22_160306.523733_ooi_z_v1_N22.diff.fits,0x0000,111,z,TEMPLATE,t,1.0335,1.269,0.148,3.39,22.831,6751.0,0.8915,0.2459,394285
101,3821,1344,3,57026.233149,30.915,29.37,13.26,0.62,9,9,6.298e-07,2.843e-07,,,ec0915.150104.394287_ooi_z_v1_N22_160306.523733_ooi_z_v1_N22.diff.fits,0x0000,113,z,TEMPLATE,t,1.0467,1.125,0.082,3.691,22.789,6901.0,0.6298,0.2843,394287
101,3821,1344,3,57050.242086,30.915,55.75,8.39,0.63,9,9,1.196e-06,1.798e-07,23.706,0.163309,ec0915.150128.403911_ooi_z_v1_N22_160306.523733_ooi_z_v1_N22.diff.fits,0x0000,118,z,TEMPLATE,t,0.9842,1.261,0.131,4.029,23.145,3149.0,1.1960000000000002,0.17980000000000002,403911
101,3821,1344,3,57053.240481,30.915,29.92,10.51,1.6,9,9,6.416e-07,2.255e-07,,,ec0915.150131.404893_ooi_z_v1_N22_160306.523733_ooi_z_v1_N22.diff.fits,0x0000,122,z,TEMPLATE,t,1.073,1.194,0.087,3.937,22.876,5245.0,0.6416000000000001,0.2255,404893
101,3821,1344,3,57056.260361,30.915,19.11,11.17,1.73,9,9,4.098e-07,2.395e-07,,,ec0915.150203.405992_ooi_z_ls9_N22_160306.523733_ooi_z_v1_N22.diff.fits,0x0000,126,z,TEMPLATE,t,1.1387,1.22,0.117,3.582,22.902,6587.0,0.4098,0.2395,405992
101,3821,1344,3,57056.268626,30.915,37.27,11.42,0.68,9,9,7.992e-07,2.45e-07,24.143,0.332837,ec0915.150203.405996_ooi_z_ls9_N22_160306.523733_ooi_z_v1_N22.diff.fits,0x0000,130,z,TEMPLATE,t,1.1421,1.042,0.093,3.48,22.867,7293.0,0.7992,0.245,405996
101,3821,1344,3,57083.233746,30.915,19.47,10.5,0.93,9,9,4.176e-07,2.252e-07,,,ec0915.150302.417215_ooi_z_v1_N22_160306.523733_ooi_z_v1_N22.diff.fits,0x0000,135,z,TEMPLATE,t,1.043,1.205,0.135,3.416,23.018,4875.0,0.41759999999999997,0.2252,417215
101,3821,1344,3,57088.183133,30.915,12.8,11.62,0.79,9,9,2.746e-07,2.493e-07,,,ec0915.150307.419088_ooi_z_v1_N22_160306.523733_ooi_z_v1_N22.diff.fits,0x0000,136,z,TEMPLATE,t,1.0547,1.158,0.08,3.392,23.026,6188.0,0.2746,0.2493,419088
101,3821,1344,3,57088.185779,30.915,36.22,11.8,0.72,9,9,7.768e-07,2.53e-07,24.174,0.353561,ec0915.150307.419089_ooi_z_v1_N22_160306.523733_ooi_z_v1_N22.diff.fits,0x0000,137,z,TEMPLATE,t,1.0497,1.223,0.109,2.884,23.166,5927.0,0.7768,0.253,419089
101,3821,1344,3,57117.011808,30.915,55.16,13.65,0.94,9,9,1.183e-06,2.928e-07,23.718,0.268699,ec0915.150405.429230_ooi_z_v1_N22_160306.523733_ooi_z_v1_N22.diff.fits,0x0000,143,z,TEMPLATE,t,1.0671,1.153,0.082,4.288,22.642,7571.0,1.1829999999999998,0.29279999999999995,429230
101,3821,1344,3,57117.015936,30.915,94.93,11.5,2.95,9,9,2.036e-06,2.465e-07,23.128,0.131481,ec0915.150405.429232_ooi_z_v1_N22_160306.523733_ooi_z_v1_N22.diff.fits,0x0000,145,z,TEMPLATE,t,1.0619,1.19,0.061,4.641,22.633,6637.0,2.036,0.2465,429232
101,3821,1344,3,57139.0088,30.915,49.0,11.14,0.61,9,9,1.051e-06,2.388e-07,23.846,0.246758,ec0915.150427.437746_ooi_z_v1_N22_160306.523733_ooi_z_v1_N22.diff.fits,0x0000,151,z,TEMPLATE,t,1.041,1.249,0.072,5.414,22.529,5505.0,1.051,0.23879999999999998,437746
101,3821,1344,3,57171.013911,30.915,-202.17,242.08,0.73,9,9,-4.336e-06,5.192e-06,,,ec0915.150529.443410_ooi_z_v1_N22_160306.523733_ooi_z_v1_N22.diff.fits,0x0000,153,z,TEMPLATE,t,0.0897,1.165,0.048,4.037,19.422,24525.0,-4.335999999999999,5.191999999999999,443410
101,3821,1344,3,57171.018007,30.915,331.13,238.99,1.54,9,9,7.101e-06,5.125e-06,,,ec0915.150529.443412_ooi_z_v1_N22_160306.523733_ooi_z_v1_N22.diff.fits,0x0000,155,z,TEMPLATE,t,0.0982,1.177,0.056,3.466,19.689,24114.0,7.101,5.125,443412
101,3821,1344,3,57171.117306,30.915,581.21,792.71,0.64,9,9,1.246e-05,1.7e-05,,,ec0915.150529.443454_ooi_z_v1_N22_160306.523733_ooi_z_v1_N22.diff.fits,0x0000,157,z,TEMPLATE,t,0.0325,1.214,0.051,3.988,18.396,27448.0,12.459999999999999,17.0,443454
101,3821,1344,3,57171.121418,30.915,-406.27,1031.0,1.65,9,9,-8.713e-06,2.211e-05,,,ec0915.150529.443456_ooi_z_v1_N22_160306.523733_ooi_z_v1_N22.diff.fits,0x0000,159,z,TEMPLATE,t,0.0241,1.205,0.059,3.624,18.227,28127.0,-8.713,22.11,443456
101,3821,1344,3,57198.960089,30.915,14.57,13.33,0.59,9,9,3.125e-07,2.859e-07,,,ec0915.150625.453952_ooi_z_v1_N22_160306.523733_ooi_z_v1_N22.diff.fits,0x0000,164,z,TEMPLATE,t,1.0789,1.109,0.062,4.714,22.377,10108.0,0.3125,0.2859,453952
101,3821,1344,3,57198.965698,30.915,19.42,14.41,0.85,9,9,4.165e-07,3.09e-07,,,ec0915.150625.453955_ooi_z_v1_N22_160306.523733_ooi_z_v1_N22.diff.fits,0x0000,167,z,TEMPLATE,t,1.0696,1.223,0.064,4.277,22.481,10187.0,0.4165,0.309,453955
101,3821,1344,3,57199.005294,30.915,14.15,12.37,1.1,9,9,3.035e-07,2.654e-07,,,ec0915.150626.453976_ooi_z_v1_N22_160306.523733_ooi_z_v1_N22.diff.fits,0x0000,170,z,TEMPLATE,t,1.0649,1.202,0.083,4.295,22.633,7612.0,0.3035,0.26539999999999997,453976
101,3821,1344,3,57387.340403,30.915,-16.61,11.07,2.74,9,9,-3.562e-07,2.375e-07,,,ec0915.151231.507220_ooi_z_v1_N22_160306.523733_ooi_z_v1_N22.diff.fits,0x0000,176,z,TEMPLATE,t,1.0642,1.234,0.126,3.164,23.086,5609.0,-0.3562,0.2375,507220
101,3821,1344,3,57388.334629,30.915,-26.66,9.08,0.8,9,9,-5.717e-07,1.948e-07,,,ec0915.160101.507561_ooi_z_v1_N22_160306.523733_ooi_z_v1_N22.diff.fits,0x0000,180,z,TEMPLATE,t,1.0844,1.228,0.102,3.599,23.14,4209.0,-0.5717,0.1948,507561
101,3821,1344,3,57443.170926,30.915,-9.49,11.67,1.28,9,9,-2.035e-07,2.503e-07,,,ec0915.160225.519763_ooi_z_v1_N22_160306.523733_ooi_z_v1_N22.diff.fits,0x0000,183,z,TEMPLATE,t,1.0313,1.116,0.072,3.975,22.746,6057.0,-0.2035,0.2503,519763
101,3821,1344,3,57443.175066,30.915,4.64,11.52,0.93,9,9,9.943e-08,2.471e-07,,,ec0915.160225.519765_ooi_z_v1_N22_160306.523733_ooi_z_v1_N22.diff.fits,0x0000,185,z,TEMPLATE,t,1.0353,1.109,0.06,4.579,22.596,5911.0,0.09943,0.2471,519765
101,3821,1344,3,57452.205272,30.915,-9.09,12.29,1.65,9,9,-1.949e-07,2.636e-07,,,ec0915.160305.523437_ooi_z_v1_N22_160306.523733_ooi_z_v1_N22.diff.fits,0x0000,187,z,TEMPLATE,t,1.0771,1.286,0.146,2.451,23.522,4633.0,-0.19490000000000002,0.2636,523437
101,3821,1344,3,57535.95023,30.915,52.08,40.43,1.28,9,9,1.117e-06,8.671e-07,,,ec0915.160527.545715_ooi_z_v1_N22_160306.523733_ooi_z_v1_N22.diff.fits,0x0000,190,z,TEMPLATE,t,0.3206,1.151,0.067,3.798,21.456,7315.0,1.117,0.8671,545715
101,3821,1344,3,57535.954356,30.915,12.82,39.12,1.36,9,9,2.75e-07,8.39e-07,,,ec0915.160527.545717_ooi_z_v1_N22_160306.523733_ooi_z_v1_N22.diff.fits,0x0000,192,z,TEMPLATE,t,0.3243,1.121,0.056,4.145,21.475,5947.0,0.275,0.8390000000000001,545717
101,3821,1344,3,57535.991722,30.915,-25.34,12.55,2.24,9,9,-5.435e-07,2.692e-07,,,ec0915.160527.545735_ooi_z_v1_N22_160306.523733_ooi_z_v1_N22.diff.fits,0x0000,194,z,TEMPLATE,t,0.8908,1.309,0.092,4.077,22.828,4546.0,-0.5435,0.2692,545735
101,3821,1344,3,57535.995867,30.915,-5.09,10.78,1.42,9,9,-1.092e-07,2.311e-07,,,ec0915.160527.545737_ooi_z_v1_N22_160306.523733_ooi_z_v1_N22.diff.fits,0x0000,196,z,TEMPLATE,t,0.9992,1.236,0.106,3.527,22.982,4803.0,-0.10919999999999999,0.2311,545737
101,3821,1344,3,57545.965079,30.915,-1.6,15.62,1.77,9,9,-3.437e-08,3.349e-07,,,ec0915.160606.547142_ooi_z_v1_N22_160306.523733_ooi_z_v1_N22.diff.fits,0x0000,206,z,TEMPLATE,t,0.5751,1.139,0.076,4.454,22.464,3034.0,-0.034370000000000005,0.33490000000000003,547142
101,3821,1344,3,57566.040208,30.915,21.72,14.43,0.27,9,9,4.659e-07,3.095e-07,,,ec0915.160627.549002_ooi_z_v1_N22_160306.523733_ooi_z_v1_N22.diff.fits,0x0000,210,z,TEMPLATE,t,0.9597,1.114,0.072,4.658,22.451,8142.0,0.46590000000000004,0.3095,549002
101,3821,1344,3,57764.169856,30.915,42.52,11.14,0.9,9,9,9.118e-07,2.39e-07,24.0,0.284582,ec0915.170111.608550_ooi_z_v1_N22_160306.523733_ooi_z_v1_N22.diff.fits,0x0000,213,z,TEMPLATE,t,1.0318,1.268,0.139,3.199,23.075,5482.0,0.9117999999999999,0.23900000000000002,608550
101,3821,1344,3,57764.173997,30.915,46.22,11.63,0.32,9,9,9.913e-07,2.494e-07,23.91,0.273133,ec0915.170111.608552_ooi_z_v1_N22_160306.523733_ooi_z_v1_N22.diff.fits,0x0000,215,z,TEMPLATE,t,1.039,1.151,0.106,3.214,23.05,5620.0,0.9913,0.24939999999999998,608552
101,3821,1344,3,57769.284073,30.915,58.84,9.64,0.69,9,9,1.262e-06,2.068e-07,23.648,0.177956,ec0915.170116.609360_ooi_z_v1_N22_160306.523733_ooi_z_v1_N22.diff.fits,0x0000,217,z,TEMPLATE,t,1.0338,1.183,0.119,3.18,23.349,4050.0,1.262,0.2068,609360
101,3821,1344,3,57769.288221,30.915,38.87,10.48,0.7,9,9,8.337e-07,2.247e-07,24.098,0.292697,ec0915.170116.609362_ooi_z_v1_N22_160306.523733_ooi_z_v1_N22.diff.fits,0x0000,219,z,TEMPLATE,t,1.0319,1.156,0.125,3.214,23.332,4079.0,0.8337,0.22469999999999998,609362
101,3821,1344,3,57794.308614,30.915,52.85,10.38,0.99,9,9,1.133e-06,2.227e-07,23.764,0.213328,ec0915.170210.619020_ooi_z_v1_N22_160306.523733_ooi_z_v1_N22.diff.fits,0x0000,231,z,TEMPLATE,t,1.0675,1.149,0.1,3.599,22.954,5829.0,1.133,0.2227,619020
101,3821,1344,3,57795.317714,30.915,38.19,12.28,1.95,9,9,8.19e-07,2.635e-07,24.117,0.349243,ec0915.170211.619366_ooi_z_v1_N22_160306.523733_ooi_z_v1_N22.diff.fits,0x0000,233,z,TEMPLATE,t,1.0286,1.208,0.115,2.859,23.098,6629.0,0.8190000000000001,0.2635,619366
101,3821,1344,3,57798.077705,30.915,21.58,12.06,0.71,9,9,4.628e-07,2.586e-07,,,ec0915.170214.620291_ooi_z_v1_N22_160306.523733_ooi_z_v1_N22.diff.fits,0x0000,235,z,TEMPLATE,t,0.9631,1.165,0.11,3.29,22.936,5922.0,0.4628,0.2586,620291
101,3821,1344,3,57822.338331,30.915,79.77,13.64,0.77,9,9,1.711e-06,2.924e-07,23.317,0.185589,ec0915.170310.628200_ooi_z_v1_N22_160306.523733_ooi_z_v1_N22.diff.fits,0x0000,237,z,TEMPLATE,t,0.9992,1.127,0.081,3.576,22.797,7326.0,1.711,0.2924,628200
101,3821,1344,3,57822.342476,30.915,43.85,13.79,0.82,9,9,9.403e-07,2.958e-07,23.967,0.341516,ec0915.170310.628202_ooi_z_v1_N22_160306.523733_ooi_z_v1_N22.diff.fits,0x0000,239,z,TEMPLATE,t,0.9893,1.057,0.061,4.175,22.591,7749.0,0.9403,0.2958,628202
101,3821,1344,3,57824.277361,30.915,89.74,12.64,0.24,9,9,1.924e-06,2.711e-07,23.189,0.152935,ec0915.170312.628814_ooi_z_v1_N22_160306.523733_ooi_z_v1_N22.diff.fits,0x0000,241,z,TEMPLATE,t,1.0506,1.067,0.073,3.807,22.77,7544.0,1.9240000000000002,0.2711,628814
101,3821,1344,3,57824.281503,30.915,47.05,12.14,0.91,9,9,1.009e-06,2.604e-07,23.89,0.280129,ec0915.170312.628816_ooi_z_v1_N22_160306.523733_ooi_z_v1_N22.diff.fits,0x0000,243,z,TEMPLATE,t,1.0475,1.22,0.097,3.347,22.952,6645.0,1.009,0.26039999999999996,628816
101,3821,1344,3,57847.124307,30.915,35.36,10.81,0.73,9,9,7.583e-07,2.318e-07,24.2,0.331932,ec0915.170404.636946_ooi_z_v1_N22_160306.523733_ooi_z_v1_N22.diff.fits,0x0000,252,z,TEMPLATE,t,1.0078,1.244,0.131,3.534,23.1,4387.0,0.7583,0.2318,636946
101,3821,1344,3,57848.992872,30.915,66.43,13.06,0.93,9,9,1.425e-06,2.8e-07,23.516,0.213435,ec0915.170405.637489_ooi_z_v1_N22_160306.523733_ooi_z_v1_N22.diff.fits,0x0000,255,z,TEMPLATE,t,1.0116,1.165,0.1,3.387,22.831,7297.0,1.4249999999999998,0.28,637489
101,3821,1344,3,57872.960558,30.915,33.63,13.75,0.52,9,9,7.212e-07,2.95e-07,,,ec0915.170429.645088_ooi_z_v1_N22_160306.523733_ooi_z_v1_N22.diff.fits,0x0000,256,z,TEMPLATE,t,1.1067,1.318,0.153,2.628,23.096,8900.0,0.7212,0.295,645088
101,3821,1344,3,57872.960558,30.915,39.13,13.92,0.45,9,9,8.393e-07,2.986e-07,,,ec0915.170429.645088_ooi_z_vx_N22_160306.523733_ooi_z_v1_N22.diff.fits,0x0000,257,z,TEMPLATE,t,1.14,1.297,0.163,2.627,23.073,9226.0,0.8392999999999999,0.2986,645088
101,3821,1344,3,57874.962088,30.915,57.36,39.39,0.59,9,9,1.23e-06,8.447e-07,,,ec0915.170501.646110_ooi_z_v1_N22_160306.523733_ooi_z_v1_N22.diff.fits,0x0000,270,z,TEMPLATE,t,0.4218,0.813,0.05,3.56,21.55,11604.0,1.23,0.8447,646110
101,3821,1344,3,57874.96623,30.915,67.31,47.98,1.98,9,9,1.443e-06,1.029e-06,,,ec0915.170501.646112_ooi_z_vx_N22_160306.523733_ooi_z_v1_N22.diff.fits,0x0000,273,z,TEMPLATE,t,0.2792,1.081,0.064,3.558,21.265,8303.0,1.443,1.029,646112
101,3821,1344,3,57874.96623,30.915,39.47,47.1,1.72,9,9,8.465e-07,1.01e-06,,,ec0915.170501.646112_ooi_z_v1_N22_160306.523733_ooi_z_v1_N22.diff.fits,0x0000,272,z,TEMPLATE,t,0.2716,1.088,0.062,3.558,21.271,8234.0,0.8464999999999999,1.01,646112
101,3821,1344,3,57875.014571,30.915,59.98,36.89,0.89,9,9,1.286e-06,7.911e-07,,,ec0915.170502.646135_ooi_z_v1_N22_160306.523733_ooi_z_v1_N22.diff.fits,0x0000,275,z,TEMPLATE,t,0.3539,1.104,0.064,3.521,21.657,7497.0,1.286,0.7911,646135
101,3821,1344,3,57875.018706,30.915,56.0,26.16,0.59,9,9,1.201e-06,5.61e-07,,,ec0915.170502.646137_ooi_z_v1_N22_160306.523733_ooi_z_v1_N22.diff.fits,0x0000,278,z,TEMPLATE,t,0.4891,1.167,0.081,3.247,22.174,6770.0,1.201,0.561,646137
101,3821,1344,3,57875.018706,30.915,56.6,26.85,0.81,9,9,1.214e-06,5.758e-07,,,ec0915.170502.646137_ooi_z_vx_N22_160306.523733_ooi_z_v1_N22.diff.fits,0x0000,279,z,TEMPLATE,t,0.5031,1.109,0.082,3.247,22.145,7140.0,1.214,0.5758,646137
101,3821,1344,3,57875.081054,30.915,0.15,39.19,0.7,9,9,3.159e-09,8.405e-07,,,ec0915.170502.646165_ooi_z_v1_N22_160306.523733_ooi_z_v1_N22.diff.fits,0x0000,282,z,TEMPLATE,t,0.314,1.116,0.069,3.34,21.62,7054.0,0.003159,0.8405,646165
101,3821,1344,3,57875.085195,30.915,45.04,15.38,1.1,9,9,9.66e-07,3.298e-07,,,ec0915.170502.646167_ooi_z_v1_N22_160306.523733_ooi_z_v1_N22.diff.fits,0x0000,284,z,TEMPLATE,t,0.7859,1.128,0.089,3.35,22.666,6214.0,0.966,0.3298,646167
101,3821,1344,3,57875.122515,30.915,19.1,23.03,0.65,9,9,4.096e-07,4.938e-07,,,ec0915.170502.646185_ooi_z_v1_N22_160306.523733_ooi_z_v1_N22.diff.fits,0x0000,286,z,TEMPLATE,t,0.5261,0.991,0.076,3.058,22.295,6557.0,0.4096,0.4938,646185
101,3821,1344,3,57875.126648,30.915,76.96,22.03,0.9,9,9,1.651e-06,4.725e-07,23.356,0.31083,ec0915.170502.646187_ooi_z_v1_N22_160306.523733_ooi_z_v1_N22.diff.fits,0x0000,288,z,TEMPLATE,t,0.5093,1.192,0.085,3.171,22.342,5378.0,1.651,0.4725,646187
101,3821,1344,3,57888.146212,30.915,32.67,9.8,1.85,9,9,7.006e-07,2.101e-07,24.286,0.325583,ec0915.170515.648397_ooi_z_v1_N22_160306.523733_ooi_z_v1_N22.diff.fits,0x0000,290,z,TEMPLATE,t,1.026,1.134,0.061,5.728,22.558,4880.0,0.7006,0.2101,648397
101,3821,1344,3,57888.150335,30.915,16.88,9.77,1.57,9,9,3.62e-07,2.094e-07,,,ec0915.170515.648399_ooi_z_v1_N22_160306.523733_ooi_z_v1_N22.diff.fits,0x0000,292,z,TEMPLATE,t,1.0271,1.289,0.057,5.92,22.593,4268.0,0.362,0.2094,648399
101,3821,1344,3,57935.020929,30.915,44.84,10.15,0.77,9,9,9.616e-07,2.176e-07,23.943,0.245714,ec0915.170701.657445_ooi_z_vx_N22_160306.523733_ooi_z_v1_N22.diff.fits,0x0000,299,z,TEMPLATE,t,1.1345,1.232,0.13,3.547,23.0,5851.0,0.9616,0.2176,657445
101,3821,1344,3,57950.995174,30.915,46.8,12.84,1.66,9,9,1.004e-06,2.754e-07,23.896,0.297932,ec0915.170716.659072_ooi_z_v1_N22_160306.523733_ooi_z_v1_N22.diff.fits,0x0000,306,z,TEMPLATE,t,1.11,0.929,0.039,7.027,22.172,8578.0,1.004,0.2754,659072
101,3821,1344,3,58183.117442,30.915,-38.9,10.24,1.17,9,9,-8.342e-07,2.195e-07,,,ec0915.180306.727448_ooi_z_v1_N22_160306.523733_ooi_z_v1_N22.diff.fits,0x0000,312,z,TEMPLATE,t,0.9792,1.336,0.067,4.321,22.804,4442.0,-0.8341999999999999,0.2195,727448
101,3821,1344,3,58183.121555,30.915,-25.29,12.8,1.18,9,9,-5.423e-07,2.746e-07,,,ec0915.180306.727450_ooi_z_v1_N22_160306.523733_ooi_z_v1_N22.diff.fits,0x0000,314,z,TEMPLATE,t,0.9745,1.099,0.082,3.827,22.829,5524.0,-0.5423,0.2746,727450
101,3821,1344,3,58184.03864,30.915,-19.88,11.12,1.61,9,9,-4.263e-07,2.386e-07,,,ec0915.180307.727589_ooi_z_v1_N22_160306.523733_ooi_z_v1_N22.diff.fits,0x0000,316,z,TEMPLATE,t,0.8599,1.178,0.078,5.158,22.516,4545.0,-0.4263,0.23859999999999998,727589
101,3821,1344,3,58225.986333,30.915,-7.24,11.15,0.22,9,9,-1.552e-07,2.391e-07,,,ec0915.180417.736458_ooi_z_v1_N22_160306.523733_ooi_z_v1_N22.diff.fits,0x0000,327,z,TEMPLATE,t,0.9652,1.246,0.077,4.831,22.505,5784.0,-0.15519999999999998,0.2391,736458
101,3821,1344,3,58232.983204,30.915,-42.83,13.35,0.6,9,9,-9.185e-07,2.862e-07,,,ec0915.180424.738618_ooi_z_v1_N22_160306.523733_ooi_z_v1_N22.diff.fits,0x0000,331,z,TEMPLATE,t,1.0633,1.157,0.103,3.779,22.758,7453.0,-0.9185,0.2862,738618
101,3821,1344,3,58246.003574,30.915,-42.86,20.38,1.73,9,9,-9.192e-07,4.371e-07,,,ec0915.180508.743629_ooi_z_v1_N22_160306.523733_ooi_z_v1_N22.diff.fits,0x0000,335,z,TEMPLATE,t,0.7157,1.113,0.065,4.337,22.078,9437.0,-0.9192,0.43710000000000004,743629
101,3821,1344,3,58261.080086,30.915,-29.25,15.38,1.42,9,9,-6.273e-07,3.298e-07,,,ec0915.180523.750068_ooi_z_v1_N22_160306.523733_ooi_z_v1_N22.diff.fits,0x0000,339,z,TEMPLATE,t,1.0482,0.963,0.094,3.406,22.75,9810.0,-0.6273,0.3298,750068
101,3821,1344,3,58261.088392,30.915,-60.62,13.98,2.5,9,9,-1.3e-06,2.998e-07,,,ec0915.180523.750072_ooi_z_v1_N22_160306.523733_ooi_z_v1_N22.diff.fits,0x0000,343,z,TEMPLATE,t,1.0415,1.169,0.117,3.008,22.974,8140.0,-1.3,0.2998,750072
101,3821,1344,3,58313.979667,30.915,-19.75,12.24,0.42,9,9,-4.235e-07,2.624e-07,,,ec0915.180714.755609_ooi_z_v1_N22_160306.523733_ooi_z_v1_N22.diff.fits,0x0000,345,z,TEMPLATE,t,1.1382,1.002,0.082,4.134,22.713,8411.0,-0.4235,0.2624,755609
101,3821,1344,3,58313.987958,30.915,-4.51,11.13,0.7,9,9,-9.669e-08,2.386e-07,,,ec0915.180714.755613_ooi_z_v1_N22_160306.523733_ooi_z_v1_N22.diff.fits,0x0000,349,z,TEMPLATE,t,1.1318,1.09,0.078,3.788,22.871,7802.0,-0.09669,0.23859999999999998,755613
101,3821,1344,3,58483.310826,30.915,-18.31,8.6,1.2,9,9,-3.926e-07,1.843e-07,,,ec0915.181231.807723_ooi_z_v1_N22_160306.523733_ooi_z_v1_N22.diff.fits,0x0000,358,z,TEMPLATE,t,1.1382,1.454,0.173,3.529,23.237,4204.0,-0.3926,0.1843,807723
101,3821,1344,3,58536.294128,30.915,-44.45,16.01,1.71,9,9,-9.533e-07,3.434e-07,,,ec0915.190222.826209_ooi_z_v1_N22_160306.523733_ooi_z_v1_N22.diff.fits,0x0000,363,z,TEMPLATE,t,0.5223,1.125,0.124,2.835,22.823,2881.0,-0.9533,0.34340000000000004,826209
101,3821,1344,3,58542.172304,30.915,-3.42,9.23,0.66,9,9,-7.335e-08,1.979e-07,,,ec0915.190228.828459_ooi_z_v1_N22_160306.523733_ooi_z_v1_N22.diff.fits,0x0000,367,z,TEMPLATE,t,1.026,1.087,0.14,3.159,23.342,3542.0,-0.07335,0.1979,828459
101,3821,1344,3,58572.222637,30.915,5.06,9.76,1.43,9,9,1.085e-07,2.094e-07,,,ec0915.190330.843689_ooi_z_v1_N22_160306.523733_ooi_z_v1_N22.diff.fits,0x0000,384,z,TEMPLATE,t,1.2018,1.172,0.105,4.127,23.009,5136.0,0.1085,0.2094,843689
101,3821,1344,3,58572.226441,30.915,1.31,13.52,0.19,9,9,2.812e-08,2.899e-07,,,ec0915.190330.843690_ooi_z_v1_N22_160306.523733_ooi_z_v1_N22.diff.fits,0x0000,385,z,TEMPLATE,t,0.8292,1.115,0.072,4.453,22.559,5193.0,0.02812,0.28990000000000005,843690
101,3821,1344,3,58572.230237,30.915,1.42,14.65,0.68,9,9,3.056e-08,3.143e-07,,,ec0915.190330.843691_ooi_z_v1_N22_160306.523733_ooi_z_v1_N22.diff.fits,0x0000,386,z,TEMPLATE,t,0.6732,1.234,0.089,4.04,22.442,4903.0,0.030559999999999997,0.3143,843691
101,3821,1344,3,58572.234037,30.915,55.71,22.74,0.47,9,9,1.195e-06,4.877e-07,,,ec0915.190330.843692_ooi_z_v1_N22_160306.523733_ooi_z_v1_N22.diff.fits,0x0000,387,z,TEMPLATE,t,0.5142,1.044,0.056,4.479,21.994,5216.0,1.195,0.4877,843692
101,3821,1344,3,58572.237846,30.915,34.27,23.5,0.58,9,9,7.35e-07,5.041e-07,,,ec0915.190330.843693_ooi_z_v1_N22_160306.523733_ooi_z_v1_N22.diff.fits,0x0000,388,z,TEMPLATE,t,0.4535,1.115,0.069,4.214,21.987,4793.0,0.735,0.5041,843693
101,3821,1344,3,58578.206222,30.915,-5.15,12.2,0.64,9,9,-1.105e-07,2.616e-07,,,ec0915.190405.846168_ooi_z_v1_N22_160306.523733_ooi_z_v1_N22.diff.fits,0x0000,392,z,TEMPLATE,t,1.0249,0.832,0.109,3.986,22.804,6648.0,-0.1105,0.2616,846168
101,3821,1344,3,58639.02291,30.915,-22.05,35.98,0.56,9,9,-4.728e-07,7.715e-07,,,ec0915.190605.862065_ooi_z_v1_N22_160306.523733_ooi_z_v1_N22.diff.fits,0x0000,396,z,TEMPLATE,t,0.4406,0.878,0.063,3.587,21.698,9151.0,-0.4728,0.7715000000000001,862065
101,3821,1344,3,58691.95826,30.915,-50.41,35.5,0.62,9,9,-1.081e-06,7.614e-07,,,ec0915.190727.879486_ooi_z_v1_N22_160306.523733_ooi_z_v1_N22.diff.fits,0x0000,397,z,TEMPLATE,t,0.6597,1.016,0.066,4.036,21.499,27221.0,-1.081,0.7614000000000001,879486
101,3821,1344,3,58818.262285,30.915,-20.35,12.63,0.52,9,9,-4.364e-07,2.708e-07,,,ec0915.191201.912644_ooi_z_vx_N22_160306.523733_ooi_z_v1_N22.diff.fits,0x0000,406,z,TEMPLATE,t,1.1264,1.31,0.152,3.599,22.872,7481.0,-0.4364,0.27080000000000004,912644
101,3821,1344,3,58818.262285,30.915,1.49,12.81,0.62,9,9,3.195e-08,2.747e-07,,,ec0915.191201.912644_ooi_z_v1_N22_160306.523733_ooi_z_v1_N22.diff.fits,0x0000,405,z,TEMPLATE,t,1.1253,1.157,0.085,3.6,22.863,7593.0,0.03195,0.2747,912644
101,3821,1344,3,58818.27059,30.915,-23.44,11.47,0.66,9,9,-5.026e-07,2.459e-07,,,ec0915.191201.912648_ooi_z_v1_N22_160306.523733_ooi_z_v1_N22.diff.fits,0x0000,410,z,TEMPLATE,t,1.1387,1.094,0.103,3.313,22.974,7022.0,-0.5025999999999999,0.2459,912648
101,3821,1344,3,58840.279334,30.915,-18.87,9.31,0.99,9,9,-4.047e-07,1.996e-07,,,ec0915.191223.921762_ooi_z_v1_N22_160306.523733_ooi_z_v1_N22.diff.fits,0x0000,414,z,TEMPLATE,t,1.1448,1.315,0.161,3.23,23.351,4028.0,-0.4047,0.1996,921762
101,3821,1344,3,58840.287634,30.915,-1.02,9.12,0.78,9,9,-2.193e-08,1.956e-07,,,ec0915.191223.921766_ooi_z_v1_N22_160306.523733_ooi_z_v1_N22.diff.fits,0x0000,418,z,TEMPLATE,t,1.1553,1.201,0.15,2.968,23.373,4317.0,-0.021929999999999998,0.1956,921766
101,3821,1344,3,58840.363289,30.915,-7.54,17.92,1.53,9,9,-1.617e-07,3.842e-07,,,ec0915.191223.921802_ooi_z_v1_N22_160306.523733_ooi_z_v1_N22.diff.fits,0x0000,422,z,TEMPLATE,t,0.5851,1.226,0.129,2.65,22.756,4509.0,-0.1617,0.3842,921802
101,3821,1344,3,58848.301947,30.915,-20.06,10.59,1.21,9,9,-4.303e-07,2.271e-07,,,ec0915.191231.923831_ooi_z_v1_N22_160306.523733_ooi_z_v1_N22.diff.fits,0x0000,426,z,TEMPLATE,t,1.1973,1.426,0.21,2.611,23.578,4309.0,-0.43029999999999996,0.2271,923831
101,3821,1344,3,58848.31023,30.915,-16.53,8.53,1.43,9,9,-3.544e-07,1.83e-07,,,ec0915.191231.923835_ooi_z_v1_N22_160306.523733_ooi_z_v1_N22.diff.fits,0x0000,430,z,TEMPLATE,t,1.2048,1.259,0.133,3.537,23.364,4099.0,-0.3544,0.18300000000000002,923835
101,3821,1344,3,58848.348661,30.915,-24.23,11.92,2.55,9,9,-5.196e-07,2.556e-07,,,ec0915.191231.923853_ooi_z_v1_N22_160306.523733_ooi_z_v1_N22.diff.fits,0x0000,432,z,TEMPLATE,t,0.5858,1.305,0.178,2.912,23.094,2111.0,-0.5196,0.2556,923853
101,3821,1344,3,58870.169795,30.915,-30.9,9.84,2.38,9,9,-6.627e-07,2.11e-07,,,ec0915.200122.925785_ooi_z_v1_N22_160306.523733_ooi_z_v1_N22.diff.fits,0x0000,436,z,TEMPLATE,t,1.056,1.196,0.111,3.884,22.984,5016.0,-0.6627000000000001,0.211,925785
101,3821,1344,3,58877.17514,30.915,-25.47,10.15,1.19,9,9,-5.462e-07,2.178e-07,,,ec0915.200129.927465_ooi_z_v1_N22_160306.523733_ooi_z_v1_N22.diff.fits,0x0000,440,z,TEMPLATE,t,1.0048,1.181,0.094,4.728,22.772,4312.0,-0.5461999999999999,0.2178,927465
101,3821,1344,3,58905.154089,30.915,-19.11,8.65,0.72,9,9,-4.099e-07,1.855e-07,,,ec0915.200226.938759_ooi_z_v1_N22_160306.523733_ooi_z_v1_N22.diff.fits,0x0000,444,z,TEMPLATE,t,1.1088,1.238,0.13,3.857,23.09,4273.0,-0.4099,0.1855,938759
101,3821,1344,3,59146.349303,30.915,-19.76,11.15,0.77,9,9,-4.238e-07,2.391e-07,,,ec0915.201024.948166_ooi_z_v1_N22_160306.523733_ooi_z_v1_N22.diff.fits,0x0000,448,z,TEMPLATE,t,1.1096,1.213,0.112,4.401,22.807,6017.0,-0.4238,0.2391,948166
101,3821,1344,3,59176.305734,30.915,-13.9,10.31,1.79,9,9,-2.981e-07,2.21e-07,,,ec0915.201123.957181_ooi_z_v1_N22_160306.523733_ooi_z_v1_N22.diff.fits,0x0000,452,z,TEMPLATE,t,1.1309,1.408,0.209,3.806,23.004,5426.0,-0.2981,0.221,957181
101,3821,1344,3,59236.261521,30.915,-24.87,10.44,1.01,9,9,-5.334e-07,2.239e-07,,,ec0915.210122.958768_ooi_z_v1_N22_160306.523733_ooi_z_v1_N22.diff.fits,0x0000,455,z,TEMPLATE,t,1.0432,1.468,0.226,4.415,22.848,4910.0,-0.5334000000000001,0.22390000000000002,958768
101,3821,1344,3,59301.045653,30.915,16.8,19.81,0.73,9,9,3.603e-07,4.249e-07,,,ec0915.210328.978113_ooi_z_v1_N22_160306.523733_ooi_z_v1_N22.diff.fits,0x0000,463,z,TEMPLATE,t,0.5115,1.197,0.11,3.635,22.321,4215.0,0.3603,0.4249,978113
101,3821,1344,3,59304.008094,30.915,-23.08,16.31,2.68,9,9,-4.949e-07,3.498e-07,,,ec0915.210331.979132_ooi_z_v1_N22_160306.523733_ooi_z_v1_N22.diff.fits,0x0000,465,z,TEMPLATE,t,0.5342,1.207,0.1,4.205,22.455,2752.0,-0.4949,0.3498,979132
101,3821,1344,3,59307.091802,30.915,-32.88,15.4,1.02,9,9,-7.05e-07,3.302e-07,,,ec0915.210403.980345_ooi_z_v1_N22_160306.523733_ooi_z_v1_N22.diff.fits,0x0000,467,z,TEMPLATE,t,0.5061,1.244,0.114,4.768,22.357,2177.0,-0.7050000000000001,0.3302,980345
101,3821,1344,3,59512.377811,30.915,-44.65,33.38,1.57,9,9,-9.576e-07,7.158e-07,,,ec0915.211025.1046077_ooi_z_v1_N22_160306.523733_ooi_z_v1_N22.diff.fits,0x0000,480,z,TEMPLATE,t,0.5334,1.15,0.102,3.379,21.799,13643.0,-0.9575999999999999,0.7158,1046077
101,3821,1344,3,59570.324687,30.915,0.26,14.06,1.04,9,9,5.672e-09,3.016e-07,,,ec0915.211222.1064957_ooi_z_v1_N22_160306.523733_ooi_z_v1_N22.diff.fits,0x0000,498,z,TEMPLATE,t,0.5707,1.198,0.099,3.806,22.636,2504.0,0.005672,0.3016,1064957
101,3821,1344,3,59572.282599,30.915,25.52,14.6,1.09,9,9,5.472e-07,3.131e-07,,,ec0915.211224.1065702_ooi_z_v1_N22_160306.523733_ooi_z_v1_N22.diff.fits,0x0000,499,z,TEMPLATE,t,0.4824,1.241,0.131,3.245,22.627,2317.0,0.5472,0.31310000000000004,1065702
101,3821,1344,3,59634.202353,30.915,-18.08,10.96,0.59,9,9,-3.878e-07,2.349e-07,,,ec0915.220224.1083414_ooi_z_v1_N22_160306.523733_ooi_z_v1_N22.diff.fits,0x0000,516,z,TEMPLATE,t,1.1791,1.539,0.299,3.317,23.07,6473.0,-0.38780000000000003,0.2349,1083414
101,3821,1344,3,59899.356462,30.915,-17.91,31.31,0.81,9,9,-3.84e-07,6.715e-07,,,ec0915.221116.1150882_ooi_z_v1_N22_160306.523733_ooi_z_v1_N22.diff.fits,0x0000,538,z,TEMPLATE,t,0.5615,1.16,0.102,3.141,21.994,11086.0,-0.384,0.6715000000000001,1150882
101,3821,1344,3,59948.227068,30.915,39.46,16.19,1.77,9,9,8.462e-07,3.471e-07,,,ec0915.230104.1162015_ooi_z_v1_N22_160306.523733_ooi_z_v1_N22.diff.fits,0x0000,545,z,TEMPLATE,t,0.4907,1.266,0.141,3.614,22.552,2640.0,0.8462000000000001,0.34709999999999996,1162015
101,3821,1344,3,60126.974862,30.915,-28.29,25.08,0.97,9,9,-6.068e-07,5.379e-07,,,ec0915.230701.1217849_ooi_z_v1_N22_160306.523733_ooi_z_v1_N22.diff.fits,0x0000,576,z,TEMPLATE,t,0.5718,1.22,0.139,3.114,22.311,7670.0,-0.6068,0.5378999999999999,1217849
101,3821,1344,3,60156.989461,30.915,-26.1,22.38,0.85,9,9,-5.597e-07,4.8e-07,,,ec0915.230731.1227300_ooi_z_v1_N22_160306.523733_ooi_z_v1_N22.diff.fits,0x0000,581,z,TEMPLATE,t,0.5727,1.161,0.088,4.474,21.851,7123.0,-0.5597,0.48,1227300
101,3821,1344,3,60361.185082,30.915,64.1,29.79,0.75,9,9,1.375e-06,6.389e-07,,,ec0915.240221.1278342_ooi_z_v1_N22_160306.523733_ooi_z_v1_N22.diff.fits,0x0000,612,z,TEMPLATE,t,0.3481,1.254,0.149,3.138,22.084,4002.0,1.375,0.6389,1278342
101,3821,1344,3,60427.053895,30.915,44.25,21.94,0.75,9,9,9.491e-07,4.704e-07,,,ec0915.240427.1293150_ooi_z_v1_N22_160306.523733_ooi_z_v1_N22.diff.fits,0x0000,631,z,TEMPLATE,t,0.4412,1.246,0.141,3.114,22.273,4553.0,0.9491,0.4704,1293150
101,3821,1344,3,60486.991345,30.915,-100.28,13.28,1.22,9,9,-2.151e-06,2.847e-07,,,ec0915.240625.1305583_ooi_z_v1_N22_160306.523733_ooi_z_v1_N22.diff.fits,0x0000,648,z,TEMPLATE,t,0.5759,1.272,0.07,5.071,22.396,2469.0,-2.151,0.2847,1305583
101,3821,1344,3,60508.01389,30.915,-68.62,23.81,1.58,9,9,-1.472e-06,5.105e-07,,,ec0915.240717.1312960_ooi_z_v1_N22_160306.523733_ooi_z_v1_N22.diff.fits,0x0000,657,z,TEMPLATE,t,0.5675,1.125,0.046,4.761,21.822,7694.0,-1.472,0.5105000000000001,1312960
101,3821,1344,3,60796.012609,30.915,259.77,493.03,2.14,9,9,5.571e-06,1.057e-05,,,ec0915.250501.1383216_ooi_z_v1_N22_160306.523733_ooi_z_v1_N22.diff.fits,0x0000,802,z,TEMPLATE,t,0.0156,1.095,0.048,4.827,18.41,2487.0,5.571,10.57,1383216
101,3821,1344,3,60810.00515,30.915,-122.93,48.64,1.32,9,9,-2.636e-06,1.043e-06,,,ec0915.250515.1385416_ooi_z_v1_N22_160306.523733_ooi_z_v1_N22.diff.fits,0x0000,817,z,TEMPLATE,t,0.2462,1.214,0.108,2.67,21.572,6937.0,-2.6359999999999997,1.043,1385416
101,3821,1344,3,60811.012032,30.915,-30.31,37.63,1.75,9,9,-6.5e-07,8.07e-07,,,ec0915.250516.1385995_ooi_z_v1_N22_160306.523733_ooi_z_v1_N22.diff.fits,0x0000,824,z,TEMPLATE,t,0.2676,1.351,0.182,2.819,21.901,4248.0,-0.65,0.8069999999999999,1385995
101,3821,1344,3,60836.034265,30.915,-102.48,28.5,0.64,9,9,-2.198e-06,6.113e-07,,,ec0915.250610.1395332_ooi_z_v1_N22_160306.523733_ooi_z_v1_N22.diff.fits,0x0000,845,z,TEMPLATE,t,0.4464,1.185,0.081,4.492,21.636,6836.0,-2.198,0.6113,1395332
101,3821,1344,3,60861.985881,30.915,19.63,239.9,1.4,9,9,4.21e-07,5.145e-06,,,ec0915.250705.1404550_ooi_z_v1_N22_160306.523733_ooi_z_v1_N22.diff.fits,0x0000,861,z,TEMPLATE,t,0.0781,1.115,0.056,7.942,18.755,14860.0,0.42100000000000004,5.145,1404550
101,3821,1344,3,60885.981919,30.915,-221.45,85.76,0.94,9,9,-4.749e-06,1.839e-06,,,ec0915.250729.1410882_ooi_z_v1_N22_160306.523733_ooi_z_v1_N22.diff.fits,0x0000,878,z,TEMPLATE,t,0.1174,1.156,0.081,5.031,20.453,4021.0,-4.749,1.8390000000000002,1410882
101,3821,1344,3,60891.978828,30.915,-274.47,59.72,0.62,9,9,-5.886e-06,1.281e-06,,,ec0915.250804.1411935_ooi_z_v1_N22_160306.523733_ooi_z_v1_N22.diff.fits,0x0000,882,z,TEMPLATE,t,0.2642,1.143,0.074,3.756,21.204,8976.0,-5.886,1.2810000000000001,1411935
101,3821,1344,3,60988.321944,30.915,-192.47,16.99,1.66,9,9,-4.128e-06,3.643e-07,,,ec0915.251109.1433487_ooi_z_v1_N22_160306.523733_ooi_z_v1_N22.diff.fits,0x0000,923,z,TEMPLATE,t,0.545,1.532,0.233,4.536,22.309,3622.0,-4.128,0.3643,1433487
101,3821,1344,3,60997.332383,30.915,-106.35,28.15,0.91,9,9,-2.281e-06,6.038e-07,,,ec0915.251118.1436429_ooi_z_v1_N22_160306.523733_ooi_z_v1_N22.diff.fits,0x0000,936,z,TEMPLATE,t,0.2931,1.33,0.162,3.198,22.001,3094.0,-2.2809999999999997,0.6038,1436429
101,3821,1344,3,61000.294623,30.915,695.21,643.83,0.47,9,9,1.491e-05,1.381e-05,,,ec0915.251121.1437419_ooi_z_v1_N22_160306.523733_ooi_z_v1_N22.diff.fits,0x0000,940,z,TEMPLATE,t,0.0097,1.092,0.062,3.949,18.505,1654.0,14.91,13.81,1437419
101,3821,1344,3,61054.348165,30.915,-195.73,11.36,0.9,9,9,-4.198e-06,2.437e-07,,,ec0915.260114.1448793_ooi_z_v1_N22_160306.523733_ooi_z_v1_N22.diff.fits,0x0000,999,z,TEMPLATE,t,0.5609,1.611,0.263,3.106,23.245,1314.0,-4.198,0.2437,1448793
101,3821,1344,3,61111.243969,30.915,-209.73,11.36,1.7,9,9,-4.498e-06,2.435e-07,,,ec0915.260312.1462192_ooi_z_v1_N22_160306.523733_ooi_z_v1_N22.diff.fits,0x0000,1076,z,TEMPLATE,t,0.5703,1.382,0.135,4.012,22.768,1832.0,-4.498,0.24349999999999997,1462192
102,3830,1337,3,56341.289265,30.915,113.23,10.41,2.87,9,9,2.428e-06,2.232e-07,22.937,0.099782,ec0915.130218.178885_ooi_z_N22_160306.523733_ooi_z_v1_N22.diff.fits,0x0000,10,z,TEMPLATE,t,0.8508,1.259,0.057,4.678,22.854,3300.0,2.428,0.22319999999999998,178885
102,3830,1337,3,56341.291336,30.915,97.74,10.88,1.06,9,9,2.096e-06,2.333e-07,23.097,0.120831,ec0915.130218.178886_ooi_z_N22_160306.523733_ooi_z_v1_N22.diff.fits,0x0000,11,z,TEMPLATE,t,0.8473,1.266,0.073,4.273,22.895,3347.0,2.096,0.2333,178886
102,3830,1337,3,56360.209714,30.915,134.5,12.3,1.14,9,9,2.884e-06,2.638e-07,22.75,0.099285,ec0915.130309.184932_ooi_z_N22_160306.523733_ooi_z_v1_N22.diff.fits,0x0000,16,z,TEMPLATE,t,0.5299,1.501,0.167,2.985,23.119,1727.0,2.884,0.26380000000000003,184932
102,3830,1337,3,56418.977034,30.915,116.03,10.56,1.27,9,9,2.488e-06,2.265e-07,22.91,0.098836,ec0915.130506.204629_ooi_z_v1_N22_160306.523733_ooi_z_v1_N22.diff.fits,0x0000,26,z,TEMPLATE,t,1.148,1.415,0.136,4.154,22.944,6628.0,2.488,0.2265,204629
102,3830,1337,3,56487.988309,30.915,117.3,10.6,0.46,9,9,2.516e-06,2.272e-07,22.898,0.098073,ec0915.130714.218757_ooi_z_N22_160306.523733_ooi_z_v1_N22.diff.fits,0x0000,30,z,TEMPLATE,t,1.1066,1.401,0.139,4.132,22.883,6364.0,2.516,0.22719999999999999,218757
102,3830,1337,3,56488.988287,30.915,101.3,9.98,0.99,9,9,2.172e-06,2.141e-07,23.058,0.10698,ec0915.130715.219201_ooi_z_N22_160306.523733_ooi_z_v1_N22.diff.fits,0x0000,34,z,TEMPLATE,t,1.1771,1.424,0.157,3.539,23.022,6998.0,2.172,0.21409999999999998,219201
102,3830,1337,3,56489.013217,30.915,97.14,10.87,0.5,9,9,2.083e-06,2.332e-07,23.103,0.121536,ec0915.130716.219213_ooi_z_N22_160306.523733_ooi_z_v1_N22.diff.fits,0x0000,38,z,TEMPLATE,t,1.1635,1.349,0.109,3.653,23.001,6723.0,2.0829999999999997,0.2332,219213
102,3830,1337,3,56612.306942,30.915,113.69,11.03,0.9,9,9,2.438e-06,2.366e-07,22.932,0.105357,ec0915.131116.254783_ooi_z_N22_160306.523733_ooi_z_v1_N22.diff.fits,0x0000,43,z,TEMPLATE,t,1.1224,1.313,0.078,4.868,22.731,6461.0,2.438,0.23659999999999998,254783
102,3830,1337,3,56668.211483,30.915,115.95,9.21,1.02,9,9,2.487e-06,1.975e-07,22.911,0.086213,ec0915.140111.273124_ooi_z_N22_160306.523733_ooi_z_v1_N22.diff.fits,0x0000,47,z,TEMPLATE,t,1.172,1.495,0.158,3.611,23.257,4304.0,2.487,0.19749999999999998,273124
102,3830,1337,3,56668.219813,30.915,108.87,7.91,3.09,9,9,2.335e-06,1.697e-07,22.979,0.078928,ec0915.140111.273128_ooi_z_N22_160306.523733_ooi_z_v1_N22.diff.fits,0x0000,51,z,TEMPLATE,t,1.1786,1.44,0.115,4.442,23.028,4385.0,2.335,0.1697,273128
102,3830,1337,3,56713.197028,30.915,87.26,9.06,1.61,9,9,1.871e-06,1.943e-07,23.22,0.112701,ec0915.140225.288123_ooi_z_N22_160306.523733_ooi_z_v1_N22.diff.fits,0x0000,79,z,TEMPLATE,t,1.1672,1.419,0.125,3.898,23.153,5178.0,1.871,0.1943,288123
102,3830,1337,3,56764.149481,30.915,91.59,9.87,1.31,9,9,1.964e-06,2.117e-07,23.167,0.117046,ec0915.140417.301623_ooi_z_v1_N22_160306.523733_ooi_z_v1_N22.diff.fits,0x0000,84,z,TEMPLATE,t,1.0992,1.466,0.159,3.443,23.118,5856.0,1.9640000000000002,0.2117,301623
102,3830,1337,3,56764.153625,30.915,79.6,10.13,0.94,9,9,1.707e-06,2.171e-07,23.319,0.138116,ec0915.140417.301625_ooi_z_v1_N22_160306.523733_ooi_z_v1_N22.diff.fits,0x0000,86,z,TEMPLATE,t,1.0967,1.435,0.125,3.415,23.19,5889.0,1.7069999999999999,0.21710000000000002,301625
102,3830,1337,3,56814.091425,30.915,98.39,8.91,0.93,9,9,2.11e-06,1.91e-07,23.089,0.098285,ec0915.140606.320269_ooi_z_v1_N22_160306.523733_ooi_z_v1_N22.diff.fits,0x0000,89,z,TEMPLATE,t,1.1459,1.413,0.09,5.263,22.754,5333.0,2.1100000000000003,0.191,320269
102,3830,1337,3,56834.960611,30.915,87.58,12.58,0.44,9,9,1.878e-06,2.698e-07,23.216,0.155969,ec0915.140626.331029_ooi_z_v1_N22_160306.523733_ooi_z_v1_N22.diff.fits,0x0000,91,z,TEMPLATE,t,1.0967,1.452,0.12,4.69,22.667,7577.0,1.8780000000000001,0.2698,331029
102,3830,1337,3,56854.965339,30.915,101.36,13.25,1.63,9,9,2.174e-06,2.842e-07,23.057,0.141939,ec0915.140716.337810_ooi_z_v1_N22_160306.523733_ooi_z_v1_N22.diff.fits,0x0000,99,z,TEMPLATE,t,1.0126,1.426,0.119,4.132,22.811,6947.0,2.174,0.2842,337810
102,3830,1337,3,56998.316848,30.915,36.4,12.16,0.82,9,9,7.807e-07,2.608e-07,,,ec0915.141207.384681_ooi_z_v1_N22_160306.523733_ooi_z_v1_N22.diff.fits,0x0000,106,z,TEMPLATE,t,1.1284,1.229,0.117,3.559,22.939,6560.0,0.7807,0.26080000000000003,384681
102,3830,1337,3,56998.321015,30.915,15.89,11.13,0.62,9,9,3.408e-07,2.387e-07,,,ec0915.141207.384683_ooi_z_v1_N22_160306.523733_ooi_z_v1_N22.diff.fits,0x0000,108,z,TEMPLATE,t,1.1258,1.196,0.077,4.304,22.778,6407.0,0.3408,0.2387,384683
102,3830,1337,3,57026.228979,30.915,13.5,11.65,1.31,9,9,2.895e-07,2.499e-07,,,ec0915.150104.394285_ooi_z_v1_N22_160306.523733_ooi_z_v1_N22.diff.fits,0x0000,111,z,TEMPLATE,t,1.0335,1.269,0.148,3.39,22.831,6751.0,0.2895,0.24989999999999998,394285
102,3830,1337,3,57026.233149,30.915,21.88,12.07,0.31,9,9,4.692e-07,2.587e-07,,,ec0915.150104.394287_ooi_z_v1_N22_160306.523733_ooi_z_v1_N22.diff.fits,0x0000,113,z,TEMPLATE,t,1.0467,1.125,0.082,3.691,22.789,6901.0,0.4692,0.2587,394287
102,3830,1337,3,57050.242086,30.915,85.14,8.38,1.49,9,9,1.826e-06,1.797e-07,23.246,0.106879,ec0915.150128.403911_ooi_z_v1_N22_160306.523733_ooi_z_v1_N22.diff.fits,0x0000,118,z,TEMPLATE,t,0.9842,1.261,0.131,4.029,23.145,3149.0,1.826,0.1797,403911
102,3830,1337,3,57053.240481,30.915,54.24,10.49,1.04,9,9,1.163e-06,2.249e-07,23.736,0.209947,ec0915.150131.404893_ooi_z_v1_N22_160306.523733_ooi_z_v1_N22.diff.fits,0x0000,122,z,TEMPLATE,t,1.073,1.194,0.087,3.937,22.876,5245.0,1.1629999999999998,0.22490000000000002,404893
102,3830,1337,3,57056.260361,30.915,58.69,11.91,1.35,9,9,1.259e-06,2.553e-07,23.65,0.220269,ec0915.150203.405992_ooi_z_ls9_N22_160306.523733_ooi_z_v1_N22.diff.fits,0x0000,126,z,TEMPLATE,t,1.1387,1.22,0.117,3.582,22.902,6587.0,1.259,0.2553,405992
102,3830,1337,3,57056.268626,30.915,26.16,11.6,0.57,9,9,5.61e-07,2.487e-07,,,ec0915.150203.405996_ooi_z_ls9_N22_160306.523733_ooi_z_v1_N22.diff.fits,0x0000,130,z,TEMPLATE,t,1.1421,1.042,0.093,3.48,22.867,7293.0,0.561,0.2487,405996
102,3830,1337,3,57083.233746,30.915,38.94,11.31,1.02,9,9,8.352e-07,2.425e-07,24.096,0.315231,ec0915.150302.417215_ooi_z_v1_N22_160306.523733_ooi_z_v1_N22.diff.fits,0x0000,135,z,TEMPLATE,t,1.043,1.205,0.135,3.416,23.018,4875.0,0.8351999999999999,0.24250000000000002,417215
102,3830,1337,3,57088.183133,30.915,68.18,11.68,0.99,9,9,1.462e-06,2.504e-07,23.488,0.185951,ec0915.150307.419088_ooi_z_v1_N22_160306.523733_ooi_z_v1_N22.diff.fits,0x0000,136,z,TEMPLATE,t,1.0547,1.158,0.08,3.392,23.026,6188.0,1.462,0.2504,419088
102,3830,1337,3,57088.185779,30.915,57.1,12.11,0.76,9,9,1.225e-06,2.597e-07,23.68,0.23028,ec0915.150307.419089_ooi_z_v1_N22_160306.523733_ooi_z_v1_N22.diff.fits,0x0000,137,z,TEMPLATE,t,1.0497,1.223,0.109,2.884,23.166,5927.0,1.2249999999999999,0.2597,419089
102,3830,1337,3,57117.011808,30.915,76.86,12.96,0.66,9,9,1.648e-06,2.78e-07,23.357,0.183087,ec0915.150405.429230_ooi_z_v1_N22_160306.523733_ooi_z_v1_N22.diff.fits,0x0000,143,z,TEMPLATE,t,1.0671,1.153,0.082,4.288,22.642,7571.0,1.648,0.27799999999999997,429230
102,3830,1337,3,57117.015936,30.915,85.51,10.91,1.37,9,9,1.834e-06,2.339e-07,23.242,0.138482,ec0915.150405.429232_ooi_z_v1_N22_160306.523733_ooi_z_v1_N22.diff.fits,0x0000,145,z,TEMPLATE,t,1.0619,1.19,0.061,4.641,22.633,6637.0,1.8339999999999999,0.2339,429232
102,3830,1337,3,57139.0088,30.915,46.91,10.37,0.32,9,9,1.006e-06,2.225e-07,23.894,0.240081,ec0915.150427.437746_ooi_z_v1_N22_160306.523733_ooi_z_v1_N22.diff.fits,0x0000,151,z,TEMPLATE,t,1.041,1.249,0.072,5.414,22.529,5505.0,1.006,0.22249999999999998,437746
102,3830,1337,3,57171.013911,30.915,-114.19,248.69,0.97,9,9,-2.449e-06,5.333e-06,,,ec0915.150529.443410_ooi_z_v1_N22_160306.523733_ooi_z_v1_N22.diff.fits,0x0000,153,z,TEMPLATE,t,0.0897,1.165,0.048,4.037,19.422,24525.0,-2.4490000000000003,5.332999999999999,443410
102,3830,1337,3,57171.018007,30.915,-146.74,242.06,1.46,9,9,-3.147e-06,5.191e-06,,,ec0915.150529.443412_ooi_z_v1_N22_160306.523733_ooi_z_v1_N22.diff.fits,0x0000,155,z,TEMPLATE,t,0.0982,1.177,0.056,3.466,19.689,24114.0,-3.1470000000000002,5.191,443412
102,3830,1337,3,57171.117306,30.915,-635.31,823.5,2.89,9,9,-1.362e-05,1.766e-05,,,ec0915.150529.443454_ooi_z_v1_N22_160306.523733_ooi_z_v1_N22.diff.fits,0x0000,157,z,TEMPLATE,t,0.0325,1.214,0.051,3.988,18.396,27448.0,-13.62,17.66,443454
102,3830,1337,3,57171.121418,30.915,909.26,996.04,1.59,9,9,1.95e-05,2.136e-05,,,ec0915.150529.443456_ooi_z_v1_N22_160306.523733_ooi_z_v1_N22.diff.fits,0x0000,159,z,TEMPLATE,t,0.0241,1.205,0.059,3.624,18.227,28127.0,19.5,21.36,443456
102,3830,1337,3,57198.960089,30.915,53.85,13.63,0.93,9,9,1.155e-06,2.923e-07,23.744,0.274809,ec0915.150625.453952_ooi_z_v1_N22_160306.523733_ooi_z_v1_N22.diff.fits,0x0000,164,z,TEMPLATE,t,1.0789,1.109,0.062,4.714,22.377,10108.0,1.155,0.2923,453952
102,3830,1337,3,57198.965698,30.915,41.27,14.37,0.82,9,9,8.851e-07,3.082e-07,,,ec0915.150625.453955_ooi_z_v1_N22_160306.523733_ooi_z_v1_N22.diff.fits,0x0000,167,z,TEMPLATE,t,1.0696,1.223,0.064,4.277,22.481,10187.0,0.8851,0.30820000000000003,453955
102,3830,1337,3,57199.005294,30.915,25.66,12.04,1.17,9,9,5.502e-07,2.583e-07,,,ec0915.150626.453976_ooi_z_v1_N22_160306.523733_ooi_z_v1_N22.diff.fits,0x0000,170,z,TEMPLATE,t,1.0649,1.202,0.083,4.295,22.633,7612.0,0.5502,0.2583,453976
102,3830,1337,3,57387.340403,30.915,5.71,11.18,1.36,9,9,1.225e-07,2.399e-07,,,ec0915.151231.507220_ooi_z_v1_N22_160306.523733_ooi_z_v1_N22.diff.fits,0x0000,176,z,TEMPLATE,t,1.0642,1.234,0.126,3.164,23.086,5609.0,0.1225,0.23990000000000003,507220
102,3830,1337,3,57388.334629,30.915,-3.29,9.05,0.91,9,9,-7.056e-08,1.942e-07,,,ec0915.160101.507561_ooi_z_v1_N22_160306.523733_ooi_z_v1_N22.diff.fits,0x0000,180,z,TEMPLATE,t,1.0844,1.228,0.102,3.599,23.14,4209.0,-0.07056,0.1942,507561
102,3830,1337,3,57443.170926,30.915,4.83,11.88,0.83,9,9,1.035e-07,2.547e-07,,,ec0915.160225.519763_ooi_z_v1_N22_160306.523733_ooi_z_v1_N22.diff.fits,0x0000,183,z,TEMPLATE,t,1.0313,1.116,0.072,3.975,22.746,6057.0,0.1035,0.25470000000000004,519763
102,3830,1337,3,57443.175066,30.915,1.19,12.15,1.01,9,9,2.557e-08,2.607e-07,,,ec0915.160225.519765_ooi_z_v1_N22_160306.523733_ooi_z_v1_N22.diff.fits,0x0000,185,z,TEMPLATE,t,1.0353,1.109,0.06,4.579,22.596,5911.0,0.02557,0.2607,519765
102,3830,1337,3,57452.205272,30.915,16.42,12.81,0.68,9,9,3.522e-07,2.747e-07,,,ec0915.160305.523437_ooi_z_v1_N22_160306.523733_ooi_z_v1_N22.diff.fits,0x0000,187,z,TEMPLATE,t,1.0771,1.286,0.146,2.451,23.522,4633.0,0.3522,0.2747,523437
102,3830,1337,3,57535.95023,30.915,70.91,40.8,1.23,9,9,1.521e-06,8.749e-07,,,ec0915.160527.545715_ooi_z_v1_N22_160306.523733_ooi_z_v1_N22.diff.fits,0x0000,190,z,TEMPLATE,t,0.3206,1.151,0.067,3.798,21.456,7315.0,1.521,0.8749,545715
102,3830,1337,3,57535.954356,30.915,-66.38,38.13,1.07,9,9,-1.424e-06,8.178e-07,,,ec0915.160527.545717_ooi_z_v1_N22_160306.523733_ooi_z_v1_N22.diff.fits,0x0000,192,z,TEMPLATE,t,0.3243,1.121,0.056,4.145,21.475,5947.0,-1.4240000000000002,0.8178000000000001,545717
102,3830,1337,3,57535.991722,30.915,23.16,11.77,0.46,9,9,4.967e-07,2.523e-07,,,ec0915.160527.545735_ooi_z_v1_N22_160306.523733_ooi_z_v1_N22.diff.fits,0x0000,194,z,TEMPLATE,t,0.8908,1.309,0.092,4.077,22.828,4546.0,0.49670000000000003,0.2523,545735
102,3830,1337,3,57535.995867,30.915,43.44,10.09,0.33,9,9,9.317e-07,2.164e-07,23.977,0.252134,ec0915.160527.545737_ooi_z_v1_N22_160306.523733_ooi_z_v1_N22.diff.fits,0x0000,196,z,TEMPLATE,t,0.9992,1.236,0.106,3.527,22.982,4803.0,0.9317,0.2164,545737
102,3830,1337,3,57545.965079,30.915,56.33,14.51,0.73,9,9,1.208e-06,3.111e-07,23.695,0.279582,ec0915.160606.547142_ooi_z_v1_N22_160306.523733_ooi_z_v1_N22.diff.fits,0x0000,206,z,TEMPLATE,t,0.5751,1.139,0.076,4.454,22.464,3034.0,1.208,0.31110000000000004,547142
102,3830,1337,3,57566.040208,30.915,95.84,14.46,1.1,9,9,2.055e-06,3.101e-07,23.118,0.163789,ec0915.160627.549002_ooi_z_v1_N22_160306.523733_ooi_z_v1_N22.diff.fits,0x0000,210,z,TEMPLATE,t,0.9597,1.114,0.072,4.658,22.451,8142.0,2.0549999999999997,0.3101,549002
102,3830,1337,3,57764.169856,30.915,80.88,10.68,0.19,9,9,1.734e-06,2.291e-07,23.302,0.143388,ec0915.170111.608550_ooi_z_v1_N22_160306.523733_ooi_z_v1_N22.diff.fits,0x0000,213,z,TEMPLATE,t,1.0318,1.268,0.139,3.199,23.075,5482.0,1.734,0.2291,608550
102,3830,1337,3,57764.173997,30.915,94.7,11.53,2.16,9,9,2.031e-06,2.473e-07,23.131,0.132184,ec0915.170111.608552_ooi_z_v1_N22_160306.523733_ooi_z_v1_N22.diff.fits,0x0000,215,z,TEMPLATE,t,1.039,1.151,0.106,3.214,23.05,5620.0,2.031,0.2473,608552
102,3830,1337,3,57769.284073,30.915,56.94,10.38,1.31,9,9,1.221e-06,2.225e-07,23.683,0.197862,ec0915.170116.609360_ooi_z_v1_N22_160306.523733_ooi_z_v1_N22.diff.fits,0x0000,217,z,TEMPLATE,t,1.0338,1.183,0.119,3.18,23.349,4050.0,1.221,0.22249999999999998,609360
102,3830,1337,3,57769.288221,30.915,70.03,10.85,0.39,9,9,1.502e-06,2.327e-07,23.459,0.168239,ec0915.170116.609362_ooi_z_v1_N22_160306.523733_ooi_z_v1_N22.diff.fits,0x0000,219,z,TEMPLATE,t,1.0319,1.156,0.125,3.214,23.332,4079.0,1.502,0.23270000000000002,609362
102,3830,1337,3,57794.308614,30.915,67.22,11.3,1.16,9,9,1.441e-06,2.423e-07,23.503,0.182515,ec0915.170210.619020_ooi_z_v1_N22_160306.523733_ooi_z_v1_N22.diff.fits,0x0000,231,z,TEMPLATE,t,1.0675,1.149,0.1,3.599,22.954,5829.0,1.441,0.2423,619020
102,3830,1337,3,57795.317714,30.915,81.87,11.79,1.25,9,9,1.756e-06,2.527e-07,23.289,0.156289,ec0915.170211.619366_ooi_z_v1_N22_160306.523733_ooi_z_v1_N22.diff.fits,0x0000,233,z,TEMPLATE,t,1.0286,1.208,0.115,2.859,23.098,6629.0,1.756,0.2527,619366
102,3830,1337,3,57798.077705,30.915,54.77,13.43,0.84,9,9,1.175e-06,2.879e-07,23.725,0.266123,ec0915.170214.620291_ooi_z_v1_N22_160306.523733_ooi_z_v1_N22.diff.fits,0x0000,235,z,TEMPLATE,t,0.9631,1.165,0.11,3.29,22.936,5922.0,1.175,0.2879,620291
102,3830,1337,3,57822.338331,30.915,66.07,14.07,1.41,9,9,1.417e-06,3.018e-07,23.522,0.231284,ec0915.170310.628200_ooi_z_v1_N22_160306.523733_ooi_z_v1_N22.diff.fits,0x0000,237,z,TEMPLATE,t,0.9992,1.127,0.081,3.576,22.797,7326.0,1.417,0.3018,628200
102,3830,1337,3,57822.342476,30.915,56.95,13.48,0.43,9,9,1.221e-06,2.891e-07,23.683,0.25701,ec0915.170310.628202_ooi_z_v1_N22_160306.523733_ooi_z_v1_N22.diff.fits,0x0000,239,z,TEMPLATE,t,0.9893,1.057,0.061,4.175,22.591,7749.0,1.221,0.2891,628202
102,3830,1337,3,57824.277361,30.915,212.01,13.11,4.48,9,9,4.547e-06,2.812e-07,22.256,0.067141,ec0915.170312.628814_ooi_z_v1_N22_160306.523733_ooi_z_v1_N22.diff.fits,0x0000,241,z,TEMPLATE,t,1.0506,1.067,0.073,3.807,22.77,7544.0,4.547,0.2812,628814
102,3830,1337,3,57824.281503,30.915,35.4,12.27,0.71,9,9,7.591e-07,2.632e-07,,,ec0915.170312.628816_ooi_z_v1_N22_160306.523733_ooi_z_v1_N22.diff.fits,0x0000,243,z,TEMPLATE,t,1.0475,1.22,0.097,3.347,22.952,6645.0,0.7591,0.2632,628816
102,3830,1337,3,57847.124307,30.915,74.39,9.77,0.32,9,9,1.595e-06,2.095e-07,23.393,0.142586,ec0915.170404.636946_ooi_z_v1_N22_160306.523733_ooi_z_v1_N22.diff.fits,0x0000,252,z,TEMPLATE,t,1.0078,1.244,0.131,3.534,23.1,4387.0,1.595,0.2095,636946
102,3830,1337,3,57848.992872,30.915,77.57,13.03,1.15,9,9,1.664e-06,2.795e-07,23.347,0.182402,ec0915.170405.637489_ooi_z_v1_N22_160306.523733_ooi_z_v1_N22.diff.fits,0x0000,255,z,TEMPLATE,t,1.0116,1.165,0.1,3.387,22.831,7297.0,1.6640000000000001,0.27949999999999997,637489
102,3830,1337,3,57872.960558,30.915,50.63,14.94,0.7,9,9,1.086e-06,3.204e-07,23.811,0.320409,ec0915.170429.645088_ooi_z_v1_N22_160306.523733_ooi_z_v1_N22.diff.fits,0x0000,256,z,TEMPLATE,t,1.1067,1.318,0.153,2.628,23.096,8900.0,1.086,0.32039999999999996,645088
102,3830,1337,3,57872.960558,30.915,52.34,15.18,0.63,9,9,1.122e-06,3.256e-07,23.775,0.314937,ec0915.170429.645088_ooi_z_vx_N22_160306.523733_ooi_z_v1_N22.diff.fits,0x0000,257,z,TEMPLATE,t,1.14,1.297,0.163,2.627,23.073,9226.0,1.122,0.3256,645088
102,3830,1337,3,57874.962088,30.915,-17.95,36.56,0.79,9,9,-3.849e-07,7.841e-07,,,ec0915.170501.646110_ooi_z_v1_N22_160306.523733_ooi_z_v1_N22.diff.fits,0x0000,270,z,TEMPLATE,t,0.4218,0.813,0.05,3.56,21.55,11604.0,-0.3849,0.7841,646110
102,3830,1337,3,57874.96623,30.915,90.77,46.4,2.13,9,9,1.947e-06,9.95e-07,,,ec0915.170501.646112_ooi_z_vx_N22_160306.523733_ooi_z_v1_N22.diff.fits,0x0000,273,z,TEMPLATE,t,0.2792,1.081,0.064,3.558,21.265,8303.0,1.947,0.995,646112
102,3830,1337,3,57874.96623,30.915,67.2,46.58,2.42,9,9,1.441e-06,9.99e-07,,,ec0915.170501.646112_ooi_z_v1_N22_160306.523733_ooi_z_v1_N22.diff.fits,0x0000,272,z,TEMPLATE,t,0.2716,1.088,0.062,3.558,21.271,8234.0,1.441,0.9990000000000001,646112
102,3830,1337,3,57875.014571,30.915,25.83,37.14,1.02,9,9,5.539e-07,7.965e-07,,,ec0915.170502.646135_ooi_z_v1_N22_160306.523733_ooi_z_v1_N22.diff.fits,0x0000,275,z,TEMPLATE,t,0.3539,1.104,0.064,3.521,21.657,7497.0,0.5539,0.7965,646135
102,3830,1337,3,57875.018706,30.915,40.25,25.52,0.85,9,9,8.632e-07,5.473e-07,,,ec0915.170502.646137_ooi_z_v1_N22_160306.523733_ooi_z_v1_N22.diff.fits,0x0000,278,z,TEMPLATE,t,0.4891,1.167,0.081,3.247,22.174,6770.0,0.8632,0.5473,646137
102,3830,1337,3,57875.018706,30.915,52.97,26.3,0.87,9,9,1.136e-06,5.639e-07,,,ec0915.170502.646137_ooi_z_vx_N22_160306.523733_ooi_z_v1_N22.diff.fits,0x0000,279,z,TEMPLATE,t,0.5031,1.109,0.082,3.247,22.145,7140.0,1.136,0.5639000000000001,646137
102,3830,1337,3,57875.081054,30.915,67.2,41.09,0.64,9,9,1.441e-06,8.812e-07,,,ec0915.170502.646165_ooi_z_v1_N22_160306.523733_ooi_z_v1_N22.diff.fits,0x0000,282,z,TEMPLATE,t,0.314,1.116,0.069,3.34,21.62,7054.0,1.441,0.8812,646165
102,3830,1337,3,57875.085195,30.915,40.9,15.38,0.69,9,9,8.77e-07,3.298e-07,,,ec0915.170502.646167_ooi_z_v1_N22_160306.523733_ooi_z_v1_N22.diff.fits,0x0000,284,z,TEMPLATE,t,0.7859,1.128,0.089,3.35,22.666,6214.0,0.877,0.3298,646167
102,3830,1337,3,57875.122515,30.915,53.13,21.43,0.74,9,9,1.139e-06,4.596e-07,,,ec0915.170502.646185_ooi_z_v1_N22_160306.523733_ooi_z_v1_N22.diff.fits,0x0000,286,z,TEMPLATE,t,0.5261,0.991,0.076,3.058,22.295,6557.0,1.139,0.4596,646185
102,3830,1337,3,57875.126648,30.915,26.4,21.12,1.05,9,9,5.662e-07,4.53e-07,,,ec0915.170502.646187_ooi_z_v1_N22_160306.523733_ooi_z_v1_N22.diff.fits,0x0000,288,z,TEMPLATE,t,0.5093,1.192,0.085,3.171,22.342,5378.0,0.5661999999999999,0.453,646187
102,3830,1337,3,57888.146212,30.915,27.24,9.7,1.73,9,9,5.841e-07,2.08e-07,,,ec0915.170515.648397_ooi_z_v1_N22_160306.523733_ooi_z_v1_N22.diff.fits,0x0000,290,z,TEMPLATE,t,1.026,1.134,0.061,5.728,22.558,4880.0,0.5841000000000001,0.20800000000000002,648397
102,3830,1337,3,57888.150335,30.915,17.82,10.42,1.31,9,6,3.822e-07,2.234e-07,,,ec0915.170515.648399_ooi_z_v1_N22_160306.523733_ooi_z_v1_N22.diff.fits,0x0000,292,z,TEMPLATE,t,1.0271,1.289,0.057,5.92,22.593,4268.0,0.38220000000000004,0.22340000000000002,648399
102,3830,1337,3,57935.020929,30.915,35.24,11.11,0.54,9,9,7.556e-07,2.383e-07,24.204,0.34236,ec0915.170701.657445_ooi_z_vx_N22_160306.523733_ooi_z_v1_N22.diff.fits,0x0000,299,z,TEMPLATE,t,1.1345,1.232,0.13,3.547,23.0,5851.0,0.7556,0.2383,657445
102,3830,1337,3,57950.995174,30.915,32.58,14.76,0.78,9,0,6.988e-07,3.166e-07,,,ec0915.170716.659072_ooi_z_v1_N22_160306.523733_ooi_z_v1_N22.diff.fits,0x0000,306,z,TEMPLATE,t,1.11,0.929,0.039,7.027,22.172,8578.0,0.6988,0.3166,659072
102,3830,1337,3,58183.117442,30.915,19.33,10.27,0.69,9,9,4.145e-07,2.202e-07,,,ec0915.180306.727448_ooi_z_v1_N22_160306.523733_ooi_z_v1_N22.diff.fits,0x0000,312,z,TEMPLATE,t,0.9792,1.336,0.067,4.321,22.804,4442.0,0.41450000000000004,0.2202,727448
102,3830,1337,3,58183.121555,30.915,-0.1,12.2,0.48,9,9,-2.118e-09,2.616e-07,,,ec0915.180306.727450_ooi_z_v1_N22_160306.523733_ooi_z_v1_N22.diff.fits,0x0000,314,z,TEMPLATE,t,0.9745,1.099,0.082,3.827,22.829,5524.0,-0.002118,0.2616,727450
102,3830,1337,3,58184.03864,30.915,-3.92,12.43,0.97,9,9,-8.408e-08,2.665e-07,,,ec0915.180307.727589_ooi_z_v1_N22_160306.523733_ooi_z_v1_N22.diff.fits,0x0000,316,z,TEMPLATE,t,0.8599,1.178,0.078,5.158,22.516,4545.0,-0.08408,0.2665,727589
102,3830,1337,3,58225.986333,30.915,10.37,12.14,1.05,9,9,2.225e-07,2.604e-07,,,ec0915.180417.736458_ooi_z_v1_N22_160306.523733_ooi_z_v1_N22.diff.fits,0x0000,327,z,TEMPLATE,t,0.9652,1.246,0.077,4.831,22.505,5784.0,0.22249999999999998,0.26039999999999996,736458
102,3830,1337,3,58232.983204,30.915,-2.99,13.1,0.67,9,9,-6.407e-08,2.81e-07,,,ec0915.180424.738618_ooi_z_v1_N22_160306.523733_ooi_z_v1_N22.diff.fits,0x0000,331,z,TEMPLATE,t,1.0633,1.157,0.103,3.779,22.758,7453.0,-0.06407,0.28099999999999997,738618
102,3830,1337,3,58246.003574,30.915,-0.35,19.11,0.46,9,9,-7.578e-09,4.098e-07,,,ec0915.180508.743629_ooi_z_v1_N22_160306.523733_ooi_z_v1_N22.diff.fits,0x0000,335,z,TEMPLATE,t,0.7157,1.113,0.065,4.337,22.078,9437.0,-0.007578,0.4098,743629
102,3830,1337,3,58261.080086,30.915,31.22,14.53,0.31,9,9,6.696e-07,3.115e-07,,,ec0915.180523.750068_ooi_z_v1_N22_160306.523733_ooi_z_v1_N22.diff.fits,0x0000,339,z,TEMPLATE,t,1.0482,0.963,0.094,3.406,22.75,9810.0,0.6696,0.3115,750068
102,3830,1337,3,58261.088392,30.915,-22.74,13.91,0.71,9,9,-4.876e-07,2.983e-07,,,ec0915.180523.750072_ooi_z_v1_N22_160306.523733_ooi_z_v1_N22.diff.fits,0x0000,343,z,TEMPLATE,t,1.0415,1.169,0.117,3.008,22.974,8140.0,-0.4876,0.2983,750072
102,3830,1337,3,58313.979667,30.915,37.16,12.72,2.2,9,9,7.969e-07,2.729e-07,,,ec0915.180714.755609_ooi_z_v1_N22_160306.523733_ooi_z_v1_N22.diff.fits,0x0000,345,z,TEMPLATE,t,1.1382,1.002,0.082,4.134,22.713,8411.0,0.7969,0.27290000000000003,755609
102,3830,1337,3,58313.987958,30.915,-7.08,11.43,1.2,9,9,-1.519e-07,2.45e-07,,,ec0915.180714.755613_ooi_z_v1_N22_160306.523733_ooi_z_v1_N22.diff.fits,0x0000,349,z,TEMPLATE,t,1.1318,1.09,0.078,3.788,22.871,7802.0,-0.1519,0.245,755613
102,3830,1337,3,58483.310826,30.915,44.49,8.63,0.31,9,9,9.541e-07,1.851e-07,23.951,0.210589,ec0915.181231.807723_ooi_z_v1_N22_160306.523733_ooi_z_v1_N22.diff.fits,0x0000,358,z,TEMPLATE,t,1.1382,1.454,0.173,3.529,23.237,4204.0,0.9541,0.18510000000000001,807723
102,3830,1337,3,58536.294128,30.915,19.5,16.54,0.58,9,9,4.182e-07,3.546e-07,,,ec0915.190222.826209_ooi_z_v1_N22_160306.523733_ooi_z_v1_N22.diff.fits,0x0000,363,z,TEMPLATE,t,0.5223,1.125,0.124,2.835,22.823,2881.0,0.4182,0.3546,826209
102,3830,1337,3,58542.172304,30.915,40.14,9.05,0.75,9,9,8.609e-07,1.94e-07,24.063,0.244707,ec0915.190228.828459_ooi_z_v1_N22_160306.523733_ooi_z_v1_N22.diff.fits,0x0000,367,z,TEMPLATE,t,1.026,1.087,0.14,3.159,23.342,3542.0,0.8609,0.19399999999999998,828459
102,3830,1337,3,58572.222637,30.915,13.58,8.79,0.18,9,9,2.912e-07,1.885e-07,,,ec0915.190330.843689_ooi_z_v1_N22_160306.523733_ooi_z_v1_N22.diff.fits,0x0000,384,z,TEMPLATE,t,1.2018,1.172,0.105,4.127,23.009,5136.0,0.2912,0.1885,843689
102,3830,1337,3,58572.226441,30.915,1.32,12.52,1.06,9,9,2.823e-08,2.684e-07,,,ec0915.190330.843690_ooi_z_v1_N22_160306.523733_ooi_z_v1_N22.diff.fits,0x0000,385,z,TEMPLATE,t,0.8292,1.115,0.072,4.453,22.559,5193.0,0.028229999999999998,0.26839999999999997,843690
102,3830,1337,3,58572.230237,30.915,55.91,15.38,1.5,9,9,1.199e-06,3.298e-07,23.703,0.298631,ec0915.190330.843691_ooi_z_v1_N22_160306.523733_ooi_z_v1_N22.diff.fits,0x0000,386,z,TEMPLATE,t,0.6732,1.234,0.089,4.04,22.442,4903.0,1.199,0.3298,843691
102,3830,1337,3,58572.234037,30.915,29.71,20.71,0.24,9,9,6.371e-07,4.441e-07,,,ec0915.190330.843692_ooi_z_v1_N22_160306.523733_ooi_z_v1_N22.diff.fits,0x0000,387,z,TEMPLATE,t,0.5142,1.044,0.056,4.479,21.994,5216.0,0.6371,0.4441,843692
102,3830,1337,3,58572.237846,30.915,43.96,25.27,0.74,9,9,9.428e-07,5.419e-07,,,ec0915.190330.843693_ooi_z_v1_N22_160306.523733_ooi_z_v1_N22.diff.fits,0x0000,388,z,TEMPLATE,t,0.4535,1.115,0.069,4.214,21.987,4793.0,0.9428,0.5418999999999999,843693
102,3830,1337,3,58578.206222,30.915,32.96,11.93,0.75,9,9,7.068e-07,2.559e-07,,,ec0915.190405.846168_ooi_z_v1_N22_160306.523733_ooi_z_v1_N22.diff.fits,0x0000,392,z,TEMPLATE,t,1.0249,0.832,0.109,3.986,22.804,6648.0,0.7068,0.2559,846168
102,3830,1337,3,58639.02291,30.915,-16.22,33.09,0.48,9,9,-3.479e-07,7.096e-07,,,ec0915.190605.862065_ooi_z_v1_N22_160306.523733_ooi_z_v1_N22.diff.fits,0x0000,396,z,TEMPLATE,t,0.4406,0.878,0.063,3.587,21.698,9151.0,-0.3479,0.7095999999999999,862065
102,3830,1337,3,58691.95826,30.915,61.37,39.17,0.87,9,9,1.316e-06,8.401e-07,,,ec0915.190727.879486_ooi_z_v1_N22_160306.523733_ooi_z_v1_N22.diff.fits,0x0000,397,z,TEMPLATE,t,0.6597,1.016,0.066,4.036,21.499,27221.0,1.316,0.8401,879486
102,3830,1337,3,58818.262285,30.915,-7.58,12.07,0.99,9,9,-1.625e-07,2.589e-07,,,ec0915.191201.912644_ooi_z_vx_N22_160306.523733_ooi_z_v1_N22.diff.fits,0x0000,406,z,TEMPLATE,t,1.1264,1.31,0.152,3.599,22.872,7481.0,-0.1625,0.2589,912644
102,3830,1337,3,58818.262285,30.915,6.52,12.18,0.68,9,9,1.398e-07,2.613e-07,,,ec0915.191201.912644_ooi_z_v1_N22_160306.523733_ooi_z_v1_N22.diff.fits,0x0000,405,z,TEMPLATE,t,1.1253,1.157,0.085,3.6,22.863,7593.0,0.1398,0.2613,912644
102,3830,1337,3,58818.27059,30.915,36.3,11.89,0.64,9,9,7.785e-07,2.55e-07,24.172,0.355587,ec0915.191201.912648_ooi_z_v1_N22_160306.523733_ooi_z_v1_N22.diff.fits,0x0000,410,z,TEMPLATE,t,1.1387,1.094,0.103,3.313,22.974,7022.0,0.7785000000000001,0.255,912648
102,3830,1337,3,58840.279334,30.915,12.19,9.5,0.66,9,9,2.615e-07,2.036e-07,,,ec0915.191223.921762_ooi_z_v1_N22_160306.523733_ooi_z_v1_N22.diff.fits,0x0000,414,z,TEMPLATE,t,1.1448,1.315,0.161,3.23,23.351,4028.0,0.2615,0.2036,921762
102,3830,1337,3,58840.287634,30.915,24.27,9.03,0.82,9,9,5.205e-07,1.936e-07,,,ec0915.191223.921766_ooi_z_v1_N22_160306.523733_ooi_z_v1_N22.diff.fits,0x0000,418,z,TEMPLATE,t,1.1553,1.201,0.15,2.968,23.373,4317.0,0.5205000000000001,0.19360000000000002,921766
102,3830,1337,3,58840.363289,30.915,44.9,18.6,1.28,9,9,9.629e-07,3.99e-07,,,ec0915.191223.921802_ooi_z_v1_N22_160306.523733_ooi_z_v1_N22.diff.fits,0x0000,422,z,TEMPLATE,t,0.5851,1.226,0.129,2.65,22.756,4509.0,0.9628999999999999,0.399,921802
102,3830,1337,3,58848.301947,30.915,26.2,10.25,1.14,9,9,5.62e-07,2.198e-07,,,ec0915.191231.923831_ooi_z_v1_N22_160306.523733_ooi_z_v1_N22.diff.fits,0x0000,426,z,TEMPLATE,t,1.1973,1.426,0.21,2.611,23.578,4309.0,0.5619999999999999,0.2198,923831
102,3830,1337,3,58848.31023,30.915,31.61,8.65,1.91,9,9,6.78e-07,1.855e-07,24.322,0.297128,ec0915.191231.923835_ooi_z_v1_N22_160306.523733_ooi_z_v1_N22.diff.fits,0x0000,430,z,TEMPLATE,t,1.2048,1.259,0.133,3.537,23.364,4099.0,0.678,0.1855,923835
102,3830,1337,3,58848.348661,30.915,7.96,13.18,2.1,9,9,1.707e-07,2.827e-07,,,ec0915.191231.923853_ooi_z_v1_N22_160306.523733_ooi_z_v1_N22.diff.fits,0x0000,432,z,TEMPLATE,t,0.5858,1.305,0.178,2.912,23.094,2111.0,0.17070000000000002,0.2827,923853
102,3830,1337,3,58870.169795,30.915,28.44,10.7,1.41,9,9,6.098e-07,2.294e-07,,,ec0915.200122.925785_ooi_z_v1_N22_160306.523733_ooi_z_v1_N22.diff.fits,0x0000,436,z,TEMPLATE,t,1.056,1.196,0.111,3.884,22.984,5016.0,0.6098,0.2294,925785
102,3830,1337,3,58877.17514,30.915,19.38,10.77,1.53,9,9,4.156e-07,2.31e-07,,,ec0915.200129.927465_ooi_z_v1_N22_160306.523733_ooi_z_v1_N22.diff.fits,0x0000,440,z,TEMPLATE,t,1.0048,1.181,0.094,4.728,22.772,4312.0,0.41559999999999997,0.23099999999999998,927465
102,3830,1337,3,58905.154089,30.915,28.43,9.3,0.95,9,9,6.096e-07,1.995e-07,24.437,0.355332,ec0915.200226.938759_ooi_z_v1_N22_160306.523733_ooi_z_v1_N22.diff.fits,0x0000,444,z,TEMPLATE,t,1.1088,1.238,0.13,3.857,23.09,4273.0,0.6095999999999999,0.1995,938759
102,3830,1337,3,59146.349303,30.915,7.11,10.96,1.27,9,9,1.525e-07,2.35e-07,,,ec0915.201024.948166_ooi_z_v1_N22_160306.523733_ooi_z_v1_N22.diff.fits,0x0000,448,z,TEMPLATE,t,1.1096,1.213,0.112,4.401,22.807,6017.0,0.1525,0.235,948166
102,3830,1337,3,59176.305734,30.915,8.2,9.5,1.9,9,9,1.759e-07,2.037e-07,,,ec0915.201123.957181_ooi_z_v1_N22_160306.523733_ooi_z_v1_N22.diff.fits,0x0000,452,z,TEMPLATE,t,1.1309,1.408,0.209,3.806,23.004,5426.0,0.1759,0.2037,957181
102,3830,1337,3,59236.261521,30.915,-12.06,11.0,1.08,9,9,-2.586e-07,2.36e-07,,,ec0915.210122.958768_ooi_z_v1_N22_160306.523733_ooi_z_v1_N22.diff.fits,0x0000,455,z,TEMPLATE,t,1.0432,1.468,0.226,4.415,22.848,4910.0,-0.2586,0.236,958768
102,3830,1337,3,59301.045653,30.915,23.13,19.86,0.55,9,9,4.961e-07,4.259e-07,,,ec0915.210328.978113_ooi_z_v1_N22_160306.523733_ooi_z_v1_N22.diff.fits,0x0000,463,z,TEMPLATE,t,0.5115,1.197,0.11,3.635,22.321,4215.0,0.4961,0.4259,978113
102,3830,1337,3,59304.008094,30.915,3.61,16.67,2.0,9,9,7.733e-08,3.576e-07,,,ec0915.210331.979132_ooi_z_v1_N22_160306.523733_ooi_z_v1_N22.diff.fits,0x0000,465,z,TEMPLATE,t,0.5342,1.207,0.1,4.205,22.455,2752.0,0.07733000000000001,0.35760000000000003,979132
102,3830,1337,3,59307.091802,30.915,-37.9,14.35,0.24,9,9,-8.128e-07,3.078e-07,,,ec0915.210403.980345_ooi_z_v1_N22_160306.523733_ooi_z_v1_N22.diff.fits,0x0000,467,z,TEMPLATE,t,0.5061,1.244,0.114,4.768,22.357,2177.0,-0.8128,0.30779999999999996,980345
102,3830,1337,3,59512.377811,30.915,-73.69,34.73,0.2,9,9,-1.58e-06,7.449e-07,,,ec0915.211025.1046077_ooi_z_v1_N22_160306.523733_ooi_z_v1_N22.diff.fits,0x0000,480,z,TEMPLATE,t,0.5334,1.15,0.102,3.379,21.799,13643.0,-1.5799999999999998,0.7449,1046077
102,3830,1337,3,59570.324687,30.915,14.09,12.93,2.82,9,9,3.021e-07,2.773e-07,,,ec0915.211222.1064957_ooi_z_v1_N22_160306.523733_ooi_z_v1_N22.diff.fits,0x0000,498,z,TEMPLATE,t,0.5707,1.198,0.099,3.806,22.636,2504.0,0.3021,0.2773,1064957
102,3830,1337,3,59572.282599,30.915,12.19,16.06,0.9,9,9,2.614e-07,3.444e-07,,,ec0915.211224.1065702_ooi_z_v1_N22_160306.523733_ooi_z_v1_N22.diff.fits,0x0000,499,z,TEMPLATE,t,0.4824,1.241,0.131,3.245,22.627,2317.0,0.2614,0.3444,1065702
102,3830,1337,3,59634.202353,30.915,26.22,11.24,0.98,9,9,5.624e-07,2.41e-07,,,ec0915.220224.1083414_ooi_z_v1_N22_160306.523733_ooi_z_v1_N22.diff.fits,0x0000,516,z,TEMPLATE,t,1.1791,1.539,0.299,3.317,23.07,6473.0,0.5624,0.241,1083414
102,3830,1337,3,59899.356462,30.915,-0.52,28.91,0.45,9,9,-1.119e-08,6.199e-07,,,ec0915.221116.1150882_ooi_z_v1_N22_160306.523733_ooi_z_v1_N22.diff.fits,0x0000,538,z,TEMPLATE,t,0.5615,1.16,0.102,3.141,21.994,11086.0,-0.01119,0.6199,1150882
102,3830,1337,3,59948.227068,30.915,50.3,16.7,0.46,9,9,1.079e-06,3.581e-07,23.818,0.36037,ec0915.230104.1162015_ooi_z_v1_N22_160306.523733_ooi_z_v1_N22.diff.fits,0x0000,545,z,TEMPLATE,t,0.4907,1.266,0.141,3.614,22.552,2640.0,1.079,0.35810000000000003,1162015
102,3830,1337,3,60126.974862,30.915,-58.84,26.21,1.64,9,9,-1.262e-06,5.622e-07,,,ec0915.230701.1217849_ooi_z_v1_N22_160306.523733_ooi_z_v1_N22.diff.fits,0x0000,576,z,TEMPLATE,t,0.5718,1.22,0.139,3.114,22.311,7670.0,-1.262,0.5622,1217849
102,3830,1337,3,60156.989461,30.915,-36.3,22.11,1.4,9,9,-7.785e-07,4.741e-07,,,ec0915.230731.1227300_ooi_z_v1_N22_160306.523733_ooi_z_v1_N22.diff.fits,0x0000,581,z,TEMPLATE,t,0.5727,1.161,0.088,4.474,21.851,7123.0,-0.7785000000000001,0.47409999999999997,1227300
102,3830,1337,3,60361.185082,30.915,131.87,31.23,0.99,9,9,2.828e-06,6.697e-07,22.771,0.257122,ec0915.240221.1278342_ooi_z_v1_N22_160306.523733_ooi_z_v1_N22.diff.fits,0x0000,612,z,TEMPLATE,t,0.3481,1.254,0.149,3.138,22.084,4002.0,2.828,0.6697000000000001,1278342
102,3830,1337,3,60427.053895,30.915,58.91,24.08,1.97,9,9,1.263e-06,5.163e-07,,,ec0915.240427.1293150_ooi_z_v1_N22_160306.523733_ooi_z_v1_N22.diff.fits,0x0000,631,z,TEMPLATE,t,0.4412,1.246,0.141,3.114,22.273,4553.0,1.2630000000000001,0.5163000000000001,1293150
102,3830,1337,3,60486.991345,30.915,-94.83,12.65,1.87,9,9,-2.034e-06,2.714e-07,,,ec0915.240625.1305583_ooi_z_v1_N22_160306.523733_ooi_z_v1_N22.diff.fits,0x0000,648,z,TEMPLATE,t,0.5759,1.272,0.07,5.071,22.396,2469.0,-2.034,0.27140000000000003,1305583
102,3830,1337,3,60508.01389,30.915,-56.77,23.77,1.27,9,9,-1.218e-06,5.097e-07,,,ec0915.240717.1312960_ooi_z_v1_N22_160306.523733_ooi_z_v1_N22.diff.fits,0x0000,657,z,TEMPLATE,t,0.5675,1.125,0.046,4.761,21.822,7694.0,-1.218,0.5096999999999999,1312960
102,3830,1337,3,60796.012609,30.915,-605.71,446.6,0.9,9,9,-1.299e-05,9.578e-06,,,ec0915.250501.1383216_ooi_z_v1_N22_160306.523733_ooi_z_v1_N22.diff.fits,0x0000,802,z,TEMPLATE,t,0.0156,1.095,0.048,4.827,18.41,2487.0,-12.989999999999998,9.578000000000001,1383216
102,3830,1337,3,60810.00515,30.915,-122.53,50.22,1.1,9,9,-2.628e-06,1.077e-06,,,ec0915.250515.1385416_ooi_z_v1_N22_160306.523733_ooi_z_v1_N22.diff.fits,0x0000,817,z,TEMPLATE,t,0.2462,1.214,0.108,2.67,21.572,6937.0,-2.628,1.077,1385416
102,3830,1337,3,60811.012032,30.915,30.1,36.49,1.31,9,9,6.455e-07,7.825e-07,,,ec0915.250516.1385995_ooi_z_v1_N22_160306.523733_ooi_z_v1_N22.diff.fits,0x0000,824,z,TEMPLATE,t,0.2676,1.351,0.182,2.819,21.901,4248.0,0.6455,0.7825,1385995
102,3830,1337,3,60836.034265,30.915,-141.53,27.17,0.69,9,9,-3.035e-06,5.826e-07,,,ec0915.250610.1395332_ooi_z_v1_N22_160306.523733_ooi_z_v1_N22.diff.fits,0x0000,845,z,TEMPLATE,t,0.4464,1.185,0.081,4.492,21.636,6836.0,-3.035,0.5826,1395332
102,3830,1337,3,60861.985881,30.915,-958.24,317.33,1.62,6,0,-2.055e-05,6.805e-06,,,ec0915.250705.1404550_ooi_z_v1_N22_160306.523733_ooi_z_v1_N22.diff.fits,0x0000,861,z,TEMPLATE,t,0.0781,1.115,0.056,7.942,18.755,14860.0,-20.55,6.805,1404550
102,3830,1337,3,60885.981919,30.915,-196.5,76.82,0.28,9,9,-4.214e-06,1.647e-06,,,ec0915.250729.1410882_ooi_z_v1_N22_160306.523733_ooi_z_v1_N22.diff.fits,0x0000,878,z,TEMPLATE,t,0.1174,1.156,0.081,5.031,20.453,4021.0,-4.2139999999999995,1.647,1410882
102,3830,1337,3,60891.978828,30.915,-99.43,55.72,0.65,9,9,-2.132e-06,1.195e-06,,,ec0915.250804.1411935_ooi_z_v1_N22_160306.523733_ooi_z_v1_N22.diff.fits,0x0000,882,z,TEMPLATE,t,0.2642,1.143,0.074,3.756,21.204,8976.0,-2.132,1.195,1411935
102,3830,1337,3,60988.321944,30.915,-192.87,18.41,0.68,9,9,-4.136e-06,3.947e-07,,,ec0915.251109.1433487_ooi_z_v1_N22_160306.523733_ooi_z_v1_N22.diff.fits,0x0000,923,z,TEMPLATE,t,0.545,1.532,0.233,4.536,22.309,3622.0,-4.136,0.3947,1433487
102,3830,1337,3,60997.332383,30.915,-130.83,30.34,0.66,9,9,-2.806e-06,6.506e-07,,,ec0915.251118.1436429_ooi_z_v1_N22_160306.523733_ooi_z_v1_N22.diff.fits,0x0000,936,z,TEMPLATE,t,0.2931,1.33,0.162,3.198,22.001,3094.0,-2.806,0.6506,1436429
102,3830,1337,3,61000.294623,30.915,1948.09,601.62,1.62,9,9,4.178e-05,1.29e-05,19.848,0.335302,ec0915.251121.1437419_ooi_z_v1_N22_160306.523733_ooi_z_v1_N22.diff.fits,0x0000,940,z,TEMPLATE,t,0.0097,1.092,0.062,3.949,18.505,1654.0,41.78,12.9,1437419
102,3830,1337,3,61054.348165,30.915,-219.39,10.48,1.11,9,9,-4.705e-06,2.247e-07,,,ec0915.260114.1448793_ooi_z_v1_N22_160306.523733_ooi_z_v1_N22.diff.fits,0x0000,999,z,TEMPLATE,t,0.5609,1.611,0.263,3.106,23.245,1314.0,-4.705,0.22469999999999998,1448793
102,3830,1337,3,61111.243969,30.915,-215.96,11.92,0.78,9,9,-4.631e-06,2.556e-07,,,ec0915.260312.1462192_ooi_z_v1_N22_160306.523733_ooi_z_v1_N22.diff.fits,0x0000,1076,z,TEMPLATE,t,0.5703,1.382,0.135,4.012,22.768,1832.0,-4.631,0.2556,1462192
103,3810,1336,3,56341.289265,30.915,183.45,9.75,0.95,9,9,3.934e-06,2.09e-07,22.413,0.05769,ec0915.130218.178885_ooi_z_N22_160306.523733_ooi_z_v1_N22.diff.fits,0x0000,10,z,TEMPLATE,t,0.8508,1.259,0.057,4.678,22.854,3300.0,3.934,0.20900000000000002,178885
103,3810,1336,3,56341.291336,30.915,187.1,10.3,1.61,9,9,4.012e-06,2.21e-07,22.392,0.059787,ec0915.130218.178886_ooi_z_N22_160306.523733_ooi_z_v1_N22.diff.fits,0x0000,11,z,TEMPLATE,t,0.8473,1.266,0.073,4.273,22.895,3347.0,4.012,0.221,178886
103,3810,1336,3,56360.209714,30.915,182.01,11.52,1.17,9,9,3.903e-06,2.471e-07,22.421,0.068722,ec0915.130309.184932_ooi_z_N22_160306.523733_ooi_z_v1_N22.diff.fits,0x0000,16,z,TEMPLATE,t,0.5299,1.501,0.167,2.985,23.119,1727.0,3.9029999999999996,0.2471,184932
103,3810,1336,3,56418.977034,30.915,133.66,10.28,1.03,9,9,2.866e-06,2.205e-07,22.757,0.083504,ec0915.130506.204629_ooi_z_v1_N22_160306.523733_ooi_z_v1_N22.diff.fits,0x0000,26,z,TEMPLATE,t,1.148,1.415,0.136,4.154,22.944,6628.0,2.866,0.2205,204629
103,3810,1336,3,56487.988309,30.915,108.2,11.56,0.79,9,9,2.32e-06,2.479e-07,22.986,0.115985,ec0915.130714.218757_ooi_z_N22_160306.523733_ooi_z_v1_N22.diff.fits,0x0000,30,z,TEMPLATE,t,1.1066,1.401,0.139,4.132,22.883,6364.0,2.32,0.24789999999999998,218757
103,3810,1336,3,56488.988287,30.915,98.34,10.86,0.91,9,9,2.109e-06,2.329e-07,23.09,0.119886,ec0915.130715.219201_ooi_z_N22_160306.523733_ooi_z_v1_N22.diff.fits,0x0000,34,z,TEMPLATE,t,1.1771,1.424,0.157,3.539,23.022,6998.0,2.109,0.2329,219201
103,3810,1336,3,56489.013217,30.915,53.87,10.16,1.49,9,9,1.155e-06,2.179e-07,23.743,0.204756,ec0915.130716.219213_ooi_z_N22_160306.523733_ooi_z_v1_N22.diff.fits,0x0000,38,z,TEMPLATE,t,1.1635,1.349,0.109,3.653,23.001,6723.0,1.155,0.2179,219213
103,3810,1336,3,56612.306942,30.915,40.59,10.31,1.52,9,9,8.705e-07,2.212e-07,24.051,0.275872,ec0915.131116.254783_ooi_z_N22_160306.523733_ooi_z_v1_N22.diff.fits,0x0000,43,z,TEMPLATE,t,1.1224,1.313,0.078,4.868,22.731,6461.0,0.8704999999999999,0.2212,254783
103,3810,1336,3,56668.211483,30.915,49.37,8.61,1.71,9,9,1.059e-06,1.847e-07,23.838,0.189353,ec0915.140111.273124_ooi_z_N22_160306.523733_ooi_z_v1_N22.diff.fits,0x0000,47,z,TEMPLATE,t,1.172,1.495,0.158,3.611,23.257,4304.0,1.059,0.1847,273124
103,3810,1336,3,56668.219813,30.915,38.55,8.27,1.47,9,9,8.268e-07,1.774e-07,24.107,0.23301,ec0915.140111.273128_ooi_z_N22_160306.523733_ooi_z_v1_N22.diff.fits,0x0000,51,z,TEMPLATE,t,1.1786,1.44,0.115,4.442,23.028,4385.0,0.8268,0.17739999999999997,273128
103,3810,1336,3,56713.197028,30.915,40.58,9.87,0.58,9,9,8.704e-07,2.117e-07,24.051,0.264025,ec0915.140225.288123_ooi_z_N22_160306.523733_ooi_z_v1_N22.diff.fits,0x0000,79,z,TEMPLATE,t,1.1672,1.419,0.125,3.898,23.153,5178.0,0.8704,0.2117,288123
103,3810,1336,3,56764.149481,30.915,47.16,10.5,1.53,9,9,1.011e-06,2.252e-07,23.888,0.241824,ec0915.140417.301623_ooi_z_v1_N22_160306.523733_ooi_z_v1_N22.diff.fits,0x0000,84,z,TEMPLATE,t,1.0992,1.466,0.159,3.443,23.118,5856.0,1.011,0.2252,301623
103,3810,1336,3,56764.153625,30.915,59.91,10.37,2.21,9,9,1.285e-06,2.225e-07,23.628,0.18801,ec0915.140417.301625_ooi_z_v1_N22_160306.523733_ooi_z_v1_N22.diff.fits,0x0000,86,z,TEMPLATE,t,1.0967,1.435,0.125,3.415,23.19,5889.0,1.285,0.22249999999999998,301625
103,3810,1336,3,56814.091425,30.915,52.99,9.48,1.01,9,9,1.136e-06,2.033e-07,23.761,0.194232,ec0915.140606.320269_ooi_z_v1_N22_160306.523733_ooi_z_v1_N22.diff.fits,0x0000,89,z,TEMPLATE,t,1.1459,1.413,0.09,5.263,22.754,5333.0,1.136,0.2033,320269
103,3810,1336,3,56834.960611,30.915,38.95,11.84,0.75,9,9,8.352e-07,2.54e-07,24.096,0.330183,ec0915.140626.331029_ooi_z_v1_N22_160306.523733_ooi_z_v1_N22.diff.fits,0x0000,91,z,TEMPLATE,t,1.0967,1.452,0.12,4.69,22.667,7577.0,0.8351999999999999,0.254,331029
103,3810,1336,3,56854.965339,30.915,37.65,12.27,1.08,9,9,8.074e-07,2.631e-07,24.132,0.353726,ec0915.140716.337810_ooi_z_v1_N22_160306.523733_ooi_z_v1_N22.diff.fits,0x0000,99,z,TEMPLATE,t,1.0126,1.426,0.119,4.132,22.811,6947.0,0.8074,0.2631,337810
103,3810,1336,3,56998.316848,30.915,12.53,11.17,1.24,9,9,2.686e-07,2.396e-07,,,ec0915.141207.384681_ooi_z_v1_N22_160306.523733_ooi_z_v1_N22.diff.fits,0x0000,106,z,TEMPLATE,t,1.1284,1.229,0.117,3.559,22.939,6560.0,0.2686,0.2396,384681
103,3810,1336,3,56998.321015,30.915,27.9,10.48,0.69,9,9,5.983e-07,2.247e-07,,,ec0915.141207.384683_ooi_z_v1_N22_160306.523733_ooi_z_v1_N22.diff.fits,0x0000,108,z,TEMPLATE,t,1.1258,1.196,0.077,4.304,22.778,6407.0,0.5982999999999999,0.22469999999999998,384683
103,3810,1336,3,57026.228979,30.915,21.21,12.22,3.35,9,9,4.549e-07,2.621e-07,,,ec0915.150104.394285_ooi_z_v1_N22_160306.523733_ooi_z_v1_N22.diff.fits,0x0000,111,z,TEMPLATE,t,1.0335,1.269,0.148,3.39,22.831,6751.0,0.45489999999999997,0.2621,394285
103,3810,1336,3,57026.233149,30.915,-2.5,12.1,0.54,9,9,-5.354e-08,2.596e-07,,,ec0915.150104.394287_ooi_z_v1_N22_160306.523733_ooi_z_v1_N22.diff.fits,0x0000,113,z,TEMPLATE,t,1.0467,1.125,0.082,3.691,22.789,6901.0,-0.053540000000000004,0.2596,394287
103,3810,1336,3,57050.242086,30.915,46.88,8.97,0.32,9,9,1.005e-06,1.923e-07,23.894,0.207661,ec0915.150128.403911_ooi_z_v1_N22_160306.523733_ooi_z_v1_N22.diff.fits,0x0000,118,z,TEMPLATE,t,0.9842,1.261,0.131,4.029,23.145,3149.0,1.005,0.1923,403911
103,3810,1336,3,57053.240481,30.915,15.47,9.64,0.67,9,9,3.318e-07,2.067e-07,,,ec0915.150131.404893_ooi_z_v1_N22_160306.523733_ooi_z_v1_N22.diff.fits,0x0000,122,z,TEMPLATE,t,1.073,1.194,0.087,3.937,22.876,5245.0,0.3318,0.2067,404893
103,3810,1336,3,57056.260361,30.915,18.63,11.05,0.38,9,9,3.996e-07,2.371e-07,,,ec0915.150203.405992_ooi_z_ls9_N22_160306.523733_ooi_z_v1_N22.diff.fits,0x0000,126,z,TEMPLATE,t,1.1387,1.22,0.117,3.582,22.902,6587.0,0.3996,0.2371,405992
103,3810,1336,3,57056.268626,30.915,15.11,11.19,0.67,9,9,3.24e-07,2.4e-07,,,ec0915.150203.405996_ooi_z_ls9_N22_160306.523733_ooi_z_v1_N22.diff.fits,0x0000,130,z,TEMPLATE,t,1.1421,1.042,0.093,3.48,22.867,7293.0,0.324,0.24,405996
103,3810,1336,3,57083.233746,30.915,3.64,10.44,1.44,9,9,7.805e-08,2.239e-07,,,ec0915.150302.417215_ooi_z_v1_N22_160306.523733_ooi_z_v1_N22.diff.fits,0x0000,135,z,TEMPLATE,t,1.043,1.205,0.135,3.416,23.018,4875.0,0.07805,0.22390000000000002,417215
103,3810,1336,3,57088.183133,30.915,15.51,12.78,0.4,9,9,3.327e-07,2.74e-07,,,ec0915.150307.419088_ooi_z_v1_N22_160306.523733_ooi_z_v1_N22.diff.fits,0x0000,136,z,TEMPLATE,t,1.0547,1.158,0.08,3.392,23.026,6188.0,0.3327,0.27399999999999997,419088
103,3810,1336,3,57088.185779,30.915,21.01,12.72,1.35,9,9,4.506e-07,2.729e-07,,,ec0915.150307.419089_ooi_z_v1_N22_160306.523733_ooi_z_v1_N22.diff.fits,0x0000,137,z,TEMPLATE,t,1.0497,1.223,0.109,2.884,23.166,5927.0,0.4506,0.27290000000000003,419089
103,3810,1336,3,57117.011808,30.915,56.82,12.7,1.2,9,9,1.218e-06,2.724e-07,23.686,0.242715,ec0915.150405.429230_ooi_z_v1_N22_160306.523733_ooi_z_v1_N22.diff.fits,0x0000,143,z,TEMPLATE,t,1.0671,1.153,0.082,4.288,22.642,7571.0,1.218,0.2724,429230
103,3810,1336,3,57117.015936,30.915,32.8,11.95,2.13,9,9,7.034e-07,2.562e-07,,,ec0915.150405.429232_ooi_z_v1_N22_160306.523733_ooi_z_v1_N22.diff.fits,0x0000,145,z,TEMPLATE,t,1.0619,1.19,0.061,4.641,22.633,6637.0,0.7034,0.2562,429232
103,3810,1336,3,57139.0088,30.915,21.08,10.56,0.87,9,9,4.521e-07,2.265e-07,,,ec0915.150427.437746_ooi_z_v1_N22_160306.523733_ooi_z_v1_N22.diff.fits,0x0000,151,z,TEMPLATE,t,1.041,1.249,0.072,5.414,22.529,5505.0,0.4521,0.2265,437746
103,3810,1336,3,57171.013911,30.915,299.96,260.33,0.76,9,9,6.433e-06,5.583e-06,,,ec0915.150529.443410_ooi_z_v1_N22_160306.523733_ooi_z_v1_N22.diff.fits,0x0000,153,z,TEMPLATE,t,0.0897,1.165,0.048,4.037,19.422,24525.0,6.433,5.582999999999999,443410
103,3810,1336,3,57171.018007,30.915,174.14,236.97,0.93,9,9,3.734e-06,5.082e-06,,,ec0915.150529.443412_ooi_z_v1_N22_160306.523733_ooi_z_v1_N22.diff.fits,0x0000,155,z,TEMPLATE,t,0.0982,1.177,0.056,3.466,19.689,24114.0,3.734,5.082,443412
103,3810,1336,3,57171.117306,30.915,467.17,777.92,1.08,9,9,1.002e-05,1.668e-05,,,ec0915.150529.443454_ooi_z_v1_N22_160306.523733_ooi_z_v1_N22.diff.fits,0x0000,157,z,TEMPLATE,t,0.0325,1.214,0.051,3.988,18.396,27448.0,10.020000000000001,16.68,443454
103,3810,1336,3,57171.121418,30.915,738.95,1056.17,1.91,9,9,1.585e-05,2.265e-05,,,ec0915.150529.443456_ooi_z_v1_N22_160306.523733_ooi_z_v1_N22.diff.fits,0x0000,159,z,TEMPLATE,t,0.0241,1.205,0.059,3.624,18.227,28127.0,15.85,22.650000000000002,443456
103,3810,1336,3,57198.960089,30.915,8.17,13.7,3.3,9,9,1.752e-07,2.938e-07,,,ec0915.150625.453952_ooi_z_v1_N22_160306.523733_ooi_z_v1_N22.diff.fits,0x0000,164,z,TEMPLATE,t,1.0789,1.109,0.062,4.714,22.377,10108.0,0.1752,0.2938,453952
103,3810,1336,3,57198.965698,30.915,8.66,14.68,1.68,9,9,1.857e-07,3.148e-07,,,ec0915.150625.453955_ooi_z_v1_N22_160306.523733_ooi_z_v1_N22.diff.fits,0x0000,167,z,TEMPLATE,t,1.0696,1.223,0.064,4.277,22.481,10187.0,0.1857,0.31479999999999997,453955
103,3810,1336,3,57199.005294,30.915,54.6,12.58,1.5,9,9,1.171e-06,2.697e-07,23.729,0.250099,ec0915.150626.453976_ooi_z_v1_N22_160306.523733_ooi_z_v1_N22.diff.fits,0x0000,170,z,TEMPLATE,t,1.0649,1.202,0.083,4.295,22.633,7612.0,1.171,0.2697,453976
103,3810,1336,3,57387.340403,30.915,-0.71,10.37,1.1,9,9,-1.53e-08,2.223e-07,,,ec0915.151231.507220_ooi_z_v1_N22_160306.523733_ooi_z_v1_N22.diff.fits,0x0000,176,z,TEMPLATE,t,1.0642,1.234,0.126,3.164,23.086,5609.0,-0.015300000000000001,0.2223,507220
103,3810,1336,3,57388.334629,30.915,7.96,9.94,1.5,9,9,1.707e-07,2.132e-07,,,ec0915.160101.507561_ooi_z_v1_N22_160306.523733_ooi_z_v1_N22.diff.fits,0x0000,180,z,TEMPLATE,t,1.0844,1.228,0.102,3.599,23.14,4209.0,0.17070000000000002,0.2132,507561
103,3810,1336,3,57443.170926,30.915,-14.08,11.5,0.33,9,9,-3.02e-07,2.466e-07,,,ec0915.160225.519763_ooi_z_v1_N22_160306.523733_ooi_z_v1_N22.diff.fits,0x0000,183,z,TEMPLATE,t,1.0313,1.116,0.072,3.975,22.746,6057.0,-0.302,0.24659999999999999,519763
103,3810,1336,3,57443.175066,30.915,-20.62,11.38,1.37,9,9,-4.421e-07,2.44e-07,,,ec0915.160225.519765_ooi_z_v1_N22_160306.523733_ooi_z_v1_N22.diff.fits,0x0000,185,z,TEMPLATE,t,1.0353,1.109,0.06,4.579,22.596,5911.0,-0.44210000000000005,0.24400000000000002,519765
103,3810,1336,3,57452.205272,30.915,-29.17,12.35,0.79,9,9,-6.256e-07,2.649e-07,,,ec0915.160305.523437_ooi_z_v1_N22_160306.523733_ooi_z_v1_N22.diff.fits,0x0000,187,z,TEMPLATE,t,1.0771,1.286,0.146,2.451,23.522,4633.0,-0.6256,0.26489999999999997,523437
103,3810,1336,3,57535.95023,30.915,-55.56,41.56,1.41,9,9,-1.191e-06,8.913e-07,,,ec0915.160527.545715_ooi_z_v1_N22_160306.523733_ooi_z_v1_N22.diff.fits,0x0000,190,z,TEMPLATE,t,0.3206,1.151,0.067,3.798,21.456,7315.0,-1.1909999999999998,0.8913000000000001,545715
103,3810,1336,3,57535.954356,30.915,-10.24,35.73,1.4,9,9,-2.197e-07,7.662e-07,,,ec0915.160527.545717_ooi_z_v1_N22_160306.523733_ooi_z_v1_N22.diff.fits,0x0000,192,z,TEMPLATE,t,0.3243,1.121,0.056,4.145,21.475,5947.0,-0.21969999999999998,0.7662,545717
103,3810,1336,3,57535.991722,30.915,-9.31,11.25,1.3,9,9,-1.997e-07,2.413e-07,,,ec0915.160527.545735_ooi_z_v1_N22_160306.523733_ooi_z_v1_N22.diff.fits,0x0000,194,z,TEMPLATE,t,0.8908,1.309,0.092,4.077,22.828,4546.0,-0.1997,0.24130000000000001,545735
103,3810,1336,3,57535.995867,30.915,0.99,11.05,0.38,9,9,2.116e-08,2.369e-07,,,ec0915.160527.545737_ooi_z_v1_N22_160306.523733_ooi_z_v1_N22.diff.fits,0x0000,196,z,TEMPLATE,t,0.9992,1.236,0.106,3.527,22.982,4803.0,0.021159999999999998,0.2369,545737
103,3810,1336,3,57545.965079,30.915,-26.96,14.05,1.09,9,9,-5.782e-07,3.012e-07,,,ec0915.160606.547142_ooi_z_v1_N22_160306.523733_ooi_z_v1_N22.diff.fits,0x0000,206,z,TEMPLATE,t,0.5751,1.139,0.076,4.454,22.464,3034.0,-0.5782,0.3012,547142
103,3810,1336,3,57566.040208,30.915,0.66,15.2,1.51,9,9,1.412e-08,3.26e-07,,,ec0915.160627.549002_ooi_z_v1_N22_160306.523733_ooi_z_v1_N22.diff.fits,0x0000,210,z,TEMPLATE,t,0.9597,1.114,0.072,4.658,22.451,8142.0,0.01412,0.32599999999999996,549002
103,3810,1336,3,57764.169856,30.915,-12.8,11.39,1.03,9,9,-2.744e-07,2.443e-07,,,ec0915.170111.608550_ooi_z_v1_N22_160306.523733_ooi_z_v1_N22.diff.fits,0x0000,213,z,TEMPLATE,t,1.0318,1.268,0.139,3.199,23.075,5482.0,-0.27440000000000003,0.2443,608550
103,3810,1336,3,57764.173997,30.915,3.54,12.55,0.39,9,9,7.591e-08,2.691e-07,,,ec0915.170111.608552_ooi_z_v1_N22_160306.523733_ooi_z_v1_N22.diff.fits,0x0000,215,z,TEMPLATE,t,1.039,1.151,0.106,3.214,23.05,5620.0,0.07590999999999999,0.2691,608552
103,3810,1336,3,57769.284073,30.915,-14.4,10.74,0.44,9,9,-3.089e-07,2.302e-07,,,ec0915.170116.609360_ooi_z_v1_N22_160306.523733_ooi_z_v1_N22.diff.fits,0x0000,217,z,TEMPLATE,t,1.0338,1.183,0.119,3.18,23.349,4050.0,-0.3089,0.23020000000000002,609360
103,3810,1336,3,57769.288221,30.915,-19.05,10.39,0.33,9,9,-4.086e-07,2.229e-07,,,ec0915.170116.609362_ooi_z_v1_N22_160306.523733_ooi_z_v1_N22.diff.fits,0x0000,219,z,TEMPLATE,t,1.0319,1.156,0.125,3.214,23.332,4079.0,-0.4086,0.2229,609362
103,3810,1336,3,57794.308614,30.915,-15.26,10.57,0.59,9,9,-3.273e-07,2.267e-07,,,ec0915.170210.619020_ooi_z_v1_N22_160306.523733_ooi_z_v1_N22.diff.fits,0x0000,231,z,TEMPLATE,t,1.0675,1.149,0.1,3.599,22.954,5829.0,-0.32730000000000004,0.2267,619020
103,3810,1336,3,57795.317714,30.915,-11.27,12.81,2.04,9,9,-2.418e-07,2.747e-07,,,ec0915.170211.619366_ooi_z_v1_N22_160306.523733_ooi_z_v1_N22.diff.fits,0x0000,233,z,TEMPLATE,t,1.0286,1.208,0.115,2.859,23.098,6629.0,-0.24180000000000001,0.2747,619366
103,3810,1336,3,57798.077705,30.915,-12.14,12.51,1.08,9,9,-2.603e-07,2.684e-07,,,ec0915.170214.620291_ooi_z_v1_N22_160306.523733_ooi_z_v1_N22.diff.fits,0x0000,235,z,TEMPLATE,t,0.9631,1.165,0.11,3.29,22.936,5922.0,-0.26030000000000003,0.26839999999999997,620291
103,3810,1336,3,57822.338331,30.915,14.38,13.44,0.44,9,9,3.083e-07,2.883e-07,,,ec0915.170310.628200_ooi_z_v1_N22_160306.523733_ooi_z_v1_N22.diff.fits,0x0000,237,z,TEMPLATE,t,0.9992,1.127,0.081,3.576,22.797,7326.0,0.30829999999999996,0.2883,628200
103,3810,1336,3,57822.342476,30.915,6.94,14.74,1.02,9,9,1.488e-07,3.161e-07,,,ec0915.170310.628202_ooi_z_v1_N22_160306.523733_ooi_z_v1_N22.diff.fits,0x0000,239,z,TEMPLATE,t,0.9893,1.057,0.061,4.175,22.591,7749.0,0.14880000000000002,0.3161,628202
103,3810,1336,3,57824.277361,30.915,-8.84,12.31,0.78,9,9,-1.897e-07,2.639e-07,,,ec0915.170312.628814_ooi_z_v1_N22_160306.523733_ooi_z_v1_N22.diff.fits,0x0000,241,z,TEMPLATE,t,1.0506,1.067,0.073,3.807,22.77,7544.0,-0.1897,0.26389999999999997,628814
103,3810,1336,3,57824.281503,30.915,32.26,11.95,0.63,9,9,6.919e-07,2.562e-07,,,ec0915.170312.628816_ooi_z_v1_N22_160306.523733_ooi_z_v1_N22.diff.fits,0x0000,243,z,TEMPLATE,t,1.0475,1.22,0.097,3.347,22.952,6645.0,0.6919,0.2562,628816
103,3810,1336,3,57847.124307,30.915,23.55,10.27,1.61,9,9,5.049e-07,2.202e-07,,,ec0915.170404.636946_ooi_z_v1_N22_160306.523733_ooi_z_v1_N22.diff.fits,0x0000,252,z,TEMPLATE,t,1.0078,1.244,0.131,3.534,23.1,4387.0,0.5049,0.2202,636946
103,3810,1336,3,57848.992872,30.915,11.71,13.74,0.74,9,9,2.512e-07,2.946e-07,,,ec0915.170405.637489_ooi_z_v1_N22_160306.523733_ooi_z_v1_N22.diff.fits,0x0000,255,z,TEMPLATE,t,1.0116,1.165,0.1,3.387,22.831,7297.0,0.25120000000000003,0.29460000000000003,637489
103,3810,1336,3,57872.960558,30.915,0.35,13.93,2.33,9,9,7.448e-09,2.986e-07,,,ec0915.170429.645088_ooi_z_v1_N22_160306.523733_ooi_z_v1_N22.diff.fits,0x0000,256,z,TEMPLATE,t,1.1067,1.318,0.153,2.628,23.096,8900.0,0.007448,0.2986,645088
103,3810,1336,3,57872.960558,30.915,0.59,14.13,2.27,9,9,1.261e-08,3.03e-07,,,ec0915.170429.645088_ooi_z_vx_N22_160306.523733_ooi_z_v1_N22.diff.fits,0x0000,257,z,TEMPLATE,t,1.14,1.297,0.163,2.627,23.073,9226.0,0.01261,0.303,645088
103,3810,1336,3,57874.962088,30.915,-4.81,36.99,0.52,9,9,-1.031e-07,7.934e-07,,,ec0915.170501.646110_ooi_z_v1_N22_160306.523733_ooi_z_v1_N22.diff.fits,0x0000,270,z,TEMPLATE,t,0.4218,0.813,0.05,3.56,21.55,11604.0,-0.1031,0.7934,646110
103,3810,1336,3,57874.96623,30.915,63.0,50.69,0.4,9,9,1.351e-06,1.087e-06,,,ec0915.170501.646112_ooi_z_vx_N22_160306.523733_ooi_z_v1_N22.diff.fits,0x0000,273,z,TEMPLATE,t,0.2792,1.081,0.064,3.558,21.265,8303.0,1.351,1.087,646112
103,3810,1336,3,57874.96623,30.915,44.45,50.71,0.44,9,9,9.533e-07,1.088e-06,,,ec0915.170501.646112_ooi_z_v1_N22_160306.523733_ooi_z_v1_N22.diff.fits,0x0000,272,z,TEMPLATE,t,0.2716,1.088,0.062,3.558,21.271,8234.0,0.9533,1.088,646112
103,3810,1336,3,57875.014571,30.915,30.24,35.03,2.54,9,9,6.485e-07,7.513e-07,,,ec0915.170502.646135_ooi_z_v1_N22_160306.523733_ooi_z_v1_N22.diff.fits,0x0000,275,z,TEMPLATE,t,0.3539,1.104,0.064,3.521,21.657,7497.0,0.6485,0.7513,646135
103,3810,1336,3,57875.018706,30.915,17.12,28.01,0.5,9,9,3.671e-07,6.006e-07,,,ec0915.170502.646137_ooi_z_v1_N22_160306.523733_ooi_z_v1_N22.diff.fits,0x0000,278,z,TEMPLATE,t,0.4891,1.167,0.081,3.247,22.174,6770.0,0.3671,0.6006,646137
103,3810,1336,3,57875.018706,30.915,37.72,28.82,0.66,9,9,8.089e-07,6.181e-07,,,ec0915.170502.646137_ooi_z_vx_N22_160306.523733_ooi_z_v1_N22.diff.fits,0x0000,279,z,TEMPLATE,t,0.5031,1.109,0.082,3.247,22.145,7140.0,0.8089,0.6181,646137
103,3810,1336,3,57875.081054,30.915,-8.74,43.33,0.49,9,9,-1.875e-07,9.292e-07,,,ec0915.170502.646165_ooi_z_v1_N22_160306.523733_ooi_z_v1_N22.diff.fits,0x0000,282,z,TEMPLATE,t,0.314,1.116,0.069,3.34,21.62,7054.0,-0.1875,0.9292,646165
103,3810,1336,3,57875.085195,30.915,-25.27,16.53,0.7,9,9,-5.42e-07,3.545e-07,,,ec0915.170502.646167_ooi_z_v1_N22_160306.523733_ooi_z_v1_N22.diff.fits,0x0000,284,z,TEMPLATE,t,0.7859,1.128,0.089,3.35,22.666,6214.0,-0.5419999999999999,0.3545,646167
103,3810,1336,3,57875.122515,30.915,76.72,23.53,1.6,9,9,1.645e-06,5.045e-07,23.359,0.332922,ec0915.170502.646185_ooi_z_v1_N22_160306.523733_ooi_z_v1_N22.diff.fits,0x0000,286,z,TEMPLATE,t,0.5261,0.991,0.076,3.058,22.295,6557.0,1.645,0.5045,646185
103,3810,1336,3,57875.126648,30.915,-1.08,21.75,0.59,9,9,-2.326e-08,4.664e-07,,,ec0915.170502.646187_ooi_z_v1_N22_160306.523733_ooi_z_v1_N22.diff.fits,0x0000,288,z,TEMPLATE,t,0.5093,1.192,0.085,3.171,22.342,5378.0,-0.02326,0.4664,646187
103,3810,1336,3,57888.146212,30.915,21.31,10.56,1.08,9,6,4.57e-07,2.265e-07,,,ec0915.170515.648397_ooi_z_v1_N22_160306.523733_ooi_z_v1_N22.diff.fits,0x0000,290,z,TEMPLATE,t,1.026,1.134,0.061,5.728,22.558,4880.0,0.45699999999999996,0.2265,648397
103,3810,1336,3,57888.150335,30.915,-22.28,10.95,0.39,9,3,-4.779e-07,2.348e-07,,,ec0915.170515.648399_ooi_z_v1_N22_160306.523733_ooi_z_v1_N22.diff.fits,0x0000,292,z,TEMPLATE,t,1.0271,1.289,0.057,5.92,22.593,4268.0,-0.4779,0.2348,648399
103,3810,1336,3,57935.020929,30.915,31.79,11.38,0.65,9,9,6.817e-07,2.44e-07,,,ec0915.170701.657445_ooi_z_vx_N22_160306.523733_ooi_z_v1_N22.diff.fits,0x0000,299,z,TEMPLATE,t,1.1345,1.232,0.13,3.547,23.0,5851.0,0.6817,0.24400000000000002,657445
103,3810,1336,3,57950.995174,30.915,44.97,13.93,0.86,9,0,9.645e-07,2.986e-07,23.939,0.336182,ec0915.170716.659072_ooi_z_v1_N22_160306.523733_ooi_z_v1_N22.diff.fits,0x0000,306,z,TEMPLATE,t,1.11,0.929,0.039,7.027,22.172,8578.0,0.9645,0.2986,659072
103,3810,1336,3,58183.117442,30.915,-26.32,11.09,0.37,9,9,-5.645e-07,2.378e-07,,,ec0915.180306.727448_ooi_z_v1_N22_160306.523733_ooi_z_v1_N22.diff.fits,0x0000,312,z,TEMPLATE,t,0.9792,1.336,0.067,4.321,22.804,4442.0,-0.5645,0.2378,727448
103,3810,1336,3,58183.121555,30.915,-27.35,11.84,0.78,9,9,-5.866e-07,2.539e-07,,,ec0915.180306.727450_ooi_z_v1_N22_160306.523733_ooi_z_v1_N22.diff.fits,0x0000,314,z,TEMPLATE,t,0.9745,1.099,0.082,3.827,22.829,5524.0,-0.5866,0.2539,727450
103,3810,1336,3,58184.03864,30.915,-19.19,12.35,0.36,9,9,-4.115e-07,2.648e-07,,,ec0915.180307.727589_ooi_z_v1_N22_160306.523733_ooi_z_v1_N22.diff.fits,0x0000,316,z,TEMPLATE,t,0.8599,1.178,0.078,5.158,22.516,4545.0,-0.4115,0.2648,727589
103,3810,1336,3,58225.986333,30.915,-41.6,12.64,0.54,9,9,-8.922e-07,2.711e-07,,,ec0915.180417.736458_ooi_z_v1_N22_160306.523733_ooi_z_v1_N22.diff.fits,0x0000,327,z,TEMPLATE,t,0.9652,1.246,0.077,4.831,22.505,5784.0,-0.8922,0.2711,736458
103,3810,1336,3,58232.983204,30.915,-26.42,12.87,1.41,9,9,-5.667e-07,2.76e-07,,,ec0915.180424.738618_ooi_z_v1_N22_160306.523733_ooi_z_v1_N22.diff.fits,0x0000,331,z,TEMPLATE,t,1.0633,1.157,0.103,3.779,22.758,7453.0,-0.5667,0.27599999999999997,738618
103,3810,1336,3,58246.003574,30.915,-18.14,20.71,0.7,9,9,-3.89e-07,4.441e-07,,,ec0915.180508.743629_ooi_z_v1_N22_160306.523733_ooi_z_v1_N22.diff.fits,0x0000,335,z,TEMPLATE,t,0.7157,1.113,0.065,4.337,22.078,9437.0,-0.389,0.4441,743629
103,3810,1336,3,58261.080086,30.915,-43.06,15.57,1.66,9,9,-9.235e-07,3.338e-07,,,ec0915.180523.750068_ooi_z_v1_N22_160306.523733_ooi_z_v1_N22.diff.fits,0x0000,339,z,TEMPLATE,t,1.0482,0.963,0.094,3.406,22.75,9810.0,-0.9235,0.3338,750068
103,3810,1336,3,58261.088392,30.915,-66.21,12.82,0.27,9,9,-1.42e-06,2.75e-07,,,ec0915.180523.750072_ooi_z_v1_N22_160306.523733_ooi_z_v1_N22.diff.fits,0x0000,343,z,TEMPLATE,t,1.0415,1.169,0.117,3.008,22.974,8140.0,-1.42,0.275,750072
103,3810,1336,3,58313.979667,30.915,-36.91,12.07,1.45,9,9,-7.915e-07,2.589e-07,,,ec0915.180714.755609_ooi_z_v1_N22_160306.523733_ooi_z_v1_N22.diff.fits,0x0000,345,z,TEMPLATE,t,1.1382,1.002,0.082,4.134,22.713,8411.0,-0.7915,0.2589,755609
103,3810,1336,3,58313.987958,30.915,-40.51,11.73,1.48,9,9,-8.689e-07,2.515e-07,,,ec0915.180714.755613_ooi_z_v1_N22_160306.523733_ooi_z_v1_N22.diff.fits,0x0000,349,z,TEMPLATE,t,1.1318,1.09,0.078,3.788,22.871,7802.0,-0.8689,0.2515,755613
103,3810,1336,3,58483.310826,30.915,-44.48,9.39,1.13,9,9,-9.538e-07,2.013e-07,,,ec0915.181231.807723_ooi_z_v1_N22_160306.523733_ooi_z_v1_N22.diff.fits,0x0000,358,z,TEMPLATE,t,1.1382,1.454,0.173,3.529,23.237,4204.0,-0.9538000000000001,0.2013,807723
103,3810,1336,3,58536.294128,30.915,-41.39,16.88,0.74,9,9,-8.876e-07,3.621e-07,,,ec0915.190222.826209_ooi_z_v1_N22_160306.523733_ooi_z_v1_N22.diff.fits,0x0000,363,z,TEMPLATE,t,0.5223,1.125,0.124,2.835,22.823,2881.0,-0.8876,0.3621,826209
103,3810,1336,3,58542.172304,30.915,-47.76,9.54,0.89,9,9,-1.024e-06,2.046e-07,,,ec0915.190228.828459_ooi_z_v1_N22_160306.523733_ooi_z_v1_N22.diff.fits,0x0000,367,z,TEMPLATE,t,1.026,1.087,0.14,3.159,23.342,3542.0,-1.024,0.2046,828459
103,3810,1336,3,58572.222637,30.915,-38.11,9.25,1.11,9,9,-8.173e-07,1.984e-07,,,ec0915.190330.843689_ooi_z_v1_N22_160306.523733_ooi_z_v1_N22.diff.fits,0x0000,384,z,TEMPLATE,t,1.2018,1.172,0.105,4.127,23.009,5136.0,-0.8173,0.1984,843689
103,3810,1336,3,58572.226441,30.915,-38.16,12.94,0.6,9,9,-8.183e-07,2.775e-07,,,ec0915.190330.843690_ooi_z_v1_N22_160306.523733_ooi_z_v1_N22.diff.fits,0x0000,385,z,TEMPLATE,t,0.8292,1.115,0.072,4.453,22.559,5193.0,-0.8182999999999999,0.27749999999999997,843690
103,3810,1336,3,58572.230237,30.915,-7.08,14.92,0.98,9,9,-1.519e-07,3.2e-07,,,ec0915.190330.843691_ooi_z_v1_N22_160306.523733_ooi_z_v1_N22.diff.fits,0x0000,386,z,TEMPLATE,t,0.6732,1.234,0.089,4.04,22.442,4903.0,-0.1519,0.32,843691
103,3810,1336,3,58572.234037,30.915,4.12,21.91,1.17,9,9,8.826e-08,4.698e-07,,,ec0915.190330.843692_ooi_z_v1_N22_160306.523733_ooi_z_v1_N22.diff.fits,0x0000,387,z,TEMPLATE,t,0.5142,1.044,0.056,4.479,21.994,5216.0,0.08825999999999999,0.4698,843692
103,3810,1336,3,58572.237846,30.915,-55.44,23.0,0.65,9,9,-1.189e-06,4.932e-07,,,ec0915.190330.843693_ooi_z_v1_N22_160306.523733_ooi_z_v1_N22.diff.fits,0x0000,388,z,TEMPLATE,t,0.4535,1.115,0.069,4.214,21.987,4793.0,-1.189,0.49319999999999997,843693
103,3810,1336,3,58578.206222,30.915,-19.54,11.91,0.34,9,9,-4.191e-07,2.555e-07,,,ec0915.190405.846168_ooi_z_v1_N22_160306.523733_ooi_z_v1_N22.diff.fits,0x0000,392,z,TEMPLATE,t,1.0249,0.832,0.109,3.986,22.804,6648.0,-0.4191,0.2555,846168
103,3810,1336,3,58639.02291,30.915,-36.99,35.41,0.43,9,9,-7.932e-07,7.594e-07,,,ec0915.190605.862065_ooi_z_v1_N22_160306.523733_ooi_z_v1_N22.diff.fits,0x0000,396,z,TEMPLATE,t,0.4406,0.878,0.063,3.587,21.698,9151.0,-0.7932,0.7594,862065
103,3810,1336,3,58691.95826,30.915,-54.79,39.64,0.65,9,9,-1.175e-06,8.501e-07,,,ec0915.190727.879486_ooi_z_v1_N22_160306.523733_ooi_z_v1_N22.diff.fits,0x0000,397,z,TEMPLATE,t,0.6597,1.016,0.066,4.036,21.499,27221.0,-1.175,0.8501,879486
103,3810,1336,3,58818.262285,30.915,-18.17,13.15,0.79,9,9,-3.896e-07,2.82e-07,,,ec0915.191201.912644_ooi_z_vx_N22_160306.523733_ooi_z_v1_N22.diff.fits,0x0000,406,z,TEMPLATE,t,1.1264,1.31,0.152,3.599,22.872,7481.0,-0.3896,0.28200000000000003,912644
103,3810,1336,3,58818.262285,30.915,4.4,13.27,0.91,9,9,9.433e-08,2.847e-07,,,ec0915.191201.912644_ooi_z_v1_N22_160306.523733_ooi_z_v1_N22.diff.fits,0x0000,405,z,TEMPLATE,t,1.1253,1.157,0.085,3.6,22.863,7593.0,0.09433,0.2847,912644
103,3810,1336,3,58818.27059,30.915,-26.78,12.83,1.13,9,9,-5.743e-07,2.751e-07,,,ec0915.191201.912648_ooi_z_v1_N22_160306.523733_ooi_z_v1_N22.diff.fits,0x0000,410,z,TEMPLATE,t,1.1387,1.094,0.103,3.313,22.974,7022.0,-0.5742999999999999,0.2751,912648
103,3810,1336,3,58840.279334,30.915,-39.67,9.49,0.93,9,9,-8.507e-07,2.036e-07,,,ec0915.191223.921762_ooi_z_v1_N22_160306.523733_ooi_z_v1_N22.diff.fits,0x0000,414,z,TEMPLATE,t,1.1448,1.315,0.161,3.23,23.351,4028.0,-0.8507,0.2036,921762
103,3810,1336,3,58840.287634,30.915,-23.27,9.7,0.88,9,9,-4.989e-07,2.081e-07,,,ec0915.191223.921766_ooi_z_v1_N22_160306.523733_ooi_z_v1_N22.diff.fits,0x0000,418,z,TEMPLATE,t,1.1553,1.201,0.15,2.968,23.373,4317.0,-0.4989,0.20809999999999998,921766
103,3810,1336,3,58840.363289,30.915,-63.24,20.08,0.76,9,9,-1.356e-06,4.307e-07,,,ec0915.191223.921802_ooi_z_v1_N22_160306.523733_ooi_z_v1_N22.diff.fits,0x0000,422,z,TEMPLATE,t,0.5851,1.226,0.129,2.65,22.756,4509.0,-1.356,0.4307,921802
103,3810,1336,3,58848.301947,30.915,-50.16,10.83,1.77,9,9,-1.076e-06,2.322e-07,,,ec0915.191231.923831_ooi_z_v1_N22_160306.523733_ooi_z_v1_N22.diff.fits,0x0000,426,z,TEMPLATE,t,1.1973,1.426,0.21,2.611,23.578,4309.0,-1.0759999999999998,0.2322,923831
103,3810,1336,3,58848.31023,30.915,-10.37,9.37,1.28,9,9,-2.224e-07,2.01e-07,,,ec0915.191231.923835_ooi_z_v1_N22_160306.523733_ooi_z_v1_N22.diff.fits,0x0000,430,z,TEMPLATE,t,1.2048,1.259,0.133,3.537,23.364,4099.0,-0.22240000000000001,0.201,923835
103,3810,1336,3,58848.348661,30.915,-57.88,12.66,1.43,9,9,-1.241e-06,2.715e-07,,,ec0915.191231.923853_ooi_z_v1_N22_160306.523733_ooi_z_v1_N22.diff.fits,0x0000,432,z,TEMPLATE,t,0.5858,1.305,0.178,2.912,23.094,2111.0,-1.241,0.2715,923853
103,3810,1336,3,58870.169795,30.915,-52.54,11.0,0.61,9,9,-1.127e-06,2.36e-07,,,ec0915.200122.925785_ooi_z_v1_N22_160306.523733_ooi_z_v1_N22.diff.fits,0x0000,436,z,TEMPLATE,t,1.056,1.196,0.111,3.884,22.984,5016.0,-1.127,0.236,925785
103,3810,1336,3,58877.17514,30.915,-25.34,10.04,0.66,9,9,-5.435e-07,2.154e-07,,,ec0915.200129.927465_ooi_z_v1_N22_160306.523733_ooi_z_v1_N22.diff.fits,0x0000,440,z,TEMPLATE,t,1.0048,1.181,0.094,4.728,22.772,4312.0,-0.5435,0.2154,927465
103,3810,1336,3,58905.154089,30.915,-38.81,9.71,1.27,9,9,-8.323e-07,2.081e-07,,,ec0915.200226.938759_ooi_z_v1_N22_160306.523733_ooi_z_v1_N22.diff.fits,0x0000,444,z,TEMPLATE,t,1.1088,1.238,0.13,3.857,23.09,4273.0,-0.8322999999999999,0.20809999999999998,938759
103,3810,1336,3,59146.349303,30.915,-14.82,10.25,0.29,9,9,-3.178e-07,2.198e-07,,,ec0915.201024.948166_ooi_z_v1_N22_160306.523733_ooi_z_v1_N22.diff.fits,0x0000,448,z,TEMPLATE,t,1.1096,1.213,0.112,4.401,22.807,6017.0,-0.3178,0.2198,948166
103,3810,1336,3,59176.305734,30.915,-33.61,10.37,0.5,9,9,-7.208e-07,2.224e-07,,,ec0915.201123.957181_ooi_z_v1_N22_160306.523733_ooi_z_v1_N22.diff.fits,0x0000,452,z,TEMPLATE,t,1.1309,1.408,0.209,3.806,23.004,5426.0,-0.7208,0.22240000000000001,957181
103,3810,1336,3,59236.261521,30.915,-41.64,10.28,0.58,9,9,-8.931e-07,2.205e-07,,,ec0915.210122.958768_ooi_z_v1_N22_160306.523733_ooi_z_v1_N22.diff.fits,0x0000,455,z,TEMPLATE,t,1.0432,1.468,0.226,4.415,22.848,4910.0,-0.8931,0.2205,958768
103,3810,1336,3,59301.045653,30.915,-39.46,21.9,0.88,9,9,-8.462e-07,4.697e-07,,,ec0915.210328.978113_ooi_z_v1_N22_160306.523733_ooi_z_v1_N22.diff.fits,0x0000,463,z,TEMPLATE,t,0.5115,1.197,0.11,3.635,22.321,4215.0,-0.8462000000000001,0.46969999999999995,978113
103,3810,1336,3,59304.008094,30.915,-31.91,15.21,1.11,9,9,-6.844e-07,3.263e-07,,,ec0915.210331.979132_ooi_z_v1_N22_160306.523733_ooi_z_v1_N22.diff.fits,0x0000,465,z,TEMPLATE,t,0.5342,1.207,0.1,4.205,22.455,2752.0,-0.6844,0.3263,979132
103,3810,1336,3,59307.091802,30.915,-15.31,15.58,1.08,9,9,-3.283e-07,3.342e-07,,,ec0915.210403.980345_ooi_z_v1_N22_160306.523733_ooi_z_v1_N22.diff.fits,0x0000,467,z,TEMPLATE,t,0.5061,1.244,0.114,4.768,22.357,2177.0,-0.3283,0.3342,980345
103,3810,1336,3,59512.377811,30.915,-74.58,32.14,0.42,9,9,-1.599e-06,6.892e-07,,,ec0915.211025.1046077_ooi_z_v1_N22_160306.523733_ooi_z_v1_N22.diff.fits,0x0000,480,z,TEMPLATE,t,0.5334,1.15,0.102,3.379,21.799,13643.0,-1.599,0.6892,1046077
103,3810,1336,3,59570.324687,30.915,-46.25,14.21,2.32,9,9,-9.919e-07,3.048e-07,,,ec0915.211222.1064957_ooi_z_v1_N22_160306.523733_ooi_z_v1_N22.diff.fits,0x0000,498,z,TEMPLATE,t,0.5707,1.198,0.099,3.806,22.636,2504.0,-0.9919,0.30479999999999996,1064957
103,3810,1336,3,59572.282599,30.915,6.13,15.49,1.21,9,9,1.314e-07,3.323e-07,,,ec0915.211224.1065702_ooi_z_v1_N22_160306.523733_ooi_z_v1_N22.diff.fits,0x0000,499,z,TEMPLATE,t,0.4824,1.241,0.131,3.245,22.627,2317.0,0.1314,0.3323,1065702
103,3810,1336,3,59634.202353,30.915,-15.87,11.41,0.95,9,9,-3.404e-07,2.448e-07,,,ec0915.220224.1083414_ooi_z_v1_N22_160306.523733_ooi_z_v1_N22.diff.fits,0x0000,516,z,TEMPLATE,t,1.1791,1.539,0.299,3.317,23.07,6473.0,-0.3404,0.24480000000000002,1083414
103,3810,1336,3,59899.356462,30.915,-13.01,27.96,0.68,9,9,-2.79e-07,5.997e-07,,,ec0915.221116.1150882_ooi_z_v1_N22_160306.523733_ooi_z_v1_N22.diff.fits,0x0000,538,z,TEMPLATE,t,0.5615,1.16,0.102,3.141,21.994,11086.0,-0.27899999999999997,0.5996999999999999,1150882
103,3810,1336,3,59948.227068,30.915,19.78,15.29,1.28,9,9,4.242e-07,3.279e-07,,,ec0915.230104.1162015_ooi_z_v1_N22_160306.523733_ooi_z_v1_N22.diff.fits,0x0000,545,z,TEMPLATE,t,0.4907,1.266,0.141,3.614,22.552,2640.0,0.4242,0.3279,1162015
103,3810,1336,3,60126.974862,30.915,-39.96,23.98,1.43,9,9,-8.57e-07,5.144e-07,,,ec0915.230701.1217849_ooi_z_v1_N22_160306.523733_ooi_z_v1_N22.diff.fits,0x0000,576,z,TEMPLATE,t,0.5718,1.22,0.139,3.114,22.311,7670.0,-0.857,0.5144,1217849
103,3810,1336,3,60156.989461,30.915,-117.15,22.32,1.34,9,9,-2.512e-06,4.787e-07,,,ec0915.230731.1227300_ooi_z_v1_N22_160306.523733_ooi_z_v1_N22.diff.fits,0x0000,581,z,TEMPLATE,t,0.5727,1.161,0.088,4.474,21.851,7123.0,-2.512,0.47869999999999996,1227300
103,3810,1336,3,60361.185082,30.915,78.78,28.48,0.98,9,9,1.69e-06,6.108e-07,,,ec0915.240221.1278342_ooi_z_v1_N22_160306.523733_ooi_z_v1_N22.diff.fits,0x0000,612,z,TEMPLATE,t,0.3481,1.254,0.149,3.138,22.084,4002.0,1.69,0.6108,1278342
103,3810,1336,3,60427.053895,30.915,99.92,24.23,0.67,9,9,2.143e-06,5.195e-07,23.073,0.263238,ec0915.240427.1293150_ooi_z_v1_N22_160306.523733_ooi_z_v1_N22.diff.fits,0x0000,631,z,TEMPLATE,t,0.4412,1.246,0.141,3.114,22.273,4553.0,2.1430000000000002,0.5195,1293150
103,3810,1336,3,60486.991345,30.915,-58.79,13.51,1.13,9,9,-1.261e-06,2.896e-07,,,ec0915.240625.1305583_ooi_z_v1_N22_160306.523733_ooi_z_v1_N22.diff.fits,0x0000,648,z,TEMPLATE,t,0.5759,1.272,0.07,5.071,22.396,2469.0,-1.2610000000000001,0.2896,1305583
103,3810,1336,3,60508.01389,30.915,-46.31,21.97,0.77,9,9,-9.932e-07,4.711e-07,,,ec0915.240717.1312960_ooi_z_v1_N22_160306.523733_ooi_z_v1_N22.diff.fits,0x0000,657,z,TEMPLATE,t,0.5675,1.125,0.046,4.761,21.822,7694.0,-0.9932000000000001,0.47109999999999996,1312960
103,3810,1336,3,60796.012609,30.915,1010.5,489.07,0.61,9,9,2.167e-05,1.049e-05,,,ec0915.250501.1383216_ooi_z_v1_N22_160306.523733_ooi_z_v1_N22.diff.fits,0x0000,802,z,TEMPLATE,t,0.0156,1.095,0.048,4.827,18.41,2487.0,21.67,10.49,1383216
103,3810,1336,3,60810.00515,30.915,-35.05,49.55,2.05,9,9,-7.518e-07,1.063e-06,,,ec0915.250515.1385416_ooi_z_v1_N22_160306.523733_ooi_z_v1_N22.diff.fits,0x0000,817,z,TEMPLATE,t,0.2462,1.214,0.108,2.67,21.572,6937.0,-0.7518,1.063,1385416
103,3810,1336,3,60811.012032,30.915,-81.53,38.37,1.04,9,9,-1.748e-06,8.229e-07,,,ec0915.250516.1385995_ooi_z_v1_N22_160306.523733_ooi_z_v1_N22.diff.fits,0x0000,824,z,TEMPLATE,t,0.2676,1.351,0.182,2.819,21.901,4248.0,-1.748,0.8229,1385995
103,3810,1336,3,60836.034265,30.915,-65.48,29.24,0.73,9,9,-1.404e-06,6.271e-07,,,ec0915.250610.1395332_ooi_z_v1_N22_160306.523733_ooi_z_v1_N22.diff.fits,0x0000,845,z,TEMPLATE,t,0.4464,1.185,0.081,4.492,21.636,6836.0,-1.404,0.6271,1395332
103,3810,1336,3,60861.985881,30.915,357.67,410.27,1.06,3,0,7.67e-06,8.798e-06,,,ec0915.250705.1404550_ooi_z_v1_N22_160306.523733_ooi_z_v1_N22.diff.fits,0x0000,861,z,TEMPLATE,t,0.0781,1.115,0.056,7.942,18.755,14860.0,7.669999999999999,8.798,1404550
103,3810,1336,3,60885.981919,30.915,-83.91,82.32,2.07,9,9,-1.799e-06,1.765e-06,,,ec0915.250729.1410882_ooi_z_v1_N22_160306.523733_ooi_z_v1_N22.diff.fits,0x0000,878,z,TEMPLATE,t,0.1174,1.156,0.081,5.031,20.453,4021.0,-1.7990000000000002,1.7650000000000001,1410882
103,3810,1336,3,60891.978828,30.915,-152.8,53.74,1.18,9,9,-3.277e-06,1.153e-06,,,ec0915.250804.1411935_ooi_z_v1_N22_160306.523733_ooi_z_v1_N22.diff.fits,0x0000,882,z,TEMPLATE,t,0.2642,1.143,0.074,3.756,21.204,8976.0,-3.277,1.153,1411935
103,3810,1336,3,60988.321944,30.915,-167.44,17.01,0.94,9,9,-3.591e-06,3.649e-07,,,ec0915.251109.1433487_ooi_z_v1_N22_160306.523733_ooi_z_v1_N22.diff.fits,0x0000,923,z,TEMPLATE,t,0.545,1.532,0.233,4.536,22.309,3622.0,-3.591,0.3649,1433487
103,3810,1336,3,60997.332383,30.915,-57.74,27.89,0.8,9,9,-1.238e-06,5.981e-07,,,ec0915.251118.1436429_ooi_z_v1_N22_160306.523733_ooi_z_v1_N22.diff.fits,0x0000,936,z,TEMPLATE,t,0.2931,1.33,0.162,3.198,22.001,3094.0,-1.238,0.5981000000000001,1436429
103,3810,1336,3,61000.294623,30.915,516.15,649.15,1.03,9,9,1.107e-05,1.392e-05,,,ec0915.251121.1437419_ooi_z_v1_N22_160306.523733_ooi_z_v1_N22.diff.fits,0x0000,940,z,TEMPLATE,t,0.0097,1.092,0.062,3.949,18.505,1654.0,11.07,13.92,1437419
103,3810,1336,3,61054.348165,30.915,-131.48,10.74,0.94,9,9,-2.82e-06,2.304e-07,,,ec0915.260114.1448793_ooi_z_v1_N22_160306.523733_ooi_z_v1_N22.diff.fits,0x0000,999,z,TEMPLATE,t,0.5609,1.611,0.263,3.106,23.245,1314.0,-2.8200000000000003,0.2304,1448793
103,3810,1336,3,61111.243969,30.915,-148.16,11.97,2.89,9,9,-3.177e-06,2.568e-07,,,ec0915.260312.1462192_ooi_z_v1_N22_160306.523733_ooi_z_v1_N22.diff.fits,0x0000,1076,z,TEMPLATE,t,0.5703,1.382,0.135,4.012,22.768,1832.0,-3.1769999999999996,0.25680000000000003,1462192
104,3819,1324,3,56341.289265,30.915,208.67,17.24,0.02,3,0,4.475e-06,3.698e-07,22.273,0.08972,ec0915.130218.178885_ooi_z_N22_160306.523733_ooi_z_v1_N22.diff.fits,0x0000,10,z,TEMPLATE,t,0.8508,1.259,0.057,4.678,22.854,3300.0,4.4750000000000005,0.36979999999999996,178885
104,3819,1324,3,56341.291336,30.915,,,,0,0,,,,,ec0915.130218.178886_ooi_z_N22_160306.523733_ooi_z_v1_N22.diff.fits,0x0000,11,z,TEMPLATE,t,0.8473,1.266,0.073,4.273,22.895,3347.0,,,178886
104,3819,1324,3,56360.209714,30.915,226.72,13.05,2.37,9,0,4.862e-06,2.798e-07,22.183,0.062483,ec0915.130309.184932_ooi_z_N22_160306.523733_ooi_z_v1_N22.diff.fits,0x0000,16,z,TEMPLATE,t,0.5299,1.501,0.167,2.985,23.119,1727.0,4.862,0.2798,184932
104,3819,1324,3,56418.977034,30.915,152.69,18.89,1.45,6,0,3.274e-06,4.052e-07,22.612,0.134353,ec0915.130506.204629_ooi_z_v1_N22_160306.523733_ooi_z_v1_N22.diff.fits,0x0000,26,z,TEMPLATE,t,1.148,1.415,0.136,4.154,22.944,6628.0,3.274,0.4052,204629
104,3819,1324,3,56487.988309,30.915,161.34,21.78,0.03,3,0,3.46e-06,4.672e-07,22.552,0.146594,ec0915.130714.218757_ooi_z_N22_160306.523733_ooi_z_v1_N22.diff.fits,0x0000,30,z,TEMPLATE,t,1.1066,1.401,0.139,4.132,22.883,6364.0,3.46,0.4672,218757
104,3819,1324,3,56488.988287,30.915,104.25,12.36,0.77,9,0,2.236e-06,2.65e-07,23.027,0.128711,ec0915.130715.219201_ooi_z_N22_160306.523733_ooi_z_v1_N22.diff.fits,0x0000,34,z,TEMPLATE,t,1.1771,1.424,0.157,3.539,23.022,6998.0,2.2359999999999998,0.265,219201
104,3819,1324,3,56489.013217,30.915,89.88,14.4,0.75,6,0,1.927e-06,3.089e-07,23.188,0.174008,ec0915.130716.219213_ooi_z_N22_160306.523733_ooi_z_v1_N22.diff.fits,0x0000,38,z,TEMPLATE,t,1.1635,1.349,0.109,3.653,23.001,6723.0,1.9269999999999998,0.3089,219213
104,3819,1324,3,56612.306942,30.915,,,,0,0,,,,,ec0915.131116.254783_ooi_z_N22_160306.523733_ooi_z_v1_N22.diff.fits,0x0000,43,z,TEMPLATE,t,1.1224,1.313,0.078,4.868,22.731,6461.0,,,254783
104,3819,1324,3,56668.211483,30.915,77.47,11.19,0.71,6,0,1.661e-06,2.399e-07,23.349,0.156765,ec0915.140111.273124_ooi_z_N22_160306.523733_ooi_z_v1_N22.diff.fits,0x0000,47,z,TEMPLATE,t,1.172,1.495,0.158,3.611,23.257,4304.0,1.661,0.23990000000000003,273124
104,3819,1324,3,56668.219813,30.915,,,,0,0,,,,,ec0915.140111.273128_ooi_z_N22_160306.523733_ooi_z_v1_N22.diff.fits,0x0000,51,z,TEMPLATE,t,1.1786,1.44,0.115,4.442,23.028,4385.0,,,273128
104,3819,1324,3,56713.197028,30.915,81.43,9.77,0.95,9,0,1.746e-06,2.096e-07,23.295,0.130304,ec0915.140225.288123_ooi_z_N22_160306.523733_ooi_z_v1_N22.diff.fits,0x0000,79,z,TEMPLATE,t,1.1672,1.419,0.125,3.898,23.153,5178.0,1.746,0.2096,288123
104,3819,1324,3,56764.149481,30.915,81.04,54.46,0.02,6,0,1.738e-06,1.168e-06,,,ec0915.140417.301623_ooi_z_v1_N22_160306.523733_ooi_z_v1_N22.diff.fits,0x0000,84,z,TEMPLATE,t,1.0992,1.466,0.159,3.443,23.118,5856.0,1.738,1.1680000000000001,301623
104,3819,1324,3,56764.153625,30.915,64.91,12.1,0.41,9,0,1.392e-06,2.596e-07,23.541,0.202448,ec0915.140417.301625_ooi_z_v1_N22_160306.523733_ooi_z_v1_N22.diff.fits,0x0000,86,z,TEMPLATE,t,1.0967,1.435,0.125,3.415,23.19,5889.0,1.392,0.2596,301625
104,3819,1324,3,56814.091425,30.915,,,,0,0,,,,,ec0915.140606.320269_ooi_z_v1_N22_160306.523733_ooi_z_v1_N22.diff.fits,0x0000,89,z,TEMPLATE,t,1.1459,1.413,0.09,5.263,22.754,5333.0,,,320269
104,3819,1324,3,56834.960611,30.915,85.93,21.05,0.51,3,0,1.843e-06,4.515e-07,23.236,0.266004,ec0915.140626.331029_ooi_z_v1_N22_160306.523733_ooi_z_v1_N22.diff.fits,0x0000,91,z,TEMPLATE,t,1.0967,1.452,0.12,4.69,22.667,7577.0,1.843,0.4515,331029
104,3819,1324,3,56854.965339,30.915,129.01,16.29,0.63,6,0,2.767e-06,3.493e-07,22.795,0.13708,ec0915.140716.337810_ooi_z_v1_N22_160306.523733_ooi_z_v1_N22.diff.fits,0x0000,99,z,TEMPLATE,t,1.0126,1.426,0.119,4.132,22.811,6947.0,2.767,0.3493,337810
104,3819,1324,3,56998.316848,30.915,8.35,14.36,1.48,6,0,1.79e-07,3.08e-07,,,ec0915.141207.384681_ooi_z_v1_N22_160306.523733_ooi_z_v1_N22.diff.fits,0x0000,106,z,TEMPLATE,t,1.1284,1.229,0.117,3.559,22.939,6560.0,0.179,0.308,384681
104,3819,1324,3,56998.321015,30.915,,,,0,0,,,,,ec0915.141207.384683_ooi_z_v1_N22_160306.523733_ooi_z_v1_N22.diff.fits,0x0000,108,z,TEMPLATE,t,1.1258,1.196,0.077,4.304,22.778,6407.0,,,384683
104,3819,1324,3,57026.228979,30.915,19.55,23.06,1.28,3,0,4.193e-07,4.944e-07,,,ec0915.150104.394285_ooi_z_v1_N22_160306.523733_ooi_z_v1_N22.diff.fits,0x0000,111,z,TEMPLATE,t,1.0335,1.269,0.148,3.39,22.831,6751.0,0.4193,0.4944,394285
104,3819,1324,3,57026.233149,30.915,-3.87,23.36,1.48,3,0,-8.292e-08,5.01e-07,,,ec0915.150104.394287_ooi_z_v1_N22_160306.523733_ooi_z_v1_N22.diff.fits,0x0000,113,z,TEMPLATE,t,1.0467,1.125,0.082,3.691,22.789,6901.0,-0.08292000000000001,0.501,394287
104,3819,1324,3,57050.242086,30.915,57.27,12.42,1.56,6,0,1.228e-06,2.663e-07,23.677,0.235381,ec0915.150128.403911_ooi_z_v1_N22_160306.523733_ooi_z_v1_N22.diff.fits,0x0000,118,z,TEMPLATE,t,0.9842,1.261,0.131,4.029,23.145,3149.0,1.228,0.2663,403911
104,3819,1324,3,57053.240481,30.915,,,,0,0,,,,,ec0915.150131.404893_ooi_z_v1_N22_160306.523733_ooi_z_v1_N22.diff.fits,0x0000,122,z,TEMPLATE,t,1.073,1.194,0.087,3.937,22.876,5245.0,,,404893
104,3819,1324,3,57056.260361,30.915,37.2,21.9,0.24,3,0,7.977e-07,4.697e-07,,,ec0915.150203.405992_ooi_z_ls9_N22_160306.523733_ooi_z_v1_N22.diff.fits,0x0000,126,z,TEMPLATE,t,1.1387,1.22,0.117,3.582,22.902,6587.0,0.7977,0.46969999999999995,405992
104,3819,1324,3,57056.268626,30.915,68.89,21.13,0.94,3,0,1.477e-06,4.532e-07,23.476,0.333018,ec0915.150203.405996_ooi_z_ls9_N22_160306.523733_ooi_z_v1_N22.diff.fits,0x0000,130,z,TEMPLATE,t,1.1421,1.042,0.093,3.48,22.867,7293.0,1.477,0.4532,405996
104,3819,1324,3,57083.233746,30.915,59.05,20.65,0.5,3,0,1.266e-06,4.428e-07,,,ec0915.150302.417215_ooi_z_v1_N22_160306.523733_ooi_z_v1_N22.diff.fits,0x0000,135,z,TEMPLATE,t,1.043,1.205,0.135,3.416,23.018,4875.0,1.266,0.4428,417215
104,3819,1324,3,57088.183133,30.915,35.08,11.98,2.67,9,0,7.522e-07,2.568e-07,,,ec0915.150307.419088_ooi_z_v1_N22_160306.523733_ooi_z_v1_N22.diff.fits,0x0000,136,z,TEMPLATE,t,1.0547,1.158,0.08,3.392,23.026,6188.0,0.7522,0.25680000000000003,419088
104,3819,1324,3,57088.185779,30.915,30.4,11.94,0.3,9,0,6.519e-07,2.561e-07,,,ec0915.150307.419089_ooi_z_v1_N22_160306.523733_ooi_z_v1_N22.diff.fits,0x0000,137,z,TEMPLATE,t,1.0497,1.223,0.109,2.884,23.166,5927.0,0.6518999999999999,0.25610000000000005,419089
104,3819,1324,3,57117.011808,30.915,64.69,22.73,0.19,3,0,1.387e-06,4.874e-07,,,ec0915.150405.429230_ooi_z_v1_N22_160306.523733_ooi_z_v1_N22.diff.fits,0x0000,143,z,TEMPLATE,t,1.0671,1.153,0.082,4.288,22.642,7571.0,1.387,0.4874,429230
104,3819,1324,3,57117.015936,30.915,135.66,23.36,4.07,3,0,2.909e-06,5.01e-07,22.741,0.18699,ec0915.150405.429232_ooi_z_v1_N22_160306.523733_ooi_z_v1_N22.diff.fits,0x0000,145,z,TEMPLATE,t,1.0619,1.19,0.061,4.641,22.633,6637.0,2.909,0.501,429232
104,3819,1324,3,57139.0088,30.915,,,,0,0,,,,,ec0915.150427.437746_ooi_z_v1_N22_160306.523733_ooi_z_v1_N22.diff.fits,0x0000,151,z,TEMPLATE,t,1.041,1.249,0.072,5.414,22.529,5505.0,,,437746
104,3819,1324,3,57171.013911,30.915,81.75,265.9,1.38,9,0,1.753e-06,5.702e-06,,,ec0915.150529.443410_ooi_z_v1_N22_160306.523733_ooi_z_v1_N22.diff.fits,0x0000,153,z,TEMPLATE,t,0.0897,1.165,0.048,4.037,19.422,24525.0,1.753,5.702,443410
104,3819,1324,3,57171.018007,30.915,-298.16,455.8,1.82,3,0,-6.394e-06,9.775e-06,,,ec0915.150529.443412_ooi_z_v1_N22_160306.523733_ooi_z_v1_N22.diff.fits,0x0000,155,z,TEMPLATE,t,0.0982,1.177,0.056,3.466,19.689,24114.0,-6.394,9.775,443412
104,3819,1324,3,57171.117306,30.915,,,,0,0,,,,,ec0915.150529.443454_ooi_z_v1_N22_160306.523733_ooi_z_v1_N22.diff.fits,0x0000,157,z,TEMPLATE,t,0.0325,1.214,0.051,3.988,18.396,27448.0,,,443454
104,3819,1324,3,57171.121418,30.915,,,,0,0,,,,,ec0915.150529.443456_ooi_z_v1_N22_160306.523733_ooi_z_v1_N22.diff.fits,0x0000,159,z,TEMPLATE,t,0.0241,1.205,0.059,3.624,18.227,28127.0,,,443456
104,3819,1324,3,57198.960089,30.915,,,,0,0,,,,,ec0915.150625.453952_ooi_z_v1_N22_160306.523733_ooi_z_v1_N22.diff.fits,0x0000,164,z,TEMPLATE,t,1.0789,1.109,0.062,4.714,22.377,10108.0,,,453952
104,3819,1324,3,57198.965698,30.915,84.11,28.96,1.41,3,0,1.804e-06,6.211e-07,,,ec0915.150625.453955_ooi_z_v1_N22_160306.523733_ooi_z_v1_N22.diff.fits,0x0000,167,z,TEMPLATE,t,1.0696,1.223,0.064,4.277,22.481,10187.0,1.804,0.6211,453955
104,3819,1324,3,57199.005294,30.915,33.27,22.4,0.07,3,0,7.135e-07,4.804e-07,,,ec0915.150626.453976_ooi_z_v1_N22_160306.523733_ooi_z_v1_N22.diff.fits,0x0000,170,z,TEMPLATE,t,1.0649,1.202,0.083,4.295,22.633,7612.0,0.7135,0.4804,453976
104,3819,1324,3,57387.340403,30.915,-6.08,14.14,1.08,6,0,-1.304e-07,3.032e-07,,,ec0915.151231.507220_ooi_z_v1_N22_160306.523733_ooi_z_v1_N22.diff.fits,0x0000,176,z,TEMPLATE,t,1.0642,1.234,0.126,3.164,23.086,5609.0,-0.13040000000000002,0.3032,507220
104,3819,1324,3,57388.334629,30.915,-9.81,18.47,2.98,3,0,-2.103e-07,3.961e-07,,,ec0915.160101.507561_ooi_z_v1_N22_160306.523733_ooi_z_v1_N22.diff.fits,0x0000,180,z,TEMPLATE,t,1.0844,1.228,0.102,3.599,23.14,4209.0,-0.2103,0.3961,507561
104,3819,1324,3,57443.170926,30.915,,,,0,0,,,,,ec0915.160225.519763_ooi_z_v1_N22_160306.523733_ooi_z_v1_N22.diff.fits,0x0000,183,z,TEMPLATE,t,1.0313,1.116,0.072,3.975,22.746,6057.0,,,519763
104,3819,1324,3,57443.175066,30.915,,,,0,0,,,,,ec0915.160225.519765_ooi_z_v1_N22_160306.523733_ooi_z_v1_N22.diff.fits,0x0000,185,z,TEMPLATE,t,1.0353,1.109,0.06,4.579,22.596,5911.0,,,519765
104,3819,1324,3,57452.205272,30.915,-16.08,11.59,0.19,9,0,-3.447e-07,2.485e-07,,,ec0915.160305.523437_ooi_z_v1_N22_160306.523733_ooi_z_v1_N22.diff.fits,0x0000,187,z,TEMPLATE,t,1.0771,1.286,0.146,2.451,23.522,4633.0,-0.3447,0.24849999999999997,523437
104,3819,1324,3,57535.95023,30.915,0.87,46.08,0.94,6,0,1.872e-08,9.882e-07,,,ec0915.160527.545715_ooi_z_v1_N22_160306.523733_ooi_z_v1_N22.diff.fits,0x0000,190,z,TEMPLATE,t,0.3206,1.151,0.067,3.798,21.456,7315.0,0.01872,0.9882,545715
104,3819,1324,3,57535.954356,30.915,-55.04,61.93,0.47,3,0,-1.18e-06,1.328e-06,,,ec0915.160527.545717_ooi_z_v1_N22_160306.523733_ooi_z_v1_N22.diff.fits,0x0000,192,z,TEMPLATE,t,0.3243,1.121,0.056,4.145,21.475,5947.0,-1.18,1.328,545717
104,3819,1324,3,57535.991722,30.915,-3.53,15.45,2.31,6,0,-7.571e-08,3.314e-07,,,ec0915.160527.545735_ooi_z_v1_N22_160306.523733_ooi_z_v1_N22.diff.fits,0x0000,194,z,TEMPLATE,t,0.8908,1.309,0.092,4.077,22.828,4546.0,-0.07571,0.33140000000000003,545735
104,3819,1324,3,57535.995867,30.915,13.43,20.99,0.26,3,0,2.88e-07,4.502e-07,,,ec0915.160527.545737_ooi_z_v1_N22_160306.523733_ooi_z_v1_N22.diff.fits,0x0000,196,z,TEMPLATE,t,0.9992,1.236,0.106,3.527,22.982,4803.0,0.288,0.4502,545737
104,3819,1324,3,57545.965079,30.915,-3.29,19.68,0.39,6,0,-7.056e-08,4.221e-07,,,ec0915.160606.547142_ooi_z_v1_N22_160306.523733_ooi_z_v1_N22.diff.fits,0x0000,206,z,TEMPLATE,t,0.5751,1.139,0.076,4.454,22.464,3034.0,-0.07056,0.4221,547142
104,3819,1324,3,57566.040208,30.915,43.11,20.99,0.22,6,0,9.246e-07,4.501e-07,,,ec0915.160627.549002_ooi_z_v1_N22_160306.523733_ooi_z_v1_N22.diff.fits,0x0000,210,z,TEMPLATE,t,0.9597,1.114,0.072,4.658,22.451,8142.0,0.9246,0.4501,549002
104,3819,1324,3,57764.169856,30.915,63.34,11.86,0.56,9,0,1.358e-06,2.544e-07,23.567,0.203311,ec0915.170111.608550_ooi_z_v1_N22_160306.523733_ooi_z_v1_N22.diff.fits,0x0000,213,z,TEMPLATE,t,1.0318,1.268,0.139,3.199,23.075,5482.0,1.3579999999999999,0.2544,608550
104,3819,1324,3,57764.173997,30.915,43.81,14.78,1.15,6,0,9.394e-07,3.171e-07,,,ec0915.170111.608552_ooi_z_v1_N22_160306.523733_ooi_z_v1_N22.diff.fits,0x0000,215,z,TEMPLATE,t,1.039,1.151,0.106,3.214,23.05,5620.0,0.9393999999999999,0.3171,608552
104,3819,1324,3,57769.284073,30.915,48.52,10.86,0.94,9,0,1.041e-06,2.329e-07,23.857,0.242948,ec0915.170116.609360_ooi_z_v1_N22_160306.523733_ooi_z_v1_N22.diff.fits,0x0000,217,z,TEMPLATE,t,1.0338,1.183,0.119,3.18,23.349,4050.0,1.0410000000000001,0.2329,609360
104,3819,1324,3,57769.288221,30.915,56.09,11.06,0.53,9,0,1.203e-06,2.372e-07,23.699,0.214046,ec0915.170116.609362_ooi_z_v1_N22_160306.523733_ooi_z_v1_N22.diff.fits,0x0000,219,z,TEMPLATE,t,1.0319,1.156,0.125,3.214,23.332,4079.0,1.203,0.2372,609362
104,3819,1324,3,57794.308614,30.915,68.63,20.3,4.09,3,0,1.472e-06,4.354e-07,23.48,0.321188,ec0915.170210.619020_ooi_z_v1_N22_160306.523733_ooi_z_v1_N22.diff.fits,0x0000,231,z,TEMPLATE,t,1.0675,1.149,0.1,3.599,22.954,5829.0,1.472,0.4354,619020
104,3819,1324,3,57795.317714,30.915,17.94,13.62,1.25,9,0,3.847e-07,2.921e-07,,,ec0915.170211.619366_ooi_z_v1_N22_160306.523733_ooi_z_v1_N22.diff.fits,0x0000,233,z,TEMPLATE,t,1.0286,1.208,0.115,2.859,23.098,6629.0,0.3847,0.29209999999999997,619366
104,3819,1324,3,57798.077705,30.915,60.18,15.47,0.87,6,0,1.291e-06,3.318e-07,23.623,0.279127,ec0915.170214.620291_ooi_z_v1_N22_160306.523733_ooi_z_v1_N22.diff.fits,0x0000,235,z,TEMPLATE,t,0.9631,1.165,0.11,3.29,22.936,5922.0,1.291,0.3318,620291
104,3819,1324,3,57822.338331,30.915,66.1,17.25,1.02,6,0,1.418e-06,3.7e-07,23.521,0.283397,ec0915.170310.628200_ooi_z_v1_N22_160306.523733_ooi_z_v1_N22.diff.fits,0x0000,237,z,TEMPLATE,t,0.9992,1.127,0.081,3.576,22.797,7326.0,1.418,0.37,628200
104,3819,1324,3,57822.342476,30.915,78.89,22.98,1.08,3,0,1.692e-06,4.927e-07,23.329,0.316197,ec0915.170310.628202_ooi_z_v1_N22_160306.523733_ooi_z_v1_N22.diff.fits,0x0000,239,z,TEMPLATE,t,0.9893,1.057,0.061,4.175,22.591,7749.0,1.6920000000000002,0.49269999999999997,628202
104,3819,1324,3,57824.277361,30.915,77.39,24.73,1.29,3,0,1.66e-06,5.303e-07,23.35,0.346932,ec0915.170312.628814_ooi_z_v1_N22_160306.523733_ooi_z_v1_N22.diff.fits,0x0000,241,z,TEMPLATE,t,1.0506,1.067,0.073,3.807,22.77,7544.0,1.66,0.5303,628814
104,3819,1324,3,57824.281503,30.915,71.6,14.19,0.49,6,0,1.535e-06,3.044e-07,23.434,0.215234,ec0915.170312.628816_ooi_z_v1_N22_160306.523733_ooi_z_v1_N22.diff.fits,0x0000,243,z,TEMPLATE,t,1.0475,1.22,0.097,3.347,22.952,6645.0,1.535,0.3044,628816
104,3819,1324,3,57847.124307,30.915,66.11,14.42,0.56,6,0,1.418e-06,3.093e-07,23.521,0.236896,ec0915.170404.636946_ooi_z_v1_N22_160306.523733_ooi_z_v1_N22.diff.fits,0x0000,252,z,TEMPLATE,t,1.0078,1.244,0.131,3.534,23.1,4387.0,1.418,0.3093,636946
104,3819,1324,3,57848.992872,30.915,85.02,18.44,1.01,6,0,1.823e-06,3.954e-07,23.248,0.235458,ec0915.170405.637489_ooi_z_v1_N22_160306.523733_ooi_z_v1_N22.diff.fits,0x0000,255,z,TEMPLATE,t,1.0116,1.165,0.1,3.387,22.831,7297.0,1.823,0.39540000000000003,637489
104,3819,1324,3,57872.960558,30.915,62.68,14.95,0.57,9,0,1.344e-06,3.207e-07,23.579,0.259048,ec0915.170429.645088_ooi_z_v1_N22_160306.523733_ooi_z_v1_N22.diff.fits,0x0000,256,z,TEMPLATE,t,1.1067,1.318,0.153,2.628,23.096,8900.0,1.3439999999999999,0.3207,645088
104,3819,1324,3,57872.960558,30.915,53.92,15.03,0.94,9,0,1.156e-06,3.222e-07,23.742,0.302524,ec0915.170429.645088_ooi_z_vx_N22_160306.523733_ooi_z_v1_N22.diff.fits,0x0000,257,z,TEMPLATE,t,1.14,1.297,0.163,2.627,23.073,9226.0,1.1560000000000001,0.3222,645088
104,3819,1324,3,57874.962088,30.915,,,,0,0,,,,,ec0915.170501.646110_ooi_z_v1_N22_160306.523733_ooi_z_v1_N22.diff.fits,0x0000,270,z,TEMPLATE,t,0.4218,0.813,0.05,3.56,21.55,11604.0,,,646110
104,3819,1324,3,57874.96623,30.915,,,,0,0,,,,,ec0915.170501.646112_ooi_z_vx_N22_160306.523733_ooi_z_v1_N22.diff.fits,0x0000,273,z,TEMPLATE,t,0.2792,1.081,0.064,3.558,21.265,8303.0,,,646112
104,3819,1324,3,57874.96623,30.915,,,,0,0,,,,,ec0915.170501.646112_ooi_z_v1_N22_160306.523733_ooi_z_v1_N22.diff.fits,0x0000,272,z,TEMPLATE,t,0.2716,1.088,0.062,3.558,21.271,8234.0,,,646112
104,3819,1324,3,57875.014571,30.915,43.25,43.14,0.78,6,0,9.275e-07,9.251e-07,,,ec0915.170502.646135_ooi_z_v1_N22_160306.523733_ooi_z_v1_N22.diff.fits,0x0000,275,z,TEMPLATE,t,0.3539,1.104,0.064,3.521,21.657,7497.0,0.9275,0.9251,646135
104,3819,1324,3,57875.018706,30.915,-7.9,31.32,0.36,6,0,-1.695e-07,6.716e-07,,,ec0915.170502.646137_ooi_z_v1_N22_160306.523733_ooi_z_v1_N22.diff.fits,0x0000,278,z,TEMPLATE,t,0.4891,1.167,0.081,3.247,22.174,6770.0,-0.1695,0.6716,646137
104,3819,1324,3,57875.018706,30.915,-15.8,32.22,0.4,6,0,-3.388e-07,6.91e-07,,,ec0915.170502.646137_ooi_z_vx_N22_160306.523733_ooi_z_v1_N22.diff.fits,0x0000,279,z,TEMPLATE,t,0.5031,1.109,0.082,3.247,22.145,7140.0,-0.3388,0.6910000000000001,646137
104,3819,1324,3,57875.081054,30.915,-19.75,47.3,1.41,6,0,-4.235e-07,1.014e-06,,,ec0915.170502.646165_ooi_z_v1_N22_160306.523733_ooi_z_v1_N22.diff.fits,0x0000,282,z,TEMPLATE,t,0.314,1.116,0.069,3.34,21.62,7054.0,-0.4235,1.014,646165
104,3819,1324,3,57875.085195,30.915,57.55,20.62,1.35,6,0,1.234e-06,4.423e-07,,,ec0915.170502.646167_ooi_z_v1_N22_160306.523733_ooi_z_v1_N22.diff.fits,0x0000,284,z,TEMPLATE,t,0.7859,1.128,0.089,3.35,22.666,6214.0,1.234,0.44229999999999997,646167
104,3819,1324,3,57875.122515,30.915,15.6,30.83,0.72,6,0,3.345e-07,6.613e-07,,,ec0915.170502.646185_ooi_z_v1_N22_160306.523733_ooi_z_v1_N22.diff.fits,0x0000,286,z,TEMPLATE,t,0.5261,0.991,0.076,3.058,22.295,6557.0,0.33449999999999996,0.6613,646185
104,3819,1324,3,57875.126648,30.915,98.66,24.69,1.04,9,0,2.116e-06,5.295e-07,23.086,0.271734,ec0915.170502.646187_ooi_z_v1_N22_160306.523733_ooi_z_v1_N22.diff.fits,0x0000,288,z,TEMPLATE,t,0.5093,1.192,0.085,3.171,22.342,5378.0,2.116,0.5295,646187
104,3819,1324,3,57888.146212,30.915,,,,0,0,,,,,ec0915.170515.648397_ooi_z_v1_N22_160306.523733_ooi_z_v1_N22.diff.fits,0x0000,290,z,TEMPLATE,t,1.026,1.134,0.061,5.728,22.558,4880.0,,,648397
104,3819,1324,3,57888.150335,30.915,,,,0,0,,,,,ec0915.170515.648399_ooi_z_v1_N22_160306.523733_ooi_z_v1_N22.diff.fits,0x0000,292,z,TEMPLATE,t,1.0271,1.289,0.057,5.92,22.593,4268.0,,,648399
104,3819,1324,3,57935.020929,30.915,62.34,19.88,2.66,3,0,1.337e-06,4.263e-07,23.585,0.346219,ec0915.170701.657445_ooi_z_vx_N22_160306.523733_ooi_z_v1_N22.diff.fits,0x0000,299,z,TEMPLATE,t,1.1345,1.232,0.13,3.547,23.0,5851.0,1.337,0.4263,657445
104,3819,1324,3,57950.995174,30.915,,,,0,0,,,,,ec0915.170716.659072_ooi_z_v1_N22_160306.523733_ooi_z_v1_N22.diff.fits,0x0000,306,z,TEMPLATE,t,1.11,0.929,0.039,7.027,22.172,8578.0,,,659072
104,3819,1324,3,58183.117442,30.915,,,,0,0,,,,,ec0915.180306.727448_ooi_z_v1_N22_160306.523733_ooi_z_v1_N22.diff.fits,0x0000,312,z,TEMPLATE,t,0.9792,1.336,0.067,4.321,22.804,4442.0,,,727448
104,3819,1324,3,58183.121555,30.915,-1.42,20.8,1.3,3,0,-3.047e-08,4.462e-07,,,ec0915.180306.727450_ooi_z_v1_N22_160306.523733_ooi_z_v1_N22.diff.fits,0x0000,314,z,TEMPLATE,t,0.9745,1.099,0.082,3.827,22.829,5524.0,-0.03047,0.4462,727450
104,3819,1324,3,58184.03864,30.915,,,,0,0,,,,,ec0915.180307.727589_ooi_z_v1_N22_160306.523733_ooi_z_v1_N22.diff.fits,0x0000,316,z,TEMPLATE,t,0.8599,1.178,0.078,5.158,22.516,4545.0,,,727589
104,3819,1324,3,58225.986333,30.915,,,,0,0,,,,,ec0915.180417.736458_ooi_z_v1_N22_160306.523733_ooi_z_v1_N22.diff.fits,0x0000,327,z,TEMPLATE,t,0.9652,1.246,0.077,4.831,22.505,5784.0,,,736458
104,3819,1324,3,58232.983204,30.915,,,,0,0,,,,,ec0915.180424.738618_ooi_z_v1_N22_160306.523733_ooi_z_v1_N22.diff.fits,0x0000,331,z,TEMPLATE,t,1.0633,1.157,0.103,3.779,22.758,7453.0,,,738618
104,3819,1324,3,58246.003574,30.915,,,,0,0,,,,,ec0915.180508.743629_ooi_z_v1_N22_160306.523733_ooi_z_v1_N22.diff.fits,0x0000,335,z,TEMPLATE,t,0.7157,1.113,0.065,4.337,22.078,9437.0,,,743629
104,3819,1324,3,58261.080086,30.915,-30.19,18.53,0.29,6,0,-6.473e-07,3.973e-07,,,ec0915.180523.750068_ooi_z_v1_N22_160306.523733_ooi_z_v1_N22.diff.fits,0x0000,339,z,TEMPLATE,t,1.0482,0.963,0.094,3.406,22.75,9810.0,-0.6473,0.3973,750068
104,3819,1324,3,58261.088392,30.915,-61.43,13.78,1.32,9,0,-1.318e-06,2.955e-07,,,ec0915.180523.750072_ooi_z_v1_N22_160306.523733_ooi_z_v1_N22.diff.fits,0x0000,343,z,TEMPLATE,t,1.0415,1.169,0.117,3.008,22.974,8140.0,-1.3179999999999998,0.29550000000000004,750072
104,3819,1324,3,58313.979667,30.915,-31.87,25.06,0.71,3,0,-6.835e-07,5.373e-07,,,ec0915.180714.755609_ooi_z_v1_N22_160306.523733_ooi_z_v1_N22.diff.fits,0x0000,345,z,TEMPLATE,t,1.1382,1.002,0.082,4.134,22.713,8411.0,-0.6835,0.5373,755609
104,3819,1324,3,58313.987958,30.915,-37.33,16.1,0.52,6,0,-8.006e-07,3.454e-07,,,ec0915.180714.755613_ooi_z_v1_N22_160306.523733_ooi_z_v1_N22.diff.fits,0x0000,349,z,TEMPLATE,t,1.1318,1.09,0.078,3.788,22.871,7802.0,-0.8006,0.3454,755613
104,3819,1324,3,58483.310826,30.915,-36.99,18.14,1.2,3,0,-7.932e-07,3.891e-07,,,ec0915.181231.807723_ooi_z_v1_N22_160306.523733_ooi_z_v1_N22.diff.fits,0x0000,358,z,TEMPLATE,t,1.1382,1.454,0.173,3.529,23.237,4204.0,-0.7932,0.3891,807723
104,3819,1324,3,58536.294128,30.915,-30.44,15.61,0.72,9,0,-6.528e-07,3.348e-07,,,ec0915.190222.826209_ooi_z_v1_N22_160306.523733_ooi_z_v1_N22.diff.fits,0x0000,363,z,TEMPLATE,t,0.5223,1.125,0.124,2.835,22.823,2881.0,-0.6528,0.3348,826209
104,3819,1324,3,58542.172304,30.915,-1.68,13.74,1.05,6,0,-3.605e-08,2.946e-07,,,ec0915.190228.828459_ooi_z_v1_N22_160306.523733_ooi_z_v1_N22.diff.fits,0x0000,367,z,TEMPLATE,t,1.026,1.087,0.14,3.159,23.342,3542.0,-0.03605,0.29460000000000003,828459
104,3819,1324,3,58572.222637,30.915,4.15,18.61,0.42,3,0,8.907e-08,3.991e-07,,,ec0915.190330.843689_ooi_z_v1_N22_160306.523733_ooi_z_v1_N22.diff.fits,0x0000,384,z,TEMPLATE,t,1.2018,1.172,0.105,4.127,23.009,5136.0,0.08907,0.3991,843689
104,3819,1324,3,58572.226441,30.915,3.0,27.4,0.01,3,0,6.431e-08,5.877e-07,,,ec0915.190330.843690_ooi_z_v1_N22_160306.523733_ooi_z_v1_N22.diff.fits,0x0000,385,z,TEMPLATE,t,0.8292,1.115,0.072,4.453,22.559,5193.0,0.06430999999999999,0.5877,843690
104,3819,1324,3,58572.230237,30.915,24.27,29.31,0.8,3,0,5.204e-07,6.286e-07,,,ec0915.190330.843691_ooi_z_v1_N22_160306.523733_ooi_z_v1_N22.diff.fits,0x0000,386,z,TEMPLATE,t,0.6732,1.234,0.089,4.04,22.442,4903.0,0.5204,0.6286,843691
104,3819,1324,3,58572.234037,30.915,,,,0,0,,,,,ec0915.190330.843692_ooi_z_v1_N22_160306.523733_ooi_z_v1_N22.diff.fits,0x0000,387,z,TEMPLATE,t,0.5142,1.044,0.056,4.479,21.994,5216.0,,,843692
104,3819,1324,3,58572.237846,30.915,78.39,41.45,0.46,3,0,1.681e-06,8.89e-07,,,ec0915.190330.843693_ooi_z_v1_N22_160306.523733_ooi_z_v1_N22.diff.fits,0x0000,388,z,TEMPLATE,t,0.4535,1.115,0.069,4.214,21.987,4793.0,1.681,0.889,843693
104,3819,1324,3,58578.206222,30.915,22.78,18.41,0.23,6,0,4.885e-07,3.947e-07,,,ec0915.190405.846168_ooi_z_v1_N22_160306.523733_ooi_z_v1_N22.diff.fits,0x0000,392,z,TEMPLATE,t,1.0249,0.832,0.109,3.986,22.804,6648.0,0.48849999999999993,0.3947,846168
104,3819,1324,3,58639.02291,30.915,-1.99,59.95,0.05,3,0,-4.258e-08,1.286e-06,,,ec0915.190605.862065_ooi_z_v1_N22_160306.523733_ooi_z_v1_N22.diff.fits,0x0000,396,z,TEMPLATE,t,0.4406,0.878,0.063,3.587,21.698,9151.0,-0.04258,1.286,862065
104,3819,1324,3,58691.95826,30.915,-43.86,68.15,0.83,3,0,-9.406e-07,1.461e-06,,,ec0915.190727.879486_ooi_z_v1_N22_160306.523733_ooi_z_v1_N22.diff.fits,0x0000,397,z,TEMPLATE,t,0.6597,1.016,0.066,4.036,21.499,27221.0,-0.9406,1.461,879486
104,3819,1324,3,58818.262285,30.915,-20.15,15.16,1.19,6,0,-4.322e-07,3.252e-07,,,ec0915.191201.912644_ooi_z_vx_N22_160306.523733_ooi_z_v1_N22.diff.fits,0x0000,406,z,TEMPLATE,t,1.1264,1.31,0.152,3.599,22.872,7481.0,-0.43220000000000003,0.3252,912644
104,3819,1324,3,58818.262285,30.915,2.41,14.7,0.97,6,0,5.164e-08,3.153e-07,,,ec0915.191201.912644_ooi_z_v1_N22_160306.523733_ooi_z_v1_N22.diff.fits,0x0000,405,z,TEMPLATE,t,1.1253,1.157,0.085,3.6,22.863,7593.0,0.05164,0.3153,912644
104,3819,1324,3,58818.27059,30.915,6.5,20.96,0.41,3,0,1.394e-07,4.494e-07,,,ec0915.191201.912648_ooi_z_v1_N22_160306.523733_ooi_z_v1_N22.diff.fits,0x0000,410,z,TEMPLATE,t,1.1387,1.094,0.103,3.313,22.974,7022.0,0.1394,0.44939999999999997,912648
104,3819,1324,3,58840.279334,30.915,-10.21,10.65,0.84,9,0,-2.189e-07,2.285e-07,,,ec0915.191223.921762_ooi_z_v1_N22_160306.523733_ooi_z_v1_N22.diff.fits,0x0000,414,z,TEMPLATE,t,1.1448,1.315,0.161,3.23,23.351,4028.0,-0.2189,0.22849999999999998,921762
104,3819,1324,3,58840.287634,30.915,-48.1,10.36,4.88,9,0,-1.032e-06,2.221e-07,,,ec0915.191223.921766_ooi_z_v1_N22_160306.523733_ooi_z_v1_N22.diff.fits,0x0000,418,z,TEMPLATE,t,1.1553,1.201,0.15,2.968,23.373,4317.0,-1.032,0.22210000000000002,921766
104,3819,1324,3,58840.363289,30.915,-7.08,19.35,0.32,9,0,-1.518e-07,4.15e-07,,,ec0915.191223.921802_ooi_z_v1_N22_160306.523733_ooi_z_v1_N22.diff.fits,0x0000,422,z,TEMPLATE,t,0.5851,1.226,0.129,2.65,22.756,4509.0,-0.1518,0.415,921802
104,3819,1324,3,58848.301947,30.915,-13.82,10.88,1.08,9,0,-2.963e-07,2.332e-07,,,ec0915.191231.923831_ooi_z_v1_N22_160306.523733_ooi_z_v1_N22.diff.fits,0x0000,426,z,TEMPLATE,t,1.1973,1.426,0.21,2.611,23.578,4309.0,-0.2963,0.2332,923831
104,3819,1324,3,58848.31023,30.915,4.9,9.86,0.63,9,0,1.052e-07,2.114e-07,,,ec0915.191231.923835_ooi_z_v1_N22_160306.523733_ooi_z_v1_N22.diff.fits,0x0000,430,z,TEMPLATE,t,1.2048,1.259,0.133,3.537,23.364,4099.0,0.1052,0.2114,923835
104,3819,1324,3,58848.348661,30.915,-31.24,13.77,0.58,9,0,-6.699e-07,2.952e-07,,,ec0915.191231.923853_ooi_z_v1_N22_160306.523733_ooi_z_v1_N22.diff.fits,0x0000,432,z,TEMPLATE,t,0.5858,1.305,0.178,2.912,23.094,2111.0,-0.6699,0.2952,923853
104,3819,1324,3,58870.169795,30.915,-9.59,14.44,0.33,6,0,-2.056e-07,3.098e-07,,,ec0915.200122.925785_ooi_z_v1_N22_160306.523733_ooi_z_v1_N22.diff.fits,0x0000,436,z,TEMPLATE,t,1.056,1.196,0.111,3.884,22.984,5016.0,-0.20559999999999998,0.30979999999999996,925785
104,3819,1324,3,58877.17514,30.915,,,,0,0,,,,,ec0915.200129.927465_ooi_z_v1_N22_160306.523733_ooi_z_v1_N22.diff.fits,0x0000,440,z,TEMPLATE,t,1.0048,1.181,0.094,4.728,22.772,4312.0,,,927465
104,3819,1324,3,58905.154089,30.915,3.15,18.05,1.28,3,0,6.758e-08,3.871e-07,,,ec0915.200226.938759_ooi_z_v1_N22_160306.523733_ooi_z_v1_N22.diff.fits,0x0000,444,z,TEMPLATE,t,1.1088,1.238,0.13,3.857,23.09,4273.0,0.06758,0.3871,938759
104,3819,1324,3,59146.349303,30.915,18.79,15.7,0.62,6,0,4.03e-07,3.368e-07,,,ec0915.201024.948166_ooi_z_v1_N22_160306.523733_ooi_z_v1_N22.diff.fits,0x0000,448,z,TEMPLATE,t,1.1096,1.213,0.112,4.401,22.807,6017.0,0.40299999999999997,0.3368,948166
104,3819,1324,3,59176.305734,30.915,0.81,15.01,1.74,6,0,1.734e-08,3.218e-07,,,ec0915.201123.957181_ooi_z_v1_N22_160306.523733_ooi_z_v1_N22.diff.fits,0x0000,452,z,TEMPLATE,t,1.1309,1.408,0.209,3.806,23.004,5426.0,0.017339999999999998,0.3218,957181
104,3819,1324,3,59236.261521,30.915,-14.86,15.38,0.67,6,0,-3.187e-07,3.299e-07,,,ec0915.210122.958768_ooi_z_v1_N22_160306.523733_ooi_z_v1_N22.diff.fits,0x0000,455,z,TEMPLATE,t,1.0432,1.468,0.226,4.415,22.848,4910.0,-0.31870000000000004,0.3299,958768
104,3819,1324,3,59301.045653,30.915,2.96,28.58,0.81,6,0,6.347e-08,6.129e-07,,,ec0915.210328.978113_ooi_z_v1_N22_160306.523733_ooi_z_v1_N22.diff.fits,0x0000,463,z,TEMPLATE,t,0.5115,1.197,0.11,3.635,22.321,4215.0,0.06347,0.6129,978113
104,3819,1324,3,59304.008094,30.915,57.03,28.19,0.37,3,0,1.223e-06,6.046e-07,,,ec0915.210331.979132_ooi_z_v1_N22_160306.523733_ooi_z_v1_N22.diff.fits,0x0000,465,z,TEMPLATE,t,0.5342,1.207,0.1,4.205,22.455,2752.0,1.223,0.6046,979132
104,3819,1324,3,59307.091802,30.915,-38.34,26.73,0.03,3,0,-8.222e-07,5.732e-07,,,ec0915.210403.980345_ooi_z_v1_N22_160306.523733_ooi_z_v1_N22.diff.fits,0x0000,467,z,TEMPLATE,t,0.5061,1.244,0.114,4.768,22.357,2177.0,-0.8222,0.5731999999999999,980345
104,3819,1324,3,59512.377811,30.915,-65.41,37.29,1.5,9,0,-1.403e-06,7.998e-07,,,ec0915.211025.1046077_ooi_z_v1_N22_160306.523733_ooi_z_v1_N22.diff.fits,0x0000,480,z,TEMPLATE,t,0.5334,1.15,0.102,3.379,21.799,13643.0,-1.403,0.7998,1046077
104,3819,1324,3,59570.324687,30.915,,,,0,0,,,,,ec0915.211222.1064957_ooi_z_v1_N22_160306.523733_ooi_z_v1_N22.diff.fits,0x0000,498,z,TEMPLATE,t,0.5707,1.198,0.099,3.806,22.636,2504.0,,,1064957
104,3819,1324,3,59572.282599,30.915,42.17,21.94,1.06,6,0,9.044e-07,4.706e-07,,,ec0915.211224.1065702_ooi_z_v1_N22_160306.523733_ooi_z_v1_N22.diff.fits,0x0000,499,z,TEMPLATE,t,0.4824,1.241,0.131,3.245,22.627,2317.0,0.9044,0.4706,1065702
104,3819,1324,3,59634.202353,30.915,-42.31,13.27,1.41,6,0,-9.073e-07,2.845e-07,,,ec0915.220224.1083414_ooi_z_v1_N22_160306.523733_ooi_z_v1_N22.diff.fits,0x0000,516,z,TEMPLATE,t,1.1791,1.539,0.299,3.317,23.07,6473.0,-0.9073,0.2845,1083414
104,3819,1324,3,59899.356462,30.915,44.43,37.97,0.74,6,0,9.529e-07,8.142e-07,,,ec0915.221116.1150882_ooi_z_v1_N22_160306.523733_ooi_z_v1_N22.diff.fits,0x0000,538,z,TEMPLATE,t,0.5615,1.16,0.102,3.141,21.994,11086.0,0.9529,0.8141999999999999,1150882
104,3819,1324,3,59948.227068,30.915,37.17,19.02,0.89,9,0,7.972e-07,4.078e-07,,,ec0915.230104.1162015_ooi_z_v1_N22_160306.523733_ooi_z_v1_N22.diff.fits,0x0000,545,z,TEMPLATE,t,0.4907,1.266,0.141,3.614,22.552,2640.0,0.7972,0.4078,1162015
104,3819,1324,3,60126.974862,30.915,-22.89,24.25,0.84,9,0,-4.91e-07,5.201e-07,,,ec0915.230701.1217849_ooi_z_v1_N22_160306.523733_ooi_z_v1_N22.diff.fits,0x0000,576,z,TEMPLATE,t,0.5718,1.22,0.139,3.114,22.311,7670.0,-0.49100000000000005,0.5201,1217849
104,3819,1324,3,60156.989461,30.915,,,,0,0,,,,,ec0915.230731.1227300_ooi_z_v1_N22_160306.523733_ooi_z_v1_N22.diff.fits,0x0000,581,z,TEMPLATE,t,0.5727,1.161,0.088,4.474,21.851,7123.0,,,1227300
104,3819,1324,3,60361.185082,30.915,111.32,29.34,0.67,9,0,2.387e-06,6.292e-07,22.955,0.286184,ec0915.240221.1278342_ooi_z_v1_N22_160306.523733_ooi_z_v1_N22.diff.fits,0x0000,612,z,TEMPLATE,t,0.3481,1.254,0.149,3.138,22.084,4002.0,2.387,0.6292000000000001,1278342
104,3819,1324,3,60427.053895,30.915,115.79,24.0,0.52,9,0,2.483e-06,5.146e-07,22.913,0.225006,ec0915.240427.1293150_ooi_z_v1_N22_160306.523733_ooi_z_v1_N22.diff.fits,0x0000,631,z,TEMPLATE,t,0.4412,1.246,0.141,3.114,22.273,4553.0,2.483,0.5146000000000001,1293150
104,3819,1324,3,60486.991345,30.915,,,,0,0,,,,,ec0915.240625.1305583_ooi_z_v1_N22_160306.523733_ooi_z_v1_N22.diff.fits,0x0000,648,z,TEMPLATE,t,0.5759,1.272,0.07,5.071,22.396,2469.0,,,1305583
104,3819,1324,3,60508.01389,30.915,,,,0,0,,,,,ec0915.240717.1312960_ooi_z_v1_N22_160306.523733_ooi_z_v1_N22.diff.fits,0x0000,657,z,TEMPLATE,t,0.5675,1.125,0.046,4.761,21.822,7694.0,,,1312960
104,3819,1324,3,60796.012609,30.915,,,,0,0,,,,,ec0915.250501.1383216_ooi_z_v1_N22_160306.523733_ooi_z_v1_N22.diff.fits,0x0000,802,z,TEMPLATE,t,0.0156,1.095,0.048,4.827,18.41,2487.0,,,1383216
104,3819,1324,3,60810.00515,30.915,-20.59,52.33,0.69,9,0,-4.417e-07,1.122e-06,,,ec0915.250515.1385416_ooi_z_v1_N22_160306.523733_ooi_z_v1_N22.diff.fits,0x0000,817,z,TEMPLATE,t,0.2462,1.214,0.108,2.67,21.572,6937.0,-0.4417,1.122,1385416
104,3819,1324,3,60811.012032,30.915,26.11,35.76,2.11,9,0,5.599e-07,7.669e-07,,,ec0915.250516.1385995_ooi_z_v1_N22_160306.523733_ooi_z_v1_N22.diff.fits,0x0000,824,z,TEMPLATE,t,0.2676,1.351,0.182,2.819,21.901,4248.0,0.5599000000000001,0.7669,1385995
104,3819,1324,3,60836.034265,30.915,,,,0,0,,,,,ec0915.250610.1395332_ooi_z_v1_N22_160306.523733_ooi_z_v1_N22.diff.fits,0x0000,845,z,TEMPLATE,t,0.4464,1.185,0.081,4.492,21.636,6836.0,,,1395332
104,3819,1324,3,60861.985881,30.915,,,,0,0,,,,,ec0915.250705.1404550_ooi_z_v1_N22_160306.523733_ooi_z_v1_N22.diff.fits,0x0000,861,z,TEMPLATE,t,0.0781,1.115,0.056,7.942,18.755,14860.0,,,1404550
104,3819,1324,3,60885.981919,30.915,,,,0,0,,,,,ec0915.250729.1410882_ooi_z_v1_N22_160306.523733_ooi_z_v1_N22.diff.fits,0x0000,878,z,TEMPLATE,t,0.1174,1.156,0.081,5.031,20.453,4021.0,,,1410882
104,3819,1324,3,60891.978828,30.915,-30.58,68.69,0.99,6,0,-6.557e-07,1.473e-06,,,ec0915.250804.1411935_ooi_z_v1_N22_160306.523733_ooi_z_v1_N22.diff.fits,0x0000,882,z,TEMPLATE,t,0.2642,1.143,0.074,3.756,21.204,8976.0,-0.6557000000000001,1.4729999999999999,1411935
104,3819,1324,3,60988.321944,30.915,-202.58,30.4,1.53,3,0,-4.344e-06,6.521e-07,,,ec0915.251109.1433487_ooi_z_v1_N22_160306.523733_ooi_z_v1_N22.diff.fits,0x0000,923,z,TEMPLATE,t,0.545,1.532,0.233,4.536,22.309,3622.0,-4.344,0.6521,1433487
104,3819,1324,3,60997.332383,30.915,-75.76,31.81,1.22,9,0,-1.625e-06,6.821e-07,,,ec0915.251118.1436429_ooi_z_v1_N22_160306.523733_ooi_z_v1_N22.diff.fits,0x0000,936,z,TEMPLATE,t,0.2931,1.33,0.162,3.198,22.001,3094.0,-1.625,0.6821,1436429
104,3819,1324,3,61000.294623,30.915,1452.44,759.35,0.92,6,0,3.115e-05,1.628e-05,,,ec0915.251121.1437419_ooi_z_v1_N22_160306.523733_ooi_z_v1_N22.diff.fits,0x0000,940,z,TEMPLATE,t,0.0097,1.092,0.062,3.949,18.505,1654.0,31.15,16.28,1437419
104,3819,1324,3,61054.348165,30.915,-172.81,11.8,0.72,9,0,-3.706e-06,2.531e-07,,,ec0915.260114.1448793_ooi_z_v1_N22_160306.523733_ooi_z_v1_N22.diff.fits,0x0000,999,z,TEMPLATE,t,0.5609,1.611,0.263,3.106,23.245,1314.0,-3.706,0.2531,1448793
104,3819,1324,3,61111.243969,30.915,,,,0,0,,,,,ec0915.260312.1462192_ooi_z_v1_N22_160306.523733_ooi_z_v1_N22.diff.fits,0x0000,1076,z,TEMPLATE,t,0.5703,1.382,0.135,4.012,22.768,1832.0,,,1462192
