mjd,muJyas2,muJyas2_err
52974.9885982337,66.46228539174314,0.6486950476474512
52977.49491007586,66.47618043528792,0.6414472155730565
52980.00122191803,66.49005591745185,0.6342502551315411
52982.50753376019,66.50391158497882,0.6271043618945776
52985.013845602356,66.51774718456704,0.6200097388587209
52987.52015744452,66.53156246286017,0.6129665968738925
52990.026469286684,66.54535716645296,0.6059751547914118
52992.532781128844,66.55913104189017,0.599035639934525
52995.03909297101,66.57288381904982,0.5921482865215654
52997.54540481317,66.58661474080873,0.585313287450099
53000.05171665534,66.6003224963606,0.5785307877647976
53002.5580284975,66.6140057448738,0.571800939159441
53005.06434033967,66.62766314545115,0.5651239035229378
53007.57065218183,66.6412933571246,0.558499853339948
53010.076964023996,66.65489503888784,0.5519289722077656
53012.583275866156,66.66846684966731,0.5454114551943556
53015.08958770832,66.68200744830938,0.5389475093356184
53017.595899550484,66.69551549362768,0.532537354076062
53020.102211392645,66.70898964434127,0.5261812217073637
53022.60852323481,66.722428559111,0.5198793578387076
53025.11483507697,66.73583089654858,0.513632021817538
53027.62114691914,66.74919531515116,0.5074394871842632
53030.1274587613,66.76252047338312,0.5013020421206572
53032.63377060347,66.77580502961428,0.49521998989799915
53035.14008244563,66.78904764215258,0.48919364927127784
53037.646394287796,66.80224696920595,0.4832233548999614
53040.15270612996,66.81540166892592,0.47730945778963596
53042.659017972124,66.82851039937486,0.4714523256439568
53045.165329814285,66.84157181852606,0.4656523432554745
53047.67164165645,66.85458458427456,0.4599099128342745
53050.17795349861,66.86754735443355,0.45422545440059175
53052.68426534078,66.88045878672119,0.44859940599950615
53055.19057718294,66.8933176852338,0.443032207041722
53057.6968890251,66.90612343434213,0.4375242482565346
53060.20320086727,66.91887556205484,0.432075922644447
53062.70951270943,66.93157359628003,0.42668764253202124
53065.2158245516,66.94421706483627,0.4213598398539011
53067.72213639376,66.95680549545204,0.4160929664881394
53070.228448235925,66.96933841575856,0.41088749434540583
53072.734760078085,66.98181535329013,0.4057439157461209
53075.24107192025,66.99423583549196,0.40066274332157353
53077.74738376241,67.00659938970739,0.39564451020350394
53080.25369560458,67.01890554318788,0.3906897699672965
53082.76000744674,67.0311538230867,0.38579909646130744
53085.26631928891,67.04334375645794,0.380973083696555
53087.77263113107,67.05547487025933,0.37621234549251065
53090.27894297324,67.06754669135262,0.3715175151149625
53092.7852548154,67.07955874649315,0.3668892447224428
53095.29156665756,67.09151056234032,0.3623282047670807
53097.797878499725,67.10340166545484,0.35783508316463486
53100.304190341885,67.11523158229511,0.353410584399151
53102.81050218405,67.12699983921402,0.3490554284196616
53105.31681402621,67.13870596246761,0.34477034942057344
53107.82312586838,67.15034947821277,0.34055609439310214
53110.32943771054,67.16192991248545,0.3364134214289055
53112.83574955271,67.17344679123562,0.3323430980309255
53115.34206139487,67.18489964030368,0.32834589895213556
53117.84837323704,67.19628798542317,0.3244226039735595
53120.3546850792,67.20761135222074,0.3205739954529942
53122.860996921365,67.21886926621573,0.31680085552348997
53125.367308763525,67.23006114860982,0.31310387022464625
53127.87362060569,67.24118571846338,0.30948309369121185
53130.37993244785,67.25224140501268,0.3059383145508975
53132.88624429001,67.26322666761189,0.3024692775623476
53135.39255613218,67.2741401160165,0.2990754177563125
53137.89886797434,67.28497933483595,0.2957559155851203
53140.40517981651,67.29574119100289,0.2925098801915397
53142.91149165867,67.30642254022314,0.2893364167641026
53145.41780350084,67.31702023817343,0.2862346295543149
53147.924115343,67.32753114030857,0.28320362404534977
53150.430427185165,67.3379521020106,0.280242508803964
53152.936739027326,67.34827997851608,0.2773503977498511
53155.44305086949,67.35851162491963,0.27452641193618094
53157.94936271165,67.3686438961231,0.27176968175125055
53160.45567455382,67.37867364694466,0.26907934880709294
53162.96198639598,67.38859773203876,0.2664545678031151
53165.46829823815,67.39841300585613,0.26389450831800587
53167.97461008031,67.40811632272744,0.2613983568173528
53170.48092192247,67.41770453683421,0.258965317963525
53172.98723376464,67.42717450212513,0.2565946164729404
53175.4935456068,67.43652307244702,0.25428549838739334
53177.999857448965,67.44574710142479,0.2520372324732021
53180.506169291126,67.45484344251236,0.24984911131511436
53183.01248113329,67.46380894899266,0.24772045237800705
53185.518792975454,67.47264041496601,0.2456505839019136
53188.02510481762,67.48133437716388,0.24363879538229946
53190.53141665978,67.48988730203564,0.24168438592218877
53193.03772850195,67.49829565587788,0.23978668249560015
53195.54404034411,67.50655590472161,0.23794504074278247
53198.05035218628,67.51466451443775,0.23615884508579954
53200.55666402844,67.52261795065715,0.23442750892585515
53203.062975870605,67.53041293595743,0.23275044410081383
53205.569287712766,67.53804734866935,0.23112685263671892
53208.07559955493,67.54551897539568,0.22955583097905888
53210.581911397094,67.55282563519904,0.22803649029047504
53213.088223239254,67.55996590666746,0.22656786830753287
53215.59453508142,67.56693974648397,0.2251489013115181
53218.10084692358,67.57374776724282,0.22377850595601398
53220.60715876575,67.58039057919996,0.22245563372956087
53223.11347060791,67.58686808633865,0.221179243630707
53225.61978245008,67.593178285475,0.2199481693224601
53228.12609429224,67.59931774390498,0.21876108973713118
53230.632406134406,67.6052829095861,0.21761671043475295
53233.138717976566,67.61107023027216,0.21651378333673407
53235.645029818734,67.6166761534696,0.21545110888146524
53238.151341660894,67.62209719866951,0.21442752409006438
53240.65765350306,67.62733027951617,0.21344184234913444
53243.16396534522,67.63237244335687,0.2124929050829621
53245.67027718739,67.63722073738245,0.21157960913261734
53248.17658902955,67.6418722085109,0.2107009077762523
53250.68290087171,67.6463239033983,0.20985581166595466
53253.18921271388,67.65057286842057,0.2090433893600411
53255.69552455604,67.6546161496808,0.2082627672369453
53258.201836398206,67.65845059876301,0.20751311417307122
53260.70814824037,67.66207110771938,0.20679350117587478
53263.214460082534,67.66547180913403,0.2061029468297861
53265.720771924694,67.66864844117663,0.20544043880391177
53268.22708376686,67.67159717780669,0.20480499904617439
53270.73339560902,67.67431420021967,0.20419570599615963
53273.23970745119,67.6767967628166,0.20361152556006995
53275.74601929335,67.67904576662477,0.20305093436879054
53278.25233113552,67.6810631094595,0.20251232475048667
53280.75864297768,67.68285068959085,0.20199415281834712
53283.264954819846,67.68441040494326,0.20149494135773496
53285.77126666201,67.68574415315925,0.20101328220321424
53288.27757850417,67.68685383156117,0.20054783873202925
53290.783890346334,67.68774133717125,0.2000973471539915
53293.290202188495,67.68840856671522,0.19966061826655412
53295.79651403066,67.68885741661143,0.19923653843798528
53298.30282587282,67.68908978321633,0.1988240691232433
53300.80913771499,67.6891075767926,0.19842218973182948
53303.31544955715,67.68891281022479,0.19802981462537228
53305.82176139932,67.68850739232221,0.1976458043344792
53308.32807324148,67.68789264472616,0.19726898452048167
53310.834385083646,67.68706938117612,0.1968981687073525
53313.34069692581,67.6860383819403,0.19653224648460924
53315.847008767974,67.68480026704856,0.19617018283821
53318.353320610135,67.68335479114148,0.1958109830081532
53320.8596324523,67.68170141750625,0.19545372298200697
53323.36594429446,67.67983960891888,0.19509756573656306
53325.87225613663,67.67776882787393,0.19474176195152412
53328.37856797879,67.67548853657945,0.19438565056725174
53330.88487982095,67.6729981969579,0.19402865880383172
53333.39119166312,67.67029727065074,0.19367030249034664
53335.89750350528,67.6673851933565,0.19331017941387177
53338.40381534745,67.66426114514798,0.19294791185428786
53340.91012718961,67.66092415932508,0.19258317347649634
53343.416439031775,67.65737326712951,0.19221572491776062
53345.922750873935,67.65360749954198,0.19184541410298428
53348.4290627161,67.64962588723847,0.19147217553038712
53350.93537455826,67.64542746059487,0.1910960293146007
53353.44168640043,67.64101124970784,0.19071708029311016
53355.94799824259,67.63637628436209,0.19033551689438588
53358.45431008476,67.63152159406764,0.18995160961251048
53360.96062192692,67.62644620800438,0.1895657093550509
53363.46693376909,67.62114915507573,0.18917824562994454
53365.97324561125,67.61562946387858,0.18878972449547646
53368.47955745341,67.60988634535897,0.18840070912745338
53370.985869295575,67.60392090612731,0.18801165792020957
53373.492181137735,67.59773646760004,0.187622925153184
53375.9984929799,67.59133748959721,0.18723486901112837
53378.50480482206,67.58472850556427,0.18684791125989683
53381.01111666423,67.57791404869204,0.1864625401901099
53383.51742850639,67.57089865012313,0.1860793060887665
53386.02374034856,67.56368644368922,0.1856986229624904
53388.53005219072,67.55628132168204,0.1853205956455539
53391.03636403289,67.54868686700138,0.18494530388460048
53393.54267587505,67.54090604631347,0.18457283573403702
53396.048987717215,67.53294178376018,0.18420333978966746
53398.555299559375,67.52479700320328,0.18383702951260728
53401.06161140154,67.51647462829715,0.1834741834177638
53403.5679232437,67.50797758240878,0.18311514531459966
53406.07423508586,67.49930895417492,0.18276031657532787
53408.58054692803,67.49047315242933,0.18241010329491497
53411.08685877019,67.48147521776991,0.18206494730434433
53413.59317061236,67.47232019465446,0.18172535329573572
53416.09948245452,67.4630131272279,0.18139188830410855
53418.60579429669,67.4535590594678,0.18106518009970804
53421.11210613885,67.44396303512622,0.1807459159195211
53423.618417981015,67.43423009775142,0.18043483984583095
53426.124729823176,67.4243650807015,0.1801327330394513
53428.63104166534,67.41437054613067,0.17984008542490382
53431.1373535075,67.40424657545373,0.1795568935877863
53433.64366534967,67.39399299854267,0.17928314137487464
53436.14997719183,67.38360964507913,0.17901886710439666
53438.656289034,67.37309634456267,0.17876416469858117
53441.16260087616,67.36245292630437,0.1785191849951259
53443.66891271832,67.3516792194252,0.17828413625872994
53446.17522456049,67.34077505286254,0.17805928439095584
53448.68153640265,67.32974025536473,0.17784495305920778
53451.187848244816,67.31857466382826,0.17764152070612008
53453.694160086976,67.30727845914407,0.1774493219516875
53456.20047192914,67.295852281105,0.1772686138511218
53458.706783771304,67.28429678790962,0.17709969850505153
53461.21309561347,67.27261181154245,0.17694286889406602
53463.71940745563,67.26079556758123,0.17679828311094772
53466.2257192978,67.24884549606577,0.1766659705074397
53468.73203113996,67.23675912051476,0.17654587165516414
53471.23834298213,67.22453418044825,0.17643781984366905
53473.74465482429,67.21216842982176,0.17634169626174956
53476.250966666455,67.19965962233618,0.17625744299535603
53478.757278508616,67.18700551153961,0.17618506420373867
53481.26359035078,67.17420385074365,0.17612462680731958
53483.769902192944,67.16125239305984,0.17607626125830136
53486.276214035104,67.14814889138142,0.17604016167482223
53488.78252587727,67.13489109839793,0.17601658522258426
53491.28883771943,67.12147676659151,0.17600585187974593
53493.7951495616,67.10790364818968,0.17600834304094778
53496.30146140376,67.09416949523074,0.17602450024316768
53498.80777324593,67.08027205950202,0.1760548229692488
53501.31408508809,67.06620909258709,0.17609986680325398
53503.820396930256,67.05197835934814,0.1761602356796697
53506.326708772416,67.03757771543314,0.17623655385358813
53508.833020614584,67.02300507262044,0.17632943418837752
53511.339332456744,67.00825848564273,0.17643915707625704
53513.84564429891,66.99333585783461,0.17656578939080242
53516.35195614107,66.97823488440918,0.17670937071977405
53518.85826798324,66.96295325257233,0.1768699799025402
53521.3645798254,66.94748864929352,0.17704773552110245
53523.87089166756,66.93183876129842,0.17724279562546275
53526.37720350973,66.91600126944832,0.17745535453402428
53528.88351535189,66.89997292079352,0.17768548660937214
53531.389827194056,66.88374850388936,0.17793296953913007
53533.89613903622,66.86732348533769,0.1781975224379505
53536.402450878384,66.8506950574374,0.17847879912838222
53538.908762720544,66.83386236518118,0.1787763515532265
53541.41507456271,66.81682531886099,0.17908971585406527
53543.92138640487,66.79958383599705,0.17941846473918097
53546.42769824704,66.78213783383467,0.17976220827123868
53548.9340100892,66.76448693058774,0.18012057469360993
53551.44032193137,66.7466289155418,0.18049310346192324
53553.94663377353,66.72855989799427,0.18087921059333956
53556.452945615696,66.71027559056529,0.18127830598734296
53558.95925745786,66.69177170522744,0.18168983776090378
53561.46556930002,66.67304395359679,0.18211329280671312
53563.971881142184,66.65408805304469,0.18254819432186398
53566.478192984345,66.63489989208756,0.18299406265929985
53568.98450482651,66.61547555044308,0.18345040944898905
53571.49081666867,66.59581111772786,0.18391677992339464
53573.99712851084,66.57590269998582,0.18439275171787056
53576.503440353,66.55574797820191,0.18487771773475306
53579.00975219517,66.53534747162757,0.18537071117124465
53581.51606403733,66.51470199647792,0.185870757996828
53584.0223758795,66.49381236724321,0.18637691827381778
53586.52868772166,66.4726797952535,0.1868881837928799
53589.034999563824,66.45130960116512,0.18740304348216158
53591.541311405985,66.42970919844083,0.18791979750948654
53594.04762324815,66.40788601410168,0.18843678777041106
53596.55393509031,66.3858474751105,0.18895240311827158
53599.06024693248,66.36360100791353,0.18946508278318333
53601.56655877464,66.34115403878968,0.18997331869886036
53604.0728706168,66.31851399376319,0.19047565835272764
53606.57918245897,66.29568829851632,0.1909707068931678
53609.08549430113,66.27268437849852,0.1914571288964443
53611.5918061433,66.24950965891185,0.19193364992108564
53614.09811798546,66.22617156477645,0.19239905776136776
53616.604429827625,66.202677520836,0.19285220382331247
53619.110741669785,66.17903495157225,0.19329200330987065
53621.61705351195,66.15525128135778,0.19371743662197136
53624.12336535411,66.13133393425232,0.19412754906226268
53626.62967719628,66.10729033423559,0.1945214515629572
53629.13598903844,66.08312790508353,0.19489832064552734
53631.64230088061,66.05885407027381,0.19525739820448015
53634.14861272277,66.0344760196167,0.19559796259276535
53636.65492456494,66.0099997609941,0.19591921800743672
53639.1612364071,65.98543092087493,0.19622039235411334
53641.66754824926,65.9607751251533,0.19650077938341554
53644.173860091425,65.9360379994614,0.19675973898503735
53646.680171933585,65.91122516954056,0.19699669730681402
53649.18648377575,65.88634226081922,0.19721114695820616
53651.69279561791,65.86139489870402,0.19740264701755567
53654.19910746008,65.8363887084488,0.19757082339682208
53656.70541930224,65.81132931524189,0.19771536757220431
53659.21173114441,65.7862223441698,0.1978360378700965
53661.71804298657,65.76107336884888,0.19793265633865836
53664.22435482874,65.73588745742018,0.19800509459659899
53666.7306666709,65.71066939101001,0.19805328026698607
53669.236978513065,65.68542394736869,0.19807720574154475
53671.743290355225,65.66015590418101,0.19807692801996743
53674.24960219739,65.63487003908813,0.19805256865242277
53676.75591403955,65.60957112968754,0.19800431257145815
53679.262225881714,65.5842639535258,0.1979324081024052
53681.76853772388,65.55895328811312,0.1978371661514646
53684.27484956604,65.53364391093055,0.1977189595119924
53686.78116140821,65.50834059943736,0.1975782221046075
53689.28747325037,65.48304795628792,0.19741544351434887
53691.79378509254,65.45776975611079,0.19723114521968793
53694.3000969347,65.43250968157008,0.19702587423853377
53696.806408776865,65.40727150370367,0.19680022129886088
53699.312720619026,65.3820589944371,0.19655483380545125
53701.81903246119,65.3568759257214,0.1962904152703372
53704.32534430335,65.33172606952212,0.19600772375038011
53706.83165614552,65.30661319779756,0.19570757119648724
53709.33796798768,65.28154108253875,0.19539082154266152
53711.84427982985,65.25651355092123,0.19505836384245517
53714.35059167201,65.23153480644396,0.1947109627661831
53716.85690351417,65.20660918354406,0.19434931413734913
53719.36321535634,65.18174085336796,0.1939739509142299
53721.8695271985,65.15693375893898,0.19358536606160925
53724.375839040666,65.13219165828923,0.1931840862594921
53726.882150882826,65.10751777371479,0.19277066109427524
53729.38846272499,65.08291519148406,0.19234568194656984
53731.894774567154,65.05838699794913,0.19190978836139339
53734.40108640932,65.03393627953119,0.19146366812349366
53736.90739825148,65.00956612270966,0.19100805665223533
53739.41371009365,64.98527961402942,0.19054373635742397
53741.92002193581,64.96107984015543,0.1900715359121367
53744.42633377798,64.9369698877781,0.18959232929279085
53746.93264562014,64.91295284372973,0.18910703439090487
53749.438957462306,64.88903179489353,0.18861661115930065
53751.945269304466,64.86520984543313,0.18812205758096376
53754.45158114663,64.841490906314,0.1876242403382046
53756.957892988794,64.81788055009383,0.1871233913119274
53759.464204830954,64.79438475454663,0.1866195105918659
53761.97051667312,64.77100949978194,0.18611263800661024
53764.47682851528,64.74776076613489,0.1856028561918366
53766.98314035745,64.7246445339697,0.18509029335926944
53769.48945219961,64.70166678389796,0.18457512508084692
53771.99576404178,64.67883349657495,0.1840575757620844
53774.50207588394,64.65615064275335,0.18353791845263787
53777.008387726106,64.63362409464753,0.18301645450444304
53779.514699568266,64.61125966871623,0.18249352506374458
53782.021011410434,64.58906320053939,0.18196951742403691
53784.527323252594,64.56704074161098,0.18144478685551438
53787.03363509476,64.54519847785559,0.18091969042849396
53789.53994693692,64.52354259212007,0.1803946374499781
53792.04625877909,64.50207917075022,0.17987004677167293
53794.55257062125,64.48081374997128,0.17934632702760772
53797.05888246341,64.45975140453811,0.17882391248455967
53799.56519430558,64.43889719222352,0.17830329421696073
53802.07150614774,64.4182561709531,0.17778502260943574
53804.577817989906,64.39783339889982,0.17726970659318578
53807.08412983207,64.3776339345277,0.17675801325810847
53809.590441674234,64.35766278729352,0.17625066298985378
53812.096753516395,64.33792403700863,0.17574834863811548
53814.60306535856,64.31842093394152,0.17525174337383514
53817.10937720072,64.29915667768728,0.17476157088560115
53819.61568904289,64.28013392152207,0.17427857112347545
53822.12200088505,64.26135459096622,0.17380347165530413
53824.62831272722,64.24282037286503,0.17333701422955397
53827.13462456938,64.22453293979379,0.17287998654173456
53829.640936411546,64.20649396456793,0.17243322248687953
53832.14724825371,64.18870512031208,0.17199759935578723
53834.65356009587,64.17116806369086,0.17157398698965287
53837.159871938034,64.15388478432942,0.17116304947860655
53839.666183780195,64.1368578736583,0.17076527356239946
53842.17249562236,64.12009033136746,0.17038100558002808
53844.67880746452,64.1035843430609,0.1700103849878609
53847.18511930669,64.08734117858148,0.16965336522616517
53849.69143114885,64.07136227828232,0.16930975776994897
53852.19774299102,64.05565004779783,0.16897929225358646
53854.70405483318,64.04020769415729,0.16866169167015638
53857.21036667535,64.02503847524349,0.16835671636196337
53859.71667851751,64.01014564920479,0.16806416867130677
53862.222990359674,63.99553247453514,0.16778389434205024
53864.729302201835,63.981202210041374,0.16751578273224219
53867.235614044,63.96715824263083,0.16725975232812107
53869.74192588616,63.95340485849374,0.16701565298534202
53872.24823772833,63.93994639105949,0.16678327098153228
53874.75454957049,63.92678790647187,0.16656231350581643
53877.26086141265,63.9139354847066,0.16635243374862418
53879.76717325482,63.9013952239693,0.1661532236123611
53882.27348509698,63.889171878214256,0.16596416487511736
53884.77979693915,63.877268542011734,0.165784664863866
53887.28610878131,63.86568776347485,0.16561415020603965
53889.792420623475,63.85443208395009,0.16545210025728882
53892.298732465635,63.84350404517318,0.16529804855453634
53894.8050443078,63.83290611256598,0.16515155711260507
53897.31135614996,63.8226398372517,0.16501213591245167
53899.81766799213,63.81270622283046,0.16487927568277183
53902.32397983429,63.80310702177303,0.164752459655513
53904.83029167646,63.79384445090636,0.1646311990103287
53907.33660351862,63.78492053070386,0.16451504937034453
53909.84291536079,63.77633635589177,0.1644035623797117
53912.34922720295,63.76809205148129,0.1642962958358874
53914.85553904511,63.76018753218705,0.16419285534885214
53917.361850887275,63.75262221373032,0.1640928711388864
53919.868162729435,63.745395083066796,0.16399600183393864
53922.3744745716,63.73850513560308,0.16390195753758469
53924.88078641376,63.73195198138319,0.16381040008781847
53927.38709825593,63.72573589335548,0.16372094460253042
53929.89341009809,63.71985727908236,0.1636331905110807
53932.39972194026,63.714315998799066,0.16354665253272516
53934.90603378242,63.70911072980766,0.16346068137856978
53937.41234562459,63.704240215652135,0.16337452423247242
53939.91865746675,63.699704440136884,0.16328733857849548
53942.424969308915,63.69550412610431,0.16319825411547384
53944.931281151075,63.69163963370738,0.1631064250037548
53947.43759299324,63.6881105374996,0.16301102702322706
53949.9439048354,63.684915694776464,0.16291124289884695
53952.450216677564,63.68205408716494,0.16280627092490066
53954.95652851973,63.679525788980754,0.16269533304266318
53957.46284036189,63.67733159319778,0.16257769813947306
53959.96915220406,63.675472308638746,0.16245270263406622
53962.47546404622,63.673948748762996,0.16231975046017788
53964.98177588839,63.67276201153072,0.16217824769057476
53967.48808773055,63.671913980128465,0.16202751757156272
53969.994399572715,63.67140638044293,0.16186684140556398
53972.500711414876,63.6712387000498,0.16169544605827363
53975.00702325704,63.67140953746912,0.16151252049145023
53977.513335099204,63.67191805722632,0.16131728227091627
53980.01964694137,63.67276348794485,0.16110901713324738
53982.52595878353,63.673945213987736,0.16088705664687541
53985.0322706257,63.675462528341086,0.16065078425948356
53987.53858246786,63.67731390455265,0.16039963031986978
53990.04489431002,63.67949753407811,0.16013309713794144
53992.55120615219,63.682011482556845,0.1598507511024748
53995.05751799435,63.68485345908266,0.159552190274597
53997.563829836516,63.68802111034893,0.15923708805578102
54000.070141678676,63.69151203669753,0.1589051987978509
54002.576453520844,63.69532331506707,0.15855632148211046
54005.082765363004,63.699451693839364,0.15819031591512853
54007.58907720517,63.7038939166996,0.1578071274842725
54010.09538904733,63.70864672768221,0.1574067887386361
54012.6017008895,63.7137068711927,0.15698941873688416
54015.10801273166,63.71907103428384,0.1565552204073893
54017.61432457383,63.72473476421874,0.15610441979703413
54020.12063641599,63.73069198883604,0.15563721985724943
54022.626948258156,63.736935507033195,0.15515376262299616
54025.133260100316,63.74345799649018,0.15465412148365384
54027.63957194248,63.75025259255199,0.1541384017238874
54030.145883784644,63.7573124974806,0.15360679559059526
54032.652195626804,63.764630913879955,0.1530595869002427
54035.15850746897,63.772201041887456,0.152497149803817
54037.66481931113,63.78001604293968,0.15191992313123404
54040.1711311533,63.78806904924568,0.15132841826679505
54042.67744299546,63.79635281368974,0.15072321283027723
54045.18375483763,63.80485901195789,0.15010489958443005
54047.69006667979,63.813578891567886,0.14947411124624604
54050.196378521956,63.822502964991145,0.14883146074012804
54052.702690364116,63.831621294419165,0.14817759929474375
54055.209002206284,63.84092357420013,0.14751324760227963
54057.715314048444,63.85039881595003,0.14683915844900158
54060.22162589061,63.86003569739114,0.14615614417892545
54062.72793773277,63.86982287783758,0.14546511844669296
54065.23424957494,63.87974901689449,0.14476709973558882
54067.7405614171,63.88980277410883,0.1440632115992698
54070.24687325926,63.899972898027045,0.14335467146155464
54072.75318510143,63.91024851544353,0.14264275096212772
54075.25949694359,63.92061890804325,0.14192879872227007
54077.765808785756,63.93107351173239,0.1412142276769632
54080.27212062792,63.94160203918727,0.14050050761540886
54082.778432470084,63.95219554177311,0.13978909874476053
54085.284744312245,63.96284544221999,0.1390813801651395
54087.79105615441,63.973542182022356,0.13837856063280332
54090.29736799657,63.9842755971913,0.13768188253186311
54092.80367983874,63.99503526905028,0.1369926753243644
54095.3099916809,64.00581066722225,0.13631231069023272
54097.81630352307,64.01659188626218,0.13564212355750366
54100.32261536523,64.02736935862049,0.13498339696643405
54102.828927207396,64.03813496282964,0.13433734887053514
54105.33523904956,64.04888154161745,0.13370515614747894
54107.841550891724,64.05960378834425,0.1330879359946548
54110.347862733885,64.07029671846976,0.132486872620337
54112.854174576045,64.0809551802522,0.13190320539372177
54115.36048641821,64.09157321444218,0.13133807007173368
54117.86679826037,64.10214543262555,0.13079259839698285
54120.37311010254,64.1126672909304,0.13026797593589054
54122.8794219447,64.12313428284688,0.12976547495766688
54125.38573378687,64.13354190263635,0.1292864525786638
54127.89204562903,64.14388576218334,0.1288323122159392
54130.3983574712,64.15416171660036,0.12840446247472292
54132.90466931336,64.16436554485699,0.1280042914215082
54135.410981155524,64.17449231875071,0.12763309279903923
54137.917292997685,64.18453491512628,0.12729185922322034
54140.42360483985,64.19448357667716,0.12698107188021446
54142.92991668201,64.20432786560559,0.1267008274839173
54145.43622852418,64.21405890476308,0.12645094282802935
54147.94254036634,64.22366823340417,0.12623122254436997
54150.4488522085,64.23314739081252,0.1260415375410667
54152.95516405067,64.24248791598075,0.12588183063047345
54155.46147589283,64.25168134782871,0.12575211749468276
54157.967787735,64.2607192248397,0.1256524897521799
54160.47409957716,64.26959308552614,0.12558311346669296
54162.980411419325,64.2782944690407,0.12554422978920862
54165.486723261485,64.28681519171369,0.12553611942730838
54167.99303510365,64.29514775428834,0.12555886352900084
54170.49934694581,64.30328498753624,0.1256122687695164
54173.00565878798,64.31122230410983,0.12569584540166004
54175.51197063014,64.31895696084757,0.1258088280881772
54178.01828247231,64.3264858270013,0.1259503206972411
54180.52459431447,64.33380635893536,0.12611944618996485
54183.03090615664,64.34091748244964,0.12631527198498912
54185.5372179988,64.34781899351515,0.12653677982841965
54188.04352984096,64.35451081682504,0.1267830086912061
54190.549841683125,64.36099287674688,0.1270530991858358
54193.056153525285,64.3672650782828,0.1273462910174619
54195.56246536745,64.3733268490314,0.12766180695402465
54198.06877720961,64.37917711690898,0.1279988487007152
54200.57508905178,64.38481479059101,0.1283567223857362
54203.08140089394,64.39023905328645,0.12873483932014712
54205.58771273611,64.39544951386506,0.1291327123932694
54208.09402457827,64.40044581754455,0.12954996351421877
54210.60033642044,64.40522760924819,0.12998632305466007
54213.1066482626,64.4097945336041,0.13044162641731705
54215.612960104765,64.41414623496098,0.13091580960544869
54218.119271946925,64.41828252192227,0.13140883657396735
54220.62558378909,64.42220412896859,0.13192037968379508
54223.13189563125,64.42591250348596,0.13244986563881544
54225.638207473414,64.42941007761692,0.1329966181741203
54228.14451931558,64.4327025060411,0.13355982934825386
54230.65083115774,64.43579693908396,0.1341386504572286
54233.15714299991,64.4387007763944,0.13473224832573913
54235.66345484207,64.4414216686273,0.13533977706200542
54238.16976668424,64.44396720585792,0.13596036445403223
54240.6760785264,64.44634425565891,0.13659314206241177
54243.182390368565,64.4485599638283,0.13723729380745375
54245.688702210726,64.45062300356221,0.1378919785879746
54248.19501405289,64.45254223933443,0.1385563653575376
54250.701325895054,64.45432676981727,0.1392296306862127
54253.20763773722,64.45598765127943,0.13991074704084253
54255.71394957938,64.45753668545512,0.14059859117590698
54258.22026142155,64.45898326821043,0.14129190120613672
54260.72657326371,64.46033559614443,0.14198938921307674
54263.23288510587,64.46160185703775,0.14268985440391915
54265.73919694804,64.46279023849638,0.14339218480724372
54268.2455087902,64.46390879998944,0.14409534385174724
54270.751820632366,64.46496468779515,0.1447982685154155
54273.258132474526,64.46596352453344,0.14549982716449406
54275.764444316694,64.4669103477936,0.14619892113802155
54278.270756158854,64.46781018375623,0.1468945405850306
54280.77706800102,64.4686680585437,0.14758576585231403
54283.28337984318,64.46948906953912,0.14827176196837805
54285.78969168535,64.47027928864554,0.14895168032883152
54288.29600352751,64.47104546939227,0.14962463046954305
54290.80231536968,64.47179418168525,0.15028976219657172
54293.30862721184,64.47253197494865,0.15094630928737943
54295.814939054006,64.4732654290201,0.1515935870217627
54298.321250896166,64.4740014124909,0.1522309546600546
54300.827562738334,64.47474695316487,0.15285783218977955
54303.333874580494,64.47550908112316,0.1534737206560222
54305.840186422654,64.47629468579544,0.15407816216259906
54308.34649826482,64.47711111084209,0.15467059608263686
54310.85281010698,64.47796696906153,0.15525042907748476
54313.35912194915,64.4788709484128,0.15581713898312513
54315.86543379131,64.4798317366949,0.15637027888472704
54318.37174563348,64.48085802157584,0.1569094740136609
54320.87805747564,64.4819583587232,0.1574343773615864
54323.384369317806,64.48314089090854,0.15794459452055562
54325.890681159966,64.48441289730545,0.15843973579454756
54328.396993002134,64.48578055537655,0.15891939456458903
54330.903304844294,64.48724918733205,0.15938311254550128
54333.40961668646,64.48882248579321,0.15983035314821228
54335.91592852862,64.49050442873704,0.16026055470445377
54338.42224037079,64.49229866176029,0.16067314969963895
54340.92855221295,64.49420893918432,0.1610675818199553
54343.43486405511,64.49623918149882,0.16144332449817358
54345.94117589728,64.49839334555872,0.16179991329067833
54348.44748773944,64.50067535318522,0.16213694777215637
54350.953799581606,64.50308902563847,0.1624540417234956
54353.46011142377,64.50563877353125,0.16275076962295332
54355.966423265934,64.50832912722399,0.16302664514790136
54358.472735108095,64.51116479248594,0.16328118521447063
54360.97904695026,64.51415100740269,0.1635139303149437
54363.48535879242,64.51729240423447,0.16372444639425043
54365.99167063459,64.52059349585033,0.16391236001881646
54368.49798247675,64.52405937140429,0.1640773336190131
54371.00429431892,64.52769518725108,0.16421904356024328
54373.51060616108,64.53150563430972,0.16433720374401434
54376.016918003246,64.53549537860818,0.16443159889055003
54378.52322984541,64.53966908275834,0.16450208557727558
54381.029541687574,64.5440311245693,0.16454856445623692
54383.535853529735,64.54858539712222,0.1645709597237866
54386.042165371895,64.55333574649558,0.16456926498592084
54388.54847721406,64.5582860189752,0.16454354761600182
54391.05478905622,64.56344006107247,0.1644939509209985
54393.56110089839,64.56880171956436,0.1644206927978962
54396.06741274055,64.57437484140974,0.16432406610458108
54398.57372458272,64.58016327330188,0.16420443834191398
54401.08003642488,64.58617081354168,0.1640622423484373
54403.58634826705,64.59240117312947,0.16389796915618493
54406.09266010921,64.59885793389549,0.16371216904887792
54408.598971951375,64.60554428184878,0.1635054342702407
54411.105283793535,64.6124620591745,0.1632783720939841
54413.6115956357,64.61961244847225,0.16303163327855819
54416.11790747786,64.62699664471961,0.16276593827923475
54418.62421932003,64.63461554590322,0.1624820502042619
54421.13053116219,64.64246848304356,0.16218070789168892
54423.63684300435,64.65055424943966,0.16186268235052229
54426.14315484652,64.65887163199841,0.16152881005507597
54428.64946668868,64.66741941909095,0.16117999229498525
54431.15577853085,64.67619643124272,0.16081716533506754
54433.66209037301,64.68520120896574,0.16044114829684536
54436.168402215175,64.69443211251473,0.16005266274659014
54438.674714057335,64.70388813629143,0.1596522381981361
54441.1810258995,64.713568638178,0.15924034761981093
54443.68733774166,64.72347286218974,0.1588175180619844
54446.19364958383,64.73359973731567,0.15838432461527577
54448.69996142599,64.7439473069935,0.15794136646012702
54451.20627326816,64.75451306698233,0.15748928082507513
54453.71258511032,64.76529412670061,0.15702875904090702
54456.21889695249,64.77628622329212,0.15656051675140328
54458.72520879465,64.78748454921879,0.1560853202449084
54461.23152063681,64.79888348550594,0.1556039814133007
54463.737832478975,64.81047761302034,0.1551173547460409
54466.244144321136,64.82226250269741,0.15462631865791648
54468.7504561633,64.83423386039067,0.1541318050269645
54471.25676800546,64.84638739226648,0.15363480387643777
54473.76307984763,64.85871871899872,0.1531362279233892
54476.26939168979,64.87122357818589,0.15263637018271844
54478.77570353196,64.88389799770812,0.15213518072803067
54481.28201537412,64.89673801748722,0.15163265509184068
54483.78832721629,64.90973969276092,0.15112885299400322
54486.29463905845,64.9228995362937,0.15062388738793345
54488.800950900615,64.93621433799854,0.150117879445213
54491.307262742775,64.94968068035814,0.14961098307186754
54493.81357458494,64.96329486419563,0.1491033997744965
54496.3198864271,64.97705304838746,0.14859539498602986
54498.826198269264,64.99095139045676,0.1480873156140536
54501.33251011143,65.00498579072882,0.14757955156616612
54503.83882195359,65.01915090026887,0.1470724358874332
54506.34513379576,65.0334408553681,0.14656634765696863
54508.85144563792,65.04784990224289,0.1460617503822771
54511.35775748009,65.06237300925568,0.14555917205680832
54513.86406932225,65.07700584665872,0.14505920809469933
54516.370381164415,65.09174432417058,0.1445625383022218
54518.876693006576,65.10658435372898,0.14406993577418667
54521.38300484874,65.12152184742445,0.14358226518510933
54523.889316690904,65.13655265988928,0.14310047903886944
54526.39562853307,65.15167224028846,0.14262560208897213
54528.90194037523,65.16687551023642,0.1421587053241771
54531.4082522174,65.18215642046562,0.14170071233864065
54533.91456405956,65.19750947681314,0.14125244540750223
54536.42087590172,65.21292966147303,0.14081478708988712
54538.92718774389,65.22841183079436,0.14038865336365602
54541.43349958605,65.24395025541162,0.139974825632555
54543.939811428216,65.25953904165362,0.13957410205397963
54546.446123270376,65.27517229559453,0.13918735439684293
54548.952435112544,65.29084387960029,0.13881549206857305
54551.458746954704,65.30654695380508,0.13845939636833143
54553.96505879687,65.3222747159598,0.13811996296346868
54556.47137063903,65.3380227789039,0.13779778777546783
54558.9776824812,65.35379134499817,0.13749288093356396
54561.48399432336,65.36958063835846,0.13720514900723735
54563.99030616553,65.38538981623242,0.13693448837440567
54566.49661800769,65.40121742504016,0.13668080337025243
54569.002929849856,65.41706187964155,0.136444055624643
54571.509241692016,65.43292159486737,0.1362242799070739
54574.015553534184,65.44879498549926,0.13602158743400372
54576.521865376344,65.46468046665541,0.13583616521434383
54579.028177218504,65.48057721003352,0.13566823603102643
54581.53448906067,65.49648762218203,0.1355178784396869
54584.04080090283,65.51241499244861,0.1353850864445906
54586.547112745,65.5283619001566,0.1352698368074588
54589.05342458716,65.54433215091194,0.13517206488290087
54591.55973642933,65.56032973921538,0.13509162401688374
54594.06604827149,65.5763579995837,0.1350283360474922
54596.572360113656,65.59241962141459,0.1349820471047979
54599.07867195582,65.60851711781288,0.13495266854649562
54601.584983797984,65.62465300042095,0.13494019030622503
54604.091295640144,65.64082978093938,0.13494467981439187
54606.59760748231,65.657049801428,0.13496626606064815
54609.10391932447,65.67331418138474,0.13500502931949454
54611.61023116664,65.68962292567974,0.13506086970755404
54614.1165430088,65.70597566247488,0.13513346489751898
54616.62285485096,65.72237304092641,0.13522237862386383
54619.12916669313,65.7388150195984,0.13532711967322203
54621.63547853529,65.75530003964741,0.13544717559847141
54624.141790377456,65.77182512441505,0.13558186703111805
54626.64810221962,65.78838681144771,0.13573042629758703
54629.154414061784,65.80498162496588,0.1358921548260852
54631.660725903945,65.82160636204026,0.13606638448921965
54634.16703774611,65.83825991076628,0.13625232984054977
54636.67334958827,65.85494306720102,0.1364491842453375
54639.17966143044,65.87165677092707,0.1366561977125184
54641.6859732726,65.88840262072699,0.1368725868717677
54644.19228511477,65.90518382121081,0.13709750566546844
54646.69859695693,65.92200337749273,0.13733011291300384
54649.204908799096,65.93886315779582,0.1375695885675482
54651.71122064126,65.9557640570124,0.1378151306333868
54654.217532483424,65.97270654389695,0.1380659493284618
54656.723844325585,65.98969106024015,0.1383213031622893
54659.230156167745,66.00671916720421,0.13858048688217595
54661.73646800991,66.02379286721407,0.13884284378217426
54664.24277985207,66.04091377570148,0.13910777665782872
54666.74909169424,66.05808457665626,0.13937471134760587
54669.2554035364,66.07530844397479,0.1396430537822842
54671.76171537857,66.09258855042935,0.13991222676197804
54674.26802722073,66.10992809577874,0.14018162424120037
54676.7743390629,66.12733024046724,0.14045059066849255
54679.28065090506,66.14479695487535,0.14071840533627192
54681.786962747225,66.16232714405851,0.1409842397084416
54684.293274589385,66.17991779980366,0.14124718460437227
54686.79958643155,66.19756587870506,0.14150636044925918
54689.30589827371,66.21526835068653,0.1417609716833622
54691.81221011588,66.2330226205122,0.1420102758964186
54694.31852195804,66.25082668071991,0.14225351520705906
54696.8248338002,66.26867808261886,0.14248998452764772
54699.33114564237,66.28657417887007,0.14271905896046855
54701.83745748453,66.30451231815096,0.14294019955557222
54704.3437693267,66.32248929925117,0.143152868820333
54706.85008116886,66.34049965546001,0.1433563276954855
54709.356393011025,66.35853666414914,0.1435498167559201
54711.862704853185,66.37659334852651,0.14373263483727383
54714.36901669535,66.39466230502876,0.14390410923566538
54716.87532853751,66.41273550103506,0.1440636031490693
54719.38164037968,66.4308052824199,0.1442105083351277
54721.88795222184,66.44886376451177,0.14434426589393382
54724.39426406401,66.46690208748623,0.14446437669894904
54726.90057590617,66.4849112752272,0.1445704229913043
54729.40688774834,66.50288257879583,0.14466201804742185
54731.9131995905,66.52080852731888,0.14473868258162245
54734.41951143266,66.53868322470225,0.14479989173155738
54736.925823274825,66.55650025051727,0.14484513806270324
54739.432135116986,66.57425248376967,0.14487396569687383
54741.93844695915,66.59193187140045,0.1448859708035755
54744.44475880131,66.60952960629947,0.14488077440692698
54746.95107064348,66.62703792778484,0.14485802394367114
54749.45738248564,66.6444498648998,0.14481743251655288
54751.96369432781,66.66175850379659,0.1447588048183875
54754.47000616997,66.6789575056755,0.14468202184420972
54756.97631801214,66.6960423600649,0.14458700858804185
54759.4826298543,66.71301003174813,0.14447374418623143
54761.988941696465,66.72985736491682,0.1443422289093379
54764.495253538626,66.74658064372852,0.14419247571024407
54767.00156538079,66.76317645522795,0.14402451471847028
54769.50787722295,66.77964215734937,0.1438383923232565
54772.014189065114,66.79597527398073,0.14363413197223052
54774.52050090728,66.81217436533188,0.14341177413941142
54777.02681274944,66.82823811026537,0.1431714512519546
54779.53312459161,66.84416526978748,0.14291339524237665
54782.03943643377,66.85995486042157,0.1426379364668627
54784.54574827594,66.87560588315682,0.14234550479394634
54787.0520601181,66.89111669753765,0.14203660596341644
54789.558371960266,66.90648529897771,0.14171182735474902
54792.064683802426,66.92171001022507,0.14137178432621902
54794.57099564459,66.93678953854396,0.14101714350881564
54797.077307486754,66.95172260692198,0.1406486763962307
54799.58361932892,66.96650793813933,0.14026726065176132
54802.08993117108,66.98114425476342,0.13987387986035565
54804.59624301325,66.99563029185083,0.13946962099676985
54807.10255485541,67.00996502434464,0.13905563976074406
54809.60886669757,67.0241472517082,0.13863311836587558
54812.11517853974,67.03817541844,0.13820328812377913
54814.6214903819,67.05204803981178,0.13776728095848254
54817.127802224066,67.06576368406968,0.13732613914865852
54819.634114066226,67.07931993348757,0.13688087200425786
54822.140425908394,67.09271279921813,0.1364324878507102
54824.646737750554,67.10593801656069,0.135982088016829
54827.15304959272,67.11899131969403,0.135530872579636
54829.65936143488,67.13186844250231,0.13508013960799756
54832.16567327705,67.14456531093674,0.134631276078691
54834.67198511921,67.15707859737813,0.13418573506763287
54837.17829696138,67.16940516321483,0.1337450493484776
54839.68460880354,67.18154196136311,0.13331074934817538
54842.190920645706,67.19348540330975,0.13288428645496125
54844.697232487866,67.2052308053535,0.132466983035583
54847.203544330034,67.2167728977729,0.13206005424901363
54849.709856172194,67.22810625937564,0.13166466917766148
54852.216168014354,67.23922516021412,0.131281820402668
54854.72247985652,67.25012529474043,0.1309122962763871
54857.22879169868,67.26080211999215,0.130556608604213
54859.73510354085,67.27125097453245,0.13021509385167165
54862.24141538301,67.28146736410781,0.12988814727836692
54864.74772722518,67.29144742553763,0.12957622444086753
54867.25403906734,67.3011870987466,0.1292798285290485
54869.760350909506,67.31068178780697,0.12899949855962514
54872.26666275167,67.31992671491025,0.12873578823445264
54874.772974593834,67.32891659936286,0.12848919911337256
54877.279286435994,67.33764591775252,0.12826026456302886
54879.78559827816,67.34610921823332,0.1280495638964712
54882.29191012032,67.3543016533149,0.12785738774375385
54884.79822196249,67.36221884565748,0.12768361829661254
54887.30453380465,67.36985642914078,0.1275281347509491
54889.81084564681,67.37721005462299,0.12739090099078443
54892.31715748898,67.3842759320105,0.12727192410153557
54894.82346933114,67.39105097837273,0.12717124536809213
54897.32978117331,67.39753302975987,0.12708889391008413
54899.83609301547,67.40372071809634,0.1270248383227409
54902.342404857634,67.40961391539167,0.12697907506132794
54904.848716699795,67.41521367499263,0.1269516657842101
54907.35502854196,67.42052082035661,0.12694276252495865
54909.86134038412,67.42553353389667,0.12695245529178192
54912.36765222629,67.43024685548153,0.1269805761065744
54914.87396406845,67.43465528352681,0.12702689430374253
54917.38027591062,67.43875371306785,0.12709126824909564
54919.88658775278,67.44253812279567,0.12717363091508646
54922.392899594946,67.44600520762106,0.12727399229368835
54924.89921143711,67.4491526578895,0.1273924234580172
54927.405523279274,67.45197827096854,0.12752910568876802
54929.911835121435,67.45447984386263,0.1276843364228126
54932.418146963595,67.45665554458407,0.12785843486500464
54934.92445880576,67.45850481638399,0.12805150727937978
54937.43077064792,67.46002729838892,0.12826367866828167
54939.93708249009,67.46122232308744,0.12849509972386522
54942.44339433225,67.46208914796307,0.12874601105142341
54944.94970617442,67.46262703005823,0.12901676518561386
54947.45601801658,67.4628352259906,0.12930782061743132
54949.96232985875,67.46271300520903,0.12961973833996546
54952.46864170091,67.46225970611295,0.12995316164618606
54954.974953543075,67.46147468927757,0.13030882224080895
54957.481265385235,67.46035751003365,0.13068753161814783
54959.9875772274,67.45891075700638,0.13109005633523352
54962.49388906956,67.45714153366134,0.13151696035986007
54965.00020091173,67.45505744560796,0.13196840202059962
54967.50651275389,67.4526653251778,0.13244440065002946
54970.01282459605,67.44996906245251,0.1329448501922679
54972.51913643822,67.44697069062295,0.13346958745020185
54975.02544828038,67.4436713994146,0.13401843861483914
54977.53176012255,67.44006904309208,0.1345910290404223
54980.03807196471,67.43615858349949,0.13518685279157822
54982.544383806875,67.43193412531036,0.13580539818742998
54985.050695649035,67.427391592184,0.13644612363264744
54987.5570074912,67.4225287268273,0.1371084610167463
54990.06331933336,67.41734306787839,0.13779187187870642
54992.56963117553,67.41183000445744,0.13849560741681738
54995.07594301769,67.40598311855138,0.13921865228336955
54997.58225485986,67.39979576910264,0.13996000740508696
55000.08856670202,67.39326131460984,0.14071874322276148
55002.59487854419,67.38637311312777,0.14149400112220828
55005.10119038635,67.3791245222601,0.14228499447858556
55007.60750222851,67.37150889907207,0.14309100767471197
55010.113814070675,67.36351962776826,0.1439113799787751
55012.620125912836,67.35515026635403,0.1447454223506083
55015.126437755,67.34639527165575,0.1455923981404093
55017.632749597164,67.3372531671248,0.14645124992483982
55020.13906143933,67.32772486981412,0.14732078078259203
55022.64537328149,67.31781491433503,0.1481996660452745
55025.15168512366,67.30753234375152,0.1490863934600145
55027.65799696582,67.29688667837763,0.14997948726148572
55030.16430880799,67.28588839952135,0.15087747983080757
55032.67062065015,67.27454795331869,0.15177892080574087
55035.176932492315,67.26287557838077,0.15268242454725717
55037.683244334476,67.25088145221525,0.15358668433815278
55040.18955617664,67.23857533613045,0.1544904592508235
55042.6958680188,67.22596707417688,0.15539257000521747
55045.202179860964,67.21306661107519,0.15629190311817823
55047.70849170313,67.19988352218934,0.1571873604524474
55050.21480354529,67.186427236913,0.1580779003437795
55052.72111538746,67.17270715229097,0.158962558741798
55055.22742722962,67.15873249602737,0.15984042084460193
55057.73373907179,67.1445131693763,0.1607105529143358
55060.24005091395,67.13005953957327,0.16157203603400805
55062.746362756116,67.11538195701723,0.16242402681595527
55065.252674598276,67.10048998774437,0.1632656949356065
55067.75898644044,67.08539123139053,0.1640961501567526
55070.265298282604,67.07009213780111,0.16491451510556618
55072.77161012477,67.05459909505589,0.16571998481866562
55075.27792196693,67.03891849095089,0.16651182835940723
55077.7842338091,67.02305671310751,0.16728938889835152
55080.29054565126,67.00701977879726,0.16805206802195297
55082.79685749342,66.99081137737085,0.16879924856412587
55085.30316933559,66.97443406416278,0.1695303393498713
55087.80948117775,66.9578903777292,0.17024481825787685
55090.315793019916,66.9411828563425,0.1709422301497332
55092.822104862076,66.92431403810042,0.1716221873143368
55095.328416704244,66.90728646086427,0.1722843670958432
55097.834728546404,66.89010278746719,0.17292849960646337
55100.34104038857,66.8727667811836,0.17355428434223233
55102.84735223073,66.8552821250596,0.1741613622128609
55105.3536640729,66.83765185652737,0.17474934461529806
55107.85997591506,66.81987957143429,0.1753178258056584
55110.36628775723,66.80197006547678,0.17586636193049554
55112.87259959939,66.78392923109641,0.17639449182431205
55115.378911441556,66.76576365537767,0.17690175926174434
55117.885223283716,66.74748086374893,0.1773876856918486
55120.39153512588,66.72908877888403,0.1778518140071618
55122.897846968044,66.71059546881588,0.1782937392723631
55125.404158810205,66.69200967118377,0.17871309313806277
55127.91047065237,66.67333980409603,0.17910954326202133
55130.41678249453,66.6545936222974,0.17948278172036808
55132.9230943367,66.63577896232891,0.17983253861439338
55135.42940617886,66.61690367150004,0.18015860106856513
55137.93571802103,66.59797559700382,0.18046081243687728
55140.44202986319,66.57900258392328,0.18073907319320007
55142.948341705356,66.55999241593236,0.18099331002227473
55145.45465354752,66.54095319933549,0.18122340878020887
55147.960965389684,66.52189332099078,0.18142925643843574
55150.467277231844,66.50282056444848,0.1816107347018361
55152.97358907401,66.48374175604113,0.18176761157748186
55155.47990091617,66.46466374957527,0.1818996790470429
55157.98621275834,66.44559326994931,0.18200678219718128
55160.4925246005,66.42653637326293,0.18208880162778315
55162.99883644267,66.40749889678409,0.18214566911576768
55165.50514828483,66.38848664843681,0.18217736511723154
55168.01146012699,66.36950542069826,0.18218392573998554
55170.51777196916,66.35056100467045,0.18216544769269236
55173.02408381132,66.33165897412982,0.18212208351019973
55175.530395653484,66.31280443000287,0.18205403639882148
55178.036707495645,66.2940022765033,0.18196156223201948
55180.54301933781,66.27525651116594,0.18184492124180307
55183.04933117997,66.25657074663104,0.1817044100350585
55185.55564302214,66.23794859371992,0.18154038836680325
55188.0619548643,66.21939366333754,0.18135327976199303
55190.56826670647,66.20090957294451,0.18114356925506864
55193.07457854863,66.18250016540696,0.18091178401480465
55195.5808903908,66.16416983025556,0.18065845874175435
55198.08720223296,66.14592358491791,0.18038410575618744
55200.593514075124,66.12776666857098,0.18008923955667172
55203.099825917285,66.10970433966577,0.17977443262544002
55205.606137759445,66.0917418568497,0.17944032254460296
55208.11244960161,66.07388434169843,0.17908760770606214
55210.61876144377,66.05613611236913,0.17871702938992248
55213.12507328594,66.03850115966998,0.17832936990636564
55215.6313851281,66.02098317399577,0.17792544786392742
55218.13769697027,66.0035855635615,0.17750613778766325
55220.64400881243,65.98631172378373,0.1770723778730387
55223.1503206546,65.96916505018453,0.17662517087690266
55225.65663249676,65.95214892995864,0.17616558400848276
55228.162944338925,65.93526587780434,0.17569468347878528
55230.669256181085,65.91851589918315,0.17521339723780452
55233.17556802325,65.90189866024502,0.17472257757540932
55235.68187986541,65.88541366341997,0.17422303773056855
55238.18819170758,65.8690603556879,0.17371564722513658
55240.69450354974,65.8528381841752,0.1732013389492615
55243.2008153919,65.83674659613462,0.1726811096432499
55245.70712723407,65.82078503896446,0.17215601904455013
55248.21343907623,65.80495296019672,0.171627190757805
55250.7197509184,65.78924980749434,0.17109581005196298
55253.22606276056,65.77367502865945,0.1705631225394501
55255.732374602725,65.75822807162331,0.17003043409049362
55258.238686444885,65.74290838446086,0.16949910668896812
55260.74499828705,65.72771541536349,0.16897055695070456
55263.25131012921,65.712648612669,0.16844625387257012
55265.75762197138,65.69770742499531,0.16792771276820964
55268.26393381354,65.68289119484871,0.1674164340668231
55270.77024565571,65.66819943518212,0.16691348717553312
55273.27655749787,65.65363230968183,0.16641915662529322
55275.78286934004,65.63918990147681,0.16593360730177648
55278.2891811822,65.62487231741034,0.16545702678535132
55280.79549302436,65.6106804416304,0.1649895487016895
55283.301804866525,65.59661629884795,0.16453129673073866
55285.808116708686,65.58268201731335,0.164082444249081
55288.31442855085,65.56887972297045,0.1636432189927042
55290.820740393014,65.5552113505546,0.16321389578116194
55293.32705223518,65.5416785052621,0.16279478743519638
55295.83336407734,65.52828264967138,0.16238626417881566
55298.33967591951,65.51502511242506,0.16198875568297627
55300.84598776167,65.50190721424406,0.16160275522696207
55303.35229960384,65.4889302800766,0.16122882061542704
55305.858611446,65.47609599743373,0.1608675482947631
55308.364923288165,65.46340669488927,0.16051955362982012
55310.871235130326,65.45086463777261,0.1601854660341918
55313.37754697249,65.4384719282607,0.15986592348278666
55315.883858814654,65.4262306582932,0.1595616198515859
55318.390170656814,65.41414291995534,0.15927330814786833
55320.89648249898,65.40221079867842,0.15900178336845167
55323.40279434114,65.3904363558213,0.15874784142820067
55325.90910618331,65.37882159624132,0.15851230310974682
55328.41541802547,65.36736787979953,0.15829586061986842
55330.92172986764,65.35607597690705,0.1580990989724963
55333.4280417098,65.34494566709327,0.15792258442550863
55335.934353551966,65.33397562886967,0.1577668278992989
55338.440665394126,65.3231635034681,0.15763227200264462
55340.94697723629,65.31250652260132,0.1575193397049919
55343.453289078454,65.30200190421237,0.15742848295046463
55345.95960092062,65.29164697948636,0.15736017381618014
55348.46591276278,65.28144048130707,0.15731478717802294
55350.97222460495,65.27138365121209,0.1572924988805095
55353.47853644711,65.2614824956836,0.1572929803899809
55355.98484828927,65.2517446249476,0.15731557686287403
55358.49116013144,65.24217551243055,0.1573594570294363
55360.9974719736,65.23277937035164,0.1574237019846951
55363.503783815766,65.22356033562392,0.15750735501797358
55366.010095657926,65.21452214654346,0.15760926074742482
55368.516407500094,65.20566831597534,0.1577281169039493
55371.022719342254,65.19700211838426,0.15786257584520025
55373.52903118442,65.18852667768806,0.15801127191972447
55376.03534302658,65.18024532003619,0.15817283954473724
55378.54165486875,65.17216140604796,0.15834596061814216
55381.04796671091,65.16427835775175,0.15852934755314077
55383.55427855308,65.15659978243639,0.15872171243441294
55386.06059039524,65.14912921956784,0.15892181561823437
55388.566902237406,65.14186954814431,0.15912841747679723
55391.073214079566,65.13482337994719,0.15934032192615416
55393.57952592173,65.12799332617215,0.15955640618449196
55396.085837763894,65.1213819982986,0.1597756214834689
55398.592149606055,65.11499205975997,0.15999699254861577
55401.09846144822,65.10882652856526,0.16021958047849003
55403.60477329038,65.1028882821629,0.16044245641524177
55406.11108513255,65.09718011795485,0.160664757293866
55408.61739697471,65.09170483363778,0.16088569578852183
55411.12370881688,65.08646522714844,0.16110456234559983
55413.63002065904,65.08146409671099,0.16132072168091385
55416.136332501206,65.07670418276757,0.16153359584046445
55418.64264434337,65.0721877514734,0.16174254896951173
55421.148956185534,65.06791692025581,0.16194692690747858
55423.655268027695,65.06389432369178,0.16214605922599373
55426.16157986986,65.0601230863831,0.16233920164440196
55428.66789171202,65.05660659105342,0.1625255742939504
55431.17420355419,65.05335156983347,0.16270426872619542
55433.68051539635,65.05036627312074,0.16287435373385953
55436.18682723852,65.04765879100887,0.1630349529299251
55438.69313908068,65.04523718387645,0.16318525272146195
55441.19945092284,65.04310951841762,0.16332446665034742
55443.70576276501,65.04128386470256,0.16345185682303157
55446.21207460717,65.0397682931216,0.1635667565911869
55448.718386449335,65.0385708137037,0.16366856363961435
55451.224698291495,65.03769890729018,0.16375668473872299
55453.73101013366,65.03715915064095,0.16383052417456506
55456.23732197582,65.03695533448263,0.16388939745248193
55458.74363381799,65.03708907312057,0.1639325878113711
55461.24994566015,65.03756084855831,0.16395937653349715
55463.75625750232,65.03836989765205,0.16396903135350868
55466.26256934448,65.03951520368628,0.16396087370604975
55468.76888118665,65.04099563337877,0.16393429013532201
55471.27519302881,65.04280911176102,0.163888682384166
55473.781504870974,65.04495309336926,0.16382349672688776
55476.287816713135,65.04742461762726,0.16373822556364595
55478.794128555295,65.05022071934582,0.1636323683544527
55481.30044039746,65.05333862617772,0.1635054832102689
55483.80675223962,65.0567756523451,0.16335720198130216
55486.31306408179,65.06052994430684,0.1631871924808907
55488.81937592395,65.06460007040732,0.16299517416012108
55491.32568776612,65.0689838827966,0.16278088603123472
55493.83199960828,65.07367864897242,0.16254409720593332
55496.33831145045,65.07868134492674,0.1622846352247552
55498.84462329261,65.08398832226885,0.16200236107566324
55501.350935134775,65.08959584824697,0.1616972064897366
55503.857246976935,65.09550021162795,0.16136915882459985
55506.3635588191,65.10169767453044,0.16101825953168514
55508.86987066126,65.10818387015024,0.16064457226746495
55511.37618250343,65.114953510958,0.1602481674190226
55513.88249434559,65.12200121388742,0.15982918998324572
55516.38880618775,65.1293215961341,0.15938786828521176
55518.89511802992,65.13690927522839,0.1589245142862791
55521.40142987208,65.1447588689698,0.15843952462599167
55523.90774171425,65.15286499551439,0.157933379729765
55526.41405355641,65.16122222566628,0.1574066397451732
55528.920365398575,65.16982445534813,0.1568598792083871
55531.426677240735,65.17866523432167,0.15629368790923143
55533.9329890829,65.18773947471345,0.1557085963875343
55536.43930092506,65.19704280408041,0.15510514491286756
55538.94561276723,65.20657039074285,0.15448391303479228
55541.45192460939,65.2163163323712,0.1538454769896304
55543.95823645156,65.2262736933626,0.15319045887916186
55546.46454829372,65.23643465331406,0.1525195227185489
55548.97086013589,65.2467911480635,0.15183340959650937
55551.47717197805,65.25733511346334,0.15113295592426257
55553.98348382021,65.26805848554068,0.15041909450062513
55556.489795662375,65.27895320058451,0.14969285546761904
55558.996107504536,65.29001119494205,0.14895536689205688
55561.5024193467,65.30122440526611,0.14820785625758595
55564.008731188864,65.31258476831135,0.14745164813321346
55566.51504303103,65.3240842227533,0.14668816526347056
55569.02135487319,65.33571528156608,0.1459188744338778
55571.52766671536,65.34747247763153,0.14514500161612293
55574.03397855752,65.35935117289046,0.1443676491406611
55576.54029039969,65.37134675028938,0.14358801094411305
55579.04660224185,65.38345456535171,0.14280737931393003
55581.552914084015,65.39566925582767,0.14202712045449092
55584.059225926176,65.40798472811002,0.14124867070751893
55586.56553776834,65.42039485421265,0.1404734876126724
55589.071849610504,65.43289240385639,0.13970300532692384
55591.578161452664,65.44546922389418,0.13893867018558484
55594.08447329483,65.45811587764183,0.13818188752524602
55596.59078513699,65.47082278515154,0.13743414657021533
55599.09709697916,65.4835803664464,0.13669703522895288
55601.60340882132,65.49637905428244,0.13597223205673478
55604.10972066349,65.50920952801243,0.13526140383193352
55606.61603250565,65.52206269207818,0.13456620927056304
55609.122344347816,65.53492943977471,0.13388839141490103
55611.628656189976,65.54780015606957,0.1332297202790332
55614.134968032144,65.56066442753945,0.13259194561858215
55616.641279874304,65.573511311115,0.13197678903641405
55619.14759171647,65.5863294286246,0.13138590804429248
55621.65390355863,65.59910685630166,0.13082094529256041
55624.1602154008,65.61183084754157,0.13028335007407085
55626.66652724296,65.62449160161486,0.12977434912327404
55629.17283908512,65.63708067919652,0.1292948879866176
55631.67915092729,65.64958840212785,0.1288455483225354
55634.18546276945,65.662007121442,0.1284267695140442
55636.691774611616,65.6743317688597,0.1280388931307199
55639.198086453776,65.68655814384147,0.1276822574845456
55641.704398295944,65.6986835172911,0.12735718719411326
55644.210710138104,65.71070691729619,0.1270639461484459
55646.71702198027,65.72262775240051,0.126802778207627
55649.22333382243,65.73444545158054,0.12657397232306453
55651.7296456646,65.74616004269046,0.12637776152555605
55654.23595750676,65.75777327483229,0.12621413632435058
55656.74226934893,65.76928732823217,0.12608304415605653
55659.24858119109,65.78070379789642,0.12598423848129353
55661.754893033256,65.79202348305262,0.12591699204741663
55664.261204875416,65.80324426452171,0.12588031770620847
55666.76751671758,65.81436395961282,0.1258729291866651
55669.273828559744,65.8253812333096,0.12589345631701004
55671.780140401905,65.83629463224861,0.1259406006742615
55674.28645224407,65.8471019498902,0.12601313590580293
55676.79276408623,65.85780071026238,0.12610992012220368
55679.2990759284,65.868388436862,0.12622990689102095
55681.80538777056,65.87886265306588,0.12637214746462827
55684.31169961273,65.88922108986753,0.1265357837711934
55686.81801145489,65.89946268249969,0.12671999542940401
55689.324323297056,65.90958712423526,0.12692402476958076
55691.83063513922,65.9195961405785,0.12714709156977597
55694.336946981384,65.92949307894014,0.12738840196448434
55696.843258823545,65.93928182612581,0.1276472154732878
55699.34957066571,65.94896622443048,0.12792288890360695
55701.85588250787,65.9585496648906,0.12821479456320278
55704.36219435004,65.96803584386362,0.1285222493597956
55706.8685061922,65.9774305377723,0.12884452154303666
55709.37481803437,65.98674012097763,0.12918092166758896
55711.88112987653,65.99597158060351,0.12953056107973104
55714.38744171869,66.00513222024892,0.12989242702430953
55716.89375356086,66.01422802324669,0.13026551698491465
55719.40006540302,66.02326403971529,0.13064888760355006
55721.906377245185,66.03224536023481,0.13104165663434741
55724.412689087345,66.0411777550762,0.13144294221628341
55726.91900092951,66.0500682000129,0.13185188650581767
55729.42531277167,66.05892375282565,0.1322676994972417
55731.93162461384,66.06775128043228,0.1326896174663448
55734.437936456,66.07655762508512,0.1331169514972715
55736.94424829817,66.08534930045425,0.13354907289014367
55739.45056014033,66.09413282655441,0.1339853366453489
55741.9568719825,66.10291415506799,0.13442473545412673
55744.46318382466,66.11169866401178,0.134866046009315
55746.969495666825,66.12049284864042,0.13530795001643336
55749.475807508985,66.12930572548794,0.13574892325237944
55751.982119351145,66.13814530070522,0.13618740891921446
55754.48843119331,66.1470188042149,0.1366218301943034
55756.99474303547,66.15593410254223,0.1370506355247644
55759.50105487764,66.1648976500328,0.13747225201667998
55762.0073667198,66.1739137026234,0.13788506371122594
55764.51367856197,66.1829855832948,0.13828749820234207
55767.01999040413,66.19211602556607,0.1386780219600353
55769.5263022463,66.20130659086863,0.1390551093653084
55772.03261408846,66.2105585936406,0.13941732173794077
55774.538925930625,66.21987334818732,0.13976332219717363
55777.045237772785,66.22925216887597,0.14009187606339804
55779.55154961495,66.23869637011012,0.14040185211210376
55782.05786145711,66.24820726602638,0.1406922227580727
55784.56417329928,66.25778582321254,0.14096204676882845
55787.07048514144,66.26743255570955,0.1412103911064155
55789.5767969836,66.27714789736854,0.141436269594482
55792.08310882577,66.28693174804607,0.1416387170939833
55794.58942066793,66.29678398662406,0.14181686615068984
55797.0957325101,66.30670449204433,0.1419699541702167
55799.60204435226,66.31669314330622,0.14209732350479157
55802.108356194425,66.32674963487807,0.1421984138398352
55804.614668036585,66.33687275874581,0.1422727319974822
55807.12097987875,66.34706097173694,0.14231983660120376
55809.62729172091,66.35731264691094,0.14233932537381352
55812.13360356308,66.36762606991397,0.14233089107646046
55814.63991540524,66.3779987100279,0.14229428037907402
55817.14622724741,66.38842697704968,0.14222923809378604
55819.65253908957,66.39890712876513,0.14213559853129817
55822.15885093174,66.4094353956607,0.14201329841641602
55824.6651627739,66.42000776577333,0.14186233021456415
55827.17147461606,66.43062010018184,0.14168276722123205
55829.677786458225,66.44126825893181,0.1414747947607237
55832.184098300386,66.4519481020834,0.1412387094085415
55834.69041014255,66.46265548334486,0.14097491865622003
55837.196721984714,66.47338600549847,0.14068391006855155
55839.70303382688,66.48413494332635,0.14036624013287513
55842.20934566904,66.49489754944807,0.1400225770265355
55844.71565751121,66.50566907646134,0.13965370473401575
55847.22196935337,66.51644477695663,0.13926052364069852
55849.72828119554,66.52721990349528,0.13884404969535805
55852.2345930377,66.53798970862408,0.1384054159532704
55854.740904879865,66.5487494448389,0.13794587187625507
55857.247216722026,66.55949436462834,0.13746678222739211
55859.75352856419,66.57021972041548,0.13696962719943415
55862.259840406354,66.58092039907933,0.13645597207905086
55864.766152248514,66.59158969056443,0.1359273720428853
55867.27246409068,66.60221984305826,0.13538540024522647
55869.77877593284,66.61280129078659,0.13483155839102937
55872.28508777501,66.62332354129467,0.13426738166082963
55874.79139961717,66.63377490737184,0.13369444876770786
55877.29771145934,66.6441434686858,0.13311443821694066
55879.8040233015,66.65441730458406,0.1325291353783907
55882.310335143666,66.66458449570928,0.1319404323477267
55884.816646985826,66.67463357823726,0.131350275128505
55887.322958827994,66.68455421178078,0.13076059621905703
55889.829270670154,66.69433637343172,0.13017331705180446
55892.33558251232,66.70397068084276,0.12959026618194908
55894.84189435448,66.7134492242767,0.12901322009733818
55897.34820619665,66.72276431722275,0.12844393884798105
55899.85451803881,66.7319078174769,0.12788406795494767
55902.36082988097,66.74087150600826,0.12733528066784147
55904.86714172314,66.74964848237869,0.1267991420042429
55907.3734535653,66.75823364232929,0.12627685085247256
55909.879765407466,66.76662212504016,0.1257695649216413
55912.38607724963,66.77480906722485,0.12527851650854666
55914.892389091794,66.78278934843547,0.12480497943898856
55917.398700933954,66.79055735919974,0.12435023692360439
55919.90501277612,66.79810729098244,0.12391555809440037
55922.41132461828,66.80543314142415,0.12350217270436861
55924.91763646045,66.81252900894401,0.1231113521743237
55927.42394830261,66.81939101053808,0.12274419083238819
55929.93026014478,66.82601867206176,0.12240142305306759
55932.43657198694,66.83241344777343,0.12208366805270032
55934.942883829106,66.83857934850676,0.12179133721330017
55937.449195671266,66.84452165089897,0.12152437470171919
55939.95550751343,66.8502464369667,0.12128260626383049
55942.461819355594,66.8557605346723,0.12106587582736486
55944.968131197755,66.8610708964552,0.12087407794653203
55947.47444303992,66.86618453147094,0.12070716596404665
55949.98075488208,66.87110807334102,0.12056511912081376
55952.48706672425,66.87584751197573,0.12044791563406526
55954.99337856641,66.88040854285646,0.12035548786865907
55957.49969040858,66.88479747602833,0.12028753930381637
55960.00600225074,66.88902203612815,0.12024356952470015
55962.512314092906,66.89308840303511,0.12022301809834893
55965.01862593507,66.8969999271394,0.12022516682889849
55967.524937777234,66.9007576037584,0.12024915386586159
55970.031249619395,66.90436100331863,0.12029413997470463
55972.53756146156,66.90780834409816,0.12035930468501814
55975.04387330372,66.91109742512708,0.12044388125058493
55977.55018514589,66.91422603018873,0.12054718718418674
55980.05649698805,66.91719194280813,0.12066862763278645
55982.56280883022,66.9199929463175,0.120807693329377
55985.06912067238,66.92262678613042,0.12096394726109906
55987.57543251454,66.92509022878221,0.12113675001949026
55990.08174435671,66.92737885709357,0.12132522162720685
55992.58805619887,66.92948707231699,0.12152830194911272
55995.094368041035,66.9314081815537,0.12174470473525792
55997.600679883195,66.93313538724033,0.12197319470925053
56000.10699172536,66.93466189174796,0.12221262115830832
56002.61330356752,66.93598089691659,0.12246191769067659
56005.11961540969,66.93708560448431,0.12272010438196844
56007.62592725185,66.93796948950694,0.12298624712961857
56010.13223909402,66.93862904825437,0.12325909642955982
56012.63855093618,66.9390626556742,0.12353723998708277
56015.14486277835,66.93926881715015,0.12381932794049494
56017.65117462051,66.93924859556137,0.12410373628533494
56020.157486462675,66.93900582084461,0.12438853979082785
56022.663798304835,66.938545199082,0.12467178140576263
56025.170110146995,66.93787181603693,0.12495154333525908
56027.67642198916,66.93699122701219,0.1252259779491483
56030.18273383132,66.93590973814571,0.12549322694469744
56032.68904567349,66.93463349519152,0.1257514942918257
56035.19535751565,66.9331686383448,0.1259990832230395
56037.70166935782,66.93152151654067,0.1262343682092325
56040.20798119998,66.92970021600195,0.12645555624541863
56042.71429304215,66.92771378197358,0.12666082323231861
56045.22060488431,66.92557227882207,0.12684842115104553
56047.726916726475,66.92328637056926,0.12701669456043438
56050.233228568635,66.92086662372458,0.12716408669693752
56052.7395404108,66.91832334906212,0.1272891314164531
56055.24585225296,66.91566681704717,0.1273904671616782
56057.75216409513,66.91290646116249,0.12746679835661967
56060.25847593729,66.91004879702814,0.1275168035392579
56062.76478777945,66.907097737414,0.12753916542639918
56065.27109962162,66.90405735251261,0.1275326271126372
56067.77741146378,66.9009322898637,0.12749601131905022
56070.28372330595,66.89772722091584,0.12742824105777864
56072.79003514811,66.89444720945903,0.1273282946887627
56075.296346990275,66.89110017172061,0.12719490966006014
56077.802658832436,66.88769528397825,0.1270267749627027
56080.3089706746,66.88424173062958,0.12682267990731877
56082.81528251676,66.88074871110439,0.12658151149808233
56085.32159435893,66.8772254298965,0.1263022617647913
56087.82790620109,66.87368112691911,0.12598402316739607
56090.33421804326,66.87012541125296,0.12562595562482076
56092.84052988542,66.86656889677397,0.1252272690154281
56095.34684172759,66.86302299521049,0.12478724158827678
56097.85315356975,66.85949879465625,0.12430523883988763
56100.35946541191,66.85600791951583,0.12378068919809218
56102.865777254076,66.85256278068118,0.12321309595458282
56105.372089096236,66.84917567769298,0.12260206622673064
56107.8784009384,66.84585889254231,0.12194732298217222
56110.384712780564,66.84262440844032,0.12124868173098663
56112.89102462273,66.83948371929,0.12050603763323502
56115.39733646489,66.83644827488752,0.11971940253847378
56117.90364830706,66.83352963197103,0.11888889889265174
56120.40996014922,66.83073954749852,0.11801475195520075
56122.91627199139,66.82808980059053,0.11709731098044149
56125.42258383355,66.82559217026574,0.11613705869680058
56127.928895675715,66.82325843590661,0.11513461037107403
56130.435207517876,66.82110037695384,0.11409072111107858
56132.94151936004,66.81912959259353,0.11300628193539457
56135.447831202204,66.81735644658329,0.11188230308746049
56137.954143044364,66.81579078589857,0.11071993324025059
56140.46045488653,66.81444245597231,0.10952047258287229
56142.96676672869,66.81332130247029,0.10828537842047602
56145.47307857086,66.81243711114803,0.10701626742200554
56147.97939041302,66.81179904079181,0.10571487944134819
56150.48570225519,66.81141601469426,0.10438304677013123
56152.99201409735,66.811296935266,0.10302273501867565
56155.498325939516,66.81145067985926,0.10163608554823778
56158.004637781676,66.81188612562255,0.10022542831613816
56160.510949623844,66.81261214823462,0.0987932888876895
56163.017261466004,66.81363737396896,0.0973423816370872
56165.52357330817,66.81496992746543,0.0958756066636027
56168.02988515033,66.81661787357007,0.09439607171323003
56170.5361969925,66.81858927758003,0.09290710073162826
56173.04250883466,66.82089220509806,0.09141223118207895
56175.54882067682,66.82353471063834,0.08991522021611216
56178.05513251899,66.82652467407752,0.08842003518737465
56180.56144436115,66.82986983859155,0.08693085352074227
56183.067756203316,66.8335779451736,0.08545205328635269
56185.57406804548,66.83765715126356,0.083988112040908
56188.080379887644,66.84211931700702,0.08254265316277609
56190.586691729804,66.84697898269224,0.08111878486836357
56193.09300357197,66.85225094633643,0.07971974685569685
56195.59931541413,66.8579500230262,0.07834893545046143
56198.1056272563,66.86409102847392,0.07700989818921773
56200.61193909846,66.87068878591526,0.07570631332938753
56203.11825094063,66.87775726619293,0.07444193749781709
56205.62456278279,66.88530968606938,0.07322039513668122
56208.130874624956,66.89336598393857,0.07204389608674759
56210.63718646712,66.9019508655474,0.07091320411563369
56213.14349830928,66.91108952485956,0.06982814018931796
56215.649810151444,66.9208072560723,0.06878822968140572
56218.156121993605,66.93112934711098,0.0677930471834519
56220.66243383577,66.94207774936513,0.06684205485351805
56223.16874567793,66.95366533236665,0.06593433235555628
56225.6750575201,66.9659013267592,0.06506863806024785
56228.18136936226,66.97879094109521,0.06424308912966897
56230.68768120443,66.99233872073819,0.0634558239350895
56233.19399304659,67.00654798320465,0.06270507631590043
56235.70030488876,67.02142126854596,0.061989141865095354
56238.20661673092,67.03696068158024,0.06130642292660733
56240.712928573084,67.05316127446713,0.06065460608024469
56243.219240415245,67.07001108754775,0.06003061756717864
56245.72555225741,67.0874953964667,0.059431209187865194
56248.23186409957,67.10559779161122,0.058853118967509103
56250.73817594174,67.1242994852364,0.05829304779890915
56253.2444877839,67.14356836932711,0.057746393155333635
56255.75079962607,67.16336763743311,0.05720829665547826
56258.25711146823,67.18366170092486,0.05667417303179044
56260.76342331039,67.20441799034597,0.05613948325241175
56263.26973515256,67.22560020169476,0.05559953802759481
56265.77604699472,67.24716803705087,0.05504983223572924
56268.282358836885,67.26907733350527,0.05448617618208122
56270.788670679045,67.29128044168465,0.05390450726470448
56273.29498252121,67.31372934486717,0.0533009207819937
56275.80129436337,67.3363763076486,0.05267205194917634
56278.30760620554,67.3591736573726,0.05201513991091688
56280.8139180477,67.38207326526754,0.05132788560450132
56283.32022988987,67.40502590202959,0.05060839596574269
56285.82654173203,67.42798217828386,0.049855442164069036
56288.3328535742,67.45089254353661,0.04906847231390221
56290.83916541636,67.4737064903602,0.04824745346837362
56293.345477258525,67.49637316039298,0.047393052366903145
56295.851789100685,67.51884169207187,0.04650674354225823
56298.358100942845,67.54106052865973,0.04559078460520147
56300.86441278501,67.56297632324276,0.044648161984432326
56303.37072462717,67.58453445829218,0.04368252899900692
56305.87703646934,67.60567943268688,0.0426980064714562
56308.3833483115,67.62635572714498,0.04169970891107809
56310.88966015367,67.64650782063836,0.0406938889220688
56313.39597199583,67.66608004050795,0.0396879992071345
56315.902283838,67.68501518294215,0.038690697244524196
56318.40859568016,67.7032523532398,0.03771159146715964
56320.914907522325,67.7207275814144,0.03676130385560001
56323.421219364485,67.73737868631724,0.035851460005399946
56325.92753120665,67.75315803673584,0.03499345152218049
56328.43384304881,67.76802917185705,0.03419872653662121
56330.94015489098,67.78195912452065,0.03347893160009649
56333.44646673314,67.7949233885156,0.03284475622969392
56335.9527785753,67.80692526174244,0.03230329937172564
56338.45909041747,67.81797467911383,0.03185973244999042
56340.96540225963,67.8280872539035,0.031518304536437926
56343.4717141018,67.83729298692197,0.03128022745662279
56345.97802594396,67.8456415104447,0.031141344454377863
56348.484337786125,67.85319310729392,0.03109304366021145
56350.990649628286,67.86001031909836,0.03112580687348497
56353.49696147045,67.86615194188198,0.03122999653595595
56356.00327331261,67.87167249398772,0.03139568099855427
56358.50958515478,67.87661969679175,0.03161308963381024
56361.01589699694,67.88103445875458,0.031873321173880295
56363.52220883911,67.88494878914207,0.032168426331925196
56366.02852068127,67.88839002518216,0.03249040805436337
56368.53483252344,67.89138782664668,0.03283151901984305
56371.0411443656,67.89397738181287,0.03318514273556584
56373.54745620776,67.89618632895872,0.0335459941194351
56376.053768049926,67.89803863049019,0.03390996842057447
56378.560079892086,67.89955297706183,0.03427315369473068
56381.06639173425,67.90074450266548,0.03463190130014854
56383.572703576414,67.9016291287844,0.034983696841119745
56386.07901541858,67.9022209973482,0.035327104204605914
56388.58532726074,67.90253193461103,0.03566109611276257
56391.09163910291,67.9025806550053,0.03598498203719317
56393.59795094507,67.90240124400589,0.03629798458266275
56396.10426278724,67.90203192530316,0.03659970579711623
56398.6105746294,67.90149788813869,0.036889361431426855
56401.116886471566,67.90081353172718,0.03716607840971814
56403.623198313726,67.8999896729947,0.0374292060593067
56406.12951015589,67.8990360583266,0.03767861446191087
56408.635821998054,67.89795609063003,0.03791454843895316
56411.142133840214,67.8967402018161,0.038136318374459084
56413.64844568238,67.89538171062213,0.03834130028507061
56416.15475752454,67.8938798315412,0.03852650621596202
56418.66106936671,67.89223287257482,0.038689453686604765
56421.16738120887,67.89043788710842,0.03882785317216953
56423.67369305104,67.88850134637323,0.038938132620640324
56426.1800048932,67.88643922761548,0.039015740273445634
56428.686316735366,67.88426769088255,0.03905671476037763
56431.192628577526,67.88200278783916,0.039057892800034556
56433.698940419694,67.87966043132474,0.039016949636502145
56436.205252261854,67.87725613218208,0.03893238924301192
56438.71156410402,67.87480479461374,0.038803662308185306
56441.21787594618,67.87232077230874,0.03863122074089296
56443.72418778835,67.86981840713997,0.038416557547485894
56446.23049963051,67.86731247970602,0.038162108674382404
56448.73681147267,67.86481819077744,0.03787125684165011
56451.24312331484,67.86235012287216,0.03754848613682778
56453.749435157,67.85992090232321,0.037199278657886824
56456.255746999166,67.85754512666608,0.0368296104773371
56458.76205884133,67.85523605033814,0.03644577928923105
56461.268370683494,67.85300237835327,0.036054969784401925
56463.774682525654,67.8508525838115,0.035665541482447966
56466.28099436782,67.84879497009388,0.035287019679562256
56468.78730620998,67.84683876595227,0.03492977306130804
56471.29361805215,67.84499781866907,0.03460399478160067
56473.79992989431,67.84328422945691,0.034318950466351306
56476.30624173648,67.84171187088941,0.03408376636939949
56478.81255357864,67.84029823367018,0.033907607585928264
56481.318865420806,67.83907359518344,0.03379720830560228
56483.82517726297,67.83807341486681,0.03375428928154017
56486.33148910513,67.83733139670221,0.03377878263878722
56488.837800947294,67.83687909372384,0.03386994975667703
56491.344112789455,67.83674940653145,0.03402536317217961
56493.85042463162,67.83698246342828,0.03423891562529822
56496.35673647378,67.83761846076231,0.03450212108621341
56498.86304831595,67.8386940358323,0.034806725302577925
56501.36936015811,67.84024504583795,0.03514525569136833
56503.87567200028,67.8423102850793,0.03551103429361559
56506.38198384244,67.8449320414802,0.03589811913982963
56508.88829568461,67.8481518200133,0.036301648973789985
56511.39460752677,67.85200547141721,0.036717696803839885
56513.900919368934,67.85652260357165,0.037142782470604145
56516.407231211095,67.86172798537882,0.037573433785178724
56518.91354305326,67.86763991383486,0.038006822961113754
56521.41985489542,67.87427716876846,0.03844103443820379
56523.92616673759,67.88166470336728,0.03887472001533894
56526.43247857975,67.88983717700467,0.03930576702459394
56528.93879042192,67.89883379073581,0.03973149408330956
56531.44510226408,67.90869805630064,0.040149556051304644
56533.95141410624,67.91947251034435,0.0405579701168272
56536.45772594841,67.93119880667655,0.040954211934623404
56538.96403779057,67.94392144115409,0.04133504207085918
56541.470349632735,67.95768418087391,0.04169638088094139
56543.976661474895,67.972530190018,0.04203464657149902
56546.48297331706,67.98850217997096,0.042346903518497715
56548.98928515922,68.00563839427195,0.042630651640572
56551.49559700139,68.02397348728846,0.04288385429865891
56554.00190884355,68.0435332005145,0.043104549180104854
56556.50822068572,68.0643387541495,0.04329112479116885
56559.01453252788,68.08640789049969,0.0434424401149743
56561.52084437005,68.10975215713552,0.043557671402717865
56564.02715621221,68.13438245361613,0.043636582872442035
56566.533468054375,68.1603084938215,0.043679072934364224
56569.039779896535,68.18753523684063,0.04368428560341654
56571.546091738695,68.21606633340343,0.04365170403567063
56574.05240358086,68.24590543613886,0.04358140998001789
56576.55871542302,68.27705615601735,0.043474008041268324
56579.06502726519,68.30952026633895,0.04333012936540161
56581.57133910735,68.34329497007275,0.04315030142432666
56584.07765094952,68.378375262997,0.04293558855729054
56586.58396279168,68.41475523400732,0.04268770535282343
56589.09027463385,68.45242842063453,0.042409030113526994
56591.59658647601,68.49138742249488,0.042102606081413856
56594.102898318175,68.53162363002775,0.04177205899655609
56596.609210160335,68.57312008278677,0.04142109327606346
56599.1155220025,68.6158552384295,0.04105368331466678
56601.62183384466,68.65980644631782,0.0406743335638136
56604.12814568683,68.70495274098357,0.04028774400640737
56606.63445752899,68.7512781835394,0.03989735572850916
56609.14076937115,68.79876394639723,0.03950547795299784
56611.64708121332,68.84739302200614,0.03911384552964906
56614.15339305548,68.89714543451555,0.038722824050609624
56616.65970489765,68.94798975624144,0.03833100233880517
56619.16601673981,68.99987774441252,0.03793520208537293
56621.672328581975,69.05275608057855,0.03753203476011233
56624.178640424136,69.1065672984696,0.03711865150753353
56626.6849522663,69.16125336056575,0.036693019369025456
56629.191264108464,69.21675410994794,0.036253981950541546
56631.69757595063,69.27300429553725,0.03580108912400745
56634.20388779279,69.3299362254329,0.03533482860366207
56636.71019963496,69.38748217897955,0.034856883804273986
56639.21651147712,69.44557392853312,0.0343700792098221
56641.72282331929,69.50414219789673,0.03387832432203412
56644.22913516145,69.56311260641087,0.033386578046060135
56646.73544700361,69.62240450456738,0.03290079400111836
56649.241758845776,69.68193159624934,0.03242777598884576
56651.748070687936,69.74159177276306,0.031974012684412585
56654.2543825301,69.80126963718794,0.031545668375493593
56656.760694372264,69.86084925523028,0.031149719928494614
56659.26700621443,69.92021803557873,0.030793634419248497
56661.77331805659,69.97928525868338,0.030482747912546935
56664.27962989876,70.0379848339362,0.030219448804198846
56666.78594174092,70.09625988279004,0.030005725846354886
56669.29225358309,70.15405166236451,0.02984305697552565
56671.79856542525,70.21131010507816,0.029730105833713348
56674.304877267416,70.26801331120078,0.029660300770903567
56676.811189109576,70.32414345126017,0.029625731300373336
56679.31750095174,70.37967439516797,0.029618835406843597
56681.823812793904,70.4345785616897,0.029632969515945764
56684.330124636064,70.48882104526274,0.029662320311476125
56686.83643647823,70.54235135647468,0.02970184978809195
56689.34274832039,70.59511705423938,0.02974806870275792
56691.84906016256,70.64706580131315,0.029799142082277873
56694.35537200472,70.6981445561396,0.029854738101105404
56696.86168384689,70.7482937037712,0.02991521032590348
56699.36799568905,70.797451544262,0.029981619334264235
56701.874307531216,70.84556238434743,0.030055775827205974
56704.380619373376,70.89257554512005,0.030139330817290342
56706.886931215544,70.9384401330608,0.03023171487948374
56709.393243057704,70.98311755037867,0.03033175179431581
56711.89955489987,71.02657407487277,0.030438846444442662
56714.40586674203,71.06878203726956,0.03055247018699322
56716.9121785842,71.10971617394534,0.030670647412022495
56719.41849042636,71.14936633936304,0.03078806732237307
56721.92480226852,71.18772452374105,0.030898704515863205
56724.43111411069,71.2247824845108,0.030997465807009177
56726.93742595285,71.26053293047153,0.031080460361111173
56729.443737795016,71.29496885210392,0.03114519320229268
56731.95004963718,71.32808285942883,0.031190646759679527
56734.456361479344,71.35986779774248,0.031217215697082256
56736.962673321505,71.39031824342601,0.03122662649277312
56739.46898516367,71.41943066193744,0.031221906022426627
56741.97529700583,71.44720315193263,0.031207040874377163
56744.481608848,71.473632332345,0.031187231330881117
56746.98792069016,71.4987164338836,0.031168469545224124
56749.49423253233,71.522459275031,0.031156275037349485
56752.00054437449,71.54488398088142,0.03115513598160419
56754.506856216656,71.56602003445732,0.031169363186932704
56757.01316805882,71.58589284709888,0.031201949838618064
56759.51947990098,71.6045303955907,0.031254959852258124
56762.025791743145,71.62196319446957,0.03133052306738346
56764.532103585305,71.63821647320219,0.03143023579546685
56767.03841542747,71.6533024077944,0.03155368327000298
56769.54472726963,71.66723412566353,0.031695649228767324
56772.0510391118,71.68002999035525,0.03184791740888598
56774.55735095396,71.69170987530379,0.03200258392868034
56777.06366279613,71.7022891574743,0.03215255687116736
56779.56997463829,71.71178195337416,0.03229189687262297
56782.07628648046,71.7202019784745,0.03241597682136116
56784.58259832262,71.72756268933881,0.032521584531000056
56787.088910164784,71.73387752617418,0.0326069584554035
56789.595222006945,71.73915997000586,0.03267177717117406
56792.10153384911,71.74342383473413,0.03271688727201114
56794.60784569127,71.74668235364197,0.032744375173731216
56797.11415753344,71.74894334813689,0.03275744904241987
56799.6204693756,71.75020735084036,0.03275994228085219
56802.12678121777,71.75047176738371,0.03275544306243032
56804.63309305993,71.74973490956472,0.03274765629733098
56807.13940490209,71.74800407455768,0.03274071103884161
56809.64571674426,71.7453041106346,0.03273867230455495
56812.15202858642,71.7416629686486,0.03274634311835185
56814.658340428585,71.73711018910399,0.03276837450082454
56817.164652270745,71.73167604540504,0.032808391756758044
56819.67096411291,71.72536872206547,0.03286888899411013
56822.17727595507,71.71817891571845,0.032951782357076846
56824.68358779724,71.71009567505098,0.03305970701182103
56827.1898996394,71.70111872249981,0.03319561845334592
56829.69621148157,71.6912681152171,0.03336189566896533
56832.20252332373,71.68056504437118,0.033561267707846766
56834.7088351659,71.66903036061558,0.03379704993950387
56837.21514700806,71.65668990125414,0.03407229375692808
56839.721458850225,71.64359158219304,0.03438826220142222
56842.227770692385,71.62980468349997,0.03474425796384993
56844.734082534545,71.61540110048372,0.03513944519116074
56847.24039437671,71.60044563887641,0.03557255077108268
56849.74670621887,71.58499072841369,0.03604081880495172
56852.25301806104,71.56909332645591,0.03654078493445267
56854.7593299032,71.55281147896312,0.03706902579019009
56857.26564174537,71.53619608283043,0.037621731107575745
56859.77195358753,71.51931140036322,0.0381939488338272
56862.2782654297,71.50223469350021,0.03877983500947172
56864.78457727186,71.4850448629586,0.03937363912661559
56867.290889114025,71.46781574154738,0.039969775023776556
56869.797200956185,71.45061317074578,0.04056299227981263
56872.30351279835,71.43349875113927,0.041148413933618865
56874.80982464051,71.41653430799488,0.0417217224249681
56877.31613648268,71.3997821296798,0.042279234818880226
56879.82244832484,71.38330006680917,0.04281786331051048
56882.328760167,71.3671452627168,0.043335039707642395
56884.83507200917,71.35137241269695,0.043828520373811526
56887.34138385133,71.33603444410255,0.04429649054058509
56889.8476956935,71.32118430692935,0.044737591383786544
56892.35400753566,71.3068745622877,0.04515033261289229
56894.860319377825,71.29315531050088,0.045532921607227494
56897.366631219986,71.28007276519202,0.04588340761316419
56899.87294306215,71.26766984519782,0.04619969947534572
56902.379254904314,71.25598702265415,0.046479996840243065
56904.88556674648,71.24506276292959,0.04672254693378713
56907.39187858864,71.2349374871701,0.046925257320064584
56909.89819043081,71.22564332868205,0.04708584836746364
56912.40450227297,71.21720274118707,0.04720183212827609
56914.91081411514,71.20963611916522,0.04727104482371252
56917.4171259573,71.202963720978,0.04729180445111139
56919.92343779946,71.19720590178622,0.0472629260039007
56922.429749641626,71.19238276887336,0.04718368010711265
56924.936061483786,71.18851664330577,0.04705357994146505
56927.442373325954,71.18563591653947,0.04687233632720306
56929.948685168114,71.18376976583386,0.04664012843396728
56932.45499701028,71.18294779988355,0.04635757658799807
56934.96130885244,71.1831955415837,0.04602526893188043
56937.46762069461,71.18453588872217,0.04564392347356284
56939.97393253677,71.18699163154815,0.04521453474229918
56942.48024437894,71.19058158068219,0.04473843154881816
56944.9865562211,71.19532299149432,0.044217450035335774
56947.492868063266,71.2012302717485,0.04365382640843375
56949.999179905426,71.2083154895081,0.04305026776363626
56952.50549174759,71.21659012872988,0.04241013433026647
56955.011803589754,71.2260633036567,0.04173718393397734
56957.518115431914,71.23674072795984,0.04103552071410822
56960.02442727408,71.24862785324513,0.04030996059593807
56962.53073911624,71.26173185373773,0.03956582153789962
56965.03705095841,71.27606507480596,0.03880802442319471
56967.54336280057,71.29163654743388,0.03804147138435396
56970.04967464274,71.30844672341482,0.03727107717230349
56972.5559864849,71.32648923504166,0.03650210506470966
56975.062298327066,71.34575312223751,0.03574012106594839
56977.568610169226,71.36622335543507,0.03499129764231128
56980.074922011394,71.38788285596183,0.03426247684470224
56982.581233853554,71.41072685399558,0.033560539555804625
56985.08754569572,71.43476305477816,0.03289192887695211
56987.59385753788,71.46000082808314,0.03226261570876907
56990.10016938005,71.48645101726288,0.031677959365761114
56992.60648122221,71.51413936627796,0.03114139697107724
56995.11279306437,71.54310036631068,0.03065478451981606
56997.61910490654,71.57337077174452,0.03021962334363662
57000.1254167487,71.60498379846103,0.02983599041426046
57002.631728590866,71.63798507495085,0.029501023405465614
57005.13804043303,71.67242552048992,0.0292089414080916
57007.644352275194,71.70835001021624,0.0289539147445103
57010.150664117355,71.74580350070028,0.028730618959143226
57012.65697595952,71.78482717421139,0.0285343068423504
57015.16328780168,71.82545568607748,0.028361019883290664
57017.66959964385,71.86772129693418,0.028208046031882605
57020.17591148601,71.91164607193787,0.02807304523887413
57022.68222332818,71.95724616097868,0.02795419475357233
57025.18853517034,72.00454009740497,0.027850964333196407
57027.694847012506,72.05355436130776,0.02776363266872588
57030.20115885467,72.10431686561788,0.027692118347177632
57032.70747069683,72.156850985848,0.027635231995602937
57035.213782538995,72.21117584221065,0.02759196630045885
57037.720094381155,72.26730912883068,0.027561830165414677
57040.22640622332,72.3252735742135,0.027545354244251054
57042.73271806548,72.3850934044458,0.02754368527627877
57045.23902990765,72.44679881469347,0.027558511260448063
57047.74534174981,72.51042271705955,0.027591998003993888
57050.25165359198,72.57597838040601,0.027645405406567545
57052.75796543414,72.64346660755109,0.02771967670318818
57055.26427727631,72.71290201332886,0.027815861940538443
57057.77058911847,72.78432635066565,0.02793450351496649
57060.276900960635,72.85778708741418,0.028075228818119583
57062.783212802795,72.93330174064613,0.02823651429178624
57065.28952464496,73.01085606752895,0.028416319364099482
57067.79583648712,73.09042966458946,0.028613319587725065
57070.30214832929,73.17200691299513,0.028826902106659776
57072.80846017145,73.25556505759596,0.02905699050872117
57075.31477201362,73.34108120597375,0.029303840199070903
57077.82108385578,73.42854068838642,0.029567012688776304
57080.32739569794,73.51792216475587,0.029846240594896857
57082.83370754011,73.60919866236509,0.030141281880859468
57085.34001938227,73.70234447501207,0.030451587455443033
57087.846331224435,73.79734599955555,0.03077657034754835
57090.352643066595,73.89420487196185,0.03111497118107582
57092.85895490876,73.99291369406274,0.03146473349982312
57095.36526675092,74.09344316611532,0.031823023473317606
57097.87157859309,74.19575591926696,0.032187394986474965
57100.37789043525,74.29981703779777,0.03255606045612944
57102.88420227742,74.40559744036,0.03292784405295442
57105.39051411958,74.51307941050618,0.03330214366976505
57107.89682596174,74.62224402395077,0.033679191040865905
57110.40313780391,74.73307090663002,0.034059561277902065
57112.909449646075,74.84553794987733,0.03444352700882142
57115.415761488235,74.95962462737225,0.03483192962259156
57117.922073330396,75.07531352288788,0.03522627691723837
57120.42838517256,75.1925998928782,0.035627549463738445
57122.93469701472,75.31150425918167,0.03603423049514046
57125.44100885689,75.43206426443066,0.03644371147045204
57127.94732069905,75.5543187991716,0.036853659379176985
57130.45363254122,75.67830568365753,0.0372621400215031
57132.95994438338,75.80407622188795,0.03766673319879905
57135.46625622555,75.93169402098283,0.03806446028446356
57137.97256806771,76.06122444628272,0.03845290695382015
57140.478879909875,76.19273333234014,0.03883035254852639
57142.985191752035,76.3262870098697,0.039194951405578445
57145.4915035942,76.4619636295829,0.039543806960633456
57147.99781543636,76.59985110850539,0.03987405101186536
57150.50412727853,76.74003887781873,0.040183602287408964
57153.01043912069,76.88262152625248,0.04047099842173623
57155.51675096285,77.0277025187388,0.04073513838932557
57158.02306280502,77.17538866901305,0.0409756652267228
57160.52937464718,77.32578823855147,0.04119314516114977
57163.03568648935,77.4790095629869,0.04138914965693778
57165.54199833151,77.63516179204453,0.04156619642994583
57168.048310173675,77.7943562354194,0.04172762250073686
57170.554622015836,77.95670458732639,0.04187772434158755
57173.060933858,78.12231926980894,0.04202169775377738
57175.567245700164,78.29131138231605,0.042165270716037644
57178.07355754233,78.46378761448432,0.04231452439345536
57180.57986938449,78.63985345617402,0.04247613523489317
57183.08618122666,78.81961405230686,0.042657388737225195
57185.59249306882,79.00317341531627,0.04286559759651168
57188.09880491099,79.19063445704523,0.04310784121225343
57190.60511675315,79.38208902924089,0.0433903009575757
57193.11142859531,79.5776017853641,0.043717030247049656
57195.617740437476,79.77723313949537,0.044091245384350476
57198.124052279636,79.9810397150286,0.044515872105327856
57200.630364121804,80.18905493908096,0.044992294797270724
57203.136675963964,80.40127982874401,0.045519260943436245
57205.64298780613,80.6176793948398,0.04609229739294621
57208.14929964829,80.83821183489636,0.046705896313048875
57210.65561149046,81.06283497693948,0.047354730219163234
57213.16192333262,81.2915069219307,0.048033834340241666
57215.66823517479,81.52418658975512,0.04873868632201844
57218.17454701695,81.76083272491815,0.04946527151859099
57220.680858859116,82.00140395743074,0.050210119724608766
57223.187170701276,82.24585926934378,0.050970305755116914
57225.693482543444,82.4941520949942,0.051743264965146384
57228.199794385604,82.74622435116908,0.05252657673084731
57230.706106227764,83.0020163662266,0.053318278159646224
57233.21241806993,83.26146463479381,0.05411649979313889
57235.71872991209,83.52449336345308,0.05491870692991697
57238.22504175426,83.79101436585188,0.055722017995457354
57240.73135359642,84.06093733629677,0.056523874345806226
57243.23766543859,84.33417192078196,0.057322130693580886
57245.74397728075,84.61062733980361,0.058114997878503424
57248.250289122916,84.89020784804597,0.05890079339311787
57250.756600965076,85.17279271990992,0.05967692819343503
57253.262912807244,85.45825048885308,0.06044061498818003
57255.769224649404,85.74644151120447,0.06118897934709431
57258.27553649157,86.03722521453165,0.061919276136707134
57260.78184833373,86.3304616108071,0.06262876674380748
57263.2881601759,86.626009428408,0.0633149579139275
57265.79447201806,86.92372592841275,0.06397565405817997
57268.30078386022,87.22346830344759,0.0646089815486888
57270.80709570239,87.52509379782714,0.06521336356085891
57273.313407544556,87.82845753920265,0.06578712310984533
57275.819719386716,88.13341059605591,0.06632839417213353
57278.32603122888,88.43980360100977,0.06683555469403699
57280.832343071044,88.74748675874434,0.06730722011668556
57283.338654913205,89.05630884575658,0.06774223592901016
57285.84496675537,89.36611714726314,0.06813959554272854
57288.35127859753,89.67675156146288,0.06849778139160984
57290.8575904397,89.98804036108777,0.06881483456603306
57293.36390228186,90.29980972292833,0.06908896848259331
57295.87021412403,90.61188629828393,0.06931863736201836
57298.37652596619,90.9240970860701,0.06950255465453747
57300.882837808356,91.2362695117481,0.06963969304963216
57303.38914965052,91.54823090159334,0.06972928006597812
57305.89546149268,91.85980887711048,0.0697707913266008
57308.401773334845,92.17083196109161,0.06976373989014266
57310.90808517701,92.48112940532155,0.06970770526366776
57313.41439701917,92.7905308327172,0.06960253890872323
57315.92070886133,93.09886616235599,0.06944837329234173
57318.4270207035,93.40596571844071,0.06924563119073401
57320.93333254566,93.71165986382402,0.06899502864583991
57323.43964438783,94.01577895693481,0.06869758410561311
57325.94595622999,94.31815339811146,0.06835460661428083
57328.45226807216,94.61861451924779,0.06796769768241466
57330.95857991432,94.91699475282803,0.06753874913400044
57333.464891756485,95.21312751877122,0.06706993961890854
57335.971203598645,95.50684676575474,0.06656374436120163
57338.47751544081,95.79798652883619,0.06602293176746873
57340.98382728297,96.08638094831258,0.06545039527598626
57343.49013912513,96.37186448299326,0.06484853831440641
57345.9964509673,96.65427143895067,0.06421978431473635
57348.50276280947,96.93343621189706,0.0635668308502198
57351.00907465163,97.20919441897422,0.06289236913413672
57353.51538649379,97.48138294112869,0.0621986593334819
57356.02169833596,97.749837360112,0.06148772575117094
57358.52801017812,98.01439250493422,0.06076181384501497
57361.034322020285,98.27488327096216,0.06002343370584608
57363.540633862445,98.53114000754431,0.059275017768505425
57366.04694570461,98.78298925980926,0.05851901048645899
57368.55325754677,99.03025773609988,0.05775820951288023
57371.05956938894,99.27277280949056,0.056995764362544936
57373.5658812311,99.51036197179928,0.05623519168614777
57376.07219307327,99.74285271158442,0.05548036482885429
57378.57850491543,99.9700743558351,0.054735369811519496
57381.08481675759,100.19186322949827,0.05400367441173615
57383.59112859976,100.40805728593841,0.05328796539097445
57386.097440441925,100.61849557445385,0.052590897946628315
57388.603752284085,100.82301660394296,0.05191531541239766
57391.110064126246,101.02145651099272,0.051263343438823585
57393.61637596841,101.21364959538914,0.05063456988423632
57396.12268781057,101.39943332783878,0.05002763549755566
57398.62899965274,101.57864499324933,0.04944146297774392
57401.1353114949,101.75112239900045,0.04887530419507961
57403.64162333707,101.91671237209812,0.04832812041088235
57406.14793517923,102.07526613143273,0.04779899629420127
57408.6542470214,102.22663508821279,0.04728758933854095
57411.16055886356,102.37067204434425,0.04679418542188474
57413.666870705725,102.50723448512144,0.04631961473882362
57416.173182547886,102.63618077454157,0.0458653546593601
57418.67949439005,102.75736823887564,0.0454336022640842
57421.18580623221,102.87065317924134,0.045027232905838856
57423.69211807438,102.9758978409227,0.044649518387663706
57426.19842991654,103.07298226282,0.044303445132628454
57428.7047417587,103.16180001059547,0.043991875413271916
57431.21105360087,103.24225195229519,0.043718030650217274
57433.71736544303,103.3142433441244,0.04348546851744413
57436.2236772852,103.37770048645325,0.043297064507122944
57438.72998912736,103.4325692364946,0.04315510580307248
57441.236300969525,103.47880473395344,0.04306181087101658
57443.742612811686,103.51636475214036,0.0430193209423952
57446.24892465385,103.54523980629165,0.043028015670384716
57448.755236496014,103.56549030856695,0.043084670924589494
57451.26154833818,103.57722204178572,0.04318394501178747
57453.76786018034,103.580550868297,0.04332021876006021
57456.27417202251,103.57560935686342,0.043487425090797796
57458.78048386467,103.5625540795736,0.04367832753463485
57461.28679570684,103.54154956014827,0.043885473276465616
57463.793107549,103.51276268647052,0.04410192419859544
57466.29941939116,103.47636954532936,0.044321226880718816
57468.805731233326,103.43255146080628,0.044537439038293776
57471.312043075486,103.38149532303214,0.04474516771087928
57473.818354917654,103.32339001307264,0.044939728715942734
57476.324666759814,103.25842316774651,0.04511717979501851
57478.83097860198,103.18678218941204,0.04527409497491694
57481.33729044414,103.1086642970331,0.04540707427133262
57483.84360228631,103.02427051356062,0.045513076715618724
57486.34991412847,102.9338017613627,0.04558966965932605
57488.85622597064,102.83746004570276,0.04563473774749144
57491.3625378128,102.73545222682878,0.045646338811922
57493.868849654966,102.62798880599439,0.04562318312692416
57496.375161497126,102.51528161414899,0.04556480236069208
57498.881473339294,102.39754298864864,0.04547159791736099
57501.387785181454,102.27498579770327,0.04534484419112178
57503.894097023614,102.1478234862443,0.04518669402909229
57506.40040886578,102.01626844867133,0.04500011619415045
57508.90672070794,101.88053184258752,0.04478884328360805
57511.41303255011,101.74082287331112,0.04455739209164868
57513.91934439227,101.5973505731672,0.04431110624792114
57516.42565623444,101.45032449648716,0.0440561050575524
57518.9319680766,101.29995395848528,0.04379903556482796
57521.438279918766,101.14644780522212,0.04354664331680872
57523.94459176093,100.99001262686215,0.04330620971345704
57526.450903603094,100.83085341751575,0.04308543001851298
57528.957215445254,100.66916802059859,0.042890761745678435
57531.46352728742,100.50514432741329,0.042727717825089294
57533.96983912958,100.33896558918059,0.04260197858141581
57536.47615097175,100.17081142775714,0.04251906556395325
57538.98246281391,100.00084263668396,0.04248288196171039
57541.48877465607,99.82919871038757,0.04249366141073269
57543.99508649824,99.65600862912834,0.042549797006470116
57546.501398340406,99.48139941249974,0.04264972144835951
57549.00771018257,99.3054954217514,0.042791861237048805
57551.51402202473,99.12840917066205,0.04297388124793157
57554.020333866894,98.95024833036587,0.04319294536522632
57556.526645709055,98.7711205027299,0.043446442356590856
57559.03295755122,98.59113319788594,0.043731516504946076
57561.53926939338,98.41039187356364,0.04404495343412154
57564.04558123555,98.22899426950607,0.04438357105053441
57566.55189307771,98.04703457793221,0.04474449612391115
57569.05820491988,97.86461012449581,0.04512489955057642
57571.56451676204,97.68182437308133,0.04552103197986748
57574.070828604206,97.49876519304235,0.04592767532530472
57576.57714044637,97.31550992035773,0.046339483190492234
57579.08345228853,97.1321356910048,0.046751638852944324
57581.589764130695,96.94871966878418,0.04715976001542714
57584.09607597286,96.76533628650941,0.047559663663474576
57586.60238781502,96.58206024055835,0.04794725497715903
57589.10869965718,96.39896730519831,0.0483185750105476
57591.61501149935,96.21613341616467,0.04867022682478563
57594.12132334151,96.03363669686951,0.048999257700159164
57596.62763518368,95.85155649005901,0.049303066727500185
57599.13394702584,95.66997149179224,0.04957952212500748
57601.64025886801,95.488960456918,0.049827073661833976
57604.14657071017,95.30860021547414,0.05004452890877717
57606.652882552335,95.128970307298,0.05023100565406707
57609.159194394495,94.95015144196805,0.05038596381219674
57611.66550623666,94.77221281989478,0.050508868198446334
57614.17181807882,94.5952164856717,0.05059942535095512
57616.67812992098,94.419219895266,0.050657681416422115
57619.18444176315,94.24427835497772,0.050684054276064455
57621.69075360532,94.07044692954514,0.050679451350987295
57624.19706544748,93.89778099424439,0.05064526569578901
57626.70337728964,93.72633498767391,0.050583368445358046
57629.20968913181,93.55616239714436,0.050495968360978194
57631.71600097397,93.3873110950226,0.050385027135278385
57634.222312816135,93.2198216721008,0.05025237920456503
57636.728624658295,93.05372311142855,0.050099417886342895
57639.23493650046,92.88903781876434,0.049927455480948915
57641.74124834262,92.72577942943826,0.04973776508823102
57644.24756018479,92.5639551545828,0.04953160042863296
57646.75387202695,92.40356934716692,0.04931030978831012
57649.26018386912,92.24462269939613,0.04907527003525575
57651.76649571128,92.08711134099576,0.048827842109948484
57654.27280755344,91.93102778948378,0.04856962550497785
57656.77911939561,91.77636174154759,0.04830244182024265
57659.285431237775,91.62310294902272,0.048028479459384675
57661.791743079935,91.47124362117546,0.047750177802968814
57664.298054922096,91.32078232633557,0.047469580595347796
57666.80436676426,91.1717184364552,0.047188286573588076
57669.31067860642,91.02405102091143,0.04690721710499553
57671.81699044859,90.87777180277408,0.0466267783164314
57674.32330229075,90.73287467346836,0.046347209652608155
57676.82961413292,90.58936041774655,0.04606804116904711
57679.33592597508,90.44722894449296,0.04578868074132085
57681.84223781725,90.30647997622418,0.04550859790258148
57684.34854965941,90.16711352644143,0.04522708602570002
57686.854861501575,90.02912933076732,0.04494368092282597
57689.361173343736,89.89252131359535,0.04465781857244912
57691.8674851859,89.75727454439038,0.04436826575124868
57694.37379702806,89.62336836813483,0.04407316338477085
57696.88010887023,89.49077729132841,0.04377039084182912
57699.38642071239,89.35947333427612,0.04345812832629678
57701.89273255455,89.2294297372282,0.04313498010006031
57704.39904439672,89.10062385964557,0.042799703143775965
57706.90535623888,88.97303344178363,0.042451189400406916
57709.41166808105,88.84663855141844,0.042088213594817826
57711.91797992321,88.72142123673984,0.04170944596231401
57714.424291765376,88.5973663636687,0.04131356115137514
57716.930603607536,88.4744608389592,0.04089967028115813
57719.4369154497,88.35269178112503,0.04046744320406267
57721.943227291864,88.23203443002421,0.04001652475069289
57724.44953913403,88.1124551910907,0.03954667267521612
57726.95585097619,87.99391996336635,0.03905836860192987
57729.46216281836,87.8763952695299,0.03855289322803227
57731.96847466052,87.75984852493275,0.03803215715532108
57734.47478650269,87.6442444944405,0.03749858443954855
57736.98109834485,87.52953890443314,0.03695481490467902
57739.48741018701,87.41568765998818,0.03640362922185938
57741.993722029176,87.30264271888882,0.03584808266185604
57744.500033871336,87.19034256087616,0.03529135527961362
57747.006345713504,87.07872031896841,0.03473680421697421
57749.512657555664,86.96770716644824,0.034188075456977905
57752.01896939783,86.85723742021946,0.03364952194743976
57754.52528123999,86.74725291226059,0.03312590464045451
57757.03159308216,86.63769801799208,0.03262199520393968
57759.53790492432,86.52850883465726,0.03214168053573411
57762.04421676649,86.41962018585764,0.0316881406352129
57764.55052860865,86.310955992667,0.03126401994459248
57767.056840450816,86.20243438682519,0.030871180658587283
57769.563152292976,86.09398566232994,0.030509198884315008
57772.069464135144,85.98554760287516,0.03017556582912043
57774.575775977304,85.87704380194191,0.0298661831508621
57777.082087819465,85.76839050848503,0.02957664921036906
57779.58839966163,85.65950528834946,0.029303358588832012
57782.09471150379,85.55030512844678,0.029043591132560585
57784.60102334596,85.44070718903095,0.02879547343900732
57787.10733518812,85.33063987235073,0.028557583552186832
57789.61364703029,85.2200349237537,0.02832881589856492
57792.11995887245,85.1088232799666,0.028108661532804762
57794.626270714616,84.99694069341058,0.027897593473029114
57797.13258255678,84.88434047898045,0.027696964653672544
57799.638894398944,84.77099563696538,0.027508401583538976
57802.145206241104,84.65689703267708,0.027332885787030803
57804.65151808327,84.54203824314754,0.027171069804254717
57807.15782992543,84.4264242706704,0.027023937851006135
57809.6641417676,84.31007619178854,0.026892556641401624
57812.17045360976,84.19302357421839,0.026778367236603626
57814.67676545192,84.07529745582724,0.026682540405555937
57817.18307729409,83.9569421132328,0.026604680058744952
57819.689389136256,83.83802085032221,0.026543758294426317
57822.19570097842,83.71861047088169,0.026499358129542152
57824.70201282058,83.59879874321632,0.02647149702600971
57827.208324662744,83.47867410688195,0.026459292349292108
57829.714636504905,83.35833080718294,0.02645982277428558
57832.22094834707,83.23786202445626,0.02646987090601759
57834.72726018923,83.11736017081421,0.026486601504413558
57837.2335720314,82.99692635983229,0.026508019929420097
57839.73988387356,82.87667393521406,0.026533124823666494
57842.24619571573,82.75673818518408,0.026561491931783053
57844.75250755789,82.63727049785666,0.026593780344699516
57847.25881940006,82.518428028794,0.026632178220439607
57849.76513124222,82.40036734729074,0.026679959547628654
57852.27144308438,82.28325844788924,0.02674012105230134
57854.777754926545,82.16728832433,0.026815255841476045
57857.28406676871,82.05264746933244,0.026908765427139422
57859.79037861087,81.93952736980282,0.027024616927691675
57862.29669045303,81.82811678480357,0.027167061115337576
57864.8030022952,81.71860109269619,0.0273408397531211
57867.30931413736,81.61115447967313,0.027550696643731096
57869.81562597953,81.50594008853659,0.027800675796070543
57872.32193782169,81.40311929374002,0.028094701567878744
57874.82824966386,81.30286121927202,0.028436160863181098
57877.33456150602,81.20530542358756,0.02882673585236948
57879.840873348185,81.11052962987742,0.029264636281320547
57882.347185190345,81.01856084726751,0.029745503455681117
57884.85349703251,80.92941141178017,0.030264940950264902
57887.35980887467,80.84309108721209,0.03081890450783268
57889.86612071683,80.7596133910265,0.03140328323967624
57892.372432559,80.67899315775139,0.032013855303887145
57894.87874440117,80.60124114682549,0.0326468667069713
57897.38505624333,80.52636839034312,0.03329965889780224
57899.89136808549,80.4543847359455,0.033970373201030545
57902.39767992766,80.38528690465319,0.03465789570193247
57904.90399176982,80.31906078002066,0.035362095251255506
57907.410303611985,80.25568709202344,0.036083846202949535
57909.916615454145,80.1951405845466,0.036824376586250776
57912.42292729631,80.13739189202897,0.0375842432099873
57914.92923913847,80.0823945669108,0.038363543854817266
57917.43555098064,80.03009562997613,0.03916284704244298
57919.9418628228,79.980444313318,0.03998323583616573
57922.44817466497,79.93339343369007,0.04082622716056898
57924.95448650713,79.88888299220707,0.04169293886831033
57927.46079834929,79.84682684438303,0.04258346024469812
57929.96711019146,79.80713796999771,0.04349727462123401
57932.473422033625,79.76973924646154,0.04443363145447609
57934.979733875785,79.73455830616876,0.04539180462458025
57937.486045717946,79.7015212115366,0.046370324153945326
57939.99235756011,79.6705490933964,0.04736619971860541
57942.498669402274,79.64155624480918,0.04837513730230972
57945.00498124444,79.61445336451288,0.049392843520383665
57947.5112930866,79.58915203926153,0.05041540034333138
57950.01760492877,79.56556518923026,0.05143918757337616
57952.52391677093,79.54361213941593,0.05246059890309395
57955.0302286131,79.52321648329962,0.05347628307738965
57957.53654045526,79.50430079433136,0.054483272439462056
57960.042852297425,79.48678798810579,0.05547899208511924
57962.549164139586,79.47060354822315,0.0564610726577123
57965.05547598175,79.4556765158195,0.05742731722222951
57967.56178782391,79.44194148207316,0.058375787215178165
57970.06809966608,79.42934037611121,0.059304602081574155
57972.57441150824,79.41782308625989,0.06021172054969682
57975.0807233504,79.40734385926044,0.06109497325860308
57977.58703519257,79.39785626507364,0.061952285019379764
57980.09334703473,79.38931620173389,0.06278180867533366
57982.5996588769,79.38168290938484,0.06358192378008269
57985.10597071906,79.3749137421255,0.06435117322620387
57987.612282561226,79.36896052904194,0.065088110599562
57990.118594403386,79.36377509182785,0.06579147838414781
57992.62490624555,79.35931080102455,0.06646022221982277
57995.131218087714,79.35552200267557,0.06709347658958184
57997.63752992988,79.35236325027654,0.06769056413275476
58000.14384177204,79.3497906064731,0.0682509551649251
58002.65015361421,79.34775992500363,0.06877432526667042
58005.15646545637,79.34622615249828,0.06926056322418665
58007.66277729854,79.34514491673326,0.06970972503701939
58010.1690891407,79.34447285323404,0.0701220164261694
58012.67540098286,79.3441676456132,0.07049776539929274
58015.181712825026,79.34418819221901,0.07083747442974969
58017.688024667186,79.34449457051232,0.07114182378209108
58020.194336509354,79.34505177012761,0.07141156331625646
58022.700648351514,79.3458315845055,0.07164747086813159
58025.20696019368,79.34680823149392,0.07185039065686528
58027.71327203584,79.3479544937145,0.0720211695351907
58030.21958387801,79.34923981840257,0.07216039480991196
58032.72589572017,79.35063281157636,0.07226858978729427
58035.23220756234,79.35210504935822,0.07234629290657121
58037.7385194045,79.35362902726047,0.0723941369731386
58040.244831246666,79.35517658671597,0.07241287161009682
58042.751143088826,79.35672055985196,0.0724033571540831
58045.257454930994,79.35823624234763,0.07236653931985439
58047.763766773154,79.35970082427957,0.07230347157455981
58050.270078615315,79.36109057918657,0.07221492894825457
58052.77639045748,79.36238006400527,0.0721014238319243
58055.28270229964,79.36354426067555,0.07196326780934713
58057.78901414181,79.36455990036484,0.07180079657787149
58060.29532598397,79.36540509492625,0.07161449337395424
58062.80163782614,79.36606165638659,0.07140490125548528
58065.3079496683,79.36651296055061,0.0711725530730545
58067.814261510466,79.36674301090534,0.07091803577121236
58070.32057335263,79.36673571541905,0.07064204671379734
58072.826885194794,79.36647484684363,0.0703454196285399
58075.333197036955,79.36594335219706,0.07002909873907841
58077.83950887912,79.36512374461745,0.06969396575258287
58080.34582072128,79.36400071354001,0.06934087707456188
58082.85213256345,79.36255498681567,0.06897057805723193
58085.35844440561,79.36076478983159,0.06858378453258095
58087.86475624777,79.35861085052602,0.06818129546380924
58090.37106808994,79.35607759151026,0.06776391617658623
58092.877379932106,79.35314976755762,0.06733215497553585
58095.38369177427,79.34981152173714,0.06688574890579009
58097.89000361643,79.34604341344675,0.06642397168403658
58100.396315458594,79.34182636905462,0.06594610328702726
58102.902627300755,79.33714384562336,0.0654514592585451
58105.40893914292,79.3319821911573,0.06493901400499631
58107.91525098508,79.32632698146335,0.06440760135015035
58110.42156282725,79.32016426291375,0.06385615064150209
58112.92787466941,79.31348285851709,0.06328383996125939
58115.43418651158,79.30627442682453,0.0626900805344097
58117.94049835374,79.29853106921655,0.06207458241535062
58120.44681019591,79.2902448384848,0.061437369716479374
58122.95312203807,79.2814072090332,0.06077874933388454
58125.45943388023,79.27201018924825,0.0600993700173119
58127.965745722395,79.2620449756796,0.059400222698664004
58130.47205756456,79.25150475404007,0.058682621990667955
58132.97836940672,79.2403853161668,0.057948197269092026
58135.48468124888,79.22868278584428,0.05719901319392914
58137.99099309105,79.21639384199648,0.05643763787851073
58140.49730493321,79.20351700157335,0.05566706772227783
58143.00361677538,79.19005291416761,0.05489065931307347
58145.50992861754,79.17600286955076,0.054112015293741086
58148.01624045971,79.16136546488997,0.053335030231780024
58150.52255230187,79.14613827790163,0.052564083351644794
58153.028864144035,79.13031586166471,0.051804024302964075
58155.535175986195,79.11389249186323,0.051060165088346945
58158.04148782836,79.09686056546343,0.050338123923738126
58160.54779967052,79.07921107494622,0.04964365927544075
58163.05411151268,79.06093474815134,0.04898280138310381
58165.56042335485,79.04202379022172,0.048361820716299166
58168.06673519702,79.0224724710024,0.04778658096129065
58170.57304703918,79.0022804247019,0.047262484991091654
58173.07935888134,78.98144714437876,0.04679442772214247
58175.58567072351,78.95997542628902,0.04638607288310152
58178.09198256567,78.93788546801079,0.046038954625976
58180.598294407835,78.91520603431854,0.04575357526625051
58183.104606249995,78.89196866442217,0.045529617705915015
58185.61091809216,78.86821076978231,0.045365329210421544
58188.11722993432,78.84396949852817,0.04525660719035952
58190.62354177649,78.81928148953011,0.04519784606716373
58193.12985361865,78.79418266157154,0.045183336909628134
58195.63616546082,78.76870653452352,0.045207499783803104
58198.14247730298,78.74288433801848,0.045264815487150466
58200.64878914514,78.71674728748621,0.04534972486753464
58203.15510098731,78.69032792927464,0.04545713404432179
58205.661412829475,78.66365935269278,0.04558254492726219
58208.167724671635,78.63677474483848,0.04572203863228731
58210.674036513796,78.60970457270741,0.045872346229352066
58213.18034835596,78.58247502279119,0.04603055359918883
58215.686660198124,78.55511008185567,0.04619399056792248
58218.19297204029,78.52763710904401,0.04636037130945643
58220.69928388245,78.50009099801537,0.04652711823494312
58223.20559572462,78.47251243150095,0.04669143989996527
58225.71190756678,78.4449478861643,0.046850663866324804
58228.21821940895,78.41744990000734,0.04700230369839009
58230.72453125111,78.3900736401556,0.047144416935914986
58233.230843093275,78.36287655332126,0.047275404265039574
58235.737154935436,78.33592474041507,0.04739365210951038
58238.2434667776,78.30928620125633,0.04749806244673901
58240.749778619764,78.28302877256647,0.047588258347349664
58243.25609046193,78.25721898546908,0.04766451576040749
58245.76240230409,78.23191714647692,0.047727534696668655
58248.26871414625,78.20718275522813,0.04777853408181882
58250.77502598842,78.18307550653117,0.0478192718826144
58253.28133783058,78.15964962122962,0.04785174394006255
58255.78764967275,78.136946922692,0.047877329407586426
58258.29396151491,78.11499981873203,0.04789734858450954
58260.800273357076,78.09383895105566,0.047913622227071885
58263.306585199236,78.07349092494678,0.047928316241895086
58265.8128970414,78.05396414092684,0.047942690384594186
58268.319208883564,78.03525456623902,0.04795696965495727
58270.82552072573,78.01735479870695,0.04797168347564581
58273.33183256789,78.00025645652204,0.047988070860380504
58275.83814441006,77.9839501134702,0.04800811617607346
58278.34445625222,77.96842461035703,0.04803446655295775
58280.85076809439,77.9536645290209,0.04807032676738922
58283.35707993655,77.93965083896182,0.048119589016874166
58285.86339177871,77.926362602273,0.048186903726143565
58288.369703620876,77.913774655608,0.048277497842455434
58290.876015463036,77.90185749449302,0.04839709759711105
58293.382327305204,77.89058100670809,0.048551943411392504
58295.888639147364,77.87991327309282,0.048748610359634605
58298.39495098953,77.86981677246513,0.048993312280436546
58300.90126283169,77.8602522702422,0.04929164886583841
58303.40757467386,77.8511813916266,0.049648994341994136
58305.91388651602,77.84256957759499,0.05006992514926205
58308.42019835819,77.83438757577096,0.05055682429192646
58310.92651020035,77.8266105587536,0.051110982615190065
58313.432822042516,77.8192125603673,0.05173349711114256
58315.939133884676,77.81216497375863,0.05242508408597692
58318.445445726844,77.80544327344978,0.05318411340325561
58320.951757569004,77.79902978602331,0.054005891270831004
58323.458069411165,77.79290511069121,0.054885137530370984
58325.96438125333,77.78704928362276,0.05581671652314498
58328.47069309549,77.78144223277923,0.056795707952586864
58330.97700493766,77.77606800582726,0.05781731821354068
58333.48331677982,77.77091213158565,0.05887707032383844
58335.98962862199,77.76595965831075,0.05997088706304505
58338.49594046415,77.76119431693223,0.06109504818174225
58341.002252306316,77.75659943249775,0.06224603926576014
58343.50856414848,77.7521591836412,0.06342046487054463
58346.014875990644,77.7478577299189,0.06461524417335801
58348.521187832805,77.74368121128646,0.06582755365021314
58351.02749967497,77.73961529516964,0.06705414998442559
58353.53381151713,77.73564093688037,0.06829090053989287
58356.0401233593,77.73173964605667,0.06953367043963786
58358.54643520146,77.72789303711033,0.07077862030342565
58361.05274704362,77.72408252823516,0.0720222394629183
58363.55905888579,77.72028827902977,0.07326114080008178
58366.065370727956,77.71648772826302,0.07449156188303037
58368.57168257012,77.71265842596767,0.0757098787575097
58371.07799441228,77.7087807613425,0.07691271930772477
58373.584306254445,77.7048383205547,0.07809695982000045
58376.090618096605,77.70081592659699,0.07925974984564588
58378.59692993877,77.69669845263707,0.08039853506851805
58381.10324178093,77.69247113668825,0.08151103871114836
58383.6095536231,77.68811947084032,0.08259526039725362
58386.11586546526,77.68362895215978,0.08364946390375919
58388.62217730743,77.67898506691563,0.08467217233973218
58391.12848914959,77.6741727264889,0.08566212198667668
58393.63480099176,77.66917673550779,0.08661817593224995
58396.14111283392,77.66398211556952,0.08753935392859988
58398.64742467608,77.65857280156342,0.0884248403295741
58401.153736518245,77.65293168181961,0.08927397603586197
58403.66004836041,77.64704358739255,0.09008623980275254
58406.16636020257,77.64089530134515,0.09086126351723828
58408.67267204473,77.63447375918622,0.09159885659157806
58411.1789838869,77.62776589153509,0.0922990125523749
58413.68529572906,77.62075832636037,0.0929618903896698
58416.19160757123,77.61343736501294,0.09358778739687128
58418.69791941339,77.60579223689274,0.09417692343609897
58421.20423125556,77.59781486568681,0.09472944932256216
58423.71054309772,77.58949675754411,0.09524562478969625
58426.216854939885,77.5808289906272,0.09572579894130621
58428.723166782045,77.57180277322186,0.09617044140228939
58431.22947862421,77.5624093147344,0.09658015495009471
58433.73579046637,77.55263982410543,0.09695565923897362
58436.24210230853,77.54248556771199,0.09729779188023435
58438.7484141507,77.53194181925483,0.09760725671621608
58441.25472599287,77.5210102186611,0.09788443341497541
58443.76103783503,77.50969518181955,0.09812952204985664
58446.26734967719,77.4980035990302,0.0983426469234141
58448.77366151936,77.48594248901645,0.09852402026474473
58451.27997336152,77.4735192599037,0.09867385985297081
58453.786285203685,77.46074192491506,0.09879218489870735
58456.292597045845,77.44761607551482,0.0988788422896212
58458.79890888801,77.43414479653802,0.09893340050918087
58461.30522073017,77.42033080291003,0.09895544159926996
58463.81153257234,77.40617680909781,0.09894465292056487
58466.3178444145,77.39168552910996,0.09890083292227515
58468.82415625667,77.37685963605873,0.09882387481958105
58471.33046809883,77.36170057737218,0.09871351007902876
58473.836779941,77.34620769472713,0.09856920950114738
58476.34309178316,77.3303795318916,0.09839050983448878
58478.849403625325,77.31421461177524,0.09817706609146869
58481.355715467485,77.29771153438412,0.09792863813187506
58483.862027309646,77.28086955158392,0.09764492460571522
58486.36833915181,77.2636882485823,0.09732566897373068
58488.874650993974,77.2461672128369,0.09697075892727952
58491.38096283614,77.22830637700827,0.09658020378778834
58493.8872746783,77.21010901965928,0.09615386904776299
58496.39358652047,77.19158046595112,0.095691634664397
58498.89989836263,77.17272608222265,0.09519355889730635
58501.4062102048,77.15355123445624,0.09465988702015712
58503.91252204696,77.13406128789939,0.0940910593148452
58506.418833889125,77.1142615446588,0.09348771205688991
58508.925145731286,77.09415716099465,0.09285069417287861
58511.43145757345,77.07375331219373,0.09218106296809914
58513.937769415614,77.05305550812045,0.09148009005516923
58516.44408125778,77.03206951394532,0.09074925086628644
58518.95039309994,77.01080111358169,0.08999025969739446
58521.4567049421,76.98925609052094,0.08920509391052975
58523.96301678427,76.96744023438805,0.08839598790197752
58526.46932862643,76.9453595442319,0.08756544791713981
58528.9756404686,76.9230202683757,0.08671625067220201
58531.48195231076,76.90042861719849,0.08585145204516088
58533.988264152926,76.8775903981441,0.08497437634719603
58536.494575995086,76.85451114080206,0.08408861176764468
58539.000887837254,76.8311963560991,0.08319802768554047
58541.507199679414,76.80765155467088,0.08230677934736062
58544.01351152158,76.78388224688388,0.08141929857994569
58546.51982336374,76.7598940141761,0.0805402792811169
58549.02613520591,76.73569264564867,0.07967465510591946
58551.53244704807,76.711283967903,0.07882758847887596
58554.03875889024,76.68667388005997,0.078004418667157
58556.5450707324,76.66186950462725,0.07721052264647646
58559.05138257456,76.63687770340766,0.07645122910556632
58561.557694416726,76.61170388122264,0.07573186464097674
58564.06400625889,76.58635392106953,0.07505722171394813
58566.570318101054,76.56084236799506,0.07443028283106513
58569.076629943214,76.53518736985279,0.07385294004888826
58571.58294178538,76.50940641289344,0.0733268090670095
58574.08925362754,76.48351493036898,0.07285275769612447
58576.59556546971,76.45752520702081,0.07242946195564859
58579.10187731187,76.43145115641528,0.07205298967133944
58581.60818915404,76.40530805682647,0.07171875660825837
58584.1145009962,76.37911122990772,0.07142210714251125
58586.620812838366,76.3528765810479,0.07115838999307977
58589.127124680526,76.32662341927062,0.07092283467846928
58591.633436522694,76.3003716126259,0.0707107243284634
58594.139748364854,76.27414028713247,0.07051751460314466
58596.646060207015,76.24794853731873,0.07033888969151762
58599.15237204918,76.22181558876764,0.07017075280078228
58601.65868389134,76.19576046612929,0.07000921721631069
58604.16499573351,76.16980159041123,0.06985062451030154
58606.67130757567,76.14395708254597,0.06969154925330513
58609.17761941784,76.1182424488361,0.06952847184202487
58611.68393126,76.09266870465945,0.06935769208131816
58614.190243102166,76.06724692796706,0.06917575151187684
58616.69655494433,76.04198766342597,0.06897953796856142
58619.202866786494,76.01690085859445,0.0687663316901886
58621.709178628655,75.99199698063603,0.06853369967572501
58624.21549047082,75.96728900895687,0.06827917994162144
58626.72180231298,75.9427906521596,0.0680006115474312
58629.22811415515,75.91851561918156,0.06769625754101273
58631.73442599731,75.89447770983679,0.0673647645270858
58634.24073783947,75.87069140034146,0.0670049496821079
58636.74704968164,75.84717147157062,0.06661595351491302
58639.253361523806,75.82393221322855,0.06619733547788302
58641.75967336597,75.800985363996,0.0657490472690239
58644.26598520813,75.77834261355747,0.0652714089150837
58646.772297050295,75.75601591353188,0.06476514133713618
58649.278608892455,75.73401684603596,0.06423141693348716
58651.78492073462,75.7123569684336,0.06367186208421868
58654.29123257678,75.69104730286926,0.06308854408947528
58656.79754441895,75.67009655722359,0.062483928919526414
58659.30385626111,75.64951281537651,0.061860918270842016
58661.81016810328,75.62930400906043,0.06122281022765253
58664.31647994544,75.60947275615035,0.06057260157432245
58666.82279178761,75.59001507369248,0.05991287623009463
58669.32910362977,75.57092652257415,0.05924660784908287
58671.83541547193,75.55220255007589,0.05857719569707131
58674.341727314095,75.53383748755732,0.057908453927781545
58676.84803915626,75.51582392289129,0.05724453273044633
58679.35435099842,75.49815301077615,0.056589896993149556
58681.86066284058,75.48081552391523,0.05594936030016363
58684.36697468275,75.46380355790097,0.055327510294273664
58686.87328652491,75.44711304599696,0.054727595650664256
58689.37959836708,75.43074279253051,0.054152054172170665
58691.88591020924,75.41469297157528,0.05360311437626045
58694.39222205141,75.3989658980754,0.05308281575937265
58696.89853389357,75.38356058939826,0.05259262855615384
58699.404845735735,75.3684678895952,0.052133692363767456
58701.911157577895,75.35367558029247,0.05170712030441243
58704.41746942006,75.33916816223064,0.05131356420266746
58706.92378126222,75.32492725193151,0.050953526919375595
58709.43009310438,75.31093441019766,0.05062748928727919
58711.93640494655,75.29717271713889,0.050335763411090764
58714.44271678872,75.28362715913681,0.05007846505355429
58716.94902863088,75.27028282219544,0.04985492843396026
58719.45534047304,75.25711616454646,0.04966352898886261
58721.96165231521,75.24409492628183,0.04950223747673826
58724.46796415737,75.23118642158806,0.04936900652611491
58726.974275999535,75.21836276448448,0.049261272658301505
58729.480587841696,75.20560216860031,0.049175507803594413
58731.98689968386,75.19288301983033,0.04910704644841287
58734.49321152602,75.18018504467909,0.04905049436563482
58736.99952336819,75.16748950684268,0.04900048648987233
58739.50583521035,75.1547840514686,0.048951027531562254
58742.01214705252,75.14206299473881,0.04889570643431719
58744.51845889468,75.12932138841461,0.04882852083610111
58747.02477073685,75.11655609025183,0.04874383332207112
58749.53108257901,75.10376901641212,0.04863602877796657
58752.037394421175,75.09096429652709,0.04849987036695817
58754.543706263335,75.07815158364247,0.04833034350611063
58757.050018105496,75.06534431158798,0.04812269356138389
58759.55632994766,75.05255733427475,0.04787262136666037
58762.062641789824,75.03980745049194,0.04757610328103164
58764.56895363199,75.02711190155242,0.04722960941860234
58767.07526547415,75.01448778956546,0.04683032038476184
58769.58157731632,75.00195131098735,0.046376155064920765
58772.08788915848,74.98951825519907,0.04586580527888897
58774.59420100065,74.97720440971898,0.04529876096223207
58777.10051284281,74.96502556244377,0.04467535865807959
58779.606824684975,74.95299750106642,0.04399680174254333
58782.113136527136,74.94113601368736,0.043265237001300055
58784.6194483693,74.92945688811596,0.04248377691314231
58787.125760211464,74.91797511730692,0.041656594330344916
58789.63207205363,74.90670042767306,0.04078890436748821
58792.13838389579,74.89563893431477,0.039887091130178735
58794.64469573795,74.88479512139384,0.03895880842160174
58797.15100758012,74.87417256575196,0.03801310080782731
58799.65731942228,74.86377354427532,0.03706047149926946
58802.16363126445,74.8536014447127,0.03611248773517733
58804.66994310661,74.84366023601251,0.035181532732598476
58807.176254948776,74.83395308212494,0.03428116715641669
58809.682566790936,74.8244844827932,0.033426107234047917
58812.188878633104,74.81526008900619,0.03262988722455791
58814.695190475264,74.8062827083013,0.031905378599500225
58817.20150231743,74.79755368311453,0.031266727991582394
58819.70781415959,74.78907494926534,0.03072882876771767
58822.21412600176,74.78084268439125,0.03030488874604209
58824.72043784392,74.77284887744463,0.0300037430174453
58827.22674968609,74.76508808601648,0.029832756703643916
58829.73306152825,74.7575553911156,0.029799347954137273
58832.23937337041,74.75025432262919,0.029910473919420984
58834.745685212576,74.7431946862489,0.030170989596412637
58837.25199705474,74.7363862193888,0.03058433385701201
58839.758308896904,74.72983897886297,0.031153234394985605
58842.264620739064,74.72355517231335,0.03187762516526643
58844.77093258123,74.71753616995557,0.032753573860333396
58847.27724442339,74.71178001805674,0.033773861047977305
58849.78355626556,74.70628410653444,0.0349307907358108
58852.28986810772,74.70105350920858,0.036216032584217996
58854.79617994989,74.69610365418339,0.03761897156668042
58857.30249179205,74.69143481533683,0.039127771914245144
58859.808803634216,74.68704932044784,0.040731438071239634
58862.31511547638,74.6829511435717,0.04242032943084531
58864.821427318544,74.6791442901449,0.04418621617296775
58867.327739160704,74.67563473549671,0.04602199617901084
58869.834051002865,74.67243434698321,0.04792123255189483
58872.34036284503,74.66955693997443,0.049878422092682916
58874.84667468719,74.66701687156092,0.051888858872413034
58877.35298652936,74.66482417784573,0.05394721486855445
58879.85929837152,74.66298162240128,0.05604690917349745
58882.36561021369,74.66149347957071,0.05818152799959634
58884.87192205585,74.66036328408518,0.06034509071481263
58887.378233898016,74.65959082205245,0.06253166232444729
58889.88454574018,74.65917615943181,0.06473539717666485
58892.390857582344,74.65912110435602,0.06695045736366331
58894.897169424505,74.65942785042353,0.06917136472485264
58897.40348126667,74.66009859161204,0.07139306189457703
58899.90979310883,74.66113552237948,0.07361090381167024
58902.416104951,74.66254083752938,0.07582060207707457
58904.92241679316,74.66431673240731,0.07801823071957986
58907.42872863532,74.6664654026863,0.08020016383605887
58909.93504047749,74.6689888144374,0.08236308181636781
58912.441352319656,74.67188755395432,0.08450392442302646
58914.94766416182,74.67516169544137,0.08661988418667613
58917.45397600398,74.6788113126795,0.08870838752348886
58919.960287846145,74.68283647988596,0.09076708193791683
58922.466599688305,74.68723727171664,0.09279382218797388
58924.97291153047,74.69201376326373,0.09478665143019006
58927.47922337263,74.69716603005645,0.09674380287231016
58929.9855352148,74.70269414806171,0.09866367064316149
58932.49184705696,74.70859819751604,0.10054481359557138
58934.99815889913,74.71487859353601,0.1023859228651911
58937.50447074129,74.72153634126516,0.10418579808051916
58940.01078258346,74.7285725063557,0.10594337274352968
58942.51709442562,74.73598815490004,0.10765771231962212
58945.02340626778,74.74378435341896,0.10932800634154699
58947.529718109945,74.7519621688889,0.11095356275441344
58950.03602995211,74.76052266872921,0.11253380627475865
58952.54234179427,74.7694669208031,0.11406827024563296
58955.04865363643,74.7787959934185,0.11555659482405155
58957.5549654786,74.78851095533628,0.11699852040551888
58960.06127732076,74.79861287576296,0.11839388495959907
58962.56758916293,74.80910254200717,0.11974261117414217
58965.07390100509,74.81997860487536,0.12104462649185985
58967.58021284726,74.83123868279654,0.12229990582620215
58970.08652468942,74.84287991135352,0.12350845870331163
58972.592836531585,74.85489918129679,0.12467035433539048
58975.099148373745,74.86729339218437,0.12578573047545238
58977.60546021591,74.8800584237033,0.12685466380222615
58980.11177205807,74.89318854246812,0.12787719959308558
58982.61808390023,74.90667783438403,0.1288534472715734
58985.1243957424,74.92052038572001,0.12978358990249092
58987.63070758457,74.93471028318163,0.1306678875445625
58990.13701942673,74.94924161390372,0.1315066694078447
58992.64333126889,74.96410844831553,0.1323003393119461
58995.14964311106,74.97930403315695,0.1330493452035318
58997.65595495322,74.99482004570018,0.13375414779545758
59000.162266795385,75.01064732088707,0.13441523410307538
59002.668578637546,75.02677661152848,0.13503315559557177
59005.17489047971,75.04319867088634,0.13560852762266692
59007.68120232187,75.05990425248456,0.13614202924295987
59010.18751416404,75.07688411021081,0.13663440228301316
59012.6938260062,75.09412899828749,0.13708645054835075
59015.20013784837,75.11162976148626,0.13749902406609105
59017.70644969053,75.12937836178025,0.13787292702392887
59020.2127615327,75.14736905918835,0.1382088919354147
59022.71907337486,75.16559672450967,0.13850755107574278
59025.225385217025,75.18405636088573,0.13876937983287488
59027.731697059186,75.2027427650246,0.13899483608388954
59030.238008901346,75.22165108028275,0.13918440084841185
59032.74432074351,75.24077700811904,0.13933848923215594
59035.250632585674,75.2601159078331,0.13945746039012671
59037.75694442784,75.27966307061433,0.13954171126918627
59040.26325627,75.29941402413533,0.13959164687205095
59042.76956811217,75.31936414582015,0.13960763919805896
59045.27587995433,75.33950850425026,0.13959006216020736
59047.7821917965,75.35984168781579,0.13953926378563425
59050.28850363866,75.38035776447941,0.13945551590412814
59052.794815480825,75.4010513959729,0.1393390524944581
59055.301127322986,75.42191765669122,0.13919008934183663
59057.80743916515,75.44295146895456,0.13900887762549954
59060.313751007314,75.4641477269397,0.13879573031834558
59062.82006284948,75.48550132900709,0.13855101747834725
59065.32637469164,75.50700725474599,0.13827515501077575
59067.8326865338,75.5286604541252,0.13796858358336186
59070.33899837597,75.55045567934576,0.1376317956420121
59072.84531021813,75.57238713160041,0.13726531790709068
59075.3516220603,75.5944464987042,0.13686959599609314
59077.85793390246,75.61662631760555,0.1364449014389511
59080.364245744626,75.63892150566971,0.1359914035573186
59082.870557586786,75.6613264541229,0.135509263164207
59085.376869428954,75.68383537272894,0.13499870143459206
59087.883181271114,75.70644247101882,0.134460008814903
59090.38949311328,75.72914195855992,0.13389355127566208
59092.89580495544,75.7519280449851,0.13329977084177236
59095.40211679761,75.7747948722099,0.13267918261640435
59097.90842863977,75.79773596460291,0.13203235600493615
59100.41474048194,75.82074642420775,0.1313598477202085
59102.9210523241,75.84382398971866,0.13066217321422374
59105.42736416626,75.86696635812768,0.12993988719017321
59107.933676008426,75.89017098771365,0.12919360522584006
59110.43998785059,75.91343533827603,0.1284240272818294
59112.946299692754,75.9367568696689,0.12763193589636232
59115.452611534914,75.9601330417754,0.1268181977502249
59117.95892337708,75.98356131489709,0.12598376660747188
59120.46523521924,76.00703930927011,0.12512967208795625
59122.97154706141,76.03056546627704,0.12425695908167896
59125.47785890357,76.05414005863713,0.12336655587197681
59127.98417074574,76.07776868506335,0.12245916003899135
59130.4904825879,76.10146083692962,0.12153527323515505
59132.996794430066,76.1252248758974,0.12059530488660657
59135.50310627223,76.14906776820135,0.11963964808088225
59138.009418114394,76.17299654725502,0.11866873105571296
59140.515729956554,76.19701741849349,0.11768304274177312
59143.022041798715,76.22113378990252,0.1166830283155557
59145.52835364088,76.24534533211772,0.11566893570094555
59148.03466548304,76.26964992572175,0.11464104004037712
59150.54097732521,76.29404405458627,0.11359970844499023
59153.04728916737,76.31852384244121,0.11254542162527136
59155.55360100954,76.34308570311259,0.11147877284902279
59158.0599128517,76.3677266339655,0.1104004727016742
59160.56622469387,76.39244370624147,0.10931137861356706
59163.07253653603,76.41723406118035,0.1082124994740075
59165.578848378194,76.44209530927037,0.10710499878442813
59168.085160220355,76.46702525404544,0.10599020037571454
59170.59147206252,76.49202169840282,0.10486959741572244
59173.09778390468,76.5170811451826,0.10374467021162295
59175.60409574685,76.5421963211993,0.10261656027038121
59178.11040758901,76.56735841579211,0.10148633841582902
59180.61671943117,76.59255781996762,0.10035511456287077
59183.12303127334,76.61778489526478,0.09922419679594131
59185.629343115506,76.64302945847157,0.09809507346610101
59188.13565495767,76.66827830608236,0.09696920282709706
59190.64196679983,76.69351810135413,0.09584811542274256
59193.148278641995,76.71873524726834,0.09473353478488536
59195.654590484155,76.74391594070767,0.09362742823087698
59198.16090232632,76.76904637578991,0.09253202515716072
59200.66721416848,76.79411274640006,0.09144982678543856
59203.17352601065,76.81910124630667,0.09038360648734875
59205.67983785281,76.84399806933652,0.08933641177590547
59208.18614969498,76.86878938187147,0.08831156910013004
59210.69246153714,76.89346109206963,0.08731265553150609
59213.19877337931,76.91799907872337,0.08634348503723996
59215.70508522147,76.94238839967875,0.08540796281742766
59218.21139706363,76.96661260924884,0.08451010998758027
59220.717708905795,76.99065257475013,0.08365401676302633
59223.22402074796,77.0144796287641,0.08284330653551443
59225.73033259012,77.03805773233762,0.08208123608935917
59228.23664443228,77.06135423184605,0.08137068731653864
59230.74295627445,77.08434253768064,0.08071382458551012
59233.24926811661,77.10699508414837,0.08011269599942808
59235.75557995878,77.12928370491136,0.07956939269550914
59238.26189180094,77.15118008258287,0.07908601523867946
59240.76820364311,77.17264965723734,0.07866362474831665
59243.27451548527,77.19365199754247,0.07830120923898831
59245.780827327435,77.21415036462713,0.07799700951453703
59248.287139169595,77.23410844895989,0.07774929302764681
59250.79345101176,77.25349010463106,0.07755643114449666
59253.29976285392,77.27225919510238,0.07741693093041627
59255.806074696084,77.29037958034314,0.07732946116500666
59258.31238653825,77.30781502200989,0.07729286916889966
59260.81869838042,77.32452920929063,0.0773061954213652
59263.32501022258,77.34048846317455,0.07736848277703309
59265.83132206474,77.35566301632207,0.07747870710538234
59268.33763390691,77.37002348256647,0.07763601641465094
59270.84394574907,77.38354226242518,0.07783957914851819
59273.350257591235,77.39619600554579,0.0780878607477187
59275.856569433396,77.40796558978036,0.07837861360641278
59278.36288127556,77.41883250407409,0.07870974397400439
59280.86919311772,77.42877821985167,0.0790793909051852
59283.37550495989,77.43778420661693,0.07948594609107457
59285.88181680205,77.44583193238941,0.07992805220829523
59288.38812864422,77.45290286425734,0.08040459927348648
59290.89444048638,77.45897846799926,0.08091471407491106
59293.40075232855,77.46404020785121,0.08145774665690873
59295.90706417071,77.46806955192005,0.0820332516531908
59298.413376012875,77.47104943923478,0.08264085799093614
59300.919687855036,77.47296691393421,0.08327946813532029
59303.425999697196,77.47380867387983,0.08394736448745849
59305.93231153936,77.47356068866429,0.0846428369184733
59308.438623381524,77.4722152290924,0.085363584779931
59310.94493522369,77.46977327397326,0.08610650447536015
59313.45124706585,77.4662470901385,0.08686736471372027
59315.95755890802,77.46165106378612,0.08764180840065422
59318.46387075018,77.45599958050298,0.08842566475382449
59320.97018259235,77.4493070243625,0.0892149648488426
59323.47649443451,77.44158777830307,0.09000595460785525
59325.982806276676,77.43285625678254,0.0907950989880347
59328.489118118836,77.42312708307873,0.09157907355619518
59330.995429961,77.41241496303701,0.09235476619983733
59333.501741803164,77.40073584666243,0.09311922481902198
59336.00805364533,77.3881095018005,0.0938694865840534
59338.51436548749,77.37455642630812,0.09460276916195669
59341.02067732965,77.36009742727038,0.09531646196696925
59343.52698917182,77.3447540802008,0.0960080096930665
59346.03330101398,77.32854992445209,0.09667477960061216
59348.53961285615,77.31150967240683,0.09731424902969615
59351.04592469831,77.29365804541158,0.0979241057057728
59353.552236540476,77.2750194563705,0.09850223832717853
59356.058548382636,77.25561733203358,0.09904672373688317
59358.564860224804,77.23547499065171,0.09955579083243024
59361.071172066964,77.21461585868383,0.10002781810342803
59363.57748390913,77.19306336875889,0.10046137203413613
59366.08379575129,77.17084069733392,0.10085520701298556
59368.59010759346,77.14796994501376,0.10120826014888223
59371.09641943562,77.1244729271857,0.10151964730078342
59373.60273127779,77.10037145830574,0.1017886643117968
59376.10904311995,77.07568734986125,0.10201478127904927
59378.61535496211,77.05044195798109,0.10219759924391386
59381.121666804276,77.0246556600905,0.10233679625530767
59383.62797864644,76.99834919310524,0.10243214985705071
59386.134290488604,76.97154508603853,0.10248350956972294
59388.640602330765,76.9442667302792,0.10249084883445762
59391.14691417293,76.91653737105662,0.10245429159804245
59393.65322601509,76.88837945632986,0.10237407976832961
59396.15953785726,76.85981496889144,0.1022505789628979
59398.66584969942,76.83086485147942,0.10208422321874959
59401.17216154159,76.80154972459422,0.10187557268157127
59403.67847338375,76.77189020832884,0.10162533735293204
59406.184785225916,76.74190692207776,0.10133437842671188
59408.69109706808,76.71162046742393,0.10100370578774955
59411.197408910244,76.68105070517049,0.10063441973425154
59413.703720752404,76.65021624387009,0.10022767365400304
59416.210032594565,76.61913574411301,0.0997846875281725
59418.71634443673,76.58782911574235,0.0993067141774365
59421.22265627889,76.55631688228459,0.09879507734505205
59423.72896812106,76.52461948362179,0.09825113523711643
59426.23527996322,76.49275826147641,0.09767619329998506
59428.74159180539,76.46075567070511,0.09707159671654032
59431.24790364755,76.42863421214861,0.0964388165333909
59433.75421548972,76.39641633728752,0.09577940131591016
59436.26052733188,76.3641224213934,0.0950949306412498
59438.766839174044,76.33176788399578,0.09438693679198477
59441.273151016205,76.2993685528927,0.09365686722728575
59443.77946285837,76.26694149259129,0.09290611845056043
59446.28577470053,76.23450360956485,0.09213621280579652
59448.7920865427,76.2020708656346,0.09134867366209223
59451.29839838486,76.16965826510568,0.0905447025831592
59453.80471022702,76.13728180594626,0.08972532076177402
59456.31102206919,76.10495553771034,0.08889139832159154
59458.81733391136,76.07269324811932,0.08804373449686728
59461.32364575352,76.04050862199801,0.08718323018188966
59463.82995759568,76.00841371814022,0.08631093838172281
59466.336269437845,75.97641660111549,0.08542805654380388
59468.842581280005,75.9445242153015,0.08453595426320883
59471.34889312217,75.91274350212188,0.08363618791396224
59473.85520496433,75.88108140324766,0.0827305009936087
59476.3615168065,75.84954498823208,0.08182081565958609
59478.86782864866,75.81814306092565,0.08090907704983416
59481.37414049083,75.78688722036895,0.07999676091958871
59483.88045233299,75.7557916714577,0.07908487416188888
59486.38676417516,75.72487295549945,0.07817422097044681
59488.89307601732,75.69414807923022,0.0772657484405795
59491.39938785948,75.66363404967706,0.07636061072478025
59493.905699701645,75.63334776935517,0.07546016877584961
59496.41201154381,75.60330502639408,0.07456591724434042
59498.91832338597,75.57352078557597,0.07367945035109384
59501.42463522813,75.54400976773468,0.07280251312455727
59503.9309470703,75.51478639882407,0.07193685859661413
59506.43725891246,75.48586557156523,0.0710836510725199
59508.94357075463,75.45726260120864,0.07024386757564234
59511.44988259679,75.42899208898598,0.06941863784234564
59513.95619443896,75.40106408892916,0.06860892919450272
59516.46250628112,75.37348195609229,0.06781514932117706
59518.968818123285,75.3462432759261,0.06703688070838071
59521.475129965445,75.31934074261517,0.06627327710527386
59523.98144180761,75.29276661484619,0.06552373336133249
59526.48775364977,75.26651308927103,0.06478796239150514
59528.994065491934,75.24057184446428,0.06406599965609955
59531.5003773341,75.21493409754476,0.0633581918454359
59534.00668917627,75.189587276167,0.06266480937699388
59536.51300101843,75.16451524250442,0.061986221033886395
59539.01931286059,75.13970201948541,0.06132319910425785
59541.52562470276,75.11513111693785,0.06067685346003198
59544.03193654492,75.09078312691418,0.06004856846088605
59546.538248387085,75.06663678237237,0.05944004615596968
59549.044560229246,75.04266564827412,0.05885312254888923
59551.55087207141,75.01883882761467,0.058289855956123654
59554.057183913574,74.9951234277105,0.057752676153834004
59556.56349575574,74.97148388734786,0.05724442712455303
59559.0698075979,74.94788701960351,0.05676818233981959
59561.57611944007,74.92430257517844,0.0563271556559913
59564.08243128223,74.90070391687459,0.05592371470162796
59566.5887431244,74.87708107203616,0.055558426275314966
59569.09505496656,74.85343288702643,0.05523153355922908
59571.601366808725,74.82975853744574,0.054943488241615636
59574.107678650886,74.80605539934868,0.054694076193015743
59576.613990493046,74.78231900684477,0.05448145477888845
59579.12030233521,74.75855541373312,0.05430277325253716
59581.626614177374,74.734773262011,0.054155450850159485
59584.13292601954,74.71098119382805,0.054037489440767285
59586.6392378617,74.68718751087727,0.05394754601045501
59589.14554970387,74.6633995182201,0.053884984010046835
59591.65186154603,74.63962433843699,0.05384992142419039
59594.1581733882,74.61586909437028,0.05384325974753029
59596.66448523036,74.59214133329806,0.05386664360368362
59599.170797072526,74.56845001749753,0.053922362493308104
59601.677108914686,74.54480440798216,0.05401344494038744
59604.18342075685,74.52121501244255,0.05414361864862292
59606.689732599014,74.49769637960708,0.05431713017756425
59609.19604444118,74.47427210997557,0.05453814036248872
59611.70235628334,74.45097601844463,0.054810736367815076
59614.2086681255,74.42784344375832,0.05513940155725451
59616.71497996767,74.40490899211727,0.05552881742533235
59619.22129180983,74.38220399647253,0.05598319008432088
59621.727603652,74.35975877032615,0.056506754013905015
59624.23391549416,74.33760367590003,0.05710380465161161
59626.740227336326,74.31576559079986,0.057777548016561465
59629.246539178486,74.29425951142912,0.05852921996359158
59631.752851020654,74.27309633232653,0.05935937236667513
59634.259162862814,74.252287639305,0.06026838645051142
59636.76547470498,74.23184942167427,0.061255635481622606
59639.27178654714,74.21179540322919,0.06231683604580677
59641.77809838931,74.19213434001722,0.06344555434547623
59644.28441023147,74.1728745749424,0.06463533967059745
59646.79072207364,74.15402420720784,0.06587990832136739
59649.2970339158,74.13559252780396,0.06717308718523855
59651.80334575796,74.11759320058627,0.06850868086444771
59654.309657600126,74.10004058326012,0.0698807910400371
59656.81596944229,74.08294903364731,0.07128389322112469
59659.322281284454,74.0663329102681,0.07271284830827265
59661.828593126615,74.05020657205023,0.07416291393265817
59664.33490496878,74.03458437882364,0.07562973100016952
59666.84121681094,74.01948069085483,0.07710931584783311
59669.34752865311,74.00490987682133,0.07859802993610712
59671.85384049527,73.99088458764163,0.08009212801430506
59674.36015233744,73.97741319622583,0.08158756677991898
59676.8664641796,73.96450248765177,0.08308052358294363
59679.372776021766,73.95215901512711,0.08456746754702084
59681.87908786393,73.9403893087474,0.08604513740292237
59684.385399706094,73.92919805232214,0.08751011700754399
59686.891711548255,73.91858679118468,0.08895853419363357
59689.398023390415,73.90855676621504,0.09038669539325506
59691.90433523258,73.89910921900992,0.09179114686854453
59694.41064707474,73.89024539184265,0.09316866933009477
59696.91695891691,73.88196652768784,0.09451626934269144
59699.42327075907,73.87427387022035,0.09583117898118328
59701.92958260124,73.86716866380357,0.0971108386988829
59704.4358944434,73.86065215352119,0.09835289559522886
59706.94220628557,73.85472558512538,0.099555195025223
59709.44851812773,73.84939020510501,0.10071577177455218
59711.954829969894,73.84464724683721,0.10183284363221605
59714.461141812055,73.84049752449937,0.10290478220067924
59716.96745365422,73.83694136665622,0.1039301116824337
59719.47376549638,73.83397907541621,0.10490751307930495
59721.98007733855,73.8316109535931,0.1058358311823603
59724.48638918071,73.82983730470983,0.10671406137687986
59726.99270102287,73.82865843299669,0.10754134922530294
59729.49901286504,73.82807464339453,0.10831698469559575
59732.00532470721,73.828086241557,0.10904039875671136
59734.51163654937,73.82869353383944,0.10971115804302005
59737.01794839153,73.82989682731363,0.11032896175047675
59739.524260233695,73.8316964297619,0.11089364007574559
59742.030572075855,73.83409264967327,0.11140514757011723
59744.53688391802,73.83708579936342,0.11186353855975725
59747.04319576018,73.84067620343558,0.11226889875386534
59749.54950760235,73.84486418990332,0.11262140958447799
59752.05581944451,73.84964987426429,0.11292136428579787
59754.56213128668,73.85503235871965,0.11316913913332152
59757.06844312884,73.86101044507359,0.1133652144526605
59759.57475497101,73.8675829357926,0.11351018251920429
59762.08106681317,73.8747486340535,0.11360474539271083
59764.58737865533,73.8825060789095,0.11364969615772147
59767.093690497495,73.89085186214652,0.11364581775148805
59769.60000233966,73.8997806563275,0.11359390040586448
59772.10631418182,73.90928439324489,0.11349471427817698
59774.61262602398,73.91935350619315,0.11334905148672207
59777.11893786615,73.92997812952672,0.11315780414332507
59779.62524970831,73.94114796239592,0.11292191853178235
59782.13156155048,73.95285219102516,0.11264239769743903
59784.63787339264,73.96507808475872,0.11232024204564921
59787.14418523481,73.97781113989186,0.11195646131998756
59789.65049707697,73.9910367850971,0.1115521727830964
59792.156808919135,74.00474045157898,0.11110861047491143
59794.663120761295,74.01890760930837,0.11062711507182904
59797.16943260346,74.0335237646068,0.11010913936343505
59799.67574444562,74.04857442580396,0.10955625481139504
59802.182056287784,74.06404510166612,0.10897014580534707
59804.68836812995,74.0799214693543,0.10835260785238707
59807.19467997212,74.09618917794432,0.10770547361425327
59809.70099181428,74.11283304318204,0.10703054647351339
59812.20730365644,74.12983894249192,0.1063295105409023
59814.71361549861,74.14719453023281,0.10560394496124896
59817.21992734077,74.16488775436301,0.10485549433075272
59819.726239182935,74.18290526399505,0.10408569398622357
59822.232551025096,74.20123211204191,0.10329599248613518
59824.73886286726,74.21985288342694,0.10248791493873374
59827.245174709424,74.23875213354768,0.10166299004154015
59829.75148655159,74.2579158579756,0.10082266459861834
59832.25779839375,74.27733149490086,0.09996837070864464
59834.76411023592,74.29698854258459,0.09910136649235483
59837.27042207808,74.3168769482727,0.09822297277304422
59839.77673392025,74.33698665956035,0.09733465158632731
59842.28304576241,74.35730762413004,0.09643801409259388
59844.789357604575,74.37782986487582,0.09553481429890623
59847.295669446736,74.39854544674745,0.09462671491530916
59849.801981288896,74.4194484345644,0.09371520753435203
59852.308293131064,74.44053181694471,0.0928018892401715
59854.814604973224,74.46178852050798,0.09188847726736057
59857.32091681539,74.48321284506528,0.0909766637863691
59859.82722865755,74.504798055641,0.09006790025408946
59862.33354049972,74.52653521933826,0.08916316215864087
59864.83985234188,74.54841505736113,0.08826329693557049
59867.34616418405,74.57042826639372,0.08736931555688554
59869.85247602621,74.5925653987797,0.08648220966174315
59872.358787868376,74.61481693768292,0.08560307637814495
59874.865099710536,74.63717336593254,0.08473324807594786
59877.371411552704,74.65962516638683,0.08387429784533773
59879.877723394864,74.68216280642082,0.08302804444511225
59882.38403523703,74.70477484591538,0.08219649327323995
59884.89034707919,74.72744537823019,0.08138173186183344
59887.39665892135,74.75015696589253,0.08058597551495221
59889.90297076352,74.77289151522564,0.07981161140796808
59892.40928260568,74.79562660554075,0.07906074600100708
59894.91559444785,74.81833517146879,0.07833501962217486
59897.42190629001,74.84098989679478,0.07763613913132458
59899.928218132176,74.8635638016276,0.07696604638706184
59902.434529974336,74.88602882920532,0.07632664350082566
59904.940841816504,74.90835286828224,0.07571906805276275
59907.447153658664,74.93050255533308,0.07514417842371493
59909.95346550083,74.95244413532782,0.07460306462371323
59912.45977734299,74.97414385713637,0.07409711278115041
59914.96608918516,74.99556820862927,0.07362797875148636
59917.47240102732,75.01668402174255,0.0731975869304475
59919.97871286949,75.03745815443108,0.07280815315734429
59922.48502471165,75.05785746476613,0.07246217414797948
59924.99133655381,75.07784902228741,0.07216240244494762
59927.497648395976,75.09740157192573,0.07191176907024172
59930.00396023814,75.11648477331619,0.07171337361762951
59932.510272080304,75.13507079743431,0.07157035671893296
59935.016583922465,75.15313503314974,0.07148563970696108
59937.52289576463,75.17065053913393,0.07146186612260759
59940.02920760679,75.18759134899301,0.07150088247807185
59942.53551944896,75.2039411970618,0.07160236027376793
59945.04183129112,75.2196885086887,0.07176484055508889
59947.54814313329,75.23482171153591,0.07198673293127514
59950.05445497545,75.24932904161687,0.07226622824594807
59952.560766817616,75.26320594659774,0.0726001072862106
59955.06707865978,75.2764589790022,0.07298348087293123
59957.573390501944,75.28909834536898,0.07341112965774364
59960.079702344105,75.30113446350151,0.07387797098348213
59962.586014186265,75.31257775024278,0.07437912636852356
59965.09232602843,75.32343862095149,0.07490997187310794
59967.59863787059,75.33372748142574,0.07546616808165157
59970.10494971276,75.34345473181747,0.07604368696912592
59972.61126155492,75.35263085117913,0.07663881991354682
59975.11757339709,75.36126656013948,0.07724819063782105
59977.62388523925,75.36937262438005,0.07786875096509807
59980.13019708142,75.37695980916033,0.0784977834721159
59982.63650892358,75.38403891163762,0.07913288277785609
59985.142820765745,75.39062199080945,0.07977143428813051
59987.649132607905,75.39672238884668,0.08041017147690435
59990.15544445007,75.40235337462218,0.0810459952366713
59992.66175629223,75.40752788682585,0.08167608310957958
59995.1680681344,75.41225758113433,0.08229788090366642
59997.67437997656,75.41655495172017,0.08290896555467063
60000.18069181872,75.42043588621891,0.08350676368507166
60002.68700366089,75.42391648623743,0.08408883458587338
60005.19331550306,75.42701171856606,0.08465291604870423
60007.69962734522,75.4297361910867,0.08519693408508028
60010.20593918738,75.43210435216315,0.08571903035998503
60012.712251029545,75.43413037754362,0.08621753775733534
60015.218562871705,75.43582828505896,0.08669100633117927
60017.72487471387,75.43721270916285,0.08713819625136811
60020.23118655603,75.43829959958384,0.0875580547389836
60022.7374983982,75.43910467679962,0.08794970014181577
60025.24381024036,75.43964229981066,0.0883122463151993
60027.75012208253,75.43992704609991,0.08864474757596316
60030.25643392469,75.4399734834733,0.088946356457621
60032.76274576686,75.43979611160466,0.08921642168245139
60035.26905760902,75.43940860789735,0.08945443516638658
60037.77536945118,75.43882456910796,0.08965989432083324
60040.281681293345,75.43805771505868,0.08983211317559665
60042.78799313551,75.43711826339131,0.08997020071191777
60045.29430497767,75.43601461319486,0.0900733655068805
60047.80061681983,75.43475488998229,0.09014088570145673
60050.306928662,75.43334737772238,0.0901720775923376
60052.81324050416,75.43180043749453,0.09016645731675506
60055.31955234633,75.4301224303199,0.09012376368242471
60057.82586418849,75.42832171692862,0.09004396163879183
60060.33217603066,75.42640665783256,0.08992725044081004
60062.83848787282,75.4243856309622,0.08977405983646473
60065.344799714985,75.42226710698014,0.08958502549673222
60067.851111557145,75.42005841466744,0.08936089575299223
60070.35742339931,75.41776460640176,0.08910251123180842
60072.86373524147,75.41538667363784,0.08881087831585788
60075.370047083634,75.41292200607131,0.08848717918009816
60077.8763589258,75.41036637993966,0.0881328427234582
60080.38267076797,75.40771543879964,0.08774958605662189
60082.88898261013,75.40496482604794,0.0873394304258886
60085.39529445229,75.40211018494301,0.08690470847157353
60087.90160629446,75.39914715861232,0.0864480717030934
60090.40791813662,75.39607137495477,0.0859725010272771
60092.914229978785,75.39287723833695,0.08548127803911124
60095.420541820946,75.38955557416193,0.08497792867788881
60097.92685366311,75.38609517918667,0.08446623688408147
60100.433165505274,75.3824833399267,0.08395027406842376
60102.93947734744,75.37870420212857,0.08343436813204512
60105.4457891896,75.37474121866398,0.08292312694217328
60107.95210103177,75.37057829124387,0.08242145999979526
60110.45841287393,75.36619893110765,0.0819345718738266
60112.9647247161,75.36158691937453,0.08146784190137961
60115.47103655826,75.35672888642875,0.08102678209682153
60117.977348400425,75.35161183497985,0.08061707145446627
60120.483660242586,75.34622263458732,0.08024397360007102
60122.989972084746,75.3405503759277,0.07991231783132725
60125.496283926914,75.33458568734932,0.07962699593079728
60128.002595769074,75.3283190162183,0.0793929649984763
60130.50890761124,75.3217449998483,0.07921471852790761
60133.0152194534,75.31487327016657,0.0790955629446857
60135.52153129557,75.3077200507978,0.07903834723280864
60138.02784313773,75.30030204747163,0.07904586393249087
60140.5341549799,75.29263352630369,0.07912068429852039
60143.04046682206,75.28472597124346,0.07926503142965881
60145.546778664226,75.27659189346014,0.07948089672116043
60148.053090506386,75.26824582283734,0.07976993027558053
60150.559402348554,75.2597087342001,0.0801324581489815
60153.065714190714,75.2510014102154,0.08056771300703433
60155.57202603288,75.2421436776931,0.08107462623835765
60158.07833787504,75.23315685175476,0.0816516344729885
60160.5846497172,75.22406029477133,0.08229619919176165
60163.09096155937,75.2148617955122,0.08300426055487253
60165.59727340153,75.20556304310958,0.08377058394304261
60168.1035852437,75.19616607693024,0.084589680418262
60170.60989708586,75.18667380232364,0.08545610668981227
60173.116208928026,75.17708913541719,0.08636453874160527
60175.62252077019,75.16741552384337,0.08730978238972946
60178.128832612354,75.1576600800181,0.08828655099456646
60180.635144454514,75.1478319644375,0.08928961232300618
60183.14145629668,75.13794067436538,0.0903139486322709
60185.64776813884,75.12799699297466,0.091354708019744
60188.15407998101,75.11801204342919,0.092407282505197
60190.66039182317,75.10799742642848,0.0934673169204805
60193.16670366534,75.09796489533619,0.09453058812731828
60195.6730155075,75.08792305407405,0.09559287627404045
60198.17932734966,75.07787956787797,0.09665013351686925
60200.685639191826,75.06784190291364,0.09769855245680689
60203.19195103399,75.05781752354233,0.09873458819485717
60205.698262876154,75.04781391286815,0.09975492138078518
60208.204574718315,75.0378388674726,0.10075617693688452
60210.71088656048,75.02790040741093,0.10173504760190098
60213.21719840264,75.01800655620173,0.10268845947879413
60215.72351024481,75.00816533740726,0.10361357146076783
60218.22982208697,74.99838477450248,0.10450776887020322
60220.73613392914,74.98867289118061,0.10536865646548037
60223.2424457713,74.97903771113488,0.10619405207990283
60225.748757613466,74.96948725813127,0.1069819762774941
60228.25506945563,74.96002955592121,0.10773065214175491
60230.761381297794,74.95067262847442,0.1084384896704979
60233.267693139955,74.94142449976061,0.10910408980541936
60235.774004982115,74.93229319395323,0.10972622630739208
60238.28031682428,74.9232867351966,0.11030384823152571
60240.78662866644,74.9144131836074,0.1108360579970374
60243.29294050861,74.90568079473451,0.1113220511181475
60245.79925235077,74.89709789064364,0.11176115801556492
60248.30556419294,74.88867279997794,0.11215285801002603
60250.8118760351,74.8804141728906,0.11249675437974449
60253.31818787727,74.87233155526337,0.11279254484120362
60255.82449971943,74.86443467308709,0.11304006049153749
60258.330811561595,74.85673325270182,0.11323926671046644
60260.837123403755,74.84923702053493,0.11339026095039516
60263.34343524592,74.84195570330485,0.11349327160349586
60265.84974708808,74.8348990277882,0.11354865267513899
60268.35605893025,74.82807668512396,0.11355685772369244
60270.86237077241,74.82149831399147,0.11351839834470781
60273.36868261457,74.81517492918647,0.11343374001426784
60275.87499445674,74.80912003960111,0.11330315644657209
60278.38130629891,74.80334763818246,0.1131269629652799
60280.88761814107,74.79787144820148,0.1129055915475395
60283.39392998323,74.79270477309183,0.1126395859612721
60285.900241825395,74.78786073887022,0.11232960448422791
60288.406553667555,74.78335243277252,0.11197642204035041
60290.91286550972,74.7791929430241,0.11158093510605564
60293.41917735188,74.77539539380814,0.11114404796321303
60295.92548919405,74.77197297821112,0.1106665615723892
60298.43180103621,74.76893889746862,0.11014938098682467
60300.93811287838,74.76630635319452,0.10959354068385903
60303.44442472054,74.76408854759939,0.10900021036902274
60305.95073656271,74.76229868328664,0.10837069431755417
60308.45704840487,74.76094989241392,0.10770643693607121
60310.96336024703,74.76005437801359,0.1070089820331968
60313.469672089195,74.75962368953333,0.1062799939835078
60315.97598393136,74.75966936342593,0.10552128012551704
60318.48229577352,74.76020293662441,0.10473479336579239
60320.98860761568,74.76123594676028,0.10392263280464183
60323.49491945785,74.7627799648908,0.10308703566732617
60326.00123130001,74.76484803992207,0.1022302818502364
60328.50754314218,74.76745558824041,0.10135461336430376
60331.01385498434,74.77061834136839,0.10046239761819191
60333.52016682651,74.7743525247788,0.09955605505552638
60336.02647866867,74.77867502978188,0.09863802098568646
60338.532790510835,74.78360327973496,0.09771079614417635
60341.039102352996,74.78915842084098,0.09677666246512132
60343.54541419516,74.79536346712848,0.09583774706135653
60346.05172603732,74.80223853580537,0.0948961761752296
60348.558037879484,74.8098030317633,0.09395417253492667
60351.06434972165,74.81807636466692,0.0930140746159922
60353.57066156382,74.82707787689287,0.09207823140371679
60356.07697340598,74.83682585816132,0.0911487144893318
60358.58328524814,74.84733828454046,0.09022723665859264
60361.08959709031,74.85863231235271,0.08931541040198922
60363.59590893247,74.87071750285759,0.0884145743715784
60366.102220774635,74.88359411077545,0.08752548984711744
60368.608532616796,74.897257268065,0.08664837798758858
60371.11484445896,74.91169983691361,0.08578332841434672
60373.621156301124,74.9269108515291,0.08493017426653411
60376.12746814329,74.9428787513898,0.08408876998800828
60378.63377998545,74.95959257498907,0.08325905216663104
60381.14009182762,74.97704144315503,0.08244111668125012
60383.64640366978,74.99521423957776,0.08163523367948233
60386.15271551195,75.01409421264543,0.08084157558482331
60388.65902735411,75.03365867608227,0.08006013790227151
60391.165339196275,75.05388496408705,0.07929107178527564
60393.671651038436,75.07475030235946,0.07853474986939815
60396.177962880596,75.09623191680294,0.07779171756613192
60398.684274722764,75.11830630237819,0.0770623444845486
60401.190586564924,75.1409496832348,0.07634697849290674
60403.69689840709,75.1641379063949,0.07564618820604614
60406.20321024925,75.18784662737744,0.07496076734618003
60408.70952209142,75.2120497924625,0.07429157935985535
60411.21583393358,75.23672055068891,0.07363942273672963
60413.72214577575,75.26183123321971,0.07300494762029101
60416.22845761791,75.28735414252151,0.07238892984543081
60418.734769460076,75.31326028483454,0.071792243858032
60421.241081302236,75.33951566141332,0.07121538144388638
60423.747393144404,75.36608490435174,0.07065875107228631
60426.253704986564,75.39293208619347,0.07012301205418492
60428.76001682873,75.42001744860318,0.06960876947931444
60431.26632867089,75.44729932426708,0.0691160815994383
60433.77264051305,75.47473858803278,0.06864417550156861
60436.27895235522,75.50229433918139,0.06819236068212652
60438.78526419738,75.52992341545178,0.06776031202703282
60441.29157603955,75.55758274823893,0.06734817834860475
60443.79788788171,75.58523075148696,0.06695657997128397
60446.304199723876,75.61282647383632,0.06658667967059853
60448.81051156604,75.6403289657901,0.06624024721723132
60451.316823408204,75.66769727814244,0.06591967634145425
60453.823135250364,75.69489040580811,0.06562796977712267
60456.32944709253,75.72186723159393,0.06536871428580247
60458.83575893469,75.74858663935447,0.06514611449567415
60461.34207077686,75.77500826132018,0.0649649683397071
60463.84838261902,75.80109194881516,0.06483056268591754
60466.35469446119,75.82679383468349,0.0647485339074216
60468.86100630335,75.85206792782992,0.064724891031079
60471.36731814551,75.87686744326493,0.0647658846525335
60473.87362998768,75.90114519314375,0.06487796202679674
60476.37994182984,75.9248542432324,0.06506775114639622
60478.886253672004,75.94795293247444,0.06534148830995003
60481.392565514165,75.97041309671476,0.06570354108221134
60483.89887735633,75.9922104953148,0.06615698847749148
60486.40518919849,76.01332107902272,0.06670465078124249
60488.91150104066,76.03372415805643,0.0673488642084189
60491.41781288282,76.05340456811246,0.0680900004360847
60493.92412472499,76.07235226723424,0.06892600031075198
60496.43043656715,76.09055697867007,0.06985405762950299
60498.936748409316,76.10800730608935,0.07087113821576893
60501.44306025148,76.12469912186043,0.07197369276339792
60503.949372093644,76.14063281754625,0.07315764284405268
60506.455683935805,76.15580838998358,0.07441883849192753
60508.961995777965,76.17022657710004,0.0757531524462175
60511.46830762013,76.1838894746761,0.07715616588485748
60513.97461946229,76.19680200303264,0.07862259088252517
60516.48093130446,76.20897189210518,0.08014688775228125
60518.98724314662,76.22040645357629,0.0817236893895695
60521.49355498879,76.23111366680132,0.08334776509482897
60523.99986683095,76.24109944993688,0.08501356300589737
60526.50617867312,76.25036663996434,0.08671523994308626
60529.01249051528,76.25892165126425,0.08844706945491415
60531.518802357445,76.26677139395906,0.09020359708480837
60534.025114199605,76.27392276942555,0.09197967521691819
60536.53142604177,76.28038326115347,0.09377038962044147
60539.03773788393,76.28616053164296,0.09557111657299769
60541.5440497261,76.29126237731543,0.09737751399834638
60544.05036156826,76.29569672833168,0.09918541651960078
60546.55667341042,76.29947020894906,0.10099066960343336
60549.06298525259,76.30259030793968,0.10278926102617052
60551.56929709476,76.30506533339212,0.10457740111241923
60554.07560893692,76.30690359654545,0.10635153280492378
60556.58192077908,76.30811347207054,0.10810832140781974
60559.088232621245,76.30870387500909,0.10984456337688886
60561.594544463405,76.30868303969328,0.11155716075182284
60564.10085630557,76.30805879017862,0.11324320173155644
60566.60716814773,76.30683861268335,0.11489995974895521
60569.1134799899,76.30502994899871,0.1165248857110977
60571.61979183206,76.30264024004282,0.11811560610036688
60574.12610367423,76.29967692619539,0.11966990968226356
60576.63241551639,76.29614744694845,0.12118574380006344
60579.13872735856,76.29205924244889,0.122661203869228
60581.64503920072,76.28741988146794,0.12409452490784081
60584.15135104288,76.28223716597131,0.12548407331865083
60586.657662885045,76.27651892162976,0.12682834549497726
60589.16397472721,76.27027297359018,0.12812596262664094
60591.67028656937,76.26350714619912,0.1293756658512017
60594.17659841153,76.25622926313372,0.1305763130651025
60596.6829102537,76.24844714750361,0.1317268710010275
60599.18922209586,76.24016862167628,0.13282641761573158
60601.69553393803,76.23140150743711,0.1338741311161826
60604.20184578019,76.22215362590214,0.13486929196329617
60606.70815762236,76.21243279747432,0.1358112780533089
60609.21446946452,76.20224684209097,0.13669956149129617
60611.720781306685,76.19160357903456,0.13753370753503716
60614.227093148846,76.18051082693273,0.13831337173639502
60616.73340499101,76.16897640391835,0.13903829537903367
60619.23971683317,76.15700812746945,0.1397083083716442
60621.746028675334,76.14461381459842,0.14032332392694868
60624.2523405175,76.13180132240814,0.14088332781790658
60626.75865235967,76.11857836766285,0.1413883468728957
60629.26496420183,76.10495249279484,0.14183846735911207
60631.77127604399,76.09093123720959,0.14223385546370035
60634.27758788616,76.07652213941037,0.1425747547290248
60636.78389972832,76.06173273766763,0.14286148921224417
60639.290211570486,76.04657056959695,0.14309445781763516
60641.796523412646,76.0310431724647,0.14327413628456376
60644.30283525481,76.0151580828533,0.14340107848376976
60646.809147096974,75.99892283711233,0.14347591080253289
60649.31545893914,75.98234497092199,0.1434993382956981
60651.8217707813,75.96543201965687,0.14347213786552052
60654.32808262347,75.94819152363925,0.14339516270529415
60656.83439446563,75.93063152645482,0.14326930502453852
60659.3407063078,75.91276097258378,0.14309547538280015
60661.84701814996,75.89458889959496,0.14287464837461636
60664.353329992126,75.87612434478069,0.14260787469750577
60666.859641834286,75.85737634496763,0.14229627466099126
60669.365953676446,75.8383539380302,0.14194104390362725
60671.872265518614,75.81906616572815,0.14154344708540853
60674.378577360774,75.79952207043243,0.14110481981753473
60676.88488920294,75.77973081954406,0.14062653713182824
60679.3912010451,75.75970148228225,0.14010991286126087
60681.89751288727,75.73944336778368,0.139556212689622
60684.40382472943,75.71896642765205,0.13896667090864798
60686.9101365716,75.69828042466543,0.13834257901928165
60689.41644841376,75.67739471638924,0.1376852754615209
60691.922760255926,75.6563181849051,0.13699613716560924
60694.429072098086,75.63505997315224,0.13627658245972177
60696.935383940254,75.61362978059333,0.13552804592083126
60699.441695782414,75.59203659629566,0.13475200503341353
60701.94800762458,75.57028957558214,0.13394995257552011
60704.45431946674,75.54839869122952,0.1331232929184061
60706.9606313089,75.52637383787078,0.13227343455589938
60709.46694315107,75.50422467225872,0.13140175661743678
60711.97325499323,75.48195965882041,0.13050954375232168
60714.4795668354,75.45958702964708,0.12959811019523051
60716.98587867756,75.43711447472015,0.12866881034962072
60719.492190519726,75.41454798621999,0.1277229653838755
60721.99850236189,75.39189302548766,0.1267618038587497
60724.504814204054,75.36915449915978,0.12578642384760316
60727.011126046214,75.3463369620149,0.12479785322395597
60729.51743788838,75.3234465540736,0.12379685455366067
60732.02374973054,75.30049318730016,0.12278382591335416
60734.53006157271,75.27748861711007,0.12175909210921458
60737.03637341487,75.25444678685744,0.12072289218051716
60739.54268525704,75.23138161898532,0.11967549207068115
60742.0489970992,75.2083057051932,0.11861720650391419
60744.55530894136,75.18523130466929,0.11754843140513341
60747.06162078353,75.16217128005519,0.11646963287794498
60749.56793262569,75.13913776264235,0.11538125454060068
60752.074244467854,75.11614213246503,0.11428377962352282
60754.580556310015,75.09319571928063,0.11317781879829458
60757.08686815218,75.07030885088898,0.11206409558492919
60759.59317999434,75.04749110189732,0.11094346006269205
60762.09949183651,75.02475198432512,0.10981691196945334
60764.60580367867,75.00210089022585,0.10868558393970523
60767.11211552084,74.97954662676784,0.10755076903764506
60769.618427363,74.95709752471885,0.10641391665675821
60772.12473920517,74.93476186953194,0.10527662071290889
60774.63105104733,74.91254832020786,0.10414063792190517
60777.137362889494,74.890466002209,0.10300787933632169
60779.643674731655,74.86852452982566,0.10188041346774065
60782.149986573815,74.84673390019452,0.10076047940349024
60784.65629841598,74.82510467880638,0.09965048976208088
60787.16261025814,74.80364760168595,0.09855303092165006
60789.66892210031,74.78237377871119,0.09747083973664054
60792.17523394247,74.7612943592394,0.09640677666565944
60794.68154578464,74.74041948254307,0.09536372318627272
60797.1878576268,74.71975713438587,0.09434450811915601
60799.69416946897,74.69931156224038,0.09335190540774818
60802.20048131113,74.67908401881323,0.09238857448292881
60804.706793153295,74.65907409584906,0.09145672907447733
60807.213104995455,74.63928320797277,0.09055817950700323
60809.71941683762,74.61971299751895,0.08969459503431394
60812.22572867978,74.60036305411631,0.08886749352784944
60814.73204052195,74.58123071817681,0.08807778591989314
60817.23835236411,74.56230924647389,0.0873255624438353
60819.74466420627,74.54359155313432,0.08661058032706023
60822.25097604844,74.525072598095,0.08593246605272493
60824.75728789061,74.50674726663419,0.08529079039786482
60827.26359973277,74.48861133684477,0.0846850614061449
60829.76991157493,74.47066434389853,0.0841146411979396
60832.276223417095,74.45291005815307,0.08357869347402844
60834.782535259255,74.43535195425648,0.08307635035660299
60837.28884710142,74.41799441627518,0.0826065750793128
60839.79515894358,74.40084554377245,0.0821679352166823
60842.30147078575,74.38391842666897,0.0817583370399025
60844.80778262791,74.36722841209848,0.08137543067017712
60847.31409447008,74.3507907782332,0.08101688238752182
60849.82040631224,74.3346200439264,0.08068030823661165
60852.32671815441,74.31872669481527,0.08036336560043579
60854.83302999657,74.3031182240884,0.08006385179229483
60857.33934183873,74.28780112230743,0.07977976479796522
60859.845653680895,74.27278073574678,0.07950929815824832
60862.35196552306,74.25805899199622,0.07925074582891803
60864.85827736522,74.24363589310451,0.07900250404272019
60867.364589207384,74.2295101018808,0.0787631082046861
60869.87090104955,74.21568046293214,0.07853110380000132
60872.37721289171,74.20214677739568,0.07830509860814247
60874.88352473388,74.18890678198659,0.07808374930929621
60877.38983657604,74.17594953405205,0.07786557970883261
60879.89614841821,74.16325899411459,0.0776490348860888
60882.40246026037,74.1508184496488,0.0774326903580739
60884.908772102535,74.13861264714797,0.07721515841048936
60887.415083944696,74.12663095949392,0.07699493310203584
60889.92139578686,74.11486312877969,0.07677059943461663
60892.427707629024,74.10329814122815,0.07654096033415621
60894.934019471184,74.09192622804039,0.07630498986470238
60897.44033131335,74.08074357672012,0.07606154778468177
60899.94664315552,74.0697501260911,0.07580939204834966
60902.45295499768,74.05894834558421,0.0755471403529431
60904.95926683984,74.0483418484655,0.07527359797516996
60907.46557868201,74.03793630220753,0.07498775635237576
60909.97189052417,74.02774022411904,0.07468873856551997
60912.478202366336,74.01776384854747,0.0743758796971089
60914.984514208496,74.00801705176127,0.07404878253122761
60917.49082605066,73.99850909521047,0.0737072692207849
60919.997137892824,73.98925140219217,0.07335123010670644
60922.50344973499,73.98025661474094,0.07298025165658278
60925.00976157715,73.971536666475,0.07259384654582265
60927.51607341932,73.96310311369598,0.07219153445507363
60930.02238526148,73.95496838183317,0.07177300803291031
60932.52869710365,73.94714515913802,0.0713381753448187
60935.03500894581,73.93964508268982,0.07088697641356732
60937.541320787976,73.932479341398,0.07041943499712772
60940.047632630136,73.92566225695191,0.06993538393500283
60942.553944472296,73.91921063931659,0.06943464698410978
60945.060256314464,73.91314210629207,0.06891733554292218
60947.566568156624,73.90747413004283,0.06838388941993157
60950.07287999879,73.90222274925327,0.0678350735164676
60952.57919184095,73.89740294712828,0.06727198700649555
60955.08550368312,73.89302976094768,0.06669606477546157
60957.59181552528,73.88912059919676,0.06610887847168476
60960.09812736745,73.88569511153037,0.0655121097454018
60962.60443920961,73.88276987432619,0.06490762061678622
60965.110751051776,73.88035874940397,0.0642974648852539
60967.617062893936,73.87847381558095,0.0636838206024864
60970.123374736104,73.87712568683492,0.06306901009797536
60972.629686578264,73.87632448891236,0.06245563021668938
60975.13599842043,73.87608025234658,0.06184617251515369
60977.64231026259,73.87640353871757,0.06124296714039705
60980.14862210475,73.87730020754316,0.06064813337681338
60982.65493394692,73.87876924191005,0.060063085001600895
60985.16124578908,73.88080970451847,0.059489027081161126
60987.66755763125,73.88341989416222,0.058927286582283994
60990.17386947341,73.88659281469882,0.05837888677367524
60992.680181315576,73.8903144185897,0.0578438849872869
60995.18649315774,73.89456361869816,0.05732165807481645
60997.692804999904,73.89930752693908,0.05681119091042304
61000.199116842065,73.90451158821816,0.056311315515666927
61002.70542868423,73.91014509869274,0.05582056694787086
61005.21174052639,73.91617721208604,0.05533738032992652
61007.71805236856,73.92257646995131,0.05486052029400739
61010.22436421072,73.92931022756966,0.0543891805575338
61012.73067605289,73.93634343217127,0.053922914842622405
61015.23698789505,73.94364016712643,0.053461736924811064
61017.74329973721,73.9511621093261,0.0530061626380269
61020.24961157938,73.95887113804929,0.05255727019648868
61022.75592342154,73.96673397178529,0.05211638264077609
61025.262235263704,73.97472146817017,0.0516851723688727
61027.768547105865,73.98280450026505,0.05126592542248076
61030.27485894803,73.99095071089687,0.050861464373320515
61032.78117079019,73.99912581598619,0.050474948497344005
61035.28748263236,74.00729690783191,0.05010981380428841
61037.79379447452,74.01543564372696,0.049769462147416926
61040.30010631669,74.02351161162369,0.04945679320771576
61042.80641815885,74.03149220871273,0.04917468587422903
61045.31273000102,74.03934520104667,0.04892631723031626
61047.81904184318,74.04704109876184,0.048714022530918055
61050.325353685344,74.05454957584152,0.048539229035787494
61052.831665527505,74.06183963018702,0.04840363683671733
61055.337977369665,74.06888085404353,0.04830863575980827
61057.84428921183,74.07565486727253,0.04825417491664119
61060.35060105399,74.0821549078646,0.048237912226658436
61062.85691289616,74.08837764924465,0.048256653868007156
61065.36322473832,74.09432065218061,0.048307673172515164
61067.86953658049,74.09998180386901,0.04838896987367079
61070.37584842265,74.10535899299794,0.048499342016568116
61072.88216026482,74.11045007064968,0.048638464049796916
61075.38847210698,74.11525236417947,0.04880691430961704
61077.894783949145,74.11976227665582,0.04900620478054876
61080.401095791305,74.12397583269922,0.04923876281219448
61082.90740763347,74.12788905097841,0.04950792837585264
61085.41371947563,74.13149794398487,0.04981788336428214
61087.9200313178,74.13479848899442,0.05017359329541689
61090.42634315996,74.1377861952933,0.050580452799408315
61092.93265500212,74.14045248560433,0.05104334857221995
61095.43896684429,74.14278627063322,0.05156665650137534
61097.94527868646,74.14477519338834,0.05215466083076329
61100.45159052862,74.14640658479766,0.052811780381135404
61102.95790237078,74.14766678199521,0.053541945702240246
61105.464214212945,74.14854221823043,0.05434742686249233
61107.970526055105,74.14901943417499,0.05522957530921312
61110.47683789727,74.14908521305188,0.05618960788109986
61112.98314973943,74.1487367371883,0.05722774672689937
61115.4894615816,74.14797592116156,0.05834218188140273
61117.99577342376,74.14680469565792,0.0595290229407484
61120.50208526593,74.145226083936,0.06078384916721602
61123.00839710809,74.14324309167,0.06210241469647773
61125.51470895026,74.140857953661,0.06348069493299663
61128.02102079242,74.13807032253226,0.06491468782436509
61130.52733263458,74.13487912524579,0.06640060898181809
61133.033644476745,74.13128295021306,0.06793503267366922
61135.53995631891,74.12727982582146,0.06951489606711563
61138.04626816107,74.12286727629908,0.07113749572633138
61140.552580003234,74.11804249730994,0.07280046832359875
61143.0588918454,74.11280257748149,0.07450174478830289
61145.56520368756,74.10714416883638,0.0762395098725457
61148.07151552973,74.10106369713685,0.07801156372933775
61150.57782737189,74.09455797923147,0.07981483490432233
61153.08413921406,74.08762616201784,0.0816460012204546
61155.59045105622,74.08027019984547,0.08350181513966054
61158.096762898385,74.07249142086448,0.08537924645818422
61160.603074740546,74.06428977765609,0.08727527620501467
61163.10938658271,74.05566727907717,0.0891862210263838
61165.615698424874,74.046626840096,0.09110836725724811
61168.122010267034,74.037171378317,0.0930382215165831
61170.6283221092,74.027303828414,0.0949725082917072
61173.13463395137,74.01702733655475,0.09690815989569515
61175.64094579353,74.00634513433761,0.09884230692866965
61178.14725763569,73.99526045163657,0.10077227729127607
61180.65356947786,73.98377652352974,0.10269558252475991
61183.15988132002,73.97189604457162,0.10460990811745914
61185.666193162186,73.95962099821918,0.1065130976107374
61188.172505004346,73.94695331359435,0.10840316267290144
61190.678816846514,73.93389462874006,0.11027826456234548
61193.185128688674,73.92044554036408,0.11213669763099102
61195.69144053084,73.9066062368911,0.1139768826814011
61198.197752373,73.89237699611135,0.11579735614788862
61200.70406421517,73.87775794925983,0.1175966726046441
61203.21037605733,73.86275022755217,0.11937322508870424
61205.71668789949,73.84735539028043,0.12112533583677794
61208.22299974166,73.83157466681587,0.12285141027108507
61210.729311583826,73.81540913558092,0.12454993874151943
61213.235623425986,73.79886030978832,0.1262194897774365
61215.741935268146,73.78192966935626,0.1278587179960414
61218.248247110314,73.76461788439883,0.12946633963671503
61220.75455895248,73.74692541909462,0.13104112321934994
61223.26087079464,73.72885389379644,0.13258180816996148
61225.7671826368,73.71040477859515,0.1340871153149734
61228.27349447897,73.69157902139432,0.135555828722276
61230.77980632113,73.67237755473798,0.13698680217552406
61233.2861181633,73.65280138279468,0.13837893880762359
61235.79243000546,73.63285151434502,0.13973119871488815
61238.298741847626,73.61252867794929,0.14104260114055142
61240.805053689786,73.5918338812262,0.14231220900534194
61243.31136553195,73.57077009415661,0.14353902145973932
61245.817677374114,73.54934146847518,0.14472205015610298
61248.32398921628,73.52755195148347,0.14586035548759085
61250.83030105844,73.50540502356307,0.1469530154860502
61253.3366129006,73.48290447665931,0.1479991298566513
61255.84292474277,73.46005420948495,0.1489978582321518
61258.34923658494,73.43685812034528,0.14994842957867038
61260.8555484271,73.41332010707265,0.15085014160823162
61263.36186026926,73.38944406699738,0.15170235953329128
61265.868172111426,73.36523389709328,0.152504520355858
61268.37448395359,73.34069349386846,0.15325612493203075
61270.880795795754,73.31582675326354,0.15395674653225008
61273.387107637915,73.29063757097174,0.154606026001319
61275.89341948008,73.2651298421406,0.15520367389770548
61278.39973132224,73.23930746156839,0.15574946814121246
61280.9060431644,73.21317430890485,0.15624325828474364
61283.41235500657,73.18673412043427,0.15668495639546354
61285.91866684874,73.15999055134307,0.15707454268942408
61288.4249786909,73.13294725544256,0.15741206679005834
61290.93129053306,73.10560788623843,0.15769765180457782
61293.43760237523,73.0779760967489,0.15793149065948728
61295.943914217394,73.05005553967203,0.15811384923855196
61298.450226059555,73.02184986724751,0.1582450672753857
61300.956537901715,72.99336273141671,0.158325558596821
61303.46284974388,72.96459778368444,0.15835581068646487
61305.96916158604,72.93555867516989,0.15833638923066623
61308.47547342821,72.90624905671575,0.15826793383212812
61310.98178527037,72.87667243934993,0.15815116201979348
61313.48809711254,72.8468316894432,0.15798685009840543
61315.9944089547,72.81672948687265,0.15777585356382584
61318.50072079686,72.78636851116607,0.15751910660504728
61321.00703263903,72.75575144146933,0.15721762742186257
61323.513344481195,72.72488095658446,0.15687252086879652
61326.019656323355,72.69375959355602,0.15648496756288438
61328.525968165515,72.66238944730867,0.15605621145460455
61331.03228000768,72.6307725306142,0.15558757611684063
61333.53859184985,72.59891085338495,0.15508047599894323
61336.04490369201,72.56680635058547,0.15453638042960932
61338.55121553417,72.5344608721989,0.15395681126997354
61341.05752737634,72.50187626388288,0.15334338464153968
61343.5638392185,72.46905440317823,0.1526978091142888
61346.07015106067,72.43599715825803,0.1520218814381764
61348.57646290283,72.40270628066901,0.15131748997073785
61351.082774744995,72.36918350682936,0.1505866239203474
61353.589086587155,72.33543052440564,0.14983137591603296
61356.09539842932,72.30144850113425,0.149053928031258
61358.60171027148,72.2672379351443,0.14825654413009523
61361.10802211365,72.23279903517869,0.14744154974807483
61363.61433395581,72.19813092283403,0.14661130824394963
61366.12064579797,72.16323233086769,0.14576826024551084
61368.62695764014,72.12810207504845,0.14491491164851647
61371.13326948231,72.09273874079372,0.14405385360423162
61373.63958132447,72.0571400307017,0.14318776037047315
61376.14589316663,72.02130347254206,0.14231936501518355
61378.652205008795,71.9852279046936,0.14145141309346093
61381.158516850955,71.94891145857036,0.14058663463786789
61383.66482869312,71.91235209412116,0.13972775938435592
61386.17114053528,71.87555104774947,0.13887723631996932
61388.67745237745,71.83851414530727,0.13803722117069256
61391.18376421961,71.8012458131816,0.13720983304570145
61393.69007606178,71.76374895598201,0.1363972192255851
61396.19638790394,71.72602591135728,0.1356015551549927
61398.70269974611,71.68807855858631,0.13482509738116707
61401.20901158827,71.64990781622691,0.13407017724106352
61403.71532343043,71.61151309083652,0.1333391885514945
61406.221635272595,71.57289220659004,0.13263457805654533
61408.72794711476,71.53404059931927,0.1319588406349612
61411.23425895692,71.49495182439568,0.13131450265710032
61413.740570799084,71.45561311632628,0.13070392366663017
61416.24688264125,71.41600633214694,0.13012915721138194
61418.75319448341,71.37611241804552,0.12959212982219936
61421.25950632558,71.33591085093212,0.12909471152806642
61423.76581816774,71.29537915444234,0.1286387454664704
61426.27213000991,71.2544945711561,0.12822602585230417
61428.77844185207,71.21323448882322,0.12785829749165367
61431.284753694235,71.17157608526759,0.12753724168234
61433.791065536396,71.12949539520196,0.1272644401929747
61436.29737737856,71.08696708508069,0.1270413199712253
61438.803689220724,71.04396705707768,0.12686898153605855
61441.310001062884,71.00047647934116,0.12674807676239794
61443.81631290505,70.95648188513587,0.1266787094879528
61446.32262474722,70.91197155187547,0.12666051935096864
61448.82893658938,70.86693411234592,0.1266929938700481
61451.33524843154,70.8213601471216,0.1267755621667448
61453.84156027371,70.77524176742008,0.12690757741971762
61456.34787211587,70.72857150198251,0.12708836841566445
61458.854183958036,70.68134274101612,0.12731723596368258
61461.360495800196,70.6335498054541,0.12759347467719406
61463.866807642364,70.5851875074768,0.12791634662780713
61466.373119484524,70.53625188249498,0.12828508486280207
61468.87943132669,70.48674028483038,0.12869886547190285
61471.38574316885,70.4366515402088,0.1291566912721301
61473.89205501102,70.38598687601916,0.1296573874957851
61476.39836685318,70.33475413531414,0.1301995026897787
61478.90467869534,70.28296802379191,0.1307813139751364
61481.41099053751,70.23064402351156,0.13140105458449805
61483.917302379676,70.17779767382308,0.13205700044367946
61486.423614221836,70.1244443897449,0.13274746649154748
61488.929926064,70.07059824607859,0.133470823970465
61491.436237906164,70.01627200323856,0.13422551724882598
61493.94254974833,69.96147779840976,0.1350100587403578
61496.44886159049,69.90622779980185,0.13582300712343517
61498.95517343265,69.8505341464188,0.13666293560984824
61501.46148527482,69.79440884386713,0.1375284541297057
61503.96779711698,69.73786301130895,0.13841808732570549
61506.47410895915,69.68090554027003,0.13933005726384023
61508.98042080131,69.62354431849963,0.14026247470654807
61511.486732643476,69.56578690644528,0.1412135360382498
61513.993044485636,69.5076408553432,0.14218152105326246
61516.4993563278,69.4491134266209,0.14316479030177554
61519.005668169964,69.39021156363015,0.14416177896448118
61521.51198001213,69.33094194672594,0.14517100272705152
61524.01829185429,69.27131140541314,0.1461910572720187
61526.52460369645,69.21132523368578,0.14722049736769563
61529.03091553862,69.1509855240638,0.1482577143806964
61531.53722738079,69.09029345261843,0.149301127309783
61534.04353922295,69.0292501428703,0.15034925607096172
61536.54985106511,68.96785670941426,0.15140067787490072
61539.056162907276,68.90611440331122,0.15245400858831124
61541.56247474944,68.84402448398578,0.15350796266491262
61544.068786591604,68.78158798550385,0.15456135079397335
61546.575098433765,68.71880554631025,0.1556130789612993
61549.08141027593,68.65567776429816,0.1566621472250376
61551.58772211809,68.5922052369151,0.1577076539600166
61554.09403396025,68.52838856113522,0.15874879200705155
61556.60034580242,68.46422833350061,0.15978484246697144
61559.10665764459,68.39972518420836,0.16081516852648176
61561.61296948675,68.33487954401392,0.1618391690623797
61564.11928132891,68.26969109383799,0.16285625550094474
61566.62559317108,68.20415932678407,0.16386589338605465
61569.131905013244,68.13828293660117,0.164867575696407
61571.638216855405,68.07206031036912,0.16586084087272948
61574.144528697565,68.00549000511637,0.16684526592500643
61576.65084053973,67.93857077991197,0.1678204499951535
61579.15715238189,67.87130050289488,0.1687859606337821
61581.66346422406,67.80367666910252,0.16974132455983787
61584.16977606622,67.73569781911647,0.17068604922087238
61586.67608790839,67.66736638825387,0.1716192710801518
61589.18239975055,67.59869037136377,0.17253961146042
61591.68871159271,67.52967920694209,0.17344558811163843
61594.19502343488,67.4603423524677,0.17433576590549085
61596.701335277045,67.39068948457134,0.17520873337054377
61599.207647119205,67.32073034027417,0.17606312877704103
61601.713958961365,67.25047465600073,0.17689764560746088
61604.22027080353,67.17993216773903,0.17771103715396258
61606.7265826457,67.10911261104047,0.17850211461715992
61609.23289448786,67.0380257187062,0.17926974949678073
61611.73920633002,66.96668111591134,0.18001287271765143
61614.24551817219,66.89508770105022,0.18073045886267255
61616.75183001435,66.8232533858245,0.18142152223089889
61619.25814185652,66.7511856493511,0.18208511549604514
61621.76445369868,66.67889177011966,0.1827203398349462
61624.270765540845,66.60637902550661,0.18332635461249025
61626.777077383005,66.53365457485052,0.1839023585566192
61629.28338922517,66.4607250304689,0.18444756650372182
61631.78970106733,66.38759689012659,0.18496124724658977
61634.2960129095,66.31427662877832,0.18544273669777953
61636.80232475166,66.2407704885336,0.18589142692623306
61639.30863659382,66.16708457443747,0.18630677430616738
61641.81494843599,66.09322498955589,0.18668829937407563
61644.32126027816,66.01919783670019,0.18703558508878385
61646.82757212032,65.94500920409337,0.18734827906840842
61649.33388396248,65.87066483735543,0.18762607936703884
61651.840195804645,65.7961701321401,0.18786873642438043
61654.346507646806,65.72153046817402,0.18807606282576883
61656.85281948897,65.64675122484914,0.1882479366197465
61659.35913133113,65.57183781919593,0.1883843003755976
61661.8654431733,65.49679585098056,0.18848515428210733
61664.37175501546,65.42163097517187,0.18855056635494263
61666.87806685763,65.3463488465859,0.18858066589759395
61669.38437869979,65.27095511977677,0.18857564995704335
61671.89069054196,65.19545544920402,0.18853578171862945
61674.39700238412,65.1198554891671,0.1884613888116779
61676.90331422628,65.04416089248843,0.1883528662693229
61679.409626068446,64.9683772221324,0.18821066102529563
61681.91593791061,64.89250976991025,0.18803524739369445
61684.42224975277,64.81656338378525,0.18782714054574345
61686.928561594934,64.74054218533274,0.18758688793537617
61689.4348734371,64.66444958590728,0.18731507153961527
61691.94118527926,64.58828895127226,0.18701233903898581
61694.44749712143,64.51206364704558,0.18667940802679525
61696.95380896359,64.43577703877963,0.1863170650748983
61699.46012080576,64.35943248852345,0.18592616875663268
61701.96643264792,64.28303324223452,0.18550764377609735
61704.472744490085,64.20658240253397,0.18506248471368614
61706.979056332246,64.13008296952103,0.18459175222622654
61709.48536817441,64.05353759052741,0.18409656765399024
61711.991680016574,63.97694882972792,0.18357812194484227
61714.497991858734,63.900319171341835,0.1830376743799953
61717.0043037009,63.82365040573677,0.18247651534388631
61719.51061554307,63.746943853011544,0.18189597859380546
61722.01692738523,63.67020080983548,0.18129746414181083
61724.52323922739,63.59342225831119,0.18068242973849066
61727.02955106956,63.51660849113705,0.1800523319490864
61729.53586291172,63.43975969439589,0.17940868449614122
61732.042174753886,63.362875919537146,0.17875306766531335
61734.548486596046,63.28595662475436,0.17808712572489627
61737.054798438214,63.20900104856082,0.17741256871719574
61739.561110280374,63.1320083429855,0.17673117119123358
61742.06742212254,63.05497743326305,0.17604476555533885
61744.5737339647,62.97790696004995,0.1753552385682022
61747.08004580687,62.90079526941554,0.17466452120022624
61749.58635764903,62.82364099959159,0.17397456382537396
61752.09266949119,62.74644267016083,0.1732872934248779
61754.59898133336,62.66919868869081,0.17260464860363123
61757.105293175526,62.59190707410016,0.17192858030854902
61759.611605017686,62.514565185781976,0.1712610413838649
61762.11791685985,62.43716961734026,0.1706039692198664
61764.624228702014,62.35971675200199,0.16995927123394858
61767.13054054418,62.28220310179313,0.16932879608564141
61769.63685238634,62.20462433677312,0.16871428318209014
61772.1431642285,62.126975123104785,0.16811741119742393
61774.64947607067,62.049251436288614,0.1675395829669379
61777.15578791283,61.97145185386398,0.16698154007733051
61779.662099755,61.89357413836842,0.1664436791263111
61782.16841159716,61.815615235445875,0.16592633100160517
61784.674723439326,61.737571854522685,0.16542982121576663
61787.18103528149,61.6594406307122,0.16495450246906465
61789.68734712365,61.58121808103897,0.16450074734267553
61792.193658965814,61.50290067995229,0.16406894852262732
61794.69997080798,61.42448490171955,0.16365953557137353
61797.20628265014,61.34596719234105,0.1632729810039675
61799.7125944923,61.26734394272353,0.1629097948136126
61802.21890633447,61.18861154705519,0.1625705271758612
61804.72521817664,61.109766634803236,0.16225575220592708
61807.2315300188,61.03080575959757,0.16196601276985967
61809.73784186096,60.95172544822344,0.1617018499043695
61812.244153703126,60.87252292107223,0.1614638166974167
61814.75046554529,60.79319700636415,0.16125245026947674
61817.256777387454,60.71374705153357,0.1610682980576052
61819.763089229615,60.634172246599064,0.16091190711481962
61822.26940107178,60.554471838782774,0.16078377284066012
61824.77571291394,60.47464519231107,0.160684322492395
61827.2820247561,60.394691655470524,0.1606139503882901
61829.78833659827,60.31461182543808,0.16057285499705304
61832.29464844044,60.234407258457395,0.1605606555067734
61834.8009602826,60.154077799968945,0.16057661133394116
61837.30727212476,60.07362281247242,0.1606199430209252
61839.81358396693,59.9930415384697,0.16068971289087736
61842.319895809094,59.91233208352787,0.16078476366712954
61844.826207651255,59.831491970853676,0.16090391543682728
61847.332519493415,59.750518779390404,0.16104603129446823
61849.83883133558,59.66941041751852,0.16121002053834024
61852.34514317774,59.588164895107184,0.16139484663537856
61854.85145501991,59.50678022186548,0.16159954099084003
61857.35776686207,59.42525440730242,0.16182320165468483
61859.86407870424,59.34358546074509,0.16206499857023624
61862.3703905464,59.261771379788115,0.16232417580058917
61864.87670238857,59.179809738972835,0.1626000434621954
61867.38301423073,59.09769757919639,0.1628919754540391
61869.889326072895,59.01543192801546,0.16319942073534122
61872.395637915055,58.933009795178805,0.1635218948355635
61874.901949757215,58.85042798252107,0.16385892991614523
61877.40826159938,58.76768317705137,0.16421011537524913
61879.91457344155,58.68477202390204,0.1645751144917241
61882.42088528371,58.60169082833454,0.16495365395719436
61884.92719712587,58.51843543227733,0.1653455104279266
61887.43350896804,58.435001575046044,0.16575053151823102
61889.9398208102,58.3513850183881,0.16616863190931272
61892.44613265237,58.26758167123626,0.16659979223189433
61894.95244449453,58.18358747607272,0.167044053456282
61897.458756336695,58.09939860731538,0.16750149286600832
61899.965068178855,58.0150108784801,0.1679721753891306
61902.47138002102,57.93041953496504,0.1684561705005811
61904.97769186318,57.84562056824507,0.16895355496971712
61907.48400370535,57.76061090671283,0.16946439921171347
61909.99031554751,57.67538734560003,0.16998877291066403
61912.49662738967,57.58994675943177,0.1705267297664088
61915.00293923184,57.50428628159716,0.17107827637064832
61917.50925107401,57.41840158407285,0.17164331068596678
61920.01556291617,57.332287478027865,0.17222166433543604
61922.52187475833,57.24593963884854,0.172812963007675
61925.028186600495,57.15935648663071,0.17341617356069275
61927.534498442656,57.07253785022726,0.1740298478667834
61930.04081028482,56.98548339873378,0.17465249092584936
61932.54712212698,56.89819347919183,0.17528253251589854
61935.05343396915,56.81067021500712,0.17591820740030537
61937.55974581131,56.722916893151705,0.17655765340133442
61940.06605765348,56.63493705482688,0.17719903258638398
61942.57236949564,56.54673443821957,0.1778405334882783
61945.07868133781,56.45831303302111,0.17848037374887593
61947.58499317997,56.36967685892159,0.1791167827045131
61950.09130502213,56.280829560280836,0.17974801390927056
61952.597616864296,56.191775072482415,0.18037229624954312
61955.10392870646,56.1025188510248,0.18098774608004708
61957.61024054862,56.013067315776425,0.18159243834491598
61960.116552390784,55.92342701979214,0.1821844970203
61962.62286423295,55.833604454484885,0.18276209859789183
61965.12917607511,55.74360605034599,0.183323475148819
61967.63548791728,55.653438235058275,0.18386691958067944
61970.14179975944,55.56310743614449,0.18439079091713126
61972.64811160161,55.47262008094549,0.18489350980759744
61975.15442344377,55.381982596445596,0.18537356490824972
61977.660735285936,55.29120145329216,0.18582950375758409
61980.167047128096,55.20028342210571,0.18625989182556177
61982.67335897026,55.10923539916985,0.18666334492803463
61985.179670812424,55.01806428100099,0.18703854449040833
61987.685982654584,54.926776964071905,0.18738423940455792
61990.19229449675,54.83538034452067,0.1876992456201792
61992.69860633892,54.7438813183835,0.18798244678154466
61995.20491818108,54.652286781638395,0.18823279292756012
61997.71123002324,54.56060363318829,0.18844930130995166
62000.21754186541,54.46883887168951,0.188631046083755
62002.72385370757,54.37699961393082,0.1887771540330585
62005.230165549736,54.285092983351205,0.18888681888466152
62007.736477391896,54.193126108002616,0.188959299505379
62010.242789234064,54.10110620989872,0.18899391668203475
62012.749101076224,54.00904059878667,0.1889900474576536
62015.25541291839,53.916936514666304,0.18894712955569704
62017.76172476055,53.824801062612096,0.18886465028220395
62020.26803660272,53.73264136130456,0.18874215720386348
62022.77434844488,53.640464530384634,0.1885792624457345
62025.28066028704,53.5482776893914,0.18837564356820516
62027.78697212921,53.456087957994896,0.1881310441466762
62030.293283971376,53.36390245576331,0.18784527121421568
62032.799595813536,53.271728302395786,0.18751819971399336
62035.3059076557,53.179572708395426,0.18714976493622354
62037.812219497864,53.08744309494796,0.18673995587374598
62040.31853134003,52.99534662811493,0.18628882039082562
62042.82484318219,52.90329015783209,0.18579645958615051
62045.33115502435,52.811280506284675,0.18526304121647746
62047.83746686652,52.71932449558517,0.18468880080034394
62050.34377870868,52.62742894807889,0.1840740399314335
62052.85009055085,52.53560068587831,0.18341913095748563
62055.35640239301,52.44384653145971,0.18272451473447768
62057.862714235176,52.35217330713931,0.1819907017615198
62060.36902607734,52.260587845303235,0.1812182735256082
62062.8753379195,52.16909714472422,0.18040787515432127
62065.381649761664,52.07770812722447,0.17956020048391955
62067.88796160383,51.9864276067965,0.17867600208398857
62070.39427344599,51.89526226211456,0.177756101005302
62072.90058528815,51.80421876411128,0.1768013945431286
62075.40689713032,51.71330346115428,0.17581283386277435
62077.91320897249,51.622521830926416,0.1747913886689981
62080.41952081465,51.53187919960328,0.17373809522770622
62082.92583265681,51.44138089452463,0.17265407201628147
62085.43214449898,51.35103226223873,0.17154052123372504
62087.93845634114,51.26083879968064,0.17039872495974423
62090.444768183304,51.17080647582043,0.16923003234725445
62092.951080025465,51.08094094761327,0.16803585386864006
62095.45739186763,50.99124711404147,0.1668176666788007
62097.96370370979,50.90172973296285,0.16557701502837482
62100.47001555195,50.81239287501376,0.16431551160218816
62102.97632739412,50.72323901365962,0.16303481385582136
62105.48263923629,50.634270090093196,0.16173665227017572
62107.98895107845,50.54548791118759,0.1604228098245627
62110.49526292061,50.456894184733756,0.15909515729986606
62113.00157476278,50.36849048757904,0.1577556763470968
62115.507886604944,50.28027838120397,0.15640645826780072
62118.014198447105,50.192259427303725,0.15504971118910776
62120.520510289265,50.10443518777538,0.1536877610585053
62123.02682213143,50.016807213840366,0.152323048042513
62125.53313397359,49.929376799926956,0.1509581058052903
62128.03944581576,49.84214428620544,0.14959552326570077
62130.54575765792,49.75510891673184,0.1482379690525995
62133.05206950009,49.66826820605638,0.14688815470557523
62135.55838134225,49.58161821200338,0.14554881951377438
62138.06469318442,49.49515373631584,0.14422277600047426
62140.57100502658,49.40886842289183,0.1429128934426909
62143.077316868745,49.32275469847082,0.141622092337056
62145.583628710905,49.23680206105928,0.14035329956763354
62148.089940553065,49.15099702129373,0.1391094654136384
62150.59625239523,49.065321400761604,0.13789342673854263
62153.1025642374,48.97974871832412,0.1367075958986214
62155.60887607956,48.89424749824684,0.13555409436996882
62158.11518792172,48.80878288310487,0.13443481813518687
62160.62149976389,48.7233177407179,0.13335148153348908
62163.12781160605,48.63781488034874,0.13230578246926752
62165.63412344822,48.55223715247121,0.1312994574515951
62168.14043529038,48.4665479985415,0.13033428046500786
62170.646747132545,48.3807113673538,0.12941209634656964
62173.153058974705,48.294691217597574,0.12853483031391208
62175.65937081687,48.208450807083864,0.1277044528536852
62178.16568265903,48.12195227772463,0.12692295437052192
62180.6719945012,48.03515756211709,0.12619234572918286
62183.17830634336,47.94803153903922,0.12551456642212527
62185.68461818552,47.86054210137809,0.12489127544546655
62188.19093002769,47.772657247725874,0.12432387528556985
62190.69724186986,47.68434533913387,0.12381372941560241
62193.20355371202,47.59557519253576,0.12336222898252007
62195.70986555418,47.50631571264239,0.12297080955219808
62198.216177396345,47.41653664415935,0.1226409325503798
62200.722489238506,47.326209704973735,0.12237405500921937
62203.22880108067,47.23530865079374,0.12217156418845761
62205.735112922834,47.1438086941198,0.12203474563729352
62208.241424765,47.051687910585315,0.12196479940599854
62210.74773660716,46.958930467648315,0.12196252511531726
62213.25404844933,46.865524308537715,0.12202809077800966
62215.76036029149,46.77145818423014,0.12216139283817468
62218.26667213366,46.6767206407676,0.12236230135019825
62220.77298397582,46.58130078461545,0.12263066916604037
62223.27929581798,46.48518744681496,0.12296634991560355
62225.785607660146,46.388367908017244,0.1233691856785916
62228.29191950231,46.290826191427186,0.12383897076661551
62230.79823134447,46.192543572891736,0.12437547235449219
62233.304543186634,46.09350031535723,0.1249784395668558
62235.8108550288,45.99367661913857,0.12564746931120263
62238.31716687096,45.8930516463879,0.12638191168386553
62240.82347871313,45.79160329530714,0.127181030702442
62243.32979055529,45.689308865199564,0.12804406930430373
62245.83610239746,45.586144504195545,0.12897023082979947
62248.34241423962,45.482086844422156,0.12995872296029287
62250.848726081786,45.377114616770996,0.13100871463758618
62253.355037923946,45.27120791465859,0.13211928171715703
62255.86134976611,45.16434962408675,0.13328934116869273
62258.367661608274,45.05652615564031,0.13451770886157502
62260.873973450434,44.947727632425085,0.13580292560797388
62263.3802852926,44.83794719164871,0.13714292170544573
62265.88659713477,44.72717967611061,0.13853523629940528
62268.39290897693,44.615421195306226,0.1399773738391434
62270.89922081909,44.502670038189535,0.14146685111132
62273.40553266126,44.38892550473247,0.14300119624760138
62275.91184450342,44.274190786716645,0.1445778548123666
62278.418156345586,44.15847248453065,0.14619411829640303
62280.924468187746,44.04177800891921,0.14784731657360256
62283.430780029914,43.92411487872596,0.14953488393640366
62285.937091872074,43.80549056275049,0.15125435319865915
62288.44340371424,43.68591251525504,0.15300337035375527
62290.9497155564,43.56538818949775,0.15477970283168774
62293.45602739857,43.44392503838753,0.15658123470569024
62295.96233924073,43.32153079255659,0.15840596402329024
62298.46865108289,43.198213990879594,0.16025197100403402
62300.97496292506,43.073983691167086,0.16211742428043496
62303.481274767226,42.94884896678559,0.16400059596046498
62305.987586609386,42.82281865022378,0.1658998297123947
62308.49389845155,42.695901021535974,0.1678134353423921
62311.000210293714,42.56810440066329,0.16973972992136563
62313.50652213588,42.43943816154206,0.17167707659964715
62316.01283397804,42.30991250091756,0.17362386799410487
62318.5191458202,42.17953859582485,0.1755785427251679
62321.02545766237,42.04832833206456,0.17753955475205438
62323.53176950453,41.9162924370612,0.17950515509148013
62326.0380813467,41.783439714388805,0.18147344987335878
62328.54439318886,41.649779245475656,0.1834425876939111
62331.050705031026,41.51532128153485,0.18541075821939634
62333.55701687319,41.380076481975266,0.18737621348845493
62336.06332871535,41.24405553111865,0.18933728033634556
62338.569640557515,41.10726911241363,0.19129236824887758
62341.07595239968,40.96972790827567,0.19323996075386848
62343.58226424184,40.83144260023255,0.19517861762448285
62346.088576084,40.692423868895276,0.19710697246408312
62348.59488792617,40.552682393885334,0.1990237297080926
62351.10119976834,40.41222885380557,0.20092766468224116
62353.6075116105,40.27107392670587,0.2028176187746453
62356.11382345266,40.12922828939918,0.20469250083280266
62358.62013529483,39.98670261801453,0.20655128202182518
62361.12644713699,39.84350757957145,0.2083929950040504
62363.632758979154,39.69965339364717,0.2102166769455067
62366.139070821315,39.55514909165504,0.21202128791203523
62368.64538266348,39.41000316453574,0.2138057362229419
62371.15169450564,39.26422455780266,0.21556895583686003
62373.6580063478,39.117822260639514,0.21730993257353515
62376.16431818997,38.970805261516944,0.2190277071493038
62378.67063003214,38.82318254794518,0.22072137297214628
62381.1769418743,38.67496310711431,0.22239007532985688
62383.68325371646,38.526155944215134,0.2240330096628471
62386.18956555863,38.3767700894532,0.22564940340842865
62388.695877400794,38.22681456056307,0.22723851946400317
62391.202189242955,38.076298373533064,0.22879966813444022
62393.708501085115,37.92523054371122,0.2303322081243522
62396.21481292728,37.77362008826458,0.2318355457743509
62398.72112476944,37.62147613646812,0.2333091307123569
62401.22743661161,37.46880781286745,0.23475243770310078
62403.73374845377,37.315624207025394,0.23616498227553492
62406.24006029594,37.161934411749826,0.23754632352073676
62408.7463721381,37.00774751881545,0.2388960666335936
62411.25268398027,36.85307261972048,0.24021386038170509
62413.75899582243,36.697918805046356,0.241499397884224
62416.265307664595,36.54229516493797,0.24275241563588748
62418.771619506755,36.38621078894357,0.2439726934149463
62421.277931348915,36.229674765942036,0.2451600541044306
62423.78424319108,36.07269608505885,0.24631435967642942
62426.29055503325,35.915283296693815,0.24743549527614686
62428.79686687541,35.75744482866139,0.24852338429538726
62431.30317871757,35.5991891084268,0.2495779918741036
62433.80949055974,35.44052456278587,0.2505993227142515
62436.3158024019,35.28145961808332,0.2515874240234521
62438.82211424407,35.12200270014,0.25254238463477463
62441.32842608623,34.9621622342529,0.2534643322598007
62443.834737928395,34.80194664528244,0.2543534361661493
62446.341049770555,34.64136435743421,0.2552099068999344
62448.84736161272,34.480423794768285,0.25603399421072537
62451.35367345488,34.31913338052982,0.256825988511666
62453.85998529705,34.15750153778936,0.2575862202693926
62456.36629713921,33.99553668904991,0.2583150590346255
62458.87260898137,33.8332472564216,0.25901291557689143
62461.37892082354,33.67064166160708,0.2596802387555386
62463.88523266571,33.507728325843345,0.2603175180700172
62466.39154450787,33.344515670090914,0.26092528184647074
62468.89785635003,33.18101211478643,0.2615040975926129
62471.404168192195,33.01722608009004,0.262054570849563
62473.910480034356,32.85316598578356,0.2625773474952408
62476.41679187652,32.68884025129955,0.26307311133995087
62478.923103718684,32.524257299432065,0.2635425786746384
62481.42941556085,32.35942558666284,0.26398645834911705
62483.93572740301,32.194353555038106,0.2644054739166335
62486.44203924518,32.02904964941263,0.2648003857739945
62488.94835108734,31.86352231129422,0.26517198007931964
62491.45466292951,31.697779836991685,0.2655210497054591
62493.96097477167,31.53183048538631,0.2658484180350842
62496.46728661383,31.365682514864602,0.2661549461405919
62498.973598455996,31.199344183609355,0.2664415321370298
62501.47991029816,31.032823749628733,0.26670911034536876
62503.986222140324,30.866129470523447,0.26695865269706737
62506.492533982484,30.69926960376324,0.2671911657861807
62508.99884582465,30.53225240665779,0.2674076939018683
62511.50515766681,30.36508613258775,0.26760930721577714
62514.01146950898,30.197779104244546,0.267797091552302
62516.51778135114,30.0303397635289,0.267972146445365
62519.02409319331,29.862776569250855,0.2681355975916092
62521.53040503547,29.69509801195818,0.2682886032042847
62524.036716877636,29.52731273487734,0.26843235124839765
62526.543028719796,29.359429447198636,0.2685680598488512
62529.04934056196,29.191456919215852,0.2686969714653043
62531.555652404124,29.02340396521322,0.2688203547359116
62534.061964246284,28.85527940047905,0.2689395030467502
62536.56827608845,28.68709204022889,0.2690557402146347
62539.07458793062,28.51885069963464,0.26917041278699677
62541.58089977278,28.350564193882747,0.2692848920326831
62544.08721161494,28.182241387519753,0.2694005556999183
62546.59352345711,28.01389206800377,0.2695186598541331
62549.09983529927,27.845527096869773,0.269640330614963
62551.606147141436,27.677157492624247,0.2697666871769564
62554.112458983596,27.5087945657433,0.2698988288798808
62556.618770825764,27.340449937895755,0.2700378547754988
62559.125082667924,27.17213548035943,0.27018485245697565
62561.63139451009,27.00386242356035,0.2703408763897393
62564.13770635225,26.83564091316657,0.2705069039716588
62566.64401819442,26.66748053461197,0.2706838566514657
62569.15033003658,26.49939124265802,0.2708725688013266
62571.65664187874,26.331381507989136,0.2710735301183389
62574.16295372091,26.163458072689536,0.271287021407016
62576.669265563076,25.995627589931246,0.27151329549139885
62579.175577405236,25.82789620780386,0.27175257288749693
62581.6818892474,25.660270030428364,0.2720050610138117
62584.188201089564,25.49275519969524,0.2722709760957432
62586.69451293173,25.325358458823757,0.2725505285357861
62589.20082477389,25.158087182659074,0.2728439237400899
62591.70713661605,24.990948592545465,0.2731513684225936
62594.21344845822,24.823949868659838,0.27347308337663334
62596.71976030038,24.65709816112212,0.27380929938807974
62599.22607214255,24.4904002044932,0.27416023691200153
62601.73238398471,24.32386242992652,0.27452611154714024
62604.238695826876,24.157491243604454,0.27490714992550713
62606.74500766904,23.99129295367311,0.275303591856557
62609.2513195112,23.82527379066596,0.27571568518565215
62611.757631353365,23.659439982438926,0.27614369353877294
62614.26394319553,23.493797756746062,0.2765878927351484
62616.77025503769,23.328353341814363,0.27704857400700933
62619.27656687985,23.163112965907203,0.2775260414684812
62621.78287872202,22.99808278738783,0.2780206033303947
62624.28919056419,22.83326865266281,0.27853254750461853
62626.79550240635,22.668676076689735,0.2790621393329555
62629.30181424851,22.504310413904022,0.27960964303143565
62631.80812609068,22.340176666119078,0.28017530659850765
62634.31443793284,22.17627967032604,0.28075937480659136
62636.820749775005,22.012623960945348,0.2813620819642395
62639.327061617165,21.84921374740952,0.28198364733822967
62641.83337345933,21.686053280325723,0.2826242559170618
62644.33968530149,21.523147646978032,0.28328397680704437
62646.84599714365,21.360502391980845,0.2839628048376339
62649.35230898582,21.198122739806422,0.28466057185218807
62651.85862082799,21.03601387688832,0.2853769848429977
62654.36493267015,20.874181085062446,0.2861117160183757
62656.87124451231,20.712629711393674,0.28686443484098534
62659.37755635448,20.551365390711,0.2876347953299197
62661.883868196644,20.39039398712339,0.28842245103027714
62664.390180038805,20.22972139362537,0.28922706075019083
62666.896491880965,20.069353738595964,0.29004826357513
62669.40280372313,19.909297486352443,0.29088564460192634
62671.90911556529,19.74955915166356,0.2917387882194913
62674.41542740746,19.59014524930535,0.29260727887418136
62676.92173924962,19.431062273142743,0.29349066512518357
62679.42805109179,19.272317018403555,0.29438845979068823
62681.93436293395,19.11391646908305,0.2953001683519576
62684.44067477612,18.955867971642874,0.29622526835962226
62686.94698661828,18.798179004254052,0.297163231593771
62689.453298460445,18.640857098740526,0.2981135179213193
62691.959610302605,18.48390973813366,0.2990755610301933
62694.465922144765,18.32734395629086,0.3000487319568353
62696.97223398693,18.171167082866305,0.3010323497854617
62699.4785458291,18.01538706478459,0.30202569234919646
62701.98485767126,17.86001195586141,0.30302781315761373
62704.49116951342,17.705047864365042,0.30403754336995514
62706.99748135559,17.550500834149716,0.30505368405473665
62709.50379319775,17.396377107717854,0.30607504257416035
62712.01010503992,17.24268332838983,0.30710041527993553
62714.51641688208,17.089426206366625,0.30812861259575086
62717.022728724245,16.936612452329427,0.3091584636945916
62719.529040566405,16.784248777439643,0.310188818162402
62722.03535240857,16.632341893586272,0.31121854690150036
62724.54166425073,16.48089851304394,0.3122465435290683
62727.0479760929,16.329925348763936,0.3132717240852564
62729.55428793506,16.179429121228168,0.3142930285323286
62732.06059977722,16.02941700309748,0.3153094020414304
62734.56691161939,15.87989688507514,0.3163197835962938
62737.07322346156,15.730876722489484,0.3173231361186228
62739.57953530372,15.582364470974426,0.3183184475664866
62742.08584714588,15.434368087167968,0.31930473284398136
62744.592158988045,15.286895528086461,0.3202810344490977
62747.098470830206,15.139954751401092,0.3212464230150648
62749.60478267237,14.993553715525195,0.32219999532804333
62752.111094514534,14.847700379526941,0.32314087777573147
62754.6174063567,14.702402703114785,0.324068224093619
62757.12371819886,14.557668646681122,0.32498121766203014
62759.63003004103,14.41350617124408,0.32587906859325044
62762.13634188319,14.26992323876766,0.32676101718024586
62764.64265372536,14.126927811579662,0.3276263312632521
62767.14896556752,13.98452785302652,0.3284743087813208
62769.65527740968,13.84273132699309,0.3293042747282372
62772.161589251846,13.701546198237338,0.3301155832343027
62774.66790109401,13.56098043223028,0.3309076183050487
62777.174212936174,13.421041995155974,0.33167979023482663
62779.680524778334,13.281738853969728,0.33243153920993734
62782.1868366205,13.143078976558172,0.33316233314902405
62784.69314846266,13.00507033141912,0.33387166830746506
62787.19946030483,12.8677208879526,0.33455906864861884
62789.70577214699,12.731038616315345,0.335224086245591
62792.21208398916,12.595031487522647,0.33586630053932776
62794.71839583132,12.459707473404706,0.33648531856862784
62797.224707673486,12.325074546708493,0.3370807747805928
62799.731019515646,12.191140680879471,0.3376523308749105
62802.237331357814,12.05791385032353,0.33819967419621544
62804.743643199974,11.92540203036333,0.33872252084411497
62807.249955042134,11.793613197121886,0.3392206119428884
62809.7562668843,11.662555327580776,0.339693715357725
62812.26257872647,11.532236399827525,0.34014162430351996
62814.76889056863,11.402664392531733,0.3405641593694502
62817.27520241079,11.273847285629017,0.34096116487039513
62819.78151425296,11.145793059724383,0.341332512310581
62822.28782609512,11.018509763802285,0.3416780934348759
62824.794137937286,10.892005810936098,0.34199780574698474
62827.300449779446,10.766289736842737,0.342291565892057
62829.806761621614,10.641370078490581,0.34255931383464205
62832.313073463774,10.51725537366292,0.34280101461458656
62834.81938530594,10.39395416129264,0.3430166572088018
62837.3256971481,10.271474981243955,0.34320625454941467
62839.83200899027,10.149826374356053,0.34336984403743276
62842.33832083243,10.029016882559517,0.34350748567515876
62844.84463267459,9.909055048861774,0.34361926360363565
62847.35094451676,9.78994941712881,0.34370528428177205
62849.857256358926,9.671708532507182,0.3437656784530353
62852.363568201086,9.554340941118426,0.34380059873761293
62854.86988004325,9.437855190131813,0.3438102198758653
62857.376191885414,9.322259827822563,0.3437947402375785
62859.88250372758,9.207563403586391,0.3437543790435775
62862.38881556974,9.093774467939511,0.34368937740517924
62864.8951274119,8.980901572533185,0.34359999895491855
62867.40143925407,8.868953270051861,0.343486527229319
62869.90775109623,8.757938114373246,0.3433492677631448
62872.4140629384,8.64786466062651,0.3431885462539833
62874.92037478056,8.538741465003113,0.3430047087036891
62877.426686622726,8.430577084931429,0.3427981211651763
62879.93299846489,8.323380078887567,0.3425691698264471
62882.43931030705,8.21715900671552,0.34231825964756746
62884.945622149215,8.111922429336119,0.342045814269128
62887.45193399138,8.007678908994421,0.34175227665865676
62889.95824583354,7.904437009128742,0.3414381069235965
62892.4645576757,7.802205294370651,0.34110378376537076
62894.97086951787,7.700992330675945,0.34074980255369836
62897.47718136004,7.600806685091811,0.34037667464909444
62899.9834932022,7.501656798296608,0.339984923695781
62902.48980504436,7.403550533665111,0.33957506397746423
62904.99611688653,7.306495592318242,0.33914761935999593
62907.50242872869,7.210499662331131,0.3387031256409072
62910.008740570855,7.115570061825565,0.338242092535832
62912.515052413015,7.021713716749218,0.33776499982685027
62915.02136425518,6.9289375303415,0.3372723378018381
62917.52767609734,6.837248166870268,0.3367646034018515
62920.0339879395,6.746651949164516,0.33624229748436674
62922.54029978167,6.657155175511434,0.33570593182719427
62925.04661162384,6.568764145231398,0.33515602796366284
62927.552923466,6.4814851592091145,0.33459311874437625
62930.05923530816,6.3953245196607895,0.33401774485667246
62932.56554715033,6.310288356660749,0.33343044890229756
62935.071858992495,6.226381952910742,0.3328317292052143
62937.578170834655,6.143610115337651,0.3322220329052785
62940.084482676815,6.061977302109881,0.3316017927880654
62942.59079451898,5.981486821463477,0.3309713921167036
62945.09710636114,5.902141434142322,0.3303311967743479
62947.60341820331,5.823943313943801,0.3296815600253717
62950.10973004547,5.746893670489953,0.32902280775481685
62952.61604188764,5.670992178076631,0.32835517576629236
62955.1223537298,5.596237078494596,0.32767879671085376
62957.62866557197,5.522625879370025,0.3269937350338934
62960.13497741413,5.450151868149987,0.3262997535643156
62962.641289256295,5.3788032522570575,0.32559625755254445
62965.147601098455,5.308567183325067,0.3248825790652028
62967.653912940616,5.239430640955106,0.3241580452951033
62970.16022478278,5.171380050538573,0.32342196336215434
62972.66653662495,5.104401718170266,0.32267364177189417
62975.17284846711,5.038481950876303,0.32191240060928555
62977.67916030927,4.9736070570361335,0.3211375690833205
62980.18547215144,4.909763346717227,0.3203484896231552
62982.6917839936,4.84693713078741,0.3195445185467236
62985.19809583577,4.785114721729769,0.3187250270633879
62987.70440767793,4.724282432929613,0.3178894023181932
62990.210719520095,4.66442657931475,0.3170370481323933
62992.717031362256,4.60553347687528,0.31616738776398196
62995.22334320442,4.5475894427800085,0.3152798629190584
62997.72965504658,4.490580795463757,0.31437393706958777
63000.23596688875,4.434493854467291,0.31344909512982805
63002.74227873091,4.379314940262702,0.3125048437144196
63005.24859057307,4.325030374879134,0.31154071434692543
63007.75490241524,4.271626481146086,0.31055626294713445
63010.26121425741,4.219089583028108,0.30955107125836007
63012.76752609957,4.167406005697558,0.3085247480672004
63015.27383794173,4.116562075127149,0.3074769299620921
63017.780149783895,4.066544118570164,0.3064072826514264
63020.286461626056,4.017338470584946,0.3053155005118465
63022.79277346822,3.968931481213076,0.3042013086762727
63025.299085310384,3.921309503261,0.30306446334308307
63027.80539715255,3.874458897742443,0.3019047537127636
63030.31170899471,3.828366095884121,0.3007219992039299
63032.81802083688,3.783017570254742,0.29951605239095475
63035.32433267904,3.7383997958968394,0.29828680153606896
63037.83064452121,3.694499263627222,0.2970341713037431
63040.33695636337,3.6513024771993514,0.2957581244564147
63042.84326820553,3.608795941065182,0.29445866297463935
63045.349580047696,3.56696616091358,0.2931358290493698
63047.85589188986,3.5257996432774235,0.2917897071190024
63050.362203732024,3.485282895126147,0.29042042357677617
63052.868515574184,3.4454024261794984,0.28902814908237445
63055.37482741635,3.4061448516586097,0.2876130943373532
63057.88113925851,3.3674970107822446,0.28617551250314305
63060.38745110068,3.3294457936281106,0.2847157024683043
63062.89376294284,3.2919781444506953,0.2832340102986786
63065.40007478501,3.2550810480170185,0.2817308301653374
63067.90638662717,3.2187415837397566,0.28020660703974165
63070.412698469336,3.182946968023316,0.2786618356706576
63072.919010311496,3.1476844967110083,0.27709706123189787
63075.425322153664,3.1129416025505634,0.27551288193470835
63077.931633995824,3.078705781386816,0.27390994690536824
63080.437945837984,3.04496479142108,0.27228892675542354
63082.94425768015,3.011706393735949,0.27065052636701387
63085.45056952232,2.978918353721383,0.26899550953719453
63087.95688136448,2.9465885146637447,0.2673247083207487
63090.46319320664,2.9147048568556784,0.2656390233779408
63092.96950504881,2.883255375927547,0.26393942835715944
63095.47581689097,2.852228067931719,0.2622269719004924
63097.982128733136,2.821610929342569,0.2605027812451998
63100.4884405753,2.7913919572456507,0.25876806448118317
63102.994752417464,2.761559149090317,0.2570241126816658
63105.501064259624,2.7321005029953085,0.2552723034822747
63108.00737610179,2.703004017486819,0.2535141032513692
63110.51368794395,2.6742576911783544,0.2517510702069344
63113.01999978612,2.645849523760262,0.2499848570353091
63115.52631162828,2.617767514951993,0.24821721356073803
63118.03262347044,2.5899996647640364,0.2464499887586588
63120.53893531261,2.562533973934478,0.24468513561539734
63123.045247154776,2.535358443390578,0.2429247105022156
63125.55155899694,2.5084610743651865,0.24117087832216008
63128.0578708391,2.4818298684986075,0.23942591292426751
63130.564182681264,2.4554528278822545,0.23769219944578898
63133.07049452343,2.4293179546803003,0.23597223720052807
63135.57680636559,2.4034132514789235,0.23426863874223577
63138.08311820775,2.3777267212426523,0.23258413338530065
63140.58943004992,2.352246366936015,0.23092156543986755
63143.09574189208,2.326960192323895,0.229283896763619
63145.60205373425,2.301856282472727,0.22767419977560702
63148.10836557641,2.2769233400467783,0.22609563940756847
63150.614677418576,2.2521503490715986,0.22455148228133026
63153.12098926074,2.2275262996699894,0.22304510385885523
63155.6273011029,2.203040497013717,0.2215799688329532
63158.133612945065,2.1786827632022323,0.22015961668855427
63160.63992478723,2.154442968472722,0.21878767961625695
63163.14623662939,2.1303110294538783,0.21746787292089498
63165.65254847155,2.1062769644195214,0.2162039804148314
63168.15886031372,2.0823308860417455,0.21499984949085107
63170.66517215589,2.058463217836106,0.21385936457847057
63173.17148399805,2.0346644585952163,0.21278645182139186
63175.67779584021,2.0109251203539316,0.21178507178891348
63178.18410768238,1.9872360248846235,0.210859176053386
63180.69041952454,1.9635885746247368,0.210012665461514
63183.196731366705,1.9399753577527008,0.2092493676756506
63185.703043208865,1.9163903862645384,0.20857302259566168
63188.20935505103,1.8928297961392673,0.20798721196714096
63190.71566689319,1.869290429072862,0.2074954098457751
63193.22197873535,1.8457696050209051,0.20710095730720787
63195.72829057752,1.8222650883838014,0.20680701214764302
63198.23460241969,1.7987758440795005,0.20661649273536942
63200.74091426185,1.7753047611768125,0.20653201343558342
63203.24722610401,1.7518570990141598,0.20655588498800173
63205.75353794618,1.7284395386377582,0.20668972451352915
63208.259849788345,1.7050591009756317,0.20693424605965338
63210.766161630505,1.681723123328993,0.20728968811664536
63213.272473472665,1.6584391821816098,0.20775603331957326
63215.77878531483,1.6352147456782404,0.20833300190013396
63218.28509715699,1.6120581072900677,0.20902002593493185
63220.79140899916,1.5889786655607168,0.20981623153186532
63223.29772084132,1.5659873116092058,0.2107204523649256
63225.80403268349,1.543094245091197,0.2117312501909361
63228.31034452565,1.5203067749753245,0.21284661921407785
63230.81665636782,1.4976300347552751,0.21406395602407088
63233.32296820998,1.4750696400842571,0.2153804090349023
63235.829280052145,1.4526287210765076,0.21679270459886915
63238.335591894305,1.4303076238493304,0.21829703329080083
63240.841903736466,1.4081068616524135,0.21988942297473696
63243.34821557863,1.3860271308276424,0.2215658530665689
63245.8545274208,1.3640695700760261,0.22332225835138567
63248.36083926296,1.3422354697413539,0.22515456202950468
63250.86715110512,1.320526120452996,0.22705870200107478
63253.37346294729,1.2989428129894804,0.22903064663207476
63255.87977478945,1.2774868382966815,0.231066407839902
63258.38608663162,1.2561594874550792,0.23316205183473368
63260.89239847378,1.2349620517434232,0.23531371095863432
63263.398710315945,1.2138958225532406,0.23751758914592178
63265.905022158106,1.1929620914834231,0.23976997316174709
63268.41133400027,1.172162150265649,0.24206723629696852
63270.91764584243,1.151497290813495,0.24440584377572627
63273.4239576846,1.1309688051878766,0.24678235727478667
63275.93026952676,1.1105779856479785,0.24919343622048418
63278.43658136892,1.090326124594867,0.25163584180969256
63280.94289321109,1.0702145146115072,0.2541064363835332
63283.44920505326,1.050244448471858,0.2566021846863515
63285.95551689542,1.0304172190899408,0.25912015564835733
63288.46182873758,1.0107341196035122,0.2616575173385511
63290.968140579746,0.9911964432649256,0.26421154045133993
63293.474452421906,0.9718054835757357,0.26677959516284966
63295.98076426407,0.9525625341757404,0.2693591487958516
63298.487076106234,0.9334688888848177,0.2719477651874541
63300.9933879484,0.9145258417356672,0.27454310159016065
63303.49969979056,0.8957346869246976,0.2771429065868113
63306.00601163273,0.8770967188502254,0.2797450184542765
63308.51232347489,0.8586132320942852,0.2823473619217408
63311.01863531706,0.8402855214262672,0.28494794519387623
63313.52494715922,0.8221148818138317,0.2875448582353077
63316.03125900138,0.8041026084101759,0.29013626986841745
63318.537570843546,0.7862499965885945,0.29272042536367354
63321.04388268571,0.7685583418897295,0.2952956435935476
63323.550194527874,0.7510289400706824,0.2978603147438231
63326.056506370034,0.7336630870868248,0.30041289756205125
63328.5628182122,0.7164620790954359,0.30295191729598475
63331.06913005436,0.6994272124466079,0.30547596265244464
63333.57544189653,0.6825597837250825,0.3079836849779702
63336.08175373869,0.6658610896975006,0.3104737938073656
63338.58806558086,0.6493324273378676,0.3129450573407225
63341.09437742302,0.6329750938512007,0.3153962984056591
63343.600689265186,0.6167903866444249,0.317826393031783
63346.107001107346,0.6007796033209161,0.32023426910715247
63348.613312949514,0.5849440417368896,0.32261890331805254
63351.119624791674,0.5692849999286409,0.3249793211124399
63353.625936633834,0.5538037761762098,0.32731459304982186
63356.132248476,0.5385016689597251,0.3296238353751402
63358.63856031817,0.5233799770012411,0.3319062067555179
63361.14487216033,0.5084399992319959,0.3341609073603735
63363.65118400249,0.4936830348215153,0.3363871775911351
63366.15749584466,0.47911038314850884,0.33858429754404906
63368.66380768682,0.4647233438281546,0.3407515834332869
63371.170119528986,0.4505232167284703,0.3428883890006068
63373.67643137115,0.43651130189027754,0.3449941032541674
63376.182743213314,0.42268889965816925,0.347068149093959
63378.689055055474,0.4090573105640942,0.3491099824822866
63381.19536689764,0.3956178353873838,0.35111909216707987
63383.7016787398,0.38237177515475196,0.3530949976938639
63386.20799058197,0.3693204311130103,0.3550372495294344
63388.71430242413,0.3564651047854568,0.3569454273098541
63391.22061426629,0.3438070979100303,0.35881914011094496
63393.72692610846,0.33134771246113814,0.360658023975683
63396.233237950626,0.31908825068967417,0.3624617440918742
63398.73954979279,0.3070300150793628,0.3642299906187319
63401.24586163495,0.29517430833402614,0.36596248147833876
63403.752173477114,0.2835224334667146,0.36765895908260526
63406.25848531928,0.27207569371421414,0.3693191907645984
63408.76479716144,0.2608353925479605,0.3709429691249953
63411.2711090036,0.24980283372860868,0.37253011000881
63413.77742084577,0.23897932124964427,0.374080453442873
63416.28373268793,0.22836615937376337,0.3755938618558998
63418.7900445301,0.21796465263651044,0.3770702212888805
63421.29635637226,0.2077761058080796,0.37850943884257165
63423.80266821443,0.19780182394606527,0.37991144445487485
63426.30898005659,0.18804311237181537,0.38127618922611733
63428.81529189875,0.17850127664860338,0.3826036459534552
63431.321603740915,0.169177622647112,0.3838938077415397
63433.82791558308,0.16007345647267357,0.3851466889768386
63436.33422742524,0.15119008452893468,0.38636232428926076
63438.8405392674,0.14252881348693336,0.3875407683771741
63441.34685110957,0.13409095027782314,0.3886820960347769
63443.85316295174,0.1258778021292528,0.3897864013052006
63446.3594747939,0.11789067654535756,0.39085379852991514
63448.86578663606,0.11013088128129311,0.3918844209303665
63451.37209847823,0.10259972442509024,0.39287842091421465
63453.87841032039,0.09529851430488634,0.3938359698574461
63456.384722162555,0.08822855955259001,0.39475725774896225
63458.891034004715,0.08139116907841526,0.3956424944565049
63461.39734584688,0.0747876520963473,0.3964919069625045
63463.90365768904,0.06841931810413371,0.3973057411593556
63466.4099695312,0.06228747687418945,0.3980842617167755
63468.91628137337,0.056393438471786794,0.39882775081642574
63471.42259321554,0.05073851331144397,0.39953650936641305
63473.9289050577,0.045324012029595906,0.40021085578822335
63476.43521689986,0.040151245606466546,0.4008511270773321
63478.94152874203,0.03522152530604217,0.40145767702138146
63481.447840584195,0.030536162694261293,0.4020308783263498
63483.954152426355,0.02609646965538559,0.4025711204882062
63486.460464268515,0.021903758357439074,0.4030788106876476
63488.96677611068,0.017959341275854968,0.40355437402143285
63491.47308795284,0.014264531222579535,0.4039982527577471
63493.97939979501,0.010820641273312503,0.40441090624504233
63496.48571163717,0.007628984860275523,0.4047928116890539
63498.99202347934,0.004690875695814611,0.4051444627841954
63501.4983353215,0.0020076278215128696,0.4054663707670315
63504.00464716367,-0.00041944441727537196,0.40575906362036435
63506.51095900583,-0.0025890263295877958,0.40602308616131916
63509.017270847995,-0.0044998029406997375,0.40625900051242475
63511.523582690155,-0.006150458937554504,0.40646738486755135
63514.029894532316,-0.0075396786705823615,0.40664883429236914
63516.53620637448,-0.008666146197356284,0.406803960281915
63519.04251821665,-0.00952854522074631,0.4069333902262243
63521.54883005881,-0.01012555913439428,0.40703776865322533
63524.05514190097,-0.010455870997247985,0.40711775528488775
63526.56145374314,-0.010518163540837122,0.40717402582177437
63529.0677655853,-0.010311119151083403,0.40720727175332405
63531.57407742747,-0.00983341990468034,0.4072182004009641
63534.08038926963,-0.009083747510885587,0.4072075334773318
63536.586701111795,-0.008060783373366576,0.4071760089252716
63539.093012953956,-0.006763208531992859,0.4071243783743202
63541.59932479612,-0.005189703702853876,0.40705340831252157
63544.10563663828,-0.0033389492509741103,0.4069638803152079
63546.61194848045,-0.0012096251903130906,0.40685658876257136
63549.11826032261,0.0011995887853117893,0.4067323418493872
63551.62457216477,0.0038900133404240478,0.40659196208223547
63554.13088400694,0.006862969519715989,0.406436283591743
63556.63719584911,0.010119778668013168,0.4062661532503566
63559.14350769127,0.013661762508490938,0.40608243049690596
63561.64981953343,0.017490243121756066,0.4058859858617846
63564.156131375596,0.02160647460459586,0.40567769263870673
63566.662443217756,0.02601145173957775,0.40545840022835905
63569.16875505992,0.030706107945661643,0.40522896082555565
63571.675066902084,0.03569138460443355,0.4049902341387316
63574.18137874425,0.04096837368524575,0.4047430404551818
63576.68769058641,0.04653830521601776,0.40448816702838003
63579.19400242858,0.05240241118008271,0.40422640699618406
63581.70031427074,0.058561806178659026,0.4039585539792748
63584.20662611291,0.06501746100275341,0.4036854009506057
63586.71293795507,0.07177033801326616,0.4034077469607282
63589.21924979723,0.07882139994762838,0.40312639622625035
63591.725561639396,0.08617160990797856,0.4028421598062751
63594.23187348156,0.09382193137844297,0.40255585217934053
63596.738185323724,0.10177328596910229,0.40226828683044746
63599.244497165884,0.11002640629703819,0.4019802573071664
63601.75080900805,0.11858197228229983,0.4016925518882959
63604.25712085021,0.12744066419327282,0.40140596158736386
63606.76343269238,0.13660316274854267,0.40112127806888737
63609.26974453454,0.14607015645287902,0.4008392869103556
63611.77605637671,0.15584228602665462,0.40056074859119517
63614.28236821887,0.1659199367016413,0.4002863785564357
63616.788680061036,0.176303203426869,0.4000168573289924
63619.294991903196,0.18699139935415587,0.39975280696500076
63621.801303745364,0.19798335330051486,0.39949478361078145
63624.307615587524,0.20927839073192445,0.39924309509933026
63626.813927429685,0.2208748752163956,0.398997585791646
63629.32023927185,0.2327708518350846,0.3987579925205039
63631.82655111402,0.24496436594927218,0.398524048067405
63634.33286295618,0.25745345606992487,0.39829548115634666
63636.83917479834,0.2702361000010569,0.39807200282565347
63639.34548664051,0.283310244907625,0.39785331511922567
63641.85179848267,0.29667383816922666,0.39763911906140054
63644.358110324836,0.310324834077619,0.3974290953720061
63646.864422167,0.32426119917363394,0.3972228870385606
63649.370734009164,0.33848090170067735,0.3970201342622641
63651.877045851325,0.35298192071786616,0.396820476918768
63654.38335769349,0.367762261601456,0.3966235495793969
63656.88966953565,0.38281993409691495,0.39642899004520055
63659.39598137782,0.3981529482662154,0.39623643832574007
63661.90229321998,0.4137593144951097,0.396045539220059
63664.40860506214,0.4296370435549761,0.39585594203475194
63666.91491690431,0.4457841360963357,0.3956672993554831
63669.421228746476,0.4621984859186341,0.39547926071349804
63671.92754058864,0.47887792418987374,0.3952914751397169
63674.4338524308,0.4958202814705146,0.39510359806115103
63676.940164272964,0.513023388772126,0.39491529144336424
63679.44647611513,0.5304850077955052,0.3947262227528659
63681.95278795729,0.5482025826240715,0.39453605638173195
63684.45909979945,0.5661733817578352,0.3943444441956051
63686.96541164162,0.5843946084532945,0.39415103496957654
63689.47172348378,0.6028633651039854,0.3939554807097195
63691.97803532595,0.6215768942347495,0.3937574229556933
63694.48434716811,0.6405325535597512,0.3935564361582428
63696.99065901028,0.6597271340724546,0.3933519169428716
63699.49697085244,0.679157234604645,0.39314320834222044
63702.0032826946,0.6988193942888756,0.39292966157575754
63704.509594536765,0.7187097683854518,0.3927106221844678
63707.01590637893,0.7388243602399598,0.39248544056650875
63709.52221822109,0.7591591730088112,0.3922534805089448
63712.02853006325,0.7797102101394557,0.39201411842298123
63714.53484190542,0.8004734754285892,0.3917667470459845
63717.04115374759,0.8214449728257023,0.391510772096802
63719.54746558975,0.8426207065786002,0.39124561641716604
63722.05377743191,0.8639966812697821,0.3909707186385421
63724.56008927408,0.8855689015836106,0.3906855342881458
63727.06640111624,0.9073333725464181,0.3903895364149264
63729.572712958405,0.9292860993955401,0.39008221614306626
63732.079024800565,0.9514230876229703,0.38976308364424256
63734.58533664273,0.9737403429026017,0.38943166740049556
63737.09164848489,0.9962338711702614,0.3890875159322842
63739.59796032705,1.0188996785655036,0.3887301980092573
63742.10427216922,1.041733771431609,0.38835930274104
63744.61058401139,1.0647321563519654,0.3879744401385908
63747.11689585355,1.0878908400700311,0.3875752421771823
63749.62320769571,1.1112058295620955,0.38716136208741153
63752.12951953788,1.1346731320008985,0.38673247555383927
63754.635831380045,1.1582887546974234,0.3862882815885121
63757.142143222205,1.1820487052027602,0.3858285011382819
63759.648455064365,1.2059489912571735,0.38535287963897963
63762.15476690653,1.2299856206955155,0.3848611856368322
63764.66107874869,1.2541546015636413,0.3843532126801104
63767.16739059086,1.2784519421111327,0.3838287774767139
63769.67370243302,1.3028736506967107,0.3832877233851649
63772.18001427519,1.3274157358464436,0.382729917868358
63774.68632611735,1.3520742062173667,0.3821552539263263
63777.19263795952,1.3768450706484145,0.3815636509654945
63779.69894980168,1.4017243380949367,0.3809550549764487
63782.205261643845,1.426708017650526,0.38032943727584206
63784.711573486005,1.4517921185397427,0.37968679756380236
63787.217885328166,1.4769726500890101,0.37902716140006126
63789.72419717033,1.502245621799375,0.3783505829910875
63792.2305090125,1.5276070432155393,0.3776571440456887
63794.73682085466,1.5530529240131727,0.3769469539643373
63797.24313269682,1.5785792740134639,0.3762201512949682
63799.74944453899,1.6041821030667052,0.37547690297043557
63802.25575638115,1.6298574212414678,0.37471740542798204
63804.76206822332,1.6556012385117356,0.3739418841810719
63807.26838006548,1.6814095650915988,0.37315059482251883
63809.774691907645,1.7072784112096997,0.3723438222153612
63812.281003749806,1.7332037871674402,0.3715218824197032
63814.78731559197,1.7591817033753614,0.3706851219493083
63817.293627434134,1.7852081702294527,0.3698339176993376
63819.7999392763,1.8112791982639465,0.3689686782841022
63822.30625111846,1.837390798056731,0.3680898431465308
63824.81256296062,1.8635389801711426,0.3671978843831652
63827.31887480279,1.8897197553087608,0.3662933051712646
63829.82518664496,1.9159291341275093,0.36537664167235345
63832.33149848712,1.9421631273726234,0.3644484619254551
63834.83781032928,1.9684177458038903,0.3635093666605361
63837.344122171446,1.994689000188373,0.36255999034591263
63839.850434013606,2.020972919592168,0.3616009988219254
63842.35674585577,2.047265648812754,0.3606330885573245
63844.863057697934,2.073563377773098,0.3596569880583031
63847.3693695401,2.09986229709466,0.35867345928943545
63849.87568138226,2.1261586233449634,0.3576832935667191
63852.38199322443,2.1524486100461218,0.35668730906036245
63854.88830506659,2.1787285136670107,0.3556863577083673
63857.39461690876,2.2049946124097914,0.35468132434468613
63859.90092875092,2.231243225716753,0.3536731273480658
63862.40724059308,2.257470677839592,0.3526627179157689
63864.913552435246,2.2836732929645223,0.35165108143668117
63867.41986427741,2.309847395212273,0.3506392367251602
63869.926176119574,2.3359893086890224,0.3496282358589373
63872.432487961734,2.362095344775298,0.3486191631849234
63874.9387998039,2.3881617233200814,0.34761313133511607
63877.44511164606,2.4141847098144353,0.34661128064219054
63879.95142348823,2.440160600031959,0.3456147807059324
63882.45773533039,2.466085616215423,0.3446248272635252
63884.96404717256,2.491955935220176,0.34364264406219713
63887.47035901472,2.5177676898310892,0.34266948153578713
63889.976670856886,2.5435169872216647,0.3417066180200765
63892.482982699046,2.5691997988251387,0.3407553503598681
63894.989294541214,2.5948119447857607,0.3398169862540617
63897.495606383374,2.6203492726999684,0.33889285137504976
63900.001918225535,2.6458074041001964,0.3379842478511675
63902.5082300677,2.6711815030575963,0.3370924215576696
63905.01454190987,2.6964665207415237,0.33621861929508623
63907.52085375203,2.7216571810058667,0.3353640895810882
63910.02716559419,2.746747759731079,0.33453004111346646
63912.53347743636,2.7717324736513547,0.3337176766016078
63915.03978927852,2.796605452131189,0.33292821337276535
63917.546101120686,2.8213605056662345,0.3321628777911141
63920.05241296285,2.8459912749603973,0.33142290805297986
63922.558724805014,2.8704913900146494,0.3307095561278769
63925.065036647175,2.894854480793583,0.33002408795887284
63927.57134848934,2.9190741769998567,0.3293677805209563
63930.0776603315,2.9431441369306413,0.32874191970588496
63932.58397217367,2.967058319009084,0.32814778719911797
63935.09028401583,2.990810635339585,0.3275866391262981
63937.59659585799,3.014394535624888,0.32705970251621136
63940.10290770016,3.037803316459758,0.3265681952916465
63942.609219542326,3.0610300695116166,0.326113305407146
63945.11553138449,3.0840680251421873,0.3256961964210321
63947.62184322665,3.1069100856111618,0.32531799491713387
63950.128155068815,3.129548508411972,0.32497978050158294
63952.63446691098,3.1519749434664845,0.3246825380103863
63955.14077875314,3.174180300309672,0.32442715808352224
63957.6470905953,3.1961549142579315,0.3242143659697356
63960.15340243747,3.2178877856204053,0.3240444312753594
63962.65971427963,3.23936698253965,0.32391734538829464
63965.1660261218,3.2605805470229825,0.32383305797524176
63967.67233796396,3.28151623190206,0.32379148480895775
63970.17864980613,3.3021615532488795,0.3237925077385871
63972.68496164829,3.3225039993412793,0.32383599249245293
63975.19127349045,3.3425310582388192,0.32392179197451665
63977.697585332615,3.3622302376606967,0.32404974728894365
63980.20389717478,3.3815892957063625,0.32421967905061877
63982.71020901694,3.400596160805435,0.3244313915952171
63985.2165208591,3.419238764225156,0.32468467868544965
63987.72283270127,3.437505036519724,0.3249793243460742
63990.22914454344,3.45538290803961,0.32531510283983117
63992.7354563856,3.4728603084076894,0.32569178029909657
63995.24176822776,3.4899251690221718,0.3261091127937578
63997.74808006993,3.506565782940015,0.3265668371194228
64000.25439191209,3.522771211748477,0.3270646584157323
64002.760703754255,3.538530615143827,0.32760227033457856
64005.267015596415,3.553833152196603,0.32817935819724875
64007.77332743858,3.568667983796331,0.32879559937870545
64010.27963928074,3.5830246805562638,0.3294506472241857
64012.7859511229,3.596894181559037,0.3301440843246717
64015.29226296507,3.6102697689129855,0.33087538374100156
64017.79857480724,3.623146581063338,0.3316439466669056
64020.3048866494,3.6355213458737126,0.3324490636716072
64022.81119849156,3.647395399326342,0.3332895581738593
64025.31751033373,3.6587725825593225,0.33416383765064195
64027.823822175895,3.6696568412298802,0.3350702651597798
64030.330134018055,3.680052120354958,0.3360072060471537
64032.836445860215,3.6899623643621453,0.33697302975364196
64035.34275770238,3.6993915171187837,0.337966113464402
64037.84906954454,3.7083435217791703,0.3389848448769263
64040.35538138671,3.716822321017389,0.34002762315803453
64042.86169322887,3.7248318568745162,0.3410928626489214
64045.36800507104,3.7323760708168265,0.34217899363231236
64047.8743169132,3.7394589037357946,0.3432844663316127
64050.38062875537,3.7460842959117144,0.3444077499178582
64052.88694059753,3.752256187151943,0.3455473358416863
64055.393252439695,3.757978516558069,0.346701739522106
64057.899564281855,3.7632552228023997,0.3478695010335135
64060.405876124016,3.7680902439096826,0.34904918626500514
64062.91218796618,3.7724875174098997,0.35023938851557895
64065.41849980835,3.776450980301888,0.3514387291110085
64067.92481165051,3.7799845690024085,0.35264585844849666
64070.43112349267,3.7830922194116283,0.3538594566806757
64072.93743533484,3.7857778668840183,0.35507823474068556
64075.443747177,3.7880454462429043,0.3563009342176571
64077.95005901917,3.789898891845951,0.3575263291574978
64080.45637086133,3.7913421375269536,0.35875322420435785
64082.962682703495,3.7923791165667353,0.35998045768648995
64085.468994545656,3.7930137617513537,0.36120690011228196
64087.97530638782,3.7932500053357217,0.36243145464037063
64090.481618229984,3.7930917791672982,0.36365305788190005
64092.98793007215,3.79254301454057,0.36487067896285225
64095.49424191431,3.7916076422989136,0.3660833208178596
64098.00055375647,3.7902895927327336,0.3672900191294522
64100.50686559864,3.7885927957322565,0.3684898427280898
64103.01317744081,3.7865211807438754,0.36968189339787005
64105.51948928297,3.784078676624631,0.37086530648723837
64108.02580112513,3.781269211845938,0.3720392493820309
64110.532112967296,3.778096714464482,0.37320292225991963
64113.038424809456,3.774565112005803,0.37435555810094984
64115.544736651624,3.7706783315588837,0.3754964217825933
64118.051048493784,3.7664402998489095,0.37662481070688464
64120.55736033595,3.7618549430771964,0.37774005325611126
64123.06367217811,3.7569261870376067,0.37884150977115644
64125.56998402028,3.7516579571019975,0.379928571684381
64128.07629586244,3.7460541782784276,0.38100066196718624
64130.58260770461,3.740118775051087,0.38205723334170155
64133.08891954677,3.7338556715330924,0.38309776941826684
64135.59523138893,3.727268791437382,0.38412178393679625
64138.101543231096,3.7203620581130963,0.385128820337882
64140.60785507326,3.713139394429163,0.38611845181676846
64143.114166915424,3.7056047229198157,0.387090279634401
64145.620478757584,3.697761965733662,0.3880439357142037
64148.12679059975,3.6896150446045795,0.3889790792498679
64150.63310244191,3.681167880909925,0.38989539771299825
64153.13941428408,3.6724243956487044,0.39079260741767746
64155.64572612624,3.6633885094197467,0.391670451906531
64158.15203796841,3.6540641425090143,0.39252870139838647
64160.65834981057,3.644455214809568,0.39336715429737396
64163.164661652736,3.634565645857947,0.3941856350531023
64165.670973494896,3.6243993548923754,0.39498399506794973
64168.177285337064,3.6139602607363486,0.39576211125786853
64170.683597179224,3.6032522819077712,0.3965198871991723
64173.189909021385,3.592279336626234,0.3972572518573662
64175.69622086355,3.581045342682046,0.3979741593686462
64178.20253270572,3.5695542176326853,0.3986705891700309
64180.70884454788,3.557809878664557,0.3993465454222447
64183.21515639004,3.5458162427166826,0.4000020567485863
64185.72146823221,3.5335772263424587,0.40063717614348127
64188.22778007437,3.521096745811519,0.4012519804872818
64190.734091916536,3.50837871706608,0.40184657050407224
64193.2404037587,3.4954270558228018,0.4024210702628229
64195.746715600864,3.4822456774491,0.40297562713248253
64198.253027443025,3.4688384971159394,0.40351041134769833
64200.75933928519,3.4552094295140705,0.40402561569703915
64203.26565112735,3.441362389290589,0.4045214555869337
64205.77196296952,3.4273012906851363,0.4049981684724578
64208.27827481168,3.413030047668144,0.4054560134765417
64210.78458665384,3.3985525740281446,0.40589527103592815
64213.29089849601,3.38387278324808,0.4063162436329924
64215.797210338176,3.368994588534406,0.4067192542570699
64218.30352218034,3.3539219028752996,0.4071046461362095
64220.8098340225,3.338658639055211,0.40747278384623803
64223.316145864665,3.323208709502069,0.4078240510357578
64225.82245770683,3.307576028390031,0.40815885216077297
64228.32876954899,3.291764563466131,0.40847760691544777
64230.83508139115,3.2757783444903907,0.4087807510693534
64233.34139323332,3.259621404315112,0.4090687391456214
64235.84770507548,3.2432978394426755,0.40934204143329017
64238.35401691765,3.2268120319131413,0.40960113454480723
64240.86032875981,3.210168442892609,0.40984650953521257
64243.36664060198,3.193371533874597,0.41007867453341623
64245.87295244414,3.1764257678369177,0.4102981530837553
64248.3792642863,3.159335608201218,0.41050548399423603
64250.885576128465,3.142105518236349,0.4107012228246166
64253.39188797063,3.124739961080195,0.4108859404997589
64255.89819981279,3.1072433996014297,0.41106022324522945
64258.40451165495,3.089620295977511,0.41122467200853
64260.91082349712,3.071875100147736,0.4113798977403312
64263.41713533929,3.0540124543040292,0.41152651198170975
64265.92344718145,3.036037184021552,0.41166513249846987
64268.42975902361,3.0179541544712265,0.41179638447485156
64270.93607086578,2.999768271292851,0.4119208987402737
64273.44238270794,2.98148440640216,0.4120393145576029
64275.948694550105,2.963107571355067,0.41215227192798276
64278.455006392265,2.9446426478752983,0.4122603937757308
64280.96131823443,2.926094212649332,0.41236428229767214
64283.46763007659,2.9074668511966593,0.4124645345229832
64285.97394191875,2.8887649044481805,0.412561727234203
64288.48025376092,2.8699919736282027,0.41265634500253556
64290.98656560309,2.8511511966316903,0.4127488080647455
64293.49287744525,2.8322456734058505,0.41283953664544365
64295.99918928741,2.8132785230118316,0.41292894991306095
64298.50550112958,2.794252892002987,0.41301747078820145
64301.011812971745,2.7751719279513054,0.4131055291081004
64303.518124813905,2.7560387783742044,0.41319356133650287
64306.024436656066,2.7368565906544973,0.4132820098475097
64308.53074849823,2.7176284691377077,0.41337131924010007
64311.03706034039,2.6983573293691734,0.4134619113382876
64313.54337218256,2.6790458989744366,0.41355417556491036
64316.04968402472,2.659696843889833,0.4136484939186216
64318.55599586689,2.6403129530444858,0.4137452265203539
64321.06230770905,2.6208970330080774,0.41384472551574153
64323.56861955122,2.6014518490956107,0.41394733307870596
64326.07493139338,2.581980072262013,0.41405338609023973
64328.581243235545,2.5624837708546693,0.41416316983321594
64331.087555077705,2.5429645512831485,0.41427690531895434
64333.593866919866,2.5234237842632865,0.4143947646596306
64336.10017876203,2.503862036030114,0.41451665359561546
64338.6064906042,2.4842787322068034,0.4146422245051882
64341.11280244636,2.46467306001432,0.4147710941298497
64343.61911428852,2.445044213336587,0.41490287736252907
64346.12542613069,2.425391428129842,0.4150371780220149
64348.63173797285,2.405713949786332,0.4151736024328859
64351.13804981502,2.386011023678293,0.4153117622670812
64353.64436165718,2.366281895127031,0.4154512756882676
64356.150673499345,2.3465258094392993,0.41559176928943425
64358.656985341506,2.3267420118709197,0.41573287649567175
64361.16329718367,2.306929747652248,0.4158742395931364
64363.669609025834,2.2870882619799886,0.41601551030178835
64366.175920868,2.2672168000090096,0.41615634952706765
64368.68223271016,2.2473146068532515,0.4162964287721172
64371.18854455232,2.2273809275948224,0.4164354301415489
64373.69485639449,2.2074150072712655,0.4165730465697708
64376.20116823666,2.1874160908773774,0.4167089827745447
64378.70748007882,2.1673834233661182,0.4168429556232744
64381.21379192098,2.147316249657706,0.4169746941270463
64383.720103763146,2.127213814615061,0.417103940221538
64386.226415605306,2.1070753630729087,0.4172304487530168
64388.732727447474,2.0869001397995817,0.41735398823870395
64391.239039289634,2.0666873895361277,0.4174743408350436
64393.7453511318,2.046436356963568,0.4175913025925356
64396.25166297396,2.0261462867210867,0.4177046836683222
64398.75797481613,2.005816423399665,0.41781430913387213
64401.26428665829,1.9854460115329857,0.4179200182915866
64403.77059850046,1.9650342956110762,0.418021665677739
64406.27691034262,1.944580520060299,0.4181191207824809
64408.78322218478,1.9240839292779128,0.41821226804490985
64411.289534026946,1.9035437675793219,0.4183010074324554
64413.795845869114,1.8829592792453695,0.41838525409241856
64416.302157711274,1.8623297084905062,0.41846493906867854
64418.808469553434,1.8416542994800693,0.4185400088406575
64421.3147813956,1.820932296317551,0.41861042517404257
64423.82109323776,1.8001629430391404,0.41867616551885406
64426.32740507993,1.7793454836446472,0.41873722368512273
64428.83371692209,1.7584791620483884,0.41879360795042997
64431.34002876426,1.7375632221164778,0.4188453431434114
64433.84634060642,1.7165969076559122,0.4188924691724015
64436.352652448586,1.695579462400019,0.41893504146598104
64438.85896429075,1.674510130026647,0.41897313078320547
64441.365276132914,1.65338815414907,0.4190068234239825
64443.871587975074,1.6322127783023461,0.41903622035495514
64446.377899817235,1.6109832459687823,0.41906143770387255
64448.8842116594,1.589698800563383,0.41908260652605056
64451.39052350157,1.5683586854183886,0.41909987212411803
64453.89683534373,1.5469621461106726,0.41911339438300665
64456.40314718589,1.5255084589416583,0.4191233404122082
64458.90945902806,1.503996922127044,0.41912988737823464
64461.41577087022,1.4824268342808864,0.4191332258252728
64463.922082712386,1.4607975005528715,0.41913355407996905
64466.42839455455,1.439108243258488,0.4191310685802292
64468.934706396714,1.417358387384411,0.419125976069786
64471.441018238875,1.3955472889283556,0.41911849521806954
64473.94733008104,1.3736744158750298,0.41910885435305506
64476.4536419232,1.3517392613639458,0.4190972927088844
64478.95995376537,1.3297413184709512,0.41908406138317955
64481.46626560753,1.3076800801873105,0.4190694222865091
64483.97257744969,1.285555039816245,0.4190536475872164
64486.47888929186,1.2633656917869303,0.41903701760132506
64488.985201134026,1.2411114731821726,0.41901981059935306
64491.49151297619,1.2187917097608079,0.4190022935805165
64493.99782481835,1.196405837994341,0.41898472896557853
64496.504136660515,1.173953757953356,0.4189673615461725
64499.01044850268,1.1514354884110105,0.4189504323050746
64501.51676034484,1.1288509313944814,0.4189341820568978
64504.023072187,1.1061998571249205,0.4189188422523404
64506.52938402917,1.0834819170058836,0.41890462366274567
64509.03569587133,1.0606966105115134,0.41889169933322684
64511.5420077135,1.037843259418878,0.41888022786739926
64514.04831955566,1.0149206408132159,0.4188702896376593
64516.55463139783,0.9919262993244047,0.41886178848019845
64519.06094323999,0.9688571484366548,0.41885454587646037
64521.56725508215,0.9457104492612416,0.4188483645887708
64524.073566924315,0.9224834399065003,0.4188430363012459
64526.57987876648,0.8991736569842033,0.41883834115507734
64529.08619060864,0.8757789645314915,0.4188340559023631
64531.5925024508,0.8522974443621933,0.4188299564835596
64534.09881429297,0.8287274648519087,0.41882581177826944
64536.60512613514,0.8050674503465416,0.41882137315274404
64539.1114379773,0.7813156287556922,0.4188163691320134
64541.61774981946,0.7574702723522933,0.4188105209791825
64544.12406166163,0.7335307568482676,0.4188034743382721
64546.63037350379,0.7094977975884831,0.41879469849320844
64549.136685345955,0.6853722440337151,0.41878359247886476
64551.642997188115,0.66115494738915,0.4187695594040112
64554.14930903028,0.6368467363190575,0.4187520035757202
64556.65562087244,0.6124484275524082,0.41873033400605164
64559.1619327146,0.5879608375862517,0.41870397125702996
64561.66824455677,0.5633847828139551,0.418672346839415
64564.17455639894,0.5387210795252031,0.4186349048555581
64566.6808682411,0.5139705438768942,0.41859110144873124
64569.18718008326,0.489133991941344,0.418540406891478
64571.69349192543,0.4642122396853665,0.41848230500405936
64574.199803767595,0.4392061029402612,0.4184162937674023
64576.706115609755,0.4141163974745723,0.41834188606304173
64579.212427451916,0.3889439389213294,0.4182586103465971
64581.71873929408,0.36368954282806953,0.41816601106148943
64584.22505113624,0.33835402462500497,0.4180636484813259
64586.73136297841,0.31293819965321745,0.41795110005026864
64589.23767482057,0.28744288315374433,0.41782796024709384
64591.74398666274,0.26186889026666904,0.41769384097047535
64594.2502985049,0.2362170360329401,0.4175483720106827
64596.75661034707,0.21048813539346156,0.4173912018817577
64599.26292218923,0.18468300320910203,0.41722199729241616
64601.769234031395,0.15880245422249573,0.417040444127043
64604.275545873556,0.13284730310260784,0.4168462476129075
64606.781857715716,0.10681836442472559,0.41663913283866366
64609.28816955788,0.08071645265135885,0.41641884451172956
64611.79448140005,0.05454238218317187,0.4161851474229317
64614.30079324221,0.028296967316236987,0.4159378274438189
64616.80710508437,0.001981022251129616,0.415676691268835
64619.31341692654,-0.024404638885243912,0.41540156606593837
64621.8197287687,-0.05085920205419825,0.41511230085894424
64624.32604061087,-0.07738185331345449,0.41480876619105567
64626.83235245303,-0.10397177879349329,0.41449085404234376
64629.338664295195,-0.13062816471119731,0.41415847902181707
64631.844976137356,-0.15735019736530376,0.4138115779236405
64634.35128797952,-0.18413706314368028,0.4134501097870184
64636.857599821684,-0.21098794850422564,0.41307405643756084
64639.36391166385,-0.23790203998305515,0.41268342295366434
64641.87022350601,-0.26487852421087155,0.4122782374449686
64644.37653534817,-0.29191658787840424,0.41185855109505043
64646.88284719034,-0.31901541775914666,0.41142443901762527
64649.38915903251,-0.3461742007011708,0.41097599979919613
64651.89547087467,-0.37339212362803664,0.41051335618841395
64654.40178271683,-0.4006683735333354,0.4100366546862695
64656.908094558996,-0.4280021374897842,0.40954606634090734
64659.414406401156,-0.45539260262648895,0.4090417865146286
64661.920718243324,-0.4828389561680524,0.40852403515559765
64664.427030085484,-0.5103403853809141,0.40799305675654635
64666.93334192765,-0.5378960776060921,0.407449121041926
64669.43965376981,-0.5655052202764637,0.40689252230936757
64671.94596561198,-0.593167000862195,0.4063235805391056
64674.45227745414,-0.6208806069043931,0.4057426404268151
64676.95858929631,-0.648645226008739,0.40515007207083226
64679.46490113847,-0.6764600458518544,0.4045462712352475
64681.97121298063,-0.7043242541731161,0.40393165904688194
64684.477524822796,-0.7322370387610135,0.40330668239988804
64686.983836664964,-0.7601975874713389,0.40267181346384695
64689.490148507124,-0.788205088216273,0.40202755046124583
64691.996460349284,-0.8162587289734802,0.40137441738564406
64694.50277219145,-0.8443576977606426,0.4007129636830749
64697.00908403361,-0.8725011548558541,0.40004376344848763
64699.51539587578,-0.9006879706466862,0.39936740773734475
64702.02170771794,-0.928916843227853,0.398684507565341
64704.52801956011,-0.9571864704521431,0.39799569939409984
64707.03433140227,-0.9854955815462745,0.3973016437383806
64709.540643244436,-1.0138429308281047,0.3966030256202878
64712.0469550866,-1.0422272733176214,0.3959005555351037
64714.553266928764,-1.0706473640948388,0.39519496887675276
64717.059578770924,-1.099101958285246,0.3944870263713302
64719.565890613085,-1.1275898109888658,0.3937775134074005
64722.07220245525,-1.1561096313089365,0.39306723641213404
64724.57851429742,-1.1846598743977665,0.3923570150792633
64727.08482613958,-1.213238709133293,0.3916476825679191
64729.59113798174,-1.2418443468504847,0.3909400911453866
64732.09744982391,-1.2704752014469705,0.3902351073355493
64734.60376166607,-1.2991295945575985,0.38953361630045874
64737.11007350824,-1.3278056400413334,0.3888365193111782
64739.6163853504,-1.3565014137275284,0.38814472693650703
64742.122697192564,-1.3852148677215155,0.38745914624659034
64744.629009034725,-1.4139436802179262,0.3867806842342076
64747.13532087689,-1.4426853045115422,0.3861102457239215
64749.64163271905,-1.4714372903254116,0.3854486522398414
64752.14794456122,-1.5001978576547117,0.3847966553516285
64754.65425640338,-1.528965375284315,0.3841550117212663
64757.16056824554,-1.5577382368937833,0.38352448805589107
64759.66688008771,-1.5865147880540462,0.3829058638951552
64762.173191929876,-1.6152933621742704,0.3822999351131884
64764.67950377204,-1.6440721251929062,0.38170750732922565
64767.1858156142,-1.6728490343630256,0.3811293927432565
64769.692127456365,-1.7016220331861405,0.38056641990531687
64772.19843929853,-1.7303890130679065,0.3800194328153974
64774.70475114069,-1.75914777840444,0.37948928977337
64777.21106298285,-1.7878961252899899,0.3789768638395212
64779.71737482502,-1.816631849796977,0.3784830441177604
64782.22368666718,-1.8453527479759941,0.3780087335548934
64784.72999850935,-1.8740566158994625,0.37755484884199525
64787.23631035151,-1.9027412297218689,0.3771223189906556
64789.74262219368,-1.9314041012621601,0.37671207661219175
64792.24893403584,-1.9600421927389107,0.3763250489190011
64794.755245878,-1.9886523014574777,0.37596216645778846
64797.261557720165,-2.0172309645204223,0.3756243560587374
64799.76786956233,-2.045774570266076,0.37531254393812735
64802.27418140449,-2.0742792896417086,0.37502765632539375
64804.78049324665,-2.1027411495670094,0.3747706121878186
64807.28680508882,-2.1311557225853903,0.37454230967821267
64809.79311693099,-2.159517855820013,0.3743436181857629
64812.29942877315,-2.187822306972521,0.3741753850544214
64814.80574061531,-2.2160641359369038,0.37403833865175257
64817.31205245748,-2.244238822349871,0.3739330474674164
64819.81836429964,-2.272341998781485,0.37386003892761316
64822.324676141805,-2.300369297263387,0.3738198342699252
64824.830987983965,-2.3283159839120344,0.373812914260899
64827.33729982613,-2.3561769483494572,0.3738397240524311
64829.84361166829,-2.3839470652965247,0.3739007032661114
64832.349923510454,-2.4116212757508038,0.3739962816997734
64834.85623535262,-2.4391946096366155,0.37412687973973324
64837.36254719479,-2.466662113518396,0.37429290810567073
64839.86885903695,-2.4940188423279324,0.3744947700412537
64842.37517087911,-2.521259850844217,0.37473286032735126
64844.88148272128,-2.5483801638547448,0.375007559376529
64847.387794563445,-2.5753748113493202,0.3753192178949203
64849.894106405605,-2.6022392413869966,0.3756681364657705
64852.400418247766,-2.628969245546614,0.37605455870655075
64854.90673008993,-2.655560807506845,0.3764786983123254
64857.41304193209,-2.682009979398572,0.37694071943244634
64859.91935377426,-2.708312771159399,0.37744075800661225
64862.42566561642,-2.734465113913757,0.37797891856870974
64864.93197745859,-2.7604635819261603,0.3785552593838727
64867.43828930075,-2.7863057179747557,0.37916976764472843
64869.94460114292,-2.811989493067813,0.3798223765521512
64872.45091298508,-2.8375130643107696,0.3805129403335735
64874.957224827245,-2.8628741122302017,0.38124099493140073
64877.463536669406,-2.888070289405732,0.38200568011248653
64879.969848511566,-2.913099576744571,0.3828060309422089
64882.47616035373,-2.937959993199911,0.38364105891130557
64884.9824721959,-2.962649763410809,0.3845097380390696
64887.48878403806,-2.98716734611844,0.38541100830778857
64889.99509588022,-3.0115114731797803,0.3863437738433181
64892.50140772239,-3.035680946846014,0.3873069176377007
64895.00771956455,-3.059675114480342,0.3882992430147032
64897.51403140672,-3.083494852826334,0.3893193777293064
64900.02034324888,-3.107141595983194,0.3903658712264438
64902.526655091046,-3.1306167965904024,0.39143726930099054
64905.032966933206,-3.153921983894179,0.3925321163579612
64907.53927877537,-3.1770587342434737,0.39364895766123803
64910.045590617534,-3.200028624403785,0.3947863451065615
64912.5519024597,-3.222833230998731,0.3959428395570398
64915.05821430186,-3.2454741304136405,0.3971170108957662
64917.56452614402,-3.267952898844669,0.3983074406064556
64920.07083798619,-3.290271112242408,0.3995127230551992
64922.57714982836,-3.3124303464119293,0.40073146556795197
64925.08346167052,-3.3344321769382077,0.4019622912016909
64927.58977351268,-3.3562781792097667,0.40320383798174936
64930.096085354846,-3.37796992841686,0.40445476150780163
64932.602397197006,-3.3995089995569288,0.4057137343706661
64935.108709039174,-3.4208969674455147,0.4069794482635906
64937.615020881334,-3.442135406705347,0.4082506136683936
64940.1213327235,-3.463225891759066,0.4095259609387245
64942.62764456566,-3.484169996885612,0.41080424048522374
64945.13395640783,-3.504969296131094,0.41208422403287776
64947.64026824999,-3.5256253633779124,0.41336470437935896
64950.14658009216,-3.546139772344759,0.41464449611329113
64952.65289193432,-3.566514096568426,0.4159224356593376
64955.15920377648,-3.5867499093856168,0.41719738179119403
64957.665515618646,-3.606848783983878,0.4184682158200753
64960.171827460814,-3.626812293392504,0.41973384176461587
64962.678139302974,-3.6466420104352437,0.4209931863321514
64965.184451145135,-3.666339507790326,0.42224519948380923
64967.6907629873,-3.6859063579777285,0.4234888537299458
64970.19707482946,-3.7053441333264345,0.4247231446587543
64972.70338667163,-3.7246544060326414,0.42594709177257356
64975.20969851379,-3.7438387481197424,0.42715973617708436
64977.71601035596,-3.7628987314492406,0.4283601431979208
64980.22232219812,-3.781835927746215,0.4295474002883776
64982.728634040286,-3.8006519085502077,0.43072061797348254
64985.23494588245,-3.8193482452843455,0.431878929433437
64987.741257724614,-3.837926509198951,0.43302149050870586
64990.247569566774,-3.8563882714042848,0.43414747919234165
64992.753881408935,-3.8747351028650883,0.4352560962012401
64995.2601932511,-3.8929685743969458,0.4363465637848746
64997.76650509327,-3.9110902566681034,0.4374181263283606
65000.27281693543,-3.92910172023403,0.43847005027939623
65002.77912877759,-3.947004535482847,0.4395016229680589
65005.28544061976,-3.9648002726753475,0.4405121536043126
65007.79175246192,-3.9824905019413563,0.4415009722132198
65010.29806430409,-4.000076793274275,0.44246742974869635
65012.80437614625,-4.01756071654745,0.4434108977424719
65015.310687988414,-4.034943841490531,0.44433076876666017
65017.816999830575,-4.052227737709472,0.44522645470747957
65020.32331167274,-4.069413974712006,0.446097388083889
65022.8296235149,-4.08650412183124,0.44694302139777214
65025.33593535707,-4.103499748329341,0.4477628260993792
65027.84224719923,-4.1204024233247765,0.448556293488773
65030.34855904139,-4.137213715819598,0.44932293366609527
65032.85487088356,-4.153935194708538,0.45006227599303383
65035.36118272573,-4.170568428777187,0.45077386813271497
65037.86749456789,-4.1871149866910855,0.45145727690958387
65040.37380641005,-4.203576436993899,0.45211208655676954
65042.880118252215,-4.219954348161991,0.4527379001578979
65045.38643009438,-4.236250288526207,0.45333433842806475
65047.89274193654,-4.252465826342814,0.45390103955086075
65050.3990537787,-4.268602529728014,0.45443765944765524
65052.90536562087,-4.28466196674708,0.4549438710806377
65055.41167746303,-4.300645705343413,0.45541936511834186
65057.9179893052,-4.316555313351273,0.45586384868994123
65060.42430114736,-4.332392358546713,0.45627704585165163
65062.93061298953,-4.348158408572999,0.45665869699154815
65065.43692483169,-4.363855031026105,0.45700855942435353
65067.94323667385,-4.379483793381951,0.45732640648894773
65070.449548516015,-4.395046263043696,0.45761202762800474
65072.95586035818,-4.41054400732537,0.45786522849293115
65075.46217220034,-4.425978593466425,0.4580858299909773
65077.9684840425,-4.441351588617181,0.45827366959671745
65080.47479588467,-4.456664559858837,0.45842859986860385
65082.98110772684,-4.471919074198013,0.45855048870734016
65085.487419569,-4.487116698541286,0.4586392194957815
65087.99373141116,-4.502258999771584,0.45869469091876197
65090.50004325333,-4.517347544648146,0.4587168166468314
65093.00635509549,-4.532383899915658,0.45870552529278635
65095.512666937655,-4.547369632187838,0.45866076050360305
65098.018978779815,-4.562306308065672,0.4585824807844757
65100.52529062198,-4.577195494093758,0.45847065892923783
65103.03160246414,-4.592038756689362,0.4583252827631357
65105.537914306304,-4.60683766229522,0.45814635457383335
65108.04422614847,-4.62159377723583,0.45793389064746776
65110.55053799064,-4.636308667810226,0.4576879224140429
65113.0568498328,-4.650983900253777,0.45740849517367316
65115.56316167496,-4.665621040758197,0.45709566828185844
65118.06947351713,-4.6802216554551705,0.45674951585767337
65120.575785359295,-4.694787310452739,0.45637012536696897
65123.082097201455,-4.70931957177163,0.4559575992386201
65125.588409043616,-4.723820005432572,0.4555120531063836
65128.09472088578,-4.738290177401723,0.45503361708858103
65130.601032727944,-4.75273165359431,0.45452243498856015
65133.10734457011,-4.767145999883724,0.45397866474044546
65135.61365641227,-4.781534782090603,0.45340247784381693
65138.11996825444,-4.795899513843324,0.4527940590534089
65140.6262800966,-4.810241491450142,0.452153603072148
65143.13259193877,-4.824561935191014,0.45148131680054776
65145.63890378093,-4.838862062644694,0.4507774203353347
65148.145215623095,-4.853142995549206,0.45004214206524346
65150.651527465256,-4.867405682987737,0.4492757157249059
65153.157839307416,-4.881651053445239,0.448478387791851
65155.66415114958,-4.895880040880002,0.44765041755368556
65158.17046299175,-4.910093608144962,0.44679207614611116
65160.67677483391,-4.924292724248517,0.44590364765354534
65163.18308667607,-4.93847836342502,0.4449854300145664
65165.68939851824,-4.952651550865994,0.44403773086085135
65168.1957103604,-4.966813340266526,0.4430608690547473
65170.70202220257,-4.980964757810398,0.44205517620863993
65173.20833404473,-4.995106564458638,0.4410209863346331
65175.714645886896,-5.009239159144499,0.43995862927522356
65178.220957729056,-5.023362834692307,0.43886844447490825
65180.72726957122,-5.037477921299796,0.4377507766146266
65183.233581413384,-5.0515848696798,0.436605976408146
65185.73989325555,-5.065683954956057,0.43543440377399073
65188.24620509771,-5.079775370952376,0.43423642466967327
65190.75251693987,-5.093859127498945,0.43301240021547993
65193.25882878204,-5.107934769964231,0.4317626826980423
65195.76514062421,-5.122001543899387,0.43048762102461435
65198.27145246637,-5.136057973264542,0.42918749698639314
65200.77776430853,-5.150102159524977,0.42786248727898174
65203.284076150696,-5.164132093752414,0.42651274825162916
65205.790387992856,-5.178145416706684,0.42513844129931005
65208.296699835024,-5.19213943028808,0.42373973374847373
65210.803011677184,-5.206111237854202,0.4223168030979451
65213.30932351935,-5.220057920239924,0.420869836174184
65215.81563536151,-5.233976592884574,0.41939902127719575
65218.32194720368,-5.247864491469954,0.41790454325505716
65220.82825904584,-5.261719002184691,0.4163865946485297
65223.33457088801,-5.2755375789201935,0.4148453511935642
65225.84088273017,-5.289317357746768,0.4132809224236155
65228.34719457233,-5.303055145392136,0.4116933998033367
65230.853506414496,-5.316747719185514,0.4100828923123054
65233.359818256664,-5.330392040927109,0.40844952701510484
65235.866130098824,-5.343985157422139,0.4067934546397147
65238.372441940985,-5.357524120070593,0.4051148516531208
65240.87875378315,-5.371005982164206,0.40341392259051545
65243.38506562531,-5.384427796878299,0.40169090093688314
65245.89137746748,-5.397786617370002,0.39994605125536126
65248.39768930964,-5.411079496672755,0.3981796691005178
65250.90400115181,-5.424303487969155,0.3963920836097646
65253.41031299397,-5.437455657367536,0.39458365749142044
65255.916624836136,-5.450533051665843,0.39275478527433355
65258.4229366783,-5.463532674595626,0.39090589680850424
65260.929248520464,-5.4764515016795485,0.3890374597564039
65263.435560362625,-5.489286468484352,0.38714997982149735
65265.941872204785,-5.502034472356172,0.38524400352235677
65268.44818404695,-5.51469243126121,0.3833201196868459
65270.95449588912,-5.527257437439403,0.38137895809974487
65273.46080773128,-5.539726825452817,0.3794211889795727
65275.96711957344,-5.552098016880336,0.37744752696618766
65278.47343141561,-5.5643685432951315,0.3754587282548176
65280.97974325777,-5.5765363702703326,0.373455575864849
65283.48605509994,-5.5885997433942975,0.3714388899340554
65285.9923669421,-5.6005569342214585,0.36940954624998695
65288.498678784264,-5.612406255191672,0.3673684800806625
65291.004990626425,-5.624146061280044,0.3653166863638162
65293.51130246859,-5.635774709327961,0.36325522491188916
65296.01761431075,-5.647290556029475,0.36118522184618485
65298.52392615292,-5.65869195794221,0.3591078722323788
65301.03023799508,-5.669977271489188,0.3570244433820274
65303.53654983724,-5.6811448529188056,0.3549362761465476
65306.04286167941,-5.692193058335761,0.3528447889191305
65308.54917352158,-5.703120243742887,0.35075147904214526
65311.05548536374,-5.71392476492656,0.34865792598960393
65313.5617972059,-5.724604977549461,0.3465657944242247
65316.068109048065,-5.735159280709922,0.34447683447969873
65318.57442089023,-5.745586271254069,0.34239287741593516
65321.08073273239,-5.755884602082006,0.34031584441674934
65323.58704457455,-5.76605291278247,0.3382477517658739
65326.09335641672,-5.776089517072251,0.33619069416680153
65328.59966825888,-5.785992391891341,0.33414684478182394
65331.10598010105,-5.795759500881104,0.33211847864679694
65333.61229194321,-5.805388895369106,0.33010797230776456
65336.11860378538,-5.814878706554737,0.3281177968341164
65338.62491562754,-5.824227054592484,0.32615052944563216
65341.1312274697,-5.833432054099831,0.32420885825257795
65343.637539311865,-5.842491775831149,0.3222955823639609
65346.14385115403,-5.851404268956685,0.3204136135031536
65348.65016299619,-5.860167636419646,0.3185659764719312
65351.15647483835,-5.868780314644027,0.3167557943669166
65353.66278668052,-5.8772410347683035,0.3149862795517828
65356.16909852269,-5.885548575619396,0.31326074914751834
65358.67541036485,-5.893701669229813,0.3115826067315637
65361.18172220701,-5.90169923943904,0.3099553478632701
65363.68803404918,-5.90954055185739,0.3083825580665163
65366.19434589134,-5.917225051078276,0.30686791496604676
65368.700657733505,-5.924752983377402,0.30541515000197006
65371.206969575665,-5.932125500043185,0.30402804427673225
65373.71328141783,-5.939343938936872,0.3027104322544305
65376.21959325999,-5.946409412887078,0.3014660763506977
65378.725905102154,-5.953323161455046,0.30029858639036244
65381.23221694432,-5.9600863561281585,0.2992115773807016
65383.73852878649,-5.966700692300947,0.298208677541624
65386.24484062865,-5.973168942724442,0.2972934587650386
65388.75115247081,-5.9794940150823095,0.2964694822406481
65391.25746431298,-5.985678626791923,0.2957403248342457
65393.763776155145,-5.991725107505772,0.2951095398515746
65396.270087997305,-5.997635832154629,0.29458068838199847
65398.776399839466,-6.003413227026613,0.2941573366078552
65401.28271168163,-6.009059886142495,0.2938430404581488
65403.789023523794,-6.014578442853235,0.2936413378715324
65406.29533536596,-6.019971530437033,0.2935557388531997
65408.80164720812,-6.0252417819574475,0.29358971318638616
65411.30795905029,-6.030391830336157,0.2937466764957674
65413.81427089245,-6.0354243104739,0.2940299763683155
65416.32058273462,-6.040341878102481,0.2944428605958512
65418.82689457678,-6.045147195145546,0.29498843152089244
65421.333206418945,-6.049842933756736,0.295669659467508
65423.839518261106,-6.054431494896562,0.2964893587272442
65426.345830103266,-6.058915061214066,0.2974501829525047
65428.852141945434,-6.063295837237092,0.2985546239997253
65431.3584537876,-6.067576260986243,0.2998049850411092
65433.86476562976,-6.071758400399176,0.3012033318231524
65436.37107747192,-6.0758429504658125,0.30275143206946326
65438.87738931409,-6.079830468494038,0.304450819481576
65441.38370115625,-6.083723239513347,0.3063026445614254
65443.89001299842,-6.087525278431713,0.30830738725573176
65446.39632484058,-6.0912407041250844,0.31046512138786825
65448.902636682746,-6.094873681358877,0.3127757463303952
65451.408948524906,-6.09842862439109,0.31523898297025804
65453.915260367074,-6.101910095945641,0.3178543920476291
65456.421572209234,-6.105322762086871,0.3206213930868629
65458.9278840514,-6.108671452777344,0.3235392714336804
65461.43419589356,-6.111961012844404,0.3266071931169341
65463.94050773572,-6.115196286991704,0.3298242165140322
65466.44681957789,-6.1183821197846555,0.333189301343405
65468.95313142006,-6.121523355832323,0.3367013188225705
65471.45944326222,-6.124624817253789,0.34035905432856
65473.96575510438,-6.127691070920264,0.3441611773446928
65476.472066946546,-6.130726327399316,0.34810624077897184
65478.978378788706,-6.133734625400393,0.3521927269689351
65481.484690630874,-6.13671913825965,0.3564190228810356
65483.991002473034,-6.139682685021398,0.36078345730793493
65486.4973143152,-6.142628007088206,0.36528430624063896
65489.00362615736,-6.145557775362249,0.3699197808870326
65491.50993799953,-6.148474012774386,0.37468799517525725
65494.01624984169,-6.151378973179817,0.37958696527793034
65496.52256168386,-6.154275050655087,0.38461464244262705
65499.02887352602,-6.157163541608497,0.3897686652583292
65501.53518536818,-6.160044433287567,0.395046304230155
65504.041497210346,-6.162917359086521,0.4004447459224201
