mjd,mJyas2,mJyas2_err,phase,4model_flag
56255.304405,9.573062556493138,0.6072911931799605,-1174.6955949999974,True
56255.3059,9.87873766092665,0.6475691180746725,-1174.6941000000006,True
56256.304405,11.234401197008136,0.9529495011960938,-1173.6955949999974,True
56256.3059,9.995470878736075,0.9951748567375118,-1173.6941000000006,True
56257.304405,10.803958077553402,2.3099608654160986,-1172.6955949999974,True
56257.3059,11.211731120299227,2.413880865229439,-1172.6941000000006,True
56258.304405,6.3907377594095705,1.6257741815936215,-1171.6955949999974,True
56258.3059,7.538481130149631,1.7251357412964086,-1171.6941000000006,True
56258.3059,-17.515964530925196,10.881075267911326,-1171.6941000000006,True
56259.304405,9.791923450552805,0.853054542160811,-1170.6955949999974,True
56259.3059,8.381827404076354,0.9103990111231585,-1170.6941000000006,True
56260.304405,10.037816864500856,0.4553199102710063,-1169.6955949999974,True
56260.3059,10.586238088370461,0.4797205090004099,-1169.6941000000006,True
56261.304405,9.245314788039234,0.8039389724352383,-1168.6955949999974,True
56261.3059,9.411625510384438,0.8226255704515533,-1168.6941000000006,True
56262.304405,10.31472633219828,1.402289319236862,-1167.6955949999974,True
56262.3059,9.61758219766476,1.4282576399634703,-1167.6941000000006,True
56263.304405,10.551572263821216,1.0854877109297965,-1166.6955949999974,True
56263.3059,9.257923229148949,1.111245046443385,-1166.6941000000006,True
56264.304405,8.775691323627415,0.47865858206624784,-1165.6955949999974,True
56264.3059,8.682136218362281,0.47474117167593577,-1165.6941000000006,True
56265.304405,9.388775811347225,0.7433501461904957,-1164.6955949999974,True
56265.3059,10.942033611787526,0.7205411125297209,-1164.6941000000006,True
56266.304405,11.08341033839364,0.8754294474415658,-1163.6955949999974,True
56266.3059,7.860314805457338,0.8299744569013306,-1163.6941000000006,True
56267.304405,10.466721635958725,0.8459617727295743,-1162.6955949999974,True
56267.3059,10.773024901838093,0.8177238276036914,-1162.6941000000006,True
56268.304405,9.261057281806082,0.7360363172246239,-1161.6955949999974,True
56268.3059,9.519247276220758,0.7010385119448257,-1161.6941000000006,True
56269.304405,8.900132952283188,0.7009854884804075,-1160.6955949999974,True
56269.3059,8.566534802876193,0.6536900820287175,-1160.6941000000006,True
56270.304405,11.488370724791723,0.7608564731928338,-1159.6955949999974,True
56270.3059,11.056788071801202,0.7039406378874496,-1159.6941000000006,True
56271.304405,11.05382553166594,0.7293273340200466,-1158.6955949999974,True
56271.3059,10.939515949512689,0.685535494096547,-1158.6941000000006,True
56272.3059,9.245492898868534,0.707372690064538,-1157.6941000000006,True
56273.304405,10.208036180416471,0.6111067237712513,-1156.6955949999974,True
56273.3059,9.004740670851879,0.5827298168043874,-1156.6941000000006,True
56274.304405,9.34902936723114,0.5113786146112942,-1155.6955949999974,True
56274.3059,10.203719202063597,0.4898493202885912,-1155.6941000000006,True
56275.304405,10.959745827476983,0.5371889148708873,-1154.6955949999974,True
56275.3059,11.047809584013194,0.5191126701081914,-1154.6941000000006,True
56276.304405,11.33270961062175,0.5987860679025055,-1153.6955949999974,True
56276.3059,10.917455573805798,0.5910961783318398,-1153.6941000000006,True
56277.304405,9.149694920521336,0.3926670521880318,-1152.6955949999974,True
56277.3059,9.607101458597041,0.3974489460320078,-1152.6941000000006,True
56278.304405,9.49183253126665,0.34378705956384875,-1151.6955949999974,True
56278.3059,9.89361148602835,0.3456378647297376,-1151.6941000000006,True
56279.304405,9.334702799397075,0.3190803721721582,-1150.6955949999974,True
56279.3059,9.14073296828938,0.3244838174673011,-1150.6941000000006,True
56280.304405,10.765142121679643,0.6368874010552278,-1149.6955949999974,True
56280.3059,11.904968383091974,0.6660921143311289,-1149.6941000000006,True
56281.304405,9.70398926616373,0.33563136718777636,-1148.6955949999974,True
56281.3059,9.434703634350281,0.3479638685867691,-1148.6941000000006,True
56282.304405,10.24858646799266,0.4989666990653203,-1147.6955949999974,True
56282.3059,8.936267727944111,0.51985156545022,-1147.6941000000006,True
56283.304405,10.661184092773468,1.4492866288099515,-1146.6955949999974,True
56283.3059,8.246666806605,1.4788198056395772,-1146.6941000000006,True
56285.304405,4.8042020337321345,0.4536712336027781,-1144.6955949999974,True
56285.3059,4.882667184198024,0.42347403933257227,-1144.6941000000006,True
56286.304405,3.24527612989266,0.4193055536598476,-1143.6955949999974,True
56286.3059,4.441845817062963,0.38994809094585536,-1143.6941000000006,True
56287.304405,4.464101523304484,0.23178598735505798,-1142.6955949999974,True
56287.3059,4.382562738306326,0.2123605709290261,-1142.6941000000006,True
56288.304405,3.989390944303722,0.25593422156345536,-1141.6955949999974,True
56288.3059,3.8154061040290577,0.23954434530569713,-1141.6941000000006,True
56289.304405,3.9822167415432697,0.18338744081542033,-1140.6955949999974,True
56290.3059,4.347334017066072,0.38065502527091055,-1139.6941000000006,True
56291.304405,4.119515986004481,0.18562422696506947,-1138.6955949999974,True
56291.3059,4.528953252237567,0.20110874538641355,-1138.6941000000006,True
56292.304405,4.337088943067792,0.18514358013814675,-1137.6955949999974,True
56292.3059,4.458326137608865,0.19654809589582392,-1137.6941000000006,True
56293.304405,4.217441533514507,0.21035793941158365,-1136.6955949999974,True
56294.304405,3.9160212283935056,0.404268229401831,-1135.6955949999974,True
56294.3059,4.303165757470766,0.36350637754225407,-1135.6941000000006,True
56295.304405,4.419740673590336,0.1640351361332491,-1134.6955949999974,True
56295.3059,4.2768638058493345,0.14826402832795815,-1134.6941000000006,True
56296.304405,4.756184222447644,0.18094577733289458,-1133.6955949999974,True
56296.3059,4.84749116491548,0.1693568192504384,-1133.6941000000006,True
56297.304405,4.251740568795731,0.17772941523852726,-1132.6955949999974,True
56297.3059,4.584027796018509,0.16791366663775753,-1132.6941000000006,True
56298.304405,4.6408421832366065,0.1674580032942871,-1131.6955949999974,True
56298.3059,4.626594004778133,0.16083679095182027,-1131.6941000000006,True
56299.304405,4.561935165014813,3.6300108180028463,-1130.6955949999974,True
56299.3059,9.355101717535184,3.8313867431853215,-1130.6941000000006,True
56300.304405,1.119356054701048,1.9359320379831606,-1129.6955949999974,True
56300.3059,2.7301920923572247,2.041954337188894,-1129.6941000000006,True
56301.304405,5.6815595453784615,1.0390048790643445,-1128.6955949999974,True
56301.3059,6.524693507412465,1.0817351376844349,-1128.6941000000006,True
56302.304405,3.3841039404083926,0.7365252493719052,-1127.6955949999974,True
56303.304405,4.768600998804994,0.6161783031614397,-1126.6955949999974,True
56303.3059,6.160396417600549,0.6109075986168886,-1126.6941000000006,True
56304.304405,3.8192539282104576,0.5426420498049247,-1125.6955949999974,True
56304.3059,5.446709714681164,0.529001524426991,-1125.6941000000006,True
56305.304405,4.285715764045245,0.6270454876899237,-1124.6955949999974,True
56305.3059,5.2212542189409055,0.6042438335921083,-1124.6941000000006,True
56306.304405,4.985739162470803,0.2534576616740079,-1123.6955949999974,True
56306.3059,4.53007191161131,0.25264604061649737,-1123.6941000000006,True
56307.304405,4.424592611846868,0.22139575457028152,-1122.6955949999974,True
56307.3059,4.164402789112074,0.23135797751282988,-1122.6941000000006,True
56308.304405,4.177058934691863,0.21227664120405562,-1121.6955949999974,True
56308.3059,4.646992532494154,0.22464331483043173,-1121.6941000000006,True
56309.304405,4.139725372294137,0.22358635687601922,-1120.6955949999974,True
56309.3059,3.8878495096646577,0.2388478007693324,-1120.6941000000006,True
56310.304405,3.840927870307907,0.3582141217322656,-1119.6955949999974,True
56310.3059,3.645161876297632,0.39059080535704205,-1119.6941000000006,True
56311.304405,4.049940259236477,0.3508510531746003,-1118.6955949999974,True
56311.3059,4.8868155034683145,0.348978849048802,-1118.6941000000006,True
56312.304405,3.263201628074339,0.46650860161542346,-1117.6955949999974,True
56312.3059,4.74513394988088,0.45427458089022904,-1117.6941000000006,True
56313.304405,4.370098197124105,0.2977548521381575,-1116.6955949999974,True
56313.3059,5.0317756463200105,0.2813660819844626,-1116.6941000000006,True
56314.304405,4.432087302156084,0.3369753014928748,-1115.6955949999974,True
56314.3059,4.803258465452672,0.3199632898417812,-1115.6941000000006,True
56315.304405,4.657728885730203,0.36403940564419973,-1114.6955949999974,True
56315.3059,4.313872362945126,0.3326438100855624,-1114.6941000000006,True
56316.304405,4.2395270292915415,0.35639964702706883,-1113.6955949999974,True
56316.3059,3.45464279636232,0.38366019497729126,-1113.6941000000006,True
56317.304405,4.054867799515126,0.20339449471466411,-1112.6955949999974,True
56317.3059,3.5756429856923018,0.22437438287741446,-1112.6941000000006,True
56318.304405,4.76241837630526,0.2951124602169907,-1111.6955949999974,True
56318.3059,4.1382862794559045,0.2666064269474288,-1111.6941000000006,True
56319.304405,4.5000502456561815,0.2705133525227101,-1110.6955949999974,True
56319.3059,3.643469312742347,0.24960151754077609,-1110.6941000000006,True
56320.304405,3.9614244897903936,0.43439258324595814,-1109.6955949999974,True
56320.3059,4.782010204129389,0.4035210333133018,-1109.6941000000006,True
56321.304405,3.048743444741753,0.42902666010584695,-1108.6955949999974,True
56322.304405,3.8950482019190273,0.37730118378067123,-1107.6955949999974,True
56322.3059,4.268292383723562,0.3817638859544211,-1107.6941000000006,True
56341.278127,11.062721313645627,0.4068382646341843,-1088.7218730000022,True
56341.28397,10.546289625460714,0.45211190114374444,-1088.7160300000032,True
56341.286605,10.158497511358137,0.4218253994787284,-1088.7133949999989,True
56342.278127,11.164345493496237,0.6415375040781357,-1087.7218730000022,True
56342.28397,9.875512482311592,0.6808838581053661,-1087.7160300000032,True
56342.286605,9.507000288495579,0.6218643270645204,-1087.7133949999989,True
56343.278127,8.366243386279818,1.5057104320780732,-1086.7218730000022,True
56343.28397,10.726018077693398,1.533949562462133,-1086.7160300000032,True
56343.286605,11.249006772406187,1.4673052147557517,-1086.7133949999989,True
56344.28397,11.559103612926156,1.0311695723486016,-1085.7160300000032,True
56344.286605,10.224372740068256,1.0554231814099115,-1085.7133949999989,True
56345.278127,10.591589847578904,0.5489954974302245,-1084.7218730000022,True
56345.28397,11.37618665159862,0.635234466257321,-1084.7160300000032,True
56345.286605,11.97363600264819,0.6432360200660207,-1084.7133949999989,True
56346.278127,11.736619713904284,0.31128530806248833,-1083.7218730000022,True
56346.28397,10.820768114992882,0.3515581409168438,-1083.7160300000032,True
56346.286605,11.625750974046412,0.3378179979430049,-1083.7133949999989,True
56347.278127,12.140367130046853,0.5547843322177057,-1082.7218730000022,True
56347.28397,11.100146507138655,0.6000474251905574,-1082.7160300000032,True
56347.286605,11.678600530177027,0.557691136353577,-1082.7133949999989,True
56348.278127,11.672799321549295,0.9313503136272845,-1081.7218730000022,True
56348.28397,10.751976705513878,0.9636352529090148,-1081.7160300000032,True
56348.286605,11.513480164659022,0.9299466206150361,-1081.7133949999989,True
56349.278127,10.374950534585178,0.6875631602402779,-1080.7218730000022,True
56349.28397,10.235650658848426,0.6964993786837678,-1080.7160300000032,True
56349.286605,10.417528987168867,0.725410673647999,-1080.7133949999989,True
56350.278127,10.82851230341066,0.3295521490849972,-1079.7218730000022,True
56350.28397,10.84369226867312,0.35379112587505274,-1079.7160300000032,True
56350.286605,10.261956825711788,0.34105954210653877,-1079.7133949999989,True
56351.278127,9.8946876563149,0.5141380538289394,-1078.7218730000022,True
56351.28397,10.720299891118028,0.5264773671208335,-1078.7160300000032,True
56351.286605,10.065194530893807,0.4931986130911789,-1078.7133949999989,True
56352.278127,8.944500505750353,0.5816555270981941,-1077.7218730000022,True
56352.28397,8.629598432396614,0.5622950681643903,-1077.7160300000032,True
56352.286605,9.503007658036392,0.5484060432770963,-1077.7133949999989,True
56353.278127,9.336811637241107,0.5365209573917745,-1076.7218730000022,True
56353.28397,9.342694542475664,0.5082830122658917,-1076.7160300000032,True
56353.286605,10.382792187945684,0.5333834079333432,-1076.7133949999989,True
56354.278127,10.1741031172809,0.5000717331732004,-1075.7218730000022,True
56354.28397,8.710689733622532,0.4881652633357433,-1075.7160300000032,True
56355.278127,9.143096211712157,0.48139967281184615,-1074.7218730000022,True
56355.28397,8.808244734034192,0.4513333072818431,-1074.7160300000032,True
56355.286605,9.02823593890091,0.42430736073802017,-1074.7133949999989,True
56356.278127,8.63538591530601,0.5010688568296082,-1073.7218730000022,True
56356.28397,8.495889742272261,0.4458989060427943,-1073.7160300000032,True
56356.286605,9.25433689482947,0.4347252451239459,-1073.7133949999989,True
56357.278127,9.257716097156528,0.4607803156656453,-1072.7218730000022,True
56357.28397,8.87518149547184,0.4008885345938004,-1072.7160300000032,True
56357.286605,8.732536016897502,0.41570048045027813,-1072.7133949999989,True
56358.278127,9.533514490255325,0.48605815000014174,-1071.7218730000022,True
56358.28397,9.743711188432654,0.4666019266977773,-1071.7160300000032,True
56358.286605,8.207086466616623,0.44540854060055884,-1071.7133949999989,True
56359.278127,9.179588279435585,0.41447482297055793,-1070.7218730000022,True
56359.28397,9.412049608224743,0.38179838464507826,-1070.7160300000032,True
56359.286605,9.11738839244761,0.3531348422543063,-1070.7133949999989,True
56360.278127,9.072621007862248,0.3375237755107589,-1069.7218730000022,True
56360.28397,8.408685350684705,0.29562267580743445,-1069.7160300000032,True
56360.286605,8.346412445600759,0.280343821771968,-1069.7133949999989,True
56361.278127,8.61217465027655,0.3341787813821482,-1068.7218730000022,True
56361.28397,8.651386196607938,0.2880611825645008,-1068.7160300000032,True
56361.286605,8.89504470613997,0.2938548507576726,-1068.7133949999989,True
56362.28397,9.005492696885941,0.3211810544014724,-1067.7160300000032,True
56362.286605,9.333338322248656,0.3442507231134696,-1067.7133949999989,True
56363.278127,8.303023831646579,0.2628202424246826,-1066.7218730000022,True
56363.28397,8.064002707045375,0.2760624099926163,-1066.7160300000032,True
56363.286605,8.66230958642378,0.24148563912078957,-1066.7133949999989,True
56364.278127,8.645397635400164,0.225027061419316,-1065.7218730000022,True
56364.28397,9.060903395142205,0.21130025643897374,-1065.7160300000032,True
56364.286605,8.70215566048742,0.19726498393098368,-1065.7133949999989,True
56365.278127,8.26038703481917,0.1985419771266619,-1064.7218730000022,True
56365.28397,8.453941216288777,0.18288584075868367,-1064.7160300000032,True
56365.286605,8.405864408149942,0.18385568991422213,-1064.7133949999989,True
56366.278127,8.301836882677676,0.38218860354328266,-1063.7218730000022,True
56366.28397,9.065371646112052,0.3636548431951144,-1063.7160300000032,True
56366.286605,7.954469283424891,0.38190778899255284,-1063.7133949999989,True
56367.278127,8.423282412020232,0.22058005666805955,-1062.7218730000022,True
56367.286605,8.152451314841594,0.21745790441515,-1062.7133949999989,True
56368.278127,8.586877533889773,0.31236495810458637,-1061.7218730000022,True
56368.28397,9.453826498280337,0.3121379486873592,-1061.7160300000032,True
56368.286605,8.296532489256222,0.3121379486873592,-1061.7133949999989,True
56369.278127,8.905760874875929,0.9587477648837205,-1060.7218730000022,True
56369.286605,9.63674301747848,0.9126471961740592,-1060.7133949999989,True
56371.278127,4.081371556713034,0.27748130482937217,-1058.7218730000022,True
56371.28397,3.6652684860605897,0.30316080861820865,-1058.7160300000032,True
56371.286605,4.580695241495966,0.2748657998138425,-1058.7133949999989,True
56372.278127,3.617812208470215,0.2571308803225526,-1057.7218730000022,True
56372.28397,4.055137170278651,0.24113612477492927,-1057.7160300000032,True
56372.286605,4.071334391086373,0.24235091633550807,-1057.7133949999989,True
56373.278127,4.465300623083868,0.1474892728643152,-1056.7218730000022,True
56373.28397,4.2182860685306265,0.1512064821804077,-1056.7160300000032,True
56373.286605,4.195503172722317,0.13813629458511473,-1056.7133949999989,True
56374.28397,4.430656843551058,0.14738281034861037,-1055.7160300000032,True
56375.278127,4.170868893578271,0.1195089446844988,-1054.7218730000022,True
56375.28397,4.117344329512527,0.10897952224533582,-1054.7160300000032,True
56376.278127,4.061451127716521,0.218132560777672,-1053.7218730000022,True
56376.286605,4.3101300794109925,0.24593760891988872,-1053.7133949999989,True
56377.278127,4.363658393015857,0.11865130986661801,-1052.7218730000022,True
56377.28397,4.416856738512499,0.11713135713814252,-1052.7160300000032,True
56377.286605,4.481454729472707,0.11713135713814252,-1052.7133949999989,True
56378.278127,4.635044760160259,0.11856586652576101,-1051.7218730000022,True
56378.28397,4.493258888578327,0.13541578169926605,-1051.7160300000032,True
56378.286605,4.788132404114665,0.12360029240077167,-1051.7133949999989,True
56379.278127,4.348066185409431,0.13187864855311404,-1050.7218730000022,True
56379.28397,4.698140252487823,0.1410746240465166,-1050.7160300000032,True
56379.286605,4.549750647935191,0.12592216442670554,-1050.7133949999989,True
56380.278127,4.80384786478703,0.2458740013995482,-1049.7218730000022,True
56380.286605,4.0760906009927576,0.24196533067328743,-1049.7133949999989,True
56381.278127,4.527483885329453,0.10532289321454213,-1048.7218730000022,True
56381.28397,4.250318376870132,0.10571326717011864,-1048.7160300000032,True
56381.286605,4.4587780691479875,0.09642236702739766,-1048.7133949999989,True
56382.28397,4.272433017642089,0.11044628233128644,-1047.7160300000032,True
56382.286605,4.655219814911094,0.1181722543862572,-1047.7133949999989,True
56383.278127,4.5663272657548255,0.11553618844840423,-1046.7218730000022,True
56383.28397,4.5405810399167414,0.10419175768849823,-1046.7160300000032,True
56383.286605,4.36357573727991,0.10588135375912261,-1046.7133949999989,True
56384.278127,4.482435963904173,0.1087052203567019,-1045.7218730000022,True
56384.28397,4.284637721774784,0.11155485604839645,-1045.7160300000032,True
56384.286605,4.789190864833647,0.10937572287239472,-1045.7133949999989,True
56392.28397,4.7932690259754445,0.14539611515974654,-1037.7160300000032,True
56393.278127,4.441000979046359,0.14626887332118121,-1036.7218730000022,True
56393.28397,4.145650369455513,0.1382990949671425,-1036.7160300000032,True
56393.286605,4.628525175611976,0.15775473036082524,-1036.7133949999989,True
56394.278127,4.260937242766413,0.14259312372673646,-1035.7218730000022,True
56394.28397,4.602902652608813,0.13033398639276364,-1035.7160300000032,True
56394.286605,4.362021357625487,0.13571080101292715,-1035.7133949999989,True
56395.278127,4.246431402767708,0.15100144079806627,-1034.7218730000022,True
56395.28397,4.256357545137344,0.15807381723643077,-1034.7160300000032,True
56395.286605,4.459843463714852,0.15943866181225566,-1034.7133949999989,True
56396.278127,4.13457686132332,0.23736626773746025,-1033.7218730000022,True
56396.28397,4.27198953019592,0.22061321632696546,-1033.7160300000032,True
56396.286605,4.565638521211334,0.2522369538209332,-1033.7133949999989,True
56397.278127,4.403786839012355,0.21436737240390466,-1032.7218730000022,True
56397.28397,4.297071203841853,0.23870602603928248,-1032.7160300000032,True
56397.286605,4.634067946485545,0.2241028338580556,-1032.7133949999989,True
56398.278127,4.618177131034524,0.2853065965347172,-1031.7218730000022,True
56398.28397,4.528153204943473,0.2793050014619804,-1031.7160300000032,True
56398.286605,4.994430975979176,0.2696101171137133,-1031.7133949999989,True
56399.278127,4.082145973862924,0.18395245751950987,-1030.7218730000022,True
56399.28397,4.319553391977195,0.20217922058763765,-1030.7160300000032,True
56399.286605,4.457402860559675,0.1716991714232894,-1030.7133949999989,True
56400.278127,4.665787664231714,0.20414413981312354,-1029.7218730000022,True
56400.28397,4.115904459347879,0.21015848736654047,-1029.7160300000032,True
56400.286605,4.478483697568158,0.2084401023512785,-1029.7133949999989,True
56401.278127,4.448424915339286,0.22630991798517755,-1028.7218730000022,True
56401.28397,4.3306914319943965,0.244063379759407,-1028.7160300000032,True
56401.286605,4.155025599702021,0.21958229036546953,-1028.7133949999989,True
56402.278127,4.590803888784342,0.23692892345998653,-1027.7218730000022,True
56402.28397,4.111457340934796,0.22997656894919175,-1027.7160300000032,True
56402.286605,4.356619315789143,0.2447960614590442,-1027.7133949999989,True
56403.278127,4.205039630574813,0.13294623867342864,-1026.7218730000022,True
56403.28397,4.472257153489843,0.13140035217722598,-1026.7160300000032,True
56403.286605,4.357419870914788,0.14829468317144076,-1026.7133949999989,True
56404.278127,4.270314223020192,0.18753969256290717,-1025.7218730000022,True
56404.28397,4.672399323875065,0.19174058167631627,-1025.7160300000032,True
56404.286605,4.828432348087404,0.17283658066597524,-1025.7133949999989,True
56405.278127,4.41827960886785,0.16917138299487616,-1024.7218730000022,True
56405.28397,4.36197851468572,0.1573749632614775,-1024.7160300000032,True
56405.286605,4.478602209777276,0.1678308807524445,-1024.7133949999989,True
56406.278127,3.9753664800825614,0.27804312068379533,-1023.7218730000022,True
56406.28397,5.323756112625036,0.6704105617633632,-1023.7160300000032,True
56406.286605,5.116617971141406,0.8193906865996661,-1023.7133949999989,True
56407.278127,4.719134129580092,0.27055933329420984,-1022.7218730000022,True
56407.28397,4.426815759733382,0.2846257811665324,-1022.7160300000032,True
56407.286605,4.677374362459132,0.6609032617511688,-1022.7133949999989,True
56408.286605,4.771360628764457,0.6079417461240171,-1021.7133949999989,True
56419.9714,9.63655535663402,0.6554526780633757,-1010.0285999999978,True
56420.9714,8.241991212589953,1.5859095623688033,-1009.0285999999978,True
56421.9714,2.290415889377666,6.629637176706447,-1008.0285999999978,True
56421.9714,10.229066986983348,1.1477433707400595,-1008.0285999999978,True
56425.9714,9.848700252131575,0.9580204808600183,-1004.0285999999978,True
56426.9714,9.837200448250467,0.7516936690700285,-1003.0285999999978,True
56427.9714,8.747510452632108,0.31682056531648317,-1002.0285999999978,True
56428.9714,8.4590272507322,0.4756244396148443,-1001.0285999999978,True
56429.9714,9.712184790429882,0.5526148386974884,-1000.0285999999978,True
56430.9714,10.146691591198719,0.5404428942148138,-999.0285999999978,True
56431.9714,8.370453337964285,0.45280665593965835,-998.0285999999978,True
56432.9714,8.521364311471512,0.420929117420042,-997.0285999999978,True
56433.9714,8.30094427692873,0.4469464367539363,-996.0285999999978,True
56434.9714,8.724808045146295,0.4353424086512595,-995.0285999999978,True
56435.9714,7.830226369901003,0.44540854060055884,-994.0285999999978,True
56436.9714,9.01076001475394,0.36746661344969245,-993.0285999999978,True
56437.9714,8.97238246547805,0.3074290630166585,-992.0285999999978,True
56438.9714,9.320832968992551,0.32537240572852705,-991.0285999999978,True
56439.9714,8.745830759049793,0.36885836973959996,-990.0285999999978,True
56440.9714,8.185407634984168,0.25914186254470106,-989.0285999999978,True
56441.9714,9.00121492854229,0.22040004850459394,-988.0285999999978,True
56442.9714,8.622694969352471,0.20768626916459623,-987.0285999999978,True
56443.9714,8.377375996823996,0.4203793824425379,-986.0285999999978,True
56444.9714,8.09765754280303,0.23993740063609875,-985.0285999999978,True
56445.9714,8.909662224245087,0.3432382388474815,-984.0285999999978,True
56446.9714,11.536374576870928,0.9587477648837205,-983.0285999999978,True
56448.9714,3.7984214686693716,0.34072897156854326,-981.0285999999978,True
56449.9714,4.010594813057422,0.2717083790495003,-980.0285999999978,True
56450.9714,4.7566818694743445,0.17183099838582402,-979.0285999999978,True
56451.9714,4.525213821961202,0.1754977519292265,-978.0285999999978,True
56452.9714,4.13226101130134,0.1202109061804429,-977.0285999999978,True
56453.9714,4.470694441922386,0.252595155658166,-976.0285999999978,True
56454.9714,4.303810254332135,0.11789133350238036,-975.0285999999978,True
56455.9714,4.6309350247520875,0.1388063134110079,-974.0285999999978,True
56456.9714,4.782785026915733,0.13877563017316596,-973.0285999999978,True
56457.9714,4.21940852762232,0.27509596825778365,-972.0285999999978,True
56458.9714,4.449409094214151,0.11500416731283955,-971.0285999999978,True
56459.9714,4.679802453267819,0.1309025492495613,-970.0285999999978,True
56460.9714,4.485870310010812,0.11288110890885185,-969.0285999999978,True
56461.9714,4.458968375854923,0.1252163448056381,-968.0285999999978,True
56469.9714,4.400212542409623,0.1596574565988604,-960.0285999999978,True
56470.9714,4.271057175908769,0.15681710937799717,-959.0285999999978,True
56471.9714,4.346966276689029,0.13366761145726502,-958.0285999999978,True
56472.9714,4.123595390943481,0.16700734536910203,-957.0285999999978,True
56473.9714,4.356695969911905,0.23981334266258852,-956.0285999999978,True
56474.9714,4.250266100696894,0.26454244297529894,-955.0285999999978,True
56475.9714,4.590477461468047,0.3000797536368385,-954.0285999999978,True
56476.9714,4.390009787030463,0.21244134769322245,-953.0285999999978,True
56477.9714,4.4234953770797745,0.24091757913972994,-952.0285999999978,True
56478.9714,4.158763170601858,0.27190828296319847,-951.0285999999978,True
56479.9714,4.067547733498194,0.23363570290224175,-950.0285999999978,True
56480.9714,4.457902493167961,0.1446508078589631,-949.0285999999978,True
56481.9714,4.405342801665483,0.2098944239164057,-948.0285999999978,True
56482.9714,4.457154173898368,0.18968106730408063,-947.0285999999978,True
56483.9714,4.152628928082975,0.27186881069726404,-946.0285999999978,True
56484.9714,4.472971291814442,0.28220811043847716,-945.0285999999978,True
56485.9714,3.953874730573003,0.28541008902118514,-944.0285999999978,True
56487.982626,7.890444438217144,0.5176806160886245,-942.0173740000027,True
56488.982626,7.440357034894585,0.7672539035309939,-941.0173740000027,True
56488.982674,9.15248608491812,0.5139338323774885,-941.017326000001,True
56489.007577,7.949456281667536,0.5217396317756885,-940.9924230000033,True
56489.982626,3.761118959768867,1.7191982577815659,-940.0173740000027,True
56489.982674,7.655322481287259,0.7965237522585679,-940.017326000001,True
56490.007577,7.653882980530164,0.8253137674004437,-939.9924230000033,True
56490.982626,8.144664881785213,1.1782559756881594,-939.0173740000027,True
56490.982674,6.510480693960938,1.9439817356386826,-939.017326000001,True
56491.007577,10.85930677310616,2.021921735498688,-938.9924230000033,True
56491.982626,9.843889097232637,0.7143609428100174,-938.0173740000027,True
56491.982674,9.398185283012017,1.391061835839008,-938.017326000001,True
56492.007577,6.447851096876527,1.4215744407871085,-937.9924230000033,True
56492.982626,8.295424596008008,0.38188121506600525,-937.0173740000027,True
56492.982674,9.704039717887255,0.7388101350032662,-937.017326000001,True
56493.007577,8.277362673796109,0.765037450265115,-936.9924230000033,True
56493.982626,8.343665670865354,0.6415731985601463,-936.0173740000027,True
56493.982674,8.168446723008394,0.3861453973682311,-936.017326000001,True
56494.007577,9.048526570384455,0.4088877029801027,-935.9924230000033,True
56494.982626,10.00029909745448,1.0338199035214701,-935.0173740000027,True
56494.982674,10.50591269021984,0.6839294873971269,-935.017326000001,True
56495.007577,9.18211256097072,0.7341756731743287,-934.9924230000033,True
56495.982626,9.624833845240472,0.7690404460485678,-934.0173740000027,True
56495.982674,9.300487946197686,1.195244599930118,-934.017326000001,True
56496.007577,8.441778745954291,1.2843791062079366,-933.9924230000033,True
56496.982626,7.948725990232551,0.39467909682393404,-933.0173740000027,True
56496.982674,9.428237039483696,0.929892378031385,-933.017326000001,True
56497.007577,10.13892923569536,0.9903432675020511,-932.9924230000033,True
56497.982626,9.105270740501334,0.5840608291496752,-932.0173740000027,True
56497.982674,8.058903157460076,0.41157292913215476,-932.017326000001,True
56498.007577,8.111053683281105,0.4399741544619168,-931.9924230000033,True
56498.982626,8.62000237883812,0.6283731562645469,-931.0173740000027,True
56498.982674,7.966389515517927,0.6341659194864591,-931.017326000001,True
56499.007577,7.896466740197192,0.689505870007683,-930.9924230000033,True
56499.982626,9.417603535795717,0.5820154245390303,-930.0173740000027,True
56499.982674,9.340127275267216,0.7445359098673702,-930.017326000001,True
56500.007577,8.429402869430241,0.8085096002573307,-929.9924230000033,True
56500.982626,7.497312216550761,0.603621940547449,-929.0173740000027,True
56500.982674,8.79323119356786,0.7216363754392289,-929.017326000001,True
56501.007577,8.885004515226981,0.775759103597171,-928.9924230000033,True
56501.982626,7.991453064613502,0.5486267148396057,-928.0173740000027,True
56501.982674,7.514630718132517,0.6310429013852291,-928.017326000001,True
56502.007577,7.774408241858855,0.6631542897347347,-927.9924230000033,True
56502.982626,8.68744819164977,0.5450651466975739,-927.0173740000027,True
56502.982674,8.265124555802888,0.5972734186184867,-927.017326000001,True
56503.007577,7.910713049313832,0.6361232167752325,-926.9924230000033,True
56503.982626,9.103156662132411,0.4994201744216742,-926.0173740000027,True
56503.982674,8.552875412958388,0.6421363259300694,-926.017326000001,True
56504.007577,9.01864248482251,0.683339200568323,-925.9924230000033,True
56504.982626,7.533345248260457,0.6052275177271244,-925.0173740000027,True
56504.982674,9.05228084810364,0.6185597389194302,-925.017326000001,True
56505.007577,7.95265486767165,0.6475396329864519,-924.9924230000033,True
56505.982626,8.788044290377645,0.48642031437139466,-924.0173740000027,True
56505.982674,6.836742967524015,0.615997927055219,-924.017326000001,True
56506.007577,8.984223614522497,0.6288529317371384,-923.9924230000033,True
56506.982626,8.489709576630359,0.3752579150225929,-923.0173740000027,True
56506.982674,7.976579405294899,0.5142239504904432,-923.017326000001,True
56507.007577,8.256478896740784,0.5288423571097367,-922.9924230000033,True
56507.982626,8.594747296351489,0.37264873818480876,-922.0173740000027,True
56507.982674,8.565409353442444,0.4305858864540548,-922.017326000001,True
56508.007577,8.093848358438729,0.44285526924011126,-921.9924230000033,True
56508.982626,8.999340785229407,0.42525089325781534,-921.0173740000027,True
56508.982674,8.152134221065939,0.4479664246960419,-921.017326000001,True
56509.007577,7.985508323830318,0.45561406671102866,-920.9924230000033,True
56509.982626,8.694679329367617,0.3176281026364079,-920.0173740000027,True
56509.982674,8.570680707595265,0.5024061186168283,-920.017326000001,True
56510.007577,8.704151557576786,0.5036877668786056,-919.9924230000033,True
56510.982626,8.914998254564635,0.2560280479479538,-919.0173740000027,True
56510.982674,8.597937938524101,0.32608837636036553,-919.017326000001,True
56511.007577,8.231792005270735,0.3292149992583498,-918.9924230000033,True
56511.982626,8.700837101312999,0.22500500408492613,-918.0173740000027,True
56511.982674,8.720817945910133,0.28332742414481393,-918.017326000001,True
56512.007577,8.316972258713193,0.2874917357680638,-917.9924230000033,True
56512.982626,8.482147905701293,0.45913179044325286,-917.0173740000027,True
56512.982674,8.653868692209064,0.26421461994455303,-917.017326000001,True
56513.007577,8.369979989395018,0.2650459192207289,-916.9924230000033,True
56513.982626,8.362712658313788,0.2511771487465731,-916.0173740000027,True
56513.982674,7.124100656916818,0.5304586863286267,-916.017326000001,True
56514.007577,8.209168080936836,0.5256848389662198,-915.9924230000033,True
56514.982626,8.456347118984151,0.35345366262270417,-915.0173740000027,True
56514.982674,8.747361815872244,0.2761543667698495,-915.017326000001,True
56515.007577,8.859134866526405,0.2856769311412236,-914.9924230000033,True
56515.982626,9.685868936009713,1.234630855755595,-914.0173740000027,True
56515.982674,8.137398887779977,0.4133841487706769,-914.017326000001,True
56516.007577,8.98146530291404,0.4233725631286726,-913.9924230000033,True
56516.982674,8.708897040057954,1.226707320508622,-913.017326000001,True
56517.007577,9.858602004393722,1.2303089274390644,-912.9924230000033,True
56517.982626,3.6462466314021924,0.35998859941017064,-912.0173740000027,True
56519.007577,4.076616093048433,0.37829713451887836,-910.9924230000033,True
56519.982626,4.308218551984476,0.19101659485597897,-910.0173740000027,True
56519.982674,3.2857691819119585,0.34662052528520476,-910.017326000001,True
56520.007577,3.613762903268287,0.35066983048713474,-909.9924230000033,True
56520.982626,3.942742834954718,0.18835750099300605,-909.0173740000027,True
56520.982674,3.785411048172757,0.19365461437062526,-909.017326000001,True
56521.007577,4.340594246027862,0.19857092346610244,-908.9924230000033,True
56521.982626,4.302486674067807,0.13872514063597108,-908.0173740000027,True
56521.982674,4.465958115490846,0.22567598847220938,-908.017326000001,True
56522.007577,4.140682109759952,0.21924611394031962,-907.9924230000033,True
56522.982674,4.3568886900034824,0.15065848606702234,-907.017326000001,True
56523.007577,4.330565133905575,0.16039820182324802,-906.9924230000033,True
56523.982626,4.4330062362525515,0.1378407130636212,-906.0173740000027,True
56524.007577,4.727205801544244,0.33659773067937,-905.9924230000033,True
56524.982626,4.581618199854024,0.15904676029625478,-905.0173740000027,True
56524.982674,4.200263474704743,0.16434488876641257,-905.017326000001,True
56525.007577,4.386457683942989,0.17754947809504343,-904.9924230000033,True
56525.982626,4.205946564147754,0.1574810803245189,-904.0173740000027,True
56525.982674,4.412091614266931,0.16675251418657722,-904.017326000001,True
56526.007577,4.492231454726284,0.17548570192894264,-903.9924230000033,True
56526.982674,4.453610904140528,0.17409653604555306,-903.017326000001,True
56527.007577,4.9186346648864525,0.19207048814629443,-902.9924230000033,True
56527.982626,4.466585548259518,0.13709933319846998,-902.0173740000027,True
56527.982674,3.737339138050155,0.3460104228628008,-902.017326000001,True
56528.982626,4.631515127924253,0.14740803500336241,-901.0173740000027,True
56528.982674,4.47751601901566,0.1374897071540465,-901.017326000001,True
56529.007577,4.760927510764206,0.1417057458742728,-900.9924230000033,True
56529.982626,4.427941301875122,0.13524814260568777,-900.0173740000027,True
56529.982674,4.597275024498813,0.16479147212704662,-900.017326000001,True
56530.982626,4.621565235910436,0.14985731225735,-899.0173740000027,True
56530.982674,4.201052686677002,0.15214410331193073,-899.017326000001,True
56531.007577,4.499547992487294,0.15673014978933955,-898.9924230000033,True
56531.982674,4.534399908870367,0.15044400195858124,-898.017326000001,True
56532.007577,4.505065423808805,0.150276376329658,-897.9924230000033,True
56533.982674,0.7679009192124229,1.790078156755382,-896.017326000001,True
56534.982674,6.2981371026482265,0.9122480045000496,-895.017326000001,True
56535.982674,5.6778109688350655,0.6670254960715473,-894.017326000001,True
56536.982674,5.193551552709434,0.504505250623761,-893.017326000001,True
56537.982674,4.6423890803271455,0.4576631445768781,-892.017326000001,True
56538.982626,4.9103743499876815,0.187252572554219,-891.0173740000027,True
56538.982674,5.368794333691475,0.5311444131020528,-891.017326000001,True
56539.982626,4.361303195505973,0.18400811788001162,-890.0173740000027,True
56539.982674,4.949795944209621,0.22574659985329054,-890.017326000001,True
56540.007577,5.09240935860076,0.22968875927548474,-889.9924230000033,True
56540.982626,4.293198130487395,0.16732647097948863,-889.0173740000027,True
56540.982674,4.970756834344227,0.21717646014755512,-889.017326000001,True
56541.007577,4.204251680882268,0.2111991263820261,-888.9924230000033,True
56541.982626,4.595087153501124,0.20646376128839955,-888.0173740000027,True
56541.982674,4.27599232370287,0.19388793520309638,-888.017326000001,True
56542.007577,3.9781167937458117,0.2070073628762954,-887.9924230000033,True
56542.982626,4.128929765342256,0.28442540091300733,-887.0173740000027,True
56542.982674,4.376712021369162,0.21490098230258894,-887.017326000001,True
56543.007577,4.472251141676895,0.2208566677243697,-886.9924230000033,True
56543.982626,4.272732550206474,0.27615010855524835,-886.0173740000027,True
56543.982674,4.191047821133979,0.34974347776066705,-886.017326000001,True
56544.007577,4.821640205686312,0.35237878921849775,-885.9924230000033,True
56544.982626,4.172674112173681,0.3183153694347694,-885.0173740000027,True
56545.007577,4.4636973710379,0.3012376438409455,-884.9924230000033,True
56545.982626,4.449744556749537,0.23373143228540555,-884.0173740000027,True
56545.982674,4.223456839712222,0.3850254069740358,-884.017326000001,True
56546.007577,4.652801717992622,0.40141437813420155,-883.9924230000033,True
56546.982626,3.9904623532337546,0.24624457268704192,-883.0173740000027,True
56546.982674,4.120437492913612,0.2380200824190827,-883.017326000001,True
56547.007577,4.134222439771861,0.2531835239631555,-882.9924230000033,True
56547.982626,3.747630371619703,0.29096989455237116,-882.0173740000027,True
56547.982674,4.028266823569518,0.28731397455180346,-882.017326000001,True
56548.007577,3.780819381371793,0.2811277884968603,-881.9924230000033,True
56548.982626,3.9376484781649204,0.2716906960139616,-881.0173740000027,True
56548.982674,4.297053293895857,0.29975318616698987,-881.017326000001,True
56549.007577,4.3306914319943965,0.3038645141568115,-880.9924230000033,True
56549.982626,4.365149303395802,0.16728700298193058,-880.0173740000027,True
56549.982674,3.785794419113344,0.3342618866111164,-880.017326000001,True
56550.007577,4.144389546512243,0.35182572958575636,-879.9924230000033,True
56550.982626,4.532869792608261,0.2396007112183702,-879.0173740000027,True
56550.982674,4.155350421768298,0.20041314218627326,-879.017326000001,True
56551.007577,4.2988970249871175,0.1993089375461285,-878.9924230000033,True
56551.982626,4.375383537110037,0.20281798927991096,-878.0173740000027,True
56551.982674,4.672399323875065,0.24260134629937674,-878.017326000001,True
56552.007577,4.6438932906055035,0.2517532832964466,-877.9924230000033,True
56552.982626,4.435452159724084,0.3310226837940313,-877.0173740000027,True
56552.982674,4.497369241171318,0.2365986457891889,-877.017326000001,True
56553.007577,4.705147088748227,0.2294939839043011,-876.9924230000033,True
56553.982626,3.859762079880367,0.31759401836728934,-876.0173740000027,True
56553.982674,4.644582014106596,0.37981964981661726,-876.017326000001,True
56554.007577,4.40557646624087,0.3824088765851626,-875.9924230000033,True
56554.982626,3.659742087303125,0.30285519751857104,-875.0173740000027,True
56554.982674,3.844376902520014,0.3494633143280208,-875.017326000001,True
56555.007577,3.934490084202083,0.3791347278087018,-874.9924230000033,True
56555.982674,4.020815263179251,0.3243573079920931,-874.017326000001,True
56556.007577,3.544117530983242,0.3249658582885134,-873.9924230000033,True
56612.301256,7.9862996548270395,1.0662721977941207,-817.6987440000012,True
56613.301256,6.661107291721142,1.704848729984754,-816.6987440000012,True
56614.301256,11.399238946049387,4.134208688226368,-815.6987440000012,True
56615.301256,7.914881495291445,2.8509726264327044,-814.6987440000012,True
56616.301256,9.385088892457143,1.4838437007466323,-813.6987440000012,True
56617.301256,7.673327777916612,0.8064042531542697,-812.6987440000012,True
56618.301256,9.397755902078996,1.470012377283442,-811.6987440000012,True
56619.301256,9.782024834049743,2.5554231287995064,-810.6987440000012,True
56620.301256,7.366598878579744,1.906042828005541,-809.6987440000012,True
56621.301256,7.785174106437024,0.8016001011175933,-808.6987440000012,True
56622.301256,10.144839189414217,1.2743145363265638,-807.6987440000012,True
56623.301256,6.474358473522204,1.470973999427054,-806.6987440000012,True
56624.301256,9.662724587235672,1.3691481449230154,-805.6987440000012,True
56625.301256,7.638385844018814,1.1340010514887222,-804.6987440000012,True
56626.301256,6.7874471460861905,1.1043477406469646,-803.6987440000012,True
56627.301256,6.000008152214871,1.1721868657679408,-802.6987440000012,True
56628.301256,7.7658955503508444,1.0790180557621083,-801.6987440000012,True
56629.301256,5.538734927209125,1.0940651281990326,-800.6987440000012,True
56630.301256,6.649457392602173,0.9407374612651251,-799.6987440000012,True
56631.301256,8.5547604551753,0.7829255204234481,-798.6987440000012,True
56632.301256,8.686481921054895,0.7809864724395558,-797.6987440000012,True
56633.301256,7.625670178256152,0.8348656777219438,-796.6987440000012,True
56634.301256,8.510760335368538,0.659349593486695,-795.6987440000012,True
56635.301256,7.992526113132881,0.5665006145258038,-794.6987440000012,True
56636.301256,8.591382696616515,0.4889425242707539,-793.6987440000012,True
56637.301256,9.19258063759266,0.9544886579306522,-792.6987440000012,True
56638.301256,8.564091478626453,0.5991410173333421,-791.6987440000012,True
56639.301256,8.631825398500753,0.8301734387997619,-790.6987440000012,True
56640.301256,8.744192787976289,2.3684167174588073,-789.6987440000012,True
56643.301256,5.286125951665361,0.6201510916755736,-786.6987440000012,True
56644.301256,5.925804154374405,0.40121878618211276,-785.6987440000012,True
56645.301256,5.8527937988396195,0.3883139913376564,-784.6987440000012,True
56646.301256,5.903836336690497,0.2867512710932027,-783.6987440000012,True
56647.301256,6.78517098446465,0.6745661327460324,-782.6987440000012,True
56648.301256,6.020406867054144,0.32583986616693356,-781.6987440000012,True
56649.301256,5.774468902075935,0.3753215861513041,-780.6987440000012,True
56650.301256,5.392018403353653,0.37045151277400096,-779.6987440000012,True
56651.301256,6.000645615732597,0.6004462744246347,-778.6987440000012,True
56652.301256,5.447985672578861,0.2760724613837071,-777.6987440000012,True
56653.301256,5.692958334112848,0.2959574067875728,-776.6987440000012,True
56654.301256,5.550315834504119,0.2694503447867034,-775.6987440000012,True
56655.301256,5.829307892302167,0.30030131421593126,-774.6987440000012,True
56663.301256,6.873337850509618,0.39873783096839577,-766.6987440000012,True
56664.301256,6.038472728539709,0.415248892769988,-765.6987440000012,True
56665.301256,5.602990171959227,0.37390368868617097,-764.6987440000012,True
56666.301256,5.350714741389556,0.4650397700173807,-763.6987440000012,True
56667.301256,6.9411835639129595,0.6516748762149781,-762.6987440000012,True
56668.205828,8.082154871436938,0.6047933373725362,-761.7941720000017,True
56668.214154,7.290959044435383,0.6154092245540885,-761.7858459999989,True
56668.301256,6.043837653211661,0.6247545167788907,-761.6987440000012,True
56669.205828,8.932639486415153,0.8891316342982688,-760.7941720000017,True
56669.214154,8.377951861348345,0.9097644784832799,-760.7858459999989,True
56669.301256,6.139350651393575,0.7132664913367929,-760.6987440000012,True
56670.205828,9.032573906822094,2.059197387605647,-759.7941720000017,True
56670.214154,8.530256255550437,2.0625860832517344,-759.7858459999989,True
56670.301256,5.465235641973809,0.5143316838888543,-759.6987440000012,True
56671.205828,6.911016792498964,1.455216543678603,-758.7941720000017,True
56671.214154,8.756247017373148,1.4278334366738983,-758.7858459999989,True
56671.301256,4.877149021108938,0.5526326209082536,-758.6987440000012,True
56672.205828,9.289470324443181,0.8552771959965609,-757.7941720000017,True
56672.214154,8.198236197243414,0.8646123421067106,-757.7858459999989,True
56672.301256,6.483532270300957,0.6320232391625685,-757.6987440000012,True
56673.205828,8.452014846106414,0.44418565648186126,-756.7941720000017,True
56673.214154,9.543527065967842,0.45839959748928083,-756.7858459999989,True
56673.301256,5.871500772351838,0.6372381779236554,-756.6987440000012,True
56674.205828,7.9823914425499325,0.7387435082449839,-755.7941720000017,True
56674.214154,8.9246112403059,0.7653200032015207,-755.7858459999989,True
56674.301256,5.546648268350691,0.387465408226795,-755.6987440000012,True
56675.205828,8.112331995979424,1.2226166136689758,-754.7941720000017,True
56675.214154,6.943055716775916,1.2338461577669686,-754.7858459999989,True
56675.301256,6.187720039783355,0.5047068206252957,-754.6987440000012,True
56676.205828,8.18095120873589,0.9425082158339588,-753.7941720000017,True
56676.214154,7.607351116645529,0.9246357789469792,-753.7858459999989,True
56676.301256,5.643498658450393,0.4303012198205644,-753.6987440000012,True
56676.353704,8.535484477286799,0.7793310119162886,-753.646295999999,True
56677.205828,8.643062498100413,0.4583370156665043,-752.7941720000017,True
56677.214154,8.05865831931068,0.4522160619316418,-752.7858459999989,True
56677.301256,5.95512910157033,0.6538793447026504,-752.6987440000012,True
56677.353704,7.056969999921936,1.205821800858904,-752.646295999999,True
56678.205828,7.447764438673753,0.6670707549315111,-751.7941720000017,True
56678.214154,7.754751596632706,0.659218464654851,-751.7858459999989,True
56678.301256,4.530116236295753,0.681563357063643,-751.6987440000012,True
56678.353704,6.15805634676787,2.761786951561057,-751.646295999999,True
56679.205828,9.194082074179608,0.7411688735310564,-750.7941720000017,True
56679.214154,8.575936290786613,0.714653462382586,-750.7858459999989,True
56679.301256,5.430623449886598,0.6813734818920831,-750.6987440000012,True
56679.353704,8.815394528503312,1.8456214121171102,-750.646295999999,True
56679.353704,-22.70836586760364,16.294464510479983,-750.646295999999,True
56680.205828,9.873724788315185,0.7106549523347189,-749.7941720000017,True
56680.214154,8.016334728292009,0.6647682915051593,-749.7858459999989,True
56680.353704,9.545075515554421,1.1166612870807489,-749.646295999999,True
56681.205828,7.866773583628219,0.7006777098285392,-748.7941720000017,True
56681.214154,7.54602050224945,0.6544950389438569,-748.7858459999989,True
56681.353704,9.488376974859053,0.622096818091396,-748.646295999999,True
56682.205828,8.032667633092831,0.6286910814756812,-747.7941720000017,True
56682.214154,8.350222504982753,0.5884899859917445,-747.7858459999989,True
56682.353704,9.014722168517908,1.0937888705549674,-747.646295999999,True
56683.205828,9.897869928374394,0.6407396183152134,-746.7941720000017,True
56683.214154,8.514640542001704,0.5859188444321134,-746.7858459999989,True
56684.205828,8.529290359840788,0.6095437718763568,-745.7941720000017,True
56684.214154,9.192350336094245,0.5435340131681407,-745.7858459999989,True
56684.353704,11.293804054539313,1.301008273390434,-745.646295999999,True
56685.205828,8.699676348725415,0.7042457970338007,-744.7941720000017,True
56685.214154,7.146652810125963,0.6483091550395028,-744.7858459999989,True
56685.353704,8.067227654539488,0.6605733270663614,-744.646295999999,True
56686.205828,8.72882541179831,0.5563593578048774,-743.7941720000017,True
56686.214154,8.864575948561004,0.5188101172729667,-743.7858459999989,True
56686.353704,6.8109810890950735,1.0129454456891611,-743.646295999999,True
56687.205828,8.864272998287705,0.4412347847211981,-742.7941720000017,True
56687.214154,8.215616195145628,0.4032691474209481,-742.7858459999989,True
56687.353704,9.71681446539231,1.1149099068618784,-742.646295999999,True
56688.205828,9.647827601815166,0.45630930689420923,-741.7941720000017,True
56688.214154,9.711789698667781,0.40625201370520486,-741.7858459999989,True
56688.353704,9.977656114125725,0.999701696192714,-741.646295999999,True
56689.205828,8.90988173655733,0.5303460507235804,-740.7941720000017,True
56689.214154,8.36610401205032,0.4667762969394101,-740.7858459999989,True
56689.353704,8.184640248076697,0.9615376399037368,-740.646295999999,True
56690.205828,9.332326481562419,0.3632400131481791,-739.7941720000017,True
56690.214154,9.121739233433475,0.3599294712561959,-739.7858459999989,True
56690.219464,8.288852439501273,0.36968265949875234,-739.7805359999984,True
56690.353704,7.579983028483798,0.9043557362226752,-739.646295999999,True
56691.205828,9.489210557281641,0.3001389044016374,-738.7941720000017,True
56691.214154,9.66272354158372,0.28702903447659156,-738.7858459999989,True
56691.219464,9.393279728685169,0.5868364753085714,-738.7805359999984,True
56691.353704,10.12378738507736,0.9148434877307134,-738.646295999999,True
56692.205828,9.28773439029314,0.2768226589665532,-737.7941720000017,True
56692.214154,8.984171604609598,0.2567329264589705,-737.7858459999989,True
56692.219464,9.645024166591586,1.4288999974334302,-737.7805359999984,True
56692.353704,7.922064979489794,0.8066070515321044,-737.646295999999,True
56693.205828,9.076604228141244,0.5781971599526958,-736.7941720000017,True
56693.219464,7.2536968173007,1.0022217163721991,-736.7805359999984,True
56693.353704,6.420518761877003,0.8852581602575845,-736.646295999999,True
56694.205828,9.472481676610487,0.29582392596317963,-735.7941720000017,True
56694.214154,8.502585079244136,0.30487816749661734,-735.7858459999989,True
56694.219464,7.860837344976578,0.5441056589915751,-735.7805359999984,True
56694.353704,10.076757156266737,0.7392327582580006,-735.646295999999,True
56695.205828,9.345543006262977,0.4347230339900309,-734.7941720000017,True
56695.214154,9.764148371629878,0.42428060079758134,-734.7858459999989,True
56695.219464,8.651957616277448,0.29588687197111696,-734.7805359999984,True
56695.353704,8.948769691059603,0.5805964533477256,-734.646295999999,True
56696.205828,9.958870741337234,1.4442443791073325,-733.7941720000017,True
56696.214154,10.248439938544788,1.399584453169849,-733.7858459999989,True
56696.219464,8.37522525862624,0.5261315485926891,-733.7805359999984,True
56696.353704,8.570298016576306,0.5573508801831251,-733.646295999999,True
56697.219464,7.47224798239383,0.9109967649496731,-732.7805359999984,True
56697.353704,9.529430506300633,0.6044253202543272,-732.646295999999,True
56698.205828,5.184639126900083,0.41015874107169403,-731.7941720000017,True
56698.214154,5.179883663235484,0.43869152305929016,-731.7858459999989,True
56698.219464,8.325250110201914,0.69860201831753,-731.7805359999984,True
56698.353704,9.783847611830158,0.4631080268896787,-731.646295999999,True
56699.205828,5.23348498404027,0.3790149669006445,-730.7941720000017,True
56699.219464,8.171773544330941,0.31682056531648317,-730.7805359999984,True
56699.353704,9.460060375918893,0.37926082524338456,-730.646295999999,True
56700.205828,6.682436115166135,0.21068183123788767,-729.7941720000017,True
56700.214154,6.656055920019673,0.23598283658290423,-729.7858459999989,True
56700.219464,8.441640036548169,0.49394645026038464,-729.7805359999984,True
56700.353704,8.864741608599003,0.32670061553710333,-729.646295999999,True
56701.205828,6.514692647710624,0.23361877465866143,-728.7941720000017,True
56701.214154,5.924657102431328,0.2303407994071098,-728.7858459999989,True
56701.219464,7.908295073249809,0.5723961771733316,-728.7805359999984,True
56701.353704,8.598068152242561,0.6416612484176344,-728.646295999999,True
56702.205828,6.598778217675247,0.1687339945875853,-727.7941720000017,True
56702.214154,6.568944854097619,0.17636782585597843,-727.7858459999989,True
56702.219464,7.875890170658972,0.5478945741785884,-727.7805359999984,True
56702.353704,8.664936996395433,0.3890201707125295,-727.646295999999,True
56703.182058,8.716485353732262,1.0659599658181929,-726.8179420000015,True
56703.18767,8.973577162711377,1.104988962809193,-726.8123300000007,True
56703.214154,5.774790361831987,0.3226952066082617,-726.7858459999989,True
56703.219464,7.677713274694051,0.46759954270740817,-726.7805359999984,True
56703.353704,8.982123630224,0.5430065260073914,-726.646295999999,True
56704.182058,9.573217323321893,1.5882491686601559,-725.8179420000015,True
56704.18767,7.2138755824451595,1.738916914569307,-725.8123300000007,True
56704.205828,6.223700544487741,0.19892381333923004,-725.7941720000017,True
56704.214154,6.130603439868617,0.16690980899571498,-725.7858459999989,True
56704.219464,7.787407168207638,0.4459281179730782,-725.7805359999984,True
56704.353704,10.49767113813139,1.7727109311636635,-725.646295999999,True
56705.182058,5.719785043207261,3.7603226019414144,-724.8179420000015,True
56705.18767,8.57216312504038,4.058527818797087,-724.8123300000007,True
56705.219464,8.70738619285184,0.4797690657030535,-724.7805359999984,True
56706.182058,8.435692543031216,2.713274716923331,-723.8179420000015,True
56706.182058,-54.8569479802664,19.150475284392833,-723.8179420000015,True
56706.18767,12.389202942411641,2.7156218403808765,-723.8123300000007,True
56706.205828,5.826737244859957,0.2149559271582849,-723.7941720000017,True
56706.219464,9.042298884591666,0.4543403392063071,-723.7805359999984,True
56706.353704,5.160861808577087,0.5737466911339117,-723.646295999999,True
56707.182058,9.936351496799833,1.6363177538790752,-722.8179420000015,True
56707.18767,11.465092805028613,1.5709717311080282,-722.8123300000007,True
56707.353704,5.498714474766683,0.5217529752686756,-722.646295999999,True
56708.182058,10.181377668675793,0.8409915096056573,-721.8179420000015,True
56708.18767,8.127226294086876,0.8751049680234643,-721.8123300000007,True
56708.205828,6.564455185527677,0.1506062720614172,-721.7941720000017,True
56708.214154,6.084295220168571,0.16395706134213378,-721.7858459999989,True
56708.219464,8.222770570889237,0.3706196031126773,-721.7805359999984,True
56709.182058,9.24884447877565,1.4280713461801573,-720.8179420000015,True
56709.18767,12.953441772623401,1.5779793880443727,-720.8123300000007,True
56709.205828,6.739476367013432,0.16426470130511678,-720.7941720000017,True
56709.214154,6.486626372487116,0.16962020466140335,-720.7858459999989,True
56709.219464,8.686945692360927,0.3074290630166585,-720.7805359999984,True
56709.353704,6.098641942705993,0.30674283796250584,-720.646295999999,True
56710.182058,8.859938894303301,2.429090757697087,-719.8179420000015,True
56710.18767,8.373629450209597,2.638942863028329,-719.8123300000007,True
56710.214154,6.415228108752271,0.16292533538162857,-719.7858459999989,True
56710.219464,9.509706552089948,0.32073747117398965,-719.7805359999984,True
56711.182058,6.66431724090313,1.8950039699282888,-718.8179420000015,True
56711.18767,9.393017825618177,1.913402066723709,-718.8123300000007,True
56711.205828,6.731133775909039,0.15832240651797214,-718.7941720000017,True
56711.214154,6.765497029838297,0.1723191465330601,-718.7858459999989,True
56711.219464,8.446950384403253,0.3506589644223577,-718.7805359999984,True
56711.353704,5.5359019200467445,0.469161234850361,-718.646295999999,True
56712.182058,9.878295445610606,0.9083495342535957,-717.8179420000015,True
56712.18767,6.292395909578756,0.9323436728942567,-717.8123300000007,True
56712.219464,9.109048822847539,0.2359680693008172,-717.7805359999984,True
56712.353704,6.284498653626761,0.2529771322456397,-717.646295999999,True
56713.182058,9.821773532317343,1.3416198815550797,-716.8179420000015,True
56713.18767,8.57621333514674,1.461647747212599,-716.8123300000007,True
56713.191333,8.077783623773945,0.4137073681046004,-716.8086669999975,True
56714.182058,9.292988766558823,1.5185333876774854,-715.8179420000015,True
56714.18767,7.218052624305496,1.6309082254019556,-715.8123300000007,True
56714.191333,8.2488766267956,0.6405778369067399,-715.8086669999975,True
56714.219464,8.931245550693069,0.18939768508872784,-715.7805359999984,True
56715.182058,9.532124091028463,1.4738638580981644,-714.8179420000015,True
56715.18767,9.015997205116493,1.4695497275928209,-714.8123300000007,True
56715.191333,7.375501735885461,1.465046084325027,-714.8086669999975,True
56715.219464,9.928595575055514,0.37236009426773903,-714.7805359999984,True
56716.182058,6.4928391248089214,1.3479567064466642,-713.8179420000015,True
56716.18767,10.037359115208288,1.3667184164935662,-713.8123300000007,True
56716.191333,8.78097005112597,0.9810976052542841,-713.8086669999975,True
56716.219464,8.802467803136098,0.20887198571964874,-713.7805359999984,True
56716.353704,6.309931366491793,0.19604580049052284,-713.646295999999,True
56717.182058,10.007588676782694,1.2225862567761905,-712.8179420000015,True
56717.18767,7.1384466268240905,1.3080558127210304,-712.8123300000007,True
56717.219464,9.45995575254547,0.3078247697600429,-712.7805359999984,True
56717.353704,6.740354318383314,0.20825006493625708,-712.646295999999,True
56718.182058,11.55785692863081,1.2664646297707238,-711.8179420000015,True
56718.18767,9.4519710223316,1.340140956454381,-711.8123300000007,True
56718.219464,7.621427843480229,0.8499792355843652,-711.7805359999984,True
56718.353704,6.5479820857298945,0.20854442928848466,-711.646295999999,True
56719.182058,10.643277032383132,1.2129695661163422,-710.8179420000015,True
56719.18767,8.220783287556195,1.1910736461545925,-710.8123300000007,True
56719.191333,8.552955568648082,0.5323604145981279,-710.8086669999975,True
56719.353704,6.881158713795312,0.20064787782108265,-710.646295999999,True
56720.182058,9.987608844830152,1.2629173518588386,-709.8179420000015,True
56720.18767,7.808511834965327,1.260137891387072,-709.8123300000007,True
56720.191333,7.863176486305208,0.8723952071128225,-709.8086669999975,True
56721.182058,8.15343346184596,1.0029373482530997,-708.8179420000015,True
56721.18767,9.289083011368332,1.0657105060888892,-708.8123300000007,True
56721.191333,8.122077298990545,0.6323688698540171,-708.8086669999975,True
56721.214154,6.07722522145765,0.1967914150979847,-708.7858459999989,True
56722.182058,9.471260199514873,0.8111682506102195,-707.8179420000015,True
56722.18767,7.636478177864924,0.8519118613714634,-707.8123300000007,True
56722.191333,7.838303984855631,0.30702703934070324,-707.8086669999975,True
56722.214154,6.085249276742517,0.23053465653476343,-707.7858459999989,True
56723.182058,8.395468285179154,0.841704115103996,-706.8179420000015,True
56723.18767,10.50505874767686,0.8233961236135732,-706.8123300000007,True
56723.191333,7.775317118785863,0.468146067922787,-706.8086669999975,True
56723.219464,6.493259732604324,0.16692458588670683,-706.7805359999984,True
56724.182058,10.544752259280866,0.9684134265991722,-705.8179420000015,True
56724.18767,8.076041377444808,0.8733151255752721,-705.8123300000007,True
56724.191333,8.680609032891766,0.5176818367082336,-705.8086669999975,True
56724.205828,6.212336024533507,0.32894626490276024,-705.7941720000017,True
56724.214154,6.350879129842581,0.3373711834688526,-705.7858459999989,True
56725.182058,9.71947596393048,0.6321295823748315,-704.8179420000015,True
56725.18767,9.7354769164084,0.6685455431866489,-704.8123300000007,True
56725.191333,8.233766905761307,0.4690636440354988,-704.8086669999975,True
56725.205828,6.954182597807451,0.4374239485706222,-704.7941720000017,True
56725.214154,6.686419125331504,0.4092626178447035,-704.7858459999989,True
56726.182058,8.571519662528434,0.5189966152679905,-703.8179420000015,True
56726.18767,10.07637849615987,0.5550873160028227,-703.8123300000007,True
56726.191333,7.317632762640045,0.4574970834513839,-703.8086669999975,True
56726.205828,6.080963268308889,0.28167241413686817,-703.7941720000017,True
56726.214154,7.309355199454991,0.29729535390954925,-703.7858459999989,True
56726.219464,6.471642833320306,0.12881599373829797,-703.7805359999984,True
56727.182058,9.469096182378834,0.4836776288549736,-702.8179420000015,True
56727.18767,9.24367552865582,0.47938258259473177,-702.8123300000007,True
56727.191333,8.444543058420694,0.43342861769656044,-702.8086669999975,True
56727.205828,6.403074914661579,0.3039823091998447,-702.7941720000017,True
56727.214154,6.695200367256115,0.3075909177318949,-702.7858459999989,True
56728.182058,7.965982680004815,1.0140213426853737,-701.8179420000015,True
56728.18767,8.480856158767935,0.9309002356693475,-701.8123300000007,True
56728.191333,8.016504771163293,0.437169483449944,-701.8086669999975,True
56728.353704,6.70652767880472,0.2698004378087814,-701.646295999999,True
56729.182058,8.947491775283746,0.5337319276348872,-700.8179420000015,True
56729.18767,9.115151351264988,0.5718221851203836,-700.8123300000007,True
56729.191333,9.498571216735776,0.3979905451870982,-700.8086669999975,True
56729.214154,5.516564778905988,0.3232844847519664,-700.7858459999989,True
56729.353704,6.1191643754949245,0.26873319471577245,-700.646295999999,True
56730.182058,9.019012660523416,0.7847715553543275,-699.8179420000015,True
56730.18767,9.883782334508599,0.7968030544673678,-699.8123300000007,True
56730.205828,6.638706657453855,0.21543032529224196,-699.7941720000017,True
56730.214154,6.418969934065049,0.18705226604052172,-699.7858459999989,True
56730.219464,6.161589263372719,0.09931113429866391,-699.7805359999984,True
56730.353704,6.66592860536614,0.2888507429563667,-699.646295999999,True
56731.182058,6.677806827704367,2.46926171151119,-698.8179420000015,True
56731.18767,15.413864598185027,2.5268874223982656,-698.8123300000007,True
56731.191333,8.52671877440098,0.3872444576993248,-698.8086669999975,True
56731.205828,6.336251476293176,0.2726076971094419,-698.7941720000017,True
56731.214154,6.573301647692692,0.29811309529799723,-698.7858459999989,True
56731.219464,6.400587138238578,0.11738209815336247,-698.7805359999984,True
56731.353704,5.661175141538074,0.45026178622363594,-698.646295999999,True
56732.191333,9.236058446484055,0.3071975652282421,-697.8086669999975,True
56732.205828,6.4236709635456215,0.23780509780737727,-697.7941720000017,True
56732.214154,6.866036703548072,0.24651836238318325,-697.7858459999989,True
56732.353704,6.083153939853425,0.45869001082058203,-697.646295999999,True
56733.182058,5.600742197552526,0.8721520360875208,-696.8179420000015,True
56733.191333,9.22002314243136,0.3008072525894787,-696.8086669999975,True
56733.205828,7.548499420675174,0.583372708082261,-696.7941720000017,True
56733.214154,6.52077556485255,1.0356907074181487,-696.7858459999989,True
56733.353704,7.37567923637735,0.6087002387233408,-696.646295999999,True
56734.182058,5.466320033151243,0.681295600224716,-695.8179420000015,True
56734.191333,8.911932373776175,0.3293836032768492,-695.8086669999975,True
56734.205828,7.510444879244157,0.42397153040173086,-695.7941720000017,True
56734.214154,6.738988128746452,0.40550931756930714,-695.7858459999989,True
56734.353704,6.718134145312352,0.3937899819172855,-695.646295999999,True
56735.182058,8.256854125498217,0.43599267978426837,-694.8179420000015,True
56735.18767,6.822730789354143,0.42400168199042154,-694.8123300000007,True
56735.191333,8.694863248361616,0.2628202424246826,-694.8086669999975,True
56735.205828,7.3792014990248385,0.3620874263701603,-694.7941720000017,True
56735.214154,7.399486508905519,0.377504033879478,-694.7858459999989,True
56735.353704,6.574913416187776,0.4222071982498689,-694.646295999999,True
56736.182058,6.664723053454719,0.42172412370924034,-693.8179420000015,True
56736.18767,5.9007026679007595,0.4190765283137564,-693.8123300000007,True
56737.182058,7.775441175251699,0.30684491891460525,-692.8179420000015,True
56737.18767,7.681553825169164,0.32299003332132165,-692.8123300000007,True
56737.191333,8.769419291597506,0.18939768508872784,-692.8086669999975,True
56738.182058,7.116090219396667,0.7346798635887122,-691.8179420000015,True
56738.18767,6.129206820546157,0.6904267587989871,-691.8123300000007,True
56738.191333,8.263365289227691,0.3656205450502231,-691.8086669999975,True
56738.353704,6.741397688987318,0.2646778522426981,-691.646295999999,True
56739.182058,7.4121135840645165,0.35034910391360097,-690.8179420000015,True
56739.18767,7.261068281672264,0.3558589325543246,-690.8123300000007,True
56739.191333,8.641052531660673,0.21855065770366836,-690.8086669999975,True
56739.353704,6.6648210176633915,0.36757779742329805,-690.646295999999,True
56740.18767,6.997115186007092,0.38251362311560505,-689.8123300000007,True
56740.191333,8.490398531568225,0.303965609667181,-689.8086669999975,True
56740.353704,6.914294784275611,0.3175649812320615,-689.646295999999,True
56741.182058,6.019016732449282,0.39887543702633615,-688.8179420000015,True
56741.18767,7.146568727606256,0.39218745484931605,-688.8123300000007,True
56741.191333,7.910276719301696,0.9609087290419858,-688.8086669999975,True
56741.219464,7.252480830232401,0.15861394381063257,-688.7805359999984,True
56741.353704,6.931068422022047,0.5915387309676734,-688.646295999999,True
56742.353704,6.34336928233737,0.5881533516614992,-687.646295999999,True
56743.182058,6.608177068552246,0.28645640860204236,-686.8179420000015,True
56743.18767,6.327888568448312,0.2895794002466544,-686.8123300000007,True
56743.219464,6.470808051653618,0.13678616393695986,-686.7805359999984,True
56743.353704,6.160883805591123,0.497591292373111,-686.646295999999,True
56744.182058,6.954574452634776,0.30965344815774815,-685.8179420000015,True
56744.18767,6.2179732533029055,0.3009617295959061,-685.8123300000007,True
56745.058036,7.543866944937063,0.43868592617884006,-684.9419639999978,True
56745.182058,7.331632834676593,0.27910517947598507,-684.8179420000015,True
56745.18767,6.963944546926447,0.2987366766775245,-684.8123300000007,True
56746.058036,7.619334962359913,0.653053510134886,-683.9419639999978,True
56746.182058,7.1352791672428975,0.3127894235707104,-683.8179420000015,True
56746.18767,6.076555694963902,0.3115322313537863,-683.8123300000007,True
56747.058036,8.01575059560502,1.481989562555463,-682.9419639999978,True
56747.219464,7.023431771723645,0.2950014808829842,-682.7805359999984,True
56748.058036,5.794568401192852,1.0116102102023838,-681.9419639999978,True
56748.219464,6.606322909684341,0.19543991323471654,-681.7805359999984,True
56749.058036,8.533856926441647,0.6512375738747203,-680.9419639999978,True
56750.058036,8.040521253941618,0.3532164340343761,-679.9419639999978,True
56751.058036,9.361545427700714,0.5950643323862065,-678.9419639999978,True
56752.058036,9.176541853216088,0.9594241738722673,-677.9419639999978,True
56752.219464,6.686187456980081,0.156244956580483,-677.7805359999984,True
56753.058036,8.65909146145344,0.7117435160285446,-676.9419639999978,True
56754.058036,8.079224723859818,0.3692159292869062,-675.9419639999978,True
56754.182058,7.238567326389363,0.39815810164160254,-675.8179420000015,True
56754.18767,7.635565969377379,0.4280721349041341,-675.8123300000007,True
56754.191333,6.8237596985222035,0.12229862582470749,-675.8086669999975,True
56754.219464,6.973276882942604,0.17681224577673665,-675.7805359999984,True
56755.058036,8.31675122929081,0.5391905989973313,-674.9419639999978,True
56755.182058,7.020630708052128,0.4193509845698609,-674.8179420000015,True
56755.18767,6.3162429447025294,0.4184133635870328,-674.8123300000007,True
56755.191333,7.041183224440701,0.12068543361602121,-674.8086669999975,True
56755.219464,6.309653997571158,0.2664911858702852,-674.7805359999984,True
56756.058036,8.515329636732968,0.5841808043504295,-673.9419639999978,True
56756.182058,7.078388103732095,0.38100108398478677,-673.8179420000015,True
56756.18767,7.021393868758363,0.4145524072146071,-673.8123300000007,True
56756.191333,6.87948245750608,0.11457211736901424,-673.8086669999975,True
56756.219464,7.123837351003284,0.2731967922702703,-673.7805359999984,True
56757.058036,9.137185052948407,0.5435804436732452,-672.9419639999978,True
56757.182058,7.338424750908884,0.47484183560739485,-672.8179420000015,True
56757.18767,6.685780890105409,0.47298068391308834,-672.8123300000007,True
56757.191333,7.278412489090905,2.3829484479926215,-672.8086669999975,True
56757.219464,7.0532213902422916,0.2663421797333448,-672.7805359999984,True
56758.058036,8.264738317892318,0.5274926940109805,-671.9419639999978,True
56758.182058,5.171760156512383,0.6633455412425139,-671.8179420000015,True
56758.18767,5.002347277080413,0.6814162483819239,-671.8123300000007,True
56758.191333,9.96431029783136,1.3273288950286963,-671.8086669999975,True
56759.058036,8.580263983720455,0.475318834839486,-670.9419639999978,True
56759.182058,7.447990747560381,0.7007660042863014,-670.8179420000015,True
56760.058036,8.993501747755102,0.46999211239906113,-669.9419639999978,True
56760.182058,7.389529071160588,0.7965963306159456,-669.8179420000015,True
56760.18767,6.9749573499823105,0.786670615687958,-669.8123300000007,True
56761.058036,8.551733677801582,0.4324444192445574,-668.9419639999978,True
56761.182058,7.657042192435247,0.5740664536079292,-668.8179420000015,True
56761.18767,7.89291794978749,0.5448117330532029,-668.8123300000007,True
56762.182058,6.763935767866594,0.6084801339042679,-667.8179420000015,True
56762.18767,8.001172978855223,0.5593343224677754,-667.8123300000007,True
56763.058036,7.918965685089448,0.38695782227541714,-666.9419639999978,True
56763.191333,7.912184720925737,0.407076589334528,-666.8086669999975,True
56764.058036,8.604069484107942,0.2988636448452606,-665.9419639999978,True
56764.182058,6.969240958266834,0.6599248084325654,-665.8179420000015,True
56764.18767,7.168663758708059,0.6901126635452277,-665.8123300000007,True
56764.191333,7.79522342597624,0.17635366121050583,-665.8086669999975,True
56765.058036,9.04829881718575,0.2991850254953906,-664.9419639999978,True
56765.182058,6.881631678285702,0.40855571685355985,-664.8179420000015,True
56765.18767,7.318896715783025,0.3949739997797792,-664.8123300000007,True
56765.191333,7.644148661632804,0.16021598544074897,-664.8086669999975,True
56766.058036,9.356407990960653,0.3455323713752472,-663.9419639999978,True
56766.182058,7.357967721375896,0.5408644733514243,-663.8179420000015,True
56766.18767,7.3114578776202945,0.5347131714353609,-663.8123300000007,True
56766.191333,7.614994202824415,0.15205631745822423,-663.8086669999975,True
56767.058036,8.576051578238209,0.25325645473673053,-662.9419639999978,True
56767.182058,6.773542048820286,0.45737936511768423,-662.8179420000015,True
56767.18767,6.690430909789523,0.4443764933660971,-662.8123300000007,True
56767.191333,7.962530952399659,0.16241650452314602,-662.8086669999975,True
56768.058036,9.407466662454885,0.20759864610719625,-661.9419639999978,True
56769.058036,8.833983535380497,0.18371714003485964,-660.9419639999978,True
56769.182058,6.719207186425997,0.7888200220901048,-660.8179420000015,True
56769.18767,7.3251633861759045,0.7954136695302562,-660.8123300000007,True
56770.058036,9.36387751353785,0.37264090881846856,-659.9419639999978,True
56770.182058,7.341877080844385,0.765961973094524,-659.8179420000015,True
56770.18767,8.42083675639782,0.6878646850539012,-659.8123300000007,True
56770.191333,8.382562225118804,0.2859990882738791,-659.8086669999975,True
56771.058036,8.689914214418708,0.2173017968025045,-658.9419639999978,True
56771.191333,7.246557108211861,0.18042963776684648,-658.8086669999975,True
56772.058036,9.024211176177916,0.30941383568063313,-657.9419639999978,True
56772.191333,7.95649496845841,0.20878377935433087,-657.8086669999975,True
56774.191333,6.90886524804151,0.2511995458768817,-655.8086669999975,True
56775.191333,6.8694854272441095,0.14840510363545523,-654.8086669999975,True
56776.191333,6.957382938061526,0.18093829538469283,-653.8086669999975,True
56777.058036,7.399497783238172,0.16655495935653156,-652.9419639999978,True
56777.191333,6.84861017439646,0.17118213635852367,-652.8086669999975,True
56778.058036,7.398485205917432,0.1860881335111626,-651.9419639999978,True
56778.191333,7.1780408214832985,0.29696439322316537,-651.8086669999975,True
56779.058036,7.190180778008231,0.13495209759527105,-650.9419639999978,True
56779.191333,7.3772532009531,0.26660314483011904,-650.8086669999975,True
56780.058036,7.50575251378407,0.2561197392254892,-649.9419639999978,True
56780.191333,6.962141695878032,0.23084341244215262,-649.8086669999975,True
56781.058036,7.562208916001471,0.14382552693199335,-648.9419639999978,True
56782.058036,7.349524997257838,0.140552950959481,-647.9419639999978,True
56783.058036,7.542622672151661,0.15957107475483767,-646.9419639999978,True
56787.058036,7.1554321015972,0.12768518876575047,-642.9419639999978,True
56789.058036,10.403934661193913,2.690256500484629,-640.9419639999978,True
56790.058036,9.817870658044443,1.4509239510088612,-639.9419639999978,True
56797.058036,7.122596989934682,0.15669990675514367,-632.9419639999978,True
56800.058036,6.515769000006013,0.2541193191479551,-629.9419639999978,True
56801.058036,6.624220932209131,0.2570536264721058,-628.9419639999978,True
56802.058036,6.951874292010246,0.337243476971862,-627.9419639999978,True
56805.058036,6.106037609417343,0.2593874204487419,-624.9419639999978,True
56806.058036,7.483349278670357,0.2559564200158467,-623.9419639999978,True
56807.058036,6.9644470262965585,0.1490676264195421,-622.9419639999978,True
56808.058036,7.27244962156721,0.21079461444070752,-621.9419639999978,True
56809.058036,6.702495429971408,0.18686601259497415,-620.9419639999978,True
56810.058036,6.773723103010443,0.2933793100051794,-619.9419639999978,True
56811.058036,7.242083428429997,0.32352830106342556,-618.9419639999978,True
56812.058036,6.333306389576913,0.27607898447607176,-617.9419639999978,True
56814.020511,8.174575536311625,0.47740269119391243,-615.9794889999976,True
56815.020511,7.8338205751668895,0.7495000608601705,-614.9794889999976,True
56816.020511,10.276451121979164,1.8457095619021542,-613.9794889999976,True
56817.020511,9.97323053011082,1.3112596382824402,-612.9794889999976,True
56818.020511,10.24263319536617,0.7214734350844171,-611.9794889999976,True
56820.020511,9.232026540560966,0.6785311368590802,-609.9794889999976,True
56821.020511,7.8961632720930615,1.1847169023382498,-608.9794889999976,True
56822.020511,7.796798947647513,0.9156995605034893,-607.9794889999976,True
56823.020511,8.990757154055542,0.39761715461666824,-606.9794889999976,True
56824.020511,8.858873349991429,0.6169656645947272,-605.9794889999976,True
56825.020511,8.27366060369405,0.7197040168870565,-604.9794889999976,True
56826.020511,9.21719256413841,0.69379062399565,-603.9794889999976,True
56827.020511,9.553162675151697,0.5682633331513641,-602.9794889999976,True
56828.020511,8.792434555306054,0.5378163362220766,-601.9794889999976,True
56829.020511,7.842265496210002,0.575792714224407,-600.9794889999976,True
56830.020511,8.634100976716518,0.5506179872734126,-599.9794889999976,True
56831.020511,8.769857725637516,0.522886001251046,-598.9794889999976,True
56832.020511,8.504048778724117,0.4376922923070829,-597.9794889999976,True
56833.020511,8.617033360259247,0.36761848800485974,-596.9794889999976,True
56834.020511,8.912958728193257,0.3814551138384299,-595.9794889999976,True
56835.020511,9.612481313663823,0.4237129153436822,-594.9794889999976,True
56835.042635,8.751580227826569,0.4071504966101123,-594.957365000002,True
56836.020511,9.231171034862927,0.30420201607447517,-593.9794889999976,True
56836.042635,9.342897202186887,0.6233038278216142,-593.957365000002,True
56836.973106,9.062875507826785,0.3921633617655683,-593.0268940000024,True
56837.020511,8.68133410237117,0.2648193724859257,-592.9794889999976,True
56837.042635,6.664101563250223,1.4989330407858976,-592.957365000002,True
56837.973106,8.565950660224795,0.5949936462654362,-592.0268940000024,True
56838.020511,9.257114866953996,0.23110119877688226,-591.9794889999976,True
56838.042635,11.172610616916895,1.0890652843014061,-591.957365000002,True
56838.973106,12.291595466185676,1.43341825829488,-591.0268940000024,True
56839.020511,8.988625029397593,0.4596934195447122,-590.9794889999976,True
56839.042635,10.66582648569295,0.5836688972679234,-590.957365000002,True
56839.973106,6.846079710173521,1.0335166958061477,-590.0268940000024,True
56840.042635,10.110071064621906,0.3027569434580366,-589.957365000002,True
56840.973106,9.497332911162514,0.6001165356524727,-589.0268940000024,True
56841.020511,9.26677073848515,0.38886713171014275,-588.9794889999976,True
56841.042635,8.810415363539532,0.5174111361850755,-588.957365000002,True
56841.973106,9.745720376798385,0.3150756923311336,-588.0268940000024,True
56842.020511,10.236194474981284,1.0538301878473952,-587.9794889999976,True
56842.042635,9.273677409663726,0.8941524488026831,-587.957365000002,True
56842.973106,9.361379324607235,0.5311146413970402,-587.0268940000024,True
56843.042635,7.817720212003449,0.6975506985006484,-586.957365000002,True
56843.973106,11.088161181947541,0.9180152300109187,-586.0268940000024,True
56844.020511,7.196200257025609,0.4163408438356732,-585.9794889999976,True
56844.042635,9.480433452844544,0.29821286596250096,-585.957365000002,True
56844.973106,10.314499645114513,0.7212053943804749,-585.0268940000024,True
56845.042635,8.577185523466706,0.4472066271850265,-584.957365000002,True
56845.973106,8.916399808084433,0.32122765200558423,-584.0268940000024,True
56846.020511,6.635671223770133,0.20888318156881064,-583.9794889999976,True
56846.042635,8.899045515210119,0.5155774389980375,-583.957365000002,True
56846.973106,8.680574012109398,0.4730070095226242,-583.0268940000024,True
56847.020511,7.239629482188391,0.2145813030054192,-582.9794889999976,True
56847.042635,8.427863559133522,0.5059298501720682,-582.957365000002,True
56847.973106,9.639793509199135,0.545880766024861,-582.0268940000024,True
56848.020511,6.582984084016504,0.1464467170913572,-581.9794889999976,True
56848.042635,9.871029339600174,0.43368414377646963,-581.957365000002,True
56848.973106,7.8221596361833345,0.5329912142510391,-581.0268940000024,True
56849.020511,7.223785828398211,0.3103591641226303,-580.9794889999976,True
56849.042635,8.366877244540383,0.4033622521665571,-580.957365000002,True
56849.973106,8.999872629826225,0.45172424959079865,-580.0268940000024,True
56850.020511,6.398495108262423,0.14306555056775572,-579.9794889999976,True
56850.042635,10.137405284322208,0.43088429918309173,-579.957365000002,True
56850.973106,8.64497423447632,0.41045656313431095,-579.0268940000024,True
56851.042635,8.868741519012504,0.4189204686799472,-578.957365000002,True
56851.973106,9.519362164748404,0.4354235989313735,-578.0268940000024,True
56852.020511,6.974144187104958,0.1670950547039852,-577.9794889999976,True
56852.042635,7.945435006455718,0.44436624292364646,-577.957365000002,True
56852.973106,9.496639223797974,0.42407244984741743,-577.0268940000024,True
56853.042635,9.466223703343301,0.3680398842975078,-576.957365000002,True
56853.973106,8.35120149207771,0.4183088010008368,-576.0268940000024,True
56854.042635,8.642498116985024,0.2995581382105091,-575.957365000002,True
56854.973106,8.9869692745696,0.3382298002111053,-575.0268940000024,True
56854.989274,8.142727874766969,0.40652603265825604,-575.0107260000004,True
56855.042635,9.39035698731061,0.31587078989172535,-574.957365000002,True
56855.973106,8.540176094505082,0.2784918394646387,-574.0268940000024,True
56855.989274,8.588550822111166,0.6472955071065108,-574.0107260000004,True
56856.042635,9.36691750670723,0.3629627877354229,-573.957365000002,True
56856.973106,9.060581393755275,0.2947818376685801,-573.0268940000024,True
56856.989274,6.807556345601248,1.5305608668160449,-573.0107260000004,True
56857.042635,9.274759836440708,0.2644755133706744,-572.957365000002,True
56857.973106,8.354697342520499,0.34014944867578095,-572.0268940000024,True
56857.989274,6.452545343791619,1.040558066178786,-572.0107260000004,True
56858.042635,8.733619348307531,0.22888290551491772,-571.957365000002,True
56858.973106,8.693207977415623,0.22658820060686408,-571.0268940000024,True
56858.989274,9.80441476510972,0.5547743974031747,-571.0107260000004,True
56859.042635,9.09196341075373,0.20477672169798078,-570.957365000002,True
56859.973106,9.66997252848345,0.19726498393098368,-570.0268940000024,True
56859.989274,9.478853634384082,0.3082056208442141,-570.0107260000004,True
56860.042635,9.464689937249853,0.40858517131188554,-569.957365000002,True
56860.973106,9.049844247427488,0.1852411887078487,-569.0268940000024,True
56860.989274,9.049188560414667,0.5522927858155304,-569.0107260000004,True
56861.042635,8.77343178718404,0.23353698851763402,-568.957365000002,True
56861.973106,9.472271930119557,0.37769557073160526,-568.0268940000024,True
56861.989274,8.576252536527756,0.936263239170157,-568.0107260000004,True
56862.042635,9.374600211668055,0.3421031917613457,-567.957365000002,True
56862.973106,9.182589839927836,0.20996473900816692,-567.0268940000024,True
56863.042635,9.552537447444742,0.9299349094401826,-566.957365000002,True
56863.973106,10.086728753509687,0.3159971087802211,-566.0268940000024,True
56863.989274,8.544711013488643,0.3261244149934743,-566.0107260000004,True
56864.973106,9.4821620480239,0.8543011639008959,-565.0268940000024,True
56864.989274,9.643414367461775,0.5145119724135422,-565.0107260000004,True
56865.020511,6.413032765035779,0.20116607639725695,-564.9794889999976,True
56866.020511,6.652614472292105,0.20639381884503216,-563.9794889999976,True
56866.989274,9.098750072082622,0.5431882499909414,-563.0107260000004,True
56867.020511,6.5600631743483335,0.1749615477401207,-562.9794889999976,True
56867.986669,10.456590954591787,0.6621703482631462,-562.0133310000019,True
56867.989274,8.728369037320574,0.498628524708054,-562.0107260000004,True
56868.020511,6.369385102073307,0.21874736247082238,-561.9794889999976,True
56868.042635,6.410049591603399,0.18066686674898091,-561.957365000002,True
56868.973106,6.362276474070427,0.16835360902560859,-561.0268940000024,True
56868.986669,8.46259529915023,1.5633182580615552,-561.0133310000019,True
56868.989274,8.157324811526216,0.4810618484800484,-561.0107260000004,True
56869.020511,7.163302672501543,0.3145432461453577,-560.9794889999976,True
56869.042635,6.363621116533943,0.11828051206659647,-560.957365000002,True
56869.973106,6.802145862077461,0.16717673782913386,-560.0268940000024,True
56869.986669,9.172079056601739,1.0710706711268858,-560.0133310000019,True
56869.989274,9.348614658832254,0.5077032180001745,-560.0107260000004,True
56870.020511,7.455479564063574,0.32557629747632333,-559.9794889999976,True
56870.042635,6.683349681408646,0.25024543327995047,-559.957365000002,True
56870.986669,10.584921886071653,0.5930040433780729,-559.0133310000019,True
56870.989274,8.222071282848063,0.46303430742641366,-559.0107260000004,True
56871.020511,6.404805818072317,0.3665589605963842,-558.9794889999976,True
56871.042635,6.84783113361799,0.11675136895602373,-558.957365000002,True
56871.986669,9.782202825384093,0.32976343137213376,-558.0133310000019,True
56872.020511,6.580284676729872,0.2577785062492382,-557.9794889999976,True
56872.973106,6.572339701581807,0.11808132759343978,-557.0268940000024,True
56872.986669,10.267554751078402,0.5929880437177275,-557.0133310000019,True
56872.989274,9.919967579389215,0.42164070856825053,-557.0107260000004,True
56873.020511,6.619591426584588,0.2965932536342182,-556.9794889999976,True
56873.973106,6.360106197740439,0.13490206477324454,-556.0268940000024,True
56873.986669,10.080309599152677,1.007851582794861,-556.0133310000019,True
56873.989274,8.461235348655173,0.3426167268559146,-556.0107260000004,True
56874.020511,7.369336573562512,0.32965375336569214,-555.9794889999976,True
56874.973106,6.517480404080309,0.13929812878074566,-555.0268940000024,True
56874.986669,8.721802688530403,0.744860090260301,-555.0133310000019,True
56874.989274,8.592638401129175,0.34066768975850054,-555.0107260000004,True
56875.973106,5.861050232651854,0.2533190884971878,-554.0268940000024,True
56875.986669,10.090325282986242,0.356974021817181,-554.0133310000019,True
56875.989274,9.870861603238192,0.37065267730608864,-554.0107260000004,True
56876.020511,6.6342898388932765,0.1765623219591465,-553.9794889999976,True
56876.973106,6.282605189601438,0.11734641104629862,-553.0268940000024,True
56876.986669,9.091174009861804,0.5571386910582689,-553.0133310000019,True
56876.989274,8.997961750472095,0.28397092673457663,-553.0107260000004,True
56877.020511,7.099913104409335,0.2606051567854158,-552.9794889999976,True
56877.973106,6.239922037549981,0.12308878205760221,-552.0268940000024,True
56877.986669,8.509816114732253,0.6330028312269784,-552.0133310000019,True
56877.989274,9.548899023881557,0.23258451584669534,-552.0107260000004,True
56878.020511,7.159606694640606,0.23204093816492127,-551.9794889999976,True
56878.986669,9.956477655281315,0.5886827171381971,-551.0133310000019,True
56878.989274,8.934570747797773,0.20533092121543137,-551.0107260000004,True
56879.020511,6.93704356071869,0.3312218550839195,-550.9794889999976,True
56879.986669,9.80500255231973,0.5271318918946936,-550.0133310000019,True
56879.989274,9.069864678923729,0.3934211855724754,-550.0107260000004,True
56880.020511,6.29281798529621,0.34572691411193507,-549.9794889999976,True
56880.986669,9.179581239546318,0.5097769166828603,-549.0133310000019,True
56880.989274,8.560813218760897,0.23978129302345325,-549.0107260000004,True
56881.020511,6.619325028894519,0.3497135703429447,-548.9794889999976,True
56881.986669,8.938331796968289,0.5324947781638695,-548.0133310000019,True
56881.989274,8.909911934604036,0.3205372971247645,-548.0107260000004,True
56882.986669,10.114232966248503,0.49072620620156737,-547.0133310000019,True
56882.989274,9.555058572296051,0.972433871219401,-547.0107260000004,True
56883.986669,9.585281941541972,0.4947439639744116,-546.0133310000019,True
56884.986669,9.523264152700937,0.422500614839974,-545.0133310000019,True
56885.986669,9.141144353233429,0.3453947003169085,-544.0133310000019,True
56886.042635,6.672751503439154,0.18377419659345953,-543.957365000002,True
56886.986669,9.693018213721905,0.3432169037634962,-543.0133310000019,True
56886.989274,6.21958360032365,0.148208732731946,-543.0107260000004,True
56887.042635,6.339683469273231,0.17721036575450802,-542.957365000002,True
56887.973106,6.505789457322698,0.1532804340041347,-542.0268940000024,True
56887.986669,9.316933224497904,0.36783305113017783,-542.0133310000019,True
56887.989274,6.895442080775469,0.17373268833223718,-542.0107260000004,True
56888.042635,6.527802286627352,0.1504432730721752,-541.957365000002,True
56888.973106,6.59401316086535,0.14978495200678651,-541.0268940000024,True
56888.986669,9.165695872999256,0.283051331764581,-541.0133310000019,True
56889.042635,6.33588437157579,0.17879463943304313,-540.957365000002,True
56889.973106,6.380477566034872,0.13549572842812063,-540.0268940000024,True
56889.986669,9.57897460782725,0.24106737285701912,-540.0133310000019,True
56889.989274,7.337355743345292,0.2751133284493976,-540.0107260000004,True
56890.973106,6.472368829158265,0.16514619367479555,-539.0268940000024,True
56890.986669,9.52451613412389,0.2024213737488158,-539.0133310000019,True
56890.989274,6.597988903874831,0.1393606657920967,-539.0107260000004,True
56891.042635,6.828291181921146,0.24488429965441685,-538.957365000002,True
56891.989274,6.491617730801941,0.14075843772988947,-538.0107260000004,True
56892.042635,5.924678212253375,0.2894615469696888,-537.957365000002,True
56892.973106,6.90130714282728,0.2516242345072907,-537.0268940000024,True
56892.986669,9.0612942249023,0.24352787572694473,-537.0133310000019,True
56892.989274,6.945929262295655,0.1515245961981104,-537.0107260000004,True
56893.042635,6.47460008414997,0.1903854327200256,-536.957365000002,True
56893.973106,6.169358626757258,0.2825366295780694,-536.0268940000024,True
56893.986669,9.164162481898467,0.3232614101314905,-536.0133310000019,True
56893.989274,7.015038732785994,0.26802313551502605,-536.0107260000004,True
56894.973106,6.820755416368199,0.2112160190836004,-535.0268940000024,True
56894.989274,6.477792167389692,0.10602556633457987,-535.0107260000004,True
56896.042635,6.480746575534661,0.2515654592721867,-533.957365000002,True
56896.989274,6.268796449298166,0.11835218189944473,-533.0107260000004,True
56897.042635,6.749127121468331,0.1489572059555276,-532.957365000002,True
56897.973106,7.029616668492158,0.2166207300205593,-532.0268940000024,True
56898.042635,6.472780372478973,0.21079461444070752,-531.957365000002,True
56898.973106,6.155065025070453,0.13559632980977596,-531.0268940000024,True
56898.986669,6.259153893043345,0.15468387154062327,-531.0133310000019,True
56899.042635,6.788287573487035,0.19102156954651228,-530.957365000002,True
56899.973106,6.477281325100485,0.2088442016380534,-530.0268940000024,True
56899.986669,6.528561004544112,0.1709590169655396,-530.0133310000019,True
56900.042635,7.028662354067219,0.301943675470368,-529.957365000002,True
56900.973106,6.4236709635456215,0.1782867982434115,-529.0268940000024,True
56900.986669,6.335542656696175,0.12573885296100343,-529.0133310000019,True
56901.042635,6.890642019869932,0.2626469563660282,-528.957365000002,True
56901.973106,6.807582222291422,0.26669035716017325,-528.0268940000024,True
56901.986669,7.225743930380056,0.2711971244857054,-528.0133310000019,True
56902.042635,6.3028788747558915,0.2586338759786859,-527.957365000002,True
56902.973106,6.231277275854798,0.27737276898236624,-527.0268940000024,True
56902.986669,6.164802376259315,0.1462004530702363,-527.0133310000019,True
56903.973106,6.442845442932592,0.27405048348800365,-526.0268940000024,True
56903.986669,6.240923870903453,0.14620383714571744,-526.0133310000019,True
56904.986669,6.822619590906847,0.1643780619445708,-525.0133310000019,True
56905.986669,6.828911555345004,0.2674647539827031,-524.0133310000019,True
56905.989274,6.610140736145483,0.18400608832417684,-524.0107260000004,True
56906.989274,6.456886092126741,0.16947499264617633,-523.0107260000004,True
56907.989274,6.2223992162020645,0.1554974788151289,-522.0107260000004,True
56908.989274,6.524481076598848,0.17122595587619663,-521.0107260000004,True
56910.989274,6.3639845587231685,0.24170155264055973,-519.0107260000004,True
56911.989274,6.658719455765025,0.30862048508650236,-518.0107260000004,True
56912.989274,6.264762559752196,0.19099809702483647,-517.0107260000004,True
56913.989274,6.449471310073652,0.2273423375191601,-516.0107260000004,True
56915.989274,6.188015859290662,0.28376583805902655,-514.0107260000004,True
56916.989274,6.82310883235803,0.16298060488536603,-513.0107260000004,True
56918.986669,6.6291739477214024,0.1728738687089281,-511.0133310000019,True
56918.989274,6.721262461365451,0.1782867982434115,-511.01072600000043,True
56919.986669,6.3417645007696954,0.17055255975158673,-510.0133310000019,True
56919.989274,6.4132230683129725,0.35233401181205865,-510.01072600000043,True
56920.986669,6.440108866456953,0.18375771061786042,-509.0133310000019,True
56920.989274,6.215892098494445,0.2833070516785024,-509.01072600000043,True
56921.989274,5.905292681094539,0.2527512231132882,-508.01072600000043,True
56922.986669,6.886329509820893,0.2456331813047362,-507.0133310000019,True
56923.986669,6.607936728226484,0.3236244727683442,-506.0133310000019,True
56924.986669,6.952478241902569,0.20784636540713977,-505.0133310000019,True
56925.986669,6.365270444325815,0.22802969152526492,-504.0133310000019,True
56927.986669,6.863126073628384,0.29236480284869404,-502.0133310000019,True
56928.986669,6.439949822227799,0.1581221044687291,-501.0133310000019,True
56929.986669,6.708330226337985,0.20074248691933583,-500.0133310000019,True
56930.986669,6.7762230533051495,0.17600794443127765,-499.0133310000019,True
56931.986669,6.853391618965686,0.29397682387484375,-498.0133310000019,True
56932.986669,6.714811421465897,0.30968164143910776,-497.0133310000019,True
56933.986669,6.653809545691677,0.26370512844885624,-496.0133310000019,True
57053.234882,9.700453202671762,0.7487322782753447,-376.765118000003,True
57053.236498,-16.64830194219654,8.459438756190542,-376.7635020000016,True
57054.234882,8.42747068739237,1.1847091230881952,-375.765118000003,True
57055.234882,7.382053214134562,2.893946081758457,-374.765118000003,True
57056.234882,7.446160940819483,2.0365207866641954,-373.765118000003,True
57056.234882,-6.261327397528695,12.205916767597136,-373.765118000003,True
57056.254747,10.841973306664531,0.9713536771120088,-373.74525300000096,True
57056.263019,8.308523053984736,1.0356734641531768,-373.73698100000183,True
57057.234882,10.007476419543831,1.052648856611152,-372.765118000003,True
57057.254747,8.280857535282367,1.549382648218624,-372.74525300000096,True
57057.263019,7.488820227050075,1.5906483365886461,-372.73698100000183,True
57058.234882,9.319989153724489,0.560976871759492,-371.765118000003,True
57058.254747,15.495042416953432,3.741119993280254,-371.74525300000096,True
57058.263019,16.908128501371788,3.8913521669234523,-371.73698100000183,True
57059.234882,9.605841552434004,1.007830519679919,-370.765118000003,True
57059.254747,13.290498350109358,2.5661883135837735,-370.74525300000096,True
57059.254747,-61.388850947979634,18.62379649148495,-370.74525300000096,True
57059.263019,8.507686643219012,2.800118284852538,-370.73698100000183,True
57060.234882,8.611906339038883,1.76093288386651,-369.765118000003,True
57060.254747,10.723615485422448,1.31714466306539,-369.74525300000096,True
57060.263019,11.31795312110197,1.5416327004761297,-369.73698100000183,True
57061.234882,9.375145388731196,1.3414840863403585,-368.765118000003,True
57061.254747,9.832188517926852,0.7199361120258008,-368.74525300000096,True
57061.263019,9.870092360613304,0.7910058170628985,-368.73698100000183,True
57062.234882,8.744009267095766,0.5543135702291484,-367.765118000003,True
57062.254747,8.2481563921153,1.3093076343431336,-367.74525300000096,True
57062.263019,9.382349840158877,1.3769946449355632,-367.73698100000183,True
57063.234882,8.281976800922745,0.866743279109441,-366.765118000003,True
57063.254747,8.46515023460824,2.267666061288439,-366.74525300000096,True
57063.263019,13.58392735772646,2.4045261299827274,-366.73698100000183,True
57064.234882,7.664184938867064,1.0080065031839183,-365.765118000003,True
57064.254747,7.294583471123384,1.688419625911141,-365.74525300000096,True
57064.263019,8.912039009395047,1.8708236141400223,-365.73698100000183,True
57065.234882,8.762640086348155,0.9596979405977136,-364.765118000003,True
57065.254747,9.492920198463663,0.7597327775711341,-364.74525300000096,True
57065.263019,10.606199263760455,0.7908272225442355,-364.73698100000183,True
57066.254747,9.72343294456679,1.2085048654364596,-363.74525300000096,True
57066.263019,6.481184897475346,1.1928002848831394,-363.73698100000183,True
57067.234882,8.146852257240484,0.7601047465450199,-362.765118000003,True
57067.254747,9.363275650079371,1.39816183865427,-362.74525300000096,True
57067.263019,9.427670220011372,1.3842728137669755,-362.73698100000183,True
57068.234882,8.942871096716571,0.8181214854019319,-361.765118000003,True
57068.254747,7.88961694953961,1.2973767010613964,-361.74525300000096,True
57068.263019,11.972353182323507,1.3452243303024753,-361.73698100000183,True
57069.234882,9.762288252745673,0.7702211845368437,-360.765118000003,True
57069.254747,8.793890701638217,1.1686380546522335,-360.74525300000096,True
57069.263019,9.840361159715814,1.115960945674393,-360.73698100000183,True
57070.234882,7.4169553410052425,0.773384876268989,-359.765118000003,True
57070.254747,10.505203917520832,1.1425218901401148,-359.74525300000096,True
57070.263019,10.957212873466274,1.036107225623812,-359.73698100000183,True
57071.234882,8.302111256226892,0.65897483956384,-358.765118000003,True
57071.254747,9.83397055499473,1.2147864480210504,-358.74525300000096,True
57071.263019,7.613903801181037,1.1009547774102824,-358.73698100000183,True
57072.234882,8.241775445236653,0.5525852209493703,-357.765118000003,True
57072.254747,10.495157573818355,1.1183019121640714,-357.74525300000096,True
57072.263019,8.961155181204006,1.059698126384094,-357.73698100000183,True
57073.234882,7.864768278684619,0.5670842427476537,-356.765118000003,True
57073.254747,7.911386615676579,1.1517389329881844,-356.74525300000096,True
57074.234882,8.624484301624689,0.6233937145286359,-355.765118000003,True
57074.254747,9.294815719846486,0.9908986604489752,-355.74525300000096,True
57074.263019,8.836772312441957,0.8745246783424426,-355.73698100000183,True
57075.234882,8.691736625463632,0.44729099340575795,-354.765118000003,True
57075.254747,9.446258438365925,0.8232061356078595,-354.74525300000096,True
57075.263019,8.199411349956497,0.7289865357224832,-354.73698100000183,True
57076.234882,9.45234868772769,0.3920622276407822,-353.765118000003,True
57076.254747,8.20242326098267,0.8187611890590357,-353.74525300000096,True
57076.263019,10.261724683563648,0.7654594416818553,-353.73698100000183,True
57077.234882,8.515457362725789,0.35898273742859826,-352.765118000003,True
57077.254747,8.393582550782833,0.8771600703606053,-352.74525300000096,True
57077.263019,8.022468480102503,0.864343587742829,-352.73698100000183,True
57077.402214,6.670241876290519,1.8128188522379696,-352.59778599999845,True
57078.234882,9.002609594023937,0.7157962898103065,-351.765118000003,True
57078.254747,9.180409392519183,0.6269798505428572,-351.74525300000096,True
57078.263019,10.271784702909711,0.5872533478390564,-351.73698100000183,True
57078.402214,8.415522831108493,2.807986143504301,-351.59778599999845,True
57079.234882,8.891917465181956,0.4080652994552779,-350.765118000003,True
57079.254747,9.202952691624171,0.5405893422033602,-350.74525300000096,True
57079.263019,9.206808535719773,0.5089714206194262,-350.73698100000183,True
57079.402214,18.453373715987546,6.437392162350293,-350.59778599999845,True
57080.234882,8.146479264469063,0.6020289744864556,-349.765118000003,True
57080.254747,8.648188147155198,0.4824306799407099,-349.74525300000096,True
57080.263019,8.89868632904285,0.4786898331979186,-349.73698100000183,True
57080.402214,-37.96521885927232,33.79431759854296,-349.59778599999845,True
57080.402214,5.309496219966651,4.270982318248116,-349.59778599999845,True
57081.234882,9.865084896868517,1.6747472226556341,-348.765118000003,True
57081.254747,9.707313709080417,0.9401671158434315,-348.74525300000096,True
57081.263019,9.257729613361978,0.9884672185689602,-348.73698100000183,True
57081.402214,8.23424318938256,2.530269126617685,-348.59778599999845,True
57082.254747,9.037878083005477,0.5243654708761585,-347.74525300000096,True
57082.263019,8.647609051391782,0.5356052189866329,-347.73698100000183,True
57082.402214,11.114285996796095,1.403863573499472,-347.59778599999845,True
57083.228154,7.297515915929871,0.8046218019664566,-346.7718460000033,True
57083.234882,7.669368891653244,0.6174969568482257,-346.765118000003,True
57083.254747,7.9024441409498545,0.7548063122803413,-346.74525300000096,True
57083.263019,8.791753532937294,0.812012685421588,-346.73698100000183,True
57083.402214,13.643600126025966,2.4853175361698865,-346.59778599999845,True
57084.228154,7.528646414663004,1.1995839642448312,-345.7718460000033,True
57084.234882,7.879705933501501,0.49239551255468345,-345.765118000003,True
57084.254747,6.883818744125661,2.3338412909265625,-345.74525300000096,True
57084.263019,7.998876249790575,2.2942236146916977,-345.73698100000183,True
57084.402214,11.438382588503693,4.100187288779653,-345.59778599999845,True
57085.228154,11.058110251009943,2.8634478209436725,-344.7718460000033,True
57085.234882,6.467797254656277,0.3124854025076467,-344.765118000003,True
57085.402214,9.27789830566969,2.9505290660769723,-344.59778599999845,True
57086.228154,-0.7502039459668219,14.356069365447878,-343.7718460000033,True
57086.228154,9.373149299464858,2.060774395725505,-343.7718460000033,True
57086.234882,6.629421781514932,0.3173332195444419,-343.765118000003,True
57086.254747,6.30692855174553,1.3396141143176372,-343.74525300000096,True
57086.263019,7.365019217118885,0.8647810674073921,-343.73698100000183,True
57086.402214,9.164347401976244,1.517017173648323,-343.59778599999845,True
57087.228154,10.529800070945056,1.1544464022884973,-342.7718460000033,True
57087.234882,5.965257967585614,0.21725708299472762,-342.765118000003,True
57087.254747,5.328643656285625,1.2455662801136564,-342.74525300000096,True
57087.263019,4.502585395091912,0.6976952862925325,-342.73698100000183,True
57087.402214,7.619393069006469,2.340730339613935,-342.59778599999845,True
57088.228154,8.20303397945978,0.5877464606567988,-341.7718460000033,True
57088.234882,7.605615714858229,0.46015396573386824,-341.765118000003,True
57088.254747,4.586409700801721,0.748717902247792,-341.74525300000096,True
57088.263019,5.941392451506405,0.4188455529390675,-341.73698100000183,True
57088.402214,9.55225056445498,2.5762036768220313,-341.59778599999845,True
57089.228154,9.95565466729942,0.9999406227396972,-340.7718460000033,True
57089.254747,5.719153269353283,0.8280669789304309,-340.74525300000096,True
57089.263019,5.347229154273384,0.4395008356503473,-340.73698100000183,True
57090.228154,6.969725884008649,1.6963630053030507,-339.7718460000033,True
57090.234882,6.06831498376023,0.2473033281867475,-339.765118000003,True
57090.254747,5.494066313433073,0.5899986373410939,-339.74525300000096,True
57090.263019,5.15449243977007,0.2857860740362794,-339.73698100000183,True
57090.402214,13.904796999684143,2.298309480745517,-339.59778599999845,True
57091.228154,8.383750801412265,1.3241373093618196,-338.7718460000033,True
57091.234882,5.720147528913699,0.2414988564233332,-338.765118000003,True
57091.254747,5.310720192134426,0.6851398834480021,-338.74525300000096,True
57091.263019,6.364179058367706,0.6681043962059398,-338.73698100000183,True
57091.402214,9.118435035490918,2.1695078588053867,-338.59778599999845,True
57092.228154,8.692583462196945,0.5885909111443784,-337.7718460000033,True
57092.254747,5.221481714149213,0.30864540092605464,-337.74525300000096,True
57092.263019,5.319328671044823,0.30190061069344465,-337.73698100000183,True
57092.402214,11.245692776710484,2.1917834246128582,-337.59778599999845,True
57093.228154,7.807100198477106,0.8663693605248382,-336.7718460000033,True
57093.234882,5.0849378938927075,0.206429747708858,-336.765118000003,True
57093.254747,6.004614084933565,0.36093751222270226,-336.74525300000096,True
57093.263019,5.149789120033797,0.3500467133910465,-336.73698100000183,True
57093.402214,9.92715165010473,1.940364907198587,-336.59778599999845,True
57094.228154,8.182666446705172,0.9848581283717616,-335.7718460000033,True
57094.234882,5.8395762128833155,0.2361689184985377,-335.765118000003,True
57094.254747,4.8130899461553565,0.3434905846228889,-335.74525300000096,True
57094.263019,5.6146028101826015,0.3429680860153092,-335.73698100000183,True
57094.402214,9.647124937038773,2.1742329540392333,-335.59778599999845,True
57095.228154,5.978849329354869,0.9569525848215862,-334.7718460000033,True
57095.234882,5.449744639824101,0.20210787282896353,-334.765118000003,True
57095.254747,6.240749674631475,0.6097526332966843,-334.74525300000096,True
57095.263019,5.243108003547767,0.6760139084656769,-334.73698100000183,True
57095.402214,9.451891932147914,1.8123957853684907,-334.59778599999845,True
57096.228154,6.452068485668538,0.8698939023669453,-333.7718460000033,True
57096.234882,5.877081196545282,0.22554028371617946,-333.765118000003,True
57096.254747,5.347269192040122,0.2567879879782276,-333.74525300000096,True
57096.263019,5.215322795055262,0.2663911872854098,-333.73698100000183,True
57096.402214,10.109268104389805,1.426720870008785,-333.59778599999845,True
57097.228154,6.264832904795014,0.7905089364068212,-332.7718460000033,True
57097.254747,5.218864594376005,0.29964480254108156,-332.74525300000096,True
57097.263019,5.211840983416942,0.3139554098701751,-332.73698100000183,True
57097.402214,10.295327959084043,1.3691596674103546,-332.59778599999845,True
57098.228154,7.46794785542858,0.8265017310910682,-331.7718460000033,True
57098.254747,4.732068594587496,0.2556117483987329,-331.74525300000096,True
57098.263019,5.051482708891231,0.2628528744156942,-331.73698100000183,True
57098.402214,10.872854214295938,1.4721011934777777,-331.59778599999845,True
57099.228154,7.771047531518314,0.7979130833119978,-330.7718460000033,True
57099.254747,4.943406443443,0.28915420989253776,-330.74525300000096,True
57099.402214,8.131887207730438,1.146551008590253,-330.59778599999845,True
57100.228154,7.112604419346826,0.8762249137243441,-329.7718460000033,True
57100.402214,7.115707165793051,0.9193874661552726,-329.59778599999845,True
57101.228154,7.231327303134837,0.7025434239978126,-328.7718460000033,True
57101.402214,8.186650789022373,0.783915217433813,-328.59778599999845,True
57102.228154,8.17209461092339,0.5734200219068244,-327.7718460000033,True
57102.402214,9.770216168443895,1.5411102544052429,-327.59778599999845,True
57103.228154,8.655105731587954,0.6030049855453187,-326.7718460000033,True
57103.402214,8.804341094487842,0.9257181429876808,-326.59778599999845,True
57104.228154,7.5687649954332255,0.6926027206646276,-325.7718460000033,True
57104.234882,5.668660309433249,0.27560332195751,-325.765118000003,True
57104.402214,8.47155674993837,1.2526379642595258,-325.59778599999845,True
57105.228154,7.84184695419389,0.47101654363163903,-324.7718460000033,True
57105.234882,5.9482267089425065,0.2866776154996869,-324.765118000003,True
57105.402214,7.55587859734618,4.303199960492371,-324.59778599999845,True
57106.228154,8.943377267108264,0.40023661712345787,-323.7718460000033,True
57106.234882,6.237454297138522,0.2446450652174399,-323.765118000003,True
57107.228154,8.622694969352471,0.37394612439976327,-322.7718460000033,True
57107.234882,6.647317088423075,0.3049807243070229,-322.765118000003,True
57107.254747,5.073858020143377,0.37566460376202454,-322.74525300000096,True
57107.263019,5.536482022924388,0.37322974058949276,-322.73698100000183,True
57108.228154,8.339746847026202,0.7834725965361927,-321.7718460000033,True
57108.254747,5.304784309476734,0.4017705911418343,-321.74525300000096,True
57108.263019,5.7419500927203275,0.3913395577078718,-321.73698100000183,True
57109.228154,8.547700179298678,0.40244542540004064,-320.7718460000033,True
57109.234882,6.2198248410367,0.4749781867150272,-320.765118000003,True
57109.263019,5.298662464457973,0.3286309095843941,-320.73698100000183,True
57110.228154,8.949956395802909,0.6058881345793173,-319.7718460000033,True
57110.234882,6.379414454303046,0.5399127259665886,-319.765118000003,True
57110.254747,5.190655695679199,0.4309186556217618,-319.74525300000096,True
57110.263019,5.128617305868983,0.4072199907142592,-319.73698100000183,True
57111.228154,8.110526064634282,1.8685136755134268,-318.7718460000033,True
57111.234882,6.489916691770247,0.3807708654400512,-318.765118000003,True
57111.254747,5.902117903396876,0.631533567215844,-318.74525300000096,True
57111.263019,5.570821605841023,0.6063098718337506,-318.73698100000183,True
57112.254747,5.993288141815106,0.6241928555411511,-317.74525300000096,True
57112.263019,6.745914200386021,0.6820439630283185,-317.73698100000183,True
57112.402214,5.492823676446127,1.1292374129307312,-317.59778599999845,True
57113.228154,7.576637350193557,1.61257772866564,-316.7718460000033,True
57113.234882,6.492876197550553,0.4871923667938545,-316.765118000003,True
57113.254747,4.648185106398209,0.7056490822060114,-316.74525300000096,True
57113.263019,5.959302799211471,0.7845931404704721,-316.73698100000183,True
57113.402214,6.968477381440732,0.586321765009421,-316.59778599999845,True
57114.228154,8.102417719607649,1.378585955997056,-315.7718460000033,True
57114.234882,5.789170258408213,0.40634682548620116,-315.765118000003,True
57114.254747,5.313601226533081,0.4843111329531142,-315.74525300000096,True
57114.263019,4.650392116575148,0.5299546236615355,-315.73698100000183,True
57114.402214,5.491924592764113,0.6246797820421378,-315.59778599999845,True
57115.228154,6.38865666921689,0.6538691096984641,-314.7718460000033,True
57115.234882,5.6703191880469035,0.26015061321810456,-314.765118000003,True
57115.254747,5.885841025067721,0.5571004219479347,-314.74525300000096,True
57115.263019,6.037058906410776,0.6225708910294163,-314.73698100000183,True
57115.402214,6.280266036239127,0.6476892739557851,-314.59778599999845,True
57116.228154,5.369922829091821,0.7022431596593331,-313.7718460000033,True
57116.234882,6.285240679916067,0.3812306870418777,-313.765118000003,True
57116.254747,6.68162352799236,0.6081027854036066,-313.74525300000096,True
57116.263019,6.96941648727987,0.671641490700849,-313.73698100000183,True
57116.402214,7.932087336037754,1.037845141410962,-313.59778599999845,True
57117.228154,5.719571444005146,0.44872888628232516,-312.7718460000033,True
57117.234882,5.734652810935746,0.34343667451099263,-312.765118000003,True
57117.254747,5.617190962614863,0.601195708486113,-312.74525300000096,True
57117.263019,5.08112783849304,0.5689953296992731,-312.73698100000183,True
57117.402214,6.135043834393517,0.48070648889691325,-312.59778599999845,True
57118.228154,6.252567245402472,0.4675947532648838,-311.7718460000033,True
57118.234882,5.224170467680984,0.4919530860236204,-311.765118000003,True
57118.254747,5.1734270999817635,0.3886800333309542,-311.74525300000096,True
57118.263019,5.660381346285602,0.36979813398447886,-311.73698100000183,True
57118.402214,5.495419275889164,0.4991153537785083,-311.59778599999845,True
57119.228154,5.462774209794698,0.23587766405029043,-310.7718460000033,True
57119.234882,5.738951600323499,0.5057327586596074,-310.765118000003,True
57119.254747,6.370758779724753,0.4697494219315699,-310.74525300000096,True
57119.263019,5.008470452947794,0.5111581860494596,-310.73698100000183,True
57119.402214,5.9751285608325135,0.49545393347163913,-310.59778599999845,True
57120.228154,5.7631671297034615,0.2613791719597366,-309.7718460000033,True
57120.234882,5.475250471624096,0.5107765487955539,-309.765118000003,True
57120.254747,5.139469815296087,0.43070337049329405,-309.74525300000096,True
57120.263019,5.605964595662305,0.47172273911170304,-309.73698100000183,True
57120.402214,4.717949972541283,0.5119286707314843,-309.59778599999845,True
57121.228154,5.351263511962437,0.2667877890301903,-308.7718460000033,True
57121.254747,4.636615162511071,0.6377464702217138,-308.74525300000096,True
57121.263019,3.8897228254306757,0.6489000624554477,-308.73698100000183,True
57122.228154,6.430599395621285,0.4809526265075188,-307.7718460000033,True
57122.254747,4.930130847664934,0.6639802972232395,-307.74525300000096,True
57122.263019,5.692796068242439,0.7283782538887176,-307.73698100000183,True
57123.228154,5.4011407979096795,0.22602652027879871,-306.7718460000033,True
57123.254747,4.390002443007649,0.6618998724066291,-306.74525300000096,True
57123.263019,4.82207315346616,0.7316803063961727,-306.73698100000183,True
57124.228154,5.288222752596766,0.2350275817176898,-305.7718460000033,True
57125.228154,5.296876423910475,0.22544038999472765,-304.7718460000033,True
57126.228154,5.35325110616025,0.24087802876265318,-303.7718460000033,True
57128.402214,4.756166349060677,0.7063422117648931,-301.59778599999845,True
57129.402214,5.594274787924904,0.6883310040186676,-300.59778599999845,True
57130.402214,4.754528824897424,0.6833931382227829,-299.59778599999845,True
57131.402214,5.514496090488528,0.7764724868646661,-298.59778599999845,True
57132.402214,6.487533520100683,1.1284780135496228,-297.59778599999845,True
57133.402214,4.283965774961263,1.0263423017626248,-296.59778599999845,True
57134.228154,6.026933033391476,0.30435789656645496,-295.7718460000033,True
57134.402214,6.427888876044381,1.2974986886097453,-295.59778599999845,True
57135.228154,5.474728112614323,0.29945270139071956,-294.7718460000033,True
57135.402214,4.463529503607786,0.8895885705856064,-294.59778599999845,True
57136.228154,5.371787143292195,0.285616392623086,-293.7718460000033,True
57136.402214,4.798103310406886,0.91710208264532,-293.59778599999845,True
57137.228154,5.297361726152771,0.33599991921213096,-292.7718460000033,True
57137.402214,7.903809212239314,1.0506311799444,-292.59778599999845,True
57138.228154,6.519533730660056,0.47040309522277,-291.7718460000033,True
57138.402214,4.610929125526117,1.1546397188849238,-291.59778599999845,True
57138.965861,7.458627615508719,0.7730863723977286,-291.03413900000305,True
57138.969971,8.013151604756848,0.7047075696694963,-291.0300290000014,True
57139.228154,5.9464830386701495,0.4532606188557668,-290.7718460000033,True
57139.402214,5.790677493822684,0.6458492940206679,-290.59778599999845,True
57139.965861,8.403287074673194,1.2072613016159979,-290.03413900000305,True
57139.969971,6.757553842446426,1.1117744180621094,-290.0300290000014,True
57140.228154,4.904407049888125,0.5396818953868677,-289.7718460000033,True
57140.402214,4.280816445803715,0.869133951213537,-289.59778599999845,True
57140.965861,9.631469384007238,2.9662382555416507,-289.03413900000305,True
57140.969971,9.934192861724359,2.595740864902785,-289.0300290000014,True
57141.228154,6.345940580139656,0.39149249077424414,-288.7718460000033,True
57141.402214,6.203828595786828,0.7219945077736949,-288.59778599999845,True
57141.965861,10.748563645586893,2.1202348566500073,-288.03413900000305,True
57141.965861,-33.75721819428665,13.715367328714574,-288.03413900000305,True
57141.969971,10.189948262690914,1.7321771116690472,-288.0300290000014,True
57142.228154,5.385790985626485,0.4048515095957231,-287.7718460000033,True
57142.402214,6.451065613391712,1.2014012206050524,-287.59778599999845,True
57142.965861,10.88453562313074,1.0913230333532002,-287.03413900000305,True
57143.228154,6.877846000233844,0.47971722499417896,-286.7718460000033,True
57143.402214,6.4906274085007505,1.3035640989179191,-286.59778599999845,True
57143.965861,9.197464982240533,0.5652410540617177,-286.03413900000305,True
57144.228154,5.706839744464588,0.4573917441312485,-285.7718460000033,True
57144.402214,6.1101712808894195,1.1288607998599114,-285.59778599999845,True
57144.965861,11.066925888442984,1.0049237155440478,-285.03413900000305,True
57144.969971,10.100205884398958,0.9393129936200977,-285.0300290000014,True
57145.228154,5.685778053008931,0.27251770518772583,-284.7718460000033,True
57145.965861,11.429258583924073,1.7595291908542605,-284.03413900000305,True
57145.969971,8.255508683228834,1.5644158621516342,-284.0300290000014,True
57146.228154,5.769131445982946,0.4022351326089233,-283.7718460000033,True
57146.965861,7.461217662099048,1.3609335029526604,-283.03413900000305,True
57146.969971,10.173097129743997,1.1306944630556859,-283.0300290000014,True
57147.228154,6.038946819967734,0.3328467067957825,-282.7718460000033,True
57147.965861,8.293458104580006,0.5628829054579558,-282.03413900000305,True
57147.969971,7.827775944431667,0.5168533333717898,-282.0300290000014,True
57148.228154,5.086742277658191,0.535969941088892,-281.7718460000033,True
57148.965861,8.158957586588402,0.8689867906170582,-281.03413900000305,True
57148.969971,6.966905138874469,0.8050467126499683,-281.0300290000014,True
57149.228154,5.031233441747255,0.5351843838922833,-280.7718460000033,True
57149.965861,8.40095982997923,1.0168449735667413,-280.03413900000305,True
57149.969971,8.351860022604937,0.8977360631696442,-280.0300290000014,True
57150.228154,5.246029859972398,0.5044881957325427,-279.7718460000033,True
57150.965861,7.255831958936461,0.9781310436659979,-279.03413900000305,True
57150.969971,8.297576817872157,0.8106643413222208,-279.0300290000014,True
57151.965861,8.52307263315351,0.8298448674591345,-278.03413900000305,True
57151.969971,6.781480817838186,0.7389227341549166,-278.0300290000014,True
57152.965861,9.962658040653587,0.7884819904160344,-277.03413900000305,True
57152.969971,7.426272957515804,0.7097689211071501,-277.0300290000014,True
57153.965861,8.996295162984813,0.851991645062191,-276.03413900000305,True
57153.969971,8.347346395663283,0.7325731439919987,-276.0300290000014,True
57154.965861,8.79822377678275,0.8136910256373763,-275.03413900000305,True
57154.969971,9.0429428822376,0.6591315906132605,-275.0300290000014,True
57155.965861,9.386897950369647,0.8532943648322714,-274.03413900000305,True
57155.969971,8.158654367896094,0.741073648284705,-274.0300290000014,True
57156.965861,9.031111129851388,0.716301924345383,-273.03413900000305,True
57156.969971,7.568123926226404,0.6317444742926066,-273.0300290000014,True
57157.965861,8.967752509709728,0.6053667167082546,-272.03413900000305,True
57157.969971,9.632614158040935,0.5046651787472256,-272.0300290000014,True
57158.965861,9.074717944146613,0.6278018854120938,-271.03413900000305,True
57158.969971,7.789914085628839,0.489217342231425,-271.0300290000014,True
57159.965861,8.623228286328146,0.68158054561334,-270.03413900000305,True
57160.965861,9.445252743877855,0.48021249333159294,-269.03413900000305,True
57160.969971,8.31674418859891,0.4469231554177598,-269.0300290000014,True
57161.965861,9.48720551835193,0.42028700642058664,-268.03413900000305,True
57161.969971,8.757062880408789,0.37741002007749574,-268.0300290000014,True
57162.965861,8.48137409240258,0.39057210992328,-267.03413900000305,True
57163.965861,9.050207660372642,0.7772946764201369,-266.03413900000305,True
57163.969971,8.870654836635996,0.6023472113154602,-266.0300290000014,True
57164.965861,8.100139653844094,0.4230516302692436,-265.03413900000305,True
57165.965861,10.057217529270154,0.635626368236077,-264.03413900000305,True
57165.969971,7.7567040950900115,0.5361962434905763,-264.0300290000014,True
57166.965861,11.2201534883781,1.7921596085880513,-263.03413900000305,True
57166.969971,9.102696741832506,1.5998337985024367,-263.0300290000014,True
57168.965861,7.705034869137739,0.6091748954351769,-261.03413900000305,True
57168.969971,4.965887798328513,0.4978970456835521,-261.0300290000014,True
57169.965861,6.6811115937302334,0.49037085995371843,-260.03413900000305,True
57169.969971,5.917817563166434,0.4282140251040935,-260.0300290000014,True
57170.965861,6.034922234298411,0.32135874087509336,-259.03413900000305,True
57170.969971,5.810690575553476,0.24845347428850498,-259.0300290000014,True
57171.965861,6.087295105296775,0.3138030923504632,-258.03413900000305,True
57171.969971,6.159158408888484,0.25089118271491423,-258.0300290000014,True
57172.965861,6.275875929540919,0.23761396637710921,-257.03413900000305,True
57173.965861,7.0142689163406615,0.46779056346306863,-256.03413900000305,True
57173.969971,5.504572288337204,0.4035648184585117,-256.0300290000014,True
57174.969971,5.982408048842256,0.21678325789881706,-255.03002900000138,True
57175.965861,6.302569902026032,0.26209837565616667,-254.03413900000305,True
57175.969971,5.748783055774861,0.22829580192395219,-254.03002900000138,True
57176.965861,6.2823560306694475,0.2664742898656425,-253.03413900000305,True
57177.965861,4.684726471224796,0.47276303070011544,-252.03413900000305,True
57177.969971,5.354784310012361,0.4011040673853341,-252.03002900000138,True
57178.965861,5.32853124217245,0.21939016303399803,-251.03413900000305,True
57178.969971,5.456573899601544,0.17449715814269953,-251.03002900000138,True
57179.965861,5.246081086842381,0.23116459569020442,-250.03413900000305,True
57180.965861,5.935704652517947,0.2177165222433023,-249.03413900000305,True
57181.965861,5.772315178468276,0.2357654470804953,-248.03413900000305,True
57189.965861,6.22056262854042,0.304705734162531,-240.03413900000305,True
57189.969971,5.761417001720168,0.26064630532624417,-240.03002900000138,True
57190.965861,6.481498642925979,0.30414080630486,-239.03413900000305,True
57190.969971,6.081837698995508,0.24389865815815542,-239.03002900000138,True
57191.965861,6.1191643754949245,0.2833581304826173,-238.03413900000305,True
57191.969971,5.509433597568382,0.2449676740946497,-238.03002900000138,True
57192.965861,5.221674890584308,0.3384814548045396,-237.03413900000305,True
57192.969971,5.84826262766749,0.2722244544872286,-237.03002900000138,True
57193.965861,5.5764687018220895,0.4683324933630461,-236.03413900000305,True
57193.969971,4.925170298672516,0.41016740475806973,-236.03002900000138,True
57194.965861,6.453850356761486,0.46168553742185914,-235.03413900000305,True
57194.969971,5.044080650035371,0.39072900105410396,-235.03002900000138,True
57195.965861,5.363759903532207,0.5417593706043538,-234.03413900000305,True
57195.969971,6.130117428204749,0.5073656142259776,-234.03002900000138,True
57196.965861,6.270889202800305,0.3956279748317185,-233.03413900000305,True
57196.969971,5.900227298389637,0.33865019448429334,-233.03002900000138,True
57197.965861,5.437342536084343,0.41636468919797837,-232.03413900000305,True
57197.969971,5.583405262381612,0.3526126051317588,-232.03002900000138,True
57198.965861,6.3358982197573654,0.489808666423741,-231.03413900000305,True
57198.969971,5.384686425748651,0.3879598594031615,-231.03002900000138,True
57199.007931,9.115954943734545,0.7231292562492486,-230.9920689999999,True
57199.010581,9.876239805119226,0.7034586417657847,-230.98941899999772,True
57199.965861,6.48440570948771,0.45080530301575833,-230.03413900000305,True
57199.969971,6.544781419713035,0.41421396348525863,-230.03002900000138,True
57200.007931,9.482048942039286,1.1607174438032986,-229.9920689999999,True
57200.010581,9.628398185677158,1.0954600761483797,-229.98941899999772,True
57200.965861,5.829324656227749,0.2668862615229876,-229.03413900000305,True
57200.969971,5.660381346285602,0.22801825818989216,-229.03002900000138,True
57201.007931,6.396394607209336,2.7911556471604793,-228.9920689999999,True
57201.010581,9.199862515217264,2.515541734612055,-228.98941899999772,True
57201.965861,6.24023115370097,0.4143877046869997,-228.03413900000305,True
57201.969971,6.334751158752674,0.33262039872957216,-228.03002900000138,True
57202.007931,5.752320178957023,1.9074289964991582,-227.9920689999999,True
57202.007931,-23.445716177674676,12.700017490840613,-227.9920689999999,True
57202.010581,10.926945028360398,1.6774108976596365,-227.98941899999772,True
57202.965861,5.982645725785605,0.338074665541266,-227.03413900000305,True
57202.969971,5.537598981298291,0.2631405901893359,-227.03002900000138,True
57203.007931,10.529355540177907,1.0144192106362537,-226.9920689999999,True
57203.010581,9.009771565752416,0.9441833494265569,-226.98941899999772,True
57203.965861,7.195966237573227,1.5525402046777825,-226.03413900000305,True
57204.007931,9.669438893391899,0.5552912953565241,-225.9920689999999,True
57204.010581,10.06316505929742,0.5271003123584751,-225.98941899999772,True
57204.965861,6.33897351737727,0.5270522187160969,-225.03413900000305,True
57204.969971,5.018046146866952,0.5000182642114761,-225.03002900000138,True
57205.007931,8.031807112859742,1.0094915506147026,-224.9920689999999,True
57205.010581,8.708261961050344,0.9351604162831388,-224.98941899999772,True
57205.965861,6.9236001771047375,0.5134136000800423,-224.03413900000305,True
57205.969971,5.4894499785405735,0.425173807099079,-224.03002900000138,True
57206.007931,8.063202740550706,1.7391756421766484,-223.9920689999999,True
57206.010581,7.595772967471753,1.5496770855230186,-223.98941899999772,True
57207.007931,9.37724802836496,1.2920720549469442,-222.9920689999999,True
57207.010581,8.449458289967337,1.122283904520637,-222.98941899999772,True
57208.007931,8.992471021101304,0.5565171135736989,-221.9920689999999,True
57208.010581,8.362992139008044,0.5606793621134054,-221.98941899999772,True
57209.007931,9.717450247213142,0.8790825924013356,-220.9920689999999,True
57209.010581,10.207657511627499,0.8757173251399097,-220.98941899999772,True
57210.007931,8.662469124629876,1.0092691418100361,-219.9920689999999,True
57210.010581,7.909978591417965,0.9676020671481538,-219.98941899999772,True
57211.007931,8.83990224176203,0.9322443828364386,-218.9920689999999,True
57211.010581,8.780680995734135,0.8718465557616336,-218.98941899999772,True
57212.007931,10.713502281129339,0.7825797902255924,-217.9920689999999,True
57212.010581,10.114209965977329,0.8608738494597804,-217.98941899999772,True
57213.007931,9.595780816321192,0.7614560438722113,-216.9920689999999,True
57213.010581,8.290022209056387,0.8205753019368237,-216.98941899999772,True
57214.007931,9.8730783682107,0.8027577016385152,-215.9920689999999,True
57214.010581,10.053952004334558,0.8397704534322006,-215.98941899999772,True
57215.007931,9.515637154353021,0.7360893093023515,-214.9920689999999,True
57215.010581,9.217144245462698,0.7509012551588293,-214.98941899999772,True
57216.007931,8.763603939576042,0.7431582436385299,-213.9920689999999,True
57216.010581,7.804585847048958,0.837659899678586,-213.98941899999772,True
57217.007931,8.472163454168625,0.6391969953142076,-212.9920689999999,True
57217.010581,8.394264545013224,0.7077028616281518,-212.98941899999772,True
57218.007931,8.43600208971781,0.5292039443193384,-211.9920689999999,True
57218.010581,8.724448334084345,0.5641601103701783,-211.98941899999772,True
57219.007931,8.937523881332305,0.5274555523063587,-210.9920689999999,True
57219.010581,9.022574930408068,0.5457635437967815,-210.98941899999772,True
57220.007931,8.52258044833075,0.564950553791576,-209.9920689999999,True
57220.010581,8.452487104894132,0.5849442666753072,-209.98941899999772,True
57221.007931,8.737348535975404,0.4480266693817541,-208.9920689999999,True
57221.010581,7.830443976565949,0.45759045706970636,-208.98941899999772,True
57222.007931,9.071082823554592,0.3852759420325231,-207.9920689999999,True
57222.010581,8.722514517312197,0.38018622782632894,-207.98941899999772,True
57223.007931,8.223532766908708,0.3290559634862682,-206.9920689999999,True
57223.010581,9.045133551529158,0.3203273210864219,-206.98941899999772,True
57224.007931,9.304906457884588,0.6425036920698242,-205.9920689999999,True
57224.010581,9.071830380778838,0.6183536407070598,-205.98941899999772,True
57225.007931,8.076208356825543,0.4088458375185051,-204.9920689999999,True
57225.010581,8.354751170068868,0.36935061151919935,-204.98941899999772,True
57226.007931,9.323296083374714,0.5643454112267454,-203.9920689999999,True
57226.010581,9.689916292196594,0.5053229627476811,-203.98941899999772,True
57227.007931,9.507445328675606,1.5998337985024367,-202.9920689999999,True
57227.010581,12.701134258175944,1.6956365428521998,-202.98941899999772,True
57229.007931,5.289259327521269,0.5670890420034727,-200.9920689999999,True
57229.010581,5.424790041962351,0.5135900757767299,-200.98941899999772,True
57230.007931,4.78603675922701,0.44663836377287486,-199.9920689999999,True
57230.010581,5.608045715218792,0.4365151007680497,-199.98941899999772,True
57231.007931,6.307117884218732,0.2917409763242918,-198.9920689999999,True
57231.010581,6.425828762377815,0.2795101585745681,-198.98941899999772,True
57232.007931,6.309188814632579,0.29602638040935625,-197.9920689999999,True
57232.010581,6.353315404557313,0.2800147320652386,-197.98941899999772,True
57233.007931,6.163562090189848,0.20453403088073915,-196.9920689999999,True
57233.010581,6.268856314581476,0.21567766962885318,-196.98941899999772,True
57234.007931,4.991549569093488,0.4433142886899905,-195.9920689999999,True
57234.010581,6.432712627732325,0.42236259748423566,-195.98941899999772,True
57235.007931,6.483992449239169,0.20234370697829987,-194.9920689999999,True
57235.010581,6.550490381109972,0.22020315153788692,-194.98941899999772,True
57237.007931,5.906157033212069,0.228331891512325,-192.9920689999999,True
57237.010581,5.547722988412401,0.24484284751184326,-192.98941899999772,True
57238.007931,5.1258478817599435,0.46159540005365596,-191.9920689999999,True
57239.007931,6.39971737627439,0.19932494171736553,-190.9920689999999,True
57239.010581,5.910969183892601,0.1969826979839065,-190.98941899999772,True
57240.007931,5.930005203981269,0.2278283804846489,-189.9920689999999,True
57240.010581,6.188122906726883,0.20438707890877172,-189.98941899999772,True
57241.007931,6.031448429853324,0.1962345150596505,-188.9920689999999,True
57241.010581,5.806168953770084,0.20331472716512372,-188.98941899999772,True
57242.007931,6.39755877435185,0.2207629532918679,-187.9920689999999,True
57242.010581,6.538364302647347,0.21020253866970573,-187.98941899999772,True
57250.007931,6.713332556314682,0.291140067915569,-179.9920689999999,True
57250.010581,7.029864768743795,0.2938068228188178,-179.98941899999772,True
57251.007931,7.1190809112490765,0.30308598269917836,-178.9920689999999,True
57251.010581,6.421725305270689,0.276363784688578,-178.98941899999772,True
57252.007931,6.286920991644025,0.25711927513621935,-177.9920689999999,True
57252.010581,6.788040114243266,0.274110009335936,-177.98941899999772,True
57253.007931,6.129916917405872,0.3208625520984382,-176.9920689999999,True
57253.010581,6.3197543902251345,0.30721410634019064,-176.98941899999772,True
57254.007931,5.241407673612193,0.45948537632604325,-175.9920689999999,True
57254.010581,5.051288775582982,0.439532303859611,-175.98941899999772,True
57255.007931,5.933377609789561,0.4337896959474647,-174.9920689999999,True
57255.010581,5.504642864981752,0.39278842559248206,-174.98941899999772,True
57256.007931,6.056251642694142,0.4935157794427389,-173.9920689999999,True
57256.010581,6.425580570247175,0.5004406968343582,-173.98941899999772,True
57257.007931,6.197369486222982,0.3460021661420256,-172.9920689999999,True
57257.010581,6.698222555405994,0.34692116259924216,-172.98941899999772,True
57258.007931,6.104075922005992,0.39832164653772756,-171.9920689999999,True
57258.010581,5.854910094793006,0.36120453020806875,-171.98941899999772,True
57259.007931,5.461306629195326,0.44215463745080913,-170.9920689999999,True
57259.010581,6.324685507057852,0.41972921205178265,-170.98941899999772,True
57260.007931,6.191674993243712,0.42537432204206094,-169.9920689999999,True
57260.010581,5.670248404934088,0.44184042483078606,-169.98941899999772,True
57261.007931,6.511723123837209,0.2608131360021914,-168.9920689999999,True
57261.010581,6.577975402245894,0.24535427104016475,-168.98941899999772,True
57262.007931,6.298743537780596,0.36157652726128503,-167.9920689999999,True
57262.010581,5.925164470195285,0.3603762732288824,-167.98941899999772,True
57263.007931,6.473269546515594,0.32654634625635354,-166.9920689999999,True
57263.010581,6.419649456818327,0.29584884490466856,-166.98941899999772,True
57264.010581,6.55861810993129,0.48956303054496336,-165.98941899999772,True
57265.007931,6.508210468341154,0.46507193277867404,-164.9920689999999,True
57265.010581,5.626859593840926,0.49232567553129974,-164.98941899999772,True
57387.334759,8.691912697226728,0.6597461651358645,-42.665241000002425,True
57388.329025,8.63991046163592,0.6372654628690485,-41.67097500000091,True
57388.334759,8.936478155100739,1.0397993802074197,-41.665241000002425,True
57389.329025,7.4710663843792515,0.9404738279679477,-40.67097500000091,True
57389.334759,8.14937816058239,2.542651299780752,-40.665241000002425,True
57390.329025,8.504841038204782,2.2003930395259466,-39.67097500000091,True
57390.334759,-26.346793281289955,12.85747816088524,-39.665241000002425,True
57390.334759,9.13757634177581,1.8002436919378848,-39.665241000002425,True
57391.329025,6.654397961140587,1.57257271655591,-38.67097500000091,True
57391.329025,-17.72446417677739,10.7181849195893,-38.67097500000091,True
57391.334759,9.362773447946214,0.9179560341647081,-38.665241000002425,True
57392.329025,8.151560466692665,0.9477395955637568,-37.67097500000091,True
57392.334759,8.804046785056837,0.484695388353007,-37.665241000002425,True
57393.329025,8.541325775436366,0.4899071667223942,-36.67097500000091,True
57393.334759,7.093324634707036,0.8624903128863585,-36.665241000002425,True
57394.329025,9.661403037202515,0.8201340240493775,-35.67097500000091,True
57394.334759,7.8680894118480795,1.5145847602167908,-35.665241000002425,True
57395.329025,8.560390805489341,1.3686006869428833,-34.67097500000091,True
57395.334759,8.194776064327877,1.1585544382030366,-34.665241000002425,True
57396.329025,9.032415128427939,1.059204715507767,-33.67097500000091,True
57396.334759,8.890765253842828,0.48355534505413755,-33.665241000002425,True
57397.329025,8.72155760879629,0.4896762987890001,-32.67097500000091,True
57397.334759,8.121565728128116,0.7489589249595382,-32.665241000002425,True
57398.329025,9.203461760818044,0.7134366594222664,-31.670975000000908,True
57398.334759,8.731787985203734,0.8787964837778791,-31.665241000002425,True
57399.329025,9.099384177220784,0.7937788162859581,-30.670975000000908,True
57399.334759,8.91794878454051,0.8385100927657997,-30.665241000002425,True
57400.329025,8.284477548883205,0.7643854868103571,-29.670975000000908,True
57400.334759,8.520547018339503,0.7115017733171365,-29.665241000002425,True
57401.329025,8.181753831146404,0.6894928442236551,-28.670975000000908,True
57401.334759,8.311034882494209,0.6807160285725401,-28.665241000002425,True
57402.329025,9.772462941851433,0.6192320001853432,-27.670975000000908,True
57402.334759,8.347849210404632,0.7311764363771427,-27.665241000002425,True
57403.329025,8.264734632013587,0.630264311203793,-26.670975000000908,True
57403.334759,8.714504082811354,0.6974494505463226,-26.665241000002425,True
57404.329025,9.36783969461121,0.6066457824696543,-25.670975000000908,True
57404.334759,9.075250944972844,0.7143213412439535,-25.665241000002425,True
57405.329025,7.164371870633474,0.6587321318086267,-24.670975000000908,True
57405.334759,8.368438693319138,0.6033675673257429,-24.665241000002425,True
57406.329025,9.293669178150857,0.5239695549033055,-23.670975000000908,True
57406.334759,8.678148776401112,0.5072116544198033,-23.665241000002425,True
57407.329025,8.730467276583164,0.41715901472591765,-22.670975000000908,True
57407.334759,8.811453661448887,0.5246745915736363,-22.665241000002425,True
57408.329025,8.589162200213273,0.43475686121561025,-21.670975000000908,True
57408.334759,9.46893670834473,0.5793050143234857,-21.665241000002425,True
57409.329025,9.01702753124194,0.5067637227068722,-20.670975000000908,True
57409.334759,8.322243366519482,0.40572530076196633,-20.665241000002425,True
57410.329025,8.663229181393774,0.35386014445422626,-19.670975000000908,True
57410.334759,8.345891089430205,0.35535459185065393,-19.665241000002425,True
57411.329025,8.33734653891435,0.2944322551401468,-18.670975000000908,True
57411.334759,8.39796706502627,0.32864031384818027,-18.665241000002425,True
57412.329025,8.273272173599896,0.27419021125866305,-17.670975000000908,True
57412.334759,7.972722229222329,0.6517705722439082,-17.665241000002425,True
57413.329025,8.510173197864129,0.5759506435468573,-16.670975000000908,True
57413.334759,8.753293905152772,0.3617013384995711,-16.665241000002425,True
57414.329025,8.128020473462577,0.31190301006566384,-15.670975000000908,True
57414.334759,7.697227627776492,0.5330181116493959,-15.665241000002425,True
57415.329025,8.99976226194255,0.4671853806535165,-14.670975000000908,True
57415.334759,6.835557211257735,1.521318767418796,-14.665241000002425,True
57416.329025,11.175493562440616,1.4096689525750872,-13.670975000000908,True
57422.334759,10.555300540311416,0.41198465698045056,-7.665241000002425,True
57423.329025,10.821406599644321,0.36499020941614063,-6.670975000000908,True
57423.334759,11.002716913951279,0.21450332880610382,-6.665241000002425,True
57424.329025,11.010316677593654,0.2008237542498244,-5.670975000000908,True
57424.334759,10.22633978297821,0.23559058227345753,-5.665241000002425,True
57425.329025,10.616764646754545,0.1981919900590927,-4.670975000000908,True
57425.334759,10.700218861390363,0.24160335614484915,-4.665241000002425,True
57426.329025,10.6683765422478,0.21892691657589056,-3.670975000000908,True
57438.334759,10.50824072950328,0.2671392737863285,8.334758999997575,True
57439.329025,10.694913572730705,0.2618057639798307,9.329024999999092,True
57439.334759,11.5434799239691,0.26604995387746905,9.334758999997575,True
57440.329025,11.057089039127032,0.24038257947255023,10.329024999999092,True
57440.334759,11.302951350794572,0.2531404323172984,10.334758999997575,True
57442.334759,10.133486922009382,0.411485060486985,12.334758999997575,True
57443.329025,10.716078990722655,0.3872025477684027,13.329024999999092,True
57443.334759,10.695590912335133,0.3931628664176417,13.334758999997575,True
57444.329025,10.630191077812748,0.3600248533910119,14.329024999999092,True
57444.334759,10.464423223619299,0.46004534538324543,14.334758999997575,True
57445.329025,10.57937685232018,0.4773576388622938,15.329024999999092,True
57445.334759,11.054418928688575,0.33727169979846855,15.334758999997575,True
57446.329025,11.595861008065318,0.316287947358691,16.329024999999092,True
57447.329025,11.739519579557665,0.34109942552950356,17.329024999999092,True
57447.334759,10.306319786655038,0.40814274226228536,17.334758999997575,True
57448.334759,10.889271162169285,0.4023217781378462,18.334758999997575,True
57449.329025,11.147788975952269,0.3792692342336313,19.329024999999092,True
57449.334759,11.408870702879202,0.2465688961443241,19.334758999997575,True
57450.329025,10.984635280135587,0.21730747318048793,20.329024999999092,True
57450.334759,10.480578618425325,0.34177233572664184,20.334758999997575,True
57451.329025,10.717178694562689,0.32091792191364676,21.329024999999092,True
57451.334759,10.898133398558278,0.28619722875916054,21.334758999997575,True
57452.196395,9.296112793845001,0.4636644842530804,22.19639499999903,True
57452.329025,10.615153375180954,0.2789585166500294,22.329024999999092,True
57452.334759,10.907722395927962,0.4471395457987969,22.334758999997575,True
57453.196395,9.603446839220863,0.7346252197035341,23.19639499999903,True
57453.329025,10.40859914346837,0.4481354022482372,23.329024999999092,True
57453.334759,10.65935110841243,0.4505659084103413,23.334758999997575,True
57454.196395,10.493327643328742,1.7835834750572226,24.19639499999903,True
57454.329025,10.469234273888066,0.45957722657854816,24.329024999999092,True
57454.334759,11.254449786630184,0.43693911282987413,24.334758999997575,True
57455.196395,-22.784381363487253,9.029554975317632,25.19639499999903,True
57455.196395,7.620630451163746,1.2439754324994512,25.19639499999903,True
57455.329025,10.522160929937591,0.3963690930685116,25.329024999999092,True
57456.196395,9.176337244203513,0.64812585850467,26.19639499999903,True
57457.196395,8.735346070187644,0.3508474438664728,27.19639499999903,True
57458.196395,9.561379906887186,0.6208103118753519,28.19639499999903,True
57459.196395,11.769654139394484,1.0759306938889435,29.19639499999903,True
57460.196395,9.53179204144649,0.8168754977166605,30.19639499999903,True
57461.196395,9.067636332965415,0.34840468658837376,31.19639499999903,True
57462.196395,9.031870522343791,0.5391905989973313,32.19639499999903,True
57463.196395,8.423234037982573,0.6245852403861941,33.19639499999903,True
57464.196395,10.033739810695188,0.5984875591957953,34.19639499999903,True
57465.196395,8.543999155898131,0.5065661712663588,35.19639499999903,True
57466.196395,8.853141587730118,0.48241314580723954,36.19639499999903,True
57467.196395,8.629030895658413,0.5157342867855969,37.19639499999903,True
57468.196395,9.3066599182475,0.4875062179718983,38.19639499999903,True
57469.196395,8.408458377796096,0.5006503174769151,39.19639499999903,True
57470.196395,8.141108138617929,0.4222139794160662,40.19639499999903,True
57471.196395,8.320716191086564,0.35025615387364784,41.19639499999903,True
57472.196395,8.1535247014323,0.3617566419816458,42.19639499999903,True
57473.196395,8.92474885639395,0.4016685652411071,43.19639499999903,True
57474.196395,9.083851920669666,0.29114376750054066,44.19639499999903,True
57475.196395,8.59110735053409,0.25325184019912056,45.19639499999903,True
57476.196395,8.32079478222128,0.23151684841497017,46.19639499999903,True
57477.196395,7.972160600120869,0.4535154994286565,47.19639499999903,True
57478.196395,8.25765223500338,0.26194857401911104,48.19639499999903,True
57479.196395,8.679565478943626,0.3845539527828265,49.19639499999903,True
57480.196395,7.953496002467001,1.0502285809169523,50.19639499999903,True
57483.196395,11.667223554126693,0.3176679930914056,53.19639499999903,True
57485.196395,10.93617695816894,0.20172155394163968,55.19639499999903,True
57487.196395,11.67788040650387,0.30252675619524527,57.19639499999903,True
57488.196395,10.937928928900009,0.16899974399736878,58.19639499999903,True
57490.196395,10.694669717178424,0.1908164914881032,60.19639499999903,True
57500.196395,11.785226423738791,0.5280587115572243,70.19639499999903,True
57505.196395,10.696339125347723,0.19184474564743428,75.19639499999903,True
57506.196395,11.056720459540117,0.21874736247082238,76.19639499999903,True
57507.196395,11.026292796615865,0.3043784733794396,77.19639499999903,True
57508.196395,10.186838163190705,0.2879449945477776,78.19639499999903,True
57509.196395,9.771469823297924,0.34116759682711323,79.19639499999903,True
57510.196395,10.540240410875924,0.25119236497251973,80.19639499999903,True
57511.196395,10.68838346572191,0.253977305255721,81.19639499999903,True
57513.196395,10.804196297760873,0.300414897545404,83.19639499999903,True
57514.196395,10.355128214789062,0.18274586794395706,84.19639499999903,True
57515.196395,9.868899157162147,0.25115315628024526,85.19639499999903,True
57516.196395,10.047718775959629,0.20938645026782612,86.19639499999903,True
57517.196395,9.762487479071355,0.328433457025486,87.19639499999903,True
57545.094531,7.882014174867088,0.4674112679642164,115.09453100000246,True
57545.098661,7.897001309711632,0.4667868040123604,115.09866100000363,True
57545.104289,8.929365114919971,0.4399348540825524,115.10428900000261,True
57546.104289,8.705630217021461,0.6947990320906062,116.10428900000261,True
57547.098661,4.956198957622282,1.6288330405525742,117.09866100000363,True
57547.104289,8.60254842933363,1.713550431704754,117.10428900000261,True
57548.094531,-9.64944664262683,8.63861813934477,118.09453100000246,True
57548.098661,7.0479323275224885,1.171214605315521,118.09866100000363,True
57549.094531,10.141724711223123,0.6734641122322192,119.09453100000246,True
57549.098661,9.626602458249728,0.6979133044254682,119.09866100000363,True
57550.094531,9.483354715703097,0.37477424456229574,120.09453100000246,True
57550.104289,8.760694264984208,0.3496629487825212,120.10428900000261,True
57551.094531,7.990696597223851,0.646141033630801,121.09453100000246,True
57551.098661,9.508006830375253,0.6004626829242534,121.09866100000363,True
57551.104289,9.43757911874043,0.6233018582775273,121.10428900000261,True
57552.094531,8.83586555914323,1.0520679126807089,122.09453100000246,True
57552.098661,10.856551834926437,1.0071497362887372,122.09866100000363,True
57552.104289,7.007625595339375,1.0955823960604312,122.10428900000261,True
57553.094531,8.603581775122114,0.7706174257738895,123.09453100000246,True
57553.098661,8.882076394613934,0.7806049640342604,123.09866100000363,True
57553.104289,8.041178239081539,0.8657618692016344,123.10428900000261,True
57554.094531,8.4379370965377,0.39835166906485153,124.09453100000246,True
57554.098661,9.128845870314041,0.36162594665567677,124.09866100000363,True
57554.104289,8.664637635825057,0.37386785412540174,124.10428900000261,True
57555.094531,8.0280860819774,0.6042524327182298,125.09453100000246,True
57555.098661,8.848605545658234,0.5249816927824225,125.09866100000363,True
57555.104289,9.14920617419217,0.5765824574576178,125.10428900000261,True
57556.094531,8.021469582104153,0.6540468083289391,126.09453100000246,True
57556.098661,8.486878179691116,0.581234647556155,126.09866100000363,True
57556.104289,7.442802299754438,0.6734072672627429,126.10428900000261,True
57557.094531,8.327501195831946,0.5914280729143245,127.09453100000246,True
57557.098661,8.79911409880242,0.5635823214707456,127.09866100000363,True
57557.104289,8.750678179037886,0.6608463546821199,127.10428900000261,True
57558.094531,9.12961707084288,0.5826954178028273,128.09453100000246,True
57558.098661,8.643580539993227,0.5090917860803649,128.09866100000363,True
57558.104289,9.387554503776155,0.5621296971744922,128.1042890000026,True
57559.094531,8.144825311249699,0.5411945795400541,129.09453100000246,True
57559.098661,8.789867090384393,0.45369807760442765,129.09866100000363,True
57559.104289,8.894322373776268,0.5297085522589297,129.1042890000026,True
57560.094531,8.87582913120348,0.5391291393344357,130.09453100000246,True
57560.098661,8.355981540492133,0.4612626898062108,130.09866100000363,True
57560.104289,8.401007902226054,0.5653174071129866,130.1042890000026,True
57561.094531,8.054406495729193,0.481710239158494,131.09453100000246,True
57561.098661,7.6844298481402165,0.44500237334026677,131.09866100000363,True
57561.104289,8.649782319395005,0.5441780108140741,131.1042890000026,True
57562.094531,7.831963532695855,0.5760431827735776,132.09453100000246,True
57562.098661,8.20903208894686,0.49856572212309036,132.09866100000363,True
57562.104289,8.909178181784807,0.5221911361331044,132.1042890000026,True
57563.094531,7.9115131640678475,0.4738083557194552,133.09453100000246,True
57563.098661,8.551742046908123,0.39584352041655635,133.09866100000363,True
57563.104289,8.407679082852106,0.4299531358615746,133.1042890000026,True
57564.094531,7.53154023037588,0.3653035101206981,134.09453100000246,True
57564.098661,8.209134257069975,0.31367950330389455,134.09866100000363,True
57564.104289,8.535546138736759,0.36183104329445576,134.1042890000026,True
57565.094531,8.45166686665292,0.3341787813821482,135.09453100000246,True
57565.098661,7.916911292423165,0.3212009646294434,135.09866100000363,True
57565.104289,8.439500163447258,0.3742709652788969,135.1042890000026,True
57566.034571,8.814307631790504,0.5139338323774885,136.0345709999965,True
57566.094531,9.224141890345203,0.3698836883490218,136.09453100000246,True
57566.104289,9.244648262533646,0.4221749374295491,136.1042890000026,True
57567.034571,7.3482289864405805,0.7984430866013595,137.0345709999965,True
57567.094531,7.880653861927696,0.29739701329650936,137.09453100000246,True
57567.098661,8.133947100463226,0.2720161921246365,137.09866100000363,True
57567.104289,8.608789159170046,0.27017700218464574,137.1042890000026,True
57568.034571,11.401498076480111,1.8524869531943287,138.0345709999965,True
57568.094531,8.860399502170916,0.24399781436967644,138.09453100000246,True
57568.098661,8.833562827265528,0.22826597045962144,138.09866100000363,True
57568.104289,8.845593060843804,0.23520648983170453,138.1042890000026,True
57569.034571,9.547618809809121,1.233022189697569,139.0345709999965,True
57570.034571,8.842805809610883,0.6952461198225683,140.0345709999965,True
57570.094531,7.696962340405648,0.3858391927027703,140.09453100000246,True
57570.098661,8.008666491715745,0.4271189316600533,140.09866100000363,True
57570.104289,8.780485284396653,0.44677595021114086,140.1042890000026,True
57571.034571,8.824656999517597,0.3899357816368766,141.0345709999965,True
57571.098661,8.360058828898815,0.241342369149908,141.09866100000363,True
57571.104289,8.835094294179003,0.2410301539246171,141.1042890000026,True
57572.034571,9.308143283147423,0.690573611136261,142.0345709999965,True
57572.094531,9.275851115174236,0.3489134742781608,142.09453100000246,True
57572.098661,9.209110346509448,0.35912889805338344,142.09866100000363,True
57572.104289,9.439751914412254,0.3643501146496081,142.1042890000026,True
57573.034571,6.875678452187958,1.1334821073911572,143.0345709999965,True
57573.094531,6.904708064322226,1.0667959727969873,143.09453100000246,True
57573.098661,6.939283490854472,1.0315002248786533,143.09866100000363,True
57573.104289,9.257486604489054,1.0019670480490273,143.1042890000026,True
57574.034571,8.662403118876616,0.8242347364348286,144.0345709999965,True
57575.034571,8.292233913833034,0.4164696921200448,145.0345709999965,True
57576.034571,7.9581633066566635,0.6427660469323249,146.0345709999965,True
57577.034571,6.973100730838674,0.7083402692519978,147.0345709999965,True
57577.094531,6.870694780529529,0.17698712743717826,147.09453100000246,True
57577.098661,6.446213458627355,0.1664350493785931,147.09866100000363,True
57578.034571,7.035026915799349,0.6392757021554034,148.0345709999965,True
57578.098661,7.1034674332777845,0.19377876775518763,148.09866100000363,True
57579.034571,9.243197577049896,0.6393413500598204,149.0345709999965,True
57580.034571,8.213741474936446,0.6060568512452295,150.0345709999965,True
57581.034571,8.485554105922327,0.6149005274403765,151.0345709999965,True
57582.034571,7.535988390752472,0.5490079931585777,152.0345709999965,True
57582.094531,6.616964660751187,0.15668366243655593,152.09453100000246,True
57582.098661,6.4844256938376414,0.15688914920696453,152.09866100000363,True
57583.034571,9.09088541012653,0.6225991456756641,153.0345709999965,True
57584.034571,8.354909501310694,0.520529929816413,154.0345709999965,True
57585.034571,8.36863623328871,0.41252905895759445,155.0345709999965,True
57585.094531,6.741684961359413,0.12577848848675122,155.09453100000246,True
57585.098661,6.642529976642979,0.11375497065499474,155.09866100000363,True
57586.034571,8.182029548942705,0.39860437169021834,156.0345709999965,True
57586.094531,6.3224494663189885,0.1403844240442981,156.09453100000246,True
57587.034571,8.11833577008347,0.4326844531761256,157.0345709999965,True
57588.034571,8.065731545588969,0.3339968931023259,158.0345709999965,True
57589.034571,8.311558653602967,0.272685294440953,159.0345709999965,True
57590.034571,8.633086210304668,0.23789014286565158,160.0345709999965,True
57591.034571,8.482990349353482,0.458850975892523,161.0345709999965,True
57592.034571,8.044309327257567,0.2741249678054583,162.0345709999965,True
57593.034571,8.17485544162246,0.3716144160008776,163.0345709999965,True
57594.034571,11.499638186180418,1.233190212983418,164.0345709999965,True
57596.094531,6.800291955333668,0.20278931851227805,166.09453100000246,True
57596.098661,7.175956559095692,0.19316581168751012,166.09866100000363,True
57597.094531,6.701839573890579,0.18471133361713268,167.09453100000246,True
57598.094531,6.878370599862013,0.17958560831346146,168.09453100000246,True
57598.098661,6.851486526761197,0.16775661614910173,168.09866100000363,True
57599.034571,7.233325683627714,0.22038079768124136,169.0345709999965,True
57599.094531,7.338424750908884,0.19244308519129066,169.09453100000246,True
57599.098661,7.424037728846982,0.1913263941747068,169.09866100000363,True
57601.094531,7.472329401195759,0.2845750271213407,171.09453100000246,True
57601.098661,7.9385082285195345,0.2873833333100381,171.09866100000363,True
57602.034571,7.087223688352879,0.16633982672253667,172.0345709999965,True
57602.098661,7.169778359266534,0.3587107208858823,172.09866100000363,True
57603.034571,6.7135434428432275,0.1864792441458026,173.0345709999965,True
57603.094531,7.595775761954144,0.2383264145714882,173.09453100000246,True
57603.098661,7.389001559080424,0.22147814618918507,173.09866100000363,True
57604.034571,7.225988515958369,0.1850690068047265,174.0345709999965,True
57604.094531,6.488994165424677,0.26944277039307885,174.09453100000246,True
57606.094531,7.918786219083306,0.31029455921863897,176.09453100000246,True
57606.098661,7.572998060520082,0.29565802340643904,176.09866100000363,True
57607.094531,7.287978985858973,0.1677286848379885,177.09453100000246,True
57608.094531,7.46599058429213,0.24185118752912493,178.09453100000246,True
57610.098661,6.883267312448901,0.3142922954434305,180.09866100000363,True
57611.094531,6.176330213853537,0.3523205615520864,181.09453100000246,True
57611.098661,6.760966953546956,0.3182533831113045,181.09866100000363,True
57612.094531,6.211596330292826,0.29981244603646884,182.09453100000246,True
57612.098661,6.280565363887142,0.30102954662930975,182.09866100000363,True
57617.034571,6.858264888012993,0.2042966147619405,187.0345709999965,True
57618.034571,6.556508321552227,0.2051045899936435,188.0345709999965,True
57619.034571,6.462205148261358,0.17453140257050775,189.0345709999965,True
57620.034571,6.845839935815767,0.210930525354735,190.0345709999965,True
57622.034571,7.6595498137755875,0.33662230181853325,192.0345709999965,True
57623.034571,6.349406478939363,0.39287364668453767,193.0345709999965,True
57624.034571,7.179164034682648,0.2567063437158189,194.0345709999965,True
57625.034571,6.409948454722626,0.3069035637257901,195.0345709999965,True
57627.034571,7.172322892661108,0.3205401342871789,197.0345709999965,True
57628.034571,7.396191040593157,0.20328407425064954,198.0345709999965,True
57629.034571,6.594306093259738,0.24080096525077263,199.0345709999965,True
57631.034571,6.630319774291007,0.3300268273445908,201.0345709999965,True
57633.034571,7.074114950419393,0.3458594184656151,203.0345709999965,True
57778.254182,7.914486300363599,0.384982026319224,348.25418199999694,True
57778.254182,8.362289400239538,0.44555502964925636,348.25418199999694,True
57779.254182,7.461469712665294,0.6137071561076557,349.25418199999694,True
57779.254182,7.894231623606259,0.7115932075900337,349.25418199999694,True
57780.254182,9.631469384007238,1.7214573882122897,350.25418199999694,True
57780.254182,8.93113895048255,1.4853782582015502,350.25418199999694,True
57781.250046,-10.132688009315505,7.004284977847111,351.250046000001,True
57781.250046,-6.103866727484066,8.405141973416534,351.250046000001,True
57781.254182,9.215109653323418,1.0342990702919965,351.25418199999694,True
57781.254182,9.568742920927036,1.1993800868060744,351.25418199999694,True
57782.254182,8.978832224358776,0.6507930431075698,352.25418199999694,True
57782.254182,8.707223925630139,0.5645540742804742,352.25418199999694,True
57782.266187,8.030324363432888,0.49270205801438444,352.2661870000011,True
57782.270358,7.653460368487792,0.4920775940625284,352.2703580000016,True
57783.254182,8.07842509662807,0.30915321691137543,353.25418199999694,True
57783.254182,8.122725212767861,0.35392713108474705,353.25418199999694,True
57783.266187,9.135129259579681,0.7648547356025043,353.2661870000011,True
57783.270358,9.655268866476241,0.7471008929316808,353.2703580000016,True
57784.254182,7.5974475234138446,0.5518775280818345,354.25418199999694,True
57784.254182,8.00481536016951,0.6390816521579705,354.25418199999694,True
57784.266187,10.205288513411332,1.745178257734901,354.2661870000011,True
57784.270358,6.735264171818055,1.672886083951708,354.2703580000016,True
57785.254182,8.844849194421624,1.114532251725794,355.25418199999694,True
57785.254182,8.082854442722192,0.9545112483293956,355.25418199999694,True
57785.266187,8.222432905678575,1.168867481857975,355.2661870000011,True
57785.266187,-5.436016299363758,11.244863712497184,355.2661870000011,True
57785.270358,9.682969595860948,1.1266192596221443,355.2703580000016,True
57786.254182,8.33553201801101,0.8426328332302488,356.25418199999694,True
57786.254182,7.812568744900731,0.7233080340142373,356.25418199999694,True
57786.266187,7.973748159832673,0.7028031428641179,356.2661870000011,True
57786.270358,9.262265041493604,0.6650180276563692,356.2703580000016,True
57787.254182,7.8791919558045125,0.37900945526268626,357.25418199999694,True
57787.254182,7.67720048255405,0.32563473869468523,357.25418199999694,True
57787.266187,8.257520753321556,0.3913571757376183,357.2661870000011,True
57787.270358,8.719473836062692,0.36292929372277943,357.2703580000016,True
57788.254182,8.255054662831338,0.5986436539491868,358.25418199999694,True
57788.254182,8.169801225541885,0.5085292750598964,358.25418199999694,True
57788.266187,7.122392676065749,0.6818531987286474,358.2661870000011,True
57788.270358,8.020179896316257,0.6191492809405684,358.2703580000016,True
57789.254182,7.951645666079847,0.6931886057385861,359.25418199999694,True
57789.254182,7.65071679352181,0.5837599248083902,359.25418199999694,True
57789.266187,10.079607752646554,1.122954409799289,359.2661870000011,True
57789.270358,9.383305833920383,1.0036405037581144,359.2703580000016,True
57790.254182,7.485657456766563,0.5545618667777552,360.25418199999694,True
57790.254182,7.816668924631079,0.653002481036041,360.25418199999694,True
57790.266187,8.651101430845143,0.8168754977166605,360.2661870000011,True
57790.270358,7.679366524101888,0.7243593538311185,360.2703580000016,True
57791.254182,7.241503516103577,0.4650739278934021,361.25418199999694,True
57791.254182,7.252327579592174,0.5567176654301935,361.25418199999694,True
57791.266187,7.876009059862384,0.4211216169585403,361.2661870000011,True
57791.270358,7.124600779370662,0.3692159292869062,361.2703580000016,True
57792.254182,7.268846818898036,0.4445768206458874,362.25418199999694,True
57792.254182,7.560727041571324,0.5364650388948854,362.25418199999694,True
57792.266187,8.632263730978709,0.6438878026861335,362.2661870000011,True
57792.270358,7.6792200425429264,0.5571386910582689,362.2703580000016,True
57793.254182,7.602380963358475,0.4720871738213452,363.25418199999694,True
57793.254182,7.904418985071096,0.573348475898409,363.25418199999694,True
57793.266187,7.229416371940556,0.7011853170373311,363.2661870000011,True
57793.270358,5.9415249733005595,0.5980698292377236,363.2703580000016,True
57794.254182,7.130913871460102,0.5335520496561664,364.25418199999694,True
57794.254182,6.8916687459956885,0.440816388641697,364.25418199999694,True
57794.266187,8.397272451913816,0.6404522832023156,364.2661870000011,True
57794.270358,7.661752420121028,0.5455414120847649,364.2703580000016,True
57795.254182,6.806516334893556,0.4294266428879022,365.25418199999694,True
57795.254182,6.905187181641262,0.5183693779844256,365.25418199999694,True
57795.266187,7.586791141389833,0.6223836505943511,365.2661870000011,True
57795.270358,8.73251826165787,0.5639337077559251,365.2703580000016,True
57796.254182,8.150567107606884,0.36488689463452295,366.25418199999694,True
57796.254182,8.281100879654456,0.4405586465461601,366.25418199999694,True
57796.266187,7.58572604212436,0.581395675023991,366.2661870000011,True
57796.270358,7.158378262400159,0.5172090519824113,366.2703580000016,True
57797.254182,7.6762263481359785,0.30141012051783816,367.25418199999694,True
57797.254182,7.851655372197744,0.3653035101206981,367.25418199999694,True
57797.266187,6.686839121820333,0.5862680213358273,367.2661870000011,True
57797.270358,8.165498555978063,0.520273586533879,367.2703580000016,True
57798.254182,7.50023067597025,0.3049786936885624,368.25418199999694,True
57798.254182,7.6601359181017905,0.3705630176352669,368.25418199999694,True
57798.266187,8.433173711185168,0.528078069665729,368.2661870000011,True
57798.270358,7.700207790465595,0.46818628859388417,368.2703580000016,True
57799.254182,7.905069499323673,0.4050008507217289,369.25418199999694,True
57799.254182,7.712053271099964,0.33630450389044836,369.25418199999694,True
57799.266187,7.561139852978121,0.5826444013940226,369.2661870000011,True
57799.270358,7.74673832598032,0.5659676385634245,369.2703580000016,True
57800.254182,7.563577516273286,0.23541631231882,370.25418199999694,True
57800.254182,7.707402169580565,0.27698200496261166,370.25418199999694,True
57800.270358,7.646088761529302,0.4620563033392385,370.2703580000016,True
57801.254182,8.174367720681458,0.24122160662084322,371.25418199999694,True
57801.254182,8.056378891356045,0.20528513964983522,371.25418199999694,True
57801.266187,7.5465875866229295,0.37734139511833814,371.2661870000011,True
57801.270358,7.433616665875844,0.35720108752613255,371.2703580000016,True
57802.254182,7.571378484748765,0.1856568383459366,372.25418199999694,True
57802.254182,7.678061891857997,0.21863170963424472,372.25418199999694,True
57802.266187,7.285169712639713,0.3661598298084564,372.2661870000011,True
57802.270358,7.8230538676937815,0.35086454577848264,372.2703580000016,True
57803.254182,7.9339698212216145,0.3619699558907357,373.25418199999694,True
57803.254182,8.241461754270764,0.426557302558594,373.25418199999694,True
57803.266187,8.47893263512765,0.40653882863586205,373.2661870000011,True
57803.270358,8.128332626525335,0.39269702740866375,373.2703580000016,True
57804.254182,7.750458601518225,0.2166773663519226,374.25418199999694,True
57804.254182,7.984026811558389,0.24805499649366358,374.25418199999694,True
57804.266187,7.337357153654419,0.3030985021104807,374.2661870000011,True
57804.270358,7.5117123599655455,0.30585728702046694,374.2703580000016,True
57805.254182,7.63003284027725,0.31463505227685806,375.25418199999694,True
57805.254182,7.794841677184176,0.3600369357222921,375.25418199999694,True
57805.266187,7.788166376065989,0.24800789222910222,375.2661870000011,True
57805.270358,8.263298908902415,0.24862482728439833,375.2703580000016,True
57806.254182,7.437745890027676,1.0170937971568845,376.25418199999694,True
57806.254182,6.834836889871647,0.8550214852869844,376.25418199999694,True
57806.266187,7.7104825636288545,0.2164149115644425,376.2661870000011,True
57806.270358,8.049572309378565,0.21544506240890401,376.2703580000016,True
57807.266187,7.327129577094476,0.4231875279498361,377.2661870000011,True
57807.270358,7.248501502890129,0.4276805607615132,377.2703580000016,True
57808.254182,6.435326070689712,0.3538064966461917,378.25418199999694,True
57808.266187,7.6485203304607285,0.25320654771096435,378.2661870000011,True
57808.270358,7.653827989290675,0.24789888888101808,378.2703580000016,True
57809.266187,8.148976368058563,0.35231861553656807,379.2661870000011,True
57809.270358,7.8425136548018815,0.3432382388474815,379.2703580000016,True
57810.254182,4.618785394845108,0.14988747242308456,380.25418199999694,True
57810.254182,4.60919259661003,0.17027216867262407,380.25418199999694,True
57810.266187,9.485331462122689,1.1352265044753895,380.2661870000011,True
57810.270358,9.215218145553385,1.1726832165519887,380.2703580000016,True
57811.254182,4.783669562948928,0.175371675958013,381.25418199999694,True
57811.254182,4.762236647842628,0.19869573063251508,381.25418199999694,True
57812.254182,5.096580616354675,0.14381436148156646,382.25418199999694,True
57812.270358,5.962157436062077,0.3752060831368888,382.2703580000016,True
57814.254182,4.8889920547952,0.16007002171757528,384.25418199999694,True
57814.254182,4.974489395771945,0.14107061261163162,384.25418199999694,True
57814.270358,4.979714428439895,0.19881074342197938,384.2703580000016,True
57815.254182,4.738815579216601,0.16182083169677086,385.25418199999694,True
57815.254182,4.780940367150364,0.14240233189315837,385.25418199999694,True
57815.270358,4.846707548555691,0.19529167940974979,385.2703580000016,True
57817.266187,5.5261114101375135,0.32602397997740007,387.2661870000011,True
57818.254182,5.038093019223527,0.09985765783647102,388.25418199999694,True
57818.254182,4.963141219752837,0.11594106480622318,388.25418199999694,True
57818.266187,4.739846693313542,0.1545601930768515,388.2661870000011,True
57818.270358,4.774995600159538,0.14031063624739387,388.2703580000016,True
57819.254182,4.843979359435948,0.11650414678347933,389.25418199999694,True
57819.254182,4.771987347105537,0.1375749796606724,389.25418199999694,True
57819.266187,5.050128036385628,0.17055401943913628,389.2661870000011,True
57819.270358,4.737788145364559,0.15688914920696453,389.2703580000016,True
57820.254182,4.9903354225257806,0.11095014197099551,390.25418199999694,True
57820.254182,4.956543501113295,0.12929432788063075,390.25418199999694,True
57820.266187,4.6908252719817085,0.17179754217220242,390.2661870000011,True
57821.254182,4.816010965461361,0.12630591139363898,391.25418199999694,True
57821.254182,4.83109727206445,0.10602321029393051,391.25418199999694,True
57822.266187,4.65084205529163,0.12304587079771565,392.2661870000011,True
57822.270358,4.844467537257579,0.13475708946501092,392.2703580000016,True
57823.266187,5.2671519197195735,0.14723244472938582,393.2661870000011,True
57823.270358,5.024837341631854,0.13915529212646185,393.2703580000016,True
57824.266187,5.020104496151066,0.12889204310191058,394.2661870000011,True
57824.270358,4.845512902186555,0.13363900349080748,394.2703580000016,True
57825.266187,4.893118754766038,0.13435194158195304,395.2661870000011,True
57825.270358,4.785000224110567,0.14047027703765022,395.2703580000016,True
57829.254182,5.405463195069115,0.20499228995409227,399.25418199999694,True
57830.254182,4.646105569040003,0.19080587000551524,400.25418199999694,True
57830.254182,4.762136165664979,0.16244283527496567,400.25418199999694,True
57831.254182,4.857763665604564,0.17485401144771756,401.25418199999694,True
57831.254182,4.9878825794125214,0.14947544644054567,401.25418199999694,True
57832.254182,4.897834495774979,0.16539434723403643,402.25418199999694,True
57832.254182,4.917686780514248,0.19393200654673587,402.25418199999694,True
57833.254182,5.826823290316001,0.3216962343880409,403.25418199999694,True
57833.266187,4.94052027498093,0.1923541906299996,403.2661870000011,True
57833.270358,5.381114563343797,0.19073094851497852,403.2703580000016,True
57834.254182,5.463454374214189,0.2531219978079293,404.25418199999694,True
57834.254182,5.236917674992596,0.28438780670876085,404.25418199999694,True
57834.266187,4.694158644409942,0.18951664115412664,404.2661870000011,True
57834.270358,4.630869228069048,0.17404589493746322,404.2703580000016,True
57835.254182,5.322210399182492,0.36401982421945683,405.25418199999694,True
57835.254182,5.51149147455342,0.3238553033480649,405.25418199999694,True
57835.266187,5.088966694271595,0.16474559996181015,405.2661870000011,True
57835.270358,4.690007049455462,0.1663586443478592,405.2703580000016,True
57836.254182,5.005737413365542,0.19865640083497443,406.25418199999694,True
57836.254182,4.82500144344629,0.2213249801129823,406.25418199999694,True
57836.266187,5.039282024542271,0.19380792976711544,406.2661870000011,True
57836.270358,5.060375077077745,0.19393200654673587,406.2703580000016,True
57837.270358,4.744463227278414,0.27030766096034314,407.2703580000016,True
57838.254182,5.337966789500678,0.272655797143166,408.25418199999694,True
57838.254182,5.4239309201969474,0.24443713684939078,408.25418199999694,True
57838.266187,4.888687707594113,0.317151378910231,408.2661870000011,True
57838.270358,5.424138087572425,0.2825156025829626,408.2703580000016,True
57839.254182,5.251277567309866,0.26400651471255643,409.25418199999694,True
57839.254182,5.192731424061065,0.3101116025209865,409.25418199999694,True
57839.270358,5.483791804986943,0.3430142414648782,409.2703580000016,True
57840.254182,5.019942655001643,0.16055135467704756,410.25418199999694,True
57840.254182,4.94264833019151,0.1867210046484783,410.25418199999694,True
57840.266187,5.119080309755581,0.24506572192440948,410.2661870000011,True
57840.270358,4.869419605545089,0.24782271129605907,410.2703580000016,True
57841.254182,4.505864076879203,0.21169480496500961,411.25418199999694,True
57841.254182,4.69790472206362,0.18528921625215214,411.25418199999694,True
57841.266187,5.612617807641066,0.29109442158537985,411.2661870000011,True
57841.270358,5.172711243733999,0.2562112057755616,411.2703580000016,True
57842.254182,4.835175806264099,0.17962730048584316,412.25418199999694,True
57842.254182,4.737319142566587,0.20630329511023315,412.25418199999694,True
57842.266187,5.392161567548325,0.30984462759655196,412.2661870000011,True
57842.270358,4.9941102667156025,0.3070414494216736,412.2703580000016,True
57843.254182,4.503170398286041,0.260516047173642,413.25418199999694,True
57843.254182,4.399601327544226,0.3134956102838779,413.25418199999694,True
57843.266187,4.305391440446443,0.29035227917451656,413.2661870000011,True
57843.270358,4.782908421319466,0.26784860536325894,413.2703580000016,True
57844.254182,5.233438629911896,0.29187879335069916,414.25418199999694,True
57844.254182,4.932328730144985,0.3299021602555719,414.25418199999694,True
57844.266187,4.579365003583885,0.1838500725841018,414.2661870000011,True
57844.270358,4.827811047616456,0.1563553770444975,414.2703580000016,True
57845.254182,4.408258951900263,0.2961611442579462,415.25418199999694,True
57845.254182,4.602995046754803,0.2600538266703336,415.25418199999694,True
57845.266187,4.160791042563453,0.22999867895914933,415.2661870000011,True
57845.270358,4.627389797659967,0.24935277523164134,415.2703580000016,True
57846.266187,4.693082568566342,0.22171907089819742,416.2661870000011,True
57846.270358,4.647505492323664,0.2054989937647743,416.2703580000016,True
57847.118673,7.491411972981159,0.5342289108128084,417.1186729999972,True
57847.266187,4.329891376083389,0.31469063802320674,417.2661870000011,True
57847.270358,4.190471473161716,0.31249975383443757,417.2703580000016,True
57848.118673,6.89382658078464,0.8008422545298493,418.1186729999972,True
57848.266187,4.4202221122932315,0.35078204381605105,418.2661870000011,True
57848.270358,4.967494849825792,0.3380343254317585,418.2703580000016,True
57849.118673,12.827009378267453,1.913483474823898,419.1186729999972,True
57849.266187,4.268292383723562,0.3284143099682294,419.2661870000011,True
57849.270358,4.0532712789883405,0.3056950989018664,419.2703580000016,True
57850.118673,11.596884456842742,21.740431822713045,420.1186729999972,True
57850.118673,8.57457966175908,1.3785438440654294,420.1186729999972,True
57851.118673,8.873478432544232,0.8014889731714133,421.1186729999972,True
57852.118673,8.836975748390692,0.41149359216479625,422.1186729999972,True
57853.118673,9.372715860737134,0.7005397967449623,423.1186729999972,True
57854.118673,7.231514630793107,1.1917353673994953,424.1186729999972,True
57855.118673,8.991939315478016,0.9383029365664343,425.1186729999972,True
57856.118673,8.412204607036339,0.4451157555992013,426.1186729999972,True
57857.118673,7.287727284463727,0.6562271159780281,427.1186729999972,True
57858.118673,8.888944406201178,0.7508491029979584,428.1186729999972,True
57859.118673,8.032728424212314,0.7337943795906506,429.1186729999972,True
57860.118673,7.61024327894846,0.6743391553396187,430.1186729999972,True
57861.118673,6.50198558571706,0.6134889865447808,431.1186729999972,True
57862.118673,8.031938390307452,0.6438822104486396,432.1186729999972,True
57864.118673,8.382157733082007,0.65143604807024,434.1186729999972,True
57865.118673,8.58175277579126,0.5222497423598592,435.1186729999972,True
57866.118673,7.170403680446673,0.423872450589986,436.1186729999972,True
57867.118673,8.3208458388511,0.4451854639633194,437.1186729999972,True
57868.118673,7.712053271099964,0.5134282936681156,438.1186729999972,True
57869.118673,7.6353059239329255,0.3314220271863388,439.1186729999972,True
57870.118673,6.960547999386038,0.27438186584301794,440.1186729999972,True
57871.118673,7.294417275902849,0.2575642257351462,441.1186729999972,True
57872.118673,7.316177809616014,0.5355133482417634,442.1186729999972,True
57873.118673,7.540337754897412,0.2761543667698495,443.1186729999972,True
57873.970709,7.459876543412431,0.5707600519963845,443.9707090000011,True
57874.118673,7.722879691923163,0.40634685683663485,444.1186729999972,True
57874.970709,8.747471705694322,0.8574626176422052,444.9707090000011,True
57875.118673,10.4285202850669,1.2792907816930785,445.1186729999972,True
57875.966194,-20.56472888368578,9.789709934153752,445.96619400000054,True
57875.966194,-20.553869527130978,10.457560362274059,445.96619400000054,True
57875.970709,11.582228510938094,1.945111300854045,445.9707090000011,True
57876.966551,-14.210376395643552,10.327248083616439,446.9665509999977,True
57876.966551,-15.996740548908434,9.349905993684283,446.9665509999977,True
57876.970709,6.750630022899978,1.3096948893107427,446.9707090000011,True
57877.970709,8.030648098027871,0.8170475500216626,447.9707090000011,True
57878.970709,8.260126642506249,0.4430011613979096,448.9707090000011,True
57879.970709,6.745753911603579,0.7445571165167263,449.9707090000011,True
57880.970709,8.329904412878038,1.2057722975219858,450.9707090000011,True
57881.970709,6.484541552216451,0.8846856259054953,451.9707090000011,True
57882.118673,4.970010447293179,0.35598294029964783,452.1186729999972,True
57882.970709,7.384618894027621,0.4419328596570728,452.9707090000011,True
57883.118673,4.443455911260822,0.18961410287731764,453.1186729999972,True
57883.970709,8.22663685040152,0.6562271159780281,453.9707090000011,True
57884.970709,7.891459891568239,0.7028688352054879,454.9707090000011,True
57885.118673,4.599910514262842,0.21516492660131678,455.1186729999972,True
57885.970709,8.45759184025216,0.6428054452961391,455.9707090000011,True
57886.118673,4.7982640494638,0.3234890343924412,456.1186729999972,True
57886.970709,7.114861973286986,0.6249092654083572,456.9707090000011,True
57887.118673,4.383045521766144,0.14607793417672968,457.1186729999972,True
57887.970709,8.247591472982585,0.567207053088484,457.9707090000011,True
57888.118673,4.009925558047059,0.15004188911301156,458.1186729999972,True
57888.970709,7.375066799040652,0.5604289304609901,458.9707090000011,True
57889.118673,4.146341956771073,0.15141999071023463,459.1186729999972,True
57889.970709,7.57978023067597,0.5068261473499128,459.9707090000011,True
57890.118673,4.142994065334671,0.15186881980442854,460.1186729999972,True
57890.970709,6.5952773390393125,0.5909827828093218,460.9707090000011,True
57891.970709,7.613412323203822,0.47696134538244006,461.9707090000011,True
57892.970709,6.759495106007991,0.3659980034859466,462.9707090000011,True
57893.970709,7.689336005795377,0.36268362889255334,463.9707090000011,True
57894.970709,7.440343839603107,0.4121780809876836,464.9707090000011,True
57895.970709,7.258823743216813,0.3216743205043876,465.9707090000011,True
57896.970709,7.401810797686698,0.2606550608626757,466.9707090000011,True
57897.970709,7.049738188948427,0.22930005034516782,467.9707090000011,True
57898.118673,4.307455850122703,0.22029714418143415,468.1186729999972,True
57898.970709,7.66270296521661,0.46783704151587724,468.9707090000011,True
57899.118673,3.9405457794618695,0.20463577950222936,469.1186729999972,True
57899.970709,7.28603845389793,0.2786520885721771,469.9707090000011,True
57900.118673,4.263087968614479,0.20485663702822998,470.1186729999972,True
57900.970709,7.875657029717049,0.3940883483063677,470.9707090000011,True
57901.118673,4.3283220773171935,0.23103096365324516,471.1186729999972,True
57901.970709,8.9242731344984,1.2562404973382484,471.9707090000011,True
57902.118673,4.783992899145874,0.34296696258338827,472.1186729999972,True
57903.118673,5.270617349256964,0.33475009769273495,473.1186729999972,True
57903.970709,5.141839953918688,0.42133408068350253,473.9707090000011,True
57904.118673,4.680501387559099,0.42034248567129423,474.1186729999972,True
57904.970709,5.2375342892422,0.3603881629717666,474.9707090000011,True
57905.118673,4.927622714502136,0.28902438579460027,475.1186729999972,True
57905.970709,3.98086431221246,0.21044201128201073,475.9707090000011,True
57906.118673,3.7533252211276014,0.2950467071204824,476.1186729999972,True
57906.970709,4.607163203249994,0.21231193552357575,476.9707090000011,True
57907.118673,4.66333524207996,0.33843704498031096,477.1186729999972,True
57908.118673,5.004286025478991,0.35219164298106137,478.1186729999972,True
57908.970709,4.862314838291635,0.3236742575991848,478.9707090000011,True
57909.118673,4.233748951218576,0.20063398311430222,479.1186729999972,True
57909.970709,4.124265838280968,0.17479456377468158,479.9707090000011,True
57910.118673,4.540371380310778,0.27245766535539157,480.1186729999972,True
57910.970709,3.826454318602427,0.18555455367896384,480.9707090000011,True
57911.118673,4.187713223169604,0.2246681758315471,481.1186729999972,True
57912.118673,4.515120675679327,0.3577116366390373,482.1186729999972,True
57913.118673,3.9740519688429905,0.4110040237694333,483.1186729999972,True
57913.970709,4.292478764072394,0.141003072754235,483.9707090000011,True
57914.118673,4.138468320487203,0.3683757794331715,484.1186729999972,True
57915.970709,4.13507798296691,0.14265018253413708,485.9707090000011,True
57916.970709,4.132936527599279,0.14399041524503756,486.9707090000011,True
57917.970709,-4.6363297508722,3.42129306221476,487.9707090000011,True
57918.970709,3.2456596244072093,1.837524600046346,488.9707090000011,True
57920.970709,2.0091707404415593,0.6590642240216609,490.9707090000011,True
57921.970709,3.16433030305722,0.5526004295927909,491.9707090000011,True
57922.970709,3.055698082342216,0.5142634855129018,492.9707090000011,True
57923.970709,3.9537505058564575,0.5353358936347397,493.9707090000011,True
57924.970709,3.9167182838640535,0.2012820222626156,494.9707090000011,True
57926.970709,3.8877863081270663,0.1866830036120773,496.9707090000011,True
57927.970709,4.024333967247134,0.21043421823625338,497.9707090000011,True
57928.970709,3.886104638156432,0.31002556936050524,498.9707090000011,True
57929.970709,4.750144602285039,0.32875904449018045,499.9707090000011,True
57930.970709,4.484295394796551,0.4094934484244239,500.9707090000011,True
57931.970709,3.7222056947864472,0.2838167392037067,501.9707090000011,True
57933.970709,4.685760667478986,0.33413883844549747,503.9707090000011,True
57934.970709,3.677849967498369,0.31047751591629147,504.9707090000011,True
57935.970709,4.19510178881351,0.18241460655191363,505.9707090000011,True
57936.970709,3.5141541826065503,0.26585626817717717,506.9707090000011,True
57937.021043,7.177306605197592,0.8083685856775927,507.02104300000065,True
57937.970709,3.5322076266205196,0.2190380664133341,507.9707090000011,True
57938.015286,-15.975021835798833,11.771542505405067,508.01528600000165,True
57938.015286,-19.477164324722384,11.299160495271186,508.01528600000165,True
57938.021043,9.884149486854154,1.2077411352016958,508.02104300000065,True
57938.970709,3.7642449128011695,0.3352052808816816,508.9707090000011,True
57939.970709,3.5190902954725485,0.4046301645772868,509.9707090000011,True
57940.021043,17.189453082565628,13.74794539837898,510.02104300000065,True
57940.021043,8.524585932113347,1.8518804080038997,510.02104300000065,True
57940.970709,3.4325499766394953,0.35498767291192185,510.9707090000011,True
57941.021043,7.514547877366745,1.1033253640662497,511.02104300000065,True
57942.021043,7.416529243715898,0.5903523498414921,512.0210430000006,True
57943.021043,8.369411650354499,0.9982795918049137,513.0210430000006,True
57944.021043,7.7607068964110235,1.610737731555855,514.0210430000006,True
57945.021043,9.00402949337215,1.1906196926179125,515.0210430000006,True
57946.021043,7.887271614734531,0.5927531596840847,516.0210430000006,True
57947.021043,7.785786839154742,0.8738477322168955,517.0210430000006,True
57948.021043,8.295714691696904,0.9440328127939578,518.0210430000006,True
57949.021043,6.2918198878334035,0.864002682115555,519.0210430000006,True
57950.021043,8.072791592027857,0.8904596229952804,520.0210430000006,True
57951.021043,6.758056429219782,0.8036840853469348,521.0210430000006,True
57951.989541,7.732575688584625,0.6876015283051367,521.9895410000026,True
57952.021043,5.836593361276712,0.794028279045665,522.0210430000006,True
57952.989541,5.717525912776536,1.59381651887634,522.9895410000026,True
57953.021043,7.217209556015232,0.7270733422592781,523.0210430000006,True
57953.989541,-12.250262537501841,8.796078809389396,523.9895410000026,True
57953.989541,4.683596631287683,1.138354876909875,523.9895410000026,True
57954.021043,6.3569386035853475,0.8925542439959713,524.0210430000006,True
57954.989541,8.626319326008844,0.7201398427829672,524.9895410000026,True
57955.021043,7.158235270038369,0.71544201807366,525.0210430000006,True
57956.021043,6.8916803431936176,0.5530482165262027,526.0210430000006,True
57957.021043,7.7115836916571565,0.5469222774354159,527.0210430000006,True
57957.989541,6.868659987126714,1.0317143640030966,527.9895410000026,True
57958.021043,7.990170943905708,0.6236500441809913,528.0210430000006,True
57958.989541,7.855147197484419,0.8053109797309678,528.9895410000026,True
57959.021043,6.293616862709651,0.4739592475356243,529.0210430000006,True
57959.989541,8.013852937971487,0.3971274783178793,529.9895410000026,True
57960.021043,6.806622703089618,0.3821912667560418,530.0210430000006,True
57960.989541,8.523939517019258,0.5799477247190435,530.9895410000026,True
57961.021043,6.491659274875718,0.33681475673057604,531.0210430000006,True
57961.989541,6.444476026037421,0.6376325061894097,531.9895410000026,True
57962.021043,7.898025558728197,0.699509045867977,532.0210430000006,True
57962.989541,8.101009344301428,0.622019180134031,532.9895410000026,True
57963.021043,7.580925734185236,0.3851174803963927,533.0210430000006,True
57963.989541,8.10526378249365,0.5834170220354005,533.9895410000026,True
57964.021043,7.006210961736986,0.5445955919279816,534.0210430000006,True
57964.989541,7.447555890419066,0.5216007682957828,534.9895410000026,True
57965.021043,11.205747060656334,1.900928137887406,535.0210430000006,True
57965.989541,7.497627892244272,0.5303997167415854,535.9895410000026,True
57966.989541,7.888255103078269,0.5029621614743103,536.9895410000026,True
57967.021043,3.536870967116408,0.5513960119102947,537.0210430000006,True
57967.989541,7.567741071598566,0.5510280385276803,537.9895410000026,True
57968.021043,3.530752146628722,0.4861190894916918,538.0210430000006,True
57968.989541,8.117317398433588,0.4353992089158212,538.9895410000026,True
57969.021043,3.3093684357570403,0.26775898073659826,539.0210430000006,True
57969.989541,6.519894894997267,0.34562619810532463,539.9895410000026,True
57970.021043,3.401876918448697,0.3064906860200788,540.0210430000006,True
57971.021043,3.489088790642473,0.19830412260423444,541.0210430000006,True
57971.989541,7.370878503814761,0.4057698396787955,541.9895410000026,True
57972.021043,3.849976113677125,0.5059735521090702,542.0210430000006,True
57973.021043,3.521034599167257,0.24062751632677637,543.0210430000006,True
57974.021043,3.8202897154901683,0.25141306359491955,544.0210430000006,True
57976.021043,4.372032813123932,0.4638289261829477,546.0210430000006,True
57976.989541,6.789147922847374,0.2318198047785339,546.9895410000026,True
57977.021043,4.087922811350303,0.1785570472806952,547.0210430000006,True
57978.021043,4.390078501206417,0.21755634945701732,548.0210430000006,True
57978.989541,9.628459321538465,1.059592758936102,548.9895410000026,True
57979.021043,4.166456195707076,0.19526903159072234,549.0210430000006,True
57980.021043,4.396108765008719,0.1967086755413873,550.0210430000006,True
57982.989541,4.1343490839736985,0.18358217622379386,552.9895410000026,True
57983.989541,3.6351174651937175,0.20941218818566468,553.9895410000026,True
57984.989541,4.1033050995936415,0.145744755595413,554.9895410000026,True
57988.021043,4.600798889480086,0.3052854634893242,558.0210430000006,True
57989.021043,4.280433385737051,0.2978118646707704,559.0210430000006,True
57989.989541,3.940217761460835,0.3214416354405903,559.9895410000026,True
57990.021043,3.453339686817854,0.26539956965127115,560.0210430000006,True
57990.989541,3.9419229519646892,0.12718383472682665,560.9895410000026,True
57991.021043,3.753846587674591,0.2960471961743516,561.0210430000006,True
57991.989541,3.8044849374944283,0.14363284411286534,561.9895410000026,True
57992.021043,4.0950471894558635,0.49016793115649987,562.0210430000006,True
57992.989541,3.975773210593762,0.1416042421094649,562.9895410000026,True
57993.021043,4.046195850984881,0.44015518997517894,563.0210430000006,True
57993.989541,3.676994816928147,0.1327594981071825,563.9895410000026,True
57994.021043,3.782570432445789,0.5616108004603292,564.0210430000006,True
57995.021043,3.490924919720286,0.343245176770376,565.0210430000006,True
57996.021043,3.911416642531703,0.4141307886781378,566.0210430000006,True
57997.021043,4.255940013997641,0.4249618113115555,567.0210430000006,True
57998.021043,3.2625382638271962,0.4804442880354634,568.0210430000006,True
57999.021043,4.132162124325259,0.2879765701497524,569.0210430000006,True
58000.021043,4.235806919588617,0.3311200811890689,570.0210430000006,True
58001.021043,3.658214837409097,0.31877143325025004,571.0210430000006,True
58001.989541,4.779355522132406,0.20731120726126537,571.9895410000026,True
58002.021043,3.758269774104526,0.49653402569104704,572.0210430000006,True
58002.989541,4.411700323332982,0.18342210476574408,572.9895410000026,True
58003.021043,3.556454297633406,0.5200189947799352,573.0210430000006,True
58003.989541,4.308253211423853,0.1778650276350091,573.9895410000026,True
58004.021043,3.6800270971838063,0.4566155724141349,574.0210430000006,True
58005.989541,3.8428102356349294,0.30381376378133296,575.9895410000026,True
58007.989541,4.075725268691009,0.37833132016213705,577.9895410000026,True
58008.989541,3.8753717709892026,0.23618208950464964,578.9895410000026,True
58010.989541,3.8915268512634573,0.2879798378325009,580.9895410000026,True
58011.989541,4.898171140840541,0.29364549973226134,581.9895410000026,True
58012.989541,4.711869560401255,0.16143471838916337,582.9895410000026,True
58013.989541,4.493861536555178,0.2460520766425342,583.9895410000026,True
58014.989541,4.4437491514740515,0.2126036556496621,584.9895410000026,True
58015.989541,4.232297444038218,1.0113918100517998,585.9895410000026,True
58016.989541,4.086143975325563,0.35649653826418226,586.9895410000026,True
58017.989541,4.673992581337187,0.3034637478149913,587.9895410000026,True
58141.373476,5.700761591034078,0.7040831057176407,711.3734760000007,True
58142.344464,6.122586990512807,0.4636644842530804,712.3444640000016,True
58142.373476,6.177435037337626,1.0887424059486086,712.3734760000007,True
58143.344464,6.247010907263825,0.7303067174322532,713.3444640000016,True
58143.373476,8.692009994390332,2.658996516963079,713.3734760000007,True
58144.344464,5.600051130378847,1.797138257641571,714.3444640000016,True
58144.373476,-16.322521245552487,13.063805935426473,714.3734760000007,True
58144.373476,4.815035544910266,1.9097761199567045,714.3734760000007,True
58145.344464,-8.862143292403708,8.915531731492214,715.3444640000016,True
58145.344464,7.446943315305331,1.2838765312777354,715.3444640000016,True
58145.373476,5.940464430888666,1.0788761718730007,715.3734760000007,True
58146.344464,6.599259027804935,0.7041367351655674,716.3444640000016,True
58146.373476,5.856786117168392,0.5574233865076371,716.3734760000007,True
58147.344464,6.13869594714888,0.36979936520969886,717.3444640000016,True
58147.373476,6.1448759709456295,0.9791777360549029,717.3734760000007,True
58148.344464,6.300597621081587,0.6577682501742854,718.3444640000016,True
58148.373476,5.705700326478325,1.71320732145004,718.3734760000007,True
58149.344464,5.6755209267149676,1.1503264235381465,719.3444640000016,True
58149.373476,6.198582562024776,1.3404327665234776,719.3734760000007,True
58150.344464,7.4028694122621435,0.8920448646236633,720.3444640000016,True
58150.373476,6.340873863158867,0.5996086278671307,720.3734760000007,True
58151.344464,6.397921151967787,0.3824371893542093,721.3444640000016,True
58151.373476,6.242998759083322,0.9149787765232107,721.3734760000007,True
58152.344464,5.82645345583573,0.5911652822571295,722.3444640000016,True
58152.373476,8.294409965116584,1.0745054708261144,722.3734760000007,True
58153.344464,5.951205202767461,0.6906633284863507,723.3444640000016,True
58153.373476,5.616854560588343,1.0381366770584994,723.3734760000007,True
58154.344464,5.980025910401781,0.663983904140551,724.3444640000016,True
58154.373476,5.488005230950795,0.8828827785532621,724.3734760000007,True
58155.344464,5.970036858309666,0.5422855807787302,725.3444640000016,True
58155.373476,5.431082453918076,0.8253048425819931,725.3734760000007,True
58156.344464,6.120919739449157,0.5138308086644334,726.3444640000016,True
58156.373476,7.454679133087447,0.8876076892410203,726.3734760000007,True
58157.344464,6.324393495765188,0.5516995078681401,727.3444640000016,True
58157.373476,6.523624091344513,0.8520088855704381,727.3734760000007,True
58158.344464,6.461800317334866,0.527112073196828,728.3444640000016,True
58158.373476,6.601878557659758,0.8227202996428419,728.3734760000007,True
58159.344464,6.437890389825543,0.49995545235897354,729.3444640000016,True
58159.373476,5.382815454353974,0.6758863295743952,729.3734760000007,True
58160.344464,5.956659573017222,0.41648127093791193,730.3444640000016,True
58160.373476,6.747457221010351,0.565086101523843,730.3734760000007,True
58161.344464,5.586495812103316,0.34770967820107007,731.3444640000016,True
58161.373476,6.023540526894627,0.5893319286094331,731.3734760000007,True
58162.344464,6.028175461449165,0.3633788690757339,732.3444640000016,True
58162.373476,6.51345581668553,0.6636374699484533,732.3734760000007,True
58163.344464,6.0592396727115405,0.4052571803740844,733.3444640000016,True
58163.373476,5.559780076653329,0.4197031443058962,733.3734760000007,True
58164.344464,5.699558512092628,0.2725679491066338,734.3444640000016,True
58164.373476,5.887389470698169,0.3641459163886258,734.3734760000007,True
58165.344464,5.660665837876789,0.23798269758053775,735.3444640000016,True
58165.373476,5.502413136226473,0.3409712531114552,735.3734760000007,True
58166.344464,5.858486326188456,0.2207099578246843,736.3444640000016,True
58166.373476,5.976973217185511,0.6986666022157878,736.3734760000007,True
58167.344464,6.185618428377765,0.4442486192545725,737.3444640000016,True
58167.373476,5.390735928769189,0.37028725719507233,737.3734760000007,True
58168.373476,5.50567871386539,0.5593512040477474,738.3734760000007,True
58169.344464,5.939266700769285,0.3795597456038287,739.3444640000016,True
58169.373476,4.483707885678962,1.620002797312913,739.3734760000007,True
58170.344464,6.0720165420039836,1.0206954040873266,740.3444640000016,True
58171.373476,4.3262779354399,0.5896774944103196,741.3734760000007,True
58172.344464,4.136059388855926,0.36403074352508014,742.3444640000016,True
58172.373476,4.413500680649453,0.5258022804706056,742.3734760000007,True
58173.344464,4.150295842524007,0.3221222288135285,743.3444640000016,True
58173.373476,4.7962521621940395,0.30756909341216954,743.3734760000007,True
58174.344464,5.243516379904524,0.19437407423825606,744.3444640000016,True
58174.373476,4.994216434875514,0.3213676506232746,744.3734760000007,True
58175.344464,5.066079738467224,0.20235193379770716,745.3444640000016,True
58175.373476,5.00708052562179,0.24129926423081624,745.3734760000007,True
58176.344464,5.15098263229035,0.15460701948170844,746.3444640000016,True
58176.373476,4.474610645886076,0.4376357929426364,746.3734760000007,True
58177.344464,4.552934725159928,0.2833373567731521,747.3444640000016,True
58177.373476,4.565052129538861,0.23559267291370128,747.3734760000007,True
58178.344464,4.739846693313542,0.1544651960313219,748.3444640000016,True
58178.373476,5.375824567483256,0.24401553986021005,748.3734760000007,True
58179.344464,5.1425970830694965,0.1601769375335021,749.3444640000016,True
58179.373476,4.680375299830114,0.2650112937644193,749.3734760000007,True
58180.344464,4.487050815025627,0.17399203632403704,750.3444640000016,True
58180.373476,3.778287117087174,0.48132488086240094,750.3734760000007,True
58181.344464,4.182183092134122,0.3065514612453111,751.3444640000016,True
58181.373476,4.987344404998581,0.21579872264269417,751.3734760000007,True
58182.344464,4.848371276813343,0.14131537191869628,752.3444640000016,True
58182.373476,4.690337869706416,0.22256067226535065,752.3734760000007,True
58183.344464,4.771987347105537,0.14503756630467812,753.3444640000016,True
58183.373476,5.153663042686129,0.22399216479133538,753.3734760000007,True
58184.344464,5.1584904600307695,0.14771897074600998,754.3444640000016,True
58184.373476,5.227531884467842,0.22160108143648405,754.3734760000007,True
58185.344464,5.148747838873933,0.14767817908134828,755.3444640000016,True
58188.052028,6.769531644635623,0.5083136568107844,758.0520279999982,True
58188.056171,6.325537774866007,0.5101870486663524,758.0561709999965,True
58189.052028,5.523421860031345,0.7480605601030768,759.0520279999982,True
58189.056171,7.064647337293103,0.7638950684311084,759.0561709999965,True
58190.052028,9.8878806878945,1.775676518549686,760.0520279999982,True
58190.056171,7.768816343874646,1.8095634750105565,760.0561709999965,True
58191.052028,7.262302936645036,1.2791822843626433,761.0520279999982,True
58191.052028,-17.947080986150823,9.702835081715339,761.0520279999982,True
58191.056171,7.955799680901333,1.3057830168814992,761.0561709999965,True
58192.052028,6.834860334394425,0.7290304581259668,762.0520279999982,True
58192.056171,5.284337018575296,0.7574804272235655,762.0561709999965,True
58192.373476,4.8547203346155285,0.29612574012599097,762.3734760000007,True
58193.052028,6.794906223658082,0.3740635475119248,763.0520279999982,True
58193.056171,6.344798091756464,0.387329892452183,763.0561709999965,True
58193.344464,4.876750049033672,0.20383283130050592,763.3444640000016,True
58193.373476,5.45363164050069,0.27741860829425957,763.3734760000007,True
58194.052028,6.634049581239385,0.6266239201470943,764.0520279999982,True
58194.056171,6.933035149500424,0.6527851573699353,764.0561709999965,True
58194.344464,4.677750277210451,0.18635217033708185,764.3444640000016,True
58194.373476,5.119076856144511,0.27550798113717856,764.3734760000007,True
58195.052028,7.550152944573656,1.0590863777419544,765.0520279999982,True
58195.056171,6.221557508479873,1.099091628591054,765.0561709999965,True
58195.344464,5.03949999976609,0.18528503181083478,765.3444640000016,True
58195.373476,4.8879083534053445,0.30200288159613253,765.3734760000007,True
58196.052028,7.955811069950789,0.831068315244556,766.0520279999982,True
58196.056171,6.238532715066261,0.8557743309412633,766.0561709999965,True
58196.344464,4.899075263571183,0.20609153094953825,766.3444640000016,True
58196.373476,3.91434011806176,0.4464970555695922,766.3734760000007,True
58197.052028,6.270360476133251,0.3892926575372553,767.0520279999982,True
58197.056171,5.323816190574114,0.38390621825057625,767.0561709999965,True
58197.344464,4.629638942330079,0.299860796594587,767.3444640000016,True
58197.373476,3.8009371105053043,0.45588170463188443,767.3734760000007,True
58198.052028,5.328019982560112,0.567608411427149,768.0520279999982,True
58198.056171,6.0732397216736205,0.5634953069965175,768.0561709999965,True
58198.344464,4.677128641378906,0.28101783928232393,768.3444640000016,True
58198.373476,5.583048954266821,0.5856171807512762,768.3734760000007,True
58199.052028,6.92133254716785,0.6414204220677622,769.0520279999982,True
58199.056171,5.527379503933973,0.6296357948906642,769.0561709999965,True
58199.344464,5.017514033951241,0.35201663407398354,769.3444640000016,True
58199.373476,5.108358684421388,0.40175461787982875,769.3734760000007,True
58200.052028,5.889821363471877,0.6267255043216782,770.0520279999982,True
58200.056171,6.7808854096664035,0.6137831128056485,770.0561709999965,True
58200.344464,5.350361084821742,0.24751637914365357,770.3444640000016,True
58200.373476,4.954476346795727,0.416880204702557,770.3734760000007,True
58201.052028,6.621284678206945,0.5978491066868636,771.0520279999982,True
58201.056171,6.49716875020436,0.5498624252207481,771.0561709999965,True
58202.052028,5.543577956406739,0.5374785118902787,772.0520279999982,True
58202.056171,4.880090968755886,0.49085875410218427,772.0561709999965,True
58202.344464,4.011129120058266,0.2967631294471197,772.3444640000016,True
58202.373476,4.155366948371394,0.4374494640871261,772.3734760000007,True
58203.052028,6.162375412441887,0.5572863383275644,773.0520279999982,True
58203.056171,5.8509096143289865,0.5084015718076026,773.0561709999965,True
58203.344464,5.119548745000065,0.2912670626627791,773.3444640000016,True
58203.373476,5.367767116647242,0.25109613516891754,773.3734760000007,True
58204.052028,5.794618756147433,0.5374160355317693,774.0520279999982,True
58204.056171,5.750182918577999,0.4894382109097001,774.0561709999965,True
58204.344464,5.010004813240339,0.16861204855010428,774.3444640000016,True
58204.373476,3.680689429602412,0.3996845927900678,774.3734760000007,True
58205.052028,6.035216053978392,0.5965417037528544,775.0520279999982,True
58205.056171,6.897891097902875,0.5360884384919362,775.0561709999965,True
58205.344464,4.793925044655829,0.25385372785315113,775.3444640000016,True
58205.373476,4.9062224251129765,0.3319083552260803,775.3734760000007,True
58206.052028,5.414345350983822,0.4720885431760089,776.0520279999982,True
58206.056171,6.017712918309566,0.42278725026388164,776.0561709999965,True
58206.344464,4.660910514747982,0.20952050049206927,776.3444640000016,True
58206.373476,4.578855488443521,0.5200362378978435,776.3734760000007,True
58207.052028,5.999256368849326,0.3808138619445808,777.0520279999982,True
58207.056171,5.420974893385763,0.3396072556065045,777.0561709999965,True
58207.344464,4.411551604937512,0.33719699378056245,777.3444640000016,True
58207.373476,4.675176479979083,0.5725483860531411,777.3734760000007,True
58208.052028,6.07220733971727,0.39883611841794525,778.0520279999982,True
58208.056171,5.298173269109521,0.35549948033302037,778.0561709999965,True
58208.344464,4.6026463581374175,0.3444081846239048,778.3444640000016,True
58208.373476,4.316976407437197,0.5166592016609514,778.3734760000007,True
58209.052028,6.124603734062199,0.46703262659176586,779.0520279999982,True
58209.056171,6.126141711976333,0.4175610036871496,779.0561709999965,True
58209.344464,4.690220589241732,0.3182718050278888,779.3444640000016,True
58210.052028,5.5027651885136155,0.3154210747084188,780.0520279999982,True
58210.056171,5.824623428012002,0.28746538762055907,780.0561709999965,True
58211.052028,5.591260644155958,0.25556534665648156,781.0520279999982,True
58211.056171,5.845746354465671,0.24060467156554693,781.0561709999965,True
58212.052028,5.676985984223398,0.23844434238310214,782.0520279999982,True
58212.056171,5.502413136226473,0.2248664542055635,782.0561709999965,True
58213.052028,5.867455542400881,0.503781304009294,783.0520279999982,True
58213.056171,6.758199297315865,0.47935043809579975,783.0561709999965,True
58214.052028,5.748222361727333,0.26741234046170276,784.0520279999982,True
58215.052028,6.511330432181755,0.37933273618660157,785.0520279999982,True
58215.056171,5.5102189022099335,0.3809218021071918,785.0561709999965,True
58216.052028,5.952443191913302,1.2144618569451184,786.0520279999982,True
58216.056171,8.410179761247077,1.142429718336274,786.0561709999965,True
58218.052028,3.7484891001910787,0.3630796507921605,788.0520279999982,True
58219.052028,4.182690284139444,0.321919763553432,789.0520279999982,True
58219.056171,3.7595378905377643,0.34115396326259934,789.0561709999965,True
58220.052028,4.628378193080184,0.19005731503247122,790.0520279999982,True
58220.056171,4.845415253148811,0.19293515450299445,790.0561709999965,True
58221.052028,4.305841632049669,0.19756104689159337,791.0520279999982,True
58221.056171,4.477304952900062,0.21231193552357575,791.0561709999965,True
58222.056171,4.8570362558637195,0.13723347245708967,792.0561709999965,True
58223.052028,4.774200249108554,0.31799576185183065,793.0520279999982,True
58223.056171,5.069873648367338,0.3389474530575855,793.0561709999965,True
58224.056171,5.095135643594689,0.157125113306154,794.0561709999965,True
58225.052028,4.658675738757249,0.1767186225513942,795.0520279999982,True
58225.056171,4.364829657072953,0.17343083422485667,795.0561709999965,True
58225.980698,5.138744034363678,0.4976977696292324,795.9806979999994,True
58226.056171,4.801594976788602,0.17597753103283995,796.0561709999965,True
58226.980698,7.318479304127309,0.7427823906603994,796.9806979999994,True
58227.052028,3.869489434033258,0.3112046406813358,797.0520279999982,True
58227.056171,3.6870848001410876,0.3307479943126398,797.0561709999965,True
58227.980698,6.438188520177744,1.745178257734901,797.9806979999994,True
58228.052028,4.721109367295401,0.14264264336765642,798.0520279999982,True
58228.056171,4.785911443921102,0.12655923639790423,798.0561709999965,True
58228.980698,-4.882189115068871,10.039475134914186,798.9806979999994,True
58228.980698,5.57785066861276,1.2510168028720894,798.9806979999994,True
58229.052028,4.656097766280977,0.1486371669211986,799.0520279999982,True
58229.056171,4.546353845045598,0.15197338212675424,799.0561709999965,True
58229.980698,6.70994718882528,0.7205843735501171,799.9806979999994,True
58230.052028,4.667703029992284,0.1511786198430026,800.0520279999982,True
58230.056171,4.7401142901618964,0.1313862087299751,800.0561709999965,True
58230.980698,5.425629906609998,0.3676672740585857,800.9806979999994,True
58231.052028,4.492493501639565,0.14985731225735,801.0520279999982,True
58231.056171,4.604802673018115,0.13778826697487886,801.0561709999965,True
58231.980698,7.336665666652826,0.6216408273427436,801.9806979999994,True
58232.977568,6.3917309537627425,0.7580992375531846,802.9775680000021,True
58232.980698,6.6349451005872355,1.0478568336439613,802.9806979999994,True
58233.977568,6.878951739628003,1.1151332531619949,803.9775680000021,True
58233.980698,6.41935972356982,0.8147728580828981,803.9806979999994,True
58234.977568,12.61803981342541,2.590093038825973,804.9775680000021,True
58234.980698,5.172016537949524,0.38341654195178726,804.9806979999994,True
58235.977568,6.3844787635227815,1.8338857948293794,805.9775680000021,True
58235.977568,-6.169022866812876,14.41036614822188,805.9775680000021,True
58235.980698,6.137927636809917,0.5653648999195319,805.9806979999994,True
58236.977568,5.478596963819837,1.0730972719000504,806.9775680000021,True
58236.980698,5.87165896932205,0.634265469853096,806.9806979999994,True
58237.977568,6.463247600151626,0.5545805983061531,807.9775680000021,True
58237.980698,7.104837391249449,0.6212347927694227,807.9806979999994,True
58238.977568,5.796474732374779,0.9276857770766127,808.9775680000021,True
58238.980698,6.31893250475879,0.5935194812914247,808.9806979999994,True
58239.052028,4.468620602971225,0.21078958322202485,809.0520279999982,True
58239.056171,4.880228424994431,0.19629635005219356,809.0561709999965,True
58239.977568,7.679994548206699,1.5433604669678977,809.9775680000021,True
58239.980698,6.226996579633662,0.5324111469133119,809.9806979999994,True
58240.052028,4.830113686920015,0.19279831459402494,810.0520279999982,True
58240.056171,4.676578250981916,0.193735935576853,810.0561709999965,True
58240.977568,5.935752607804487,1.185888753441947,810.9775680000021,True
58240.980698,5.421771199664466,0.548556915734714,810.9806979999994,True
58241.052028,5.112624678600314,0.19388793520309638,811.0520279999982,True
58241.056171,5.159940647257753,0.1649606725466167,811.0561709999965,True
58241.977568,4.9100397180974085,0.5721867551349469,811.9775680000021,True
58241.980698,4.845688224863955,0.5290440661346297,811.9806979999994,True
58242.052028,5.102561182148692,0.2158935965395524,812.0520279999982,True
58242.056171,5.0144666686181845,0.20038399908699836,812.0561709999965,True
58242.977568,7.234630845450121,0.839447222433432,812.9775680000021,True
58242.980698,5.861152341934023,0.5913302153682926,812.9806979999994,True
58243.052028,4.774581072510765,0.31830797679940154,813.0520279999982,True
58243.056171,4.819757840359291,0.31247264428563365,813.0561709999965,True
58243.977568,6.0374855088855,0.9293020288225853,813.9775680000021,True
58243.980698,5.004456694795788,0.46463602215440825,813.9806979999994,True
58244.052028,4.194099976922946,0.2877577741351978,814.0520279999982,True
58244.056171,4.703339499140083,0.3276357220147014,814.0561709999965,True
58244.977568,5.989438558777075,0.8918484335591339,814.9775680000021,True
58244.980698,5.3885652030075,0.3734059327152637,814.9806979999994,True
58245.052028,3.953385061439067,0.3670206217558255,815.0520279999982,True
58245.056171,4.396579774502705,0.3838712540754326,815.0561709999965,True
58245.977568,5.53490950606805,0.8810787679718289,815.9775680000021,True
58245.980698,5.3537924837639705,0.3909567296752316,815.9806979999994,True
58245.997925,5.602408518616758,0.7215680963696086,815.9979250000033,True
58246.052028,4.1449440651060545,0.25042653459150593,816.0520279999982,True
58246.056171,5.0317756463200105,0.25226452750593903,816.0561709999965,True
58246.977568,5.696612378711136,0.7894954634114277,816.9775680000021,True
58246.980698,5.9062108702552925,0.46036805563052197,816.9806979999994,True
58246.997925,5.38283061942185,1.0681095617635976,816.9979250000033,True
58247.052028,4.827315855666341,0.26016349131066396,817.0520279999982,True
58247.056171,4.854810015910532,0.29848347715100637,817.0561709999965,True
58247.977568,5.754187612000205,0.8034560554459433,817.9775680000021,True
58247.980698,5.197459658475145,0.30033971720049457,817.9806979999994,True
58247.997925,7.369627996765575,2.5144121693966923,817.9979250000033,True
58248.052028,4.463375198938637,0.2984450363520467,818.0520279999982,True
58248.056171,4.601665322232636,0.31432971267635723,818.0561709999965,True
58248.977568,5.757588891506239,0.7644252057234394,818.9775680000021,True
58248.980698,5.228811299169396,0.2509383337417594,818.9806979999994,True
58248.997925,7.361664496347822,1.805720313338826,818.9979250000033,True
58249.052028,4.92378507851189,0.3379210205641664,819.0520279999982,True
58249.056171,5.093934807328715,0.293462543034609,819.0561709999965,True
58249.977568,4.992223511948066,0.88317356490376,819.9775680000021,True
58249.980698,5.282118828039876,0.2341492961228602,819.9806979999994,True
58249.997925,7.58656186164504,1.0957683410246999,819.9979250000033,True
58250.052028,4.760454564567625,0.18506469768826114,820.0520279999982,True
58250.056171,4.9040011677864435,0.1898127776408836,820.0561709999965,True
58250.977568,5.056051071099177,0.6956641738240277,820.9775680000021,True
58250.980698,5.524861790510504,0.4964801256903184,820.9806979999994,True
58250.997925,6.456140629647917,0.5619244678266533,820.9979250000033,True
58251.052028,4.781922504331803,0.24650217190468518,821.0520279999982,True
58251.056171,4.993467277542762,0.2379503619238166,821.0561709999965,True
58251.977568,4.874640112723628,0.5514277320072896,821.9775680000021,True
58251.980698,5.231506163870802,0.2464939203672088,821.9806979999994,True
58251.997925,5.86416174296721,0.9405587668211853,821.9979250000033,True
58252.052028,4.99737657759833,0.20590114443750376,822.0520279999982,True
58252.056171,4.5027312501410455,0.22372982426184493,822.0561709999965,True
58252.977568,5.80106366827683,0.5694017100249221,822.9775680000021,True
58252.980698,5.112952422062386,0.3727494630870137,822.9806979999994,True
58252.997925,5.851684399752232,1.5805583317924992,822.9979250000033,True
58253.052028,4.6764494204886935,0.3543257247109397,823.0520279999982,True
58253.056171,4.83976987819694,0.3148898093130948,823.0561709999965,True
58253.977568,5.257696849795815,0.661074173424898,823.9775680000021,True
58253.980698,5.943079013894152,1.1978944650650842,823.9806979999994,True
58253.997925,8.083966955628602,1.2305698456593965,823.9979250000033,True
58254.052028,4.730123541980344,0.36045272672827305,824.0520279999982,True
58254.056171,4.982880027186145,0.34968310257602586,824.0561709999965,True
58254.977568,4.945490636696409,0.4489462643517497,824.9775680000021,True
58254.997925,5.291987231152829,0.5655761251012952,824.9979250000033,True
58255.052028,4.629365559599689,0.3205031561147637,825.0520279999982,True
58255.056171,4.073556288869023,0.347279369157263,825.0561709999965,True
58255.977568,5.162490780725047,0.3696983318862923,825.9775680000021,True
58255.980698,3.4251175709983226,0.3616530116927804,825.9806979999994,True
58255.997925,6.744049662451161,0.8286035834799488,825.9979250000033,True
58256.977568,5.340309777372185,0.34013995383527934,826.9775680000021,True
58256.980698,4.401352765043665,0.32617153401545845,826.9806979999994,True
58256.997925,6.011811856821108,0.9246723538601535,826.9979250000033,True
58257.977568,6.675920633952029,0.7219742099263627,827.9775680000021,True
58257.980698,4.491680818230331,0.18849848531927116,827.9806979999994,True
58257.997925,6.688719894324979,0.8961625640644768,827.9979250000033,True
58258.977568,5.5874315207024905,0.36201355372486205,828.9775680000021,True
58258.980698,4.6651581500082155,0.1993261104885827,828.9806979999994,True
58258.997925,6.6386031797887,0.8002590939236353,828.9979250000033,True
58259.977568,5.285479579155036,0.5389203564973023,829.9775680000021,True
58259.980698,4.412168157809087,0.14960554382310598,829.9806979999994,True
58259.997925,4.204442305160312,0.7114580427661387,829.9979250000033,True
58260.977568,6.36086541782545,1.818811499873324,830.9775680000021,True
58260.980698,4.919099795765176,0.31779995165364605,830.9806979999994,True
58260.997925,5.768853041956193,0.7315256132808566,830.9979250000033,True
58261.074484,6.527239631315495,0.6307085913745606,831.074483999997,True
58261.082764,5.223046667864238,0.6831635633304646,831.0827639999989,True
58261.980698,4.576451775002426,0.17251463468196837,831.9806979999994,True
58261.997925,5.07430738917046,0.7000254411300579,831.9979250000033,True
58262.074484,6.458137684970916,1.0018925269372825,832.074483999997,True
58262.082764,7.523848078806025,1.0206060367795022,832.0827639999989,True
58262.977568,4.328655667272199,0.5269053740376081,832.9775680000021,True
58262.980698,3.991871168781348,0.17569118869935124,832.9806979999994,True
58262.997925,4.458219668809955,0.7501068948179453,832.9979250000033,True
58263.074484,8.08896901286481,2.4522860825517605,833.074483999997,True
58263.082764,2.9026493960934463,2.3099608654160986,833.0827639999989,True
58263.977568,3.905312877807243,0.47822294434792856,833.9775680000021,True
58263.980698,4.2278915056661015,0.1921749878678104,833.9806979999994,True
58263.997925,5.632188273153687,0.5930486920650652,833.9979250000033,True
58264.074484,5.634181631593867,1.7149648729803755,834.074483999997,True
58264.074484,-34.300186022026736,12.754314273614623,834.074483999997,True
58264.082764,5.233605894839327,1.599173449074766,834.0827639999989,True
58264.977568,4.721907975872189,0.27147619005269075,834.9775680000021,True
58264.980698,4.195211994554992,0.30636533406787003,834.9806979999994,True
58264.997925,5.5200559468278785,0.47457046625312493,834.9979250000033,True
58265.074484,3.9907524861688546,0.9086208880545585,835.074483999997,True
58265.082764,3.88851040972436,1.0241988875135533,835.0827639999989,True
58265.977568,4.300798593201128,0.2932527090426587,835.9775680000021,True
58265.980698,4.589162970310541,0.138660829020776,835.9806979999994,True
58265.997925,5.796428733722293,0.4933887833305087,835.9979250000033,True
58266.074484,5.856786117168392,0.48587988343695865,836.074483999997,True
58266.082764,5.911272891030166,0.546526031735282,836.0827639999989,True
58266.977568,4.476222144313995,0.214975708132909,836.9775680000021,True
58266.980698,4.253118087504662,0.14380843438684196,836.9806979999994,True
58266.997925,6.093331516474826,0.5759727288428635,836.9979250000033,True
58267.074484,3.947747301960688,0.8749480448972351,837.074483999997,True
58267.082764,5.642829370907301,0.9227026842722618,837.0827639999989,True
58267.977568,4.599929172724238,0.4713151470303916,837.9775680000021,True
58267.980698,4.526903357440259,0.14715577205580188,837.9806979999994,True
58267.997925,5.521157087913523,0.40131124490598846,837.9979250000033,True
58268.074484,7.936168522942163,1.5454660064862713,838.074483999997,True
58268.082764,6.189974415704268,1.5026533696126727,838.0827639999989,True
58268.977568,4.665748997800362,0.25145717951716423,838.9775680000021,True
58268.980698,4.509256064531886,0.14516379464750012,838.9806979999994,True
58268.997925,5.271996753040136,0.3275925143623216,838.9979250000033,True
58269.074484,6.467720435146353,1.1716959359140515,839.074483999997,True
58269.082764,5.546764275558457,1.119655604978434,839.0827639999989,True
58269.977568,4.496341190134456,0.25202952390614536,839.9775680000021,True
58269.997925,5.233626370262952,0.30536393411525675,839.9979250000033,True
58270.074484,4.91983324407319,0.5232191252560469,840.074483999997,True
58270.082764,5.647002547774854,0.5761041655252589,840.0827639999989,True
58270.977568,4.79010000742185,0.2744162687008538,840.9775680000021,True
58270.997925,5.538902518046995,0.6467159103307715,840.9979250000033,True
58271.074484,6.515211488674208,0.8267339905569345,841.074483999997,True
58271.082764,5.171722014196113,0.8461777569562835,841.0827639999989,True
58271.977568,4.450206227649147,0.4515445324718425,841.9775680000021,True
58271.997925,5.674851783783958,0.3617013384995711,841.9979250000033,True
58272.074484,4.388479463175858,0.9646559103538792,842.074483999997,True
58272.082764,5.171736290910837,0.9145712448512128,842.0827639999989,True
58272.977568,4.592285961955153,0.1974511467305983,842.9775680000021,True
58272.997925,6.325182710055475,0.5277968950531707,842.9979250000033,True
58273.074484,5.944728478994428,0.9177332165911933,843.074483999997,True
58273.082764,5.292902579005298,0.847138353776486,843.0827639999989,True
58273.977568,4.621857662855539,0.21176187041578926,843.9775680000021,True
58273.997925,7.452152317749444,1.5911899418693753,843.9979250000033,True
58274.074484,6.613347031648639,0.798815885458489,844.074483999997,True
58274.082764,6.415266669807306,0.8352568992034336,844.0827639999989,True
58274.977568,4.283923351093336,0.2133718466331255,844.9775680000021,True
58275.074484,5.2598055176965985,0.7675368818445713,845.074483999997,True
58275.082764,5.626682742028995,0.7486187192638954,845.0827639999989,True
58275.977568,4.323191616427122,0.20743671579247275,845.9775680000021,True
58275.997925,4.499852359197776,0.5214365908233188,845.9979250000033,True
58276.074484,4.885784652463456,0.8237083158613561,846.074483999997,True
58276.082764,6.044702795890264,0.741302566584849,846.0827639999989,True
58276.980698,4.032664149222702,0.2105576914913076,846.9806979999994,True
58276.997925,3.7494146275329396,0.483284575850341,846.9979250000033,True
58277.074484,6.252823081229343,0.775051166881347,847.074483999997,True
58277.082764,5.535731702482039,0.6768415258764405,847.0827639999989,True
58277.980698,4.364819274191577,0.1905714647598082,847.9806979999994,True
58277.997925,3.9940544097856914,0.27147619005269075,847.9979250000033,True
58278.074484,5.406015689682282,0.7612247367050111,848.074483999997,True
58278.082764,4.340092598759885,0.7660887925306022,848.0827639999989,True
58278.980698,4.663122976354645,0.19227489081704735,848.9806979999994,True
58278.997925,4.1419428694720875,0.3032127107685271,848.9979250000033,True
58279.074484,4.869738045559162,0.641776714129377,849.074483999997,True
58279.082764,5.798436819020162,0.6062339215648201,849.0827639999989,True
58279.980698,3.8878495096646577,0.21043421823625338,849.9806979999994,True
58279.997925,4.114711973902736,0.21664286668577648,849.9979250000033,True
58280.074484,5.221886795347866,0.5366118735486555,850.074483999997,True
58280.082764,5.198737016506251,0.4676255326006402,850.0827639999989,True
58280.980698,3.6056322044301705,0.31811974026669915,850.9806979999994,True
58280.997925,4.421741892376229,0.42060030570057405,850.9979250000033,True
58281.074484,3.8497562208165754,0.5457635437967815,851.074483999997,True
58281.082764,6.065254937885465,0.4655791760032841,851.0827639999989,True
58281.980698,4.7445279899076445,0.2894427578484162,851.9806979999994,True
58281.997925,4.437756088529038,0.22352804813142707,851.9979250000033,True
58282.074484,4.519467451011904,0.5972480899883724,852.074483999997,True
58282.082764,4.821936440791423,0.530602380375936,852.0827639999989,True
58282.980698,4.451979113635661,0.371868063929959,852.9806979999994,True
58282.997925,3.856249900311673,0.22028181787801687,852.9979250000033,True
58283.074484,4.875601418976759,0.3992881359719986,853.074483999997,True
58283.082764,4.507763430978603,0.38439069745807325,853.0827639999989,True
58283.977568,3.4911969579978095,0.30145924993248885,853.9775680000021,True
58283.980698,4.5339858986610535,0.251651863201128,853.9806979999994,True
58283.997925,4.637530414008579,0.24317085196758823,853.9979250000033,True
58284.074484,5.242692337913564,0.34779713742327456,854.074483999997,True
58284.082764,5.332147920931523,0.3097013977587296,854.0827639999989,True
58284.977568,4.206595733339339,0.2809346869798649,854.9775680000021,True
58284.980698,5.097102303062471,0.2610226838182952,854.9806979999994,True
58284.997925,4.217547255847911,0.461967654408538,854.9979250000033,True
58285.074484,5.175435420930644,0.316447924464268,855.074483999997,True
58285.082764,4.819362230968661,0.27419021125866305,855.0827639999989,True
58285.977568,4.742699832733065,0.2821752312661814,855.9775680000021,True
58285.980698,4.741824230976552,0.2982581578070548,855.9806979999994,True
58285.997925,4.148821148420239,0.19565542653494633,855.9979250000033,True
58286.074484,5.058709636299005,0.6276205208811438,856.074483999997,True
58286.082764,5.614722446744045,0.5725808689380995,856.0827639999989,True
58286.977568,5.0305966499688415,0.3044844171885412,856.9775680000021,True
58286.980698,4.501155106934617,0.32127196107778894,856.9806979999994,True
58286.997925,4.324232148465188,0.21430792938845009,856.9979250000033,True
58287.074484,5.342342568849091,0.3437489630453412,857.074483999997,True
58287.082764,5.030127343558137,0.3242355114646565,857.0827639999989,True
58287.980698,4.620220575269241,0.18462301583220322,857.9806979999994,True
58287.997925,4.246913151451089,0.2137741314118456,857.9979250000033,True
58288.074484,5.072090726961496,0.5069120286682713,858.074483999997,True
58288.082764,4.266207295805041,0.46446126764679047,858.0827639999989,True
58288.977568,5.193856980099235,0.42030982624171703,858.9775680000021,True
58288.980698,4.736912978116705,0.2444017273479806,858.9806979999994,True
58288.997925,4.093544504802325,0.2036651391417005,858.9979250000033,True
58289.074484,3.1042924313195894,1.4910652692030812,859.074483999997,True
58289.082764,6.072736863390072,1.5306829454379458,859.0827639999989,True
58289.977568,5.010589116559622,0.5528392384309446,859.9775680000021,True
58289.980698,4.647505492323664,0.2054989937647743,859.9806979999994,True
58290.977568,5.456045677401645,0.36177827199090945,860.9775680000021,True
58290.980698,4.477278130600586,0.3469563869850798,860.9806979999994,True
58291.074484,4.625872146309659,0.5547248364755143,861.074483999997,True
58291.082764,4.140814852520525,0.5364163013668068,861.0827639999989,True
58291.977568,5.122878078291401,0.38405905091105313,861.9775680000021,True
58291.980698,4.354285637891717,0.3633099739523386,861.9806979999994,True
58292.074484,4.658483645366216,0.4427915238310414,862.074483999997,True
58292.082764,4.057161822879617,0.4176858315790754,862.0827639999989,True
58292.977568,3.411248990634303,0.4230930258616366,862.9775680000021,True
58292.980698,4.221636860997996,0.31685185433624113,862.9806979999994,True
58293.074484,4.658355687564803,0.28046943839807587,863.074483999997,True
58293.082764,4.387359137423865,0.26416168139844426,863.0827639999989,True
58293.977568,4.7957153901551415,0.47660219738476095,863.9775680000021,True
58294.074484,5.0610366996186835,0.2729544776772812,864.074483999997,True
58294.082764,4.348707462262268,0.2582035890452988,864.0827639999989,True
58294.977568,4.48771601845187,0.2705301368354653,864.9775680000021,True
58295.074484,4.2375552356929695,0.20304236270185771,865.074483999997,True
58295.977568,4.466855820826119,0.3518244632480138,865.9775680000021,True
58296.074484,4.8799377561282515,0.42784528303340513,866.074483999997,True
58296.082764,4.149565716899602,0.4431184784918059,866.0827639999989,True
58296.977568,4.14347664916936,0.30027250230469305,866.9775680000021,True
58296.997925,3.8981669454066705,0.3025027627207167,866.9979250000033,True
58297.074484,4.518503577229298,0.21288837903209862,867.074483999997,True
58297.082764,4.519453547684596,0.21203340562233106,867.0827639999989,True
58297.977568,3.5889741776996367,0.5146586130708645,867.9775680000021,True
58298.074484,4.321677435287148,0.24319359277857563,868.074483999997,True
58298.082764,4.097696855541776,0.24648138110511322,868.0827639999989,True
58298.977568,5.464216290317192,0.5365031133803138,868.9775680000021,True
58298.997925,4.179209660539928,0.26830304954615947,868.9979250000033,True
58299.074484,4.241476469463174,0.248604837486417,869.074483999997,True
58299.977568,4.379859938067309,0.45904977359981664,869.9775680000021,True
58299.997925,4.02309319945093,0.28463213244927194,869.9979250000033,True
58300.074484,4.0686455138951185,0.40873528166041473,870.074483999997,True
58300.082764,4.947165791416593,0.3916115813358436,870.0827639999989,True
58300.997925,3.9237519446968694,0.4512029688871469,870.9979250000033,True
58301.074484,4.717205627739636,0.1848811053610347,871.074483999997,True
58301.082764,4.272179318382416,0.1732479614848547,871.0827639999989,True
58301.997925,4.304560020345045,0.39915391962019625,871.9979250000033,True
58302.074484,4.577960094361387,0.19367607219619862,872.074483999997,True
58302.082764,4.347936835452031,0.18709143692207575,872.0827639999989,True
58302.997925,3.6209890266413383,0.5329878085749692,872.9979250000033,True
58303.074484,4.561499848410185,0.1793385543534075,873.074483999997,True
58303.082764,4.370012293739432,0.1688791501066857,873.0827639999989,True
58303.997925,3.7114840694522533,0.34401100715138977,873.9979250000033,True
58304.074484,4.638327798802757,0.19603817302569446,874.074483999997,True
58304.997925,4.832471010712126,0.37941941136984575,874.9979250000033,True
58305.997925,4.007391549158429,0.41636539824192864,875.9979250000033,True
58306.997925,4.384062820437018,0.4482439092486235,876.9979250000033,True
58307.997925,4.086889734079324,0.24535427104016475,877.9979250000033,True
58308.997925,3.757205624168078,0.35302471728041646,878.9979250000033,True
58309.997925,3.6474908194696436,0.3092538673289852,879.9979250000033,True
58310.997925,4.250222860128147,0.5146586130708645,880.9979250000033,True
58311.997925,4.189444451887935,0.5132055590917788,881.9979250000033,True
58312.074484,4.072085743444644,0.24661685561784757,882.074483999997,True
58312.082764,4.931244605752237,0.24684874734856488,882.0827639999989,True
58312.997925,3.872734691050278,0.43998186431197606,882.9979250000033,True
58313.074484,4.290981621793866,0.2468287237294932,883.074483999997,True
58313.082764,4.5851602051561775,0.2522200443807548,883.0827639999989,True
58313.977026,5.0950315577337575,0.37280497925803197,883.9770260000005,True
58313.985297,5.491566167162318,0.4059015687064004,883.9852969999993,True
58314.074484,4.7534534619733915,0.2275467947253199,884.074483999997,True
58314.082764,4.445899665700038,0.22969752057338544,884.0827639999989,True
58314.977026,4.635729726490169,0.5805986386944982,884.9770260000005,True
58314.985297,5.029193266762474,0.6132273225219577,884.9852969999993,True
58315.074484,4.505751872174411,0.27656714177394387,885.074483999997,True
58315.082764,4.3283220773171935,0.2858729002454763,885.0827639999989,True
58315.977026,7.588085909416662,1.4277704322180669,885.9770260000005,True
58315.985297,5.980714607955974,1.4786008669093755,885.9852969999993,True
58316.074484,4.3905785457982995,0.3868260747029983,886.074483999997,True
58316.082764,5.132230484644924,0.40244970691727994,886.0827639999989,True
58316.977026,1.5628390002059493,7.905611571895654,886.9770260000005,True
58316.977026,5.172580684943128,1.0194339550608709,886.9770260000005,True
58316.985297,5.679559351773093,1.0687235476693397,886.9852969999993,True
58317.074484,5.173262734715454,0.444461259464515,887.074483999997,True
58317.082764,4.840010400323358,0.4261136590316917,887.0827639999989,True
58317.977026,5.463927448503887,0.5338814513471256,887.9770260000005,True
58317.985297,4.999837327599309,0.6010055971867725,887.9852969999993,True
58318.074484,5.146779158594802,0.5082889365448602,888.074483999997,True
58318.082764,4.516611675957441,0.48335923393503055,888.0827639999989,True
58318.977026,5.882845009015329,0.2781194457118427,888.9770260000005,True
58318.985297,5.916010871365973,0.3079687218274238,888.9852969999993,True
58319.074484,4.461997842845759,0.3692834097248445,889.074483999997,True
58319.082764,4.624353883620679,0.3481464912088642,889.0827639999989,True
58319.977026,5.27241947245057,0.4866820638915802,889.9770260000005,True
58319.985297,6.97788298473958,0.5248857753916014,889.9852969999993,True
58320.074484,5.1263148483219245,0.38801133644615565,890.074483999997,True
58320.082764,4.621109653834902,0.3668752007584333,890.0827639999989,True
58320.977026,6.7640848577141535,0.8576564304842061,890.9770260000005,True
58320.985297,5.7323704937110564,0.8983635278394311,890.9852969999993,True
58321.074484,4.141944101552587,0.4498166577954766,891.074483999997,True
58321.082764,4.465243984388557,0.4193554549617988,891.0827639999989,True
58321.977026,4.792442306946226,0.6660111039942136,891.9770260000005,True
58321.985297,5.555700494001948,0.7022816376766141,891.9852969999993,True
58322.074484,4.323687110211693,0.38073288781485104,892.074483999997,True
58322.082764,5.26408453614554,0.39189324637165374,892.0827639999989,True
58322.977026,5.316471046092279,0.2916022359288497,892.9770260000005,True
58322.985297,4.941868677518693,0.3048234959961527,892.9852969999993,True
58323.074484,4.949273558032378,0.2392811455193687,893.074483999997,True
58323.082764,4.203935425934668,0.24612721428826617,893.0827639999989,True
58323.977026,4.82921259069989,0.4464587900158204,893.9770260000005,True
58323.985297,5.348211586128666,0.45019797586184945,893.9852969999993,True
58324.074484,4.676900276496575,0.349573986937259,894.074483999997,True
58324.082764,4.09927802340282,0.32781938259996174,894.0827639999989,True
58324.977026,5.63049499173358,0.522311511670665,894.9770260000005,True
58324.985297,6.95374027190487,0.5176818367082336,894.9852969999993,True
58325.074484,4.355276003473562,0.29370404131677785,895.074483999997,True
58325.082764,4.6126524340204424,0.27614346194092304,895.0827639999989,True
58325.977026,5.543122148315203,0.5086752059481956,895.9770260000005,True
58325.985297,5.91609834018624,0.5039688817605484,895.9852969999993,True
58326.074484,5.208236764489934,0.422840648432448,896.074483999997,True
58326.082764,3.782170328891099,0.40790280169084014,896.0827639999989,True
58326.977026,5.472851542066759,0.44992023900936534,896.9770260000005,True
58326.985297,5.698352864745871,0.43657056070676226,896.9852969999993,True
58327.074484,3.6729420690760795,0.4918860990352897,897.074483999997,True
58327.082764,4.053175738124808,0.48309456911508786,897.0827639999989,True
58327.977026,4.440919337418763,0.42059129308824456,897.9770260000005,True
58327.985297,5.0321119180648894,0.39255187354902826,897.9852969999993,True
58328.074484,4.708477098134345,0.4858259866423159,898.074483999997,True
58328.082764,3.9437322256326626,0.4584412233033962,898.0827639999989,True
58328.977026,4.991585254288801,0.4521840903096461,898.9770260000005,True
58328.985297,5.628483926663161,0.4134254539973911,898.9852969999993,True
58329.977026,4.813488342567264,0.4359864062971933,899.9770260000005,True
58329.985297,4.826368295485941,0.401210533416767,899.9852969999993,True
58330.977026,4.943235521133184,0.4457559731595296,900.9770260000005,True
58330.985297,5.605441978531518,0.4252574521802527,900.9852969999993,True
58331.977026,4.987258569361325,0.3666067071779693,901.9770260000005,True
58331.985297,4.843940857407468,0.3382298002111053,901.9852969999993,True
58332.977026,4.5111885849102595,0.3041880939788323,902.9770260000005,True
58332.985297,4.93482953771183,0.2757138660036448,902.9852969999993,True
58333.977026,5.305125670941328,0.3214327113571702,903.9770260000005,True
58333.985297,4.830044879101242,0.29153738348040387,903.9852969999993,True
58334.977026,5.3832983794500215,0.36373177669248946,904.9770260000005,True
58334.985297,4.463074927493689,0.33963678937107017,904.9852969999993,True
58335.977026,4.849852759816888,0.2431409100667813,905.9770260000005,True
58335.985297,4.533512090138474,0.22971482350484837,905.9852969999993,True
58336.977026,4.375898585222298,0.20281739942865015,906.9770260000005,True
58336.985297,4.704416502167563,0.1949514774736225,906.9852969999993,True
58337.977026,4.829060722524046,0.19106028364107952,907.9770260000005,True
58337.985297,4.4425065591022825,0.18357859015549702,907.9852969999993,True
58338.977026,4.7245403209305215,0.39117466916663685,908.9770260000005,True
58338.985297,4.516737553390456,0.38864733821006847,908.9852969999993,True
58339.977026,4.8209431426131975,0.21261856842314017,909.9770260000005,True
58339.985297,4.880264035418478,0.20715480198054834,909.9852969999993,True
58340.977026,4.842811215562054,0.30260355316381804,910.9770260000005,True
58341.977026,7.121524801534848,0.9011220539966448,911.9770260000005,True
58341.985297,7.2446997585559725,0.9112065534018831,911.9852969999993,True
58343.977026,3.888775278296759,0.31100732366479755,913.9770260000005,True
58343.985297,4.521251945688473,0.34239338385115325,913.9852969999993,True
58344.977026,4.5673742783227915,0.26482456020621953,914.9770260000005,True
58344.985297,4.755666970212535,0.2862858777764483,914.9852969999993,True
58345.977026,3.9041219263318405,0.15852099083465426,915.9770260000005,True
58345.985297,4.077991394342618,0.16631513940065462,915.9852969999993,True
58346.977026,3.7397605213009433,0.15948610358510887,916.9770260000005,True
58346.985297,4.273061879534153,0.18344053811567856,916.9852969999993,True
58347.977026,4.114711973902736,0.12258002622925464,917.9770260000005,True
58347.985297,4.320035711466412,0.11933345431051276,917.9852969999993,True
58348.977026,3.7364061987300428,0.2527909658563506,918.9770260000005,True
58348.985297,4.308171977429145,0.2592527023964432,918.9852969999993,True
58349.977026,4.297160461145055,0.1357507780619674,919.9770260000005,True
58349.985297,4.212613090623606,0.12112123305039078,919.9852969999993,True
58350.977026,3.987761433373176,0.1461010937605131,920.9770260000005,True
58350.985297,3.994953470337477,0.13603224201049183,920.9852969999993,True
58351.977026,4.001127109976515,0.15758558004603482,921.9770260000005,True
58351.985297,4.192361600350682,0.13814863184407034,921.9852969999993,True
58352.977026,4.681003927675976,0.24717689164163514,922.9770260000005,True
58352.985297,4.070506785669528,0.2741653323705787,922.9852969999993,True
58353.977026,4.083238323883386,0.1119592504593428,923.9770260000005,True
58353.985297,4.2261151916243875,0.10665016466350227,923.9852969999993,True
58354.977026,4.049433369691797,0.11527501486564316,924.9770260000005,True
58354.985297,4.4225627018920886,0.1273029486330408,924.9852969999993,True
58355.977026,4.234040038532048,0.11489253280245221,925.9770260000005,True
58355.985297,4.092435796422583,0.10901917503313908,925.9852969999993,True
58356.977026,4.488302860916485,0.11817606839086325,926.9770260000005,True
58356.985297,4.4547777351318425,0.11616456084378474,926.9852969999993,True
58364.977026,4.57645025775477,0.15907772727206715,934.9770260000005,True
58364.985297,4.46050439239612,0.16626637092430344,934.9852969999993,True
58365.977026,4.286293516879725,0.14697208905830228,935.9770260000005,True
58365.985297,4.11048958259946,0.15986437757218844,935.9852969999993,True
58366.977026,3.8910123968991632,0.14302326889634956,936.9770260000005,True
58366.985297,4.232977806741563,0.13495804696610428,936.9852969999993,True
58367.977026,4.19555992312333,0.166138807911759,937.9770260000005,True
58367.985297,4.6174209738328,0.16365727231935034,937.9852969999993,True
58368.977026,3.9519874246021987,0.23698979467205591,938.9770260000005,True
58368.985297,4.761404515221612,0.2507310615593157,938.9852969999993,True
58369.977026,3.8908029085436224,0.2490031487311731,939.9770260000005,True
58370.977026,3.655613613599435,0.3021572288543242,940.9770260000005,True
58370.985297,4.465828948418899,0.31208294378231194,940.9852969999993,True
58371.977026,4.141880743581998,0.21565783529348018,941.9770260000005,True
58371.985297,3.9779930420450493,0.20708053502612597,941.9852969999993,True
58372.977026,4.043732288706876,0.22046879745811235,942.9770260000005,True
58372.985297,4.298053270965649,0.2467600881916205,942.9852969999993,True
58373.977026,3.9644094838102935,0.25826614917879054,943.9770260000005,True
58373.985297,4.29331572299602,0.26891822624332823,943.9852969999993,True
58374.977026,3.749203079582845,0.2508336324815767,944.9770260000005,True
58374.985297,3.994365054437194,0.23034248234449678,944.9852969999993,True
58375.977026,4.240374179059446,0.14365702368283279,945.9770260000005,True
58375.985297,4.354107256994355,0.14884678549151314,945.9852969999993,True
58376.977026,3.715196733033986,0.20149264568958747,946.9770260000005,True
58376.985297,4.2493097774531465,0.2046433125246443,946.9852969999993,True
58377.977026,4.104602084138841,0.165820127388797,947.9770260000005,True
58377.985297,4.3954910707465125,0.19330042335864614,947.9852969999993,True
58378.977026,4.268148276218077,0.26171107491297063,948.9770260000005,True
58378.985297,4.082918976622139,0.26131273233319446,948.9852969999993,True
58379.977026,4.723529894540191,0.29517561707077483,949.9770260000005,True
58379.985297,3.9169070243616795,0.2817685339424671,949.9852969999993,True
58380.977026,4.371745934115037,0.2746590337844241,950.9770260000005,True
58380.985297,4.661821575408778,0.2839901383295375,950.9852969999993,True
58469.355577,4.545503280100477,0.7921325229293367,1039.355577000002,True
58470.355577,3.640075036166959,1.185668790259591,1040.355577000002,True
58471.355577,7.615082518063824,2.8431156470671493,1041.355577000002,True
58472.355577,-7.510153401330888,13.818531215985193,1042.355577000002,True
58472.355577,5.885323841551303,2.0513859018953213,1042.355577000002,True
58473.355577,3.6751356414923695,1.187341679057596,1043.355577000002,True
58474.355577,5.07738835192822,0.6071721800336055,1044.355577000002,True
58475.355577,6.766101540554678,1.0360680455712394,1045.355577000002,True
58476.355577,6.331747409941428,1.770056888446129,1046.355577000002,True
58477.355577,3.9429758949062497,1.3803829195649615,1047.355577000002,True
58478.355577,3.940480646495188,0.6062192579007823,1048.355577000002,True
58479.355577,5.896750149741069,0.9007698703083018,1049.355577000002,True
58480.355577,2.794187757931315,1.0223164076132512,1050.355577000002,True
58481.355577,4.1343624414794915,0.9946031783227632,1051.355577000002,True
58482.355577,3.163717997832644,0.8561834219480549,1052.355577000002,True
58483.355577,4.842930292258129,0.7790229091256964,1053.355577000002,True
58484.355577,2.9366791759318365,0.8114871242313656,1054.355577000002,True
58485.355577,4.124410861418082,0.7831011374555201,1055.355577000002,True
58486.3052,-20.553326559303237,7.3572140658781615,1056.3052000000025,True
58486.3052,-9.117338171441544,9.165296932252653,1056.3052000000025,True
58486.355577,5.088809763341947,0.8178562438172506,1056.355577000002,True
58487.355577,3.923841146663697,0.6535287665095934,1057.355577000002,True
58488.355577,2.867554287155535,0.5322134155687485,1058.355577000002,True
58489.355577,3.9702645192345494,0.5587413605494863,1059.355577000002,True
58490.355577,4.434878665734581,0.6441564163694332,1060.355577000002,True
58491.355577,4.31280929733958,0.43717544873580866,1061.355577000002,True
58492.355577,3.985687162747404,0.37062373446923674,1062.355577000002,True
58493.355577,3.8259595959385377,0.34762164732086187,1063.355577000002,True
58494.355577,3.9466840154089247,0.7315219046511766,1064.355577000002,True
58495.355577,3.921763293775247,0.39385950670453945,1065.355577000002,True
58496.355577,3.153861151391906,0.5963537390557764,1066.355577000002,True
58497.355577,5.590841856096903,1.7539825751253633,1067.355577000002,True
58499.355577,3.2776981973957433,0.5689912274693122,1069.355577000002,True
58500.355577,3.4315441691814375,0.5264096762508952,1070.355577000002,True
58501.355577,4.071995895445695,0.2980962051550306,1071.355577000002,True
58502.355577,4.245325165867178,0.3283018290400185,1072.355577000002,True
58503.355577,4.599942857974159,0.23752622119011618,1073.355577000002,True
58504.355577,4.8388176145094794,0.46504922068848387,1074.355577000002,True
58505.355577,4.05586796549957,0.24651733314961888,1075.355577000002,True
58506.355577,4.08844995087339,0.24494023032704873,1076.355577000002,True
58507.355577,4.015757070988747,0.2666832893086743,1077.355577000002,True
58508.355577,3.975581925174623,0.499193089896736,1078.355577000002,True
58509.355577,4.007505776501543,0.21501797473154116,1079.355577000002,True
58510.355577,4.1881496861333165,0.23213034219707582,1080.355577000002,True
58511.355577,4.259786264370132,0.23268151601168893,1081.355577000002,True
58512.355577,3.9049656722637134,0.2231935249112545,1082.355577000002,True
58513.355577,-9.177776396914485,4.778482891309149,1083.355577000002,True
58514.165241,4.205170426338957,0.5179928480645524,1084.1652410000024,True
58514.165241,4.036565159337837,0.3852942582951523,1084.1652410000024,True
58515.165241,3.7873839469762243,0.5935541455083424,1085.1652410000024,True
58515.165241,3.940450860813865,0.7984430866013595,1085.1652410000024,True
58515.355577,1.8788533084496193,1.2976806728584485,1085.355577000002,True
58516.165241,6.447225041900643,1.8378026053946164,1086.1652410000024,True
58516.165241,5.986362434032786,1.3701626062345857,1086.1652410000024,True
58516.355577,2.2953461952077374,0.9108125564099547,1086.355577000002,True
58517.165241,-5.430586621086358,7.759010258405831,1087.1652410000024,True
58517.165241,6.166978656456839,1.2275455682966283,1087.1652410000024,True
58517.165241,-9.491985972582203,9.751702186211942,1087.1652410000024,True
58517.165241,5.629487384678775,0.9247666422731768,1087.1652410000024,True
58517.355577,3.444336481986503,0.7576637782792361,1087.355577000002,True
58518.165241,3.4217531042168803,0.6979133044254682,1088.1652410000024,True
58518.165241,3.110581567211895,0.5272134898398759,1088.1652410000024,True
58518.355577,3.695391686272898,0.670423982943039,1088.355577000002,True
58519.165241,3.2106240996204507,0.38022292194847296,1089.1652410000024,True
58519.355577,3.2495817763651025,0.7430656688346903,1089.355577000002,True
58520.165241,4.059866890058578,0.4958177340328893,1090.1652410000024,True
58520.165241,4.093087508754249,0.6635818584460283,1090.1652410000024,True
58520.355577,3.3311916638028745,0.3219816681009698,1090.355577000002,True
58521.165241,5.5905974994738985,0.8148437936106089,1091.1652410000024,True
58521.165241,6.03767372387524,1.0920731635298082,1091.1652410000024,True
58521.355577,3.8385794975793157,0.2986322830307449,1091.355577000002,True
58522.165241,4.785083068228058,0.7900668423861908,1092.1652410000024,True
58522.165241,4.503855017212348,0.5971496559884977,1092.1652410000024,True
58522.355577,4.621183822317369,0.297552921079849,1092.355577000002,True
58523.165241,4.239183188756479,0.2925815885264277,1093.1652410000024,True
58523.165241,4.351808737477949,0.38537524714694305,1093.1652410000024,True
58523.355577,4.753905431415277,0.3165198648117231,1093.355577000002,True
58524.165241,3.5578894030501487,0.43972825549296923,1094.1652410000024,True
58524.165241,3.6850217218151227,0.584434747734278,1094.1652410000024,True
58524.355577,3.257394618931122,0.49205029648352194,1094.355577000002,True
58525.165241,4.425095983333271,0.6388951448155273,1095.1652410000024,True
58525.165241,4.136793497036408,0.48443235288713565,1095.1652410000024,True
58525.355577,3.8720808672856393,0.4375341041990613,1095.355577000002,True
58526.165241,3.671573896360856,0.4447476357326552,1096.1652410000024,True
58526.165241,3.891202358451056,0.5800544561275106,1096.1652410000024,True
58526.355577,4.045717293327325,0.5814622303163047,1096.355577000002,True
58527.165241,2.9869249608522193,0.4448690093813532,1097.1652410000024,True
58527.165241,3.214230294112766,0.5790873966399611,1097.1652410000024,True
58527.355577,3.181529445790719,0.3798518689828347,1097.355577000002,True
58528.165241,4.7686089392626165,0.4097809144707154,1098.1652410000024,True
58528.165241,5.0287336747469125,0.5381541605538743,1098.1652410000024,True
58528.355577,3.7584803761733867,0.40897563363235184,1098.355577000002,True
58529.165241,4.287993793305065,0.40958450805653696,1099.1652410000024,True
58529.165241,4.476549321310633,0.5391291393344357,1099.1652410000024,True
58529.355577,3.861626284064755,0.4550492570552495,1099.355577000002,True
58530.165241,3.577012862374338,0.3728746369956794,1100.1652410000024,True
58530.165241,3.763772179695144,0.4849302273881634,1100.1652410000024,True
58530.355577,4.5597012501834175,0.48209089831433594,1100.355577000002,True
58531.165241,4.1455303657362395,0.5829918339529935,1101.1652410000024,True
58531.165241,3.996134365378797,0.4478405685133543,1101.1652410000024,True
58531.355577,3.8307142575657407,0.27019887544342186,1101.355577000002,True
58532.165241,3.5512150955836663,0.35628783191729146,1102.1652410000024,True
58532.165241,3.769058017753531,0.4735217202955472,1102.1652410000024,True
58532.355577,3.69419228746694,0.3902325922848972,1102.355577000002,True
58533.165241,4.1222723003711135,0.27594536379206097,1103.1652410000024,True
58533.165241,4.291265685914909,0.36900747473535667,1103.1652410000024,True
58533.355577,4.050981994441574,0.33660011307459115,1103.355577000002,True
58534.165241,3.761692464280365,0.3605979083430115,1104.1652410000024,True
58534.165241,3.592517353039749,0.2736928854454348,1104.1652410000024,True
58534.355577,4.06698527343109,0.560667181035017,1104.355577000002,True
58535.165241,4.429752072687471,0.31451648344022876,1105.1652410000024,True
58535.165241,4.627125905001225,0.4034628728075955,1105.1652410000024,True
58535.355577,4.2443915138891954,0.562877703140919,1105.355577000002,True
58536.165241,3.8603685721018475,0.23946253018679953,1106.1652410000024,True
58536.165241,4.018538906941054,0.31634066967841434,1106.1652410000024,True
58536.355577,3.730739621885509,0.4874487874327704,1106.355577000002,True
58537.165241,3.2222300318182646,0.19217526972478927,1107.1652410000024,True
58537.165241,3.354871068706964,0.25525687912883327,1107.1652410000024,True
58538.165241,3.3936839723271035,0.1676453540287935,1108.1652410000024,True
58538.165241,3.4809703963255663,0.2216798069802228,1108.1652410000024,True
58539.165241,3.3288920038033245,0.3437170100932975,1109.1652410000024,True
58539.165241,3.4047119325003754,0.44902246661697937,1109.1652410000024,True
58540.165241,3.5627157846906488,0.2588264217662015,1110.1652410000024,True
58540.165241,3.5190056531499154,0.19575894625742865,1110.1652410000024,True
58541.165241,3.015385406883332,0.27717849843437475,1111.1652410000024,True
58541.165241,3.1425106805305476,0.3643501146496081,1111.1652410000024,True
58542.165241,2.747013023819721,0.9126471961740592,1112.1652410000024,True
58542.165241,2.8925179438095867,1.2195041066477368,1112.1652410000024,True
58542.166661,3.636908230149996,0.4096483524175364,1112.166661000003,True
58543.166661,3.711570240435951,0.631460998778479,1113.166661000003,True
58544.165241,3.7461113683587794,0.3856681031990074,1114.1652410000024,True
58544.165241,3.995773210750244,0.3036363549846686,1114.1652410000024,True
58544.166661,-0.17202712012299498,1.5395973885389451,1114.166661000003,True
58544.183144,4.439344408284957,0.45523422090302407,1114.1831440000024,True
58545.165241,3.917460793413033,0.31888278465198455,1115.1652410000024,True
58545.165241,4.160419105528831,0.25409390142110516,1115.1652410000024,True
58545.166661,3.783865972561665,1.108624646447624,1115.166661000003,True
58545.166661,-15.53521789532936,8.747211704892788,1115.166661000003,True
58545.183144,4.824304325669456,0.7019965358760752,1115.1831440000024,True
58546.165241,4.795053062414654,0.19257542456917903,1116.1652410000024,True
58546.166661,2.297090263327432,0.592559512610923,1116.166661000003,True
58546.183144,4.085304176577875,1.7056434751972172,1116.1831440000024,True
58547.165241,4.4911733097335516,0.20663851681896714,1117.1652410000024,True
58547.165241,4.607163203249994,0.16440306646243633,1117.1652410000024,True
58547.166661,3.8241925531073946,0.3044152365755689,1117.166661000003,True
58547.183144,4.401159441896298,1.233804564183417,1117.1831440000024,True
58547.183144,-6.809724903546178,8.714633635228376,1117.1831440000024,True
58548.165241,4.234922880083179,0.13854965026198504,1118.1652410000024,True
58548.165241,4.334074941385295,0.11222609416407782,1118.1652410000024,True
58548.166661,2.909602967720969,0.5319451568644319,1118.166661000003,True
58548.183144,3.86628387136686,0.7045812659327179,1118.1831440000024,True
58549.165241,5.257851438624577,0.33992650404850866,1119.1652410000024,True
58549.166661,2.0350430994468987,0.9355613926640325,1119.166661000003,True
58549.183144,3.6488872806825525,0.35961270748771484,1119.1831440000024,True
58550.165241,4.052068083678381,0.1587400630801592,1120.1652410000024,True
58550.165241,4.167964479224638,0.1263460705545253,1120.1652410000024,True
58550.166661,3.793162821000685,0.733821232183049,1120.166661000003,True
58550.183144,2.3614627592423982,0.6249628892123107,1120.1831440000024,True
58551.165241,4.49428632243037,0.1398337472630509,1121.1652410000024,True
58551.165241,4.31551283217489,0.17702685270700713,1121.1652410000024,True
58551.166661,3.803371282834268,0.3249002242465015,1121.166661000003,True
58551.183144,3.3734643866264262,1.092775010035933,1121.1831440000024,True
58552.165241,3.771227722641452,0.17535053270374434,1122.1652410000024,True
58552.165241,3.9572372269398213,0.1419106218186441,1122.1652410000024,True
58552.166661,4.283291457179706,0.4961899617680015,1122.166661000003,True
58552.183144,4.116443664691642,0.856825650758144,1122.1831440000024,True
58553.165241,4.359003910703063,0.3234890343924412,1123.1652410000024,True
58553.166661,5.189834111218524,0.579130249845959,1123.166661000003,True
58553.183144,3.3700077584060035,0.3723988252290345,1123.1831440000024,True
58554.166661,3.9147339793892924,0.5655432898822652,1124.166661000003,True
58554.183144,3.1391005882949394,0.5642431441657233,1124.1831440000024,True
58555.166661,4.487861764604395,0.502958150103493,1125.166661000003,True
58555.183144,4.082079156571311,0.6565720855811744,1125.1831440000024,True
58556.166661,4.305789604699648,0.46754887520813687,1126.166661000003,True
58556.183144,2.9107181526912345,0.6404522832023156,1126.1831440000024,True
58557.166661,4.312436176565047,0.49862461850361023,1127.166661000003,True
58557.183144,3.618328664353736,0.5347087363367121,1127.1831440000024,True
58558.165241,-3.0106386882011833,2.4479760904994636,1128.1652410000024,True
58558.165241,-4.814631351294187,3.192647480497158,1128.1652410000024,True
58558.166661,4.0696710615137075,0.4839642309192626,1128.166661000003,True
58558.183144,4.0963385189850205,0.4925478757611728,1128.1831440000024,True
58559.165241,1.8574118392271513,1.4878267402351673,1129.1652410000024,True
58559.165241,0.4750216396385669,1.9359320379831606,1129.1652410000024,True
58559.166661,4.406104784964335,0.49613369421029485,1129.166661000003,True
58559.183144,3.5721811406913404,0.5237653555710191,1129.1831440000024,True
58560.165241,2.277477868730997,0.9050784980201687,1130.1652410000024,True
58560.165241,2.83383157156976,0.6942950075116691,1130.1652410000024,True
58560.166661,3.149925502112863,0.40014305177517207,1130.166661000003,True
58560.183144,4.175930673092787,0.5074701449958469,1130.1831440000024,True
58561.165241,3.5906666746757105,0.5383541261841971,1131.1652410000024,True
58561.165241,2.979585252468227,0.7031739745683279,1131.1652410000024,True
58561.166661,3.5782524975931405,0.33335681531926825,1131.166661000003,True
58561.183144,3.565317992255012,0.4926593686205869,1131.1831440000024,True
58562.165241,3.460807433688225,0.3957969693923924,1132.1652410000024,True
58562.165241,3.1313883996537757,0.5064817648279678,1132.1652410000024,True
58562.166661,4.0050265283935795,0.3524867728725708,1132.166661000003,True
58562.183144,3.8607813534039996,0.4004296871990798,1132.1831440000024,True
58563.165241,3.3159655780591124,0.500622960134968,1133.1652410000024,True
58563.165241,3.502542879205561,0.3874222782629208,1133.1652410000024,True
58563.166661,3.5377248824902447,0.4003869169793295,1133.166661000003,True
58563.183144,3.5782524975931405,0.3291898551277774,1133.1831440000024,True
58564.165241,2.578944891135237,0.5395273741674262,1134.1652410000024,True
58564.165241,2.7466041124427027,0.42166294158827755,1134.1652410000024,True
58564.166661,3.452068405423894,0.2556474016587184,1134.166661000003,True
58564.183144,3.5948348203170184,0.3483153317734873,1134.1831440000024,True
58565.165241,4.076723578058989,0.16730988371253117,1135.1652410000024,True
58565.165241,3.7567129896691185,0.20580391101160292,1135.1652410000024,True
58565.166661,3.5214435336369583,0.22040004850459394,1135.166661000003,True
58565.183144,3.8760800235995374,0.3985926094128408,1135.1831440000024,True
58566.165241,4.356615090591832,0.20522179261649703,1136.1652410000024,True
58566.166661,3.654157745528865,0.20560802097415665,1136.166661000003,True
58566.183144,3.150441255265406,0.2587740245567029,1136.1831440000024,True
58567.165241,4.292122767563363,0.1765745921261699,1137.1652410000024,True
58567.165241,4.382453253182109,0.138829353492622,1137.1652410000024,True
58567.166661,3.497380734241215,0.4276805607615132,1137.166661000003,True
58567.183144,3.5677136627841786,0.22394742507254753,1137.1831440000024,True
58568.165241,4.359341272222302,0.1646498865563137,1138.1652410000024,True
58568.165241,4.243949867175298,0.21229536993055986,1138.1652410000024,True
58568.166661,3.754728148244586,0.21745790441515,1138.166661000003,True
58568.183144,3.2565195917580905,0.20907176795822263,1138.1831440000024,True
58569.165241,3.735515411994681,0.252048717288231,1139.1652410000024,True
58569.165241,3.4983373807899225,0.32414330931316937,1139.1652410000024,True
58569.166661,3.6759828110143977,0.32870963614494264,1139.166661000003,True
58569.183144,3.387863059456586,0.4363858118341376,1139.1831440000024,True
58570.165241,4.594751659843781,0.2420759934657194,1140.1652410000024,True
58570.165241,4.347620715238406,0.30722869704350003,1140.1652410000024,True
58570.166661,3.948509095815248,0.9882809417133467,1140.166661000003,True
58570.183144,3.5455439472996466,0.2393129701855168,1140.1831440000024,True
58571.165241,4.059567128110563,0.35963404320476483,1141.1652410000024,True
58571.165241,4.271931261453557,0.2827674601577901,1141.1652410000024,True
58571.183144,2.9518227700597257,0.36276104872901815,1141.1831440000024,True
58572.155525,1.6417459039700744,2.614318334445146,1142.155525000002,True
58572.159336,2.687723023328876,0.8708149808631926,1142.159335999997,True
58572.163127,3.490159201463836,1.4434484247151451,1142.1631269999998,True
58572.165241,4.327211695787332,0.18946643626280907,1142.1652410000024,True
58572.165241,4.1173741713895575,0.23847958064769098,1142.1652410000024,True
58572.166661,3.22538809708515,0.34619775478283277,1142.166661000003,True
58572.166927,6.541602302208183,1.5533540802418013,1142.1669269999984,True
58572.170734,2.747047098755196,0.8920467552262968,1142.1707339999994,True
58572.183144,3.309584026354797,1.0055686549794693,1142.1831440000024,True
58573.155525,7.62701229973108,4.109294827917093,1143.155525000002,True
58573.163127,2.5306997860333404,2.3123180494783364,1143.1631269999998,True
58573.165241,4.904643181353129,0.27906572647854594,1143.1652410000024,True
58573.166661,3.4902590946094234,0.2891203914177993,1143.166661000003,True
58573.166927,4.077203432737775,2.3674989118335987,1143.1669269999984,True
58573.170734,3.058516730301064,1.3324978674831585,1143.1707339999994,True
58574.155525,-10.967281883341409,10.032798242848797,1144.155525000002,True
58574.159336,-2.974478419437098,2.9956069511410726,1144.159335999997,True
58574.163127,13.973518071860285,5.602643468197481,1144.1631269999998,True
58574.165241,4.113912319803807,0.30199572870689256,1144.1652410000024,True
58574.165241,4.4185243481405845,0.2410733230395368,1144.1652410000024,True
58574.166661,3.7254560592035233,0.1755482077019165,1144.166661000003,True
58574.166927,12.02388851014479,5.397062599001526,1144.1669269999984,True
58574.170734,-1.7082358130158517,3.163912168230069,1144.1707339999994,True
58574.183144,3.6700239497251896,0.3709261658387494,1144.1831440000024,True
58575.155525,50.69056805412894,51.00096805962629,1145.155525000002,True
58575.155525,6.494793566027449,7.192368648407204,1145.155525000002,True
58575.159336,8.211166713082353,2.1358823463669823,1145.159335999997,True
58575.159336,3.870452268101311,16.15329287526756,1145.159335999997,True
58575.163127,0.4994578809687749,3.8070342481398294,1145.1631269999998,True
58575.163127,-27.83886887191971,25.112262032978983,1145.1631269999998,True
58575.165241,4.459075066474543,0.24278353778486653,1145.1652410000024,True
58575.165241,4.283436636728143,0.31029455921863897,1145.1652410000024,True
58575.166661,3.7334567227402675,0.17524559998679934,1145.166661000003,True
58575.166927,2.313001939166087,3.57623377481446,1145.1669269999984,True
58575.170734,2.050906486406769,2.2821863752206912,1145.1707339999994,True
58575.183144,4.5774975413276175,0.33062576973758145,1145.1831440000024,True
58576.155525,5.243440187997497,3.8611942434647237,1146.155525000002,True
58576.159336,3.1016909518688953,1.3322587091484892,1146.159335999997,True
58576.163127,1.8481141885059527,2.0937399132764045,1146.1631269999998,True
58576.165241,4.167496672809892,0.19599632362569422,1146.1652410000024,True
58576.165241,4.271291908983498,0.15293234266004876,1146.1652410000024,True
58576.166661,3.933956888697106,0.13389915535135477,1146.166661000003,True
58576.166927,6.71305890419533,2.209762443502549,1146.1669269999984,True
58576.170734,3.857393256023861,1.3633758628489876,1146.1707339999994,True
58576.183144,4.208693270295548,0.1961727239073331,1146.1831440000024,True
58577.155525,4.3074665473596605,2.0134047437009808,1147.155525000002,True
58577.159336,2.4786061377383426,0.6896130378766391,1147.159335999997,True
58577.163127,2.9642491221585114,1.1470650392987582,1147.1631269999998,True
58577.165241,4.093276753240808,0.18213854941709542,1147.1652410000024,True
58577.165241,3.928241823785449,0.23164902825370295,1147.1652410000024,True
58577.166661,3.9008867652051267,0.2841205975658906,1147.166661000003,True
58577.166927,2.760515967718831,1.2043946013620173,1147.1669269999984,True
58577.170734,1.0951158796828389,0.6917451290277519,1147.1707339999994,True
58577.183144,4.160854265154116,0.2043691493371237,1147.1831440000024,True
58578.155525,-1.6499269482598746,3.5799369221922466,1148.155525000002,True
58578.159336,1.5807782198941296,1.1602301079463098,1148.159335999997,True
58578.163127,4.271648334243481,2.1003736170337994,1148.1631269999998,True
58578.165241,4.252057330806324,0.17238858837671214,1148.1652410000024,True
58578.165241,4.1273906222601795,0.2206466691042521,1148.1652410000024,True
58578.166661,3.6958291629419384,0.14971534375483597,1148.166661000003,True
58578.166927,2.3656153365793564,2.0991278438327114,1148.1669269999984,True
58578.170734,1.6181514159267592,1.181823510098496,1148.1707339999994,True
58578.183144,3.944486311136269,0.15495800022968054,1148.1831440000024,True
58578.200588,3.359021771574077,0.39466121757299205,1148.2005879999997,True
58579.155525,6.697409439632321,6.331357331749616,1149.155525000002,True
58579.159336,0.5120361811566128,1.921655733769033,1149.159335999997,True
58579.163127,3.9412582100811915,3.626440897145578,1149.1631269999998,True
58579.165241,4.053043283138923,0.339786220549108,1149.1652410000024,True
58579.165241,4.25619799882479,0.2515533391286773,1149.1652410000024,True
58579.166661,3.8911826512811354,0.16377295601565253,1149.166661000003,True
58579.166927,8.07302859163645,3.4334331079613256,1149.1669269999984,True
58579.170734,1.5297136150372184,2.015001319083599,1149.1707339999994,True
58579.183144,4.200476368427603,0.2757007590439515,1149.1831440000024,True
58579.200588,3.7389207548207333,0.5978726477796233,1149.2005879999997,True
58580.155525,2.674558535839131,4.892316767856473,1150.155525000002,True
58580.159336,5.833248925658574,1.4802583021686713,1150.159335999997,True
58580.163127,0.8715450498879439,2.6740319542372277,1150.1631269999998,True
58580.165241,4.431211524693484,0.3336385604716576,1150.1652410000024,True
58580.165241,4.622427300457872,0.2630865328620381,1150.1652410000024,True
58580.166661,3.9478322520033875,0.17441003521010087,1150.166661000003,True
58580.166927,7.450178804021796,2.477435148480451,1150.1669269999984,True
58580.170734,2.3381361944371615,1.5775053852301788,1150.1707339999994,True
58580.183144,4.079617226881999,0.1508553083011926,1150.1831440000024,True
58580.200588,1.642054615749013,1.4356773887256045,1150.2005879999997,True
58581.155525,3.394491573345453,2.1741627666231613,1151.155525000002,True
58581.159336,3.9821031318922535,0.723496731460748,1151.159335999997,True
58581.163127,5.529480236065494,1.2229665562255283,1151.1631269999998,True
58581.165241,4.398116446959921,0.31766325473146834,1151.1652410000024,True
58581.165241,4.5969095437905985,0.24788282074192466,1151.1652410000024,True
58581.166661,3.8974085106494067,0.2771433672096344,1151.166661000003,True
58581.166927,4.187767177383633,1.230801377006152,1151.1669269999984,True
58581.170734,3.796026138352433,0.7548360145832438,1151.1707339999994,True
58581.183144,4.10283402480199,0.15534799842890004,1151.1831440000024,True
58581.200588,3.107894416788378,1.0452523130938784,1151.2005879999997,True
58582.155525,3.9168512442688983,3.3809718419791053,1152.155525000002,True
58582.159336,3.561628588896177,1.0555721643338878,1152.159335999997,True
58582.163127,3.08301280060451,1.9406374540888693,1152.1631269999998,True
58582.166661,4.153505635887157,0.12741805910017256,1152.166661000003,True
58582.166927,3.0792736147584807,1.860618876983856,1152.1669269999984,True
58582.170734,1.916386816643571,1.1127817077781261,1152.1707339999994,True
58582.200588,3.87517448670986,0.6192313586399217,1152.2005879999997,True
58583.155525,5.353556253071778,3.973944635934262,1153.155525000002,True
58583.159336,0.6687460706332822,1.1456341134307415,1153.159335999997,True
58583.163127,8.235108037643258,2.2432879590690127,1153.1631269999998,True
58583.166661,4.129326944351153,0.13037577842763146,1153.166661000003,True
58583.166927,5.286636405887542,2.026114115376777,1153.1669269999984,True
58583.170734,3.8042986588254295,1.266426541995996,1153.1707339999994,True
58583.183144,4.130067482450645,0.33465666503890057,1153.1831440000024,True
58583.200588,3.6631012216899728,0.3146018942975529,1153.2005879999997,True
58584.155525,9.968243465750433,3.840752730802374,1154.155525000002,True
58584.159336,2.847967163522606,1.0918672115341377,1154.159335999997,True
58584.163127,5.335259496694121,2.0562714763194982,1154.1631269999998,True
58584.166661,4.127836856949949,0.1285702152789346,1154.166661000003,True
58584.166927,6.209851408231883,1.8237006227132684,1154.1669269999984,True
58584.170734,0.5653999325137402,1.2236442887882577,1154.1707339999994,True
58584.183144,4.161313114998688,0.1515431695548008,1154.1831440000024,True
58584.200588,3.6363040016887735,0.5385892806035661,1154.2005879999997,True
58585.155525,-0.4803833766618175,3.3038649788362164,1155.155525000002,True
58585.159336,3.3765912464417265,1.0318940525796199,1155.159335999997,True
58585.163127,3.318862907835874,1.7708167867345366,1155.1631269999998,True
58585.166661,4.326544129005587,0.13435194158195304,1155.166661000003,True
58585.166927,3.5750324103993463,1.7358189814547382,1155.1669269999984,True
58585.170734,1.872046421526687,1.140134687465594,1155.1707339999994,True
58585.183144,4.354082495041212,0.15530959733230978,1155.1831440000024,True
58585.200588,4.186904487224786,0.9306484671211606,1155.2005879999997,True
58586.155525,6.993857812814638,3.154265785995935,1156.155525000002,True
58586.159336,1.184292778888099,0.9151661148402043,1156.159335999997,True
58586.163127,2.4680252397196885,1.7222284435051167,1156.1631269999998,True
58586.166927,4.427406364146852,1.611422062675443,1156.1669269999984,True
58586.170734,2.525455376125312,1.0290129146560585,1156.1707339999994,True
58586.183144,4.2444994427787694,0.15681060674508357,1156.1831440000024,True
58586.200588,3.775290384113705,0.7296159529155243,1156.2005879999997,True
58587.155525,3.135710011048824,3.389111027448208,1157.155525000002,True
58587.159336,4.033094653593837,0.9200811412864236,1157.159335999997,True
58587.163127,2.919220330746136,1.8164182531202944,1157.1631269999998,True
58587.166927,4.896259959574876,1.6058645801807445,1157.1669269999984,True
58587.170734,1.3164983426988182,1.0635928487128827,1157.1707339999994,True
58587.183144,4.237702545676285,0.1558080220841239,1157.1831440000024,True
58587.200588,3.551187988957932,0.3351834265210707,1157.2005879999997,True
58588.159336,0.9076426199786714,0.8532968808623062,1158.159335999997,True
58588.163127,3.271113980555776,1.6553959488728738,1158.1631269999998,True
58588.166927,2.981315039885559,1.4287087775041705,1158.1669269999984,True
58588.170734,3.6285326740490436,1.0239562570347673,1158.1707339999994,True
58588.200588,3.6738041642770365,0.5003030661986334,1158.2005879999997,True
58589.155525,4.270606086965725,3.166500342459823,1159.155525000002,True
58589.159336,1.001265707050548,0.9512703464620358,1159.159335999997,True
58589.163127,3.9648654350714256,1.6308484318089103,1159.1631269999998,True
58589.166927,0.45927091505610773,1.615561399214195,1159.1669269999984,True
58589.170734,5.340003503477831,1.0885062072554994,1159.1707339999994,True
58589.200588,4.17888145124033,0.5732379362574098,1159.2005879999997,True
58590.155525,-0.003064160872016337,2.6350394519836366,1160.155525000002,True
58590.159336,1.4186475417102569,0.7452521021600627,1160.159335999997,True
58590.163127,3.846449582208614,1.3990675040935636,1160.1631269999998,True
58590.166927,3.121261959722091,1.3202427625189417,1160.1669269999984,True
58590.170734,3.485288948084891,0.8587597300275183,1160.1707339999994,True
58590.200588,3.4558673710936954,0.5604447720123142,1160.2005879999997,True
58591.155525,4.758891218515548,2.220758284276209,1161.155525000002,True
58591.159336,3.906979357144086,0.5838374223855517,1161.159335999997,True
58591.163127,3.362959554366113,1.1489235239093947,1161.1631269999998,True
58591.166927,4.883900024260274,1.0285446739329922,1161.1669269999984,True
58591.170734,3.615292143739726,0.6894004139033199,1161.1707339999994,True
58591.200588,3.741001383891173,0.4928556908474688,1161.2005879999997,True
58592.155525,1.9772426607834581,2.2942926044960243,1162.155525000002,True
58592.159336,4.498647058451815,0.5930398762530633,1162.159335999997,True
58592.163127,3.8497562208165754,1.1357907125893953,1162.1631269999998,True
58592.166927,4.558901207660802,0.9937299684928232,1162.1669269999984,True
58592.170734,3.80804180982574,0.7179513624978465,1162.1707339999994,True
58592.200588,3.6368974277400303,0.445252469309483,1162.2005879999997,True
58593.155525,7.404457688273333,2.5507363705898256,1163.155525000002,True
58593.159336,1.7818667638549013,0.6836311828321842,1163.159335999997,True
58593.163127,2.063829381445978,1.207825321899232,1163.1631269999998,True
58593.166927,1.1307894468718687,1.0947839452104458,1163.1669269999984,True
58593.170734,2.8661411933187706,0.8289700957177667,1163.1707339999994,True
58593.200588,4.137847724708041,0.46754787407306303,1163.2005879999997,True
58594.155525,-0.05342762019853407,1.624924311981855,1164.155525000002,True
58594.159336,3.406088656924124,0.48389087321157453,1164.159335999997,True
58594.163127,3.5881684609832116,0.8739830594836192,1164.1631269999998,True
58594.166927,1.9512894143914172,0.8577981880117003,1164.1669269999984,True
58594.170734,2.9867533506062265,0.5285831887533505,1164.1707339999994,True
58594.200588,3.1584143925173573,0.45401834038334016,1164.2005879999997,True
58595.155525,4.985121952327368,1.424348808915273,1165.155525000002,True
58595.159336,3.555374961678253,0.3926791626960785,1165.159335999997,True
58595.163127,2.355436279127,0.7444863779787787,1165.1631269999998,True
58595.166661,3.8834848564309348,0.1597989305112596,1165.166661000003,True
58595.166927,2.022291349267012,0.6908130281680028,1165.1669269999984,True
58595.170734,3.2808388620714113,0.4408000970091879,1165.1707339999994,True
58595.183144,3.471486160886839,0.194209324475738,1165.1831440000024,True
58595.200588,3.898853248866975,0.4558315173696827,1165.2005879999997,True
58596.155525,3.983906458411947,1.316916603341886,1166.155525000002,True
58596.159336,2.7909919970996224,0.35510334080644435,1166.159335999997,True
58596.163127,4.080891373965794,0.6624069732327783,1166.1631269999998,True
58596.166661,3.9660178808255306,0.18673555332875078,1166.166661000003,True
58596.166927,3.0611642618567694,0.5993667781227774,1166.1669269999984,True
58596.170734,3.6832532201950197,0.4103847426721375,1166.1707339999994,True
58596.183144,3.4400905798773787,0.17838239198304312,1166.1831440000024,True
58596.200588,3.8665140618821536,0.36144726954763035,1166.2005879999997,True
58597.155525,3.6686776101864047,2.6674574173825434,1167.155525000002,True
58597.159336,3.452450406124445,0.7581992869705093,1167.159335999997,True
58597.163127,5.710199393992182,1.2937126352122728,1167.1631269999998,True
58597.166661,3.8051629290944926,0.2672958764371083,1167.166661000003,True
58597.166927,4.747005484988907,1.2181735210659514,1167.1669269999984,True
58597.170734,4.671185556291856,0.8699634781609767,1167.1707339999994,True
58597.183144,4.073824093984723,0.1778650276350091,1167.1831440000024,True
58597.200588,4.038933096541296,0.29446518686535367,1167.2005879999997,True
58598.155525,2.0609605510411577,1.3851428470033207,1168.155525000002,True
58598.159336,2.6010928907945083,0.4210222313048525,1168.159335999997,True
58598.163127,5.685779316669142,0.7847529687688147,1168.1631269999998,True
58598.166661,3.7765984568699267,0.2768989902055677,1168.166661000003,True
58598.166927,4.229295290686837,0.741979482903954,1168.1669269999984,True
58598.170734,3.7110180167038522,0.4435017275258013,1168.1707339999994,True
58598.183144,4.412694287459087,0.19740615637610798,1168.1831440000024,True
58598.200588,3.138293766695082,0.30961362824309985,1168.2005879999997,True
58599.155525,7.809143270469487,2.095069911589555,1169.155525000002,True
58599.159336,2.2367431057941394,0.6120173888444512,1169.159335999997,True
58599.163127,2.0437851011510433,1.1078059560685911,1169.1631269999998,True
58599.166661,3.9210687802781776,0.3321652042180081,1169.166661000003,True
58599.166927,3.8848314748633945,1.0308497636285805,1169.1669269999984,True
58599.170734,2.7565946712443585,0.6585543193760209,1169.1707339999994,True
58599.183144,3.931281406004958,0.2891313142305622,1169.1831440000024,True
58599.200588,3.717155639139112,0.3619374691260008,1169.2005879999997,True
58600.155525,3.205137425371972,6.251669309861615,1170.155525000002,True
58600.159336,0.09046775192553522,1.9275800291726792,1170.159335999997,True
58600.163127,5.664314637477924,3.273140378385894,1170.1631269999998,True
58600.166661,3.9289798976601684,0.23710108596186616,1170.166661000003,True
58600.170734,1.8264422923986887,2.1040587687643475,1170.1707339999994,True
58600.183144,3.67362722995102,0.28494946794650033,1170.1831440000024,True
58600.200588,3.6672536284028157,0.22805955255885688,1170.2005879999997,True
58601.183144,4.202682087537364,0.3600957043642061,1171.1831440000024,True
58601.200588,3.4304456129807575,0.19263797101626146,1171.2005879999997,True
58602.155525,4.899311307024122,2.206297367190869,1172.155525000002,True
58602.166661,3.740155229820028,0.2829341171177197,1172.166661000003,True
58602.166927,4.468941845377881,1.0585662117398156,1172.1669269999984,True
58602.183144,4.141880743581998,0.2519581953535335,1172.1831440000024,True
58602.200588,3.686024217782272,0.18122324220633212,1172.2005879999997,True
58603.155525,5.29017525686729,1.7555762702967352,1173.155525000002,True
58603.166661,3.762010048418519,0.2689463455491741,1173.166661000003,True
58603.166927,4.877146126270434,0.96494942961991,1173.1669269999984,True
58603.170734,4.049063212475756,0.6136722033524857,1173.1707339999994,True
58603.200588,3.69114277424479,0.3830310471954721,1173.2005879999997,True
58604.155525,3.7050713629539844,1.1056899065706103,1174.155525000002,True
58604.166661,4.114494850082942,0.1616555593171922,1174.166661000003,True
58604.166927,3.966475114859843,0.5382758909657813,1174.1669269999984,True
58604.170734,3.5995505823681317,0.3646462429108801,1174.1707339999994,True
58604.183144,3.8504135713652414,0.30461202833677886,1174.1831440000024,True
58604.200588,3.4674901409769077,0.2015349279253113,1174.2005879999997,True
58605.155525,4.1684188234269275,1.0660984125815658,1175.155525000002,True
58605.166661,3.6836900646834194,0.22249709125663306,1175.166661000003,True
58605.166927,3.526692129950086,0.5776801001003706,1175.1669269999984,True
58605.170734,3.9982162622886683,0.38289272457547485,1175.1707339999994,True
58605.183144,4.102309506052169,0.28102148759423906,1175.1831440000024,True
58605.200588,3.2514752007995895,0.30691673209113424,1175.2005879999997,True
58606.155525,5.4835368909939115,0.797954730514561,1176.155525000002,True
58606.166661,4.244014317351735,0.18351475698889497,1176.166661000003,True
58606.166927,3.649662482839708,0.42029944569658534,1176.1669269999984,True
58606.170734,4.338462200734947,0.2521796674179512,1176.1707339999994,True
58606.183144,4.10234859904135,0.1618764002452213,1176.1831440000024,True
58606.200588,2.9897613309315267,0.8982407684522903,1176.2005879999997,True
58607.155525,4.384537954721151,1.8096778516223022,1177.155525000002,True
58607.166661,3.812046022374315,0.29736273580294154,1177.166661000003,True
58607.166927,4.586222458851314,0.8288645689155167,1177.1669269999984,True
58607.170734,2.434268380802288,0.6346208523163689,1177.1707339999994,True
58607.183144,3.7001935576289537,0.25430382311530214,1177.1831440000024,True
58608.155525,3.8924730471884543,0.8903123107045195,1178.155525000002,True
58608.166661,3.3696342868291183,0.32264914807140516,1178.166661000003,True
58608.166927,3.819325322130572,0.44059629716683324,1178.1669269999984,True
58608.170734,3.9675207131569326,0.2890760095469327,1178.1707339999994,True
58608.183144,4.282888882382253,0.21166530407995998,1178.1831440000024,True
58608.200588,3.527360039787209,0.33383354925487446,1178.2005879999997,True
58609.155525,1.3657502429594666,1.0090427860914202,1179.155525000002,True
58609.166661,4.114126308630385,0.30285519751857104,1179.166661000003,True
58609.166927,4.845668699829073,0.4490913367279908,1179.1669269999984,True
58609.170734,3.3178745618411463,0.3348406923808104,1179.1707339999994,True
58609.183144,4.244247721431504,0.36129671985702344,1179.1831440000024,True
58609.200588,3.328286886532225,0.29539681448079075,1179.2005879999997,True
58610.155525,2.8871600786166147,1.026396264729545,1180.155525000002,True
58610.166927,4.933264625898684,0.49156669001097336,1180.1669269999984,True
58610.170734,3.953057238079184,0.3268751289018548,1180.1707339999994,True
58610.183144,4.083946092845514,0.35297992629610153,1180.1831440000024,True
58610.200588,4.139145483091236,0.17350973807696268,1180.2005879999997,True
58611.155525,3.893685967100587,1.5705411232470763,1181.155525000002,True
58611.166927,5.189131122089879,0.9172347304292001,1181.1669269999984,True
58611.170734,3.6070501138414617,0.5959792221660509,1181.1707339999994,True
58611.183144,3.982273744405957,0.32090885631237737,1181.1831440000024,True
58611.200588,3.6905908925276694,0.18142332257626217,1181.2005879999997,True
58612.155525,4.839002301879507,0.7121201697626678,1182.155525000002,True
58612.166927,4.2409494019362945,0.3991964069725381,1182.1669269999984,True
58612.170734,3.63665051870386,0.23805003811055522,1182.1707339999994,True
58612.200588,3.7865449745488253,0.13723347245708967,1182.2005879999997,True
58613.155525,3.542855429269283,0.7449417373457595,1183.155525000002,True
58613.166927,4.440121729289749,0.4219434283657891,1183.1669269999984,True
58613.170734,3.983587016950569,0.2806810529516079,1183.1707339999994,True
58613.200588,4.194602062482065,0.24515436812715025,1183.2005879999997,True
58614.155525,3.859110624764942,0.6930562167789379,1184.155525000002,True
58614.166927,4.383689976215914,0.4225599315675623,1184.1669269999984,True
58614.170734,3.6949784350471524,0.23742847640058573,1184.1707339999994,True
58614.200588,3.9504212449615825,0.13347084896925407,1184.2005879999997,True
58615.155525,2.4013637808225163,0.7558239608147553,1185.155525000002,True
58615.166927,4.722978741408979,0.41344861373909825,1185.1669269999984,True
58615.170734,4.198310522879331,0.2652675577709803,1185.1707339999994,True
58615.200588,3.8634419372759745,0.1382925964849864,1185.2005879999997,True
58617.200588,3.482344904955999,0.2817965466456592,1187.2005879999997,True
58618.200588,3.9528534227208314,0.1256223389045206,1188.2005879999997,True
58619.200588,4.009925558047059,0.12905885137280687,1189.2005879999997,True
58620.200588,3.9604863890024,0.13106438090699904,1190.2005879999997,True
58621.200588,4.102763914393101,0.12915554708533353,1191.2005879999997,True
58623.155525,4.329485564540846,0.9895979608360738,1193.155525000002,True
58623.166927,3.69642113968262,0.5628012304508849,1193.1669269999984,True
58623.170734,2.9416135561978107,0.34331570732696126,1193.1707339999994,True
58624.155525,4.410528297104447,1.0146231060428412,1194.155525000002,True
58624.166927,3.946405910604545,0.5299902605435749,1194.1669269999984,True
58624.170734,3.5420568617599337,0.3618044967487872,1194.1707339999994,True
58625.155525,3.196327947974037,0.9462118368563757,1195.155525000002,True
58625.166927,3.8103601775967104,0.5305840667177358,1195.1669269999984,True
58625.170734,3.383441096755728,0.30680104222653026,1195.1707339999994,True
58626.155525,1.3355901528723644,1.1477102114889999,1196.155525000002,True
58626.166927,3.4833592081020486,0.5844016320122367,1196.1669269999984,True
58626.170734,3.5578052758743084,0.38699547563612857,1196.1707339999994,True
58627.155525,4.832934397648443,1.6146929775193768,1197.155525000002,True
58627.166927,2.2729175528986745,0.871723382943837,1197.1669269999984,True
58627.170734,2.7792738258675613,0.5754390804705914,1197.1707339999994,True
58628.155525,3.4208796729682502,1.776721715382581,1198.155525000002,True
58628.166927,4.458080758660506,0.8262036807147872,1198.1669269999984,True
58628.170734,4.34387630698681,0.6150190553247395,1198.1707339999994,True
58629.155525,6.96803243259069,2.0650103661808896,1199.155525000002,True
58629.166927,5.472250276000911,1.0576657162799952,1199.1669269999984,True
58629.170734,3.8864441933200795,0.6961850284374651,1199.1707339999994,True
58629.200588,3.8193237569627883,0.1727593393843878,1199.2005879999997,True
58630.155525,2.348305991247726,1.4780526353565946,1200.155525000002,True
58630.166927,4.667240384957451,0.7197273920767501,1200.1669269999984,True
58630.170734,3.127921319119753,0.4723641790092993,1200.1707339999994,True
58630.200588,3.733097137011155,0.1540042464295129,1200.2005879999997,True
58631.155525,3.035040284748093,1.546030998231206,1201.155525000002,True
58631.166927,3.309981887190009,0.7425141650947027,1201.1669269999984,True
58631.170734,3.0144196645649486,0.5450717268411008,1201.1707339999994,True
58631.200588,3.732934047066357,0.1536693618442733,1201.2005879999997,True
58632.155525,3.1851259511941166,1.7747855417879697,1202.155525000002,True
58632.166927,4.427868275390178,0.846746687358249,1202.1669269999984,True
58632.170734,3.0972930350479295,0.5881067810894746,1202.1707339999994,True
58632.200588,3.8009957639303558,0.169861111300372,1202.2005879999997,True
58633.155525,5.115889611047015,1.6127632898067823,1203.155525000002,True
58633.166927,3.9467963130475434,0.8355632381789647,1203.1669269999984,True
58633.170734,2.5855984825129483,0.5519803568175907,1203.1707339999994,True
58633.200588,3.449395882287355,0.2501663519612091,1203.2005879999997,True
58634.155525,5.267284494394068,1.0000781425791057,1204.155525000002,True
58634.166927,3.8307142575657407,0.4772372454705636,1204.1669269999984,True
58634.170734,3.958801995822532,0.3574310420148576,1204.1707339999994,True
58634.200588,3.6099722896738777,0.25630474482178645,1204.2005879999997,True
58635.155525,6.784846420903651,1.396495566700432,1205.155525000002,True
58635.166927,3.2185916271274086,0.7396565474681058,1205.1669269999984,True
58635.170734,3.383626556582766,0.44424402374301447,1205.1707339999994,True
58635.200588,4.068800351299389,0.3270869314641539,1205.2005879999997,True
58636.155525,6.022860793058554,1.1565853347700408,1206.155525000002,True
58636.166927,4.052322496684006,0.6091242189609486,1206.1669269999984,True
58636.200588,3.683914175735759,0.22515413201805118,1206.2005879999997,True
58637.155525,1.2208275409300628,1.6606902150870237,1207.155525000002,True
58637.166927,2.8779326727990995,0.9771343481910456,1207.1669269999984,True
58637.170734,3.849888567453055,0.5849660784013659,1207.1707339999994,True
58637.200588,4.002491048340588,0.23352852357410342,1207.2005879999997,True
58638.155525,3.8421790200399646,2.0249091288704753,1208.155525000002,True
58638.166927,4.281755516050053,1.0488295194800723,1208.1669269999984,True
58638.170734,2.743237780014741,0.6490346963588965,1208.1707339999994,True
58638.200588,3.762580655219054,0.2713476473282228,1208.2005879999997,True
58639.017269,6.009559015226871,1.3316693773329211,1209.0172690000036,True
58639.155525,3.2682413966059762,1.9558806526952859,1209.155525000002,True
58639.166927,3.7104546120048276,0.9874742809915632,1209.1669269999984,True
58639.200588,3.9797285186249938,0.2466256284355692,1209.2005879999997,True
58640.017269,0.49620538267410597,2.103590439699736,1210.0172690000036,True
58640.200588,3.750107318835173,0.1410069325464854,1210.2005879999997,True
58641.017269,-0.28272451122850883,5.0005852084093245,1211.0172690000036,True
58641.200588,3.5591637088216475,0.2239974087971363,1211.2005879999997,True
58642.017269,4.122634124934156,3.3790754043805844,1212.0172690000036,True
58642.017269,53.405407192829365,26.16018994051735,1212.0172690000036,True
58642.200588,3.6810033755304343,0.18525740990405615,1212.2005879999997,True
58643.017269,0.6834435785730057,1.7603418379139197,1213.0172690000036,True
58643.200588,3.640758713070544,0.30154533289059154,1213.2005879999997,True
58644.017269,1.0927468895149357,0.9679693826052721,1214.0172690000036,True
58644.200588,4.048779973164706,0.32045126559135473,1214.2005879999997,True
58645.017269,4.126308127449921,1.7735657806151357,1215.0172690000036,True
58645.200588,4.2277223639622,0.28703288981163966,1215.2005879999997,True
58646.017269,-0.42843813705029093,3.001095660188599,1216.0172690000036,True
58647.017269,4.760377052531351,2.194630117739419,1217.0172690000036,True
58648.017269,3.580568566885272,0.9634381178673582,1218.0172690000036,True
58649.017269,2.858661649842791,1.5225964765028663,1219.0172690000036,True
58650.017269,5.344717782688955,1.7272896405289355,1220.0172690000036,True
58651.017269,0.2438011130245201,1.5593620808404207,1221.0172690000036,True
58652.017269,0.814896220807006,1.3923353667499134,1222.0172690000036,True
58653.017269,3.633519184422053,1.3533242731819335,1223.0172690000036,True
58654.017269,3.7816872829197474,1.4057862143526154,1224.0172690000036,True
58655.017269,5.061427436251784,1.2741493424800547,1225.0172690000036,True
58656.017269,6.617513022813443,1.392509696354945,1226.0172690000036,True
58657.017269,5.331221078050585,1.187530561249669,1227.0172690000036,True
58658.017269,1.480882534542744,0.954002386062989,1228.0172690000036,True
58659.017269,5.37233222198212,0.9455266491256342,1229.0172690000036,True
58660.017269,1.5537333732584846,1.00404324827659,1230.0172690000036,True
58661.017269,2.6869653903877295,0.8346243947678165,1231.0172690000036,True
58662.017269,2.6700731573281,0.6699914700517537,1232.0172690000036,True
58663.017269,4.251307725581841,0.591469434999107,1233.0172690000036,True
58664.017269,0.3382170385307597,1.1429152214703602,1234.0172690000036,True
58665.017269,4.543071592104247,0.7624295801605113,1235.0172690000036,True
58666.017269,4.082329667851032,0.9879449837726452,1236.0172690000036,True
58667.017269,4.956959036339071,3.0260701429575576,1237.0172690000036,True
58669.017269,3.23727675624665,1.0143403996590417,1239.0172690000036,True
58670.017269,3.4315441691814375,0.799535312121071,1240.0172690000036,True
58671.017269,4.715912476975266,0.5213685840764574,1241.0172690000036,True
58672.017269,3.1030768666726423,0.5205676851406439,1242.0172690000036,True
58673.017269,3.7874224264187557,0.3651077230779731,1243.0172690000036,True
58674.017269,4.578390050923929,0.8611732516159799,1244.0172690000036,True
58675.017269,4.291460638413272,0.3917678157645581,1245.0172690000036,True
58676.017269,3.8182348477860826,0.4593656752484207,1246.0172690000036,True
58677.017269,3.892447399599939,0.44203382201241864,1247.0172690000036,True
58678.017269,2.8402061427845817,0.8764728785696234,1248.0172690000036,True
58679.017269,4.4884464897718015,0.38186380334494113,1249.0172690000036,True
58680.017269,3.959004378593844,0.4361662405578942,1250.0172690000036,True
58681.017269,4.373230571969192,0.3772626654836823,1251.0172690000036,True
58682.017269,3.842944189562125,0.42669103842403183,1252.0172690000036,True
58690.017269,4.5996394308265,0.5113212662316445,1260.0172690000036,True
58691.017269,4.410528297104447,0.5364364048005179,1261.0172690000036,True
58691.979665,3.1342147489059164,0.5579585409833365,1261.979664999999,True
58692.017269,2.5360551126179574,0.45369561764939753,1262.0172690000036,True
58692.979665,3.8636774871021955,0.8862526327840812,1262.979664999999,True
58693.017269,4.689385506012652,0.5794385608274193,1263.0172690000036,True
58693.979665,5.428357217643763,2.079529561482169,1263.979664999999,True
58694.017269,4.0197525763749855,0.8299348726839509,1264.0172690000036,True
58694.979665,4.293974137335025,1.3879323378956132,1264.979664999999,True
58694.979665,-25.309724730306392,10.180646770126614,1264.979664999999,True
58695.017269,3.340374895558924,0.7865129532478633,1265.0172690000036,True
58695.979665,5.011395127545208,0.744144504209066,1265.979664999999,True
58696.017269,3.6209890266413383,0.8926218517797341,1266.0172690000036,True
58696.979665,3.3622394703662595,0.4065187128121994,1266.979664999999,True
58697.017269,5.166561793378436,0.6284404106599075,1267.0172690000036,True
58697.979665,3.20443595864505,0.7316841267721539,1267.979664999999,True
58698.017269,3.8959511773943456,0.7105522038108297,1268.0172690000036,True
58698.979665,2.6358237086895184,1.2261258461995985,1268.979664999999,True
58699.017269,3.9905724801091584,0.7938600591255444,1269.0172690000036,True
58699.979665,2.3276229962683495,0.8852112858139357,1269.979664999999,True
58700.017269,4.382233253460493,0.8355632381789647,1270.0172690000036,True
58700.979665,3.901306542592068,0.40912454763820977,1270.979664999999,True
58701.017269,4.66880557943561,0.5003151224495891,1271.0172690000036,True
58701.979665,4.242160412873391,0.6390268610862962,1271.979664999999,True
58702.017269,2.71298461597781,0.6274327954384622,1272.0172690000036,True
58702.979665,3.703287568736018,0.7112864260462718,1272.979664999999,True
58703.017269,4.331146963109791,0.5727966081910506,1273.0172690000036,True
58703.979665,1.7694345371868012,0.6400600895200118,1273.979664999999,True
58704.017269,4.3976096146453445,0.9259473266898025,1274.0172690000036,True
58704.979665,3.5894644950508097,0.6101163786406074,1274.979664999999,True
58705.017269,2.4201490554473257,0.8316787304510885,1275.0172690000036,True
58705.979665,2.6065332157567807,0.5770039587106198,1275.979664999999,True
58706.017269,3.864620687098005,0.8375680579733288,1276.0172690000036,True
58706.979665,4.162290107968021,0.5960449746398198,1276.979664999999,True
58707.979665,1.8510991712717122,0.5322640543642988,1277.979664999999,True
58708.979665,4.034351946865585,0.615997927055219,1278.979664999999,True
58709.979665,3.938172917859083,0.5159437630338894,1279.979664999999,True
58710.979665,3.0018230044369054,0.4081306009776875,1280.979664999999,True
58711.979665,2.8995946371364045,0.3999948520565796,1281.979664999999,True
58712.979665,3.694085970427115,0.4357604090043916,1282.979664999999,True
58713.979665,3.315968349864576,0.3444802757602733,1283.979664999999,True
58714.979665,3.7435401535436164,0.28672056694894327,1284.979664999999,True
58715.979665,3.2412791050282004,0.2481428339384869,1285.979664999999,True
58716.979665,4.120789036861412,0.4933911656322907,1286.979664999999,True
58717.979665,3.4612458364710883,0.29426284983672485,1287.979664999999,True
58718.979665,3.6464715867748656,0.41111405459840544,1288.979664999999,True
58719.979665,5.575715106989045,1.3167474937696777,1289.979664999999,True
58722.979665,3.6684285234943403,0.35633885776983665,1292.979664999999,True
58723.979665,4.773469266385731,0.20492615229684122,1293.979664999999,True
58724.979665,4.888312619056154,0.2348795343707967,1294.979664999999,True
58725.979665,4.758761646431533,0.15285211574184795,1295.979664999999,True
58726.979665,4.239638408064528,0.36675250119980224,1296.979664999999,True
58727.979665,4.459605409000873,0.1742245815015032,1297.979664999999,True
58728.979665,4.298046456690159,0.18524632352335102,1298.979664999999,True
58729.979665,4.3219412550304455,0.18820399845020475,1299.979664999999,True
58730.979665,3.6703333541713987,0.36052834270319806,1300.979664999999,True
58731.979665,4.439259371369161,0.14233034420319518,1301.979664999999,True
58732.979665,4.752672416968111,0.17383437123684195,1302.979664999999,True
58733.979665,4.4311595801048815,0.15496009676297123,1303.979664999999,True
58734.979665,4.915748214670671,0.15899290903366498,1304.979664999999,True
58742.979665,4.57645025775477,0.2403557788884805,1312.979664999999,True
58743.979665,4.506634447844325,0.23030315390714817,1313.979664999999,True
58744.979665,4.847010036364237,0.20173808454853512,1314.979664999999,True
58745.979665,4.69186704160506,0.23053465653476343,1315.979664999999,True
58746.979665,4.633403672984123,0.3719553886195254,1316.979664999999,True
58747.979665,4.879326686965122,0.32557629747632333,1317.979664999999,True
58748.979665,5.502258251364595,0.40118354755448093,1318.979664999999,True
58749.979665,4.704000243246114,0.25149869712492523,1319.979664999999,True
58750.979665,4.944166036704154,0.3041541477013709,1320.979664999999,True
58751.979665,3.4056426342845465,0.31526410540131666,1321.979664999999,True
58752.979665,4.821329327826491,0.3585951273988988,1322.979664999999,True
58753.979665,4.30883486674842,0.21598242761231431,1323.979664999999,True
58754.979665,4.6859021817395945,0.2508530927721446,1324.979664999999,True
58756.979665,4.262173137521433,0.38340473303460315,1326.979664999999,True
58757.979665,4.936724495105086,0.36462870344036885,1327.979664999999,True
58758.979665,3.757110134730395,0.3328770121419793,1328.979664999999,True
58818.256651,3.049912115405356,0.3793618507525203,1388.2566510000033,True
58818.264945,3.1841718650543958,0.32316009508548027,1388.2649450000026,True
58819.256651,3.3368202100058664,0.5921146447512486,1389.2566510000033,True
58819.264945,1.7917560640585237,0.5172606053823706,1389.2649450000026,True
58820.256651,0.42551287880371286,1.350959997573425,1390.2566510000033,True
58820.264945,1.1484346166356454,1.2470399977600846,1390.2649450000026,True
58821.256651,-16.14877154067566,7.471237309703585,1391.2566510000033,True
58821.256651,2.975673128679946,0.9044249056411103,1391.2566510000033,True
58821.264945,4.426195425443456,0.8574824364901877,1391.2649450000026,True
58822.256651,2.634933646361417,0.5552189281703243,1392.2566510000033,True
58823.256651,3.492533929600938,0.30417833755877854,1393.2566510000033,True
58823.264945,2.841061633427542,0.25395574599922927,1393.2649450000026,True
58824.256651,2.0790875003291944,0.527792579527473,1394.2566510000033,True
58824.264945,3.2791823507103097,0.4621818576035228,1394.2649450000026,True
58825.256651,3.2513430945607538,0.8745007466311955,1395.2566510000033,True
58825.264945,2.8744515207718675,0.7951920914391214,1395.2649450000026,True
58826.256651,2.811230112033682,0.6323688698540171,1396.2566510000033,True
58826.264945,2.700841531261161,0.5908417370872113,1396.2649450000026,True
58827.256651,3.4850816886214178,0.3236760334995292,1397.2566510000033,True
58827.264945,2.8803314596170027,0.2744635654712347,1397.2649450000026,True
58828.256651,3.9168512442688983,0.49394645026038464,1398.2566510000033,True
58828.264945,2.765182003692074,0.434867313893132,1398.2649450000026,True
58829.264945,2.651088713637982,0.49579610052219447,1399.2649450000026,True
58830.256651,3.6833397068299734,0.4867123597391756,1400.2566510000033,True
58830.264945,3.3264434559333984,0.46278854511863593,1400.2649450000026,True
58831.256651,4.448173531812871,0.4769803977308593,1401.2566510000033,True
58831.264945,2.489018040376739,0.41420082949699427,1401.2649450000026,True
58832.256651,4.099716762302999,0.43714468534633605,1402.2566510000033,True
58832.264945,3.5490631014726057,0.39728141419419727,1402.2649450000026,True
58833.256651,4.1343559556709,0.43751866035365794,1403.2566510000033,True
58833.264945,2.8493849500033335,0.412028746382535,1403.2649450000026,True
58834.256651,3.2260341453404084,0.39187256755072697,1404.2566510000033,True
58834.264945,2.875055428306478,0.3806026087468852,1404.2649450000026,True
58835.256651,4.013505993327337,0.43811245686217204,1405.2566510000033,True
58835.264945,2.4952257106249642,0.38912446604729006,1405.2649450000026,True
58836.256651,3.4709571768895056,0.353708113102122,1406.2566510000033,True
58836.264945,2.952147059616539,0.32418466443962723,1406.2649450000026,True
58837.256651,2.9207987784912497,0.2717784036005701,1407.2566510000033,True
58837.264945,3.5458428072148784,0.2632129854291722,1407.2649450000026,True
58838.256651,3.117436561199663,0.2653500032472675,1408.2566510000033,True
58838.264945,3.62727936219878,0.26349602942545247,1408.2649450000026,True
58839.256651,2.581615279204138,0.29657340777534197,1409.2566510000033,True
58839.264945,3.565921144249353,0.2891398478570318,1409.2649450000026,True
58840.256651,3.4943697740436823,0.22916306652285115,1410.2566510000033,True
58840.264945,2.9260600825865306,0.20286265038098317,1410.2649450000026,True
58840.273704,2.9749764411826356,0.33752276597816827,1410.2737039999993,True
58840.281991,2.9624871621455156,0.41620522391202436,1410.2819910000035,True
58840.356508,4.161457949709036,0.7403020149252887,1410.3565079999971,True
58841.256651,3.2176030189035423,0.17968233485503987,1411.2566510000033,True
58841.264945,3.4366149635337204,0.17197064666383644,1411.2649450000026,True
58841.273704,2.9913400283033535,0.5422119518386637,1411.2737039999993,True
58841.281991,3.5508259892271443,0.6708073528057096,1411.2819910000035,True
58841.356508,4.280652873073699,1.1055365814480362,1411.3565079999971,True
58842.256651,3.2786875724561133,0.1560071641623318,1412.2566510000033,True
58842.264945,3.600123292577436,0.15337471645444165,1412.2649450000026,True
58842.273704,3.541983307988562,1.3272391280508147,1412.2737039999993,True
58842.281991,2.8608554831250377,1.642387823136923,1412.2819910000035,True
58842.356508,0.6525554870915544,2.4974686911662562,1412.3565079999971,True
58843.256651,4.095515727295728,0.31984777328126274,1413.2566510000033,True
58843.264945,2.8515072675626345,0.30187564203455464,1413.2649450000026,True
58843.273704,-2.0696157673752245,7.438659240039175,1413.2737039999993,True
58843.273704,3.9278228779578277,0.9200723953580846,1413.2737039999993,True
58843.281991,3.258892692557179,1.1508728686834537,1413.2819910000035,True
58843.356508,-3.9917218775751317,12.85747816088524,1413.3565079999971,True
58843.356508,3.9857185899106327,1.7047940046643422,1413.3565079999971,True
58844.256651,3.1537138395594986,0.19732002238388327,1414.2566510000033,True
58844.264945,2.988239770155292,0.1760893870640985,1414.2649450000026,True
58844.273704,2.6971679537624142,0.4858721284949278,1414.2737039999993,True
58844.281991,1.661411266302961,0.6018946587210725,1414.2819910000035,True
58845.256651,3.1765620931146237,0.26650905582469797,1415.2566510000033,True
58845.264945,3.7032239410816583,0.25652064146670245,1415.2649450000026,True
58845.273704,2.9618801319906085,0.2596413224021973,1415.2737039999993,True
58845.356508,2.0569258878515626,0.5581340835580081,1415.3565079999971,True
58846.256651,4.7300577997212105,0.8708685557809301,1416.2566510000033,True
58846.273704,3.1089266798949953,0.4729785586796155,1416.2737039999993,True
58846.281991,3.6363040016887735,0.579699796239459,1416.2819910000035,True
58846.356508,2.6604483275034374,0.9521859833646702,1416.3565079999971,True
58847.273704,5.15966374471342,0.8267751842147264,1417.2737039999993,True
58847.281991,4.906297156002456,1.0148700478561072,1417.2819910000035,True
58847.356508,2.5873962997669238,1.5475715460046449,1417.3565079999971,True
58848.256651,3.4370062301598208,0.3214693437269161,1418.2566510000033,True
58848.273704,4.443929787650123,0.6229069915020866,1418.2737039999993,True
58848.281991,2.3065965999307263,0.7627325271472808,1418.2819910000035,True
58848.296309,2.565952552716955,0.45679538078266446,1418.2963089999976,True
58848.304602,3.215395062647196,0.35282213279864033,1418.3046019999965,True
58848.356508,4.462327884445542,1.1459386004004632,1418.3565079999971,True
58849.256651,4.073359043687337,0.25834567188313157,1419.2566510000033,True
58849.264945,4.411476028048488,0.2585481371432281,1419.2649450000026,True
58849.273704,3.242691920720862,0.2800948429073082,1419.2737039999993,True
58849.281991,3.3210401285271023,0.3222070046031622,1419.2819910000035,True
58849.296309,3.6309581980386985,0.7043957038045644,1419.2963089999976,True
58849.304602,3.058516730301064,0.5450909533528507,1419.3046019999965,True
58849.356508,3.7250230750280275,0.6003431423153144,1419.3565079999971,True
58850.256651,3.468848706415203,0.16091919039342348,1420.2566510000033,True
58850.264945,3.9173120239050707,0.13381953537932978,1420.2649450000026,True
58850.273704,3.6513690492008646,0.44346744133899785,1420.2737039999993,True
58850.281991,3.034403384606137,0.502920496290853,1420.2819910000035,True
58850.296309,1.672552876563797,1.607371301460689,1420.2963089999976,True
58850.304602,5.182112000694761,1.3351460845583514,1420.3046019999965,True
58850.356508,3.569106960588234,0.8903001499394215,1420.3565079999971,True
58851.264945,4.009563099697886,0.15582990041991665,1421.2649450000026,True
58851.273704,3.3623751396842536,0.5130521617458023,1421.2737039999993,True
58851.281991,2.937286802224647,0.5829181657243119,1421.2819910000035,True
58851.296309,-6.016991875045653,8.35627486891992,1421.2963089999976,True
58851.296309,2.1573094164821933,1.0781120414995242,1421.2963089999976,True
58851.304602,2.9639375113922144,0.9584087451646714,1421.3046019999965,True
58851.356508,1.5694282905972017,0.9621306331016439,1421.3565079999971,True
58852.273704,3.7225590750603663,0.4859279723745677,1422.2737039999993,True
58852.281991,3.397038318748106,0.5553462541423632,1422.2819910000035,True
58852.296309,2.177066956196938,0.6218985432428216,1422.2963089999976,True
58852.356508,3.879436547981938,0.8894952714653104,1422.3565079999971,True
58853.264945,4.032079597988826,0.23595128881247285,1423.2649450000026,True
58853.273704,2.5575704424711896,0.43007612261360384,1423.2737039999993,True
58853.281991,2.774051712243138,0.455693072869951,1423.2819910000035,True
58853.296309,2.6539114101631847,0.33687040187584355,1423.2963089999976,True
58853.304602,2.4146434032049555,0.26935418209060064,1423.3046019999965,True
58853.356508,4.336324875764031,0.9232926155773592,1423.3565079999971,True
58854.264945,3.9646708017910415,0.12425613555287147,1424.2649450000026,True
58854.273704,3.312586069214155,0.41079438746610875,1424.2737039999993,True
58854.281991,4.234846495022114,0.4368068610145383,1424.2819910000035,True
58854.296309,2.1829019337531665,0.583852373576418,1424.2963089999976,True
58854.304602,2.249343171144509,0.46965649681004884,1424.3046019999965,True
58854.356508,2.890305654466922,0.8354395725359267,1424.3565079999971,True
58855.264945,3.6815861454643657,0.12360029240077167,1425.2649450000026,True
58855.273704,2.116113452203907,0.4329793606053758,1425.2737039999993,True
58855.281991,3.6629671356569826,0.4647544588433509,1425.2819910000035,True
58855.296309,3.0021875848865367,0.9552130948355201,1425.2963089999976,True
58855.304602,3.718071021133583,0.8190548726473563,1425.3046019999965,True
58855.356508,2.6328952697006454,0.8285967925133519,1425.3565079999971,True
58856.273704,2.881495404765817,0.4076505098761054,1426.2737039999993,True
58856.281991,3.0585947573976164,0.437274401589061,1426.2819910000035,True
58856.296309,4.223678286013519,0.6975506985006484,1426.2963089999976,True
58856.304602,3.6154897719477685,0.6423564081143875,1426.3046019999965,True
58856.356508,3.383813568594193,0.7557312375033329,1426.3565079999971,True
58857.256651,3.3036628146126477,0.26597573656317514,1427.2566510000033,True
58857.273704,2.905196130210502,0.4130973126162749,1427.2737039999993,True
58857.281991,2.9503623628767053,0.43533299639040574,1427.2819910000035,True
58857.296309,3.296556313587653,0.34571146694503424,1427.2963089999976,True
58857.304602,2.855847644677552,0.28670547294095966,1427.3046019999965,True
58857.356508,4.169850644864195,0.8956811370267086,1427.3565079999971,True
58858.256651,3.692083620395724,0.11031967984592146,1428.2566510000033,True
58858.264945,4.069965609393784,0.08931756103590527,1428.2649450000026,True
58858.273704,3.648671139712289,0.3459689566566134,1428.2737039999993,True
58858.281991,2.8231611188580663,0.3646002592106153,1428.2819910000035,True
58858.296309,2.9708372252236503,0.520868588351791,1428.2963089999976,True
58858.304602,3.584063703972349,0.4352412324777349,1428.3046019999965,True
58858.356508,3.3190404022184152,0.7131489346823984,1428.3565079999971,True
58859.256651,3.66050091283361,0.1277419243179823,1429.2566510000033,True
58859.264945,4.182004026544136,0.10193015404342094,1429.2649450000026,True
58859.273704,3.747245883136937,0.28404778638662653,1429.2737039999993,True
58859.281991,3.497228271647485,0.30256760945991923,1429.2819910000035,True
58859.296309,2.6468799182175893,0.5673456226688609,1429.2963089999976,True
58859.304602,3.7664195000418994,0.5050554504470571,1429.3046019999965,True
58859.356508,3.4740784928058694,0.5502702430652088,1429.3565079999971,True
58860.256651,3.84945579007566,0.11151334066120361,1430.2566510000033,True
58860.264945,3.8880751288327864,0.09831839991918521,1430.2649450000026,True
58860.273704,3.472009054621776,0.28945166293086183,1430.2737039999993,True
58860.281991,3.6898509786850355,0.31401681606991017,1430.2819910000035,True
58860.296309,3.4127260660402627,0.5192644353704017,1430.2963089999976,True
58860.304602,3.0205323837363336,0.49573281443216555,1430.3046019999965,True
58860.356508,2.7257845913412506,0.5429825830640591,1430.3565079999971,True
58861.256651,3.518588597595713,0.1217800194127123,1431.2566510000033,True
58861.264945,3.9074800566975614,0.09370272656807456,1431.2649450000026,True
58861.273704,2.9866161299258676,0.3204120654444058,1431.2737039999993,True
58861.281991,2.7892422976121125,0.34732667894173563,1431.2819910000035,True
58861.296309,2.7127153524744188,0.5264102876621207,1431.2963089999976,True
58861.304602,2.0849196701357693,0.43657056070676226,1431.3046019999965,True
58861.356508,2.284272882471729,0.619036110438592,1431.3565079999971,True
58862.273704,3.1909034339452034,0.21812792688290664,1432.2737039999993,True
58862.281991,3.0879087973057198,0.2464514519587647,1432.2819910000035,True
58862.296309,3.6031149945602516,0.4844400917980263,1432.2963089999976,True
58862.304602,3.741622970597344,0.40133530617577073,1432.3046019999965,True
58862.356508,2.2253287154500434,0.44490004648376996,1432.3565079999971,True
58863.273704,3.5569172993164937,0.18770249057389143,1433.2737039999993,True
58863.281991,3.294719900815578,0.21407646418780715,1433.2819910000035,True
58863.296309,3.4045762269086133,0.48430836545133565,1433.2963089999976,True
58863.304602,2.570043427032123,0.42529746872366714,1433.3046019999965,True
58863.356508,2.757986402707819,0.3573596307803668,1433.3565079999971,True
58864.273704,3.19140114845765,0.16806100366688143,1434.2737039999993,True
58864.281991,3.604279788958315,0.19729502821239828,1434.2819910000035,True
58864.296309,2.6303363228516288,0.437274401589061,1434.2963089999976,True
58864.304602,2.958775122277875,0.41634447809621195,1434.3046019999965,True
58864.356508,3.296699056773256,0.31617082470554275,1434.3565079999971,True
58865.273704,3.2334150565551862,0.338381533629431,1435.2737039999993,True
58865.281991,3.1351299637997494,0.39651014563050335,1435.2819910000035,True
58865.296309,3.7737775276374887,0.5294872198714907,1435.2963089999976,True
58865.304602,2.1443188260644614,0.42421515450333996,1435.3046019999965,True
58865.356508,3.084583344668383,0.655140346852666,1435.3565079999971,True
58866.273704,2.760322655692895,0.18592416666076356,1436.2737039999993,True
58866.281991,3.122492317030403,0.22947819058885174,1436.2819910000035,True
58866.296309,3.674468327863984,0.4270867816224974,1436.2963089999976,True
58866.304602,3.2817777971104127,0.3419560607219054,1436.3046019999965,True
58866.356508,3.3597758882515287,0.35077380561438753,1436.3565079999971,True
58867.273704,3.1470508688750916,0.2751354136793304,1437.2737039999993,True
58867.281991,2.6839516577316638,0.34051412584075547,1437.2819910000035,True
58867.296309,2.969413314058644,0.3282638639741128,1437.2963089999976,True
58867.356508,2.4932637472608405,0.5010097838203649,1437.3565079999971,True
58868.273704,2.7275643463953325,0.8103615593495,1438.2737039999993,True
58868.281991,1.5311105241024252,0.9292145880540943,1438.2819910000035,True
58868.296309,2.992293328227153,0.32398192536216586,1438.2963089999976,True
58868.304602,3.5392156056625685,0.2980262918567563,1438.3046019999965,True
58868.356508,-0.6874793450499846,1.771990609777575,1438.3565079999971,True
58869.264945,3.5375753041412694,0.1596574565988604,1439.2649450000026,True
58869.296309,3.3429143467000464,0.36552608425897815,1439.2963089999976,True
58869.304602,2.7507928497587835,0.3445070527658251,1439.3046019999965,True
58870.164156,2.921897005274876,0.40371594487490436,1440.164155999999,True
58870.256651,3.6158945141576453,0.1617396195378445,1440.2566510000033,True
58870.264945,3.846783681179061,0.138416297589996,1440.2649450000026,True
58870.273704,3.9910177470856456,0.3138606018635569,1440.2737039999993,True
58870.281991,3.6367357040729935,0.34072897156854326,1440.2819910000035,True
58870.296309,3.1118182665256,0.2808443038365923,1440.2963089999976,True
58870.304602,3.2350439925049823,0.2203349548108956,1440.3046019999965,True
58870.356508,3.931574451278154,0.5606691660562635,1440.3565079999971,True
58871.164156,4.319519393515232,0.6472955071065108,1441.164155999999,True
58871.256651,3.627548480511151,0.13689370022936312,1441.2566510000033,True
58871.264945,3.8275659843812346,0.13140934931679624,1441.2649450000026,True
58871.273704,4.178640978937515,0.2492347351787892,1441.2737039999993,True
58871.281991,3.897214267403382,0.3148334794500546,1441.2819910000035,True
58871.296309,3.2253147070947463,0.22687786658520467,1441.2963089999976,True
58871.304602,2.907593153617165,0.18770249057389143,1441.3046019999965,True
58871.356508,3.065082048406776,0.5083902681023068,1441.3565079999971,True
58872.164156,1.4895633116750902,1.5836504319380784,1442.164155999999,True
58872.256651,3.335707840353734,0.16750365248758378,1442.2566510000033,True
58872.264945,3.9920740045458216,0.14219198944501554,1442.2649450000026,True
58872.273704,3.780614649055218,0.15528342143031548,1442.2737039999993,True
58872.281991,3.4964280013410503,0.16475630968745456,1442.2819910000035,True
58872.296309,3.0126718040798455,0.19715647833303565,1442.2963089999976,True
58872.304602,3.1955576448385297,0.1758197969111892,1442.3046019999965,True
58872.356508,3.919710223463841,0.27147619005269075,1442.3565079999971,True
58873.164156,-0.41356389276796346,8.242251625094507,1443.164155999999,True
58873.164156,3.1352775237930834,1.1242721361645982,1443.164155999999,True
58873.256651,3.5171610340601425,0.2531781364844439,1443.2566510000033,True
58873.264945,3.8108100250755585,0.23491919281233178,1443.2649450000026,True
58873.273704,3.7725402738164586,0.1562081283335572,1443.2737039999993,True
58873.281991,3.6237706277845,0.1887357289066466,1443.2819910000035,True
58873.296309,3.0621181806099975,0.4032496948480187,1443.2963089999976,True
58873.304602,3.3232757127887282,0.369271134209711,1443.3046019999965,True
58873.356508,3.7132845673461023,0.31052511709891145,1443.3565079999971,True
58874.164156,2.1103873411244405,0.5832243665007735,1444.164155999999,True
58874.256651,3.671755025825222,0.24282487511603876,1444.2566510000033,True
58874.264945,4.033090422104293,0.22204340931967767,1444.2649450000026,True
58874.273704,3.6566820977991497,0.11213834897708477,1444.2737039999993,True
58874.281991,3.4697848495040087,0.12907317006673835,1444.2819910000035,True
58874.296309,2.974190085017199,0.22760489923710586,1444.2963089999976,True
58874.304602,2.908624887706099,0.18998296458954597,1444.3046019999965,True
58874.356508,3.2653385638102628,0.2047095212547252,1444.3565079999971,True
58875.164156,3.32670461784771,0.30702112576026247,1445.164155999999,True
58875.256651,3.1316281976335705,0.2781508485633772,1445.2566510000033,True
58875.264945,4.179599029565299,0.2889998858102475,1445.2649450000026,True
58875.273704,3.9811689464608238,0.24358788654167324,1445.2737039999993,True
58875.281991,4.145649512935908,0.2719803652784438,1445.2819910000035,True
58875.296309,2.7316236353493695,0.32189935362812755,1445.2963089999976,True
58875.304602,2.3071160251345613,0.2883019598785063,1445.3046019999965,True
58875.356508,3.2351320913774027,0.49167940764159285,1445.3565079999971,True
58876.164156,3.5615576096235126,0.550216497147051,1446.164155999999,True
58876.256651,3.685445836497786,0.1891601041104034,1446.2566510000033,True
58876.264945,4.048449437098317,0.17905114308102152,1446.2649450000026,True
58876.273704,3.5723330037533043,0.11893630100320726,1446.2737039999993,True
58876.281991,3.426037553637538,0.14268556238563682,1446.2819910000035,True
58876.296309,3.5746622964353443,1.0963291496266134,1446.2963089999976,True
58876.304602,2.175798164651584,0.839894736179127,1446.3046019999965,True
58876.356508,2.9102035964111694,0.24309743951054905,1446.3565079999971,True
58877.164156,2.5410744303627038,0.9580204808600183,1447.164155999999,True
58877.169517,3.5838287942422364,0.3906022018859283,1447.169517000002,True
58877.256651,3.7516068361123387,0.22270269797795292,1447.2566510000033,True
58877.273704,3.323011731101361,0.13726516263294342,1447.2737039999993,True
58877.281991,3.511032126025229,0.14322427897479276,1447.2819910000035,True
58877.356508,3.7031622563572673,0.2480225318831776,1447.3565079999971,True
58878.164156,3.8168175168805107,0.7385521713590136,1448.164155999999,True
58878.169517,3.9505273661135214,0.62426349499301,1448.169517000002,True
58878.256651,3.9214274184621596,0.24667967938929325,1448.2566510000033,True
58878.264945,4.126993817953238,0.21808726200553444,1448.2649450000026,True
58878.273704,3.543418329736706,0.14086562460348473,1448.2737039999993,True
58878.281991,3.4462335887268836,0.15988457391938546,1448.2819910000035,True
58878.296309,4.0932602158745315,0.34072897156854326,1448.2963089999976,True
58878.304602,4.062349702054636,0.3121961895809474,1448.3046019999965,True
58878.356508,2.908060022919802,0.26208530156197307,1448.3565079999971,True
58879.164156,2.936644233977737,0.3048234959961527,1449.164155999999,True
58879.169517,2.9444433090618554,1.481989562555463,1449.169517000002,True
58879.256651,3.196673852672296,0.23619709666937672,1449.2566510000033,True
58879.264945,3.5717350828599197,0.22942769885623426,1449.2649450000026,True
58879.281991,4.21010216875027,0.2858913445493611,1449.2819910000035,True
58879.296309,3.9923729396487375,0.30005351546301023,1449.2963089999976,True
58879.304602,4.12397535871146,0.2796045241932639,1449.3046019999965,True
58879.356508,3.7280327791781054,0.47332141223243823,1449.3565079999971,True
58880.164156,3.08301280060451,0.4745026838610357,1450.164155999999,True
58880.169517,-17.70817514194519,6.803386881583279,1450.169517000002,True
58880.169517,1.4907263545390916,0.9912684735703166,1450.169517000002,True
58880.256651,3.7721914116380675,0.14553417157107887,1450.2566510000033,True
58880.264945,4.016220637110059,0.13647969352189188,1450.2649450000026,True
58880.273704,3.763131680310648,0.10625979070792577,1450.2737039999993,True
58880.281991,3.8318374964921134,0.11024160505480615,1450.2819910000035,True
58880.296309,3.5395955933988983,0.1675142391800393,1450.2963089999976,True
58880.304602,3.786610147952142,0.16067937043754668,1450.3046019999965,True
58880.356508,4.080896080149927,0.18331960953872867,1450.3565079999971,True
58881.164156,2.747891008307001,0.5521939591554492,1451.164155999999,True
58881.256651,3.736201178601032,0.19249074044656792,1451.2566510000033,True
58881.264945,4.283817080884721,0.1680355645363648,1451.2649450000026,True
58881.273704,4.002901947087995,0.11571399055058468,1451.2737039999993,True
58881.281991,4.163567047776591,0.12545925075628642,1451.2819910000035,True
58881.296309,3.5178668119651384,0.190752944446063,1451.2963089999976,True
58881.304602,3.967958029197422,0.18394484200053268,1451.3046019999965,True
58881.356508,3.892280074482733,0.21588824185423955,1451.3565079999971,True
58882.164156,2.8362013530534886,0.5302458584749117,1452.164155999999,True
58882.169517,3.888155287640783,0.3027569434580366,1452.169517000002,True
58882.256651,3.5791252051056284,0.183648807213138,1452.2566510000033,True
58882.264945,3.796286568379558,0.1557663605705595,1452.2649450000026,True
58882.273704,3.9033619504241495,0.10483541333445043,1452.2737039999993,True
58882.281991,4.117377452703227,0.1199613210143251,1452.2819910000035,True
58882.296309,3.76636358154043,0.12723052113988492,1452.2963089999976,True
58882.304602,4.20245716089576,0.12547561740002444,1452.3046019999965,True
58882.356508,4.203466395349323,0.2007401045813153,1452.3565079999971,True
58883.164156,3.289998738532947,0.43945697763705455,1453.164155999999,True
58883.169517,2.2576483258184266,0.5414960847394373,1453.169517000002,True
58883.256651,3.7025018129358567,0.27266549585681643,1453.2566510000033,True
58883.264945,4.2542062859259095,0.23641632109718125,1453.2649450000026,True
58883.273704,3.880659956069848,0.11499118144132225,1453.2737039999993,True
58883.281991,4.156404115648528,0.11423686611116783,1453.2819910000035,True
58883.296309,3.663956425401732,0.3011560848079529,1453.2963089999976,True
58883.304602,3.9008867652051267,0.25455325764001224,1453.3046019999965,True
58883.356508,3.7717032972697604,0.1956191089533864,1453.3565079999971,True
58884.164156,2.954492277508501,0.41248350912509735,1454.164155999999,True
58884.169517,2.385264506003052,0.9236300020599151,1454.169517000002,True
58884.256651,3.5234860604326492,0.2595699208939576,1454.2566510000033,True
58884.264945,3.7366806609975423,0.26242716811802297,1454.2649450000026,True
58884.273704,-4.751701374674671,2.571738377851193,1454.2737039999993,True
58884.281991,-5.160746222701561,2.6829146698790183,1454.2819910000035,True
58884.356508,-8.296756724241142,4.772189893647196,1454.3565079999971,True
58885.164156,3.425526841131455,0.4434546677167962,1455.164155999999,True
58885.169517,3.599719974694551,0.6802039215221097,1455.169517000002,True
58885.273704,0.9436284869567302,1.5346874249669835,1455.2737039999993,True
58885.281991,0.9436284869567302,1.509499806923632,1455.2819910000035,True
58885.356508,-3.449560706651047,2.6616868927671646,1455.3565079999971,True
58886.164156,2.7365959344307087,0.423106453378517,1456.164155999999,True
58886.169517,3.543842844476098,0.30702703934070324,1456.169517000002,True
58886.273704,1.1561670552776195,0.685404819476617,1456.2737039999993,True
58886.281991,2.360644143897616,0.787211811490926,1456.2819910000035,True
58886.296309,2.8558101621618324,0.15831707809664639,1456.2963089999976,True
58886.356508,0.3818603554504802,1.3782659256923102,1456.3565079999971,True
58887.164156,2.68978794364861,0.42629974985716507,1457.164155999999,True
58887.169517,2.589440268928728,0.48048538121468154,1457.169517000002,True
58887.273704,2.0522046434139165,0.5398603127882298,1457.2737039999993,True
58887.281991,2.620252162649039,0.5732115875918071,1457.2819910000035,True
58887.356508,1.9231029344968418,1.0084995161572072,1457.3565079999971,True
58888.164156,2.783032159510986,0.35284820683039886,1458.164155999999,True
58888.169517,3.4339246618309205,0.5433554887726256,1458.169517000002,True
58888.273704,2.604317945198654,0.405020702345357,1458.2737039999993,True
58888.281991,2.209015104357313,0.4552571050356107,1458.2819910000035,True
58888.356508,2.4560793798831515,0.7782524679063895,1458.3565079999971,True
58889.164156,3.673166590843766,0.293539195711689,1459.164155999999,True
58889.169517,2.6440264487245626,0.4945562333852541,1459.169517000002,True
58889.273704,2.2231556713441947,0.4128218772425214,1459.2737039999993,True
58889.281991,2.472448031699535,0.4079614601538324,1459.2819910000035,True
58889.356508,1.840593810169963,0.6969210954587952,1459.3565079999971,True
58890.164156,3.122071495754201,0.30474694696083554,1460.164155999999,True
58890.169517,3.015789130155146,0.43332334166018305,1460.169517000002,True
58890.273704,2.511881202612252,0.42048932703912534,1460.2737039999993,True
58890.281991,2.193328682128064,0.47179304875920997,1460.2819910000035,True
58890.356508,2.847199645227183,0.8109676534642142,1460.3565079999971,True
58891.164156,3.2250027066165043,0.3445070527658251,1461.164155999999,True
58891.169517,2.46464699640171,0.413496982120491,1461.169517000002,True
58891.281991,3.2952484455416924,0.1773971739987338,1461.2819910000035,True
58891.356508,3.0575594215564608,0.28893709647375454,1461.3565079999971,True
58892.164156,3.58265089116324,0.2431409100667813,1462.164155999999,True
58892.169517,3.254430158311588,0.42809088395337963,1462.169517000002,True
58892.273704,3.4787674454190376,0.14322160512698984,1462.2737039999993,True
58892.281991,3.539712809302864,0.1629116457663796,1462.2819910000035,True
58892.356508,3.5068960749038802,0.28023147124274383,1462.3565079999971,True
58893.164156,3.1235204229708606,0.2089867499816127,1463.164155999999,True
58893.169517,3.1101145690723215,0.3876865828521571,1463.169517000002,True
58893.273704,3.4178527103247744,0.12635514357384264,1463.2737039999993,True
58893.281991,3.4178527103247744,0.15227139004303078,1463.2819910000035,True
58893.296309,0.9436284869567302,1.7356026107546458,1463.2963089999976,True
58893.356508,2.8855480629285863,0.25851724693746186,1463.3565079999971,True
58894.164156,2.930927375255888,0.19161448315852994,1464.164155999999,True
58894.169517,3.3151665497960394,0.4064960939958298,1464.169517000002,True
58894.273704,3.421320818291832,0.156957126219847,1464.2737039999993,True
58894.281991,3.4510992454007363,0.16427765621745252,1464.2819910000035,True
58894.356508,3.46350692336278,0.28252282719572464,1464.3565079999971,True
58895.164156,2.958216796839965,0.3934211855724754,1465.164155999999,True
58895.169517,3.4996207192802773,0.343675873265352,1465.169517000002,True
58895.281991,3.788221641151295,0.27143708015655643,1465.2819910000035,True
58895.356508,3.3910425571496754,0.4677677837649393,1465.3565079999971,True
58896.164156,2.711929295772797,0.2215167023439324,1466.164155999999,True
58896.169517,2.5203076045312964,0.2733988881194832,1466.169517000002,True
58896.273704,3.4901512256227876,0.24825426708085377,1466.2737039999993,True
58896.281991,3.486406817371191,0.26978461452753416,1466.2819910000035,True
58896.296309,2.6207888969003763,0.47568108514574664,1466.2963089999976,True
58896.356508,3.293569792413967,0.451013973904809,1466.3565079999971,True
58897.164156,3.8235389322120583,0.33665496574789355,1467.164155999999,True
58897.169517,3.7153431187349915,0.27114367144043927,1467.169517000002,True
58897.273704,3.782570432445789,0.2793050014619804,1467.2737039999993,True
58897.281991,4.089575103474248,0.35040082001593903,1467.2819910000035,True
58897.296309,2.2905743599937534,0.4430818933108111,1467.2963089999976,True
58897.304602,2.8942068048793237,0.3816211352860984,1467.3046019999965,True
58897.356508,4.602018990454079,0.5872329948093208,1467.3565079999971,True
58898.164156,2.1397820953471616,0.9112065534018831,1468.164155999999,True
58898.169517,2.8507614141774384,0.2960607484706307,1468.169517000002,True
58898.273704,3.5276847780089473,0.1997285633683937,1468.2737039999993,True
58898.281991,3.4541650614316244,0.21764899428411616,1468.2819910000035,True
58898.296309,2.0256694608205983,0.5041512784715508,1468.2963089999976,True
58898.304602,2.2268605263895593,0.4278663327766538,1468.3046019999965,True
58898.356508,3.4327218107632382,0.3596339469240709,1468.3565079999971,True
58899.304602,3.226840384980089,0.17693339053729923,1469.3046019999965,True
58899.356508,4.566121333346519,0.42306639075750013,1469.3565079999971,True
58900.164156,3.092235114476369,0.337162373820094,1470.164155999999,True
58900.169517,3.3471593805157607,0.20559360717748337,1470.169517000002,True
58900.273704,3.6355032446245703,0.25209915719405823,1470.2737039999993,True
58900.281991,3.910214705762646,0.26667568370342554,1470.2819910000035,True
58900.296309,3.77294602878135,0.18494573886283971,1470.2963089999976,True
58900.304602,3.3779731897650183,0.16666212969769204,1470.3046019999965,True
58900.356508,3.0244104025010934,0.43505325274111756,1470.3565079999971,True
58901.164156,3.2270542564839744,0.27110098326921095,1471.164155999999,True
58901.273704,3.8095787898081706,0.2169866434158643,1471.2737039999993,True
58901.281991,3.635769927038295,0.26327468792194664,1471.2819910000035,True
58901.296309,3.382365733831696,0.16463806366940678,1471.2963089999976,True
58901.304602,3.5415194465885347,0.1496905190253523,1471.3046019999965,True
58901.356508,3.110684204775622,0.462697488363171,1471.3565079999971,True
58902.164156,3.10432237348226,0.17410928796665504,1472.164155999999,True
58902.169517,3.929835142365136,0.33108035531045577,1472.169517000002,True
58902.273704,3.8439647132474772,0.13957146651429708,1472.2737039999993,True
58902.281991,3.734648453873147,0.1572387407566133,1472.2819910000035,True
58902.296309,3.478396136917232,0.18661147654913038,1472.2963089999976,True
58902.304602,3.5888244707794157,0.1696129577411311,1472.3046019999965,True
58902.356508,3.9488641540612286,0.27594073957217446,1472.3565079999971,True
58903.164156,3.681765574542722,0.17776711941106996,1473.164155999999,True
58903.273704,3.527657040471079,0.1882898513331588,1473.2737039999993,True
58903.281991,3.5066525949040344,0.20674375708134887,1473.2819910000035,True
58903.296309,4.074341170858621,0.3040020003140352,1473.2963089999976,True
58903.304602,4.1872830904799345,0.26654293030629955,1473.3046019999965,True
58903.356508,2.939532564593803,0.3371213513510818,1473.3565079999971,True
58904.164156,3.6970448838159413,0.13003836712366168,1474.164155999999,True
58904.273704,3.6877058867425925,0.16689252918274233,1474.2737039999993,True
58904.281991,3.404859913589511,0.1930323229101598,1474.2819910000035,True
58904.296309,3.2692311387785886,0.2688485124646348,1474.2963089999976,True
58904.304602,3.8945473167952187,0.2439481975915177,1474.3046019999965,True
58904.356508,3.67698186880314,0.31863738302600686,1474.3565079999971,True
58905.148455,2.743924778995916,0.348450885135648,1475.1484550000023,True
58905.164156,3.229257785431864,0.2559239290273046,1475.164155999999,True
58905.169517,2.7772665220354353,0.8687075916226649,1475.169517000002,True
58905.273704,3.8817559738351513,0.24418400140281737,1475.2737039999993,True
58905.281991,3.80407917077879,0.2856116296995433,1475.2819910000035,True
58905.296309,3.56097307591397,0.3342426794354939,1475.2963089999976,True
58905.304602,4.230381757103841,0.2966172949410288,1475.3046019999965,True
58905.356508,3.8299714384642445,0.49912325245959244,1475.3565079999971,True
58906.148455,3.2840385155790934,0.5508489563812264,1476.1484550000023,True
58906.164156,3.4421870513775907,0.12587108532687669,1476.164155999999,True
58906.273704,3.1080862717031157,0.26242716811802297,1476.2737039999993,True
58906.281991,3.5850267698740614,0.3193523243513297,1476.2819910000035,True
58906.296309,3.746712266978888,0.21136918515980302,1476.2963089999976,True
58906.304602,3.325505557421309,0.19651207576813584,1476.3046019999965,True
58906.356508,2.308057048964753,0.5441957020604903,1476.3565079999971,True
58907.148455,0.3577389658819691,1.2843156498670436,1477.1484550000023,True
58907.164156,3.282941810871685,0.14363525251560996,1477.164155999999,True
58907.169517,3.772266418514075,0.3245603951089058,1477.169517000002,True
58907.273704,3.3169254203196115,0.2624880278560153,1477.2737039999993,True
58907.281991,3.641485578410512,0.28520723892237837,1477.2819910000035,True
58907.356508,2.682004611054289,0.46919227854015727,1477.3565079999971,True
58908.148455,-11.929911519135189,6.776238490196275,1478.1484550000023,True
58908.148455,1.6933613463739081,0.8613943089194313,1478.1484550000023,True
58908.164156,3.2048392320250665,0.14556811207170195,1478.164155999999,True
58908.169517,4.0855069592931255,0.267456608587474,1478.169517000002,True
58908.296309,3.5869148229266776,0.26536753388848233,1478.2963089999976,True
58908.304602,3.5607518266278144,0.2543416997339609,1478.3046019999965,True
58909.148455,2.5504728006029214,0.4983189899751273,1479.1484550000023,True
58909.164156,3.886240880002947,0.28067978358101336,1479.164155999999,True
58909.169517,3.647514573543519,0.15732189105526959,1479.169517000002,True
58909.296309,3.7144413070288698,0.2898034090815589,1479.2963089999976,True
58909.304602,3.3064478712637966,0.24845519541209418,1479.3046019999965,True
58910.148455,3.089805601057384,0.2731445663592459,1480.1484550000023,True
58910.164156,3.569506198344699,0.12484159099336758,1480.164155999999,True
58910.169517,3.1295528206274836,0.17221977667767488,1480.169517000002,True
58910.296309,3.940030516940072,0.176672742423161,1480.2963089999976,True
58910.304602,3.6441036733812773,0.1517177175558895,1480.3046019999965,True
58911.148455,3.6612194657105266,0.4912498989622346,1481.1484550000023,True
58911.169517,3.4776819163333808,0.11196285860309872,1481.169517000002,True
58911.296309,3.2636011533425053,0.20704382058944937,1481.2963089999976,True
58911.304602,3.323613854962637,0.20074248691933583,1481.3046019999965,True
58912.148455,2.0806631223449945,0.8176511796351073,1482.1484550000023,True
58912.164156,3.6764733352260297,0.12366234097854975,1482.164155999999,True
58912.169517,3.6287105897284997,0.2426088355507501,1482.169517000002,True
58912.296309,3.6153187656512835,0.19946673367383178,1482.2963089999976,True
58912.304602,3.4008384068622166,0.18874271573437834,1482.3046019999965,True
58913.148455,2.464294572462899,0.5945213564462953,1483.1484550000023,True
58913.164156,3.5127217005834,0.13602819787118517,1483.164155999999,True
58913.296309,2.9516260500576985,0.3206657767198499,1483.2963089999976,True
58913.304602,3.419678581294747,0.2688812413489425,1483.3046019999965,True
58914.148455,3.027234349253702,0.2964989989167397,1484.1484550000023,True
58914.169517,3.59733656959684,0.12709356749771783,1484.169517000002,True
58914.296309,3.411394053950076,0.3077035472070624,1484.2963089999976,True
58914.304602,3.488319940751842,0.2683614508141592,1484.3046019999965,True
58915.148455,2.477264693547869,0.45879810330771537,1485.1484550000023,True
58915.164156,0.4750216396385669,1.5499171475048232,1485.164155999999,True
58915.296309,3.5786020477803997,0.2777017852665263,1485.2963089999976,True
58915.304602,3.207386366963932,0.25619967479300415,1485.3046019999965,True
58916.148455,3.8884745672332723,0.5122104026617239,1486.1484550000023,True
58916.164156,1.29955718487524,0.696302469326036,1486.164155999999,True
58916.169517,3.64799809287848,0.2775156215645166,1486.169517000002,True
58917.148455,3.695105517299092,0.4678870629885866,1487.1484550000023,True
58917.164156,2.316863146693916,0.5437333640557419,1487.164155999999,True
58918.148455,3.697705129936783,0.4506418432419385,1488.1484550000023,True
58918.169517,3.405017064197646,0.12765412918099403,1488.169517000002,True
58919.148455,3.3801509355737127,0.42059129308824456,1489.1484550000023,True
58920.148455,3.205545391791626,0.42669417633852325,1490.1484550000023,True
58920.164156,2.2100946042588103,0.42266889691612236,1490.164155999999,True
58920.169517,3.488415984389535,0.11717031461732401,1490.169517000002,True
58921.148455,2.504756781894535,0.3838225969765543,1491.1484550000023,True
58922.148455,3.8780072953287275,0.4231728568264276,1492.1484550000023,True
58922.164156,3.362736848794063,0.16970939789188336,1492.164155999999,True
58923.148455,3.0811330003750115,0.3459689566566134,1493.1484550000023,True
58923.164156,3.0404003239892954,0.14926037385573923,1493.164155999999,True
58924.148455,3.7634507283260676,0.273167390331067,1494.1484550000023,True
58924.164156,3.3059294132448316,0.18537070875292605,1494.164155999999,True
58925.148455,2.9389915808499723,0.2658134967027212,1495.1484550000023,True
58925.164156,3.3251597707039107,0.2625899631195534,1495.164155999999,True
58926.148455,3.1404139213391815,0.29529175951356434,1496.1484550000023,True
58926.164156,3.1288158293437163,0.25686640605952593,1496.164155999999,True
58927.148455,2.767889747747324,0.21610481794891678,1497.1484550000023,True
58927.164156,3.420166422284377,0.2929240056654985,1497.164155999999,True
58928.148455,3.4335302882572387,0.17829423098062322,1498.1484550000023,True
58928.164156,3.4250635069531006,0.21244134769322245,1498.164155999999,True
58928.169517,3.9178777425176405,0.17704933640265785,1498.169517000002,True
58929.148455,3.1318247003317152,0.15420601573061749,1499.1484550000023,True
58929.169517,3.4330584225061678,0.16349765888064716,1499.169517000002,True
58930.148455,3.048077453073507,0.3088960058028001,1500.1484550000023,True
58930.164156,3.7382864443701087,0.2741508255031011,1500.164155999999,True
58930.169517,3.5565745275249925,0.13764645427618602,1500.169517000002,True
58931.148455,2.9601403998791063,0.1817092611193357,1501.1484550000023,True
58931.169517,3.108647333648343,0.16601473113213858,1501.169517000002,True
58932.148455,3.753166012871636,0.2583367168045198,1502.1484550000023,True
58932.164156,3.4398258149544967,0.15293234266004876,1502.164155999999,True
58933.148455,2.4120635792885943,0.8197257373686505,1503.1484550000023,True
58933.164156,3.6101745051987577,0.21874629740537477,1503.164155999999,True
58933.169517,3.858975438405051,0.2471309446053746,1503.169517000002,True
58934.164156,2.9303221197687024,0.18941296685559433,1504.164155999999,True
58934.169517,3.3716920005430424,0.2954631420424256,1504.169517000002,True
58935.148455,3.5154713806257107,0.29198546900639993,1505.1484550000023,True
58935.164156,3.1587641915413283,0.29059091194674597,1505.164155999999,True
58935.169517,3.751307249264971,0.19222342563445868,1505.169517000002,True
58936.148455,2.9820712917672108,0.25004459621917496,1506.1484550000023,True
58936.164156,2.8597255514574154,0.27803213372638136,1506.164155999999,True
58937.148455,3.5623784892072075,0.1386159344968686,1507.1484550000023,True
58937.164156,3.4142934677468815,0.2795274361557876,1507.164155999999,True
58937.169517,2.7795995085617182,0.24892222192919614,1507.169517000002,True
58938.148455,3.732195963028132,0.1580992679017601,1508.1484550000023,True
58939.148455,3.315353320396286,0.10213539765988004,1509.1484550000023,True
58939.169517,3.2874455746145204,0.13890894373021034,1509.169517000002,True
58940.148455,3.722699484857118,0.24672084971262723,1510.1484550000023,True
58940.169517,3.39412877936629,0.1989421058707319,1510.169517000002,True
58941.148455,3.497285337784827,0.11960128032191529,1511.1484550000023,True
58941.169517,3.305662747649569,0.1825764054191928,1511.169517000002,True
58942.148455,3.177116124111257,0.12678533734210493,1512.1484550000023,True
58942.169517,3.204573588215593,0.32783594315582165,1512.169517000002,True
58943.148455,3.345913856071583,0.13281914604675746,1513.1484550000023,True
58943.169517,3.9520731440424863,0.267702086070144,1513.169517000002,True
58944.169517,4.089784296773567,0.2600538266703336,1514.169517000002,True
58956.148455,3.0807485946281914,0.15571529717666635,1526.1484550000023,True
58957.148455,3.6967643239265673,0.14474523922408547,1527.1484550000023,True
58958.148455,3.060832219545917,0.12549485323461648,1528.1484550000023,True
58959.148455,3.092517352297687,0.14579021605400808,1529.1484550000023,True
58960.148455,3.1689234485610935,0.23698979467205591,1530.1484550000023,True
58961.148455,3.7616208238635402,0.23327663407446725,1531.1484550000023,True
58962.148455,3.821811630998299,0.2855374271144378,1532.1484550000023,True
58963.148455,3.751307249264971,0.17920430915722443,1533.1484550000023,True
58965.148455,3.241189514691684,0.22649679653016944,1535.1484550000023,True
58966.148455,2.9039431364282966,0.22485378141492177,1536.1484550000023,True
58967.148455,3.4795771819997072,0.1408965120824709,1537.1484550000023,True
58968.148455,3.070060190617586,0.1678855327823145,1538.1484550000023,True
58969.148455,3.214508595164215,0.16233482155847467,1539.1484550000023,True
58970.148455,3.172706181833497,0.24119643205449579,1540.1484550000023,True
58971.148455,3.3014999299475543,0.2586907679019374,1541.1484550000023,True
58972.148455,3.5420890299951737,0.2405802171848796,1542.1484550000023,True
59146.343689,2.8126158137000754,0.3428307095689443,1716.3436890000012,True
59147.343689,2.0460678644784274,0.5292564450248195,1717.3436890000012,True
59148.343689,3.5532789601421872,1.3102956498203788,1718.3436890000012,True
59149.343689,0.28039302493113555,0.9357198850750588,1719.3436890000012,True
59150.343689,3.0038941830958987,0.5196564667983259,1720.3436890000012,True
59151.343689,3.1608753060944825,0.2629579086372619,1721.3436890000012,True
59152.343689,3.4743534855473768,0.46301237307091464,1722.3436890000012,True
59153.343689,0.968236410137575,0.8064216355371143,1723.3436890000012,True
59154.343689,4.03338939915803,0.6360484892131011,1724.3436890000012,True
59155.343689,3.4826333071274718,0.2876848255385377,1725.3436890000012,True
59156.343689,2.376306675705095,0.4344933953085291,1726.3436890000012,True
59157.343689,4.162046269558761,0.5063180890731749,1727.3436890000012,True
59158.343689,1.8910145787010197,0.4929874586560385,1728.3436890000012,True
59159.343689,1.8973025696667474,0.4351273522416159,1729.3436890000012,True
59160.343689,2.545724836033179,0.40268660350296187,1730.3436890000012,True
59161.343689,3.198561853717346,0.4326301837016618,1731.3436890000012,True
59162.343689,2.3373173939517424,0.41859846985698035,1732.3436890000012,True
59163.343689,3.5409977131270565,0.4224779917084863,1733.3436890000012,True
59164.343689,2.760101325598369,0.3402362481784593,1734.3436890000012,True
59165.343689,2.772640193904909,0.2812698129256326,1735.3436890000012,True
59166.343689,3.2634369996675923,0.29895327876766375,1736.3436890000012,True
59167.343689,3.0968378804387426,0.3422000858946254,1737.3436890000012,True
59168.343689,3.5458670923634243,0.22732387658286055,1738.3436890000012,True
59169.343689,3.2068066554358583,0.1869313217547711,1739.3436890000012,True
59171.343689,3.4131363690222702,0.3616891413400059,1741.3436890000012,True
59172.343689,3.291088538687519,0.19372954729303743,1742.3436890000012,True
59173.343689,3.3354686851736424,0.27785952668605646,1743.3436890000012,True
59174.343689,3.633728650094597,0.8341321650904194,1744.3436890000012,True
59176.30012,3.508893120019516,0.3640624839320483,1746.3001199999999,True
59176.343689,3.061324600656472,0.2955520667548497,1746.3436890000012,True
59177.30012,2.1228412381900967,0.5796389715231018,1747.3001199999999,True
59177.343689,2.8990605351276475,0.2684689348879565,1747.3436890000012,True
59178.30012,-0.984184509968557,1.390494780111109,1748.3001199999999,True
59178.343689,4.154733780223237,0.15552324138619256,1748.3436890000012,True
59179.30012,3.2925347954486734,0.9474555023627895,1749.3001199999999,True
59179.30012,-21.911832064308935,7.400651492097374,1749.3001199999999,True
59179.343689,4.252889724139989,0.16793319365641504,1749.3436890000012,True
59180.30012,3.270612643385888,0.4996525822765772,1750.3001199999999,True
59181.30012,2.300931875145598,0.27101247520813293,1751.3001199999999,True
59181.343689,3.677663139274655,0.22263619533591839,1751.3436890000012,True
59182.30012,2.3116318311988913,0.49374144536441034,1752.3001199999999,True
59182.343689,4.471005054464439,0.12302117396098504,1752.3436890000012,True
59183.30012,1.9788953789569343,0.8429176538555911,1753.3001199999999,True
59183.343689,4.380241164853597,0.12565516010485764,1753.3436890000012,True
59184.30012,1.3288691702312478,0.6144964329670368,1754.3001199999999,True
59184.343689,4.070096926177034,0.14097012432500064,1754.3436890000012,True
59185.30012,2.5865256803436023,0.2695668024833447,1755.3001199999999,True
59186.30012,2.376306675705095,0.4266411050318689,1756.3001199999999,True
59186.343689,4.308874470206608,0.11336459669941823,1756.3436890000012,True
59187.30012,2.221791580757983,0.48064443700878273,1757.3001199999999,True
59187.343689,4.268043260792673,0.11922579603011685,1757.3436890000012,True
59188.30012,2.2910521346510264,0.4435710546857434,1758.3001199999999,True
59188.343689,4.335415802769505,0.12237502968664543,1758.3436890000012,True
59189.30012,2.070487585484306,0.3882230771243605,1759.3001199999999,True
59189.343689,4.530209268147287,0.1188465709065561,1759.3436890000012,True
59190.30012,3.099756740181549,0.3726202379729588,1760.3001199999999,True
59191.30012,2.3954549751751166,0.384443770989128,1761.3001199999999,True
59192.30012,3.586672827063345,0.35484270290953224,1762.3001199999999,True
59193.30012,2.5473405944705836,0.3793963543961074,1763.3001199999999,True
59194.30012,3.362035715804573,0.32217821647227324,1764.3001199999999,True
59195.30012,3.2009111024748025,0.25696254514193595,1765.3001199999999,True
59196.30012,2.8694675625319106,0.2551531472272851,1766.3001199999999,True
59197.30012,2.168924538911743,0.2804246396769439,1767.3001199999999,True
59198.30012,3.426319746264023,0.21941535984090002,1768.3001199999999,True
59198.343689,4.473817713445343,0.15318382806953834,1768.3436890000012,True
59199.30012,3.094216007844288,0.18292124389534528,1769.3001199999999,True
59199.343689,4.22007345165317,0.15162617228861117,1769.3436890000012,True
59200.30012,3.264832584519849,0.16182625909556264,1770.3001199999999,True
59200.343689,3.8096811385037865,0.16737957570796333,1770.3436890000012,True
59201.30012,3.4047119325003754,0.3246216206436699,1771.3001199999999,True
59202.30012,3.548666099552556,0.19950552896092008,1772.3001199999999,True
59202.343689,3.8851862961662276,0.22634947880901374,1772.3436890000012,True
59203.30012,2.813347025551151,0.2796756020238736,1773.3001199999999,True
59203.343689,4.574319320887603,0.2954631420424256,1773.3436890000012,True
59204.30012,2.638964815906454,0.8168444518242968,1774.3001199999999,True
59204.343689,4.429832966843179,0.20110705805421852,1774.3436890000012,True
59205.343689,3.6897449755629075,0.20878377935433087,1775.3436890000012,True
59207.343689,4.360278449742193,0.24278353778486653,1777.3436890000012,True
59208.343689,4.241478383699589,0.13239413635335628,1778.3436890000012,True
59209.30012,4.2049808550788494,0.1500304057440945,1779.3001199999999,True
59209.343689,4.661897101091542,0.2062936618191979,1779.3436890000012,True
59211.30012,4.198518266445755,0.2337973766324418,1781.3001199999999,True
59211.343689,4.724250530061838,0.2754538939152497,1781.3436890000012,True
59212.30012,4.862392882046879,0.11209651372506754,1782.3001199999999,True
59212.343689,4.822434606142463,0.28836218138261843,1782.3436890000012,True
59213.30012,4.834366927456599,0.13058684259466397,1783.3001199999999,True
59213.343689,4.6922490902298,0.25924242627510635,1783.3436890000012,True
59214.30012,4.762930079827705,0.12863915718611996,1784.3001199999999,True
59216.30012,4.556371558042114,0.10337102343665959,1786.3001199999999,True
59217.30012,4.629759225184486,0.11790886897529228,1787.3001199999999,True
59218.30012,4.87689111492672,0.10499632724593846,1788.3001199999999,True
59219.30012,5.026381129759989,0.11633218647270796,1789.3001199999999,True
59227.30012,4.787471732707512,0.15768637688776338,1797.3001199999999,True
59228.30012,4.7914368213783565,0.15353543593809887,1798.3001199999999,True
59229.30012,4.76098100244162,0.13076413156237673,1799.3001199999999,True
59230.30012,4.349415129852667,0.16316096520086865,1800.3001199999999,True
59232.30012,4.418764472018742,0.21942232354356006,1802.3001199999999,True
59233.30012,4.844391099160757,0.24998951783745849,1803.3001199999999,True
59234.30012,4.791304906681684,0.17522199117595277,1804.3001199999999,True
59235.30012,5.083355222940376,0.20002001577649478,1805.3001199999999,True
59237.30012,4.292584471610768,0.22375604122900677,1807.3001199999999,True
59238.30012,4.631262621670689,0.14166945533057224,1808.3001199999999,True
59239.30012,5.0279745809743375,0.17883785082798828,1809.3001199999999,True
59240.30012,4.975928541719424,0.165015826043338,1810.3001199999999,True
59241.30012,4.80391904601708,0.24956162622979622,1811.3001199999999,True
59242.30012,5.149919095669979,0.23319533113335225,1812.3001199999999,True
59243.30012,5.160832818473535,0.23449471422067522,1813.3001199999999,True
59268.295842,6.22150296221589,7.612408944916007,1838.2958419999995,True
59350.018746,2.3531613593251044,0.579159137937404,1920.0187460000016,True
59352.018746,0.6669420844348034,7.264909535162352,1922.0187460000016,True
59352.018746,3.9059163923540634,0.9012954076977154,1922.0187460000016,True
59353.018746,2.928323952680403,0.4952072746050774,1923.0187460000016,True
59355.018746,2.1995122431010024,0.47920742468505423,1925.0187460000016,True
59356.018746,1.5016397547922362,0.7916828589084987,1926.0187460000016,True
59356.033749,2.756414058033036,0.6032321774928966,1926.033749000002,True
59357.018746,2.054279843879248,0.5719179803833504,1927.0187460000016,True
59357.033749,3.293635187293052,0.9327964905967806,1927.033749000002,True
59358.033749,1.9210572239435253,2.285110430678126,1928.033749000002,True
59359.018746,1.6957748517278808,0.4273889422010747,1929.0187460000016,True
59359.033749,3.6657274251985097,1.6468982927115374,1929.033749000002,True
59359.033749,-14.5307274140102,11.576074087418636,1929.033749000002,True
59360.018746,3.261364049594843,0.4755938825043122,1930.0187460000016,True
59360.033749,3.1950424129703907,0.9330700802478075,1930.033749000002,True
59361.018746,2.0831894830299444,0.429059888440498,1931.0187460000016,True
59361.033749,1.8721446547551077,0.47735151883250665,1931.033749000002,True
59362.018746,2.5178822096796654,0.4282721120321709,1932.0187460000016,True
59362.033749,4.848856584080765,0.8438037148700435,1932.033749000002,True
59363.018746,3.180834579813018,0.4020109548393663,1933.0187460000016,True
59363.033749,2.642842173750764,1.4780887418983133,1933.033749000002,True
59364.018746,3.547738757431359,0.4060927390193968,1934.0187460000016,True
59364.033749,4.2058058491265395,1.1559261386608342,1934.033749000002,True
59365.033749,1.8054919837751469,0.5019182062587253,1935.033749000002,True
59366.018746,3.3394868289239956,0.43324840103658063,1936.0187460000016,True
59366.033749,2.765182003692074,0.7691505285280933,1936.033749000002,True
59367.007011,2.5097507970499153,0.3628135560283363,1937.0070110000015,True
59367.018746,2.6827097611432857,0.35284820683039886,1937.0187460000016,True
59367.033749,2.0113518097383767,0.8939481472912912,1937.033749000002,True
59368.007011,1.7965543999155025,0.5801188051088003,1938.0070110000015,True
59368.018746,3.3791643995552447,0.27663985715730943,1938.0187460000016,True
59368.033749,3.012688510090255,0.8722387494439375,1938.033749000002,True
59369.018746,3.307468877935698,0.27137541816816607,1939.0187460000016,True
59369.033749,1.9766790352497952,0.72485145161974,1939.033749000002,True
59370.007011,3.2487218242411453,0.9278961402165716,1940.0070110000015,True
59370.007011,0.26514589190714477,7.406081170374774,1940.0070110000015,True
59370.018746,2.571362093109917,0.29964936360360805,1940.0187460000016,True
59370.033749,3.4071768821175357,0.6753108392637758,1940.033749000002,True
59371.007011,1.7414268043899575,0.4974299284408273,1941.0070110000015,True
59371.018746,3.0456074286859316,0.23284144640283289,1941.0187460000016,True
59371.033749,3.320773770017251,0.7210503061694363,1941.033749000002,True
59372.007011,2.92634527947206,0.27243386930887464,1942.0070110000015,True
59372.018746,3.216060681265302,0.18955329573978022,1942.0187460000016,True
59372.033749,4.288630261131205,0.6974494505463226,1942.033749000002,True
59373.007011,3.2833349280472683,0.4966482495002815,1943.0070110000015,True
59373.018746,2.921228883700504,0.1630732080098264,1943.0187460000016,True
59373.033749,3.697342364663914,0.6695025411367214,1943.033749000002,True
59374.007011,3.2337969319076403,0.8366010353004701,1944.0070110000015,True
59374.018746,2.1607034727672803,0.3274297661509681,1944.0187460000016,True
59374.033749,3.4451599887378115,0.5474736596637383,1944.033749000002,True
59375.007011,3.1723584691323605,0.6076628541573098,1945.0070110000015,True
59375.018746,3.490906282873729,0.193261224455101,1945.0187460000016,True
59375.033749,3.0087679380893904,0.4544301586609192,1945.033749000002,True
59376.007011,2.5449031949465364,0.2720151839772894,1946.0070110000015,True
59376.018746,2.8473984381352264,0.2676441029108338,1946.0187460000016,True
59376.033749,3.777914735221246,0.4769347656619008,1946.033749000002,True
59377.018746,2.174357521879407,0.8910375545914067,1947.0187460000016,True
59377.033749,3.501838731160471,0.5377796106418906,1947.033749000002,True
59378.007011,2.6426711227971977,0.47601476204635146,1948.0070110000015,True
59378.033749,3.4042494669841337,0.3520209545142355,1948.033749000002,True
59379.007011,2.49107091262603,0.43415840631044916,1949.0070110000015,True
59379.018746,4.675804514787953,0.2910343762734803,1949.0187460000016,True
59379.033749,3.302431589006781,0.29983043687398925,1949.033749000002,True
59380.007011,3.2250543576013633,0.3914702961709397,1950.0070110000015,True
59380.018746,4.682779476577796,0.24073119425473627,1950.0187460000016,True
59380.033749,3.478199398738313,0.2807020555887071,1950.033749000002,True
59381.007011,2.805849571517475,0.37228241364116066,1951.0070110000015,True
59381.018746,5.187158690273444,0.1441317934820381,1951.0187460000016,True
59381.033749,3.452450406124445,0.5807244909092641,1951.033749000002,True
59382.007011,3.6524918285455628,0.38304706337427163,1952.0070110000015,True
59382.018746,5.2186316636355885,0.15797319193054657,1952.0187460000016,True
59382.033749,3.90303038025779,0.32595269520375664,1952.033749000002,True
59383.007011,3.448213333187575,0.34679273233535984,1953.0070110000015,True
59383.018746,5.164144410339303,0.10520647920463588,1953.0187460000016,True
59383.033749,3.875751098174308,0.47830884209764785,1953.033749000002,True
59384.007011,2.7002109204177334,0.38287067998581537,1954.0070110000015,True
59384.018746,5.052250730530722,0.25631554942367385,1954.0187460000016,True
59384.033749,0.6739280746571755,1.3441197064410386,1954.033749000002,True
59385.018746,5.079936116309932,0.12131122714145022,1955.0187460000016,True
59386.007011,2.668466189117638,0.2532585805272774,1956.0070110000015,True
59386.018746,5.05115547023767,0.13634047216610462,1956.0187460000016,True
59386.033749,4.262079175967809,0.5135900757767299,1956.033749000002,True
59387.007011,2.6608955075777265,0.24889598557865958,1957.0070110000015,True
59387.018746,5.451583244617739,0.13752163351497468,1957.0187460000016,True
59387.033749,4.079433001490232,0.433680587126699,1957.033749000002,True
59388.007011,3.6915226739035596,0.27632336523925527,1958.0070110000015,True
59388.018746,4.578633980083431,0.23954567736655455,1958.0187460000016,True
59388.033749,5.320258765785144,0.26787889071453674,1958.033749000002,True
59389.007011,2.8764019542067802,0.22805955255885688,1959.0070110000015,True
59389.018746,5.102114347938074,0.09821808722304967,1959.0187460000016,True
59389.033749,5.095077211846334,0.266902831059032,1959.033749000002,True
59390.007011,3.607814441378436,0.18261277636769715,1960.0070110000015,True
59390.018746,4.800959742311679,0.11659194192046772,1960.0187460000016,True
59390.033749,5.142208113591047,0.20383206938479495,1960.033749000002,True
59391.007011,3.618134776894579,0.1591938113876725,1961.0070110000015,True
59391.018746,5.012863370134105,0.102341247706386,1961.0187460000016,True
59391.033749,4.521605093450388,0.37341004793807947,1961.033749000002,True
59392.007011,3.7725789939564374,0.31732044232469464,1962.0070110000015,True
59392.018746,4.820201606184441,0.10954334850131794,1962.0187460000016,True
59392.033749,5.520722407567826,0.19797384288393285,1962.033749000002,True
59393.007011,3.323871137343069,0.20481318779086635,1963.0070110000015,True
59393.033749,5.200133378783903,0.21380898461014605,1963.033749000002,True
59394.007011,2.817887213895694,0.2730923289242859,1964.0070110000015,True
59394.033749,5.406648364365884,0.22822739179080898,1964.033749000002,True
59395.007011,2.749173987977986,0.8262086298434466,1965.0070110000015,True
59395.033749,4.828044397854358,0.40408210222438995,1965.033749000002,True
59396.033749,5.033408531756608,0.18433458182322757,1966.033749000002,True
59397.033749,4.837833699846767,0.188583954250877,1967.033749000002,True
59398.007011,5.516936348175369,0.2289882091691394,1968.0070110000015,True
59398.033749,5.135157942865006,0.1858555677686726,1968.033749000002,True
59399.007011,5.189556889832214,0.14844855268782295,1969.0070110000015,True
59399.033749,4.88389934517526,0.19000365038445888,1969.033749000002,True
59400.007011,5.106424049255552,0.15242584919715146,1970.0070110000015,True
59400.018746,4.915012184602027,0.16058502352172963,1970.0187460000016,True
59401.018746,4.8840268934326305,0.1561138936408761,1971.0187460000016,True
59402.007011,5.204982685114729,0.23418899702881124,1972.0070110000015,True
59403.018746,5.123654234684165,0.16278873486200734,1973.0187460000016,True
59404.007011,4.855943038349503,0.13017586905384668,1974.0070110000015,True
59404.018746,4.682345171486691,0.2467780943725697,1974.0187460000016,True
59405.018746,5.1320742439478915,0.23327663407446725,1975.0187460000016,True
59406.007011,5.1519056866016815,0.23954567736655455,1976.0070110000015,True
59406.018746,5.029055562937273,0.2709951005920372,1976.0187460000016,True
59407.007011,5.22000728252218,0.10547904279677274,1977.0070110000015,True
59407.018746,5.021054020985817,0.17905114308102152,1977.0187460000016,True
59407.033749,4.999652666313841,0.2442979383106746,1977.033749000002,True
59408.007011,4.7632078334067085,0.11852343493421041,1978.0070110000015,True
59408.018746,4.973378581963608,0.21136135687722385,1978.0187460000016,True
59408.033749,5.207506132508319,0.23135797751282988,1978.033749000002,True
59409.007011,4.850340319531196,0.10443312855573036,1979.0070110000015,True
59409.018746,4.422261919040421,0.2274311892551289,1979.0187460000016,True
59409.033749,5.265326213812958,0.22582621404686767,1979.033749000002,True
59410.007011,5.160481632898557,0.11733794024624722,1980.0070110000015,True
59410.018746,5.15431051755404,0.23967327392477422,1980.0187460000016,True
59410.033749,4.818425356817902,0.25820377839011976,1980.033749000002,True
59411.018746,5.205449034545961,0.15193855848391846,1981.0187460000016,True
59411.033749,5.271525518844544,0.36819065796548156,1981.033749000002,True
59412.018746,4.889945367248037,0.17298661242002558,1982.0187460000016,True
59412.033749,5.5252371103655324,0.3978433767321375,1982.033749000002,True
59413.018746,5.144831824265813,0.16716062963122852,1983.0187460000016,True
59413.033749,5.451475523826053,0.4882066761091641,1983.033749000002,True
59414.018746,4.807902471814843,0.24756991333091516,1984.0187460000016,True
59414.033749,5.719491328470385,0.3478401590564587,1984.033749000002,True
59415.018746,5.20266827519119,0.24902008498971545,1985.0187460000016,True
59416.018746,5.1811178283542185,0.23875456629561828,1986.0187460000016,True
59416.033749,5.298722295052381,0.41823418369184756,1986.033749000002,True
59417.033749,5.490950841234638,0.3703043560486588,1987.033749000002,True
59418.007011,4.9602310720919,0.162440157367468,1988.0070110000015,True
59418.033749,4.940439920911221,0.21233855229983664,1988.033749000002,True
59419.007011,5.338773070104252,0.1571687172465577,1989.0070110000015,True
59419.033749,4.931954258382129,0.3416223039725917,1989.033749000002,True
59420.007011,5.733109085767185,0.13560326472052386,1990.0070110000015,True
59420.033749,4.864666855597595,0.2804330691167044,1990.033749000002,True
59421.007011,5.324658617669266,0.169861111300372,1991.0070110000015,True
59421.033749,5.27595500305189,0.4314050138976365,1991.033749000002,True
59422.007011,5.083288986142355,0.24131923492420626,1992.0070110000015,True
59422.033749,5.251021689752299,0.47891859240299206,1992.033749000002,True
59423.007011,5.953971855173342,0.2242900542706356,1993.0070110000015,True
59423.033749,4.442743468697421,0.44403886628811257,1993.033749000002,True
59424.007011,5.534574532525485,0.2502203484171791,1994.0070110000015,True
59425.007011,5.547945323123298,0.1778258144713996,1995.0070110000015,True
59426.007011,5.370325520489127,0.20156656229023057,1996.0070110000015,True
59427.007011,5.558483472591107,0.2309818816099748,1997.0070110000015,True
59428.007011,5.979445223966812,0.23345274620458922,1998.0070110000015,True
59429.007011,5.595233272517061,0.14299450089874582,1999.0070110000015,True
59430.007011,5.299532055805427,0.18168845415494447,2000.0070110000015,True
59431.007011,5.4276777974188954,0.16635632828576966,2001.0070110000015,True
59526.345694,1.6238143090642476,0.852184448199528,2096.3456940000033,True
59527.345694,-2.4492305942935833,1.9473704312847697,2097.3456940000033,True
59528.345694,23.82994961582688,11.29373081699379,2098.3456940000033,True
59528.345694,1.1175337247892558,1.298741646508861,2098.3456940000033,True
59529.345694,1.8481141885059527,0.7485898118805658,2099.3456940000033,True
59530.345694,1.9740112319749483,0.4055711167450381,2100.3456940000033,True
59531.345694,1.9171369841877983,0.7134127864895344,2101.3456940000033,True
59532.345694,-1.2355616190935297,1.159450428117765,2102.3456940000033,True
59533.345694,0.09356838539588683,0.8373762341458431,2103.3456940000033,True
59534.345694,1.7883533133175316,0.4020242413057693,2104.3456940000033,True
59535.345694,3.056838499682309,0.6173395831793301,2105.3456940000033,True
59536.345694,2.364890625051317,0.6670940741321547,2106.3456940000033,True
59537.345694,1.5419622014505223,0.600056333925011,2107.3456940000033,True
59538.345694,1.6519571305918732,0.5884682516634125,2108.3456940000033,True
59539.345694,0.4309445189790349,0.5415324038718522,2109.3456940000033,True
59540.345694,2.3989467442122563,0.5457635005050019,2110.3456940000033,True
59541.345694,1.8768590771090647,0.4868622203259648,2111.3456940000033,True
59542.345694,3.565317992255012,0.5920250804862341,2112.3456940000033,True
59543.345694,2.1381024557186232,0.47782125165416317,2113.3456940000033,True
59545.345694,2.2437513976693593,0.36013441488755776,2115.3456940000033,True
59546.345694,1.5383535941171524,0.4024375541981737,2116.3456940000033,True
59549.340576,1.9133877230274339,0.3596912362690563,2119.3405760000023,True
59550.340576,3.3608118892907624,0.5839574737943838,2120.3405760000023,True
59550.345694,2.3741225313219423,0.4602550486461721,2120.3456940000033,True
59551.340576,1.0174050516536082,1.4130860844183566,2121.3405760000023,True
59552.340576,32.98981686980213,7.558112162141998,2122.3405760000023,True
59552.340576,1.3225158400816182,0.9740562348816457,2122.3405760000023,True
59552.344658,1.7791279733783947,0.41339513612867235,2122.344658000002,True
59552.345694,2.0732963253905754,0.37910572676937443,2122.3456940000033,True
59553.340576,1.7769892657619557,0.5307697359770753,2123.3405760000023,True
59553.344658,0.7025338245242165,0.6103483210077701,2123.344658000002,True
59553.345694,-0.3633347213101848,1.2663249967434866,2123.3456940000033,True
59554.340576,2.0024391139897872,0.28641091129950413,2124.3405760000023,True
59555.340576,3.0632483291884482,0.5261315485926891,2125.3405760000023,True
59555.344658,2.7362665360102403,0.9803152307684353,2125.344658000002,True
59555.344658,29.493104059155982,8.122798702991682,2125.344658000002,True
59555.345694,4.121792997862128,0.4867217060717436,2125.3456940000033,True
59556.340576,2.668810494477373,0.9102949184435486,2126.3405760000023,True
59556.344658,2.9416598756949015,0.5965602895152723,2126.344658000002,True
59556.345694,5.004699240131228,0.41039708221560167,2126.3456940000033,True
59557.340576,3.5708086797303196,0.6823065611558721,2127.3405760000023,True
59557.344658,2.331728747328341,0.3108115100289077,2127.344658000002,True
59557.345694,4.5636268049934126,0.24065932572250456,2127.3456940000033,True
59558.340576,2.8729863151351673,0.3067822011913087,2128.3405760000023,True
59558.344658,2.1912070884270842,0.5257162908589936,2128.344658000002,True
59558.345694,4.605902443537858,0.2600947286135015,2128.3456940000033,True
59559.340576,3.225101862753598,0.48758983432213593,2129.3405760000023,True
59559.344658,3.417680716512273,0.8653767420515762,2129.344658000002,True
59559.345694,4.498158441062251,0.1755781191730412,2129.3456940000033,True
59560.340576,3.2276936862317056,0.5627159477064296,2130.3405760000023,True
59560.344658,2.285570203593103,0.6544465860085213,2130.344658000002,True
59561.340576,2.2988960082971053,0.5231863721934409,2131.3405760000023,True
59561.344658,3.2622789726724224,0.3351834265210707,2131.344658000002,True
59561.359294,4.520524722026237,1.2779654774733051,2131.3592940000017,True
59562.340576,3.0266131936437435,0.45172424959079865,2132.3405760000023,True
59562.344658,1.4228142849677887,0.48758983432213593,2132.344658000002,True
59562.359294,2.5211031143193807,1.916455341277542,2132.3592940000017,True
59563.340576,3.4037986387995574,0.43410426636015603,2133.3405760000023,True
59563.344658,3.0046275289509223,0.5366214160999982,2133.344658000002,True
59563.359294,2.256538092906156,4.329623470484061,2133.3592940000017,True
59564.340576,2.5281421985864414,0.4560250362505006,2134.3405760000023,True
59564.344658,1.7968880949480768,0.506322043854372,2134.344658000002,True
59564.359294,3.2221210917222893,2.929992449503424,2134.3592940000017,True
59564.359294,50.744864836902956,20.898831689715916,2134.3592940000017,True
59565.340576,2.5433966406505637,0.423106453378517,2135.3405760000023,True
59565.344658,3.8925382727315365,0.518111838987529,2135.344658000002,True
59565.345694,4.5126496750175455,0.14053462400754324,2135.3456940000033,True
59565.359294,4.866478097454315,1.8736971835371645,2135.3592940000017,True
59566.340576,2.804440688108972,0.4190036661187784,2136.3405760000023,True
59566.344658,1.934262795479185,0.45876544258139446,2136.344658000002,True
59566.345694,3.9230083724286393,0.16944461438742672,2136.3456940000033,True
59566.359294,2.9452972008152853,1.0096636095603693,2136.3592940000017,True
59567.340576,2.7257050747294436,0.3514150297108603,2137.3405760000023,True
59567.344658,2.643370576812066,0.4595168052876408,2137.344658000002,True
59567.345694,4.36116202860759,0.14771897074600998,2137.3456940000033,True
59567.359294,3.333165856090775,1.7291332031096758,2137.3592940000017,True
59568.340576,3.659276723538796,0.2891407377317818,2138.3405760000023,True
59568.345694,4.279608952907087,0.15765190400227927,2138.3456940000033,True
59568.359294,0.70855320287149,2.804578638473724,2138.3592940000017,True
59569.340576,3.006198131890765,0.28991515638631576,2139.3405760000023,True
59569.359294,0.49832651489513274,2.0521762825520224,2139.3592940000017,True
59570.340576,2.5406025348272547,0.31810509857320607,2140.3405760000023,True
59570.344658,2.923483517225767,0.39584352041655635,2140.344658000002,True
59570.359294,4.990836307397594,1.0861020307140028,2140.3592940000017,True
59571.340576,2.519599105848568,0.22070279279889374,2141.3405760000023,True
59571.344658,2.427708489164833,0.30627157407457745,2141.344658000002,True
59571.359294,0.6450636289938297,1.6164500412381855,2141.3592940000017,True
59572.340576,2.429468485762553,0.18801095810153953,2142.3405760000023,True
59572.344658,2.969118655454466,0.31262633570354914,2142.344658000002,True
59572.359294,4.208343019183076,1.7466500994627394,2142.3592940000017,True
59573.340576,2.8962899054152285,0.1694465024605078,2143.3405760000023,True
59573.344658,2.9532932751196483,0.36680773252075577,2143.344658000002,True
59573.359294,-0.0464222118803883,1.5876000259663037,2143.3592940000017,True
59574.340576,3.1772521464092227,0.3397856063830801,2144.3405760000023,True
59574.344658,3.0492858085659136,0.2589579435507018,2144.344658000002,True
59574.359294,2.5575704424711896,1.6023221984287035,2144.3592940000017,True
59575.340576,3.2458173310203295,0.19856888328504724,2145.3405760000023,True
59575.344658,2.6160913399896755,0.20034965920746503,2145.344658000002,True
59575.359294,3.9848564894917504,1.464130654011608,2145.3592940000017,True
59576.340576,2.9926844651606146,0.2896640163818693,2146.3405760000023,True
59576.344658,3.2897715628051243,0.18205454148250796,2146.344658000002,True
59576.345694,4.606596182748018,0.23815280744666617,2146.3456940000033,True
59576.359294,2.144047604501028,1.4462907351834409,2146.3592940000017,True
59577.340576,2.8709083022269333,0.8262086298434466,2147.3405760000023,True
59577.344658,3.4692992791682338,0.3883665236593384,2147.344658000002,True
59577.345694,4.153854553055258,0.2304203565300018,2147.3456940000033,True
59577.359294,2.4854368525165205,1.3011972436092751,2147.3592940000017,True
59578.345694,4.044789295035841,0.19593112475875854,2148.3456940000033,True
59578.359294,3.9822370630199657,1.4901382454257384,2148.3592940000017,True
59579.288433,3.4620583236303166,0.34407963747265596,2149.2884330000015,True
59579.340576,4.744758737924643,0.33621128108717413,2149.3405760000023,True
59579.345694,4.215412207862601,0.23599403483806247,2149.3456940000033,True
59579.359294,3.9439056263372376,1.1961296239669004,2149.3592940000017,True
59580.340576,4.387180196836908,0.26543195598650904,2150.3405760000023,True
59580.344658,4.537731989635596,1.0048483335933802,2150.344658000002,True
59580.345694,4.492226273457481,0.3696965502270991,2150.3456940000033,True
59580.359294,1.432267998975351,0.9222871890499755,2150.3592940000017,True
59581.288433,0.6751467913988024,1.2572060846983462,2151.2884330000015,True
59581.340576,4.336996946689708,0.16907306889323936,2151.3405760000023,True
59581.345694,4.61721810935336,0.31490473395927304,2151.3456940000033,True
59581.359294,3.312103812490235,0.9003360372188944,2151.3592940000017,True
59582.288433,4.326833865740671,0.8387054488298179,2152.2884330000015,True
59582.288433,19.735972194666633,6.483035863216623,2152.2884330000015,True
59582.340576,4.235239088170094,0.16818534559884207,2152.3405760000023,True
59582.344658,3.943463110439652,0.31576278732939694,2152.344658000002,True
59582.345694,4.057258822313357,0.37463803088660674,2152.3456940000033,True
59582.359294,4.045257594154183,1.0117331378472556,2152.3592940000017,True
59583.260755,2.6698515258857394,0.5230186084107463,2153.260755000003,True
59583.288433,3.710698102864368,0.46497918243887876,2153.2884330000015,True
59583.340576,4.137525722520922,0.12135159361135221,2153.3405760000023,True
59583.344658,3.802055595158029,0.29114504401876434,2153.344658000002,True
59583.345694,4.673367028005561,0.2421555664765571,2153.3456940000033,True
59583.359294,2.878241144146771,0.7411935458162846,2153.3592940000017,True
59584.288433,2.521247960760602,0.2515867558313262,2154.2884330000015,True
59584.340576,4.725247699562398,0.2471124701089965,2154.3405760000023,True
59584.345694,4.377098981667701,0.29401567611132523,2154.3456940000033,True
59584.359294,4.126039887827306,0.5936457569588398,2154.3592940000017,True
59585.260755,34.61872035302239,6.78166816847367,2155.260755000003,True
59585.260755,1.5134152146287043,0.7948924776222908,2155.260755000003,True
59585.288433,1.9171369841877983,0.44806309465786265,2155.2884330000015,True
59585.340576,4.440605999894929,0.12093123895933133,2155.3405760000023,True
59585.344658,4.091512480986678,0.17562382790044007,2155.344658000002,True
59585.345694,4.622221962181743,0.30965774905156,2155.3456940000033,True
59585.359294,3.5959667961965565,0.517345249540095,2155.3592940000017,True
59586.288433,4.061273962628491,0.7432554499859043,2156.2884330000015,True
59586.340576,4.405927011154674,0.14045020757427668,2156.3405760000023,True
59586.345694,4.510302941817242,0.35658260372472134,2156.3456940000033,True
59586.359294,2.1157731446505093,1.0634447036138217,2156.3592940000017,True
59587.288433,3.0645981879020416,0.5366987665178315,2157.2884330000015,True
59587.340576,4.31358127730917,0.1425376201477397,2157.3405760000023,True
59587.345694,4.274604522903932,0.2079217337392576,2157.3456940000033,True
59587.359294,3.381630954021895,0.6027314924241882,2157.3592940000017,True
59588.260755,2.2908689445140977,0.4380969090491614,2158.260755000003,True
59588.288433,2.6942544660771826,0.26173198170272066,2158.2884330000015,True
59588.340576,4.662391209931877,0.2533190884971878,2158.3405760000023,True
59588.344658,4.191713740607067,0.1462004530702363,2158.344658000002,True
59588.345694,3.989754842946082,0.23900058420216888,2158.3456940000033,True
59588.359294,4.622612080851697,0.8501502675157528,2158.3592940000017,True
59589.260755,1.9087107283444786,0.7123742037164239,2159.260755000003,True
59589.288433,2.4136985341653814,0.40233639703268276,2159.2884330000015,True
59589.340576,4.675825988448526,0.11047582942815205,2159.3405760000023,True
59589.344658,4.589837670670368,0.14620383714571744,2159.344658000002,True
59589.345694,4.19977774335149,0.23297928973462345,2159.3456940000033,True
59589.359294,2.1188927751505964,2.94179254078521,2159.3592940000017,True
59590.260755,3.3042991061509457,0.5195096875118247,2160.260755000003,True
59590.288433,4.132584701616016,0.44276527822525347,2160.2884330000015,True
59590.340576,4.357594300520743,0.11913800089312852,2160.3405760000023,True
59590.345694,4.14267036358857,0.37006025661210007,2160.3456940000033,True
59591.260755,3.2794176431300377,0.2676080972881887,2161.260755000003,True
59591.288433,2.381256681580931,0.3984687812207916,2161.2884330000015,True
59591.340576,4.4689743493045695,0.10716866505102686,2161.3405760000023,True
59591.344658,4.232437430043189,0.2657896093857342,2161.344658000002,True
59591.345694,4.890568963024027,0.34550712586393,2161.3456940000033,True
59591.359294,4.17410309817272,1.003165060047233,2161.3592940000017,True
59592.260755,2.3950026049352378,0.40233639703268276,2162.260755000003,True
59592.288433,4.069331309711962,0.40301596389211025,2162.2884330000015,True
59592.340576,4.6140220826088925,0.11842750683424809,2162.3405760000023,True
59592.344658,4.685194963382362,0.11047582942815205,2162.344658000002,True
59592.345694,3.4629774914605167,0.32090885631237737,2162.3456940000033,True
59592.359294,4.796160022231835,0.89671863696739,2162.3592940000017,True
59593.260755,2.958330779326609,0.43603120555262603,2163.260755000003,True
59593.288433,3.3598814756658455,0.37397153530015,2163.2884330000015,True
59593.344658,4.279456628601153,0.11940138630409346,2163.344658000002,True
59593.359294,4.302223053087553,0.48515577073904015,2163.3592940000017,True
59594.288433,2.1405558354638874,0.37292093316656566,2164.2884330000015,True
59594.344658,4.1672607652645155,0.12124863230622931,2164.344658000002,True
59594.359294,4.013345378834292,0.5524649058576656,2164.3592940000017,True
59595.248328,40.59136645816334,10.511857145048067,2165.2483280000015,True
59595.260755,3.8420259764514153,0.41528323584585397,2165.260755000003,True
59595.288433,2.3469773586407503,0.33520077470855114,2165.2884330000015,True
59595.344658,4.692806128202801,0.11515880707024548,2165.344658000002,True
59595.359294,4.366540660572715,0.3558067332567127,2165.3592940000017,True
59596.260755,3.2754253927163983,0.38072802193610567,2166.260755000003,True
59596.359294,3.6580821194561928,0.8112416510789004,2166.3592940000017,True
59597.260755,2.748123647926269,0.37152422555170955,2167.260755000003,True
59597.288433,3.095464771570397,0.32791092495042756,2167.2884330000015,True
59597.359294,4.866192763868067,0.3900578689450231,2167.3592940000017,True
59598.359294,5.417949355417018,0.405528141401368,2168.3592940000017,True
59599.288433,2.8161658151547306,0.24843249212320564,2169.2884330000015,True
59599.359294,4.680375299830114,0.4208203785446832,2169.3592940000017,True
59600.260755,2.5393920491894266,0.330490643765597,2170.260755000003,True
59600.288433,2.8353816350361063,0.27991198037223264,2170.2884330000015,True
59600.359294,5.35664558178677,0.8144925284817736,2170.3592940000017,True
59601.260755,2.2448252363160672,0.24955461591261863,2171.260755000003,True
59601.340576,4.2206600480817595,0.14966774938393304,2171.3405760000023,True
59601.359294,4.2948210078058535,0.30597510638086783,2171.3592940000017,True
59602.260755,2.5658793492097107,0.24727375848457128,2172.260755000003,True
59602.359294,4.503334227921329,0.368212804528947,2172.3592940000017,True
59603.260755,2.345791999037055,0.2822189472434326,2173.260755000003,True
59603.288433,2.835327958495667,0.15115791838463943,2173.2884330000015,True
59603.340576,3.9871109333610035,0.16378134909897066,2173.3405760000023,True
59603.344658,4.788631191361099,0.17136798900008401,2173.344658000002,True
59603.359294,3.9516361238705575,0.329793061594714,2173.3592940000017,True
59604.260755,3.181707484245249,0.21389779002092785,2174.260755000003,True
59604.340576,4.379284353836168,0.23209564482179879,2174.3405760000023,True
59604.344658,4.180811156311567,0.15869235134365334,2174.344658000002,True
59604.359294,4.375155561393317,0.3267861635857985,2174.3592940000017,True
59605.260755,2.6515651056692118,0.1707367765532439,2175.260755000003,True
59605.288433,2.807154939486538,0.17796267841584423,2175.2884330000015,True
59605.340576,4.390681410131767,0.2619213571991813,2175.3405760000023,True
59605.344658,4.163079216679438,0.15754066837079103,2175.344658000002,True
59606.260755,3.0861032401420445,0.14824837091802398,2176.260755000003,True
59606.340576,4.461212336824486,0.2950014808829842,2176.3405760000023,True
59606.344658,3.923831775754584,0.16973703452075156,2176.344658000002,True
59607.260755,3.1800602919165204,0.30664948939696124,2177.260755000003,True
59607.288433,1.40865588846739,0.8197257373686505,2177.2884330000015,True
59607.340576,4.388478126268435,0.213360344150439,2177.3405760000023,True
59608.340576,4.854810015910532,0.23335668507257723,2178.3405760000023,True
59608.344658,5.025358608777388,0.25293477739534953,2178.344658000002,True
59609.260755,3.383140662791348,0.23767885983684733,2179.260755000003,True
59609.288433,3.760377759352577,0.2753413461803024,2179.2884330000015,True
59609.340576,4.351248071943505,0.2694788618783039,2179.3405760000023,True
59609.344658,4.3850382455166725,0.3330885265368905,2179.344658000002,True
59610.260755,2.1822810571263798,0.8254883084573581,2180.260755000003,True
59610.288433,4.668606908371041,0.2508544572595612,2180.2884330000015,True
59610.340576,4.442608963685817,0.21936508048534678,2180.3405760000023,True
59610.344658,4.390009787030463,0.2168831639031024,2180.344658000002,True
59611.288433,4.093579691474619,0.13465890522489918,2181.2884330000015,True
59611.340576,4.198414402733944,0.1408965120824709,2181.3405760000023,True
59612.288433,4.386530253626326,0.15721673610326528,2182.2884330000015,True
59612.340576,4.468356138366622,0.20524343954084562,2182.3405760000023,True
59612.359294,4.6923961231134195,0.4814072329691129,2182.3592940000017,True
59613.260755,4.055137170278651,0.2364794237927098,2183.260755000003,True
59613.288433,4.345481815694389,0.10573295032659402,2183.2884330000015,True
59613.340576,4.246695321836596,0.181101852952518,2183.3405760000023,True
59613.344658,4.4462680976388675,0.2802896608036291,2183.344658000002,True
59613.359294,3.2502223308546916,0.47326419108247575,2183.3592940000017,True
59614.288433,4.1241103911356,0.22694401969598013,2184.2884330000015,True
59614.340576,4.347816792173319,0.24976079751968436,2184.3405760000023,True
59614.344658,4.506487497334332,0.15425738822822244,2184.344658000002,True
59614.359294,3.6114180366506607,0.42541357274733743,2184.3592940000017,True
59615.260755,3.8986162450299853,0.14977825380166745,2185.260755000003,True
59615.288433,4.229712558818955,0.11741634827473177,2185.2884330000015,True
59615.340576,4.275161868609903,0.2793508632144116,2185.3405760000023,True
59615.359294,3.876682599498819,0.46975468764295714,2185.3592940000017,True
59616.288433,4.218934050082849,0.11979878714821258,2186.2884330000015,True
59616.340576,4.85452916927525,0.2825701876378898,2186.3405760000023,True
59616.344658,4.777534209839535,0.17560579375854815,2186.344658000002,True
59616.359294,4.763286880548633,0.7736521494059966,2186.3592940000017,True
59617.344658,4.2183554537460495,0.28421743067032657,2187.344658000002,True
59617.359294,4.051812463362276,0.7925040064504179,2187.3592940000017,True
59618.288433,4.7033391889688945,0.24066244043120047,2188.2884330000015,True
59618.344658,5.094972033668718,0.3202314773433499,2188.344658000002,True
59618.359294,3.5863644396832424,1.0253494351191048,2188.3592940000017,True
59619.260755,4.528191639547789,0.120620734229847,2189.260755000003,True
59619.288433,4.464243304526058,0.09400204850282337,2189.2884330000015,True
59619.344658,4.891042187060477,0.27263053279635596,2189.344658000002,True
59619.359294,5.059345540036506,0.6261429195168662,2189.3592940000017,True
59620.260755,4.7765150436247765,0.12978865412279517,2190.260755000003,True
59620.288433,4.440999680659632,0.11000730664634492,2190.2884330000015,True
59620.359294,3.6949001306086937,0.7543710217000104,2190.3592940000017,True
59621.260755,5.1463218712784515,0.22893642825241808,2191.260755000003,True
59621.359294,3.691566808122136,0.769192091186615,2191.3592940000017,True
59622.260755,4.51889565830677,0.08923948624478997,2192.260755000003,True
59622.288433,4.83528791278753,0.0994019979514637,2192.2884330000015,True
59622.359294,4.951228583159766,0.752866810840035,2192.3592940000017,True
59623.260755,4.687704015596767,0.10561754979692972,2193.260755000003,True
59623.359294,4.258041453301761,0.4490800271468724,2193.3592940000017,True
59624.359294,3.562164343902655,0.5969763493662461,2194.3592940000017,True
59625.260755,4.537752421448832,0.09730667758992358,2195.260755000003,True
59625.359294,3.0683938507391635,0.5719923068455914,2195.3592940000017,True
59626.359294,3.7363609322168343,0.8345277046311621,2196.3592940000017,True
59627.359294,4.2839533985301035,0.9514633256138378,2197.3592940000017,True
59628.359294,5.667958065490569,0.8331053557995789,2198.3592940000017,True
59630.288433,3.942226374242957,0.14180179333362838,2200.2884330000015,True
59631.288433,4.184327234997172,0.13572063726436526,2201.2884330000015,True
59632.288433,4.313630026044017,0.12441949031058377,2202.2884330000015,True
59633.260755,4.5578989192973856,0.14899043698586467,2203.260755000003,True
59633.288433,4.345692826464054,0.1373529950398187,2203.2884330000015,True
59634.260755,4.15151050059819,0.14204957889845485,2204.260755000003,True
59634.288433,4.964699970539976,0.22249558165398733,2204.2884330000015,True
59635.260755,4.378151801485978,0.13033398639276364,2205.260755000003,True
59635.288433,4.289582387338659,0.22204340931967767,2205.2884330000015,True
59636.288433,4.124199690432344,0.27999749320114237,2206.2884330000015,True
59637.196738,21.16397758162306,7.894752215340852,2207.1967379999987,True
59637.260755,4.763286880548633,0.2351074293450338,2207.260755000003,True
59637.288433,4.092867599197116,0.17537515725215552,2207.2884330000015,True
59638.260755,4.576029618585798,0.20650411507555183,2208.260755000003,True
59639.260755,4.475062171607725,0.2615310468234907,2209.260755000003,True
59639.288433,4.235383374048533,0.21976916891046144,2209.2884330000015,True
59640.288433,4.012660724202443,0.21863325369473677,2210.2884330000015,True
59641.260755,3.816905466692295,0.19452118372765642,2211.260755000003,True
59641.288433,4.546238864379542,0.1318420340332838,2211.2884330000015,True
59642.043225,2.6315212676618356,0.33377598226703226,2212.0432250000013,True
59642.288433,3.9522469044335016,0.16743543752016335,2212.2884330000015,True
59643.043225,3.1304917681557547,0.5374136159816844,2213.0432250000013,True
59643.260755,4.488348138098942,0.22942769885623426,2213.260755000003,True
59643.288433,4.337849474321949,0.15804521438269334,2213.2884330000015,True
59644.043225,-0.007110598680084603,1.32497999762009,2214.0432250000013,True
59644.260755,3.9919281350268747,0.13714221630597861,2214.260755000003,True
59644.288433,4.686407984983099,0.2449806865623698,2214.2884330000015,True
59645.043225,0.28143492673934256,7.199753395833541,2215.0432250000013,True
59645.043225,4.134369742221887,0.9372846340467562,2215.0432250000013,True
59645.288433,4.404836934932878,0.2551741559338567,2215.2884330000015,True
59646.043225,2.8838708759654046,0.5049869514823765,2216.0432250000013,True
59646.260755,4.52149828153509,0.15067245204931917,2216.260755000003,True
59646.288433,4.140496821475271,0.22536645977436845,2216.2884330000015,True
59647.043225,2.6776013118422166,0.2624841106036812,2217.0432250000013,True
59647.260755,4.092877541116544,0.23781052012639778,2217.260755000003,True
59648.043225,2.39053080060111,0.480037940152446,2218.0432250000013,True
59648.260755,4.8641943732634205,0.24220664930155886,2218.260755000003,True
59649.035044,3.580706474482956,0.5776291554668005,2219.0350439999966,True
59649.043225,1.4174181740572893,0.8422158073494665,2219.0432250000013,True
59649.260755,3.64351407939858,0.2111669528578918,2219.260755000003,True
59650.035044,2.45872474817865,0.8756962938987267,2220.0350439999966,True
59650.043225,2.5010907660537405,0.6491899869241151,2220.0432250000013,True
59651.035044,2.1198607018473066,2.0004599964068013,2221.0350439999966,True
59651.043225,3.1790340018782928,0.2871951492397487,2221.0432250000013,True
59652.035044,5.653740993740086,1.3386427452871452,2222.0350439999966,True
59652.035044,16.413009088897304,14.643842314150122,2222.0350439999966,True
59652.043225,1.9014300732594565,0.4453370342620122,2222.0432250000013,True
59653.035044,4.070768024255851,0.7881530501569141,2223.0350439999966,True
59653.043225,3.202440913709353,0.5269411866330964,2223.0432250000013,True
59654.035044,3.2153620799562574,0.42689202825616746,2224.0350439999966,True
59654.043225,3.695105517299092,0.5106361743597149,2224.0432250000013,True
59655.035044,1.1198421354916928,0.7337604154406333,2225.0350439999966,True
59655.043225,3.0590853841095353,0.4253856951018783,2225.0432250000013,True
59656.035044,2.4210586778154046,1.1980519859546161,2226.0350439999966,True
59656.043225,2.626802675664648,0.40437572516195047,2226.0432250000013,True
59657.035044,0.9714204324916547,0.8647105493847532,2227.0350439999966,True
59657.043225,3.3487079223143716,0.43612195273880155,2227.0432250000013,True
59658.035044,2.6526319806801175,0.42210096955611826,2228.0350439999966,True
59658.043225,3.135874474909674,0.41634447809621195,2228.0432250000013,True
59659.035044,1.2545509218965005,0.6337920009018562,2229.0350439999966,True
59659.043225,3.374230084821075,0.40024230793435545,2229.0432250000013,True
59660.035044,3.366583935104646,0.687296292150037,2230.0350439999966,True
59660.043225,2.639714447557128,0.33192382088513556,2230.0432250000013,True
59661.035044,2.0518139884456303,0.6212347927694227,2231.0350439999966,True
59661.043225,3.2101710140114483,0.2747878748499802,2231.0432250000013,True
59662.035044,2.73797150061448,0.6151676082686192,2232.0350439999966,True
59662.043225,2.827753151541075,0.28319450128223633,2232.0432250000013,True
59663.035044,2.224791720825282,0.5631531611069105,2233.0350439999966,True
59663.043225,3.840193872269764,0.3222063730108945,2233.0432250000013,True
59664.043225,3.4833346344037373,0.2107711671229435,2234.0432250000013,True
59665.035044,2.443577005530822,0.5039281579432109,2235.0350439999966,True
59666.035044,3.652176131997711,0.6118287363475695,2236.0350439999966,True
59666.043225,3.559943827562271,0.1648743564415407,2236.0432250000013,True
59667.035044,2.7772994510328317,0.4932995645451799,2237.0350439999966,True
59668.035044,3.930129135985702,0.3817398530982454,2238.0350439999966,True
59668.043225,3.406608172045171,0.18717302756192739,2238.0432250000013,True
59669.035044,4.211281116070495,0.3733439783679894,2239.0350439999966,True
59669.043225,2.8224274022402374,0.2751354136793304,2239.0432250000013,True
59670.035044,2.8661411933187706,0.4190989816012828,2240.0350439999966,True
59670.043225,3.0502683273629567,0.7858706322224936,2240.0432250000013,True
59671.035044,3.400571087104152,0.3334451361203286,2241.0350439999966,True
59672.035044,2.9492362698496635,0.26744134647093487,2242.0350439999966,True
59672.043225,3.8174433233277694,0.31647610687908684,2242.0432250000013,True
59673.035044,2.8422554524637995,0.2326252474498713,2243.0350439999966,True
59673.043225,4.5633249731208645,0.2468051520576312,2243.0432250000013,True
59674.043225,4.1235571859592355,0.15444405158474633,2244.0432250000013,True
59675.043225,3.7397605213009433,0.15582990041991665,2245.0432250000013,True
59676.043225,3.9734422228439668,0.10845305112337777,2246.0432250000013,True
59677.035044,0.3281738093347215,1.3160271723835892,2247.0350439999966,True
59678.043225,4.448205763537307,0.11760634236579119,2248.0432250000013,True
59679.035044,4.3239002036076,0.40278777239156505,2249.0350439999966,True
59679.043225,3.7833020968166218,0.139217286951825,2249.0432250000013,True
59680.035044,4.850825642457889,0.36787937759533706,2250.0350439999966,True
59680.043225,4.445250926419253,0.14086562460348473,2250.0432250000013,True
59681.035044,3.601948781926901,0.19557317401764074,2251.0350439999966,True
59681.043225,3.8620443469356194,0.2348924979305298,2251.0432250000013,True
59682.035044,4.247846685291449,0.22681067221313098,2252.0350439999966,True
59682.043225,4.140232921397556,0.09821808722304967,2252.0432250000013,True
59683.035044,4.1033050995936415,0.1511849571889805,2253.0350439999966,True
59684.035044,4.196560164463911,0.3585284728760478,2254.0350439999966,True
59684.043225,3.756125721412604,0.09687017471579303,2254.0432250000013,True
59685.035044,4.056817935954868,0.18068438059752412,2255.0350439999966,True
59685.043225,4.15388973121468,0.10786709221208583,2255.0432250000013,True
59686.035044,4.266196007276827,0.18236950873763066,2256.0350439999966,True
59687.035044,3.7346528201108726,0.1949964803487407,2257.0350439999966,True
59688.035044,4.587940338955481,0.3409849890718943,2258.0350439999966,True
59691.035044,4.121400300490428,0.14771897074600998,2261.0350439999966,True
59694.035044,2.361164200094178,1.9394465893380468,2264.0350439999966,True
59694.043225,4.078844874429013,0.14919893889251898,2264.0432250000013,True
59695.035044,3.642551902500329,1.006885490034478,2265.0350439999966,True
59695.043225,3.99317187468227,0.1273229702054721,2265.0432250000013,True
59696.035044,4.494378637095227,0.7326521981043931,2266.0350439999966,True
59696.043225,3.5863429351870075,0.1626646580823869,2266.0432250000013,True
59697.035044,2.686672703707265,0.5639653862669793,2267.0350439999966,True
59697.043225,4.224930397020373,0.23378977361611847,2267.0432250000013,True
59698.035044,3.4429635729571144,0.5065808907598127,2268.0350439999966,True
59698.043225,3.917013766304798,0.2493775895563328,2268.0432250000013,True
59699.035044,3.9537505058564575,0.5906634366662036,2269.0350439999966,True
59699.043225,3.450174397648061,0.279535832041701,2269.0432250000013,True
59700.035044,3.4645294089653205,0.2160071471631641,2270.0350439999966,True
59700.043225,4.327211695787332,0.19865640083497443,2270.0432250000013,True
59701.035044,4.315594172593102,0.2082690608106883,2271.0350439999966,True
59701.983295,3.0905022722759963,0.3275313427484723,2271.983294999998,True
59702.035044,3.9243486475441776,0.19259749969425718,2272.0350439999966,True
59702.043225,3.697173164471894,0.2498566146541556,2272.0432250000013,True
59703.035044,4.462324999307261,0.2101860646770125,2273.0350439999966,True
59703.043225,3.950455447000594,0.22229238764778678,2273.0432250000013,True
59703.983295,-0.22850538089111355,1.276408693359507,2273.983294999998,True
59704.035044,4.13457686132332,0.3448493279104102,2274.0350439999966,True
59704.043225,4.133266328965404,0.1418902962586012,2274.0432250000013,True
59704.983295,2.2011223876897206,0.8676533048062209,2274.983294999998,True
59705.035044,3.5163620833839633,0.3227679912876259,2275.0350439999966,True
59705.043225,3.79471356268066,0.18979016887366207,2275.0432250000013,True
59705.983295,3.5595576420333748,0.4707580824118285,2275.983294999998,True
59706.035044,4.546619651321125,0.42034248567129423,2276.0350439999966,True
59706.043225,4.167605689533128,0.16716062963122852,2276.0432250000013,True
59706.983295,3.3977743228848087,0.2551402410831811,2276.983294999998,True
59707.035044,4.26594526530623,0.258544336630252,2277.0350439999966,True
59707.043225,4.280098553611363,0.2818273751916693,2277.0432250000013,True
59707.983295,2.286716367177138,0.46591917720678583,2277.983294999998,True
59708.035044,4.397719601850845,0.3019202471815303,2278.0350439999966,True
59708.043225,4.1982359818081365,0.2633063211100434,2278.0432250000013,True
59708.983295,1.599898265649674,0.8064216355371143,2278.983294999998,True
59709.035044,4.7343490891768765,0.3156378624913005,2279.0350439999966,True
59709.043225,4.62733705861162,0.2663421797333448,2279.0432250000013,True
59709.983295,3.7842266025571947,0.6013549352560229,2279.983294999998,True
59710.035044,3.5296550423998454,0.3443245049820039,2280.0350439999966,True
59710.983295,3.7078844045704136,0.27862581401094116,2280.983294999998,True
59711.035044,4.403796465800869,0.20416743796276532,2281.0350439999966,True
59712.035044,4.1277840566723825,0.24500185436418193,2282.0350439999966,True
59712.983295,2.3480554433697476,0.5025301731948215,2282.983294999998,True
59713.035044,4.4236416178375775,0.23016423502551692,2283.0350439999966,True
59713.983295,3.3068337718182024,0.46827925667089054,2283.983294999998,True
59714.035044,4.2761151278136005,0.36269091888623994,2284.0350439999966,True
59714.983295,2.9941410031779516,0.419612861241293,2284.983294999998,True
59715.035044,4.587261180777064,0.38440964576082287,2285.0350439999966,True
59715.983295,2.373434426816308,0.404037900830153,2285.983294999998,True
59716.035044,4.489398991422989,0.3332827123395929,2286.0350439999966,True
59717.983295,2.4532369702198293,0.38994057461292553,2287.983294999998,True
59718.983295,3.1761935262077223,0.40302176840612186,2288.983294999998,True
59719.983295,2.6339817390789744,0.3396629773306439,2289.983294999998,True
59720.983295,2.735600547758324,0.27200990138898623,2290.983294999998,True
59721.983295,3.1776907104086503,0.27230240507907355,2291.983294999998,True
59722.983295,2.9250970133605403,0.2968297374276975,2292.983294999998,True
59723.983295,3.4870130142837192,0.21573697996091865,2293.983294999998,True
59724.983295,3.3209396406656695,0.18199584131240087,2294.983294999998,True
59725.983295,3.357661003692817,0.15586861428296903,2295.983294999998,True
59726.983295,3.7136079383031757,0.3103000785564492,2296.983294999998,True
59728.983295,3.821268838039787,0.2619688674801545,2298.983294999998,True
59729.983295,1.3294205359976603,0.781548703905963,2299.983294999998,True
59731.983295,3.922063523948955,0.29911866450329916,2301.983294999998,True
59732.983295,4.680754823976829,0.23323997963116583,2302.983294999998,True
59733.983295,4.095977891033389,0.1464100830628689,2303.983294999998,True
59735.983295,4.267388599270597,0.10415353696071959,2305.983294999998,True
59737.983295,4.416856738512499,0.11228650781612698,2307.983294999998,True
59738.983295,3.920978232990382,0.13274445368395416,2308.983294999998,True
59739.983295,4.564380608947423,0.1358496379707197,2309.983294999998,True
59741.983295,4.2261151916243875,0.0943143476672845,2311.983294999998,True
59743.983295,4.119791161375548,0.09365189648603246,2313.983294999998,True
59744.983295,4.255303236713223,0.10459839244808322,2314.983294999998,True
59752.983295,4.265715338593589,0.1459758444865398,2322.983294999998,True
59753.983295,3.83271936643664,0.14181517365274782,2323.983294999998,True
59754.983295,4.240505347209792,0.12259137333972818,2324.983294999998,True
59756.983295,4.264460068887832,0.22362500085020048,2326.983294999998,True
59757.971148,32.881223304254114,16.712549737839847,2327.971147999997,True
59757.983295,4.695850682636888,0.238144364801543,2327.983294999998,True
59758.983295,3.6440720846134034,0.2661476584179036,2328.983294999998,True
59759.983295,4.49875770113442,0.1890069380342008,2329.983294999998,True
59761.983295,4.0447672581568055,0.23845702340965033,2331.983294999998,True
59762.983295,4.274288801845518,0.2140593362534243,2332.983294999998,True
59763.983295,4.1167032593632324,0.13482338656167464,2333.983294999998,True
59764.983295,4.145787867158421,0.18273867643329658,2334.983294999998,True
59765.983295,4.487985725474298,0.15844736505542284,2335.983294999998,True
59766.983295,4.068976986329971,0.23342875174885966,2336.983294999998,True
59767.983295,4.664187067578831,0.2492398732377205,2337.983294999998,True
59768.983295,4.390002443007649,0.24930277143357255,2338.983294999998,True
59793.986343,4.498668483711277,0.4555464528789524,2363.986342999997,True
59795.986343,6.008953738340034,1.7553443446731627,2365.986342999997,True
59796.986343,4.050655672236076,1.2627524201598201,2366.986342999997,True
59796.986343,18.932379809611305,8.117369024714288,2366.986342999997,True
59797.986343,4.306369330845341,0.6707969276293194,2367.986342999997,True
59799.986343,3.191978226634173,0.6029542293264287,2369.986342999997,True
59800.986343,0.8348855739739085,1.0590863777419544,2370.986342999997,True
59801.986343,2.1856948209893927,0.8305426553361155,2371.986342999997,True
59803.986343,3.333538252288429,0.5223642626902024,2373.986342999997,True
59804.986343,3.547562138181509,0.6094335768727824,2374.986342999997,True
59805.986343,3.9853288422039985,0.597703171831187,2375.986342999997,True
59806.986343,4.527549997395918,0.5173902347549563,2376.986342999997,True
59807.986343,3.427446342025403,0.48241314580723954,2377.986342999997,True
59808.986343,2.901761485560435,0.5132900484595987,2378.986342999997,True
59809.986343,2.710836028593356,0.495556188546071,2379.986342999997,True
59811.986343,3.531150615910126,0.4121817395792962,2381.986342999997,True
59812.986343,2.392983820902409,0.3396072556065045,2382.986342999997,True
59813.986343,3.8891531645301445,0.3592074279766503,2383.986342999997,True
59824.986343,3.891140309600489,0.31503594471015106,2394.986342999997,True
59825.986343,4.098376090592157,0.19305506448093293,2395.986342999997,True
59826.986343,4.081426403289596,0.20916003624323762,2396.986342999997,True
59827.986343,4.460428010655251,0.1366192561481385,2397.986342999997,True
59830.986343,4.361747355516825,0.16428667294167404,2400.986342999997,True
59833.986343,4.182393308599819,0.12913570450470918,2403.986342999997,True
59836.986343,4.233511904953205,0.14373897680165276,2406.986342999997,True
59844.986343,4.920809477869958,0.19687607937898693,2414.986342999997,True
59845.986343,4.192531418596917,0.1973692168853118,2415.986342999997,True
59846.986343,4.539456240090884,0.16539081771622977,2416.986342999997,True
59847.986343,4.138484604497932,0.20336184179788871,2417.986342999997,True
59848.986343,3.5905732818139975,0.30494318297754613,2418.986342999997,True
59849.986343,5.036591833532178,0.30610537456802106,2419.986342999997,True
59851.986343,4.489567736562255,0.23955174318111028,2421.986342999997,True
59853.986343,4.433474631739937,0.3053595425167466,2423.986342999997,True
59854.986343,5.2695732370751145,0.28083853089658656,2424.986342999997,True
59855.986343,4.508695906614621,0.16971625319024905,2425.986342999997,True
59856.986343,4.097777705862318,0.24905271172354074,2426.986342999997,True
59857.986343,4.552329833111017,0.2230595731406291,2427.986342999997,True
59858.986343,5.971062804761379,0.966379098537088,2428.986342999997,True
59859.986343,4.5147310589354,0.3164950771272641,2429.986342999997,True
59860.986343,4.832215658406501,0.3184746551266956,2430.986342999997,True
59875.358509,2.0632590714728756,0.39872023326005634,2445.358508999998,True
59876.358509,3.1928701342964865,0.6463358399351149,2446.358508999998,True
59877.358509,2.8868354830783725,1.5746139102151793,2447.358508999998,True
59878.358509,20.1703464568587,7.959908354669663,2448.358508999998,True
59878.358509,0.9939185560251599,1.0781120414995242,2448.358508999998,True
59879.358509,2.6616054923904158,0.5832243665007735,2449.358508999998,True
59880.358509,3.1561373257586753,0.31389119724718195,2450.358508999998,True
59881.358509,3.104774102558037,0.5747167034351084,2451.358508999998,True
59883.358509,1.3604087647376826,0.741180470901217,2453.358508999998,True
59884.358509,3.4189753882849026,0.32245184275255645,2454.358508999998,True
59885.358509,3.299885579674171,0.5122684609059247,2455.358508999998,True
59886.358509,2.7689349854089613,0.5892313588549001,2456.358508999998,True
59887.358509,4.197113430648121,0.5553462541423632,2457.358508999998,True
59888.358509,2.4601538710738122,0.4585794898002436,2458.358508999998,True
59889.358509,3.201104039720885,0.44153640165970737,2459.358508999998,True
59890.358509,2.4059302822865374,0.46510363574706504,2460.358508999998,True
59891.358509,2.5337366759615563,0.4311564239526897,2461.358508999998,True
59892.358509,2.394470268523434,0.42629974985716507,2462.358508999998,True
59893.358509,2.9607461223337705,0.36144726954763035,2463.358508999998,True
59894.358509,2.976358247711129,0.2960856713842668,2464.358508999998,True
59895.358509,3.1359762994178126,0.2996485189508444,2465.358508999998,True
59896.358509,2.7354130706174526,0.32605131779622737,2466.358508999998,True
59897.358509,3.393214327344189,0.23817509722880598,2467.358508999998,True
59898.358509,2.620718352904398,0.2015835293180576,2468.358508999998,True
59899.358509,3.2537485941708377,0.18205454148250796,2469.358508999998,True
59901.358509,3.064732500351576,0.22073616428070503,2471.358508999998,True
59902.358509,3.4557836763040424,0.32008327829031014,2472.358508999998,True
59903.358509,2.243508374943898,0.8903172332053182,2473.358508999998,True
59905.350064,1.660479822525755,0.5192417759682645,2475.3500639999984,True
59905.358509,3.8935307419613587,0.3485754866151325,2475.358508999998,True
59906.350064,2.8953733111637683,0.7960439186728698,2476.3500639999984,True
59906.358509,4.174591673735586,0.2789971284129744,2476.358508999998,True
59907.350064,-0.6464445105752002,1.807304344579833,2477.3500639999984,True
59907.358509,4.870596348515889,0.1771070374151167,2477.358508999998,True
59908.350064,4.147670108481315,1.2181570744664436,2478.3500639999984,True
59908.350064,20.23550259618751,9.57252280305772,2478.3500639999984,True
59908.358509,4.84166450970715,0.18671851336723025,2478.358508999998,True
59909.350064,1.3013413449114777,0.712138288974267,2479.3500639999984,True
59910.350064,2.779467889062057,0.3856715993346507,2480.3500639999984,True
59910.358509,4.276842345719607,0.26042756358555097,2480.358508999998,True
59911.350064,2.295021521851056,0.668149693516683,2481.3500639999984,True
59911.358509,4.689498259182791,0.12235619464227711,2481.358508999998,True
59912.350064,1.5016397547922362,1.0920731635298082,2482.3500639999984,True
59913.350064,4.776146849784568,0.7979517410127995,2483.3500639999984,True
59913.358509,4.473465851228557,0.13950712822377753,2483.358508999998,True
59914.350064,2.1433686299395567,0.40471746094910876,2484.3500639999984,True
59915.350064,3.0680560572203954,0.615096071671713,2485.3500639999984,True
59915.358509,4.91473484926135,0.11906405645083526,2485.358508999998,True
59916.350064,2.1081541044073955,0.6670940741321547,2486.3500639999984,True
59916.358509,5.071368764235656,0.13862852130453204,2486.358508999998,True
59917.350064,2.353803123819655,0.6075080138887853,2487.3500639999984,True
59917.358509,4.847926610858875,0.11899583754539693,2487.358508999998,True
59918.350064,2.077703627810038,0.6267132759897901,2488.3500639999984,True
59919.350064,3.346368502393934,0.5783552560378109,2489.3500639999984,True
59921.350064,3.7476722385467993,0.5206720967374902,2491.3500639999984,True
59922.350064,3.0684894329267753,0.6212094154397808,2492.3500639999984,True
59923.350064,2.63684809331805,0.5021852626863191,2493.3500639999984,True
59924.350064,3.5273229841415854,0.3891477823275625,2494.3500639999984,True
59925.350064,1.9308933152380827,0.37821065965025374,2495.3500639999984,True
59926.350064,2.8943374550778773,0.42653254151959297,2496.3500639999984,True
59926.358509,4.734136634642533,0.18157122515164517,2496.358508999998,True
59927.350064,2.2731476538898034,0.32130648251638944,2497.3500639999984,True
59927.358509,5.007089647428816,0.17404589493746322,2497.358508999998,True
59928.350064,2.7533593897930966,0.25895848946061106,2498.3500639999984,True
59928.358509,4.712589670860149,0.14657196654565746,2498.358508999998,True
59929.350064,2.90737389576424,0.2248664542055635,2499.3500639999984,True
59929.358509,4.830833034779944,0.1802835607884883,2499.358508999998,True
59930.350064,2.8739724316210187,0.45857016134179324,2500.3500639999984,True
59930.358509,4.185400725152915,0.26691940337170394,2500.358508999998,True
59931.350064,3.4596847603446337,0.2558603771259374,2501.3500639999984,True
59931.358509,4.987914526261423,0.2671635287514165,2501.358508999998,True
59932.350064,2.9268517341647353,0.36049095455674646,2502.3500639999984,True
59932.358509,5.331443622371317,0.3067738404487371,2502.358508999998,True
59933.350064,0.6163023637700998,1.2547998545660715,2503.3500639999984,True
59933.358509,5.027180664033927,0.2101438565501811,2503.358508999998,True
59934.358509,5.004309512238324,0.2455572186809373,2504.358508999998,True
59935.271792,2.6471328664582354,0.34095731771337595,2505.2717919999996,True
59935.350064,3.7793996140109756,0.38281482500024777,2505.3500639999984,True
59935.358509,4.248464872197965,0.27190828296319847,2505.358508999998,True
59936.271792,3.9442895294994487,0.511022768768298,2506.2717919999996,True
59936.350064,3.925559403816892,0.3439884769039503,2506.3500639999984,True
59936.358509,4.835965863638691,0.2458938016449592,2506.358508999998,True
59937.350064,4.990506326454356,0.19185596470154825,2507.3500639999984,True
59937.358509,4.964732422994405,0.15690747936456986,2507.358508999998,True
59938.271792,3.3167884045099836,0.8449644447166083,2508.2717919999996,True
59938.350064,4.861836665101314,0.22151548142216307,2508.3500639999984,True
59938.358509,4.708406944847143,0.21349518601361353,2508.358508999998,True
59939.350064,4.897399041880511,0.1475874045222665,2509.3500639999984,True
59939.358509,4.98129055068915,0.2022817883829383,2509.358508999998,True
59940.271792,2.4951890689136658,0.26485310077158447,2510.2717919999996,True
59940.358509,4.943338948938755,0.2868066574388719,2510.358508999998,True
59941.271792,2.0707823456552763,0.44515629052199107,2511.2717919999996,True
59941.358509,5.275198397032854,0.2839664164225173,2511.358508999998,True
59942.271792,2.604240615913913,0.7446591429981534,2512.2717919999996,True
59942.358509,5.544219505218413,0.2839901383295375,2512.358508999998,True
59943.271792,2.7691773193584357,0.5734949601086722,2513.2717919999996,True
59944.271792,3.245140302214808,0.2891538544349047,2514.2717919999996,True
59945.271792,2.791356304614275,0.42178016343203173,2515.2717919999996,True
59945.350064,4.654745794847395,0.13264907010489776,2515.3500639999984,True
59946.271792,3.1813969366073915,0.4659136530374103,2516.2717919999996,True
59946.350064,5.052053834098229,0.1580312465789472,2516.3500639999984,True
59947.271792,2.173394029959849,0.4486695725556945,2517.2717919999996,True
59947.350064,5.308944967272076,0.14699485814431384,2517.3500639999984,True
59948.271792,2.4637618922366786,0.43945697763705455,2518.2717919999996,True
59949.271792,3.437581071979336,0.3891736302310504,2519.2717919999996,True
59949.350064,-3.671403442706177,3.1989404781591104,2519.3500639999984,True
59950.271792,3.376642074611493,0.3938715473894064,2520.2717919999996,True
59950.350064,4.774489463782712,1.8451394613152665,2520.3500639999984,True
59951.271792,1.9026189829464175,0.3735186346416132,2521.2717919999996,True
59951.350064,5.142412658091414,0.9371978870500353,2521.3500639999984,True
59952.271792,3.39855036394903,0.42074082891363235,2522.2717919999996,True
59952.350064,4.750430359780755,0.6814418535672871,2522.3500639999984,True
59953.271792,3.175722690264558,0.32332475816790407,2523.2717919999996,True
59953.350064,4.116351311416781,0.5178467215021564,2523.3500639999984,True
59954.271792,2.6244816093185674,0.2504806070662835,2524.2717919999996,True
59954.350064,5.231910636890715,0.47334190937910076,2524.3500639999984,True
59955.271792,2.693340049459489,0.26187380233136437,2525.2717919999996,True
59955.350064,3.920218661594968,0.5427128993722682,2525.3500639999984,True
59956.271792,2.527786052209478,0.3124658462213845,2526.2717919999996,True
59957.271792,3.2203304729850553,0.2035983263569795,2527.2717919999996,True
59957.350064,5.1301524014250015,0.21412919195336386,2527.3500639999984,True
59958.271792,2.882915751405314,0.16503012729175334,2528.2717919999996,True
59958.350064,5.121227581992577,0.1949632981271291,2528.3500639999984,True
59959.350064,5.632369031127938,0.2158935965395524,2529.3500639999984,True
59960.271792,2.5257623887160436,0.32630650794804883,2530.2717919999996,True
59961.350064,5.201345796602428,0.3055437133302816,2531.3500639999984,True
59962.271792,3.088028420396027,0.2501643777843415,2532.2717919999996,True
59962.350064,5.0013558933707944,0.38756454335096285,2532.3500639999984,True
59963.271792,1.9849129973381467,0.8161241304382083,2533.2717919999996,True
59963.350064,4.622822222858652,0.24108340394313768,2533.3500639999984,True
59964.350064,5.8635020198693155,0.28559558953654146,2534.3500639999984,True
59965.217815,2.3286562510116755,0.3643747159079763,2535.2178150000036,True
59966.217815,2.1228412381900967,0.5426917854243616,2536.2178150000036,True
59966.271792,5.308397130275975,0.2575358108427456,2536.2717919999996,True
59966.350064,4.964035551995441,0.3381039772618189,2536.3500639999984,True
59967.217815,0.9677041821776632,1.2809269542209565,2537.2178150000036,True
59967.271792,5.381412854533762,0.13993494425419176,2537.2717919999996,True
59967.350064,4.656659328394018,0.20229029007451935,2537.3500639999984,True
59968.217815,3.8308084417125876,0.9192900208722358,2538.2178150000036,True
59968.271792,5.158115197453096,0.15582990041991665,2538.2717919999996,True
59968.350064,5.056480614243899,0.23825042543191727,2538.3500639999984,True
59969.217815,2.6304883386899167,0.5298806744427759,2539.2178150000036,True
59969.271792,5.053585474728094,0.11301580084701501,2539.2717919999996,True
59969.350064,4.439727644746758,0.22801943143762626,2539.3500639999984,True
59970.217815,2.2535520717875337,0.2669851919226974,2540.2178150000036,True
59970.271792,5.3792537614990446,0.23732196019976526,2540.2717919999996,True
59970.350064,4.246239434330385,0.3583091505087016,2540.3500639999984,True
59971.217815,2.448666883318534,0.45263092972851743,2541.2178150000036,True
59971.271792,4.885192172974011,0.13081093169442204,2541.2717919999996,True
59971.350064,5.84664784184597,0.36045272672827305,2541.3500639999984,True
59972.217815,2.042061564508145,0.7565905336022701,2542.2178150000036,True
59972.271792,5.118966104472508,0.1300731256686425,2542.2717919999996,True
59972.350064,4.43260096375708,0.31685185433624113,2542.3500639999984,True
59973.217815,1.5391331336074798,0.5834824983690432,2543.2178150000036,True
59973.271792,5.012684414250797,0.14724010761595693,2543.2717919999996,True
59974.217815,2.2070265487821272,0.26858744988576644,2544.2178150000036,True
59974.271792,4.3757553566727525,0.23470637075308878,2544.2717919999996,True
59975.217815,2.858661649842791,0.3963536996790369,2545.2178150000036,True
59975.271792,5.011547590244324,0.09954535867200981,2545.2717919999996,True
59976.217815,3.3287047763211173,0.4402400009730182,2546.2178150000036,True
59976.271792,5.040640466289749,0.1075490428106724,2546.2717919999996,True
59977.217815,2.981313015505941,0.4298442758051059,2547.2178150000036,True
59977.271792,5.189064103213496,0.10950191676760325,2547.2717919999996,True
59978.217815,2.0416234161813813,0.40229435965953714,2548.2178150000036,True
59978.271792,5.031409898627686,0.10359263867454396,2548.2717919999996,True
59979.217815,3.6470321576939644,0.3584316160374518,2549.2178150000036,True
59980.217815,2.8389096428919127,0.36558821818857135,2550.2178150000036,True
59981.217815,2.456456958449498,0.35419870526359876,2551.2178150000036,True
59982.217815,1.7204511041200925,0.40406406608303425,2552.2178150000036,True
59983.217815,2.834626535814375,0.31587223714630314,2553.2178150000036,True
59984.217815,3.3212899524512047,0.24909162033578658,2554.2178150000036,True
59985.217815,3.013150533722571,0.26233729578681814,2555.2178150000036,True
59986.217815,2.671330657528572,0.31272217587374007,2556.2178150000036,True
59987.217815,2.7182316193675726,0.21316211404493154,2557.2178150000036,True
59987.271792,5.128980375196467,0.1728738687089281,2557.2717919999996,True
59988.217815,2.878288738490592,0.1750553219403178,2558.2178150000036,True
59988.271792,5.25779867334473,0.1637777733301807,2558.2717919999996,True
59989.217815,2.7244880550055557,0.1627961082511011,2559.2178150000036,True
59989.271792,5.281231744802114,0.18462624807520342,2559.2717919999996,True
59990.217815,3.525462189314197,0.35438796302103065,2560.2178150000036,True
59990.271792,5.036229852966807,0.28442540091300733,2560.2717919999996,True
59991.217815,3.1084426318923093,0.18155315350669018,2561.2178150000036,True
59991.271792,5.19947359247663,0.22241785014483734,2561.2717919999996,True
59992.217815,2.4524020521599503,0.27331933834151306,2562.2178150000036,True
59992.271792,4.81669142959428,0.29061569986829205,2562.2717919999996,True
59993.217815,0.3281738093347215,0.8506995569704536,2563.2178150000036,True
59993.271792,5.309006244246999,0.1906917648724311,2563.2717919999996,True
59995.217815,4.292989689787704,0.2724880679815428,2565.2178150000036,True
59995.271792,5.0613865429126825,0.22593616089519378,2565.2717919999996,True
59995.35571,2.3942249659565555,0.3656236438116883,2565.3557100000035,True
59996.217815,4.891318694477189,0.2492347351787892,2566.2178150000036,True
59996.271792,5.331778514276964,0.2376607502505967,2566.2717919999996,True
59996.35571,2.357959695182083,0.5873163088942692,2566.3557100000035,True
59997.217815,5.190755989611597,0.14593044315111514,2567.2178150000036,True
59997.271792,5.218699490227698,0.1368109549139353,2567.2717919999996,True
59997.35571,-1.0982705967201576,1.393883475757196,2567.3557100000035,True
59998.217815,5.095077211846334,0.15822534387297363,2568.2178150000036,True
59998.271792,5.502074923773366,0.17973804135229024,2568.2717919999996,True
59998.35571,0.0691519137519824,0.9537144982495791,2568.3557100000035,True
59999.217815,4.848261737164417,0.11968443505848485,2569.2178150000036,True
59999.271792,5.3150756090546345,0.1573749632614775,2569.2717919999996,True
59999.35571,2.946105183366402,0.5374376974843255,2569.3557100000035,True
60000.217815,5.140365319713802,0.22498591771413387,2570.2178150000036,True
60000.271792,5.33172296422056,0.252947538157894,2570.2717919999996,True
60000.35571,2.097198720705919,0.2887799014674074,2570.3557100000035,True
60001.217815,5.291779527841205,0.12720104396429274,2571.2178150000036,True
60001.271792,4.840017665982867,0.27737276898236624,2571.2717919999996,True
60001.35571,1.3067081156548437,0.520733198054643,2571.3557100000035,True
60002.217815,5.186776738707344,0.12699082411251353,2572.2178150000036,True
60002.271792,5.288628380721828,0.2393631165920387,2572.2717919999996,True
60002.35571,0.8068117137289279,0.8899413697659364,2572.3557100000035,True
60003.35571,2.916362093721798,0.6628571445435706,2573.3557100000035,True
60004.217815,4.699616645420075,0.23433411639820684,2574.2178150000036,True
60005.217815,4.878039697437158,0.10711861341019407,2575.2178150000036,True
60005.35571,2.9259669950713065,0.49020726441435597,2575.3557100000035,True
60006.217815,5.211840983416942,0.11158761911213438,2576.2178150000036,True
60006.35571,3.029880301473275,0.5559818750338021,2576.3557100000035,True
60007.217815,5.145617347111728,0.11505344671394022,2577.2178150000036,True
60007.35571,1.863561020939745,0.5145581111827545,2577.3557100000035,True
60008.217815,5.142880941861621,0.11214154574962769,2578.2178150000036,True
60008.35571,3.6327607490051994,0.47192916810284713,2578.3557100000035,True
60009.217815,0.8385782150263457,2.4091692715840907,2579.2178150000036,True
60009.35571,2.7349064618399397,0.4439011719822918,2579.3557100000035,True
60010.217815,2.038996992562943,1.268753039113926,2580.2178150000036,True
60010.35571,2.47576566302934,0.4612626898062108,2580.3557100000035,True
60011.217815,5.340291036936129,0.6532854304467501,2581.2178150000036,True
60011.35571,2.7945557225647515,0.4266484404311531,2581.3557100000035,True
60012.217815,4.561081186702379,0.45529869344754625,2582.2178150000036,True
60013.217815,5.712386531313697,0.38953800774573777,2583.2178150000036,True
60013.35571,2.0693099539807713,0.3643136237867075,2583.3557100000035,True
60014.217815,4.778794334106482,0.34838215390538635,2584.2178150000036,True
60015.217815,4.679714934117789,0.37354474507303476,2585.2178150000036,True
60015.35571,3.0201029355543776,0.2947818376685801,2585.3557100000035,True
60016.35571,2.5149695695917007,0.32502599918680525,2586.3557100000035,True
60017.217815,5.128980375196467,0.14814411528683727,2587.2178150000036,True
60017.35571,2.385338240229241,0.2300826614928467,2587.3557100000035,True
60018.217815,5.1825232686624405,0.14904530127093268,2588.2178150000036,True
60018.35571,2.497331341845144,0.19310067230773384,2588.3557100000035,True
60019.217815,5.281231744802114,0.1610516599473213,2589.2178150000036,True
60019.35571,2.6178046478963237,0.17166330053031,2589.3557100000035,True
60020.217815,4.910111376056341,0.24244865412041935,2590.2178150000036,True
60020.35571,2.820617666982353,0.34484026829621656,2590.3557100000035,True
60021.217815,5.19947359247663,0.21230794786552654,2591.2178150000036,True
60021.35571,2.5417719979892275,0.19934942134827463,2591.3557100000035,True
60022.217815,5.55765759049755,0.2735342369689643,2592.2178150000036,True
60022.234961,2.4847722389756752,0.3437674054967283,2592.234961000002,True
60022.35571,1.81223549557933,0.28625887512346176,2592.3557100000035,True
60023.217815,5.0379022893681205,0.18563728435774018,2593.2178150000036,True
60023.234961,1.8397394226283168,0.5436514525957574,2593.234961000002,True
60023.35571,-0.03919009757038502,0.8579027708313381,2593.3557100000035,True
60024.234961,0.18378592271616054,1.3520895627887863,2594.234961000002,True
60025.217815,4.72874273282712,0.2251886467152262,2595.2178150000036,True
60025.234961,1.9092967044681521,0.9615382431080662,2595.234961000002,True
60025.35571,4.813712961061333,0.3062518600001982,2595.3557100000035,True
60026.217815,5.12503744592964,0.23930736052946922,2596.2178150000036,True
60026.234961,2.2126294175689365,0.528547082141326,2596.234961000002,True
60026.35571,4.73744509680385,0.28284396835480785,2596.3557100000035,True
60027.217815,5.280534950075805,0.13659011398590637,2597.2178150000036,True
60027.234961,2.2038032782615655,0.2726707683256652,2597.234961000002,True
60027.35571,5.310665967550065,0.15324495180536166,2597.3557100000035,True
60028.217815,5.128495856188055,0.18919004185746074,2598.2178150000036,True
60028.234961,2.1704442017422894,0.49000412576114727,2598.234961000002,True
60028.35571,5.214849384499184,0.17448914415951833,2598.3557100000035,True
60029.217815,5.083168721113956,0.160994319316043,2599.2178150000036,True
60029.234961,3.323633284691583,0.8681841280760753,2599.234961000002,True
60029.35571,5.04481095602879,0.12363296847317093,2599.3557100000035,True
60030.217815,5.1803527839056,0.2637027878118517,2600.2178150000036,True
60030.234961,3.7952654606344467,0.6744216625292634,2600.234961000002,True
60030.35571,4.748744923344553,0.2592527023964432,2600.3557100000035,True
60031.217815,5.308166634233611,0.2639656858540585,2601.2178150000036,True
60031.234961,2.5840772988496576,0.2889090162855102,2601.234961000002,True
60031.35571,5.07423629357815,0.1415455978392802,2601.3557100000035,True
60032.217815,5.814010136631474,0.2324662132326071,2602.2178150000036,True
60032.234961,2.103346108945003,0.4490762201080409,2602.234961000002,True
60032.35571,5.260751976054441,0.140552950959481,2602.3557100000035,True
60033.234961,2.8110229396128834,0.5269411866330964,2603.234961000002,True
60033.35571,4.887284748431672,0.1566450825523914,2603.3557100000035,True
60034.234961,2.2518327664206335,0.5090673996304995,2604.234961000002,True
60034.35571,4.571188892985792,0.2540635972069518,2604.3557100000035,True
60035.234961,3.1059896592267924,0.4214168718227259,2605.234961000002,True
60035.35571,5.1060180874938395,0.10501059405008085,2605.3557100000035,True
60036.35571,5.399722576571913,0.11746989329035076,2606.3557100000035,True
60037.234961,3.6769342118055435,0.4256466456273815,2607.234961000002,True
60038.234961,1.8768590771090647,0.4037865240005026,2608.234961000002,True
60038.35571,5.276981445000189,0.11021385101701078,2608.3557100000035,True
60039.234961,2.835709618416343,0.3884296009293485,2609.234961000002,True
60040.234961,3.258846963197795,0.3198851330810112,2610.234961000002,True
60041.234961,3.1036820313400155,0.2636759810060043,2611.234961000002,True
60043.234961,2.661077471434351,0.31297850552609535,2613.234961000002,True
60044.234961,2.8524924849868993,0.20562143529096932,2614.234961000002,True
60045.234961,3.317854965389188,0.17767729592532697,2615.234961000002,True
60046.35571,4.666888032734517,0.1734550145765396,2616.3557100000035,True
60047.234961,3.0256122890151214,0.33866234818016083,2617.234961000002,True
60047.35571,5.2368067882216955,0.15869235134365334,2617.3557100000035,True
60048.234961,3.2739167012965154,0.18935853413896409,2618.234961000002,True
60048.35571,5.213708793459388,0.1514110997038045,2618.3557100000035,True
60049.234961,2.699842316937565,0.2851238280373259,2619.234961000002,True
60049.35571,5.01322590082198,0.16204427418428474,2619.3557100000035,True
60050.234961,2.049021600700018,0.7801080611337861,2620.234961000002,True
60050.35571,4.718110112700108,0.26146054392334045,2620.3557100000035,True
60051.35571,4.929876198361676,0.24694372419279495,2621.3557100000035,True
60052.234961,4.678182246620252,0.3259870342082855,2622.234961000002,True
60052.35571,5.656914739777427,0.3176228776956075,2622.3557100000035,True
60053.234961,4.668606908371041,0.2573333455826491,2623.234961000002,True
60053.35571,5.43307076597123,0.20309821704485434,2623.3557100000035,True
60054.234961,5.42218224703284,0.16475630968745456,2624.234961000002,True
60055.234961,5.52121399454805,0.16705066185792036,2625.234961000002,True
60055.35571,4.639041031231014,0.24537152957435024,2625.3557100000035,True
60056.234961,5.307169065137933,0.11854374762757554,2626.234961000002,True
60056.35571,5.317141978464765,0.25961555396889663,2626.3557100000035,True
60057.35571,5.39758064193115,0.1549199110123093,2627.3557100000035,True
60058.35571,5.223015861239761,0.19264077220061823,2628.3557100000035,True
60059.35571,4.967885528264833,0.1781527480191683,2629.3557100000035,True
60060.35571,5.16043565491679,0.2700762690882711,2630.3557100000035,True
60061.234961,4.861547289793736,0.2557387418039207,2631.234961000002,True
60061.35571,5.422456523196234,0.29517561707077483,2631.3557100000035,True
60062.234961,5.084157145981554,0.10977315630811435,2632.234961000002,True
60062.35571,5.755183607977498,0.2610680771643677,2632.3557100000035,True
60063.234961,5.362848619036825,0.12221083068771917,2633.234961000002,True
60064.234961,5.345955166914323,0.10773186374123493,2634.234961000002,True
60065.234961,5.250999472517091,0.11934944779332574,2635.234961000002,True
60074.234961,5.661080282951405,0.14919893889251898,2644.234961000002,True
60075.234961,5.339526255571215,0.12936615976113422,2645.234961000002,True
60076.234961,5.185692624494382,0.16067942960845985,2646.234961000002,True
60077.234961,4.957170509231887,0.22757796803694644,2647.234961000002,True
60078.234961,5.11147999856411,0.25555586317146717,2648.234961000002,True
60079.234961,5.340676845560143,0.2880765634913649,2649.234961000002,True
60080.234961,5.365677692442018,0.20708053502612597,2650.234961000002,True
60081.234961,5.3995380657485805,0.2288888840328961,2651.234961000002,True
60082.234961,5.020273263014467,0.2623774771686121,2652.234961000002,True
60083.234961,5.053684333845165,0.21625481662525428,2653.234961000002,True
60084.234961,5.470458148180703,0.14023398929838404,2654.234961000002,True
60085.234961,5.83514541776509,0.20059245516528554,2655.234961000002,True
60087.234961,5.554794808895237,0.24995996880957244,2657.234961000002,True
60088.234961,5.092774151188667,0.2718780627822401,2658.234961000002,True
60089.059606,2.3036776929374354,0.4143318320564561,2659.0596060000025,True
60089.234961,5.347454909375804,0.27405048348800365,2659.234961000002,True
60090.059606,2.847389952593975,0.6194651591360307,2660.0596060000025,True
60091.059606,1.0942154862982514,1.4616573886789397,2661.0596060000025,True
60092.059606,2.7198366718074163,1.0507289344948194,2662.0596060000025,True
60093.059606,1.7369814967184571,0.6050063740911223,2663.0596060000025,True
60094.059606,2.2606590422912425,0.30678422674347194,2664.0596060000025,True
60095.059606,3.104774102558037,0.5182416516524676,2665.0596060000025,True
60096.059606,2.690567736167234,0.8709915141005734,2666.0596060000025,True
60097.059606,2.585196351404233,0.6759986422545852,2667.0596060000025,True
60098.059606,3.078650360626548,0.3067822011913087,2668.0596060000025,True
60099.059606,3.24753697782977,0.45019797586184945,2669.0596060000025,True
60100.059606,3.055133073995628,0.5021092936527823,2670.0596060000025,True
60101.059606,2.1224088512603374,0.48749674710378343,2671.0596060000025,True
60102.059606,2.4385057440966174,0.4506418432419385,2672.0596060000025,True
60104.059606,2.7516154169634097,0.41028286186396495,2674.0596060000025,True
60105.059606,2.1119182178749067,0.39638055107226366,2675.0596060000025,True
60106.059606,3.0928097120547307,0.44992516386717873,2676.0596060000025,True
60107.059606,2.8661564324442237,0.3519883005586754,2677.0596060000025,True
60108.059606,3.087477186150885,0.2787233372530548,2678.0596060000025,True
60108.989567,2.4878945587349555,0.3521976688467843,2678.989566999997,True
60109.059606,2.4847679945053054,0.29269611711903826,2679.0596060000025,True
60109.989567,3.9534063676277094,0.568122965466352,2679.989566999997,True
60110.059606,2.8584513037481045,0.34886465685586904,2680.0596060000025,True
60110.989567,1.9007250500670008,1.388235649680384,2680.989566999997,True
60111.059606,2.3375193017894804,0.23762334024680873,2681.0596060000025,True
60111.989567,4.750098462584824,0.9779681073108892,2681.989566999997,True
60112.059606,2.7780367920049476,0.19726498393098368,2682.0596060000025,True
60112.989567,2.9638864140524013,0.4889838438649777,2682.989566999997,True
60113.059606,2.911530392145119,0.18399423979358492,2683.0596060000025,True
60114.059606,1.7394816466725531,0.39398281467393503,2684.0596060000025,True
60114.989567,2.548328739405548,0.46508866173939406,2684.989566999997,True
60115.059606,2.8539872232801815,0.2057498334667392,2685.0596060000025,True
60115.989567,0.7647009233614545,0.8190548726473563,2685.989566999997,True
60116.059606,2.4138104512313308,0.3110029016012231,2686.0596060000025,True
60116.989567,1.7388838988149002,0.6307918901286953,2686.989566999997,True
60117.059606,2.8860350513347908,0.9601884076558974,2687.0596060000025,True
60118.989567,2.469786321855811,0.4187888147552088,2688.989566999997,True
60119.059606,5.415279114633152,0.31623833369585685,2689.0596060000025,True
60119.989567,2.592165577752492,0.4915873051018023,2689.989566999997,True
60120.989567,1.6635422429647408,0.4725933871762341,2690.989566999997,True
60121.059606,5.552884122985771,0.170511988628501,2691.0596060000025,True
60122.059606,5.823796325460508,0.17600205581408063,2692.0596060000025,True
60122.989567,2.167361584419658,0.39086275189003933,2692.989566999997,True
60123.059606,5.586198759775749,0.1366192561481385,2693.0596060000025,True
60123.989567,2.1126216831667666,0.4193614613605293,2693.989566999997,True
60124.989567,1.5194403836157964,0.4028205275316018,2694.989566999997,True
60125.989567,3.80504645794486,0.429774075446873,2695.989566999997,True
60126.989567,3.241648837763332,0.36087399869981496,2696.989566999997,True
60127.989567,2.888389088112988,0.2963171691726829,2697.989566999997,True
60128.059606,4.898772725281935,0.2635560832564423,2698.0596060000025,True
60128.989567,3.0641348138224824,0.2977945451290294,2698.989566999997,True
60129.059606,5.303547309015553,0.12390469349998398,2699.0596060000025,True
60129.989567,3.281395230134719,0.3347665259763152,2699.989566999997,True
60130.059606,5.263640114240041,0.12633720212616947,2700.0596060000025,True
60131.059606,5.639623055379975,0.12985752657083882,2701.0596060000025,True
60132.059606,5.514171709926532,0.12974223678656477,2702.0596060000025,True
60133.989567,3.685526483230194,0.3622507704414656,2703.989566999997,True
60136.989567,0.7603666409877889,0.8557418066730729,2706.989566999997,True
60138.989567,5.679207348018415,0.3012586231523687,2708.989566999997,True
60139.989567,5.972483183392489,0.2356695627523238,2709.989566999997,True
60140.059606,5.524887436388523,0.18052771236341733,2710.0596060000025,True
60140.989567,5.4449651428411485,0.15396441167299246,2710.989566999997,True
60141.059606,5.914237948314988,0.16466968510918226,2711.0596060000025,True
60141.989567,5.548950708215024,0.15242584919715146,2711.989566999997,True
60142.059606,5.8696801771193385,0.16399284591498725,2712.0596060000025,True
60143.059606,5.928912534420771,0.18202063570317437,2713.0596060000025,True
60143.989567,4.993507671075334,0.3367935408775546,2713.989566999997,True
60144.059606,5.50682118472228,0.26164878045604245,2714.0596060000025,True
60145.059606,4.916770769481087,0.24113989140282027,2715.0596060000025,True
60145.989567,6.032354798938726,0.19480145834735083,2715.989566999997,True
60146.059606,5.643064904994189,0.301695567694883,2716.0596060000025,True
60146.989567,6.138146414977451,0.22540589930987873,2716.989566999997,True
60147.059606,5.480552249594084,0.2122881816170197,2717.0596060000025,True
60147.989567,3.997917186467542,0.6652185321740994,2717.989566999997,True
60148.989567,5.8516323426449715,0.2692799545566759,2718.989566999997,True
60149.059606,5.072599255612196,0.25826614917879054,2719.0596060000025,True
60149.989567,5.4348406313672335,0.3198376840483915,2719.989566999997,True
60150.059606,5.287868906840364,0.25559050662054167,2720.0596060000025,True
60150.989567,5.481927422121707,0.31426486913611923,2720.989566999997,True
60151.059606,5.658172937005312,0.14961972873961438,2721.0596060000025,True
60151.989567,5.560268757880414,0.2705477650820614,2721.989566999997,True
60152.059606,5.304033008426937,0.21799613863512332,2722.0596060000025,True
60153.059606,5.675670712268752,0.18204020452222017,2723.0596060000025,True
60154.059606,5.327739538422798,0.2943751664546199,2724.0596060000025,True
60155.059606,5.215855570071492,0.2931975228387294,2725.0596060000025,True
60156.059606,5.426566447910462,0.2647193789428903,2726.0596060000025,True
60161.989567,5.749239529627675,0.14840008351651296,2731.989566999997,True
60162.989567,5.6447767090899825,0.18685963010837123,2732.989566999997,True
60163.989567,5.807999637045781,0.25731934020389224,2733.989566999997,True
60164.989567,6.176764146143339,0.2388932464518623,2734.989566999997,True
60165.989567,5.0567552325037495,0.2684559642151101,2735.989566999997,True
60166.989567,6.128444751931742,0.19574624538712207,2736.989566999997,True
60168.989567,5.590252825239728,0.24312898703444755,2738.989566999997,True
60169.989567,6.0709235727930615,0.24735745522617916,2739.989566999997,True
60170.989567,5.810553177345287,0.15061351291574476,2740.989566999997,True
60171.989567,5.437561269531726,0.20134261393553698,2741.989566999997,True
60172.989567,5.73063130420845,0.16461367537060836,2742.989566999997,True
60173.989567,6.301687145975634,0.4314050138976365,2743.989566999997,True
60175.989567,5.927606191963289,0.2549825742001633,2745.989566999997,True
60289.288407,2.7220685406809557,0.3534465967504963,2859.288407,True
60290.288407,2.818599937452099,0.5374136159816844,2860.288407,True
60292.288407,1.4500428812749588,0.8269698315420879,2862.288407,True
60293.288407,2.3593245707284294,0.5214345898669263,2863.288407,True
60294.288407,2.3909535015259222,0.2788301427622137,2864.288407,True
60296.288407,2.578272295187305,0.7853662403533777,2866.288407,True
60297.288407,2.127872231060928,0.5729693002002316,2867.288407,True
60298.288407,2.5644902468980972,0.3013957619046297,2868.288407,True
60299.288407,2.7539644461539887,0.45244148736946666,2869.288407,True
60300.288407,3.484430206875626,0.49032466647568473,2870.288407,True
60301.288407,2.2008475877211233,0.44670860414417446,2871.288407,True
60302.288407,2.618906802239908,0.4524458538233718,2872.288407,True
60303.288407,2.7653106517017405,0.4084296171435242,2873.288407,True
60304.288407,3.174119470457365,0.4057435621156828,2874.288407,True
60305.288407,1.7802594302189916,0.3651466652444736,2875.288407,True
60306.288407,2.9607853396458292,0.4238677219443695,2876.288407,True
60307.288407,2.6339817390789744,0.3347901751242127,2877.288407,True
60308.288407,3.2217459034322564,0.2567310473535198,2878.288407,True
60309.288407,2.8694675625319106,0.25167694631138204,2879.288407,True
60310.288407,2.5149695695917007,0.2888835182046762,2880.288407,True
60311.288407,2.753176228227397,0.20893197718295256,2881.288407,True
60312.288407,2.5821599119483807,0.16549282858322556,2882.288407,True
60313.288407,3.094416232903803,0.14658577236567216,2883.288407,True
60314.288407,3.3008105487303427,0.3046837875418528,2884.288407,True
60315.288407,2.9929229985346564,0.1740599880997073,2885.288407,True
60316.288407,3.3967612278249786,0.24630521769147978,2886.288407,True
60319.19915,2.2412312977518356,0.39903246523598435,2889.1991500000004,True
60319.288407,6.228463401279641,0.30411190135112853,2889.288407,True
60320.19915,2.036471192764469,0.6372190018068543,2890.1991500000004,True
60320.288407,5.498714474766683,0.26522949072641255,2890.288407,True
60321.19915,4.673807653781682,1.5192652146624208,2891.1991500000004,True
60321.288407,5.00129822446882,0.14617026310699208,2891.288407,True
60322.19915,3.703281400519247,1.0319519468344502,2892.1991500000004,True
60322.288407,5.710327951368336,0.17045471308068552,2892.288407,True
60323.19915,1.514716113143468,0.5858915511036733,2893.1991500000004,True
60323.288407,5.343144591805072,0.1107344259851964,2893.288407,True
60324.288407,5.718005404358444,0.23967168257798072,2894.288407,True
60325.19915,2.6646009048403956,0.575962476636196,2895.1991500000004,True
60325.288407,5.3858266029156265,0.11865130986661801,2895.288407,True
60326.19915,2.5979239973587926,0.9748647970070076,2896.1991500000004,True
60326.288407,5.075813882686702,0.12493595640842754,2896.288407,True
60327.19915,2.6640453376703195,0.7180514349298315,2897.1991500000004,True
60327.288407,5.425458314238753,0.13271464632524155,2897.288407,True
60328.19915,2.251097415673137,0.33934567506077723,2898.1991500000004,True
60328.288407,6.013674518153467,0.2579722679332126,2898.288407,True
60329.19915,3.8869377575006694,0.5361992503205084,2899.1991500000004,True
60329.288407,5.127879029006124,0.09814001243193438,2899.288407,True
60330.19915,1.935593492171318,0.5980698292377236,2900.1991500000004,True
60330.288407,5.175844977251737,0.11711871274239753,2900.288407,True
60331.19915,1.88709264187798,0.5510321236370195,2901.1991500000004,True
60331.288407,5.188259533656055,0.1058008968033786,2901.288407,True
60332.19915,2.1859442626960126,0.4997109310569139,2902.1991500000004,True
60332.288407,5.061582511833864,0.10518508214931446,2902.288407,True
60333.19915,3.3801509355737127,0.47329188884869927,2903.1991500000004,True
60334.19915,2.9262038688204166,0.48814931139218987,2904.1991500000004,True
60335.19915,2.063618394429871,0.44500237334026677,2905.1991500000004,True
60336.19915,2.4952257106249642,0.4638224662260109,2906.1991500000004,True
60337.19915,2.8604237239660693,0.3849513743080631,2907.1991500000004,True
60338.19915,3.3976842226285373,0.30650307186299386,2908.1991500000004,True
60339.19915,3.2564845978357857,0.30636917405492364,2909.1991500000004,True
60340.19915,2.7123434019054558,0.3375861521522257,2910.1991500000004,True
60340.288407,5.2779227431745985,0.1610488069831642,2910.288407,True
60341.19915,2.3320017319695086,0.24295699107278218,2911.1991500000004,True
60341.288407,5.676316623922362,0.14591726545262068,2911.288407,True
60342.19915,2.6469380927544894,0.20374280201159453,2912.1991500000004,True
60342.288407,5.258874036268762,0.12775311537508516,2912.288407,True
60343.19915,2.5679266913257734,0.18011484317143103,2913.1991500000004,True
60343.288407,5.193137231271607,0.14417721791894247,2913.288407,True
60344.19915,1.9978310333439848,0.36028506858635684,2914.1991500000004,True
60344.288407,5.65741041088403,0.23454271974692725,2914.288407,True
60345.19915,2.2935608938829177,0.21371132171165852,2915.1991500000004,True
60345.288407,5.090885753180329,0.23664660150090416,2915.288407,True
60346.19915,2.749784388727543,0.3103218733495418,2916.1991500000004,True
60346.288407,5.652298128183014,0.2975406172599113,2916.288407,True
60347.19915,1.559923379545963,0.9162488031045023,2917.1991500000004,True
60347.288407,5.86653076162503,0.18793477550078153,2917.288407,True
60348.288407,5.385790985626485,0.22373372898710997,2918.288407,True
60349.187713,2.306800012696715,0.3937245216452083,2919.1877129999993,True
60349.288407,5.835063719179103,0.23677511650472313,2919.288407,True
60350.187713,3.432786927145453,0.5973928141939259,2920.1877129999993,True
60350.288407,5.09576437430524,0.2259515216008366,2920.288407,True
60351.288407,5.559898724032428,0.13857768233816692,2921.288407,True
60352.187713,1.7316976961804942,1.0280400744052067,2922.1877129999993,True
60352.288407,5.299532055805427,0.17793766030368632,2922.288407,True
60353.187713,1.3102319602544772,0.6210094817085217,2923.1877129999993,True
60353.288407,5.332502138206246,0.17292478927368482,2923.288407,True
60354.187713,1.8602997039155917,0.31389119724718195,2924.1877129999993,True
60354.19915,5.571147755719976,0.27295941626936693,2924.1991500000004,True
60354.288407,4.995123484309661,0.2537442233174462,2924.288407,True
60355.187713,1.900526674839963,0.5336061877992155,2925.1877129999993,True
60355.19915,4.952640075300111,0.13518079578878908,2925.1991500000004,True
60355.288407,5.426852288156335,0.27209785103024514,2925.288407,True
60356.187713,-0.1406810695392237,0.9088912254312986,2926.1877129999993,True
60356.19915,5.447744937126265,0.15010808578348067,2926.1991500000004,True
60356.288407,4.982324731523542,0.2438258187657886,2926.288407,True
60357.187713,3.0267506744943202,0.7201540745635933,2927.1877129999993,True
60357.19915,5.17883897146114,0.15434608867904073,2927.1991500000004,True
60358.187713,2.2339587452155216,0.3322453687283367,2928.1877129999993,True
60358.19915,5.4404028116352166,0.2775156215645166,2928.1991500000004,True
60359.187713,3.056838499682309,0.4917029387527675,2929.1877129999993,True
60359.19915,5.477654093202675,0.11562876564176199,2929.1991500000004,True
60360.187713,3.093012232779157,0.5580862727439981,2930.1877129999993,True
60360.19915,5.426061117668404,0.13046357356461966,2930.1991500000004,True
60361.187713,3.071517562435845,0.5482867678608925,2931.1877129999993,True
60362.187713,2.7668356699174064,0.4881652633357433,2932.1877129999993,True
60362.19915,5.310506570784831,0.12270196037178985,2932.1991500000004,True
60363.187713,1.8092677927140048,0.4297125500467848,2933.1877129999993,True
60363.19915,7.729410654864167,2.7028424958085333,2933.1991500000004,True
60364.187713,2.8912861784490143,0.4469464367539363,2934.1877129999993,True
60364.19915,6.274031375200834,1.6407097241727173,2934.1991500000004,True
60365.187713,3.013514922182249,0.4366304039431272,2935.1877129999993,True
60365.19915,4.6720930330112305,0.76771075386565,2935.1991500000004,True
60366.187713,2.172113430782125,0.4478405685133543,2936.1877129999993,True
60367.187713,3.1155292512439368,0.3522749359825834,2937.1877129999993,True
60369.187713,3.0455950756043335,0.29733105167357565,2939.1877129999993,True
60370.187713,2.9481666820725376,0.3506589644223577,2940.1877129999993,True
60371.187713,2.6722518708678034,0.2251168486548716,2941.1877129999993,True
60371.19915,5.076239194912388,0.1671309401891061,2941.1991500000004,True
60372.187713,2.3585209544034815,0.18723978928241922,2942.1877129999993,True
60372.19915,4.867441931920858,0.14624935766844765,2942.1991500000004,True
60373.134714,2.269332175585355,0.38997773793407203,2943.134714,True
60373.187713,2.6732245996413795,0.17540414727310127,2943.1877129999993,True
60373.19915,5.351955509185761,0.1740797218074667,2943.1991500000004,True
60374.134714,1.4366792106420534,0.6156264904504473,2944.134714,True
60374.187713,2.402203986394925,0.3771339416301459,2944.1877129999993,True
60374.19915,5.817411463680892,0.26334290925036236,2944.1991500000004,True
60375.187713,2.5605049115066847,0.20012995941150202,2945.1877129999993,True
60375.19915,4.673384233127309,0.2802689576320046,2945.1991500000004,True
60376.134714,3.90826351581161,0.9881389756269224,2946.134714,True
60376.187713,2.0619458545292173,0.3051006567533169,2946.1877129999993,True
60376.19915,5.58997387165844,0.3287027455221984,2946.1991500000004,True
60377.134714,0.9990604232494911,0.5374376974843255,2947.134714,True
60377.187713,0.846805207318404,0.8845546621166098,2947.1877129999993,True
60377.19915,5.119080309755581,0.22331613910361797,2947.1991500000004,True
60378.134714,2.0450809370120466,0.2935178818032139,2948.134714,True
60379.103787,2.0414028331579153,0.369370427522824,2949.103787,True
60379.134714,2.9012978130470515,0.5261315485926891,2949.134714,True
60379.187713,5.584098074726428,0.33383354925487446,2949.1877129999993,True
60379.19915,5.635103676037782,0.28386850984267936,2949.1991500000004,True
60380.103787,1.8157477433434197,0.5810784722801962,2950.103787,True
60380.134714,2.9313010877679555,0.8794136721740681,2950.134714,True
60380.187713,5.37521066610782,0.2905376482384748,2950.1877129999993,True
60380.19915,4.696918773422792,0.24845519541209418,2950.1991500000004,True
60381.103787,0.3667754876048673,1.3475713019273368,2951.103787,True
60381.134714,2.968928084565856,0.6465616873819127,2951.134714,True
60381.187713,5.076841510570054,0.16967261878293172,2951.1877129999993,True
60381.19915,5.1601766443000265,0.15845336586077252,2951.1991500000004,True
60382.103787,2.3990631326094456,0.8989482842401694,2952.103787,True
60382.134714,2.4249325017432324,0.3072718774900977,2952.134714,True
60382.187713,5.320753200318545,0.17587597984286696,2952.1877129999993,True
60382.19915,5.178006335024662,0.21439537653791546,2952.1991500000004,True
60383.103787,1.9014578805639493,0.4947627438379274,2953.103787,True
60383.134714,2.5333524812382975,0.4774940325378586,2953.134714,True
60383.187713,5.139575757981256,0.13495209759527105,2953.1877129999993,True
60383.19915,5.055018174022891,0.19946673367383178,2953.1991500000004,True
60384.103787,2.9524041713189955,0.27243386930887464,2954.103787,True
60384.134714,2.019769400579161,0.5336752593057238,2954.134714,True
60384.19915,5.050891445478332,0.27804312068379533,2954.1991500000004,True
60385.103787,3.627998847014855,0.4858515484241885,2955.103787,True
60385.134714,3.9068901057432135,0.49612500811446986,2955.134714,True
60385.19915,5.20486615767124,0.30594524122302197,2955.1991500000004,True
60386.103787,3.293453884928227,0.8029124030064916,2956.103787,True
60386.134714,2.3555212573507043,0.47228997021913366,2956.134714,True
60386.19915,5.627388045729205,0.2957554440603324,2956.1991500000004,True
60387.103787,2.7271245266831894,0.579277219101518,2957.103787,True
60387.134714,3.4950112083849603,0.4462659423048763,2957.134714,True
60388.103787,2.241303889697357,0.2783809758615467,2958.103787,True
60388.134714,2.7271730337034286,0.4574217438653567,2958.134714,True
60388.187713,5.669339239887635,0.2628115745466783,2958.1877129999993,True
60389.103787,3.759805438735695,0.4367369068161463,2959.103787,True
60389.134714,2.070058370889209,0.41602247927324476,2959.134714,True
60389.187713,5.123194541539206,0.11929828082418116,2959.1877129999993,True
60390.103787,3.2276936862317056,0.47727740067246904,2960.103787,True
60390.134714,2.463956780317593,0.4655596290208649,2960.134714,True
60390.187713,5.510344449177175,0.12080610849590631,2960.1877129999993,True
60391.103787,2.0478920516225907,0.4314130505343216,2961.103787,True
60391.134714,3.078266646135934,0.3852380097319708,2961.134714,True
60391.187713,5.298485563025355,0.12213365881941346,2961.1877129999993,True
60392.103787,3.0699094475981332,0.43332334166018305,2962.103787,True
60392.187713,5.217474346732449,0.1220314578560971,2962.1877129999993,True
60393.103787,2.1639833411016802,0.4023487791711641,2963.103787,True
60393.134714,3.3491832889265343,0.30474694696083554,2963.134714,True
60393.187713,5.002445001351476,2.8727534326812467,2963.1877129999993,True
60394.103787,2.0183439191639834,0.40644191592311085,2964.103787,True
60394.134714,3.2608888579462785,0.33835514110929227,2964.134714,True
60394.187713,8.248037719528604,1.5458168375907893,2964.1877129999993,True
60395.103787,3.2324741217997466,0.37094264405787797,2965.103787,True
60395.134714,2.274986843829795,0.24847456089275452,2965.134714,True
60395.187713,4.752391505585893,0.7605412473857691,2965.1877129999993,True
60396.103787,3.4749855269226053,0.43498556383143494,2966.103787,True
60396.134714,2.9045084783406834,0.20698171105189983,2966.134714,True
60396.187713,4.931172752264661,0.55190980562049,2966.1877129999993,True
60397.103787,2.6970415323386714,0.355714561069476,2967.103787,True
60397.134714,2.921228883700504,0.18150034196505743,2967.134714,True
60397.187713,4.228353782988494,0.4621749047503342,2967.1877129999993,True
60398.103787,3.108311987108339,0.278954835041471,2968.103787,True
60398.134714,1.8153015753696045,0.3619699558907357,2968.134714,True
60398.187713,5.8919866350642875,0.43900541446223323,2968.1877129999993,True
60399.103787,2.7814038059957,0.27253415180680046,2969.103787,True
60399.134714,2.2545339907215487,0.20668647914261204,2969.134714,True
60399.187713,5.851652891056978,0.45703903728415296,2969.1877129999993,True
60400.103787,2.8994640481249885,0.30375063804129665,2970.103787,True
60400.134714,2.574987137462622,0.2971553271503659,2970.134714,True
60400.187713,4.779355522132406,0.16916501755826968,2970.1877129999993,True
60401.103787,2.8488141051069173,0.23376104137282827,2971.103787,True
60401.187713,5.631779627238028,0.15435585429807333,2971.1877129999993,True
60402.103787,2.9847100355291993,0.1907871658503728,2972.103787,True
60402.187713,5.03949999976609,0.15184124487341769,2972.1877129999993,True
60403.044257,1.850941327841835,0.37686399494509604,2973.0442570000014,True
60403.103787,2.9156868885259986,0.16459725668281544,2973.103787,True
60403.187713,5.6261651921469165,0.17122595587619663,2973.1877129999993,True
60404.044257,1.5230492560676812,0.561405295266581,2974.0442570000014,True
60404.103787,2.4948727881357646,0.33164198441191534,2974.103787,True
60404.187713,5.183054348474514,0.24828398663418721,2974.1877129999993,True
60405.044257,0.30803809640602414,1.3182026063279155,2975.0442570000014,True
60405.187713,5.27623396163436,0.26267023884950064,2975.1877129999993,True
60406.044257,68.7170999350998,31.09033781639733,2976.0442570000014,True
60406.044257,2.26292997207177,0.938067008532605,2976.0442570000014,True
60406.103787,1.8826084149197522,0.26650905582469797,2976.103787,True
60406.187713,4.895173826699298,0.3229319810291823,2976.1877129999993,True
60407.103787,2.243508374943898,0.8960798042940257,2977.103787,True
60407.187713,4.855634658686841,0.22883011784691734,2977.1877129999993,True
60408.134714,5.04246022062149,0.2782462916203518,2978.134714,True
60409.044257,2.8182462663078747,0.4750548473480954,2979.0442570000014,True
60409.103787,5.167995004073985,0.2812856757610514,2979.103787,True
60409.134714,5.132184491351278,0.15133029352884117,2979.134714,True
60409.187713,5.515501407242973,0.2750852182280606,2979.1877129999993,True
60410.044257,3.332055442765077,0.7909810124023741,2980.0442570000014,True
60410.103787,5.516936348175369,0.252879109860526,2980.103787,True
60410.134714,5.652204273682819,0.26148191534494086,2980.134714,True
60410.187713,4.88353460502834,0.24808928201678918,2980.1877129999993,True
60411.044257,3.8189201565142725,0.6118681334248345,2981.0442570000014,True
60411.103787,5.540893125191923,0.14329242363646885,2981.103787,True
60411.134714,5.283338692977077,0.29500271383949356,2981.134714,True
60411.187713,5.44174882753694,0.14708005806728155,2981.1877129999993,True
60412.044257,2.1556105374092827,0.2791154903097302,2982.0442570000014,True
60412.103787,5.371183588803954,0.16717673782913386,2982.103787,True
60412.134714,5.423651365665528,0.27007053446687695,2982.134714,True
60412.187713,4.948457751327664,0.21724597986487168,2982.1877129999993,True
60413.044257,2.4436120209336107,0.4090669315555343,2983.0442570000014,True
60413.103787,5.5186349657911205,0.1115241326681336,2983.103787,True
60413.134714,5.086499389715014,0.11188117566822742,2983.134714,True
60413.187713,5.5067674297223626,0.1813699534010043,2983.1877129999993,True
60414.044257,2.2765059212230816,0.45286638723419465,2984.0442570000014,True
60414.103787,5.700382486521829,0.24456693753259617,2984.103787,True
60414.134714,5.481372053971036,0.13046357356461966,2984.134714,True
60414.187713,5.5946290668728595,0.277445606814131,2984.1877129999993,True
60415.044257,1.8321855263554299,0.43611937472196877,2985.0442570000014,True
60415.103787,5.299379291483581,0.12169121532356908,2985.103787,True
60415.134714,5.446526361594341,0.12012223492581312,2985.134714,True
60415.187713,5.84884572432602,0.3215502068313802,2985.1877129999993,True
60416.044257,2.492626061539605,0.41239681891556135,2986.0442570000014,True
60416.134714,5.3633086438956425,0.12261814755732835,2986.134714,True
60416.187713,5.381939426172963,0.2886556906020942,2986.1877129999993,True
60417.044257,3.0119224139141254,0.3638368053462164,2987.0442570000014,True
60417.103787,5.471438191705767,0.13177414883159808,2987.103787,True
60417.134714,0.6078349674214236,2.664035676893161,2987.134714,True
60418.044257,2.863352026151894,0.36838163341828345,2988.0442570000014,True
60418.103787,5.092344989820565,0.25834452228809457,2988.103787,True
60418.134714,4.780347049374195,1.582719626817095,2988.134714,True
60419.044257,3.0006349692635736,0.3551647017324994,2989.0442570000014,True
60419.103787,5.316039275594001,0.1039175469744667,2989.103787,True
60419.134714,5.259992564361462,0.7728727985311644,2989.134714,True
60420.044257,2.470905431497009,0.4089281219086253,2990.0442570000014,True
60420.103787,5.304025877254661,0.12502027507134492,2990.103787,True
60420.134714,5.785395726265962,0.5839700633348965,2990.134714,True
60421.044257,2.5078621525595777,0.31787868511365747,2991.0442570000014,True
60421.103787,5.393424770803291,0.11577755931563635,2991.103787,True
60421.134714,4.753777142273444,0.4346684154084574,2991.134714,True
60422.044257,3.0296027390468447,0.24909162033578658,2992.0442570000014,True
60422.103787,5.32140223666484,0.11482355581239898,2992.103787,True
60422.134714,5.313440213862274,0.4128218772425214,2992.134714,True
60423.044257,2.5566094801006347,0.2600198285095494,2993.0442570000014,True
60423.134714,5.409032546805268,0.4624041323659918,2993.134714,True
60424.044257,3.2788319336111655,0.3119531869166735,2994.0442570000014,True
60425.044257,2.52327748572855,0.21610481794891678,2995.0442570000014,True
60425.134714,5.143044689938888,0.1748663132974378,2995.134714,True
60426.044257,2.620718352904398,0.17582649075943815,2996.0442570000014,True
60426.134714,5.373937869140262,0.15646530544675832,2996.134714,True
60427.134714,5.937597908994203,0.1802835607884883,2997.134714,True
60428.134714,5.151054137915143,0.2800959606608571,2998.134714,True
60429.134714,5.2743617575085615,0.25181145491987034,2999.134714,True
60430.103787,5.614165752714683,0.17600582361442998,3000.103787,True
60430.134714,5.594590483252854,0.30515802639069267,3000.134714,True
60431.103787,5.876733109001865,0.1619740247835516,3001.103787,True
60431.134714,5.489742214166251,0.200800725901813,3001.134714,True
60432.103787,5.566427832542116,0.1438835592355757,3002.103787,True
60433.031302,2.971854121423356,0.3699948914746803,3003.031302000003,True
60433.044257,5.519899315254338,0.3136228286803272,3003.0442570000014,True
60433.103787,5.483476895583419,0.1599349689307374,3003.103787,True
60433.134714,5.855620359128211,0.2547154568239447,3003.134714,True
60434.031302,4.745131784029298,0.5590061273380913,3004.031302000003,True
60434.103787,5.574586336495067,0.25957817859631854,3004.103787,True
60434.134714,5.348244617065689,0.2656531249914291,3004.134714,True
60435.031302,4.671548523350958,1.313684345466466,3005.031302000003,True
60435.044257,5.352634459828529,0.2713562800747523,3005.0442570000014,True
60435.103787,6.086898348105021,0.22185618890709782,3005.103787,True
60435.134714,5.110487435493512,0.1639743890614963,3005.134714,True
60436.044257,5.403963341319471,0.2597165006998611,3006.0442570000014,True
60436.103787,5.66845626876346,0.2767658650850533,3006.103787,True
60436.134714,5.346041899561028,0.19969226464098355,3006.134714,True
60437.031302,4.822025020739317,0.5845579588022234,3007.031302000003,True
60437.044257,5.529164388230284,0.17373547024618768,3007.0442570000014,True
60437.103787,5.324322851867274,0.17399666256633056,3007.103787,True
60437.134714,5.530896470086134,0.18994916775256696,3007.134714,True
60438.031302,3.8147165924357815,0.2980189631222301,3008.031302000003,True
60438.044257,5.847240135160297,0.2202864729577027,3008.0442570000014,True
60438.103787,5.514669861771132,0.2084401023512785,3008.103787,True
60438.134714,4.901512978062252,0.28660748614898385,3008.134714,True
60439.030163,4.1708249089868765,0.3509487409430723,3009.030163000003,True
60439.031302,2.6604483275034374,0.4978940227013692,3009.031302000003,True
60439.044257,5.278479941467045,0.12235619464227711,3009.0442570000014,True
60439.103787,5.162300957208303,0.22089044018041276,3009.103787,True
60439.134714,5.294979339353309,0.2808893809504469,3009.134714,True
60440.030163,3.4135935837175357,0.5508489563812264,3010.030163000003,True
60440.031302,4.8894528398554655,0.8422158073494665,3010.031302000003,True
60440.044257,5.541241417662176,0.1279155145793522,3010.0442570000014,True
60440.103787,5.397642925431865,0.24955293559800917,3010.103787,True
60440.134714,5.710556586239999,0.26269087795482193,3010.134714,True
60441.030163,3.373678090899565,1.362255649727049,3011.030163000003,True
60441.031302,4.093314628720255,0.6570748855507244,3011.031302000003,True
60441.044257,5.16107401880343,0.14149262293258033,3011.0442570000014,True
60441.103787,5.5356062219492435,0.14884678549151314,3011.103787,True
60442.030163,11.738056092055167,9.029554975317632,3012.030163000003,True
60442.030163,5.224217401009143,0.9717091114240987,3012.030163000003,True
60442.031302,3.6760554451491276,0.31682056531648317,3012.031302000003,True
60442.044257,5.272888351938325,0.25127168954533696,3012.0442570000014,True
60442.103787,5.797637479252508,0.17733753328748503,3012.103787,True
60443.030163,2.3459886477139293,0.5107658514553267,3013.030163000003,True
60443.031302,3.7186743944293803,0.4636590449075526,3013.031302000003,True
60443.044257,5.26138692181329,0.11617528917956908,3013.0442570000014,True
60443.103787,5.813742443239214,0.173863140843387,3013.103787,True
60444.031302,3.724331545837978,0.5147356799139592,3014.031302000003,True
60444.044257,5.441864242326298,0.1178210738383039,3014.0442570000014,True
60444.103787,5.190311348400005,0.27605140778491427,3014.103787,True
60445.030163,3.270877196036392,0.4750548473480954,3015.030163000003,True
60445.031302,3.7029493909451703,0.5016157196667249,3015.031302000003,True
60445.044257,5.473881726547305,0.12044406274878917,3015.0442570000014,True
60445.103787,5.881813961526777,0.2525366969577962,3015.103787,True
60446.030163,3.2899446523976037,0.8408121143372176,3016.030163000003,True
60446.031302,3.7626495108683677,0.46074430249796317,3016.031302000003,True
60446.044257,5.247646959938627,0.1190141965354793,3016.0442570000014,True
60446.103787,5.824152641571814,0.22942346175050493,3016.103787,True
60447.030163,4.126956862860453,0.6497156468325562,3017.030163000003,True
60447.031302,3.7855401337310566,0.4094430901389176,3017.031302000003,True
60448.030163,3.9086516870739043,0.28670547294095966,3018.030163000003,True
60448.031302,4.357829174047868,0.4172663999382452,3018.031302000003,True
60449.030163,3.9878957753434423,0.447580545769629,3019.030163000003,True
60449.031302,2.9265752399811844,0.398634542833032,3019.031302000003,True
60451.030163,4.212801177940277,0.5090673996304995,3021.030163000003,True
60451.031302,4.1273522976381765,0.3327837271568587,3021.031302000003,True
60452.030163,4.570846251350308,0.4441474051487804,3022.030163000003,True
60452.031302,3.464818581269223,0.2604350119681781,3022.031302000003,True
60453.030163,3.890265676588371,0.41653740110667076,3023.030163000003,True
60453.031302,3.675946175021423,0.2739246321731617,3023.031302000003,True
60454.030163,4.602253006647677,0.44904149817622036,3024.030163000003,True
60454.031302,2.9917427229729765,0.32246270266325,3024.031302000003,True
60455.030163,3.9215516029489295,0.43212242042159016,3025.030163000003,True
60455.031302,3.727946896422511,0.21040332913494536,3025.031302000003,True
60455.044257,5.27665567999189,0.14474523922408547,3025.0442570000014,True
60456.030163,3.9822370630199657,0.429774075446873,3026.030163000003,True
60456.031302,3.2145183436270615,0.1730502830106049,3026.031302000003,True
60456.044257,5.424479926569799,0.1438835592355757,3026.0442570000014,True
60457.030163,2.9464143511383845,0.3511283942869526,3027.030163000003,True
60457.031302,3.5945812974029305,0.16030221042257362,3027.031302000003,True
60458.030163,3.538897873562394,0.2923817067696082,3028.030163000003,True
60458.031302,3.8624396501899794,0.3468059701513253,3028.031302000003,True
60458.044257,5.135995215298968,0.23040151602747927,3028.0442570000014,True
60459.030163,3.5484854747716432,0.30683266751037735,3029.030163000003,True
60459.031302,3.3909974107806238,0.18529973621018164,3029.031302000003,True
60459.044257,4.9748090973808345,0.22709836045933307,3029.0442570000014,True
60460.030163,3.7017758599977806,0.3463013603323138,3030.030163000003,True
60460.031302,3.094838702912841,0.2749084042621032,3030.031302000003,True
60460.044257,5.040597091923305,0.2857682576941584,3030.0442570000014,True
60461.030163,3.2111345232851014,0.22070279279889374,3031.030163000003,True
60461.031302,3.786436783945347,0.841335378951304,3031.031302000003,True
60461.044257,5.103763702135305,0.2017197223590294,3031.0442570000014,True
60462.030163,3.598560415548992,0.19155833466949296,3032.030163000003,True
60462.044257,5.880685870021936,0.20775274834517368,3032.0442570000014,True
60463.030163,3.4491039240721593,0.17706674582545295,3033.030163000003,True
60463.031302,5.586475806558728,0.3081540454660379,3033.031302000003,True
60463.064261,29.16732336251193,6.591629428764645,3033.0642609999995,True
60464.030163,2.924519050752387,0.36281239954292493,3034.030163000003,True
60464.031302,5.472393990954139,0.27353056639036893,3034.031302000003,True
60464.044257,5.503757810070314,0.22631743499614176,3034.0442570000014,True
60465.030163,3.184935362088593,0.19170014832864607,3035.030163000003,True
60465.031302,5.437770544164842,0.15636261123176182,3035.031302000003,True
60465.044257,5.662589755565891,0.13162119310525494,3035.0442570000014,True
60466.030163,3.6033397975017043,0.28625887512346176,3036.030163000003,True
60466.031302,5.700241873671254,0.16541167423214456,3036.031302000003,True
60467.030163,4.006855128088412,0.8449369858817461,3037.030163000003,True
60467.031302,5.3229631987966775,0.12424718478212211,3037.031302000003,True
60467.044257,5.050996667295596,0.16997568434033516,3037.0442570000014,True
60468.031302,5.520237104191975,0.2439795069380423,3038.031302000003,True
60469.030163,5.798093939633399,0.3804370931679481,3039.030163000003,True
60469.031302,5.743015494107367,0.13727073079044289,3039.031302000003,True
60469.044257,5.288385691913158,0.27803213372638136,3039.0442570000014,True
60470.030163,5.6181689782236175,0.30956938268754564,3040.030163000003,True
60470.031302,5.5823387717438955,0.14086118111509388,3040.031302000003,True
60470.044257,5.355568913328078,0.24828852093953846,3040.0442570000014,True
60471.030163,5.7147625932027015,0.18933785516484045,3041.030163000003,True
60471.031302,5.706562565116627,0.15769007976755078,3041.031302000003,True
60471.988276,29.710291190252015,7.525534092477594,3041.9882759999964,True
60472.030163,5.78093049524791,0.1966785150930987,3042.030163000003,True
60472.031302,5.470183160025774,0.2669063724503801,3042.031302000003,True
60473.030163,5.657272361240099,0.14451632297751069,3043.030163000003,True
60473.031302,5.471408109913451,0.11797100937522095,3043.031302000003,True
60474.031302,5.331242369721035,0.12212303555073087,3044.031302000003,True
60475.031302,5.666978420332939,0.12414508271301382,3045.031302000003,True
60476.031302,5.6281571375943145,0.1217800194127123,3046.031302000003,True
60478.030163,5.496240964867514,0.24326822091537437,3048.030163000003,True
60479.030163,5.543236917739529,0.11188117566822742,3049.030163000003,True
60480.030163,5.484005908080684,0.12001595226301157,3050.030163000003,True
60481.030163,5.745021667404633,0.11191562543992367,3051.030163000003,True
60482.030163,5.550211220145021,0.12278577318625154,3052.030163000003,True
60484.031302,5.520249601774177,0.1619763739060334,3054.031302000003,True
60485.031302,5.7677346697481,0.14451083397837844,3055.031302000003,True
60486.031302,5.590085816870834,0.14442124069759205,3056.031302000003,True
60487.031302,6.036859332690549,0.15981089215111696,3057.031302000003,True
60488.031302,5.651763314902965,0.2383074504009712,3058.031302000003,True
60489.031302,5.811684341612673,0.24507152006699667,3059.031302000003,True
60490.030163,5.808954806517214,0.1619763739060334,3060.030163000003,True
60490.031302,5.737705442679652,0.3123137743620326,3060.031302000003,True
60491.030163,5.730229830434976,0.15669990675514367,3061.030163000003,True
60491.031302,6.0196968378277855,0.2141261745314528,3061.031302000003,True
60492.030163,5.590085816870834,0.1420554422647201,3062.030163000003,True
60492.031302,6.124696542189136,0.22132798996574335,3062.031302000003,True
60493.030163,5.449976165085902,0.1764371806202549,3063.030163000003,True
60493.031302,5.177251240807654,0.2509778859241069,3063.031302000003,True
60494.030163,5.627292565651681,0.24621338477446314,3064.030163000003,True
60494.031302,5.498269109140739,0.2451619748543492,3064.031302000003,True
60495.030163,5.836022995248049,0.25012647120665205,3065.030163000003,True
60495.031302,5.712278964372405,0.1403444097623985,3065.031302000003,True
60496.030163,5.818496145581878,0.2811516460997453,3066.030163000003,True
60496.031302,5.515577781637896,0.20059245516528554,3066.031302000003,True
60497.030163,6.1345713949798535,0.20646787072131498,3067.030163000003,True
60497.031302,5.683713725723342,0.16850113187366034,3067.031302000003,True
60498.030163,5.808513699380932,0.21754754293216697,3068.030163000003,True
60498.031302,5.909319704896066,0.2722671532770402,3068.031302000003,True
60498.998941,61.76711174002669,34.95626874990674,3068.998940999998,True
60499.030163,5.479994483694513,0.25303354991901766,3069.030163000003,True
60499.031302,5.879616079046728,0.3046265117349917,3069.031302000003,True
60500.030163,6.2538802704455625,0.2447960614590442,3070.030163000003,True
60500.031302,5.852551655404768,0.2679649805237993,3070.031302000003,True
60501.030163,5.631672025641838,0.15249066080399085,3071.030163000003,True
60502.002281,3.6899876660577564,0.38935327398221603,3072.002281000001,True
60502.030163,6.057192413759571,0.19729175657617834,3072.030163000003,True
60503.002281,1.6190159732072678,0.6093886538363742,3073.002281000001,True
60503.030163,5.760122353541948,0.168233031425174,3073.030163000003,True
60504.030163,6.488908158470453,0.25573593621632745,3074.030163000003,True
60505.002281,1.2974798565344594,0.9537144982495791,3075.002281000001,True
60505.002281,10.749854645568204,7.346354709323365,3075.002281000001,True
60505.030163,5.980718673129046,0.2725374275262552,3075.030163000003,True
60506.002281,2.8083006455499087,0.5107658514553267,3076.002281000001,True
60506.030163,5.852551655404768,0.26877638091902656,3076.030163000003,True
60507.002281,3.3882983622131957,0.280488435879746,3077.002281000001,True
60508.002281,3.2210462679928855,0.5049534041741992,3078.002281000001,True
60509.002281,1.4033812439347984,0.8394084213249684,3079.002281000001,True
60510.002281,2.3276229962683495,0.6092398338826316,3080.002281000001,True
60511.002281,2.476348513116076,0.28180870995306967,3081.002281000001,True
60512.002281,2.3875242332431803,0.44234568558518894,3082.002281000001,True
60513.002281,1.6073074493807304,0.48948290739160627,3083.002281000001,True
60514.002281,2.263598576889751,0.44592421677956695,3084.002281000001,True
60515.002281,3.09877361690106,0.43007612261360384,3085.002281000001,True
60516.002281,2.6943675420242053,0.4080917928117261,3086.002281000001,True
60517.002281,2.3989467442122563,0.4169172230345308,3087.002281000001,True
60520.002281,2.4476687135389574,0.36087399869981496,3090.002281000001,True
60521.002281,2.3096446170725917,0.2852052753287071,3091.002281000001,True
60522.002281,2.2854658086601956,0.2792548069108797,3092.002281000001,True
60523.002281,2.525222755685923,0.3073392531742741,3093.002281000001,True
60524.002281,3.117335836345572,0.24994591284474715,3094.002281000001,True
60525.002281,2.8196799082374464,0.20482243835836303,3095.002281000001,True
60526.002281,3.0583932642695166,0.172771699565211,3096.002281000001,True
60527.002281,3.3934793504711824,0.34512108284694665,3097.002281000001,True
60528.002281,3.3519705076192543,0.2090280933322942,3098.002281000001,True
60529.002281,3.283256519211394,0.2844427997856444,3099.002281000001,True
60530.002281,0.5586766528830241,0.9133675175601484,3100.002281000001,True
60532.002281,6.228463401279641,0.28532781987596106,3102.002281000001,True
60533.002281,6.229614063715042,0.26441962968602656,3103.002281000001,True
60534.002281,5.786708579965782,0.14605035312905348,3104.002281000001,True
60535.002281,5.637203888064492,0.17108509293675314,3105.002281000001,True
60536.002281,5.649375294410727,0.1180172765056173,3106.002281000001,True
60537.002281,5.5848544695929005,0.24593760891988872,3107.002281000001,True
60538.002281,6.146752937608669,0.12929097896594655,3108.002281000001,True
60539.002281,5.5155555713611015,0.1276072844237392,3109.002281000001,True
60540.002281,6.030511701816035,0.14086562460348473,3110.002281000001,True
60544.002281,5.624336233788612,0.11939812232411699,3114.002281000001,True
60545.002281,5.571164423760423,0.11306348670870535,3115.002281000001,True
60553.002281,5.824027769013839,0.19189040716856487,3123.002281000001,True
60554.002281,5.867356899173583,0.1680685611719342,3124.002281000001,True
60555.002281,6.055717962976995,0.15872356758722703,3125.002281000001,True
60556.002281,5.607553675203852,0.16911665062264938,3126.002281000001,True
60557.002281,5.666822237519141,0.2742606281470893,3127.002281000001,True
60558.002281,5.910911160279982,0.21960954395613988,3128.002281000001,True
60559.002281,6.344789867344949,0.2894615469696888,3129.002281000001,True
60560.002281,5.984468640301152,0.1799701395382382,3130.002281000001,True
60561.002281,5.81538723944198,0.21273606488943345,3131.002281000001,True
60563.002281,6.166061055572362,0.26492129820081917,3133.002281000001,True
60564.002281,6.054582402817279,0.15061351291574476,3134.002281000001,True
60565.002281,5.599595563906078,0.18483912099000116,3135.002281000001,True
60566.002281,5.827147465663532,0.1741312412918733,3136.002281000001,True
60567.002281,6.550651258335766,0.28063234745234067,3137.002281000001,True
60568.002281,6.077425502251267,0.2648448388460787,3138.002281000001,True
60569.002281,6.256223352030325,0.23104626254095922,3139.002281000001,True
60649.326498,3.1157269875425966,6.3255751931720035,3219.326498000002,True
60667.306395,20.832767206701607,11.771542505405067,3237.3063949999996,True
60676.31209,3.7672883808307005,6.569910715655042,3246.3120899999994,True
60688.326277,10.84758885456142,6.569910715655042,3258.326277,True
60703.290716,8.860326605032707,6.7925275250284765,3273.290716000003,True
60706.283959,-5.012501393726493,6.097528705521167,3276.2839590000003,True
60709.293511,15.099026945766298,7.28662824827195,3279.2935110000035,True
60733.244433,8.550834943220856,6.4124500456104165,3303.244433,True
60736.186008,19.013824983772317,7.0803004737307225,3306.186007999997,True
60763.106834,-0.11493158751091584,5.923779000644339,3333.1068339999983,True
60766.048834,2.4804546290866964,6.841394629525085,3336.048834000001,True
60796.075568,14.48547330042,6.222411305901386,3366.075568,True
60804.012293,26.539359076249912,10.20779516151362,3374.0122929999998,True
60813.006685,17.732420910305713,29.276825271745444,3383.0066850000003,True
60822.976568,8.132749715860994,7.123737899949931,3392.976567999998,True
60822.986259,-3.5573476153830623,7.074870795453322,3392.9862589999975,True
60825.998747,1.3022144428907096,5.994364818250551,3395.998746999998,True
60867.99717,17.51523377920968,16.02298059660994,3437.9971700000024,True
60888.983407,114.054913551397,54.193618886737994,3458.9834069999997,True
60894.983436,51.505019795739074,32.66494451684358,3464.9834360000023,True
