mjd,muJyas2,muJyas2_err
53054.400735951094,3.8666799921426813,1.1063303359896268
53054.40223095109,2.850590006377935,1.080703167043588
53063.04067984108,1.3590006815959201,1.0548651178605526
53063.04217484107,1.3293884722491995,1.0124023270992168
53071.68062373105,2.4552646168571464,0.7064320625833941
53071.68211873105,2.3176128301687573,0.7590181383969363
53089.92050527656,2.4716507985849345,0.9543733952399922
53089.92200027656,3.851840662882811,0.9051891338507371
53140.37445795109,3.90921018741483,0.7061102933004266
53140.38030095109,2.0697792418943743,0.6128710190499461
53140.38293595109,2.7081138522162354,0.6848451956643525
53143.68015614754,4.5709120821493965,0.9407229615366133
53143.68015614754,2.2837605724012873,0.8815928089243799
53143.68165114753,2.8973936018981608,0.870629878128003
53143.68165114753,2.632892452231852,0.9392132539521172
53147.52013120975,1.4071562679393965,0.8137688693509239
53147.521626209746,3.813998912604198,0.7945494220876708
53149.01440184107,2.8715699861891872,0.6626430242492667
53149.02024484107,3.116233881904831,0.6632017451803369
53149.022879841075,3.174340858736133,0.6525860474900029
53150.40011250641,2.28064528770847,0.8563577665432991
53150.40160750641,2.8361624311088605,0.8950554859245753
53157.65434573105,3.520905976725693,0.46012816336849427
53157.660188731046,2.471117772065641,0.4551015531804351
53157.66282373105,2.6342892720164857,0.4616748126571275
53175.894227276556,1.5526006456154073,0.6066058904674803
53175.900070276555,1.2689217238652581,0.6130644298418274
53175.90270527656,3.1150703634861907,0.5673578435002973
53218.067730951094,6.84651995576186,0.7486404885725765
53226.70767484108,5.3728518504042935,0.7235436057359187
53229.65387814753,2.9488445591339447,0.5593984871442824
53229.65387814753,2.4405434852342767,0.5865684348404766
53229.65972114753,2.241931044286326,0.5565944189091625
53229.65972114753,1.1967028599155016,0.5272270720037958
53229.662356147535,4.147586749457922,0.5464493673631797
53229.662356147535,2.971412566769808,0.5694820650241365
53233.493853209744,1.7460737482020816,0.5167410480097382
53233.49969620974,0.5244157912505711,0.5586743874932002
53233.50233120975,3.5261440092750203,0.48179659844018735
53235.34761873105,5.0760618364467724,0.5285673943905308
53236.373834506405,2.196876106930179,0.5408575367641889
53236.379677506404,2.4785044505685017,0.49305447164614197
53236.38231250641,3.783937868849339,0.5800105234323032
53239.679532702845,2.14631887149838,0.9516400333349435
53239.68102770284,1.7135257812046918,1.029335297529312
53246.39948906172,4.008837928335193,0.9604354452973649
53246.400984061715,0.4335919096897065,0.872081115421675
53253.58750027656,5.387979412535105,0.7228595992057203
53287.07895695109,2.1594198073141353,0.81734311170451
53288.07900495109,3.9490140881182523,0.9154897161787007
53288.10390795109,1.6861895960744127,0.959110429278341
53295.71890084107,3.5391297546318716,0.7430988383233766
53296.71894884107,3.6447280106041413,0.9185372106794218
53296.74385184107,1.1455692859271007,0.923006978127983
53304.35884473105,2.180347705802526,0.6147930922318537
53305.35889273105,0.6062453922956852,0.6318062344068232
53305.383795731046,1.8494807567315839,0.6758857391328806
53307.347151147536,5.004453935498471,0.6304637026784917
53307.347151147536,5.461832063369366,0.6405216635168411
53311.18712620975,3.1103050593973602,0.6233216191968698
53314.06710750641,4.67398541461869,0.5636209011061161
53322.598726276556,2.014634616241744,0.7606172140095925
53323.59877427656,3.7127336609738064,0.7780055892482185
53323.623677276555,1.5997976641202483,0.7993684502556727
53325.65325470284,1.7771038666761623,0.603788687105255
53325.65909770284,1.807115566766928,0.5611324636259939
53325.66173270284,2.9168883142857034,0.6246089866606086
53332.37321106171,2.3926748539782414,0.6008094431546918
53332.37905406171,1.999899262448154,0.5468416632846756
53332.381689061716,3.0154487059490567,0.5812282132903497
53356.79877210032,1.078840065281633,0.8013176009100128
53356.80026710032,0.6153398279320257,0.7495549717075132
53369.27869105252,0.54695450821891,0.8062347814547075
53369.280186052514,2.317146973470477,0.7954907145376672
53376.35837714753,2.5709504738270343,0.6780005698263749
53376.35837714753,3.1898016557757902,0.6446719118765615
53376.95864117694,0.971064656261758,0.574320449250725
53376.96013617694,1.9620375107391137,0.5798680285774986
53377.35842514753,2.1277992143940168,0.7299825726041466
53377.35842514753,3.1433135611025573,0.7932414598818489
53377.38332814753,0.6673729304790879,0.7807078303340615
53378.87862870805,1.3427331680339858,0.7952187978664944
53378.88012370805,1.508786067652582,0.7629342740214868
53380.19835220974,3.335259953501346,0.6412306496012644
53381.198400209745,2.668257772342538,0.6591396800056598
53381.22330320974,0.33484215233575654,0.7098091318815091
53383.078333506404,4.269708063906064,0.6596822986290487
53384.078381506406,3.110688605072502,0.8149284434409918
53384.103284506404,2.671765413831463,1.0539437690312268
53403.346527702844,3.921340814785447,0.6444136618474086
53410.06648406172,4.7099414756731015,0.6332856292711615
53411.39758695109,1.5422412428456003,1.60197068858429
53420.03753084107,8.312282668764658,1.835398258565633
53422.078348157935,1.7592587625459046,0.5127583549967919
53422.07984315793,0.2688115400414759,0.4660014800378384
53428.67747473105,1.4833502038797963,1.2554925600483202
53442.77249410032,1.9619707085799991,0.5128111637270888
53442.77833710032,0.8859500382743963,0.4710800518118954
53442.78097210032,1.4004063708366035,0.4722838338863721
53446.91735627656,2.814847644723293,1.5545207463331263
53455.25241305251,1.7799436276184597,0.5084092465143488
53455.25825605251,1.3819833890112854,0.49207826480044786
53455.260891052516,1.7756460008516441,0.4985247049506721
53462.93236317694,1.9839358501869047,0.3670161691449727
53462.938206176936,1.3816935582509506,0.3141681766109711
53462.94084117694,1.4110782100112926,0.36818408058218816
53464.852350708046,0.8539199892385927,0.5012597123303757
53464.858193708045,0.44654027387856665,0.5208003451839328
53464.86082870805,1.7349009255138839,0.46090405752411673
53467.30215895109,2.783086952856242,0.9623819827608139
53472.35775370284,2.826497745484412,0.7459760987027919
53473.35780170284,2.931614867629734,0.8526166574009445
53473.38270470284,1.7961976048049744,0.9287884850424822
53475.45003495109,-2.312739277335112,1.3473347758651395
53475.94210284107,2.4748222530362334,0.9928470945117595
53479.07771006171,1.9329410081315501,0.660985905664621
53480.077758061714,3.1157428101322733,0.8018752424934239
53484.089978841075,0.567851843200506,1.4398238393679257
53484.58204673105,1.6821719699336448,0.7640447485849956
53492.72992273105,0.42490076320339654,0.8587770175138031
53500.67700714753,1.4646817542520312,1.4152346906646398
53500.67700714753,4.527644752893945,3.7232410895422885
53502.27838895109,0.17745818174060446,1.9078609391955175
53502.82192827656,0.7949642959324361,0.9166157804361195
53504.516982209745,1.6858382532565672,1.447573823418659
53507.396963506406,3.0899739435213487,1.4737002074963632
53508.05207015793,1.4646382079861082,0.3194617769541908
53508.05791315793,1.3055603484888865,0.30039333074187985
53508.06054815793,1.5359489725883106,0.30692362054061667
53510.91833284107,-1.582106299557653,2.004131979748836
53510.96980427656,-0.9294657170181182,1.179925462621021
53519.55827673105,-1.3340261402951583,1.342104920211801
53520.46576710032,3.0682464350241183,0.5633700108551116
53532.94568605252,4.250219493184376,0.5457985993856496
53537.79815827656,-2.0403344894057405,1.7328757952093143
53540.62563617694,2.9620616788548917,0.3766514385020006
53542.54562370805,3.909480252621976,0.5951397093007258
53556.58157914753,-0.48639611352317047,0.8120652623852825
53556.58157914753,2.8143968540692246,0.8916763868042338
53560.421554209744,0.09940392336090476,0.8430348458654231
53563.301535506405,2.124943875609689,0.8317733330540179
53564.729455147535,-0.8202605371273428,1.1975772211326396
53564.729455147535,1.1664521262759395,1.150008048678589
53568.56943020975,-0.9423774794313413,1.0430918196511034
53571.44941150641,4.5988663122903315,1.0949178248466955
53585.745343157934,2.285626241483264,0.34140355067794553
53589.47699310032,1.715596644003761,0.5914582592595689
53590.47704110032,1.6538024975139551,0.6303805463343165
53591.55780914753,3.2488274102251467,1.7380317853095566
53591.55780914753,-1.9777034907375892,1.767026980850609
53595.397784209745,0.7222887369381548,1.6423891297689073
53596.67638370284,4.505832638888178,1.6128114972634902
53598.277765506406,-2.2888724702899843,1.5073899867224154
53601.95691205251,2.0435170772272935,0.5690057839264567
53602.956960052514,1.0304375194857256,0.6953560108708512
53603.396340061714,12.056723402579795,1.4705026037148614
53609.636862176936,1.1394482877223027,0.42307591813131695
53610.63691017694,2.3293456577433904,0.5048297187364024
53611.556849708046,1.5248433703018094,0.6040604329947409
53612.55689770805,1.184411562283536,0.6312474004431677
53652.58095570284,1.5127876247600263,0.9541790942563282
53654.75656915793,1.2240623318006545,0.3471502057008336
53655.75661715793,1.529418682789574,0.42420762532592465
53659.30091206171,1.1595301875872677,0.8052183792995312
53660.72883170284,0.06755414830791828,1.2040226889205716
53667.448788061716,2.6173766305361514,1.2436468918718733
53687.55718570284,-4.525607058476799,1.8474207263994262
53694.277142061714,-3.144997245761889,1.628585215546501
53713.79562310032,0.8270449687633343,1.1829165185191377
53726.27554205251,2.7612207472855888,1.3958691738618816
53733.95549217694,-0.4958321088809168,0.8730137993185906
53735.87547970805,1.8104339674202086,1.3389581468350376
53769.70019510032,0.024282829363949432,0.6997986459624749
53777.84807110032,3.661309737049656,1.0083681177200108
53779.07519915793,-1.4421243872274943,0.8280407464797913
53782.18011405251,0.8052418769045593,0.759820412373093
53789.86006417694,2.1705097022820823,0.5054136744550102
53790.327990052516,2.9970315279807904,1.1053496044251108
53791.78005170805,0.10118082801026596,0.7807757214095175
53798.00794017694,0.675875040505538,0.7235211353550058
53799.92792770805,1.6887298084518596,1.039476708535957
53804.67642510032,1.3691481629693572,1.450958660435957
53817.15634405251,-0.2579909852057529,1.5767992607448411
53824.83629417694,0.16812554317609774,0.9921407659145721
53826.75628170805,-2.9658489372654238,1.6104030249529275
53834.97977115793,1.5714737490934372,0.44510455268188154
53843.12764715793,1.8684190868215849,0.6846355824995373
53849.33282895109,0.3606651767590936,0.89858668985259
53852.33121295109,2.599280173032633,1.3653283200187412
53855.35107795109,1.1578337086550192,1.8222552897374733
53857.97277284107,1.1980890534477,0.8419924431228034
53860.97115684107,2.986889986362078,1.3068482577732163
53863.99102184107,1.6221582401299885,1.783995932907174
53866.61271673105,0.7029109728352845,0.6840056478982071
53869.61110073105,1.897272219750361,0.9477093516102344
53869.95600115793,0.45505540510144016,0.9184199572943049
53872.63096573105,1.0308006220256063,1.3680112957964141
53876.49854495109,-6.088111996108978,3.3876936311008143
53882.32448495109,1.1660125923612021,1.5070956375925721
53884.85259827656,2.0994898874062367,0.854514440298171
53885.138488841076,1.8713477753873011,3.103694772095005
53887.850982276555,2.1082337560976594,1.2981664142436748
53890.87084727656,0.19133926979157678,1.6285455437775609
53890.96442884107,2.993762253814241,1.364955234604518
53893.77843273105,1.9092200855050558,2.421279461355892
53899.604372731046,1.3068775200467035,1.0153752579879547
53912.01831427656,1.5158366522537419,2.9053490970137816
53917.844254276555,0.9688480483186916,1.267860960256356
53938.61224914753,0.6963653289246494,0.7433037408578105
53938.61224914753,0.8094036521228505,0.7083090533922735
53941.61063314753,4.0964517559363784,1.1067927149077863
53941.61063314753,1.8386652453334982,1.1634529568416059
53942.452224209745,1.3252115336987993,0.7163612161758
53944.63049814753,1.2970584683388102,1.694041083815475
53944.63049814753,1.0261388442415802,1.5286748124969967
53945.332205506405,2.839394828845414,0.7443620139810176
53945.45060820974,3.406896075118927,1.1217168311825938
53948.330589506404,3.494387874420026,1.018888187944659
53948.470473209745,-0.20461278789419168,1.5021745258710828
53951.350454506406,4.048903429789371,1.501926779280353
53965.777965147536,3.281107119689638,2.6916666306319668
53965.777965147536,-1.6377428650739407,2.978977007934016
53969.61794020975,1.8207238285950353,2.511195507191874
53971.60390514753,1.1275893597014113,1.1883544469999276
53971.60390514753,0.45676031168430953,1.2522843386028226
53972.49792150641,-0.14456354928044668,2.7502696797916375
53975.44388020974,4.316325375166497,1.064058489392834
53978.323861506404,2.2751820802664087,1.1996293008195607
53998.10426195109,2.994756463172247,1.406222738549654
54006.744205841074,1.2550785884168612,1.2487412809419147
54015.38414973105,2.059709061289105,0.9519626371539772
54033.62403127656,0.6543668618601206,1.211224538050547
54034.61162570284,0.2295462350922559,0.8109760582902374
54037.61000970284,3.2170053151933615,1.184218013733772
54040.62987470284,2.5803103985469624,1.812381685684319
54041.33158206171,1.7206995800409741,0.7545937362356223
54044.32996606171,3.724671299816082,1.1533821981069798
54047.349831061714,1.9649396032757185,1.4676370578810554
54061.777341702844,0.2823587022570564,3.2215604970527654
54067.60328170284,-0.41334399020232304,1.651405223268536
54068.49729806172,-3.484086836095617,2.7208357691989495
54074.32323806171,3.507367407419115,1.2450796647887767
54087.383682147534,1.043048339841535,1.142325322674891
54087.383682147534,2.435747642685266,1.1099608668718761
54091.223657209746,1.5184980203803793,1.0064001476030748
54094.10363850641,2.7325435966244083,1.0803492716678618
54151.73086510032,0.7790541900608616,0.65244988436639
54154.72924910032,2.8652085251290424,1.0392651909649135
54157.74911410032,-0.6991901973965682,1.3245615426159
54164.21078405251,0.6084105709843808,0.6360487614887884
54167.20916805251,2.052628045972944,1.0052149007582947
54170.229033052514,2.233300275249894,2.8493265463990998
54171.89073417694,1.0633296598017825,0.46891644204202554
54173.81072170805,0.8806821603206387,0.6669302952192288
54174.889118176936,0.5888656384329831,0.6916955486908833
54176.809105708046,1.3500396655357507,1.0896026797689948
54177.90898317694,2.0002866103079224,0.9559355113608913
54178.89658110032,3.65649460875175,2.4232133159216662
54179.82897070805,1.5150730538750308,2.5445302346262295
54183.38305870284,2.288064486495596,1.238046105267125
54184.72252110032,-0.5579464339912974,1.0741748711247392
54186.43108995109,1.3524911408621643,1.2530049837871675
54187.42535595109,3.104953289640213,1.1346837995043926
54190.103015061715,3.1964556844511467,1.1438303786609592
54191.376500052516,-0.16430272168916105,2.4517960704686073
54195.07103384107,1.0651134718529915,1.2470651181487036
54196.06529984107,2.8068142302781505,1.15487616452212
54197.20244005251,0.5284747131216001,1.0636626247869942
54199.05645017694,0.9123771065416788,1.7991675690304867
54200.97643770805,2.2413049218411416,2.47358924144049
54203.71097773105,0.5660325107912119,0.8638036277018624
54204.70524373105,3.501572860617774,0.8100575649218449
54204.882390176936,1.7611567435380469,0.8023551573670524
54206.802377708045,1.6314672582636094,1.059017341389514
54217.01044115793,1.2172708304099684,0.39312344588393877
54220.00882515793,1.3165312353507632,0.6258629743109085
54221.950859276556,0.28026838886911776,1.0502578644129847
54222.94512527656,2.7216956345163705,1.0800665076792
54244.17615715793,1.8943573979021657,1.4531200860148517
54250.00209715793,1.7651099022055732,0.6566859421609449
54251.29272595109,0.5515057965700194,0.8805931456989885
54259.93266984107,2.8231288814654,0.9196546525415623
54268.57261373105,1.9018348351518313,0.6495927012261091
54275.71051014753,1.2816930163314133,1.09574879627747
54275.71051014753,2.1453224852461688,1.0002098546926046
54276.70477614753,2.6617026747457206,0.9156849055657911
54276.70477614753,2.102436585529059,0.9241219680977318
54279.550485209744,3.251393274534424,0.9006931876551826
54280.544751209745,2.057166710495011,0.8849681853488847
54282.430466506405,1.6400842151266417,1.1062995070176593
54283.424732506406,1.8021593692411617,0.9633455789503563
54286.81249527656,2.114642614399896,0.7968843966501549
54300.50229810032,-0.3059547197341672,1.0135845067094102
54312.982217052515,1.6286671654265321,0.9691148359170392
54320.66216717694,0.9958827743025873,0.7299446482596912
54322.58215470805,0.7464465085440297,1.0033690173935148
54340.57214614753,3.095296523579444,0.770673452245985
54340.57214614753,0.8107870682427576,0.7207597984714347
54344.412121209745,3.005471710688708,0.6919001014771137
54347.292102506406,2.243768637474549,0.79671775196745
54365.13090195109,3.1098606198639223,0.949295768830922
54365.78187415793,1.248355009851954,0.6005254498918108
54371.70988670284,1.7538968498547067,1.1735539578639564
54372.70415270284,1.1415769180536,0.9790618912858972
54373.77084584107,2.055166961709399,0.9822313968214258
54378.42984306171,0.7898747750262727,1.0994144182369636
54379.424109061714,2.2728902622154212,1.0411483196162383
54382.410789731046,3.0917107991298707,0.699472140784543
54400.650671276555,2.7240306449055574,0.8604761689514141
54436.57152270284,2.0105451277882604,0.8292572969242065
54443.291479061714,2.8507275796024336,0.7918458320751024
54454.41032214753,1.5149458732753107,0.846650665382952
54454.41032214753,2.8071942984407574,0.880632468173917
54458.25029720974,1.040283228021071,0.8194473424059759
54461.1302785064,2.610258803379576,0.7703122493308144
54488.82912610032,2.76288704879852,0.8787609143680161
54489.82339210032,1.6963361308121332,0.826195763782532
54501.30904505251,2.891309909517113,0.9575112436466356
54502.303311052514,3.1912842578408798,0.8621039294233174
54508.98899517694,1.988023540217159,0.6954912608618338
54509.98326117694,1.421895989698501,0.6134454823974445
54510.908982708046,1.9477706326714044,0.8704077547160507
54511.90324870805,2.3228658241864224,0.8385480272374253
54550.40969870284,2.325033213510956,0.9424994140179589
54553.69076210032,2.089170347783041,0.6219540718129795
54554.10870215793,1.8927901283504696,0.5838079080070454
54555.10296815793,1.1592818569971879,0.55246251697311
54557.12965506171,2.6649446913773343,0.7856371494351891
54566.170681052514,2.365209052654489,0.6897690960739897
54573.85063117694,2.192700019589177,0.48468324644443495
54575.77061870805,2.885296213275759,0.6405929205035649
54577.34637695109,3.471912538590937,0.8031663799471268
54577.34637695109,4.012264122112731,0.9220328231436467
54581.36251795109,3.4942681540545024,0.8751405565615328
54585.986320841075,2.931241381627485,0.7699174430147466
54585.986320841075,3.224402254160024,0.9352988386115281
54590.002461841075,2.4348178343716063,0.9179784897483517
54594.62626473105,1.7101276558256968,0.5664603019620538
54594.62626473105,1.957630208239288,0.6580992723135943
54598.64240573105,2.0330293610601755,0.6426327794272584
54612.86614627656,1.7856048738129902,0.8972401623130791
54612.86614627656,1.5093781128793946,0.7715470498738719
54616.88228727656,1.7925602239084402,0.8430877937127885
54618.97033815793,1.225107178168452,0.41872218189498595
54646.21500395109,3.937018392015851,0.9918259641030712
54654.85494784107,3.6922192897451076,1.1180005830714863
54663.49489173105,2.4378648123600186,0.703338764006127
54666.625797147535,2.3189873221651336,0.8143709559184603
54666.625797147535,2.584875414708738,0.6352654064308025
54666.625797147535,2.825920943074772,0.7649114077432119
54666.625797147535,1.7754892425244213,0.6774127600476887
54667.52893810032,1.8010651712916097,0.7046137742603819
54670.46577220975,1.6378245795480035,0.8032855344800586
54670.46577220975,1.3712945265686445,0.6656917642999501
54670.641938147535,2.7817452685535065,0.7778760078744529
54670.641938147535,1.1234391113416908,0.7894694657601382
54672.06252495109,2.302386694498206,1.0043669191192177
54672.06252495109,2.705660187104381,1.1014230057659176
54673.06288195109,4.1851111977700555,1.1755782180353054
54673.06288195109,3.98445591751171,1.06107384614875
54673.34575350641,3.129035876732095,0.6059607587821005
54673.34575350641,3.249180913728787,0.7015668890181945
54674.48191320975,1.785080490034093,0.7954230333269091
54677.36189450641,2.382169892673466,0.6929168105682623
54680.00885705251,2.6818435809024948,0.7662668525233175
54680.702468841075,5.095167547662401,0.9704982572689512
54680.702468841075,4.719707081983222,1.033075001548814
54681.70282584107,2.010469287223783,0.953736629336845
54681.70282584107,2.3075970783669195,1.0783313969655015
54681.734773276556,1.6753128937279937,0.8495463330871352
54687.688807176935,1.7267033561401899,0.49052280363051215
54689.34241273105,1.5626971790099216,0.7802845661156483
54689.34241273105,1.4213682336378053,0.8394439014058832
54689.608794708045,0.9907044192134924,0.7833244996078076
54690.34276973105,3.1284437197349186,0.7551515151753524
54690.34276973105,3.636131348728896,0.8220440969087554
54707.58229427656,2.0729105138271944,0.9449339915390241
54707.58229427656,2.3259396917602997,1.0313790570110484
54708.582651276556,2.8920023497106797,0.9831884170640004
54708.582651276556,3.1722035964131035,1.0964612614756184
54732.80851415793,3.0658652666363038,0.4411863788026396
54734.11161695109,4.29252720377792,1.054530739183804
54734.11161695109,4.166572394702708,1.1237786212294831
54735.49442414753,3.140912709226402,0.9492968318319711
54735.49442414753,4.040602569518462,0.8766246813142656
54736.11737395109,3.024091392731755,1.3669640967599777
54739.33439920974,3.0386689377797804,0.801538312001581
54742.214380506404,2.7833969525642743,0.9059819008086999
54742.751560841076,2.314134113260441,1.1135308156229244
54742.751560841076,2.546282660120112,1.1543174435910497
54744.757317841075,5.384584989956768,1.3096418624285673
54751.39150473105,3.5595722089415336,0.7590181383969363
54751.39150473105,3.6210515181647187,0.8019376561565187
54753.39726173105,3.4273336947633606,1.0320017378407653
54761.341945147535,2.4739560580303435,0.8715092310445258
54761.341945147535,2.525814458555306,0.9310503575731877
54761.341945147535,3.5670131178037074,0.8106818462653756
54761.341945147535,3.380713080322927,0.8715521555412742
54762.34230214753,3.252516519878232,0.9596296485086722
54762.34230214753,2.9480266318867487,0.8512620524493079
54762.34230214753,3.149075605605331,1.9927070572092462
54762.34230214753,3.3867599413447476,2.522815151464429
54762.62517370284,4.342317115551011,0.6941792559065463
54762.62517370284,4.39360614616298,0.8211323019757758
54765.18192020975,4.446056644193456,0.8875890190666009
54765.18192020975,4.526428878203424,0.8334251222337965
54766.182277209744,3.1338925628568077,0.9260279135931072
54766.182277209744,3.1255932560840396,0.8246890098414087
54766.64131470284,4.315910881968612,0.8328119822141449
54768.06190150641,2.1900470976276,0.9287452651506275
54768.06190150641,1.9310000114164696,1.148184097406805
54769.062258506405,3.701079222644724,1.5893380983533532
54769.062258506405,3.5822544607798648,1.337575288731639
54769.345130061716,3.401342211568287,0.7861147404074902
54769.345130061716,3.528859001172661,1.1786945196389342
54769.63138627656,3.9616358322467047,0.972755391920825
54769.63138627656,3.8741971453324737,0.9096604303406688
54771.63714327656,3.4300483606658654,1.2246384275203441
54773.361271061716,3.5307693650618646,0.7493402355403112
54823.391037147536,4.137902836618574,0.907059835952215
54823.391037147536,3.7214945845266314,0.8729355716611809
54823.391037147536,4.618877124187863,1.0083577879854018
54823.391037147536,4.740840399496573,0.9733053505935282
54825.396794147535,5.461095962343289,1.2508438274771294
54825.396794147535,2.6954148483917697,1.1219504732444021
54827.23101220975,6.40600345942566,2.5339093994120825
54827.23101220975,6.191968705812159,2.7239198439465175
54829.23676920975,3.9502822659254484,1.1125439131705868
54830.11099350641,3.0369808313333424,0.9692640536792578
54830.11099350641,3.070670610559394,1.0216197916656902
54831.49380070284,3.9761845306873536,1.0019134395783584
54832.11675050641,4.660327396013534,1.1235996639175239
54838.21375706171,4.684629154141146,0.8988262098705325
54857.34132170284,4.916652695968205,3.469880655164178
54857.34132170284,4.369231161317687,2.25367047382096
54858.34167870284,3.199739700927946,1.0735149575614038
54858.34167870284,3.051966355303364,0.9729681450745741
54864.061278061716,3.6697483380014644,0.9079004383442519
54864.061278061716,3.5813940081257742,0.8329186556929907
54865.06163506171,2.9834501108048883,0.9718976286325894
54865.06163506171,2.70047745971653,0.8658724327817615
54879.74441310032,3.1364607525777997,1.9882467263440726
54879.74441310032,3.0012358995449135,0.9818849120815231
54883.76055410032,3.7828917265718065,0.6685003120260797
54892.224332052516,1.7008672951090427,0.7056703151112099
54892.224332052516,1.3514702389668916,0.5801796135201788
54896.240473052516,3.4242156286023144,0.7091084165246629
54899.90428217694,3.100167206305625,1.0718507215045305
54899.90428217694,3.2210460400574297,1.9182945356264685
54901.82426970805,2.612152149692343,0.6291234186112598
54901.82426970805,2.6045058150974727,0.7646334594870138
54903.92042317694,3.576091116970943,0.44847799189075416
54905.84041070805,3.003814399496247,0.7489159939308919
54919.390413702844,1.6067328788512558,1.0257806122393736
54919.390413702844,1.9077639416906136,1.0674212113500807
54921.39617070284,4.179817216582397,1.340116354306785
54926.11037006172,4.671734197889018,1.005806587665962
54926.11037006172,4.270557781156156,0.9427645793222268
54928.116127061716,3.079445896237395,1.9165725718440205
54940.46980695109,4.00026842601033,1.4274878361857286
54941.44079495109,1.7990581912197312,0.89858668985259
54945.02398915793,2.3681691045392927,0.364912593953397
54945.02398915793,2.4601155849055036,0.4383130512911956
54948.61304010032,3.7620261706142095,0.713040248781719
54949.04013015793,2.75737437654399,0.4197670282627839
54949.109750841075,5.777365804499126,1.4269732579533112
54950.080738841076,2.987281091013827,4.40439709962645
54957.74969473105,3.0097383868322902,0.9844422722152827
54958.72068273105,2.9397525065216206,0.672405778233455
54961.09295905251,3.067942369633256,0.8573765399798197
54968.772909176936,3.429810209459701,0.5515461762250227
54970.692896708046,3.2136638044887933,0.7663326449525406
54974.46056110032,2.4149940292747436,0.7238742874520095
54974.46056110032,2.7055067699151287,0.7932923870801679
54975.46091810032,1.5466658928855264,0.7752356559630169
54975.46091810032,1.8548341039515703,0.8699331791551866
54975.98957627656,2.9521164469642143,1.532164263883465
54976.96056427656,4.6159355519401295,0.8445782258760989
54986.940480052515,3.3167749594319105,0.784746647620627
54986.940480052515,3.1650687345633006,0.7357537024789228
54987.14835895109,2.3946445027039456,0.884409958095207
54987.94083705251,3.3030225537780993,0.7331751264188332
54987.94083705251,3.534664636509489,0.823425288521972
54994.62043017694,2.6715437088475342,0.5731525378135095
54994.62043017694,2.513583686964137,0.5249761910283698
54995.62078717694,2.210802646866017,0.5991385672915545
54995.62078717694,1.7865588172974842,0.5407429954307792
54995.78830284107,2.047903589605487,0.9665872107514597
54996.54041770805,4.248467752994552,0.7663326449525406
54996.54041770805,4.07769961370912,0.8249545435132116
54997.540774708046,3.216212582687084,0.8946211475998057
54997.540774708046,2.948590871866629,0.7879972596380059
55004.42824673105,3.0994440455730388,0.6503660258704264
55013.89261615793,2.4389574459575973,0.49839171743957156
55022.66812827656,2.9213141822557915,0.7755215356427005
55025.07702895109,3.332326256672088,0.9165802340061917
55029.749227147535,4.050355399914189,1.1221581669151828
55029.749227147535,3.20870834274785,1.1403960215098259
55030.720215147536,1.1916876399237593,1.8431714104224723
55030.720215147536,2.442744983640319,0.7577088521147448
55032.073898951094,-0.2434816996709248,1.3108024286441908
55033.58920220975,2.8670043292693608,1.0933244659073338
55033.71697284107,3.5558913825639777,1.0163133736167083
55034.56019020975,1.9296194695661484,0.8578862369324823
55036.46918350641,1.804890972962193,1.1700369271750553
55036.50965310032,2.851565661618306,0.7880759980907688
55036.50965310032,3.0273178444919093,0.7407272364946839
55037.44017150641,1.0737317102994934,0.7939861482464188
55039.74013715793,2.5026930743932656,0.4445821294979826
55039.74013715793,2.6259849457934115,0.48141296396285654
55040.713842841076,4.503482081659051,1.4571441882311023
55040.74049415793,2.235996039012866,0.5185050100196801
55040.74049415793,2.056543675343587,0.458426343871304
55042.35691673105,2.572423300471142,0.6712457912669799
55045.094255951095,1.6414783651472815,1.275360599250733
55048.98957205252,3.1685068359767543,0.8788646738139003
55048.98957205252,3.1255305683085925,0.8522193878596402
55049.35378673105,1.1274662025652065,0.9697491039732636
55050.995329052515,3.565607549230565,1.0198268317654693
55053.73419984108,4.9554873148948495,1.2839406995993379
55056.66952217694,1.781011237970711,0.6236647074730801
55056.66952217694,1.6399859319269385,0.5845396743263607
55058.58950970805,2.317768267789843,0.7637838667542505
55058.58950970805,2.4001787628678874,0.7973427796984028
55060.17081495109,2.1720152882216563,1.2459166179084753
55060.59526670805,5.510112961148126,1.063265305053331
55060.59679827656,2.7673028587136788,0.8028461253033979
55062.37414373105,0.2957555476024911,0.9457760399994429
55067.59366827656,3.163261003433239,1.165517951709017
55068.81075884107,3.7330059177132338,1.3984784904687306
55076.42777914753,3.369184612657037,0.747505843456299
55076.42777914753,2.068548210222689,0.8268533861480294
55077.45070273105,2.618436116807991,0.8278440317411309
55080.267754209744,2.9652855936837232,0.7032570475872182
55080.61402527656,2.1994482044922785,1.1829063269476428
55083.147735506405,3.503037952869958,0.8304075311935017
55095.690584276555,3.8955600063399274,1.0900027221012711
55101.789229157934,2.5345608886111,0.5072729115658533
55101.789229157934,2.6288582733048553,0.5341777055366477
55103.79498615793,2.72341686959056,0.5926891021333269
55113.07335695109,4.623499364421441,0.7213775428853008
55114.35644914753,3.4098081193558425,0.8604653124142094
55114.35644914753,2.6422732238390836,0.7853192174004179
55118.196424209746,1.8015043813317817,0.7368910802979113
55121.07640550641,3.1600395789658,0.8559024992564607
55121.353319147536,1.9567167542322101,1.1122665604050546
55121.353319147536,1.2072666081705865,1.2354783754697327
55121.713300841075,3.0931587074516322,0.929711629300826
55125.19329420975,2.2528556280844985,1.0575064050985432
55125.74860370284,3.1824740866625314,1.195389881787864
55126.719591702844,3.0184507511410867,0.8196088654229449
55128.07327550641,0.2446899809665073,1.228766407177227
55130.35324473105,2.7089151001930567,0.5262474204575804
55132.468560061716,3.123384265689089,1.284242124517461
55133.43954806172,3.750461212320338,0.8099942890225414
55134.37367614754,0.9569680382462415,1.0080492127054101
55138.21365120975,1.1062408765835992,1.7424176166617473
55148.59312627656,5.25980224649038,1.9673704555702078
55149.45023514753,3.8856599640889034,1.1445462698695463
55149.45023514753,2.5354178660599302,1.134642596671192
55153.29021020974,4.158638546483898,1.4729085493565837
55156.170191506404,1.8513282362197252,1.0380094139918778
55172.42715570284,1.3243893043932902,0.8764838300619598
55179.14711206171,4.133489172105762,0.800442469576521
55202.352777147535,3.644484420518488,0.9259665229242743
55202.352777147535,3.304650807180222,0.6837626143291486
55206.19275220975,3.8493801677933694,0.6220112023380117
55209.07273350641,4.137225283436048,0.669242911652658
55210.35582570284,3.1834897110310854,0.9145697438827286
55217.075782061715,3.7614458046832606,0.8310082918037865
55217.352695702844,2.102448976898698,1.3096476232501704
55224.07265206172,2.42551400923366,1.191589475891062
55242.86784310032,3.7852992907207597,1.020004677773286
55243.83883110032,2.3700528318276124,0.6396095422386382
55245.44961170284,2.351490228311784,1.189296135576541
55252.16956806171,3.4787119490810534,1.1318906043534334
55255.347762052515,1.2096485556619587,1.0658114381704022
55256.31875005252,1.8822271446686845,0.6730083516834072
55263.02771217694,1.5737653534368192,0.7509670541295701
55263.99870017694,1.9597016878646834,0.49081478148981633
55264.94769970805,3.104066341962322,1.0399015049023388
55265.91868770805,2.338158493376163,0.6452656805337634
55268.451907951094,3.960464525306908,1.4078585152908905
55277.091851841076,3.4201221963139172,1.3845104671919752
55282.401530951094,4.438656592661714,0.7399163459526484
55282.401530951094,4.787622297458837,0.89858668985259
55285.73179573105,1.2778391796526076,1.2697990659681808
55289.54639510032,1.4811801480339915,0.6247628966534251
55291.04147484108,3.7128919641947062,0.907921512989088
55291.04147484108,3.405036731175022,0.7671238383593957
55298.35215370284,2.258357473715397,0.7180464285675615
55299.68141873105,1.6721960820219586,0.6650591941124454
55299.68141873105,1.497502044870794,0.5386206147666492
55302.02631405251,0.924715901022048,0.7314560757121067
55303.97167727656,2.412083193124614,1.3299623003943046
55305.072110061716,4.466370079799577,0.6719704980275446
55308.14741915793,2.0824036229465825,0.6838519477236888
55309.118407157934,2.5849747258573457,0.4247300485098236
55309.70626417694,2.6531491037113897,0.49519444937937446
55311.62625170805,1.6330390048192216,0.6567351824260685
55313.261571951094,2.710076784305719,0.8882267704914254
55313.261571951094,2.4301408579887775,1.1254143979707196
55317.92130027656,2.6190048584642582,0.673675337816465
55317.92130027656,3.17717170362414,0.8043365574667087
55321.90151584108,1.5065030073984556,0.9542953502679152
55321.90151584108,1.9987361476713081,0.7810918616361509
55327.47506510032,2.066298488367983,0.6460297133025141
55330.54145973105,3.2069361711330737,1.7589269034985546
55330.54145973105,3.480306432899061,1.448437058805361
55334.47193510032,1.7886260898553497,0.9305235435705156
55339.954984052514,2.2666928352280555,0.77228352999686
55341.262991951095,3.1098606198639223,0.8293388078069106
55343.279474951094,1.9097457507100692,0.9045845379037906
55346.95185405252,2.6106319053763514,1.1083579431618822
55347.63493417694,2.9877557304736326,0.5121291652189993
55348.78134127656,2.9600654185018715,0.8048333681878123
55348.78134127656,3.2993871410156217,0.6572805840200462
55349.55492170805,2.668225270054724,0.6881701135383125
55349.90293584108,2.5422039973233,0.9531779084057748
55351.91941884108,2.8239669628620057,0.9168610478862113
55354.63180417694,1.3570301884755516,0.7334483825713376
55354.82597115793,2.778010092307998,0.43543972377975143
55356.55179170805,1.6710582796103814,0.994023497333118
55357.731328147536,4.497874189629615,1.1879415083218496
55357.731328147536,3.152449420538307,1.1058106185121563
55358.54287973105,1.9245705796947448,0.5622070164183115
55360.55936273105,2.4954774983616206,0.6302595851181892
55361.57130320975,2.3904493982646056,1.100313355821244
55362.56885110032,1.7830084401744584,0.9277147187300699
55364.45128450641,2.125854410183366,1.2292216744640658
55371.25566695109,1.2254458139594622,1.5523521274334489
55371.25945795109,-0.18459373698641102,2.4700228792671317
55371.68095114754,2.160032809987844,0.7765575819743415
55371.68095114754,2.5728711553279595,0.6746393771997564
55371.68095114754,2.0042140410156764,0.6589672117822649
55371.68095114754,2.8552113359638716,0.8335757714012655
55375.04877005251,1.072984024477205,1.067100726200447
55375.52092620975,2.2515452112256398,0.6473459282759362
55375.52092620975,2.756492507505655,0.7622258062358359
55376.78276127656,2.414765971018573,0.7293181385800664
55377.29691895109,4.552615705634525,1.9580247592601037
55378.40090750641,2.0616617227391316,0.7334355990968926
55378.40090750641,1.663302846755407,0.5909369383164287
55378.79924427656,3.290444548035757,0.8242089863108523
55379.89561084107,0.9120239367397538,1.6482267466571134
55379.899401841074,0.32089719166747344,2.5751447713025883
55382.728720176936,3.6476256925003927,0.6703811649617003
55384.648707708046,1.4235294369197797,1.0016698319279882
55385.936862841074,2.760440392999322,0.8520494198820672
55388.53555473105,0.5459260700389752,1.0969610079633763
55388.53934573105,1.9920431549113857,1.8625524058370053
55392.75464115793,1.774095580968634,0.45294090044036533
55394.57680673105,2.9281526368568684,0.6766590637771974
55399.751511157934,3.127249990744426,0.6538126146495009
55402.54099214754,1.9876130475767955,0.6617340440220785
55402.54099214754,3.0799310715720463,0.6933660218337715
55402.54099214754,1.7611939426187186,0.8028424882525705
55402.54099214754,2.895065477108056,0.8734299125454504
55406.38096720975,3.551478735212945,0.6276896753930638
55406.38096720975,3.4252419111429413,0.7530528882238287
55406.775436276555,-0.20660611781239702,1.3607645651027271
55406.77922727656,3.635727999202751,2.3424625500034164
55409.26094850641,2.4395335708151222,0.7971730192542885
55409.26094850641,2.739509186113038,0.6341873305660902
55412.81668827656,1.9413550348789643,0.738260731559931
55415.47139310032,3.1689628685886717,0.522842681014395
55427.84842715793,2.18061918151958,0.6378787075405835
55427.951312052515,2.7691713568041987,0.637767812195515
55430.54241214754,3.6815845517366697,0.7701932818707544
55430.54241214754,3.680914378342699,0.7650291143084517
55432.55889514754,3.2497496876384178,0.7341328209638669
55432.55889514754,2.5123696880488344,0.7346606741036499
55434.38238720975,2.5472626157079663,0.6914632958574947
55435.63126217694,2.4137272590822114,0.3962139550753603
55436.39887020975,1.3967166136304936,0.6801063497473906
55437.26236850641,2.544472680431406,0.7206881150654134
55437.55124970805,3.835990481237946,0.5764486691799321
55439.27885150641,1.7561773732704697,0.7775965259202312
55453.730704702844,2.1752743222458504,1.2771476434564477
55460.45066106172,0.9489125688025144,1.2403037550657665
55460.53508714753,2.806233957690295,1.4813256075880783
55460.53508714753,2.7083728460482295,1.407856471358471
55460.538878147534,6.110654223605647,2.2143880692641256
55460.538878147534,3.8342787310601736,2.3076988233608766
55464.37506220974,3.1255932560840396,1.3056119970423572
55464.378853209746,3.9083489264419864,2.2294558825373674
55466.576339147534,3.064325813700245,0.6811018697007735
55466.576339147534,3.3209765999380805,0.6491903473125062
55467.255043506404,3.1388241233991243,1.2688299284190185
55467.25883450641,1.9610476523478138,2.0172893479815834
55467.680327702845,1.4330611118285503,0.7216011138574999
55467.680327702845,1.8832366131900375,0.8896869468531595
55470.416314209746,2.989746708382409,0.6298737034911607
55473.29629550641,2.943150243515918,0.674250851807882
55474.40028406172,2.2122362087331915,0.6094060806561101
55474.40028406172,2.8598495671733826,0.73023659664827
55480.75096915793,2.550756007311967,0.3766671155911227
55498.540368702845,2.8691539689636727,0.7485151596241765
55498.540368702845,2.392826140111924,0.9348822312538048
55505.26032506172,2.1251236153854833,0.783249194573684
55505.26032506172,2.478493175791013,0.6323304473265594
55526.541788702845,1.702861725334877,0.8038666877103604
55528.558271702845,3.5648566614230504,0.794726068393376
55533.26174506172,2.559970195665568,0.766055919570847
55535.27822806172,2.6024757922003587,0.8286203369422814
55556.53446370284,2.6817712729654906,1.5427334158332757
55556.53825470284,0.761733404214465,2.4481625403990193
55562.57571570284,3.043333548170656,0.6926558193537156
55563.25442006171,2.4425210237572994,1.3382099043874771
55563.258211061715,5.356599652168691,2.069401682980349
55569.295672061715,2.9834501108048883,0.7512505994295151
55570.84994410032,2.4141915078917595,1.0091706391029955
55583.32986305252,2.438426000830029,1.0434637789829584
55584.79956710032,2.742824014223908,0.6540549271323586
55584.79956710032,2.554231489222553,0.5457145404294529
55591.00981317694,1.4813835587530733,0.7611862792052059
55592.92980070805,3.435832304106409,1.0305559848419419
55597.27948605252,0.6354856196153218,0.5844772402869949
55597.27948605252,1.0652482962969358,0.7026619763744387
55604.95943617694,1.7413022491053836,0.37694341636130446
55604.95943617694,1.964373333613545,0.4648287520117713
55606.87942370805,2.3211666387208965,0.607883600292176
55606.87942370805,2.802460921831333,0.7251273974135182
55615.65960810032,0.6370079052726076,0.6745192223984635
55615.65960810032,0.9032042480085627,0.5404981514400536
55617.352981951095,3.2456300893865535,0.7780844699148336
55625.99292584108,3.3335204519980355,0.7816505825672209
55628.13952705252,1.4348441982431241,0.740051329245739
55628.13952705252,1.8104567776628553,0.5995189339708509
55634.63286973105,2.8218204982633086,0.5258607581354221
55635.81947717694,1.6799577008656392,0.39650593293466424
55635.81947717694,1.4818799211138893,0.5007420287061478
55636.129520157934,2.3851478580160084,0.6553798842011976
55637.73946470805,2.4307641012473677,0.5874933747058552
55637.73946470805,2.037487625251214,0.7204546373833197
55639.37003495109,3.612044079423531,0.7551835955375227
55639.45283895109,2.3159091155590943,1.2682722333720415
55643.66102810032,1.3845966995918078,0.6087124689937353
55645.67751110032,1.99968921358027,0.649239798834452
55647.39263995109,3.905938633932358,0.8298840667206566
55648.00997884107,2.0819855664007694,0.8123802337760825
55648.09278284107,-0.3210731581321955,1.4063005835037132
55650.079143157935,2.2783123169086785,0.40461675592971486
55650.079143157935,2.0365609885594527,0.3406199159020971
55652.87275127656,2.1206540241252494,0.6756625807008795
55656.03258384107,2.94258341652821,0.8386401175363822
55656.14094705252,3.079116199226979,0.7288774996520171
55656.64992273105,3.0340981131282696,0.5030476811280765
55656.73272673105,3.0654177612230997,0.9728424025505308
55658.15743005252,2.999180341364198,0.6880500453672638
55663.82089717694,2.3424846614120653,0.4508138147651853
55664.67252773105,2.615342818230724,0.6503660258704264
55665.74088470805,2.6822435501453192,0.6622575351890304
55665.83738017694,2.3880332074634705,0.4946104936607667
55667.75736770805,1.25407816637013,0.6435664950682366
55669.26048695109,2.5096559653802846,0.8789573689577513
55673.65370310032,1.3385720982776483,1.1516181845827425
55673.65749410032,4.379566374820774,1.8598433050665542
55674.88980427656,3.360991670432467,0.664235934115497
55674.972608276556,3.7743381903906528,1.26835777097746
55676.265847951094,2.7437737851751915,0.7688150683811601
55677.90043084107,2.5157206251905713,0.8129389547071525
55679.69495510032,2.7408177107664464,0.5862418702701692
55680.939184157935,2.294246224017596,0.34897868684447986
55680.939184157935,2.158938619387775,0.428909433981015
55682.912409276556,2.4822328669444405,0.7814832642959437
55684.905791841076,3.6195855687059817,0.7498034894962186
55686.13362205251,2.9415921426888625,1.307338062465469
55686.137413052515,2.6584644912910145,2.00527264939641
55686.54037473105,3.5363724696120293,0.5923666775466666
55692.174874052514,2.911078992644468,0.6369082868421517
55693.54573573105,2.7174216712805404,0.5382339524444907
55693.813572176936,1.6830234683883303,0.829217120423009
55693.81736317694,2.053718558560531,1.2750673115800286
55695.733559708046,2.9371213699743244,1.265468375451008
55695.73735070805,0.452487423007911,2.1116627372833032
55699.85482417694,2.784831118257438,0.4347550325034717
55701.77481170805,2.3496279952684684,0.5972636911326342
55704.244785951094,3.780529083770892,0.6777568297856611
55704.78025627656,3.9914444755129193,0.7442224602131745
55706.63240214754,3.1788461688696623,0.63814642868219
55706.63240214754,2.0867578695034483,0.6285320571443157
55708.940604157935,2.3702587972748894,0.43099912671661067
55710.47237720975,3.6375294422779643,0.5661000830267297
55710.957087157934,2.8691729378983597,0.43961910925094283
55711.78561727656,3.124509767187159,1.3195292752511294
55712.88472984108,2.4843205088644265,0.7464511639097979
55713.35235850641,2.348935380734252,0.663324436923757
55721.52467373105,2.662902283856207,0.5216074725916796
55728.64945514753,3.6441312624686404,0.6655161400703652
55728.64945514753,3.2382212199725284,0.6898635051268494
55728.73225914753,3.4503450250249017,1.150541073055809
55728.73225914753,2.116949384045988,1.159611456183212
55732.489430209745,3.5676405431388627,0.6272528697734439
55732.57223420974,1.8834491155723798,1.1828696179293086
55735.369411506406,2.5750211153782727,0.605505491495262
55735.452215506404,0.9025512104482019,1.0703333913574145
55736.67206014753,2.8491123793134134,0.6995474179661972
55736.67206014753,2.0285068026321635,0.7471451038596595
55738.93327915793,1.6079911296479716,0.7468039413835088
55738.93707015793,2.7396119882914274,1.1733624710369788
55739.76455527656,3.546798880125209,0.6726817163742579
55740.512035209744,3.1037529751030704,0.724223717328949
55743.392016506405,2.7607701684083983,0.6983800180103248
55744.97453115793,2.6813618032866966,0.40540039070556316
55758.53990714753,3.0179890931672295,0.7183348813457906
55758.53990714753,3.2575890456512235,0.70554222115246
55762.379882209745,2.60928901369392,0.6303105091107796
55765.259863506406,2.7845806475100545,0.70611956188658
55765.545268147536,3.1819622977629853,0.6663454310884344
55765.545268147536,2.1511375147624454,0.6174991025472507
55769.38524320975,2.651659158797001,0.6442882889386006
55772.26522450641,2.8550787868770016,0.5722709795560484
55793.52420614754,2.678537171728907,0.6137756185319767
55793.52420614754,2.1590123089162363,0.6093362061683214
55797.36418120975,3.1216620055074653,0.6381730102639286
55800.24416250641,2.266076734529637,0.5658972375403087
55802.631778702846,2.8483336694083192,0.6860542609581156
55809.35173506172,1.696820031425922,0.7717870112384593
55824.64883170284,2.7945055778749666,0.7068745605134692
55824.73163570284,3.421653625456959,1.224842988475925
55831.368788061714,2.163330893169565,0.6648066334430293
55831.45159206171,2.5335594148973213,1.1314130133811324
55832.67143670284,2.1245692756457997,0.8109760582902374
55839.39139306171,3.8856194574815284,0.6882085910857796
55854.53928370284,2.526177619703043,0.7820307637864531
55861.259240061714,3.135801630968916,0.7374004612327855
55861.544644702844,2.9087633193372726,0.6703120832455307
55868.26460106172,2.49549541440493,0.6500013133016974
55889.523582702845,2.6802478364126596,0.6525386567958391
55896.24353906172,2.655679426514694,0.5955559424593799
55919.75101810032,3.173777996886579,0.8667230936232487
55932.23093705252,2.244817914984962,0.58318795225695
55939.91088717694,3.5375500395428316,0.6519865598255561
55941.76807110032,2.626859674382649,0.5593574039401892
55941.83087470805,2.633391968011427,0.5424649598693982
55941.85087510032,2.8018093358732683,0.9638281809643718
55945.44001995109,3.0858692276591206,0.7840823179660343
55949.79067610032,3.1300405815139243,0.6018910372383671
55954.079963841075,3.9352628947606494,0.7095755824591641
55954.247990052514,2.811374051654333,0.6240154065417033
55954.33079405251,3.185267580367338,1.0705388276138996
55961.92794017694,2.756801243764266,0.3967979107939681
55962.010744176936,3.306595552833466,0.663373696338407
55962.27059505251,1.574087305487967,0.6373380495188332
55962.71990773105,2.7928208241014287,0.5776735093046474
55963.84792770805,2.712404092158418,0.5998124693309241
55963.930731708046,4.205563319990004,1.102346570760445
55969.95054517694,1.8172164925243912,0.4297914088953061
55971.65852310032,2.756065617043152,0.6231578538874561
55971.870532708046,1.611841666136777,0.6597087569907403
55975.39645095109,4.355231978858653,0.7366447924701754
55978.66388410032,3.075870388162471,0.5858406095786773
55980.95978927656,3.9705784252265683,0.7357766779544136
55984.036394841074,3.3715134753108087,0.720191280149498
55984.138442052514,2.3988706440682526,0.6231558811883401
55985.030594157935,2.4598543733135543,0.3698756142004368
55991.14380305252,3.197730697991104,0.5694355466031383
55991.81839217694,2.8814757896870216,0.4674565527455062
55992.67633873105,3.4273336947633606,0.5065276420275021
55993.73837970805,2.7387414668740817,0.609157989391321
55998.82375317694,2.415771104097338,0.38891450859276344
56000.74374070805,2.8738267113834546,0.6151051385206645
56006.64282210032,2.9647211766191193,0.5096010781951509
56007.04764715793,3.0804931157854734,0.3732713648957798
56007.13045115793,1.4641157848022086,0.6376174959486344
56010.91622027656,1.3821945682768764,0.5971664867665126
56015.07025215793,2.693116324924423,0.37614469240722376
56019.12274105252,2.139697964268639,0.5591212423627796
56026.80269117694,2.432121864218355,0.34920551972743624
56028.72267870805,1.8132376234383276,0.5751742800807871
56034.719440147535,2.6847508527568156,0.6213404655490999
56034.719440147535,4.537710095271635,0.6225372539580529
56036.93809915793,3.241660668018291,0.38737679086105065
56038.55941520975,3.3265238411089593,0.6124014787063851
56041.43939650641,2.6564229062650035,0.6082370952162933
56043.943460157934,2.8516717612377454,0.3542029186834691
56064.39217295109,3.94574253463578,0.726284873109011
56064.675871147534,2.4634883438503046,0.6434283028097326
56064.675871147534,2.2247766843994814,0.5921020993201036
56068.515846209746,3.4680488618656415,0.533339661555275
56071.39582750641,4.103080236923158,0.6350978651397668
56071.922398157934,2.963731534184064,0.3333059913275122
56073.032116841074,4.442022779241327,0.7816505825672209
56078.848420564915,3.7191486309650283,0.20123439690723824
56081.67206073105,2.8314870563172683,0.5285673943905308
56099.91194227656,3.418124903359379,0.646847558876871
56103.782629615525,3.3795339765385197,0.3263873916907445
56109.53667785797,3.9408020221194793,0.2109650898342577
56116.24973414083,3.373365080956501,0.2590947125829188
56122.003782383275,3.740828754268753,0.20994950512952945
56123.92179846409,3.7328373257694185,0.2752347551043369
56126.79882258532,3.342855566381031,0.17252348235121934
56127.75783062573,3.3705066899673906,0.2575374914975333
56130.71881670284,3.0326694923008404,0.6850386365895618
56137.34791102981,3.1875648927466402,0.2957489156731198
56137.438773061716,2.9251840121841637,0.6394943119110749
56148.11507695109,2.3733248791764963,0.7181059894028278
56153.65104771675,3.5837250246618737,0.21649179611121916
56153.671593147534,2.970932396394577,0.6535118806895865
56153.671593147534,2.6317269816183275,0.613314479825341
56155.130079951094,4.130585306395505,1.202841163722581
56156.755020841076,2.2845777760068264,0.7542732569447808
56157.511568209746,3.745857235943573,0.5883771696273186
56158.44608791878,3.382144641966323,0.14348307768602256
56160.39154950641,3.7056318955131102,0.6619586350632414
56160.67524770284,3.7563018548954474,0.7002730021178694
56162.28212008042,3.1160306178746042,0.248845389715075
56163.770023841076,2.72062593945126,1.2912040717032507
56164.82064756491,3.9726236009557123,0.13972034931193808
56164.82649056491,3.049397693997774,0.1310651064342074
56164.82912556492,3.6202315695052505,0.13518665066169822
56165.39496473105,2.692675282662403,0.5479005104984508
56166.10334195109,3.5869621693912386,0.7649982559849418
56166.11815224205,3.49762340446566,0.24382324108534947
56167.395204061715,2.7430785744457813,0.6175251271852277
56172.40996773105,3.1404302517218294,0.7737113066389555
56174.743285841076,1.5294105655723333,0.6989598847688301
56183.38322973105,3.3565744898083736,0.5231541218803133
56183.63484627656,4.457452931908085,0.6547965304145288
56189.754856615524,3.4796830252967457,0.19291005293592794
56189.76069961552,3.384459339592203,0.19750705845269903
56189.76333461553,3.648787156806538,0.18979065633526188
56190.64984927656,1.4567161764424146,1.063174943161678
56195.50890485797,3.4954181154508612,0.13776103283393695
56195.51474785797,3.308262112116708,0.14972480266732258
56195.51738285797,3.8069499437855594,0.13610268850059634
56201.62311127656,3.7003133929462173,0.6334336694070745
56202.22196114083,3.3231429448196526,0.15671881968857465
56202.22780414083,3.460931882425877,0.1590367644333521
56202.23043914083,3.342459151026133,0.15349945198749462
56202.56045777756,3.167401206656945,0.1546742200691818
56207.976009383274,3.264463573886591,0.13778617574440552
56207.98185238327,3.5435241829891835,0.12819346730650397
56207.98448738328,3.5587853100494824,0.12993759611339517
56209.89402546409,3.7225564117580507,0.16155722017863958
56209.89986846409,2.9764557949330603,0.18079721639991395
56209.902503464094,3.514000727527443,0.17125065338935797
56212.77104958532,3.5127718673939565,0.12577402387147257
56212.776892585316,3.2925099957105335,0.12298703692364153
56212.77952758532,3.5631174380644524,0.10950161620832986
56213.730057625726,3.208625981026084,0.14957242363337256
56213.735900625725,3.060123843071662,0.16121178039196238
56213.73853562573,3.6086452535339406,0.167767280175536
56215.027562302865,3.6603986045065025,0.28281961254233523
56223.320138029805,3.5118698657797545,0.1711928463842948
56223.325981029804,3.0268473839868664,0.16272647761927114
56223.32861602981,3.575008887078238,0.18109419290610246
56223.658634666535,3.2201111266428457,0.21822052512645476
56233.248715070615,2.881526612731771,0.20119512819090926
56237.394497147536,2.9107666243905923,0.6100865088788914
56237.394497147536,3.507282705527764,0.6568730733162046
56239.00276331306,3.8385401684479055,0.2785730837773092
56239.623274716745,3.623861144165639,0.14728739611836314
56239.629117716744,3.5399401670214026,0.1573822382965829
56239.63175271675,3.5022365396087745,0.14169266430874738
56239.96177135347,3.5025043010153913,0.17560529526972227
56241.23447220975,3.3055571713672283,1.925875976901891
56242.51392056492,3.6501127651545575,0.152291059205785
56244.11445350641,2.6529628748850307,0.5918474728901058
56244.409500147536,2.5315261520534795,1.0500128350092495
56244.409500147536,3.1505161167310254,1.0040362546083215
56244.41831491878,3.2395862672514246,0.10033027236691795
56244.42415791878,3.384456399394132,0.10048438952877196
56244.426792918784,3.4707620100323417,0.10117791675711472
56247.83805610032,2.2865906079972254,0.5685863998445108
56248.24947520975,3.333949536642489,0.9260279135931072
56248.254347080416,3.403851791520956,0.15038656323021884
56248.260190080415,3.461416026250226,0.13875379079534544
56248.26282508042,3.734846141214261,0.1597407513737253
56249.67096970284,2.7152868771277667,0.7007808143021458
56251.12945650641,2.37443034879721,2.2840759780689694
56252.09037924205,3.308233952799571,0.13896921354041525
56252.09622224205,3.018505718793832,0.1471217396055118
56252.098857242054,3.4951149349071686,0.15640307697192932
56255.3059,2.592235530240961,0.20428886387060036
56255.382762147536,2.587276266584894,0.6890444884566912
56255.382762147536,2.4154575395933,0.6050139831059005
56256.390926061715,4.392343479092918,0.6552548139970087
56257.22391608082,3.2237915164458295,0.1502174818994418
56259.141932161634,2.7402777979943513,0.2210550417464044
56259.22273720975,3.58336554544516,0.5464438301438571
56260.10094020204,2.751759990579928,0.2996307002860131
56260.317975052516,1.7558769177242892,0.5311866683784747
56262.10271850641,1.9132445872297668,0.6196187773872568
56262.97796432327,3.7710965424797553,0.1627451875553318
56264.89598040408,3.014518177418145,0.19308961377559955
56267.44812961553,3.7013243627124934,0.19767123722115512
56267.99792517694,3.1667381582269085,0.40088560082422237
56269.69102060612,3.510726433536081,0.18614620539871568
56269.69102060612,3.194244506538734,0.16434727877586455
56269.91791270805,1.911960298985429,0.5713511127833516
56270.65002864653,2.903521407396565,0.21615364086341662
56271.60903668694,3.217600431909049,0.22845878074633394
56271.60903668694,3.410983531255763,0.18320081580643532
56273.20217785797,3.3888102654503944,0.16962493466740988
56274.486060808165,3.9251310343843,0.2245022153044767
56277.79448710032,1.9407038919309105,0.5096010781951509
56279.2811010102,3.6850062492413302,0.17933992410165442
56279.91523414083,3.171188789328676,0.16032451151378424
56283.117133171836,3.4564286987879482,0.1688531517276845
56283.117133171836,2.723772001674532,0.3454517264797809
56283.117133171836,3.6227990279289743,0.22578689206827376
56283.117133171836,3.566172978392146,0.3040276219426765
56284.076141212245,3.809722053080451,0.3307546116176793
56285.03514925265,3.5923950189051865,0.39039593154926816
56285.66928238328,3.5010110433212107,0.14628880367800018
56287.587298464096,3.873832717925322,0.1913718708116067
56288.53268477756,3.2324619702313626,0.10920913885705875
56288.53852777756,3.4748907678360395,0.09666170588199244
56288.54116277756,3.302944464103649,0.1008441835403478
56288.87118141428,3.249275258155386,0.19138911473462605
56288.87118141428,3.5495820664930244,0.1531581433029242
56290.274406052515,2.2637274727589523,0.548806938122421
56290.46432258532,3.635938709927135,0.1313479977671346
56291.42333062573,3.5511173982903355,0.17579442276766685
56291.74820553551,3.263271423499341,0.22591580372632875
56293.666221616324,3.0401400379286043,0.29787848904843967
56296.54324573755,3.598376103159813,0.15566009315839344
56297.50225377796,2.9953581265693128,0.2812699021258063
56297.95435617694,2.7970941883482006,0.3979658222311836
56299.87434370805,2.3899836500747274,0.5093308432916276
56300.99978930286,3.3836412949357175,0.16829480205804384
56301.00563230286,3.6076829264930206,0.15946492599078546
56301.00826730287,3.4192243775948183,0.1659225965474371
56301.01341102981,3.1775200484491544,0.17449329522489745
56303.2563020204,4.310410831496688,0.3556472939970948
56308.05134222245,3.6535040121955085,0.1938360644820555
56309.630861666534,3.446556311796093,0.1282833336646462
56309.63670466653,3.0598904767702653,0.12860377496439135
56309.63933966654,3.5362798757247385,0.1355466697922032
56311.52514656491,3.175104792936243,0.1622858039574502
56312.525194564914,3.4059112696757277,0.19154876797263476
56312.55009756491,3.203955602528678,0.18330567951765328
56313.11763215793,2.834170584577132,0.3565538230110143
56313.80539046489,3.471217255957045,0.2887244153439286
56314.7643985053,3.2272191254212403,0.3080238188273854
56317.31654771675,3.437775499193636,0.17684217502568128
56318.450727951094,2.9228913383405892,0.7944422373271989
56319.22094207061,3.556059753034977,0.13713036368801437
56319.22678507061,3.3792198245724423,0.12315259688738288
56319.22942007062,3.598416622127801,0.13458895154244507
56322.111587918786,3.5878910530413393,0.1182849217229026
56324.442024951095,4.318699631637704,1.05016866787384
56324.97499031306,3.403643347744059,0.1700730522202671
56324.98083331306,3.346852697617784,0.1890530852887855
56324.98346831306,3.668168218069079,0.17784440434281007
56325.93399835347,3.3357746630880687,0.10327283543259529
56325.939841353465,3.390521708377637,0.10111613364846075
56325.94247635347,3.480107782487841,0.10169678412880467
56325.94762008042,3.542965358783359,0.15266514752158578
56327.09067184108,2.9088925443846776,0.8604302338481203
56329.783652242055,3.5590809086486948,0.16179628652268563
56333.08196884108,3.8073158015455713,0.9973168619603212
56333.393873702844,4.26665310009375,0.7139839310933461
56335.73061573105,1.63453517184373,0.5618203540961532
56336.45935561552,3.724309390296349,0.24068607455665567
56337.459403615525,3.5043098405651625,0.2687606439626501
56337.48430661552,3.8901299464370185,0.29782028597938154
56340.11383006172,3.5431867303416915,0.5788402584288445
56341.278127,3.1461881089451973,0.12064302984484272
56341.28397,3.3733991484863166,0.11843124096435395
56341.286605,3.3321794466226624,0.13431590656059159
56341.72191273105,3.9021550263738742,0.7319517758458485
56342.21340385797,3.324845555450114,0.179338094334119
56343.07406315793,2.8950328855013563,0.3272981247126746
56343.196143080815,3.4595198450715987,0.10940009345283193
56343.201986080814,3.166045986279114,0.10702698947337796
56343.20462108082,3.4278784586788786,0.09880022901127049
56343.21345185797,2.987254030448635,0.18976197300083134
56343.23835485797,3.5392457871177196,0.1884589881674924
56345.11415916163,3.37779958863785,0.14946739933336367
56345.12000216163,3.337435080477926,0.13771420431032713
56345.122637161636,3.511952218698772,0.1482802079168952
56346.07316720204,3.59907045919989,0.18432217614161034
56346.07901020204,3.1975624631084747,0.17989272849789725
56346.081645202044,3.4790467165960504,0.19203798816614284
56347.12883306172,4.354613792281136,1.1237715578243161
56348.436906951094,3.0492278286554226,0.7906254249309802
56348.92646014083,3.1802030188917003,0.1996007974669603
56348.95019132327,3.78965742441971,0.11220896809154553
56348.956034323266,3.1763046439493827,0.10621886528365099
56348.95866932327,3.5964555169538173,0.11482436509217553
56349.92650814083,3.023097875078996,0.21492498772410112
56349.95141114083,3.084909734939732,0.23514261688688357
56350.86820740408,3.2803298535248144,0.12157122695897489
56350.874050404076,3.2903604828118596,0.12708807306684905
56350.87668540408,3.492979194410151,0.12809113599555358
56351.382138702844,2.552380728411732,0.7007808143021458
56351.44098895109,2.8257261999111405,0.7399163459526484
56351.827215444486,3.460676738083465,0.09825782696735921
56351.827215444486,2.4474271927717544,0.6397018904763796
56351.833058444485,3.417644399435603,0.19388307485232964
56351.833058444485,3.758498791182621,0.10412046580789378
56351.83569344449,3.483394656416128,0.18490255194767252
56351.83569344449,3.649844551338048,0.09145716591233913
56353.97049727656,3.911457949415242,0.6721849056531544
56354.68050838327,3.1227531083266804,0.1539193672081493
56355.66324760612,3.2285183540962645,0.11126461243676282
56355.66324760612,3.440380483821449,0.12833626467169207
56355.66909060612,3.574600619677179,0.11569513419419966
56355.66909060612,2.968701872273347,0.11246333242839063
56355.671725606124,3.3023941978427507,0.1259012125661856
56355.671725606124,3.7116960099073006,0.09830742616501359
56355.680556383275,3.1183927863094514,0.18662178233735952
56355.70545938327,3.2949858280071878,0.18880194334597353
56356.59852446409,3.1615122471376846,0.22177400224522342
56356.62225564653,3.2018134317880795,0.1342314109761817
56356.62809864653,3.010517459623957,0.13801409969129158
56356.63073364653,3.4395824367378376,0.13531217918049887
56357.07685084108,1.4316344026350478,0.8246720942596271
56357.58126368694,3.2831682305475587,0.16019113157565104
56357.58126368694,3.264264870737967,0.1032248581369469
56357.58126368694,3.4668437461261608,0.12661648703956915
56357.58710668694,3.6122928668506624,0.1628909821078249
56357.58710668694,3.226314555246443,0.0936613786330827
56357.58710668694,3.276505236197396,0.12920260809838377
56357.58974168694,3.2599540614209825,0.11875467902077237
56357.58974168694,3.5974686407535534,0.09130845907260818
56357.58974168694,3.819281407650661,0.14746326478111707
56357.59857246409,3.1952923931750368,0.2349923202598394
56357.62347546409,3.433222117438124,0.24688880647299377
56358.10209506172,2.656873403945447,0.7842043765182861
56359.47554858532,3.3671293236685926,0.15247515688778948
56359.96179427656,2.6979977631197283,0.8634570332780357
56360.080932841076,2.167805101413153,0.8548430245374182
56360.434556625725,3.382547403855587,0.2038894218401249
56360.45562495109,5.603874891335856,2.2459214657177298
56360.458287808164,3.156421761512684,0.1464091747059135
56360.46413080816,3.3214070585519018,0.15985242113133127
56360.46676580817,3.499835602016539,0.13614342289013992
56360.47559658532,3.6305445416410107,0.15715010273576419
56360.500499585316,3.250255677469225,0.16227456260758255
56361.43460462573,3.3129788347237854,0.226900563937567
56361.459507625725,3.7611609627844285,0.2305127781040259
56365.2533280102,3.352768094012319,0.11366493992847795
56365.2591710102,3.6334964577329565,0.10310543266926135
56365.2618060102,3.478967083207836,0.10765546425250104
56365.71679473105,2.263093442744423,0.5096209406047694
56366.22595777756,3.469469037538171,0.10936404543699785
56366.79020910032,3.3768159067816548,0.5156199885675345
56368.72087673105,2.776581006570776,0.5680069512506875
56369.089360171834,3.5791186522126646,0.1013295442673193
56369.089360171834,2.989790250729822,0.19103378028214174
56369.089360171834,3.5100268423094825,0.1438148517685138
56369.089360171834,3.1551482692584196,0.2081478169195431
56369.09520317183,3.083190182760436,0.14672510171998457
56369.09520317183,3.6146804356706586,0.2773485204394948
56369.09520317183,3.312968854959843,0.19762644453944825
56369.09520317183,3.463489991071385,0.11509906422002121
56369.095568841076,-0.8289504844750137,2.3226029104588544
56369.09783817184,3.4021050732757736,0.14599753923211686
56369.09783817184,3.711695350227683,0.2927567715750223
56369.09783817184,3.7503549900860085,0.10574285194446735
56369.09783817184,3.66718839175637,0.22936591788606772
56370.024637029805,3.3669371123446012,0.20233186370650114
56370.04836821224,3.128948740915731,0.23312812704345806
56370.05421121224,4.198268931486215,0.5482102595321653
56370.05684621225,4.093785737293068,0.6789775072645252
56371.00737625265,3.417827732440066,0.24419582913473037
56371.01321925265,3.30673945923499,0.23784792780872602
56371.015854252655,3.848294791109737,0.23090491073340874
56371.024685029806,3.2707936026400946,0.2535605696236791
56371.049588029804,3.3927667119667086,0.2631749205941297
56374.84340841428,3.445124301602167,0.12032112025616562
56374.84340841428,3.510687089995397,0.10765835947551022
56374.84925141428,3.1988586727136408,0.1134373172439273
56374.84925141428,3.513622559919746,0.095109225548917
56374.85188641428,3.6516383919693176,0.12962879756848789
56374.85188641428,3.3448330392696617,0.09789792197704883
56377.720432535505,3.1332565206156566,0.14790686199611816
56377.726275535504,3.5328436074600083,0.15291661054759959
56377.72891053551,3.6998352258427225,0.14838398090578306
56377.73551273105,2.8349670172166945,1.6235950907431156
56378.38476395109,2.7027157889701545,0.6439507771334398
56378.69306230287,3.8185456385469507,0.16249607747656059
56379.270128052514,3.466762133593795,0.5904939177605374
56379.63844861632,3.465680736569232,0.18210849426674688
56379.64429161632,3.4843070971157912,0.16577460886437936
56379.646926616326,3.1103470892194816,0.178096662764411
56381.357085951095,4.019897746905168,0.6799378654406425
56382.51547273755,3.4483129596772555,0.10723431118050869
56382.52131573755,3.2268684290246163,0.10788323288205488
56382.52395073755,3.775207266831151,0.10707208075512205
56383.47448077796,3.5938047268369857,0.17019237461270895
56383.480323777956,2.696134826435477,0.18945943588961942
56383.48295877796,3.519363808267105,0.16975448685641553
56383.95667627656,2.8482830062535642,0.6925541452184014
56386.327773716745,3.2249324412191225,0.18936950929503835
56386.95007817694,2.943083118000139,0.3962139550753603
56386.96075827656,2.4231620722052245,0.7019935489193697
56387.024707841076,3.5246030104240464,0.7319244197019725
56387.32413466654,3.4529651377909962,0.13928515162256339
56387.327821716746,3.572778810251756,0.19508586570921096
56387.352724716744,3.5946712390719915,0.197761607009462
56388.87006570805,3.572191937714927,0.5390665889383448
56389.2285290204,3.679653606672181,0.21809232858338878
56389.2343720204,3.4088199960130705,0.22824858898310543
56389.237007020405,3.697471607373437,0.5411326812971828
56389.99702984108,3.356428010171914,0.6570558149385646
56390.18753706081,3.029164782758011,0.14677223938021666
56390.19338006081,3.4165895921396086,0.19528456333756444
56390.196015060814,3.7051930008673484,0.22302193374836285
56391.12281391878,3.439938577661552,0.12884194730989781
56391.34465895109,2.7402296022358454,2.2153869665479817
56392.12286191878,3.666490805586851,0.14124837883914035
56392.14776491878,3.4291503763317763,0.13300311067995432
56394.023569222445,4.03067928222943,0.1268518714783897
56394.029412222444,3.7700369376069327,0.1107507573566586
56394.03204722245,4.137427000163559,0.12462796068809534
56394.958846080415,3.4290361442150115,0.1812074139081822
56395.66465173105,3.7443967989332485,0.4902878244968494
56395.95889408042,3.463814536030613,0.22282155859788402
56395.983797080415,3.8655649242453123,0.22450051544415442
56396.91421507062,3.4512265020302415,0.14740190444302403
56398.63697373105,4.6356534515083565,0.5378472901223325
56398.79487824205,2.8905737713107778,0.1819894664685402
56399.77761746489,3.0662053236998883,0.17351079370562342
56399.78346046489,2.928133074066764,0.19544894003621932
56399.78609546489,3.9145825908900704,0.46392275876729017
56399.79492624205,2.8893195365315316,0.2144741472510019
56399.81982924205,3.740944951639311,0.21560295855232292
56399.984602841076,2.890398881566253,1.069391862068378
56400.7366255053,3.497324329114732,0.3826490385657795
56400.7424685053,3.343225847520368,0.2046566351062223
56400.7451035053,3.4592325696194965,0.2107166877531917
56402.66826331306,3.291556538284305,0.211171549022177
56403.62727135347,3.2934701280915837,0.10277513502087193
56407.73014814754,4.058998466668348,0.7505062964862775
56407.73014814754,2.6991500719155184,0.6774127600476887
56408.62454673105,5.304579268842385,0.7021787770396518
56411.57012320975,1.6852704059510621,0.6193903686202953
56413.72144514754,2.0535558826256857,0.8434226944365029
56413.72144514754,3.9024629243429967,0.9358520613254991
56413.90453327656,3.1915792145361435,0.642376262386939
56414.45010450641,4.167728191654231,0.7284276589416686
56416.87685527656,3.377883234949989,0.6398922087814212
56417.56142020975,2.124434775916397,0.7665938624320296
56418.9714,3.369377714158156,0.13160143838908261
56420.44140150641,1.8768232042826831,0.8722921215826481
56420.88941608082,3.3843715523888873,0.11644030192521237
56422.80743216164,3.425287245296583,0.16739398972203554
56423.766440202045,3.2047067335015598,0.18217889502368464
56426.64346432327,3.594768164050185,0.12579215896578524
56426.86442827656,4.484777521568782,0.9141317268306016
56428.56148040408,3.174005183082147,0.13481165761787314
56429.52048844449,3.0343685111832723,0.20799532513107657
56429.52048844449,3.664696569734068,0.10458947691513654
56432.06978515793,2.8315584686576365,0.35341928390762073
56433.29306895109,1.6349352581823346,0.8467870930467671
56433.356520606125,3.506888872063522,0.11368886019083205
56433.356520606125,3.416931833916573,0.13203393638746103
56434.31552864653,3.0526674195923222,0.14049986656122088
56435.23718377756,3.2014806542435448,0.12392526395127236
56435.27453668694,3.4181607571562536,0.17973290685614793
56435.27453668694,3.2232785300071205,0.10390796381579434
56435.27453668694,3.7109735740782703,0.1479261245642025
56435.843776564914,4.011778271116875,0.3266323800286458
56436.23723177756,3.1526850815627308,0.1455347318527755
56436.26213477756,3.2975227338057804,0.14537982527283638
56437.71632714754,3.494798275771755,0.6645557993199029
56437.71632714754,3.388091299629096,0.7087701920989092
56438.15156080817,3.3776242708763764,0.169507116291404
56440.720409147536,4.016263303272777,0.7015289182127005
56440.720409147536,3.542111627645385,0.6608117666088068
56441.13955595109,3.501901778846939,0.7333732389877019
56441.55630220975,2.712375139924097,0.6263792585342056
56441.93301284107,2.487449346078419,0.8386401175363822
56442.946601010204,3.4308912778000202,0.10662526842233347
56444.43628350641,3.632789129618942,0.6246267175424808
56444.56038420975,2.149332696234703,0.6556452350487048
56446.78263317184,3.1253377141814846,0.22375451928335044
56446.78263317184,3.25658126576164,0.18889374540220735
56446.78263317184,3.3257110120496662,0.1697645805024615
56446.78263317184,3.588827929102389,0.11924757343654038
56447.44036550641,4.303853110418956,0.6883641376998769
56447.70428830286,3.388912862737066,0.19728842496545937
56447.74164121225,3.235064485018146,0.2225165526332166
56448.13137495109,5.326338104239396,0.9389358494697573
56448.700649252656,3.423778889933195,0.2578834913689273
56448.704336302864,2.8340803516451594,0.23418939957489732
56448.72923930286,3.3217003732698753,0.2529034652696837
56449.735045147536,7.421151434036817,1.897153152538249
56449.735045147536,3.1556773914847565,1.9981140158520323
56449.779499841075,3.589973359359261,0.7743872104633083
56450.51311310032,3.029324147949371,0.5220401596314105
56450.57295673105,2.6079962341097147,1.7403671120349518
56452.53668141428,3.444639016697538,0.10296160759655136
56452.53668141428,3.316174188837703,0.12924097768047443
56453.57502020975,0.225203941811289,1.9800398737346958
56455.41370553551,3.1475700879056037,0.15899987664582702
56456.33536066653,3.4059670804950395,0.15188917607920638
56456.45500150641,3.72748472528136,1.7495921833205201
56456.77131884107,2.6699734172822973,1.0615697690333952
56457.33172161633,3.1218094649404424,0.1709326779388111
56457.335408666535,3.2318606409668353,0.18735134658433758
56457.36031166653,3.60784509933449,0.19034213204862574
56457.52811610032,4.089454894871881,0.8911999958042756
56458.41944373105,3.4288803440519944,0.5123275768598782
56460.20874573755,3.4150557224730127,0.12102389733836531
56460.777985615525,3.615951403115316,0.5770883711232228
56461.16775377796,3.2756062905971017,0.18887558554789483
56462.993032052516,3.748686449496933,0.5492367007991025
56465.411262731046,3.590891857036363,0.7130053220600869
56465.92544107061,2.991654472373111,0.15841469040715792
56466.53203385797,3.97989156711965,0.38473588533501907
56466.921802020406,3.4426741973454593,0.22860494899713057
56466.925489070614,3.427930224029188,0.18954698919038293
56466.95039207061,3.15472841838048,0.184146488381048
56467.664184147536,2.5805538813316575,0.5651605316470562
56467.664184147536,2.8053964299243592,0.5907186832001968
56467.880810060815,3.360441069040826,0.1742850156986198
56468.50137810032,2.175842657145366,0.536084283833639
56468.81283827656,4.276613829426379,0.7293181385800664
56470.00803505252,4.286319558025632,0.9820077162174872
56470.63650614754,3.143687785112231,0.5505996157228997
56470.63650614754,2.6040822297179833,0.5867681985324572
56470.67298217694,3.0061503356097763,0.3725637484717463
56471.50415920975,3.108121031299264,0.598860504498184
56471.67948931306,3.364786587131345,0.22043739193751666
56471.71684222245,3.5343023938357314,0.12249300632941276
56472.59296970805,3.003814399496247,0.5658287600203903
56472.638497353466,3.418724731708627,0.12036054956843033
56472.67953731306,2.6832987856160404,0.24091191579883164
56472.70444031306,3.500785249275846,0.24046356856099274
56473.24509014083,3.5871310963082124,0.46371772366356384
56473.63854535347,3.215497063588259,0.14350361871356612
56473.663448353465,3.3780791980845537,0.15503367825182376
56474.38414050641,2.694801938545493,0.5485970806404442
56474.47648120975,1.9801141991941504,0.5923084202038931
56476.65932527656,2.6530860739319646,0.6617518805099791
56477.35646250641,3.0395303281396373,0.5745473159902411
56477.470890464894,3.2058117094400433,0.21585295025978082
56477.68798517694,2.47767041026976,0.6514026041069484
56478.4298985053,3.3640031708814053,0.2399780848199866
56478.999138383275,3.4606780646618516,0.332474553813637
56479.60797270805,2.1153952788456127,0.9099138167895465
56480.624079147536,2.1809223933984363,0.8886142876867912
56480.624079147536,4.206890942239541,0.9329710390741123
56480.91715446409,3.4963763035079554,0.5284389801843137
56480.981297052516,3.135844872548952,0.5423604979721968
56483.651144276555,3.591511845024531,0.9379786414435739
56483.79417858532,3.7653987487941265,0.30692817548049134
56484.46405420975,2.490914690777066,0.8168265086882597
56484.75318662573,3.8039723899424596,0.4713270558679531
56487.34403550641,3.219087746068759,0.844520817085497
56487.982626,3.3160937093100165,0.15261343275372605
56488.66124717694,2.639718122183412,0.40526526871378055
56488.982674,3.1200487858121475,0.18247258264032462
56489.007577,3.2507454014773938,0.18146722405828428
56489.900642080815,3.4152219041217897,0.1387474793320805
56490.58123470805,1.6484166332822383,0.5254731052141313
56490.900690080816,3.42708742401906,0.13930120359395312
56490.925593080814,3.7142330055330017,0.14357279075697044
56491.74834856491,3.8541292044153526,0.1931973856636312
56491.75667456492,3.7170878588512837,0.1939186559034421
56491.81865816163,3.397981842717811,0.17974078045330613
56492.77766620204,3.13040632141347,0.2124706014903679
56492.81870616163,3.4965187302846834,0.20953928500666152
56492.84360916163,3.680533399837276,0.20324717049937932
56493.77771420204,3.0103825788096295,0.2610516401633505
56493.80261720204,3.2904379782185886,0.27476863931807494
56494.343267029806,3.5592241317536173,0.4749776374954033
56495.65469032327,3.566926841140252,0.14114707038883884
56496.65473832327,3.5306487537121587,0.15835807000588792
56496.679641323266,3.863900952179531,0.1505118790039979
56497.57270640408,3.5892732355657744,0.16690967133641435
56498.531714444485,2.4955371369038453,0.2572278346262504
56498.531714444485,3.2457133139305316,0.11623658607833186
56498.57275440408,3.409724971327684,0.17373049925160436
56498.597657404076,3.4869608168379242,0.17854520130938556
56499.53176244449,3.197942321232384,0.2716608178658779
56499.53176244449,3.405177090393072,0.12835270634876994
56499.556665444485,3.754590365288931,0.1409378377264508
56499.556665444485,3.276521896648134,0.28801819887078894
56499.896224564916,3.7655160035243007,0.2562570123442404
56502.36774660612,3.1454686177101125,0.14745593305566868
56502.36774660612,3.4968575020466837,0.12405460920823143
56503.32675464653,2.888390652536126,0.17551675638109437
56503.36779460612,3.3961887974622584,0.17577468717155856
56503.36779460612,3.466763391996169,0.1418602909881191
56503.39269760612,3.2374594750292447,0.16928121489020803
56503.39269760612,3.5511940896378906,0.14980179225144927
56503.729524702845,3.083450710728532,0.79574169276193
56504.28576268694,3.3520199711147862,0.16520141323708493
56504.28576268694,3.3895009118599972,0.12022659947714984
56504.28576268694,3.5582958562071845,0.2054457690673279
56504.32680264653,3.5595477074170345,0.18513559339951643
56504.35170564653,3.4212093772644483,0.19864519595347996
56505.28581068694,2.8958282163398685,0.1670634203994315
56505.28581068694,3.6752893792680528,0.20788849097739
56505.28581068694,3.433523277830167,0.13032138339789545
56505.31071368694,3.6508621601674323,0.21573091395179989
56505.31071368694,3.4107530885352517,0.13874635343701391
56505.31071368694,3.374777836432356,0.17130465893588767
56507.16278680816,3.4656164292972926,0.18661670265102664
56508.162834808165,3.1979736141003388,0.189916408591811
56508.18773780816,3.2089726339029534,0.202015330374687
56509.720821702846,4.263098414803812,1.0085149979739583
56510.44948106172,2.744033756390384,0.7020587292825093
56510.646403716746,4.09941334798298,0.40951004354296344
56511.9578270102,3.405994878570973,0.1335820593117158
56512.9578750102,3.388824948068181,0.15478692348266296
56512.9827780102,3.151021410604522,0.16526058108936562
56513.76198456492,3.734604421818119,0.13415626460482538
56515.44144391878,3.5894322246598778,0.25568037151569434
56515.79268915793,3.6198950531611107,0.31920056536224106
56515.793859171834,3.56587872918122,0.1366360056845037
56515.793859171834,3.0540876832457293,0.174008695015023
56515.793859171834,2.799175170398544,0.2632096657087062
56515.793859171834,3.2751282347210715,0.23212244997688158
56516.44077806172,1.918422242573599,0.855365431391139
56516.682557615524,4.755352056200712,0.3281933581437617
56516.69088361553,4.252965024725019,0.2881337386404711
56516.75286721224,3.524025818958566,0.27116653992940043
56516.793907171836,3.0759145578817595,0.20274741328579685
56516.793907171836,3.439225323520981,0.3173947334661946
56516.793907171836,3.832963993423964,0.2528094538162473
56516.793907171836,3.416708929693616,0.1432559672002258
56516.81881017183,3.485556529457125,0.1507585902513775
56516.81881017183,3.674601412308821,0.27178442975166545
56516.81881017183,2.901299560793513,0.1983820383585907
56516.81881017183,3.2428263724258777,0.3156411714028455
56517.71187525265,3.108367542797354,0.27454673234968874
56517.752915212244,3.6970761093409648,0.3113272676973911
56517.77781821224,3.5011701202288155,0.3134495825794394
56518.71192325265,3.1440744877561277,0.33088435661797744
56518.73682625265,3.513046252330132,0.3449687626850496
56519.27747608042,4.363255703675462,0.40702710973154915
56521.54790741428,3.417007359721193,0.15241321598927668
56521.54790741428,3.407211775162084,0.12292280308212654
56522.43660585797,4.088868480453462,0.20421325933422813
56522.44493185797,4.101898328786852,0.21854609250095758
56522.54795541428,3.9163254655384803,0.1796575631222199
56522.54795541428,3.2002611454954595,0.1387743406736127
56522.57248914753,3.0153989969262085,0.6843298406472227
56522.57248914753,3.0861732864500517,0.6722385253236013
56522.57285841428,3.282239948636528,0.1747128595500487
56522.57285841428,3.4725259809788556,0.14295738531581043
56522.807692157934,3.6946015684586566,0.615936933816829
56523.11350824205,4.2338592198828415,0.42982625884747566
56524.424931535505,2.918553011266453,0.1957380326900241
56524.83043361553,3.753861568618447,0.4232528650798487
56525.424979535506,2.8624915393808275,0.20217913797050024
56525.449882535504,3.425491852785406,0.2143456701669551
56526.34294761632,3.288013912894357,0.2110509929621701
56526.412464209745,3.4178162156094114,0.6054125887924748
56526.724578564914,3.9818970754675664,0.35259810866183783
56526.730190564915,4.2054908498089425,0.3397182829509291
56527.34299561632,3.332430618813076,0.25532441918437687
56527.36789861632,3.449919969952912,0.27380750003442433
56529.14966214083,3.6940141039840695,0.2565192184220548
56529.15798814083,4.272212543098038,0.23295344685014915
56529.21997173755,3.604865320175275,0.14470953944480142
56529.292445506406,2.78016455482772,0.6956484142892935
56530.17897977796,2.999737004132248,0.2190898407321408
56530.22001973755,3.5091493691972104,0.14560180678442744
56530.24492273755,3.4807590447545644,0.1454395763590409
56530.418976147535,3.7224168619399025,0.6741847891012396
56530.418976147535,2.1584841215034825,0.6578334140666664
56530.58448185797,4.082945822120102,0.28582749116791906
56531.17902777796,3.5164445565584828,0.2304749223957697
56531.203930777956,3.3150161886635097,0.24930409591638672
56533.715703702845,3.0560288527775787,1.5589834057301368
56533.78095415793,3.085456136032513,0.3293878174482703
56534.25895120975,4.061230893308773,0.634678565306974
56534.903710383274,4.162689909435564,0.20406307040627164
56534.91203638328,3.898890427393269,0.19588746662396908
56535.9330280204,3.00435138009453,0.25782647014719245
56536.719785702844,2.2007258689218094,0.738866728122915
56536.73385356492,4.218885868548288,0.1389990790721272
56536.82172646409,4.597902804725952,0.2736191829025505
56536.830052464094,4.73302338887536,0.25672910988387454
56536.89203606081,3.119002419716063,0.1800121650546957
56536.9330760204,2.984751579323147,0.2833062111499904
56536.9579790204,3.0578053821983033,0.30736051209668763
56537.13893250641,3.166595427896275,0.5768236524244333
56537.29753814083,3.794458376257765,0.32554246193320996
56537.41079514753,3.445733637958546,0.8549511621023929
56537.41079514753,3.052561360183871,0.8426990085306573
56537.89208406081,2.902269120554763,0.19708131607672547
56537.91698706081,3.074083601237037,0.18933281988909353
56538.69619361553,4.2086367572418695,0.19980556121108453
56539.69875058532,3.9712761717145497,0.17261338515598812
56539.70707658532,3.7429230476019413,0.18618870867606843
56540.43566006172,2.745323252015597,0.7034915021994124
56540.657758625726,3.6180102532247593,0.2501792774547466
56540.66608462573,3.46817025817165,0.22730192106717353
56540.728068222445,3.948839365146598,0.14384254991623854
56541.25077020974,2.9910571252412677,0.8718640167603029
56541.728116222446,3.9755262946301304,0.17319817234812385
56541.753019222444,4.084942705512613,0.17622269102292426
56543.05158638328,4.31312101902993,0.2805867218086235
56543.43974206172,3.984480788747841,0.6815223174735652
56544.1307515064,2.8442115567401665,0.8008151575489969
56544.45024185797,3.5499065721177674,0.15256767866733514
56544.969602464094,4.030983832099089,0.3554258843930071
56545.734421702844,0.32856961102625526,2.00331906697244
56546.48211646489,3.017112968274777,0.22919993439098266
56547.4411245053,3.5700449608783646,0.27962814356730037
56547.48216446489,3.284052650898813,0.24530836351484686
56547.50706746489,2.923530665745661,0.24576860434695713
56547.84662658532,3.7186492903143797,0.2317694306938215
56548.4411725053,2.986548463155886,0.29676943534015654
56548.4660755053,3.4020949303766415,0.292094537583923
56548.80563462573,4.598659506563419,0.31600184671022
56550.247839029806,4.369986564336405,0.28929151576759315
56550.25616502981,4.714381225964493,0.23648433431795313
56551.16329814083,2.9548472798161,0.16071083563791383
56551.658787615524,4.138039886805743,0.6179688844687939
56551.664399615525,3.712816876504421,0.6289688619553532
56552.45437806172,4.577171185373414,1.9734058975478428
56556.91734638328,3.438876454575712,0.13789518379483634
56557.41283585797,4.286685268787662,0.43460466850190427
56557.41844785797,3.192178008782866,0.3995425311684173
56558.39571502981,3.890703993570651,0.36204488803652657
56558.835362464095,3.674089245704459,0.1881407264080339
56559.55581377756,3.8381466977932064,0.24692108842291016
56561.66806261553,4.389233402543589,0.19816377352652328
56561.71238658532,3.7546104122218775,0.11058044986555488
56562.67139462573,3.8400945316070487,0.17847013696504382
56563.663560702844,3.5983722655853265,0.610390245500855
56564.12589214083,4.1163951463657655,0.49204815943306796
56564.13150414083,2.899474155357524,0.5013199384121784
56566.550975716746,4.090899625663999,0.21430255322919559
56566.55930171675,4.048331014069096,0.23497873600386263
56566.635882702845,4.116340693547783,0.7180464285675615
56567.42211085797,3.818795260452278,0.13456279733392282
56568.60055656492,3.710905542510047,0.1516728275716614
56569.879940383275,4.277148362387799,0.36735712995146125
56569.885552383275,4.017709202362732,0.36223375158121823
56570.38351706172,3.9152300977641925,0.5874368959302629
56571.34601591878,4.044077852129015,0.13986132438245485
56571.354341918784,3.900748891604847,0.14941658841739944
56571.79795646409,5.166290479354439,0.5779342376390425
56571.80356846409,4.166104416248498,0.5466508850044514
56572.022918302864,3.95824218528268,0.4432070628983566
56572.26147502981,4.025591902708318,0.18769509058730746
56573.35583906172,3.679300157447485,0.5592590285645024
56574.135167140834,3.692726356903637,0.1599381873896545
56574.67498058532,3.8463112730859965,0.3238299027770152
56574.68059258532,3.3626341834301545,0.3258976672866963
56574.69885171675,4.390096152873887,0.29688565972330677
56575.19037408042,4.059844216456598,0.2025541509536201
56575.63398862573,4.424738083733916,0.5148074115753288
56575.63960062573,3.8989602439493423,0.4873813410522149
56576.623455702844,4.113293820442122,0.9892181349714354
56579.01808024205,4.033181655203541,0.23705037327742312
56579.026406242054,4.4119605585357204,0.20657246814175445
56579.493891918784,4.411647283150673,0.1836305983489752
56579.88921538328,3.6361810258552794,0.1358240308366529
56580.653990666535,3.3311974438878353,0.35558302895054716
56581.807231464096,4.085325806159177,0.16948821098740915
56583.32992408042,4.4088273895028,0.286741844245178
56583.34341206172,3.9094990060965795,0.8620517050033534
56584.68425558532,3.7240434586005042,0.11768277144228563
56585.224069029806,4.190614344738443,0.513291543601528
56585.22968102981,4.2121390110901995,0.516735490217809
56585.64326362573,4.319047372937526,0.16254963749065088
56587.165956242054,4.261452385026245,0.3003892296293272
56588.56461171675,3.745485748722503,0.1556794938327868
56590.244071070614,3.7974939068640694,0.3246654015964883
56593.359651918785,3.9469840401610297,0.10164026824267655
56593.53476561553,4.619083678382141,0.2177010469728004
56595.23334402981,4.269538121361547,0.1851121306250968
56595.99811931306,3.8056613710063782,0.49646984136707145
56596.95712735347,4.194307873310849,0.2831915342705866
56597.19568408042,3.852373120453187,0.15794186903843543
56599.28881385797,4.039118150453244,0.1595564155006991
56601.031716242054,4.033181655203541,0.1691962717202348
56601.527205716746,3.972923759243841,0.4481866677920464
56601.53281771675,3.511966507973323,0.4171723936300458
56606.00187014083,3.361775357232613,0.17217178465375868
56606.32224591878,4.491017621505455,0.27509913390929136
56606.32785791878,3.8444961275281573,0.2596874177238969
56610.15827808042,4.058644961566406,0.42297719977111775
56610.16389008042,3.980693393703853,0.43413027024991396
56611.53648071675,4.353608771506828,0.1412061658905199
56611.75591838328,3.7277477882170684,0.16056885828442205
56612.301256,3.71823714212616,0.3512722885649004
56613.673934464096,4.569997466695096,0.1847627118042987
56613.99431024205,5.2673486779812375,0.4707143126508829
56613.99992224205,4.638977053579179,0.4422431831620074
56614.219272080816,3.852664071001155,0.27448902695685257
56615.46038577756,4.233933009537582,0.15297024768985173
56615.46871177756,3.9690427578417387,0.15018192925094817
56616.13728816163,3.7398929706606925,0.37942637670328055
56616.331520918786,4.215147901786894,0.10202556114731141
56616.55095858532,4.279642792071341,0.13548352678649692
56617.09629620204,3.7148076395678773,0.4878107824398897
56617.50996662573,4.518388080642111,0.16977406582356872
56618.57186570284,2.0486310416090294,0.7190620529361154
56619.97332032327,3.9794846260783405,0.27883506732523156
56620.16755308042,4.436410251977243,0.16285881408822742
56620.84876410032,2.7315887148621254,0.5621662287806349
56621.89133640408,3.5020067607684906,0.368425013713131
56622.85034444449,4.508136466429683,0.5319356156204942
56622.85034444449,3.686583754738731,0.27226094775442494
56623.60826177756,4.244001937233623,0.19804806245212714
56624.003585242055,4.467146888822528,0.15477257175891013
56625.291822061714,3.5842595539595807,0.7608024188755356
56626.41835270284,1.9092873782434436,0.7012886264864232
56626.68637660612,3.5904836222038394,0.25906013068484446
56626.68637660612,3.7010212462256593,0.2861637159545179
56626.84006110032,2.6256558923081723,0.7383196723457304
56627.10004702981,4.570883450286123,0.19630495712800963
56627.64538464653,3.0850904657218345,0.3901573217584672
56627.92749030286,5.092947154522896,0.2760983635956161
56627.93581630287,4.125614462975488,0.2281270966033468
56628.60439268694,4.093123390199728,0.4286334130603699
56628.60439268694,3.989240200006736,0.3446782147188271
56628.60439268694,4.172036417295235,0.24667705069490986
56631.481416808165,3.464394315985892,0.4085524800015599
56633.13830906172,3.7046124789794392,0.6256441737143451
56633.32868305252,1.9460469021559037,0.6553880819394611
56633.41017170284,4.306770262651627,0.8983197539858673
56636.075366302866,4.347020310632115,0.3406750691621326
56636.2764570102,3.8506960785932653,0.29266146542007654
56636.558562666534,5.579627230433049,0.21544336719533003
56636.56688866654,5.1213961717974685,0.17998119669019888
56637.47402177756,4.263365259726009,0.09937257103092652
56637.56303156492,4.411568061183483,0.1821722548550932
56639.31998005252,4.026313138633256,0.7765811567636761
56640.112489171835,2.926764247868883,0.3883971081067029
56640.112489171835,3.6660412727890836,0.49748677508874406
56640.112489171835,3.924239312565642,0.32102400043574936
56640.112489171835,3.4339646373309343,0.6205856142192612
56640.13012806171,5.096790163236932,0.8544102494465369
56641.00863317694,3.7521537661311815,0.4429304125639806
56641.071497212244,3.7917640040785043,0.5253545608024145
56642.03050525265,3.552720635617659,0.6099936430457318
56642.92862070805,2.829223092913378,0.5921661347360541
56643.40318371675,4.7464562442255005,0.16954469875226938
56644.70643866654,5.089352041822952,0.27429775258185796
56645.86653741428,3.8724837581714464,0.24100208078907676
56645.86653741428,4.155804246386772,0.33691852771166436
56646.14864307061,5.156090483016367,0.19632408824523465
56646.15696907062,4.660515114630337,0.19346499958146907
56646.99993017694,3.9334720167588886,0.5617654013006582
56648.198223918786,4.678269973157998,0.11096435653484021
56648.743561535506,4.19842448644254,0.4359674037062999
56648.91991770805,3.4133180966881813,0.7510399757627999
56649.94112630287,4.563154590487395,0.17264384549415615
56650.43661577756,5.347711319299643,0.2619470266770019
56650.44222777756,4.895384105877499,0.27015707541377376
56650.66157761632,4.25515186435033,0.4762617112058746
56650.83494310032,3.3238494955046782,0.5894519558021076
56651.90269131306,4.9026176129191725,0.26288093045294364
56651.91101731306,5.0206823855501135,0.26945668994124916
56652.03425608042,4.936499541187779,0.1621392611541115
56652.86169935347,4.982333525206154,0.1736974436914494
56652.87002535347,4.909337464820062,0.14566032049770067
56653.53860173755,4.188083699439917,0.285038857404166
56653.83902510032,2.801408075181776,0.5388931086740847
56654.296519070616,4.806646313000577,0.2576356562570959
56654.49760977796,3.30479880768333,0.5026951442248453
56655.870288242055,5.503144816479415,0.1641793326032523
56658.57219866654,5.580695368098866,0.15242324491211498
56660.05056731306,4.796508766630605,0.3660007951559174
56660.2516580204,2.582064763474735,0.5500416816478114
56660.44589077756,4.619650393585918,0.11037093820660193
56660.51562656491,4.581581760567478,0.14023554234037441
56661.00957535347,5.0354215691233115,0.22089603273654715
56661.21066606081,4.349778046041369,0.382034551164114
56662.49724061553,5.096843894589418,0.24085025332511176
56662.85366110032,0.468077154154372,1.7258222341081448
56662.903720302864,5.110079749877279,0.47707688602201925
56662.909332302865,5.311717218278851,0.5007989411280865
56663.31486205252,4.178019363501865,0.6364785241654701
56665.046698222446,4.9246914199277585,0.3000500438265136
56666.31894405252,5.53478013378572,0.6502309298192817
56668.16227907062,5.159267248198328,0.1403071288699762
56668.205828,5.378084161074787,0.19614545935607347
56668.214154,5.188071389069159,0.17030774379763633
56668.25128885797,5.100458523791227,0.20729304166757492
56670.123844080816,5.544687208351897,0.15259058587889585
56670.13217008082,5.059782961883451,0.16611727856178396
56670.80074646489,3.4911610253484966,0.5131685278031036
56670.99481217694,4.578743085820456,0.42044811739758203
56671.534792666534,5.418338442894651,0.3885884828242988
56671.540404666535,5.273071720343511,0.37064377003856974
56671.7597545053,4.601985354476575,0.6054858316129099
56672.04186016163,5.2025127957496835,0.2106077572814829
56672.050186161636,5.59784753743364,0.21832450148852722
56672.91299530287,5.349936084838626,0.17989225122101005
56672.91479970805,4.47106104897855,0.6151051385206645
56673.00086820204,3.943424292146619,0.29505836723443823
56673.009194202044,4.3663650994172905,0.25247851569164764
56673.91632731306,4.262975553602176,0.19936507175908286
56673.99889417694,4.409395927424207,0.4084770251661231
56674.45483995109,6.202023919714674,0.8860457348364436
56674.87533535347,5.2104462139126895,0.11248029304947726
56674.964345140834,5.417019697602088,0.19535123210153468
56675.33358005252,5.326345235595138,1.7732008039883385
56675.87789232327,5.589219296143519,0.15785186413479824
56675.88621832327,5.349615183827739,0.16299829049087666
56675.91888170805,2.8848714169093777,0.6023612475292143
56676.353704,5.478620019278822,0.2407833803986653
56677.80423440408,4.797964064654593,0.18626878586040954
56678.27172008082,5.292347151869949,0.19847059614834095
56678.531794564915,5.220421115828552,0.14837559218966875
56678.754916444486,4.641021357977758,0.1580567431408117
56678.754916444486,4.221080466441536,0.31415793518255897
56678.76324244449,4.941125963618508,0.31079023909331255
56678.76324244449,4.432311415254726,0.14570611731675223
56680.189736161636,5.6405864284265,0.2811269274197023
56680.71839338328,5.624487865711259,0.17811915440376486
56680.78280010032,4.251564214234748,0.48833426154606197
56681.124873070614,5.259864812293783,0.35431520996146443
56681.130485070615,4.632983149720003,0.3519855821613591
56681.148744202044,4.414946138090273,0.3579279466935922
56681.54406766654,5.9118180445021995,0.1434508885192505
56682.59094860612,4.782364755300563,0.17586487428657732
56682.59094860612,4.8644676143422805,0.16192303102179526
56682.599274606124,4.170896115473386,0.17234757680084578
56682.599274606124,5.25401914999616,0.16058551501955023
56682.636409464096,4.998858451169303,0.23190804605642903
56683.01353017694,4.453192606319789,1.153604522109616
56683.09478384107,3.452528010315989,0.8151738384314335
56683.54995664653,4.740827354735606,0.21907171501507283
56683.55828264653,4.825127274672339,0.20069865554168242
56683.75512210032,4.974234719612281,0.48953804362053865
56684.02576832327,5.5900629725953355,0.2004575249515129
56684.50896468694,5.395055607578422,0.18175258801349917
56684.50896468694,5.375820424686395,0.1458051121184375
56684.50896468694,5.1010675888779815,0.23360135318856995
56684.51729068694,5.323483847004688,0.25558585037912884
56684.51729068694,5.387814468613742,0.20347600490754292
56684.51729068694,5.351532222771819,0.1525602682759289
56684.93351770805,7.734771531888954,1.9056364995881911
56685.44983561552,5.692812824085094,0.1965219858419622
56685.51343358532,5.173276671472655,0.1574198111500704
56685.94378440408,5.265391389430849,0.23331243721664652
56686.128340157935,5.493043379030695,0.39233981110809035
56686.47244162573,5.161897345111272,0.21445849291976407
56686.87892131306,5.8665641742730585,0.5596868019023729
56686.88453331306,3.106239679977511,0.5009533137454616
56686.90279244449,4.158537539069816,0.39177531171566693
56686.90279244449,4.41589602650123,0.21160217788436067
56687.385988808164,4.762278652694407,0.22474663796675703
56687.39431480817,5.750968321618314,0.2372121937430535
56687.83792935347,6.022527385707956,0.3059198530726196
56687.84354135347,5.888148274542653,0.310730957052612
56690.219464,5.432373524504966,0.14235877521691442
56690.52918956491,5.117382510141282,0.14806647637260695
56690.738824606124,4.227713997935203,0.22384441947655637
56690.738824606124,4.5978003613946665,0.22169327737212247
56691.13414807062,5.9301622656877075,0.14051891321544022
56691.20388385797,5.690355293793813,0.16275465100071312
56691.69783264653,4.193958643351163,0.2677062842093415
56691.73472773105,6.945187501760471,0.5857934180699738
56692.119637157935,4.208143558231297,0.46051603660689977
56692.13748008082,5.146796774463434,0.10109422952474281
56692.1893550102,4.836250089453482,0.15710486410053978
56692.31259377756,5.081272001804407,0.12136930538227737
56692.65684068694,5.98986345110581,0.25033651849326577
56692.65684068694,5.376195214537607,0.3145968691537868
56692.65684068694,6.0437459773372275,0.1953682241503686
56693.262719052516,4.434587681480789,0.5483771754457392
56693.74269510032,5.992634354619599,0.7318995012818541
56694.055496161636,5.689261276501702,0.15659054783217366
56695.014504202045,4.419232700326124,0.1861796864438126
56695.53386480817,5.290231603219905,0.31383869836793477
56696.017061171835,6.785210147353639,0.1717659347946022
56696.017061171835,5.507897959452601,0.3220039149341253
56696.017061171835,5.496153623829524,0.33089716135398284
56696.017061171835,4.756583904856128,0.21450967350632455
56696.02538717184,5.985839082637945,0.5368634168795365
56696.02538717184,4.977277859509328,0.21681362138457222
56696.02538717184,6.185618166336304,0.16143879483007578
56696.02538717184,5.317290293367911,0.294072358023651
56696.06252202981,5.820749076444723,0.2153901612932328
56696.23504105252,5.2292188706650915,0.5002437556573985
56696.88819631306,5.292679709839117,0.1739587282815386
56696.97606921224,6.077333877053583,0.47801061343364487
56696.98439521225,5.244733423326947,0.848925952819315
56697.84720435347,5.763723171611815,0.1133927438043034
56697.89152832327,5.2880268028451605,0.1133901151240881
56697.91694014083,5.625634724632072,0.16264245625856183
56697.93507725265,5.4848631017202365,0.37571640973288306
56697.943403252655,5.258719116981331,0.3523085235932422
56699.80954440408,5.734824840064514,0.13400920727490961
56700.3289050102,4.861146488682529,0.21436658232734854
56700.76855244449,5.418016425643271,0.10740354355859312
56700.76855244449,4.591527036258642,0.18939281340000108
56700.94266917694,5.060506553671852,0.34394991825996646
56701.77110941428,5.6873380389003945,0.15117670110398845
56701.77943541428,5.72647479284115,0.17161030044594128
56701.77943541428,5.230138598182993,0.14860816492018275
56702.86265670805,4.908176509985292,0.5479873126323599
56703.182058,5.588204104721221,0.37198267535493174
56703.18767,6.000401123357767,0.35961676479583526
56703.466003615526,5.469529698984786,0.21967119219427372
56703.670988383274,5.959142580533511,0.14127443335818804
56703.91499117694,5.460516220918162,0.3608846340995913
56704.16493717184,5.928771485839695,0.3969051357318285
56704.16493717184,4.877146215467277,0.4087553169666849
56704.16493717184,4.88511994437942,0.29757305753788604
56704.16493717184,6.474248488421787,0.22172457769991816
56704.44639495109,4.6649390418660985,0.9705608664669965
56704.604584606124,5.422880545279602,0.10975990693423711
56704.604584606124,4.768836688047749,0.12265447642551035
56704.648133535506,6.457582523705828,0.8453354281987818
56704.65645953551,5.5307790416817655,0.22985203473106428
56704.77969830287,5.261637324166043,0.18806318131309985
56705.100074080816,5.5755375600848005,0.2905470305511584
56705.10568608082,5.301839567787765,0.2933947553265032
56705.123945212246,5.587568904273208,0.48552034301627744
56705.56359264653,5.022907856062366,0.14147255794510624
56705.58900446409,5.217695049411279,0.18167843760088834
56705.83497870805,5.288794054263273,0.5169771778864977
56706.082953252655,5.880813446929759,0.522511627896734
56706.222614052516,3.9747416174314623,0.8307312540255596
56706.52260068694,5.075354726666801,0.15787697397664482
56706.52260068694,5.889521954023799,0.13282317758072448
56706.52260068694,6.061203122463329,0.09806361523009947
56706.56614961632,5.258109739934302,0.29329353876005576
56706.574475616326,5.073278931433827,0.24357548407039303
56707.01809016163,5.507620989782046,0.40506971129899666
56707.023702161634,5.438763887626882,0.3935539545592538
56707.97709820204,5.462296177716633,0.5158163223807856
56707.98271020204,5.652333770172712,0.538963758454383
56708.46602858532,5.2640785042890865,0.13287634544820334
56709.22005185797,5.798147675460951,0.1513831470006633
56709.39962480817,5.193684651619177,0.15630829252826658
56709.425036625726,5.706405184277485,0.16709835162619158
56709.44317373755,5.635179093887931,0.15322663677759524
56709.45149973755,5.677359004488434,0.16677287729737195
56709.91898541428,5.352228600908193,0.22299643560772023
56709.91898541428,5.340952587827179,0.190218451097834
56709.974609276556,4.685489052894631,1.3259878146254755
56710.40218177796,4.875356226922394,0.2860866674450339
56710.41050777796,4.8447040839818545,0.26740345650984804
56710.85412232327,5.791701644579391,0.2977334198459129
56710.85973432327,5.0880754837647375,0.28921228768256996
56712.36565871675,5.602693460305828,0.21418092862463875
56712.77213840408,5.797014741644189,0.3839724891080494
56712.77775040408,5.276425081646598,0.3823675884221223
56712.79600953551,5.023840200162812,0.282335114794203
56713.08633884107,4.985099524241569,0.9336226758183175
56713.191333,5.591220180467342,0.13512019342622386
56713.41077066654,5.9801788551145005,0.15648216804222037
56713.73114644449,4.942729628422911,0.558075351932264
56713.73114644449,5.1983628904179096,0.2963368512595535
56713.73675844449,5.553247961564935,0.2885199994721741
56713.73675844449,3.5234862765262047,0.5923937787464895
56713.90256417694,5.676579836803031,0.5404510175714753
56714.1946650102,5.156469293330538,0.1092866076502662
56714.714025616326,5.66932246892373,0.3669393027672217
56715.10934908082,5.532821688454627,0.10829264492908679
56715.463398615524,4.8669936187508664,0.23740249918753348
56715.82255170805,5.254810344952739,0.7909708342026777
56715.93310814083,6.067331973220249,0.17693644885135706
56716.114519157934,5.362437583055965,0.39442950384368614
56716.1562300204,5.950379616040405,0.3437092335272524
56716.164556020405,5.338509471959231,0.32820757291715863
56717.02736516164,5.578852474770146,0.15160434388300667
56717.11523806081,5.393017605216741,0.2192038341776457
56717.123564060814,5.832099055849218,0.2653579201648445
56717.160698918786,5.381044231211986,0.1428666090386068
56717.56717860612,5.430404072792231,0.28773312998297346
56717.56717860612,5.2675714341014785,0.3067263781787945
56717.57279060612,5.9252849936229115,0.2938355467432166
56717.57279060612,5.284706985955043,0.31385116026527643
56717.59104973755,5.784431085243556,0.1944331648257786
56717.986373202046,5.449436491009079,0.19618166499413256
56718.03069717184,5.562112176410938,0.19602719500198862
56718.03069717184,5.545989204192574,0.16285273686771842
56718.03069717184,6.418640811689722,0.12454354264911806
56718.03069717184,5.3663900311416874,0.23252232960009617
56718.52618664653,5.383884436304271,0.41771691096855285
56718.53179864653,5.356865231196344,0.4224722910675479
56718.55005777796,4.7381513966171225,0.38067042280441243
56718.98970521225,5.065152933307477,0.21990447277838793
56719.015117029805,5.754740099632672,0.16530943758148178
56719.118601157934,5.179589468691342,0.38711557926910123
56719.48519468694,5.967591045394746,0.46347434135651877
56719.48519468694,6.733631867620927,0.37664267100577714
56719.48519468694,6.385298816760949,0.26550040717870604
56719.49080668694,6.3093981857779005,0.279390222648604
56719.49080668694,5.516086073130952,0.36578096255875525
56719.49080668694,5.93673561074133,0.4582032046032269
56719.948713252656,5.599918813254066,0.25371768112373694
56720.86339732327,5.670212235517869,0.11752412973798715
56720.95959622245,5.843611358477384,0.16741600429335862
56720.99673108042,5.429393301057156,0.1973973549257896
56721.21744685797,5.308936097125474,0.1529230381673367
56721.687156383276,6.210951177028429,0.14934102909005978
56721.72628273105,7.103719053845414,0.7663647225179459
56722.362218808164,6.016166910192464,0.45817028044446556
56722.367830808165,6.208038700082518,0.43470570486555454
56722.78141340408,6.308576835283439,0.1313009373674077
56723.00085107062,5.870862648957755,0.15693219998890923
56723.60517246409,5.29553625549735,0.1922530920125811
56723.74042144449,6.223933844922088,0.10326061211128203
56723.74042144449,4.966784600488957,0.2070331262484347
56723.78474541428,5.686604171419308,0.09650357376298292
56723.78474541428,5.793373723523466,0.13224658181257848
56724.304106020405,5.023130859546978,0.47645333875161905
56724.832763242055,5.370195929879379,0.19867078903250687
56725.263114060814,5.783811325984265,0.2863574678037892
56726.48219658532,5.482542319877133,0.12226781448549158
56726.66176953551,5.832556752044813,0.1505310159992751
56726.70531846489,5.812769196124092,0.2738432951056921
56726.71364446489,5.832712965515544,0.2858095567405627
56727.1572590102,5.625208396056739,0.3043370181619746
56727.1628710102,5.580566576749481,0.330950410441301
56727.44120462573,5.573957331507325,0.18569456529796166
56727.576453606125,6.034161911760918,0.13437880137794883
56727.576453606125,5.9277928361271215,0.11143180193704347
56727.6643265053,6.358708044652321,0.3130450053063028
56727.6726525053,5.540774081672799,0.32620397676829327
56727.93050314083,5.536780176082264,0.1887837219913315
56728.133237157934,7.729014606118081,1.0994395905152812
56728.535461646534,5.526545839274126,0.1421210188676965
56728.579785616326,5.173574718992224,0.1858337663760588
56728.75489931306,5.231405587334452,0.20534303493026976
56729.09914622245,6.4797388009331796,0.2223021225978231
56729.49446968694,6.168223012149429,0.1023140505651503
56729.49446968694,5.6333238366494065,0.15504855913341517
56729.49446968694,6.502949869174653,0.12537514893133808
56729.71390735347,6.141145983835356,0.12558640389152542
56730.993291171835,6.817692091857448,0.35147582340807093
56730.993291171835,6.217042988072356,0.6458369079314886
56730.993291171835,4.989403900973789,0.4296256490858722
56730.998903171836,5.879455344465265,0.39470264966822294
56730.998903171836,5.637485352834516,0.32861488964044405
56730.998903171836,5.631177902707408,0.6237420259332896
56730.998903171836,3.4206506065566087,1.3325283852391367
56731.45680973755,5.6822259172500305,0.10739654160589522
56732.37149380817,5.692306882671036,0.14396494808311028
56732.41581777796,5.33075949346755,0.18756192227901458
56732.91130725265,5.858000676539431,0.6855733432084713
56732.91691925265,5.5086677316927535,0.6760514912194647
56733.684551383274,5.949331855994748,0.15370135110728791
56734.36812295109,4.958833596374926,0.6723042406482055
56734.85319446489,4.902566243820411,0.37632358705560937
56735.318253716745,5.79850907364238,0.1729501876798616
56735.60256746409,5.551090403779925,0.19989034242102588
56735.69110510032,4.0517363898716106,0.6006872551638904
56735.8122025053,5.3175909999029844,0.3907868235488524
56736.74733941428,6.05060244203862,0.2548721761816271
56736.74733941428,5.598494229796719,0.34709879977201685
56736.75295141428,5.720362075549325,0.2724849957277229
56736.75295141428,5.029368544137014,0.3461292500519833
56737.03128502981,5.462004637248798,0.20735428585524407
56737.166534010204,6.05445665862652,0.12139140865473401
56738.169866020406,5.654778984406548,0.22129956870961492
56738.47959158532,5.594920825838063,0.13233692861959087
56739.128874060814,5.607504963454089,0.15800194399997305
56739.438599625726,5.033463063637177,0.18328642252032226
56739.624363535506,6.660238780585994,0.4523087263623226
56739.62997553551,5.9530292767352,0.4620896640104529
56739.96616427656,5.795364203840048,0.9181062125994304
56740.11329391878,5.224615311930231,0.1124284695724527
56741.00256617184,5.915931276560088,0.20843939730560784
56741.00256617184,6.371859750311952,0.1105974903893302
56741.00256617184,5.847927636657666,0.14733140379320764
56741.00256617184,5.824069729675814,0.22305309445801083
56741.54237961632,7.194964677383464,0.5126547541199217
56741.547991616324,5.715171971807569,0.5424569309944168
56741.96157421225,5.773679593929751,0.2434131914718459
56742.92058225266,6.71833967812946,0.24578280446623144
56742.96490622245,5.755544491181728,0.12178135487651857
56743.008066841074,5.6281873159033795,0.7648889546351146
56743.53759210032,4.375553767905852,0.5585548825572046
56743.949326080416,5.841936983283594,0.14642902209258138
56744.41940373755,6.013987137165523,0.3032086650474595
56744.42501573755,5.0016692827534595,0.3015052455809007
56745.058036,5.666622074120369,0.13592448029185614
56745.37841177796,7.255130219791696,0.56604290630196
56745.38402377796,5.504454970130606,0.5442944810727202
56746.06237615793,6.344593168785938,0.3393138579423498
56746.756614414284,6.127868376935046,0.13253744672858855
56746.756614414284,5.790813353733707,0.11008012216309838
56746.97605208082,5.835787963164928,0.11960444056448447
56747.78535824205,5.703822381158714,0.15075902046532413
56748.17102405251,3.0662233189265296,0.6338999481053804
56748.71895446489,5.575591753976529,0.2017388980750617
56748.89406816164,5.43995107904335,0.16596936002227355
56749.028680029805,5.3371615724086165,0.21122872579856006
56749.034698157935,6.281902386718067,0.30587877417281883
56749.63363853551,5.714469821902751,0.15267805109276714
56749.6779625053,5.333866569869131,0.21417957498003132
56749.853076202045,5.908098650245179,0.1997538001906754
56750.52941110032,3.3134167175258806,0.7094289025582884
56751.1324600204,5.3224732713281,0.639844405182148
56751.1380720204,5.80658835038126,0.6448334453785001
56751.55165461633,5.523177178481495,0.19113511514700263
56751.64801073105,7.161718402169174,0.5339806669007484
56752.09708006081,5.829853114925267,1.0847894662684718
56752.73010032327,5.595125031306233,0.12140504141634136
56753.33442171675,5.813104026189205,0.15446324778721818
56754.42867873755,5.778753020355027,0.11088449575170602
56754.64811640408,5.8441586992932955,0.13270522546759375
56755.38768677796,5.61246728334965,0.1729656637359006
56755.60712444449,5.492786656333159,0.2232301407729056
56755.60712444449,5.9870832357644925,0.12178655084737124
56755.85097417694,3.8896753378633067,0.45694534981056667
56755.927500222446,5.728857561698195,0.30556534258644363
56755.93311222245,6.036113076485263,0.3284271455106695
56756.017511052516,5.5554087422664375,0.6029570353843042
56757.77096170805,3.1189342147856802,0.5862189856067102
56758.12946191878,5.224615311930231,0.10857554052610408
56759.02227115793,6.0833815768364765,0.4871596189857448
56759.443156606125,5.850049718496626,0.13316643697352606
56759.443156606125,6.411144052539325,0.14366807422488087
56760.40216464653,5.836726313913129,0.14871370491403071
56761.14173502041,5.848817012043239,0.21613234850625052
56761.27506877756,5.260189101634056,0.13182549952816597
56761.36117268694,6.013655764846906,0.1443055550818618
56761.36117268694,5.879800614413842,0.11688697171389575
56761.36117268694,5.908451462309032,0.1812756785888187
56761.68154846489,5.800956348099925,0.5795966212377058
56761.68716046489,6.611747280667759,0.5202255538954633
56761.96549408042,5.98224980543619,0.18000815901798922
56762.100743060815,5.79279508968007,0.14643534824162394
56762.6405565053,7.713908960876011,0.6236659895538179
56762.6461685053,6.432363655967199,0.6004646451339923
56763.00933005251,6.087884698674958,0.8049454934246627
56763.69746117694,4.502828842401447,0.38073912853225483
56763.73426014753,5.764083469114141,0.7053702812145501
56763.73426014753,6.753481580655667,0.7313659887240533
56764.23819680817,6.138378241332625,0.17732864148437436
56764.314145951095,4.554251482375761,0.7290111676777384
56765.331816716745,6.102570585034542,0.16103097643328884
56765.61744870805,4.4026688339911,0.610432378490466
56765.80152624205,5.4128399123737285,0.1762199864840102
56765.93677522245,6.158606082814676,0.13530273248150812
56767.574235209744,5.382567892657429,0.6486563451347944
56769.033237010204,6.355788938950505,0.12439614649272249
56769.88789227656,5.6994797346670545,0.6513188553668037
56770.12685691878,5.525914363354694,0.10757377897405344
56770.454216506405,4.3247954056135285,0.6737955845210435
56770.689280176935,5.878044559722705,0.5001580729875403
56771.690823464894,5.508550006099114,0.1745846889805477
56772.609267708045,6.158777012612942,0.8092370779570898
56772.6498315053,5.6141872908818,0.2103703990305077
56772.86926917184,6.036250739341059,0.2204227513629871
56772.86926917184,5.612046323609407,0.21157811512951172
56772.86926917184,5.933176967203435,0.12118942881448554
56772.86926917184,6.012841800574343,0.17061340340497377
56772.95408984108,4.544827430558247,1.1247052342443287
56773.74217330287,5.724217398734353,0.19557516543002118
56773.82827721225,5.437374312620561,0.2414541315807244
56773.962889080416,6.037415530385075,0.18516495504581967
56774.787285252656,5.476928225062731,0.28982136991538654
56777.79892124205,5.341348529956729,0.1737115169255191
56778.62331741428,5.695449201800075,0.1295318425964845
56778.62331741428,5.873740379096575,0.11705186323342795
56781.50034153551,6.0746945986997485,0.15876131719099457
56781.59403373105,6.102263639455162,0.5363006408336988
56782.37324566654,4.982538275241232,0.16833849613279134
56783.41835761633,5.67218806285397,0.19844237966911446
56784.22766377756,5.305886542716088,0.10742771318775922
56786.29538173755,5.37479926114252,0.11534583244983611
56787.25438977796,5.802218644410131,0.2066830209704939
56791.96332607062,5.763911554498376,0.1801225858172298
56793.008438020406,5.730505487386891,0.2628155103435445
56793.72581514753,3.2167796285129233,0.8412584974049638
56793.72581514753,5.720069739085299,0.7793244142141547
56793.967446060815,5.473871478478988,0.16294301403266592
56794.452040951095,3.830147644921732,0.7889896481897438
56796.69476830286,5.436916953560872,0.15946492599078546
56797.565790209745,4.7714768308099025,0.7980438670446258
56797.71737431306,5.9113988980569605,0.2594436016295112
56797.80347822245,5.359688370509334,0.13112178019575485
56798.67638235347,5.128325645978337,0.12492280334256105
56799.83391527656,5.291598132641009,0.9513925309133703
56800.445771506405,4.148606965607012,0.8213021854567313
56800.97068115793,5.835230564484489,0.40931856458480537
56802.24383177756,5.100635324296794,0.11253963032574922
56803.09198484108,5.3896134783364005,0.8486970942956459
56803.557526464894,5.036036085132429,0.20894933777812472
56804.5165345053,5.079863791780444,0.21937390582029057
56805.32584066653,5.155576577103619,0.12999235392995373
56808.81716815793,5.200486396047298,0.3565538230110143
56811.73192873105,6.195062596773178,0.5351406538672236
56814.020511,5.397185974133553,0.1605557655518449
56814.24122677756,5.067330409609889,0.11587012179443958
56814.710936302865,5.502811551077726,0.19333474911444815
56814.91592107061,5.390112184754214,0.14041302104270825
56815.80898715793,5.0620442523140845,0.48637598420989636
56815.93852708082,5.145214705143798,0.14032954865171646
56817.85654316164,5.888709434468382,0.2052653959073755
56818.815551202046,6.30674893817936,0.2254731736057838
56820.66996931306,5.4466122614971795,0.2008595625518796
56821.33129195109,4.772900306787709,0.755728854451268
56821.628977353466,5.286760277043603,0.10310693529535415
56821.69257532327,4.667080934308488,0.15152429074617718
56823.342008666536,5.294434473659855,0.15936613973992683
56823.61059140408,5.0427114192584686,0.17373049925160436
56823.647543147534,4.795579822272924,0.6251818285509486
56823.647543147534,5.42171299589207,0.5990191799196376
56824.56959944449,5.6371164887294345,0.24664364691719023
56824.56959944449,5.628289738723777,0.12592948229468232
56826.70833130286,5.858642377668735,0.2040096739121784
56827.487518209746,4.945762273038039,0.6128382843260044
56828.405631606125,5.579202728041997,0.1375969587309629
56828.405631606125,5.167463736430658,0.15963119358320094
56829.364639646534,5.607603454597907,0.1702209921799407
56829.971235841076,4.494542546761927,0.7738284895322382
56829.97181027656,5.162427345154076,1.6181125186343857
56830.32364768694,5.763173790815865,0.22177343657142715
56830.32364768694,5.347470980096232,0.18020091537821034
56830.32364768694,5.356845266940632,0.126526351848743
56830.36749950641,4.606605856166587,0.6086923625031319
56832.932089070615,5.468472392575936,0.14591941402477526
56833.20067180817,5.176575065259554,0.20494840232205086
56835.339403666534,5.1918932577414045,0.15915251220676338
56836.973106,4.940753177887232,0.12345803387455563
56837.995712010204,5.2311584910176805,0.1368443461072461
56838.61117973105,6.693856992357512,0.5401672640552828
56838.68613731306,5.01769340396452,0.19293876135005697
56838.891122080815,5.25595955751832,0.11889250937064823
56839.64514535347,5.3091567955711545,0.12168775066635926
56840.80913816163,5.2025127957496835,0.15789645839028887
56841.76814620204,5.5437408601978095,0.16917632290826873
56841.83174417184,4.932238786026257,0.1444034271962843
56841.83174417184,5.418996893042162,0.2739063942951359
56841.83174417184,5.803222772883544,0.22655835928905235
56841.83174417184,4.929986297797928,0.20868917360338302
56842.79075221225,5.657768550371729,0.2679014401108646
56843.74976025266,5.098037864666846,0.31461785947009124
56844.64517032327,5.10916739506014,0.11828343854462166
56844.92948407061,5.160326169925649,0.14358978622466997
56846.56318640408,5.103898257909439,0.1335076758105574
56847.522194444486,5.216341649528882,0.10560566764749585
56847.522194444486,4.755100846307753,0.20591056088535256
56847.585792414284,4.633504336059,0.12350989706699639
56847.585792414284,5.3134466121068495,0.16763514659380369
56850.46281653551,5.166975873062282,0.19907786505767838
56850.68353231306,5.434656335154806,0.1960771920149301
56851.35822660612,5.208877984920389,0.11352167069055141
56851.35822660612,5.119664565470716,0.12707364506142946
56851.64254035347,4.930904482661408,0.1276601556070394
56852.31723464653,5.453053601380565,0.14168871158596966
56852.38083261633,4.6706629842351175,0.20789883963890618
56853.27624268694,5.221918041270527,0.17896152098981252
56853.27624268694,4.96671602368776,0.10739939284101459
56853.27624268694,5.1188578784970105,0.1452365586630352
56853.59356614754,4.742916819724474,1.5411255575761578
56853.59356614754,3.7281610781340913,0.6237413174252556
56854.989274,5.548995120021647,0.14839092670915657
56855.25785673755,4.965167437041486,0.14584515242250726
56856.15326680816,5.352559382101387,0.16852942564228274
56856.21686477796,5.02861694162509,0.23894075235077564
56856.85106127656,4.517070218440516,0.7134201955047516
56856.90729008082,5.4537182224728245,0.10742250680328697
56857.43354120975,5.079861598261191,0.5578007762539613
56858.825306161634,5.466069290205654,0.15789645839028887
56859.73363670284,4.461652978856087,0.7581635911254379
56859.78431420204,4.886467984033928,0.22161526759351755
56860.31352250641,3.7101845683814947,0.6569506949080169
56860.9483070102,5.068902647766302,0.10817056216758476
56861.97091302041,5.012440059126224,0.2797426110097389
56862.66133832327,4.958149310185053,0.12081446790007005
56862.929921060815,5.443551276005645,0.21134304094381617
56864.57935440408,5.1460269009150235,0.13842268416120893
56864.784339171834,5.464744726380681,0.15836610152586764
56864.784339171834,5.440843533214657,0.186753710522273
56864.784339171834,5.09458791132257,0.20797246071320818
56864.784339171834,5.0902352008681575,0.11589345960190786
56865.53836244449,4.806418120048651,0.2065520268071138
56865.53836244449,5.375023740812683,0.11092112686291386
56865.74334721224,5.470025310805919,0.2185984328509736
56866.45359306171,6.992826323272008,0.747429871651107
56866.70235525265,4.816349743325402,0.2428072257196669
56866.76595322245,5.158646835066724,0.15184862876129818
56866.986669,5.200135692053644,0.14396734894817897
56868.904685080815,4.9435008668902025,0.11398809447977652
56869.37439460612,5.033986806202897,0.1341984271479113
56869.37439460612,5.422880545279602,0.11485918669279647
56870.33340264653,5.368753681443832,0.15141562542482342
56870.53838741428,5.2591518277849705,0.12390845422028982
56870.53838741428,4.749455398070797,0.10362208832952995
56870.82270116163,5.5147441382808555,0.15587823298229267
56871.29241068694,5.737460928604685,0.15877692415403613
56871.29241068694,4.981896149884371,0.1007201373145062
56871.29241068694,4.995758516097428,0.12785782514780022
56871.78170920204,5.41371513904365,0.22833088176301808
56872.520001464894,5.284566134472049,0.26371799679926317
56873.415411535505,5.0453105510977325,0.15649500237008632
56873.4790095053,4.435766767588272,0.2849956187689018
56874.169434808166,4.908932250062601,0.1523975299317813
56874.65873332327,4.457005497806271,0.11752412973798715
56875.33342761632,5.071846134468707,0.16505821038181936
56876.57674940408,5.077818621763123,0.1485536197411236
56876.77740256491,6.156835964314462,0.2747009227622617
56877.535757444486,5.003668890990227,0.21841914635969642
56877.535757444486,5.345319704020643,0.12030134900776907
56878.21045173755,4.87188494244422,0.11964493872257964
56878.9644750102,4.942703658570787,0.12413859753518063
56879.16945977796,5.249020445626112,0.18814577262073912
56879.797267564914,4.791780516169509,0.33745143362580915
56879.80553956491,4.242584747856361,0.37444229306753907
56881.37178960612,5.350153112657527,0.1220483352048638
56881.37178960612,4.9320753662317,0.13329655599772372
56882.33079764653,5.289857602528684,0.16200715382713085
56882.800507171836,5.296247548607722,0.24356977059919577
56882.800507171836,4.78447380022439,0.16042752857482598
56882.800507171836,5.203215877403148,0.12092463035385656
56882.800507171836,5.219706595621439,0.21956757868126658
56883.28980568694,5.029895314073783,0.13344384663484005
56883.28980568694,5.419907080296612,0.17201904819279396
56883.28980568694,5.145082506497926,0.10876560419870941
56883.73146114754,5.550407652136281,0.6847229550796109
56883.73146114754,4.527565043725652,0.6649620149685277
56883.759515212245,5.146780428770873,0.2887980789494939
56884.71852325265,5.2368982061731915,0.26522325227711985
56884.9235080204,4.919786455479686,0.22486316884986657
56885.88251606081,5.387402752906863,0.1646274697256294
56886.166829808164,5.457661126881925,0.16584077635719915
56887.57143620975,6.628774325431549,0.6290000922519219
56888.155936951094,6.691666424258136,0.862599601545387
56888.55455541428,5.145714510541043,0.14019688951685375
56888.55455541428,5.086300571889877,0.10795190646794507
56889.718548222445,5.169321606860137,0.11760040259076521
56889.72519170284,6.241534684746683,0.9211713022783286
56890.45141750641,4.006108304826547,0.6651455060711107
56890.9618700102,5.037996772861279,0.13615754888713447
56891.43157953551,4.646916261527544,0.1607890725570704
56893.349595616324,4.990176707456869,0.20531980510169012
56894.797902171835,4.9878464627583226,0.1256027364916336
56894.797902171835,4.882406901657324,0.23795837199647848
56894.797902171835,4.725056197048528,0.16091257023340444
56894.797902171835,5.202586316581964,0.22841305618499547
56895.47259646489,5.1158111626982326,0.2072617880603866
56895.75691021224,5.507573958719082,0.24096436660794404
56896.22661973755,4.738044841500317,0.11047891968823964
56896.4316045053,4.827073024221151,0.2276848351647059
56896.44514806171,3.3182413823879084,0.8023528334657245
56896.71591825265,5.1932563845569115,0.2781174268455662
56896.79588084108,5.091256501144909,0.8269069779839077
56897.18562777796,4.713337757093829,0.1882917352061703
56900.55195041428,5.288238319385977,0.14300858370495106
56900.55195041428,4.616625383993991,0.11294220533933887
56901.71161161552,5.43012679455532,0.3607007542980711
56902.9396760204,4.907313854988805,0.229674029039206
56903.428974535505,5.009526632872865,0.17390984257285494
56903.89868406081,5.25938412024164,0.184054858717808
56904.731476615525,4.975351605931898,0.5353869639353711
56904.739748615524,4.07401016710786,0.5114168637407792
56905.34699061632,4.811077086816875,0.21176739144473006
56905.43582473105,6.160262987778921,0.5680069512506875
56907.46565985797,5.329073135458896,0.3076228738346812
56907.73471622245,5.249382395310734,0.14117385696788531
56908.22401473755,4.828893879716785,0.11453468032290336
56909.18302277796,4.873896601068083,0.2144190379983443
56910.48552485797,4.645598363789235,0.6668913283362554
56910.49379685797,5.186929335458273,0.43081416716855436
56910.610712147536,4.884891512065916,0.6477498361868128
56910.610712147536,3.2465217166919693,0.6797184535808668
56913.48876446489,4.7092650943340395,0.1911533589365222
56914.17871614083,5.328165149052279,0.2906445160535027
56914.4477725053,4.879708910069113,0.21660359603881904
56914.45068720975,4.4879899836769175,0.6656917642999501
56914.9370710204,5.311782470907346,0.2510556298807147
56915.89607906081,5.407616221222424,0.15833883513856575
56917.19858114083,4.1215461346874935,0.430365074280375
56917.20685314083,5.408005468039064,0.40164831438674126
56917.33066850641,5.385112916660494,0.5800105234323032
56919.64691970284,5.094386960465126,0.6677730223241467
56919.732111222445,5.622109843764067,0.14998054369745092
56919.93276438327,5.59178545058205,0.265107578647464
56921.85078046409,5.880079652143701,0.3469074127835879
56922.952629383275,4.218284015155222,0.6706175262496704
56922.960901383274,3.7789815719194984,0.37607777398591724
56923.67570627656,5.426233838060082,0.726834084974549
56924.727804585316,4.914356593738672,0.23419680642257762
56924.87064546409,4.430470776540817,0.5131644793674243
56924.87891746409,4.357035676459617,0.4923089109443635
56925.48615946489,5.275361317829841,0.19943769391450966
56925.686812625725,5.624795901257487,0.3182762037779905
56926.366876061715,2.9409445142700976,0.6022422160715948
56926.4451675053,4.928708764328894,0.21660359603881904
56927.74766958532,4.349766979790962,0.28607072477414275
56927.75594158532,4.3111087737404015,0.3067483698709539
56928.70667762573,4.143788093009334,0.475741984293625
56928.714949625726,4.462198082497194,0.4512591993876258
56935.276893029804,5.955636985582389,0.31813456867894546
56938.29675802981,4.733035936802681,0.4765561130278655
56938.305030029805,4.3255022538761105,0.4632108198897771
56949.592942702846,6.719385950151262,0.6855464487738389
56951.580029716744,5.001867913794916,0.31707534407974625
56954.599894716746,5.12470876439735,0.39576646322803766
56954.608166716745,5.304713179141509,0.43736207798648546
56956.31289906172,4.035583022784051,0.6504789042739985
56956.37506991878,4.206671457884927,0.21106345315897732
56959.39493491878,5.126750914152977,0.2631550538656106
56959.40320691878,3.9770368867225487,0.2829591091638426
56960.211102080415,5.490555300457006,0.27810720903578745
56963.23096708042,4.553937231216169,0.402350015659796
56963.239239080416,4.329676566750054,0.3863999256202273
56964.04713424205,5.58467007713038,0.29474517312272186
56967.06699924205,4.114706915854507,0.43873132578011964
56967.07527124205,4.7945021662056355,0.4280703301565318
56976.85287610032,4.986673801048541,0.6468322346854982
56977.43535714754,5.30215956814178,0.6962470440851583
56977.43535714754,3.846924312731513,0.6894023664202141
56979.730837702846,5.24520717919537,0.7261714235159921
56981.27533220975,5.227501897692545,0.6119646730867657
56984.15531350641,4.232831413672143,0.7088511656076113
56986.45079406172,3.863650272755681,0.6753136348336519
56989.33279505251,5.379635807503657,0.6308916093686087
56997.01274517694,4.914517624019913,0.463076884855948
56998.93273270805,6.21400054024256,0.6414425132363283
57000.48943977756,4.9224927573668396,0.19750588942234032
57003.50930477756,4.333847753598295,0.2450622094636411
57003.51757677756,4.018612863422247,0.26403826550617965
57006.610088702844,4.682551279016545,0.6941792559065463
57006.84443110032,6.47013457749537,0.7022062101114284
57012.95654430286,5.117987101579301,0.28967265068408793
57013.33004506172,4.132533990161159,0.6394943119110749
57015.976409302864,4.258721549959533,0.4296327758098846
57015.98468130286,4.246860522406498,0.4101279749448961
57019.32435005251,3.4899693181346017,0.7095381792013444
57021.58761666653,5.408725203902296,0.24652617327061066
57022.550451564915,4.178700812330252,0.2550205490759932
57022.55310156492,4.007656726889385,0.22843658880867754
57024.607481666535,3.725340242574383,0.35761249051559985
57024.615753666534,3.9421721887352748,0.36380768897733967
57027.00430017694,5.238613047847216,0.5121291652189993
57028.92428770805,5.442570338893439,0.7374464920385867
57031.17769707061,5.245039908111295,0.26653059876658874
57034.197562070614,4.4815573427131605,0.6946526531222973
57034.20583407061,4.175528963517515,0.36914011414395237
57036.76615910032,4.506766014023816,0.4915443470779999
57036.93174531306,4.9026176129191725,0.37915231413252865
57037.890753353466,4.955789503247576,0.1839003021317781
57039.95161031306,4.721784226990769,0.4982632303184275
57039.95988231306,5.318086053316662,0.5442935467365665
57040.91061835347,4.107210301259263,0.26950477294819447
57040.91889035347,4.193478372624644,0.2637812182133759
57042.13245215793,4.625820893758485,0.39416829225173666
57047.484660615526,4.146248825228548,0.348223167895407
57047.48731061553,3.766995870094936,0.38450667572420705
57049.246078052514,4.026313138633256,0.572014122663228
57053.234882,4.499400760371516,0.2368624819287079
57053.23870885797,4.139803342120351,0.28251080250123783
57053.24135885797,4.223905090454053,0.2558588400011211
57055.152898080814,4.042512389357479,0.20914956405588422
57056.254747,4.0439733227072345,0.3536851491617973
57056.263019,4.486331098804991,0.3370967325581314
57056.92602817694,5.261971276591526,0.36409639055193366
57057.07091416163,4.592296407684958,0.304158440899188
57058.02992220204,4.574977794895393,0.31734849086086553
57058.17276308082,4.305926931076879,0.26017129961414637
57058.181035080815,4.174615177547088,0.2700592328618716
57058.84601570805,5.7046696969509325,0.5543592581280851
57059.95176514083,4.398411756980374,0.2839482312352564
57059.95441514083,4.532337453345303,0.31124846934041484
57060.090779161634,4.061621844523612,0.38144460211127673
57060.09905116163,4.471202883205188,0.41765394031356107
57060.906946323266,4.724450933031985,0.22694896553853935
57061.04978720204,4.440665511505382,0.4695214502335904
57061.05805920204,4.046301785807052,0.4446593892656522
57062.824962404076,5.245330130856761,0.24655286787554478
57063.783970444485,4.686359098344558,0.18314883737829962
57063.783970444485,4.184196175940265,0.37878562680000216
57063.92681132327,4.1279716815979794,0.2879467730048457
57063.93508332327,4.120378593531634,0.30195180210499356
57065.705813383276,3.9381333255483204,0.24068977535098704
57065.70846338328,4.380706010296965,0.2350213567285905
57065.84482740408,4.06773425255778,0.3483637551390427
57065.85309940408,4.013568854407741,0.3292052532007884
57066.712182100324,5.751877939724251,0.5144162064930579
57066.80383544449,2.843532399459309,0.49328729383438047
57066.80383544449,3.852301012631174,0.252875155321724
57066.812107444486,4.049488332370408,0.5065977117109258
57066.812107444486,4.272065953613448,0.2596758163767441
57067.62000260612,4.404480743371969,0.27353751985189184
57067.62000260612,4.336148793455473,0.20171413208858655
57067.62382946409,4.929829457092975,0.33486405637027117
57067.626479464096,4.54209212866424,0.3319266523670232
57068.57901064653,4.792704228542826,0.25127860750372183
57069.53801868694,5.057355723118976,0.3266819143930414
57069.53801868694,4.8247818437494585,0.18792996231402978
57069.53801868694,5.2098893397672885,0.2695772591708474
57070.50085358532,4.291330156691278,0.21963255205004112
57070.50350358532,4.80287711582543,0.22214983058356594
57070.63986760612,4.3873451915184045,0.2947314918812998
57070.63986760612,3.6556875273132876,0.2504498714203917
57070.64813960612,3.9716756828436877,0.27962443921936253
57070.64813960612,4.014872406490936,0.31204741796490126
57071.45986162573,4.383264513674574,0.3103828468957284
57071.46251162573,3.9096631007388503,0.2990110615568763
57071.59887564653,4.807834983403265,0.3682177272108303
57071.60714764653,4.297712390965603,0.34400851943412764
57072.12400715793,3.9163702100237483,0.4299542803488128
57072.41504280816,5.088582906838639,0.3038173692144415
57072.55788368694,3.5868397632551643,0.6459095956495667
57072.55788368694,4.417195455370484,0.5103558427300228
57072.55788368694,5.126780451089161,0.4025348579160223
57072.56615568694,3.969701651586064,0.4381471720785065
57072.56615568694,4.126496038705406,0.2472083551117912
57072.56615568694,4.752663136568843,0.3618500585493569
57073.434733702845,2.604279133644833,0.7464839108870688
57075.434907808165,4.149999883682198,0.3864322290651907
57075.443179808164,3.611047913354085,0.42297341707609903
57077.2100830102,4.954722609922741,0.1953079594692502
57079.19210105252,3.473208573744018,0.5569724289793715
57080.15469006172,5.600648639014515,0.7536385542910202
57080.2299480102,3.7742898878558444,0.2731735942994085
57080.2382200102,4.201821157375346,0.26252823738767794
57081.046115171834,3.9091799564985514,0.4124377972997181
57081.046115171834,4.839559324806148,0.21245663157790717
57081.046115171834,4.750325611955833,0.33156273739783226
57081.046115171834,5.418665768815728,0.3065463282215875
57081.04994202981,4.187744389224876,0.3102421910166351
57081.05259202981,3.2004796925576935,0.31669959092216177
57082.00512321224,4.172148132937928,0.4032398275891744
57082.96413125265,4.996868187283652,0.46399191254763145
57084.065980171836,4.783068986538653,0.3099024650893363
57084.065980171836,4.386739640190051,0.3928837434485537
57084.065980171836,4.469267697724452,0.4823638619372078
57084.065980171836,5.133166276716252,0.6179552711242374
57084.074252171835,4.608851219774858,0.5807797553812357
57084.074252171835,4.053990558273794,0.30098758358149713
57084.074252171835,4.498299221663097,0.4396902635013752
57084.074252171835,4.992862898348395,0.4652435828977328
57085.024988212244,3.684015710066822,0.5224159709657323
57085.03326021224,3.053851445089407,0.5323745254122666
57085.98399625265,3.5170136906588843,0.6060262047169791
57085.99226825265,4.63781501853153,0.6744645158879634
57086.80016341428,4.724929932046475,0.23715186152021042
57086.80016341428,4.339223476142983,0.18434751124913543
57086.87205117694,5.051747217892735,0.40584922443238797
57088.38473795109,5.449566618745879,0.7290111676777384
57088.79203870805,4.882263931636011,0.5152779924209709
57089.677187535504,4.846113406312638,0.28662918498118706
57089.82002841428,4.1926471357480475,0.3323616440275066
57089.82002841428,3.687549152937441,0.23314969874144237
57089.82830041428,4.559136929920735,0.32363569654720453
57089.82830041428,3.9744913380425846,0.2399012795674457
57091.59520361632,4.038799522617216,0.3129228571821991
57092.69705253551,3.858477263306301,0.39863284902502166
57092.705324535505,4.2723779174406,0.3797866520932583
57094.47222773755,4.808615076543466,0.21828103735760127
57094.615068616324,3.5889012755695493,0.46967084516632285
57094.62334061632,4.505891333246323,0.4441670591871876
57095.431235777956,5.126411873863954,0.3377574226876574
57096.850077100324,5.085785191847125,0.5348805017591622
57097.024681841074,4.072708243803921,0.738629070874815
57097.35307871675,4.335365080823298,0.2881286881952125
57097.35572871675,4.911865706422836,0.27377698485750246
57097.49209273755,3.9049916071403894,0.27984748379179647
57097.50036473755,3.888768564601735,0.2804152902806493
57098.45110077796,4.040450238256274,0.4726268516260305
57098.45937277796,5.088461601651858,0.4879529230963002
57101.1852840204,4.5206632397715225,0.4099921961359294
57102.04573515793,4.834790167318053,0.34166476226989495
57102.14429206081,4.658594923084671,0.3069078272579434
57102.14811891878,4.357706276501792,0.20012113466734724
57102.150768918786,4.0980188587778965,0.17538533018978913
57104.2051490204,3.864960813965256,0.5382818011849816
57104.2134210204,4.4636456375275,0.5904885432396654
57105.16415706081,4.28239981832283,0.3827083334412994
57105.17242906081,4.24646476353961,0.4234721612110153
57105.66462573105,3.4903596532751795,0.5096209406047694
57105.980324222444,4.527056170623129,0.21144943794118673
57105.98415108042,4.128201745197607,0.2923783422290857
57105.98680108042,3.9722986094725004,0.2801459423491158
57109.000189222446,4.071599240770846,0.28812988199053585
57109.008461222445,4.402517166366645,0.28643970978991223
57109.32999605252,3.5020026730816864,0.6351892361354252
57109.82018324205,3.924063229409172,0.2838333305432849
57109.822833242055,4.829620740024513,0.2707892888391303
57111.73437246489,4.384028239642686,0.3862954717513349
57112.6933805053,4.4201837750674935,0.4394403890859495
57114.75423746489,3.557128877950989,0.5005886117254192
57114.76250946489,3.8639560993579263,0.5533628938074127
57115.7132455053,2.307822566695317,0.5718958255125653
57115.7215175053,4.060043503476172,0.5914611383442093
57117.00994617694,4.184572975760222,0.4049732908544766
57118.29548095109,5.68839002296641,0.8244314775832016
57118.92993370805,4.573012176910152,0.6694790734175188
57123.72932810032,5.4790206695095245,0.578617917131817
57123.90450727656,4.555324643965492,0.6865924165651583
57126.935424841075,5.233171617636742,0.8537255826752778
57131.991758157936,4.970620195131774,0.3479338404766821
57135.57536873105,5.2740329453918715,0.569553600539321
57136.20924705252,5.075793595089756,0.5965105952340801
57143.88919717694,5.498473342627666,0.3880385750148518
57145.80918470805,5.254385548586358,0.6308226040767864
57146.26248877756,4.711819808649676,0.1865075222466649
57146.26513877756,4.764488045828967,0.1839515636776699
57148.28404395109,3.5978673476661482,0.7813560233973061
57153.81525027656,5.383011305324069,0.7591267818462822
57156.92398784107,7.720597202761308,0.9017755827473156
57157.27842895109,5.760909458494561,0.9498410277446673
57158.729593302865,4.344384526731441,0.28624613161321155
57158.73224330287,4.8293687644554835,0.3114178678646495
57162.129653157936,4.336398449878482,0.37823438514281954
57165.56393173105,4.476348574779097,0.5347539915450648
57165.91837284107,4.654336733048007,0.8956296525055433
57167.360665666536,5.149167751108716,0.23456303141345797
57167.36331566654,5.066921150840791,0.23061092204993422
57172.23104495109,4.613139445060275,0.7753581753461062
57174.55831673105,5.626668983200332,0.6580992723135943
57176.950746070615,4.976073789371869,0.24895249809306721
57176.95339607062,5.017371736737371,0.23561008432882785
57177.664158147534,4.42934249921227,0.6538946860092735
57177.664158147534,5.006374616999396,0.6126973987949393
57178.20011795109,5.405400646732493,0.7153796948341008
57180.870988841074,5.832120455744006,0.7581843034622722
57181.504133209746,4.742647659915022,0.6359889821658321
57182.70479431306,4.690399920342038,0.34627351669100076
57182.70744431306,4.37954583544032,0.31354416832875254
57183.66380235347,5.219570721460951,0.17676659623041
57183.66645235347,5.282612773612575,0.19227825906245452
57183.80381327656,4.710826399670914,0.701496738198266
57184.38411450641,7.094186311452385,0.9264689287164348
57186.840061841074,4.9320210357899,0.706781977803813
57189.008904157934,5.615812827246942,0.36230047803390236
57189.51093273105,6.345860902414953,0.6109264690102697
57190.55397310032,6.803180951433934,0.61312633660015
57192.798198276556,6.495867320596106,0.7934067216024299
57195.48000573105,6.137063248449418,0.5618203540961532
57199.007931,5.268500075632388,0.23766676879434018
57199.010581,5.332843024882971,0.22339067692936704
57200.92594708082,5.374614756491023,0.2010810105257404
57200.92859708082,4.881800163424398,0.1995780446720862
57202.14058795109,5.729829700411068,0.7813560233973061
57202.843963161635,5.251187643824885,0.28919982905168684
57202.84661316164,5.216759092747304,0.26213186475620887
57203.03389205252,5.720437610112177,0.6330404227520171
57203.80297120204,4.9107585033704195,0.3309226046077283
57203.805621202046,4.529254464379644,0.3452111453938995
57206.67999532327,4.817255342731759,0.21893403924628618
57206.68264532327,5.0602341608548045,0.19649224562797707
57207.574901147535,7.009413562838422,0.7484281208695703
57207.574901147535,5.902372537180709,0.7029694293383939
57207.75081427656,4.568738533435289,0.7357766779544136
57208.59801140408,4.8360804559453605,0.2596929922415726
57208.60066140408,5.000582776252884,0.2485589937329536
57209.55701944449,5.029327527860676,0.36755997316918076
57209.55701944449,4.941188466613126,0.16939117823251185
57209.55966944449,5.495993985941966,0.3930582435591892
57209.55966944449,4.845822874807098,0.18119462443145476
57210.71384217694,6.03279282515376,0.46950039776063335
57210.780531841076,4.883971035717862,0.7799744197740103
57211.14405495109,6.078250146294444,1.4672917368891505
57211.41487620975,6.095871469495893,0.7080619094030315
57211.871545564914,9.643868457983052,0.23008520649967384
57212.63382970805,6.940402326755223,0.5959893020334892
57213.39305160612,5.529881825459209,0.18507877681066334
57213.39305160612,4.418008810624782,0.22366404524651884
57213.395701606125,5.569171358025159,0.19452498357651923
57213.395701606125,4.620027948266799,0.21329252701936172
57213.71988727656,5.903172130319525,0.6766562021430866
57214.29485750641,5.535806388604052,0.6410163398686679
57214.35205964653,5.02831169708395,0.2505220697607
57214.35470964653,5.406580568594929,0.2672739769276148
57215.31106768694,4.993281244531827,0.17684847019050462
57215.31106768694,5.083068585330156,0.30945429671155067
57215.31106768694,5.0785143899794996,0.2516813014438494
57215.31371768694,5.198510407108504,0.24123337236623793
57215.31371768694,5.110927222555554,0.18686735348026712
57215.31371768694,4.8272256063289145,0.30881147515627133
57218.188091808166,4.875935190654757,0.27619760837676505
57218.19074180817,5.259678770434864,0.2768086650324658
57219.42047573105,5.680801708302508,0.5057543173831853
57219.78399884107,7.366926853393867,1.6448744210706923
57222.9831320102,4.99678893965458,0.20440802263572963
57222.985782010204,5.396848320369616,0.21883076425807418
57226.81916417184,5.664847860432834,0.20477747621966966
57226.81916417184,5.689087579287045,0.3167251622302873
57226.81916417184,5.07529872862573,0.4108595914427039
57226.81916417184,4.560142033131851,0.28108164114621836
57226.82181417184,5.696221028886826,0.3448309536534254
57226.82181417184,5.615418814448775,0.20257082238109564
57226.82181417184,5.634685026834107,0.388063284619165
57226.82181417184,4.395227869215174,0.25488939158298146
57227.778172212245,6.515347017710164,0.3945873130700547
57227.78082221225,5.26595657214743,0.4012807676980531
57228.423942731046,4.012740450511176,0.9600825459193035
57228.737180252654,4.748903291736606,0.42471427309297927
57228.739830252656,5.028607693913673,0.4302686867532331
57232.127632951095,7.920134756926756,0.7344637568151935
57232.57321241428,4.872745134893467,0.17884350514098052
57232.57321241428,5.705144699000411,0.25111337748869367
57232.57586241428,5.133110364180607,0.22881373392792173
57232.57586241428,4.688544397140549,0.1854483124707664
57235.45023653551,5.700156254612804,0.3003463536340529
57235.45288653551,5.557020581713335,0.3026126684549611
57235.81148861552,6.470691829030137,0.36135746937189567
57236.805754615525,6.255125106047267,0.32129784986860516
57237.368252616325,6.124951903831878,0.3104871023414953
57237.37090261633,5.68078484464469,0.3362774477136546
57237.56346414753,6.132374146916427,0.706330621965012
57237.56346414753,6.093130952753496,0.7235266307112482
57237.66035727656,6.810348507054678,0.678643445027501
57238.126493951095,4.186201715597546,0.7709961040361422
57240.24527673755,5.3123405473686995,0.21365747023408455
57240.24792673755,5.402378433458234,0.20368029907281185
57240.76757684108,6.799266387426535,0.8475796524335054
57241.20428477796,5.608088405786715,0.32286923897368114
57241.20693477796,5.454827691084018,0.33950897371283106
57241.403439209746,6.06966313231873,0.663944541821473
57241.56553685797,5.820653777127716,0.24910700950109146
57242.55980285797,6.178382340462617,0.23204975350101675
57244.28342050641,4.930756164395628,0.6715192480868507
57246.55784914753,6.984196392576476,1.2484429756009736
57246.55784914753,5.349314218950282,0.7599565885354602
57246.663824276555,7.961955758572794,1.2927014963115355
57246.76643784108,3.466496033592745,0.7710348848768865
57246.958333020404,5.160329464946658,0.3772070748456161
57246.960983020406,4.4939362387196375,0.3991232157081625
57247.91734106081,6.7984151383792595,0.2841115268798379
57247.919991060815,6.831542767007541,0.24828876914281484
57248.27859314083,5.892198370281497,0.29502285612697166
57249.27285914083,5.832962004581624,0.25471637250945
57249.40752073105,7.919576553599636,0.5127142391820364
57250.397824209744,6.716135449355427,0.6962681576733079
57251.75337322245,5.328553619445213,0.22239107902943495
57251.75602322245,5.503797789720407,0.22550455413584705
57253.277805506405,5.020443819902821,0.8759342598773564
57254.03264138327,6.416976392342454,0.22248543092906004
57255.026907383275,6.462759773523347,0.23338623597212999
57255.40638173105,5.935998840927049,0.5622070164183115
57255.833549157935,7.796929620024942,0.4069676602572602
57255.95065746409,6.295281708002804,0.3225269595566296
57256.94492346409,6.548632803282944,0.2684787258968665
57257.50742146489,6.160097610756746,0.3557661632213445
57257.510071464894,6.205968280357084,0.32661757718768547
57258.4664295053,5.499565723673408,0.4287054386827466
57258.4690795053,5.401739159515188,0.3954617213050861
57259.16059195109,5.827431045971512,0.7366447924701754
57259.786689625726,6.537482013982771,0.2915190618042208
57259.82194758532,9.2350853909245,0.20929372950163558
57260.78095562573,6.501092300898445,0.2454967776093369
57261.510465147534,7.106713829938533,0.6312988893841293
57261.510465147534,6.433921142561585,0.6669566511960586
57265.350440209746,6.240017323970292,0.6486563451347944
57267.479538147534,6.941626172962989,0.5722731349347732
57267.479538147534,7.425953137789128,0.6136577395454016
57267.64740227656,7.042855924531156,0.646847558876871
57267.800535841074,8.0770611567841,0.6643191870424773
57268.08460695109,7.245649480623568,0.8555112356666954
57268.23042150641,5.403778875420874,0.6569506949080169
57269.376770029805,6.907744727208372,0.299336360065079
57270.37103602981,6.5798523097832975,0.281542635880961
57271.319513209746,6.5938298758619975,0.6198271742399147
57273.64626327656,5.073001415355431,0.6612550697888754
57273.66353470284,6.813839016426769,3.1098418165118433
57274.19949450641,6.209601973125096,0.6314557268450589
57276.44047973105,8.348771731195457,0.5173541870479373
57276.72455084107,6.264011735461276,0.8039994198100293
57280.383491061715,4.510308449251271,0.6151371723237224
57285.364494731046,7.726245392520436,0.5799934832375978
57285.679906716745,7.483739594382297,0.2656281363521924
57286.67417271675,6.978267737843968,0.2445870797638549
57291.420008147536,7.349125877752145,0.6328645545546474
57291.420008147536,6.576865456014234,0.6668065697950701
57291.46921291878,9.838883137837339,0.16922064371563134
57294.310979080416,7.249742298881312,0.2621571189962188
57294.68036127656,8.140807618170085,0.6617518805099791
57295.09527195109,4.749999432410396,3.4291333085454725
57295.25998320975,7.642163362948534,0.5909980033450349
57295.30524508042,7.6218710913082415,0.24632695444566943
57298.13996450641,4.613890132756003,0.6246267175424808
57298.14701124205,7.474049348585989,0.2638909975532795
57299.14127724205,7.649265947246603,0.23366393937345992
57300.42347514753,8.059426397847671,1.3479084394958436
57300.42347514753,6.058908079506063,1.3147064873828715
57300.673124615525,7.372821325942765,0.26268602952977427
57301.09861195109,6.6960284955681,0.7453689350901035
57303.57427770284,7.413057393873531,0.7601948398625457
57303.604376276555,8.399149193143952,0.7780055892482185
57303.73521584107,8.77602104155293,3.608778493782473
57304.26345020974,6.296802054520812,1.1999050370944648
57306.42717285797,7.663711609505792,0.18336550200080343
57307.1434315064,6.622529402287654,1.22466900159568
57309.738555841075,5.725963478840666,0.7503622104272892
57310.294234061716,5.2037705410323625,0.7097001848393253
57312.37515973105,7.733978638963605,2.451825784806405
57313.14022914083,7.622029023425805,0.2204623001699587
57318.37849973105,9.725289598079357,0.5622070164183115
57318.894277383275,7.635577388107256,0.17081561502490794
57320.81229346409,7.581424050824938,0.23146743545594178
57321.40705314754,9.553107900063097,0.6909651699576158
57321.40705314754,8.008701140117756,0.6755682052211464
57324.64832562573,7.954005110074139,0.21138142159278056
57325.24702820975,8.541982939364479,0.6202639798595341
57327.40591414754,6.6168660555246515,0.7216960739724089
57327.40591414754,6.508616927432166,0.6635785988486208
57328.12700950641,6.172725322891174,1.9708520847240523
57330.61504127656,8.93073666472479,3.112519167713978
57331.24588920975,6.030350626552984,0.6259424529145857
57333.56284070284,7.834541506823373,0.7500385961770072
57334.12587050641,4.209157514756538,0.642382141729184
57334.238406029806,8.144996898884843,0.2232825389555431
57335.58358277756,10.527012819563133,0.18573298934696947
57336.61838127656,7.922210900884505,0.6761593914219831
57340.282797061715,7.49095370738198,0.733579733454377
57342.55722570284,6.652354741826708,0.9191400535412209
57347.05642130286,8.143998808748247,0.2938899049251666
57348.050687302864,8.10709783413881,0.27359436888997574
57348.440012147534,7.764297625600891,0.5990191799196376
57348.440012147534,8.371888776994481,0.5891690504086133
57349.27718206171,8.207340165833521,0.7918458320751024
57350.541542716746,8.275637394652044,0.19751835780034827
57352.279987209746,8.673024625250296,0.5647896661678715
57355.15996850641,5.82080371016498,0.5590682282377302
57355.68749366653,8.56304254482708,0.2248429786545214
57356.681759666535,8.848769370433184,0.2148024845958397
57357.36402714753,7.214159148584626,0.7267546016576973
57357.36402714753,7.8677098830017815,0.681361762452993
57357.50984170284,6.460401736170034,0.7322651697273151
57359.17261508042,7.824904944217939,0.19308003732109436
57361.20400220974,9.498587246330942,0.6814167666062487
57363.00864724205,8.196363157953545,0.19302673252590155
57363.47891470284,6.7955577777928,0.7474995352556227
57364.0839835064,5.135626443472972,0.6291793904108662
57364.229798061715,6.332318008579689,0.6519116771909016
57365.27757407061,8.751976884651576,0.22322070011917722
57366.271840070614,8.71978566414103,0.22989190700129683
57370.198871061715,7.815715568546677,0.6227786278805388
57371.03162231306,8.475407081810731,0.31384306648731186
57371.990630353466,9.155302627300589,0.187301254945221
57372.02588831306,8.428142315997743,0.28694223221697085
57372.98489635347,9.164841885191953,0.17535644506386058
57384.37469214753,7.3299190627429,3.1998553805403414
57384.37469214753,6.109270807485742,3.10899716013718
57387.334759,9.724249311235246,0.22449657136961151
57387.419384702844,8.77399404773567,0.683515200036731
57388.214667209744,16.1904493389,2.9969233562086357
57388.329025,9.338593759164565,0.197653497229134
57389.57709156491,7.740745410939176,0.18660291489964592
57390.24704108082,10.716471814242105,0.1842319722716166
57390.378032147535,9.078542939512335,0.5990191799196376
57390.378032147535,7.886916698011028,0.6319042138041852
57390.78277410032,8.592803635489343,0.5645737929295883
57391.094648506405,9.20207384951484,2.756643421807377
57391.17079116163,9.165239024779346,0.25346536741599
57392.12979920204,8.558051424448516,0.3142050118879079
57392.165057161634,8.91462291676288,0.24705453376706085
57393.12406520204,8.764620858594196,0.29591567968160853
57394.13934106172,7.834819207438719,0.7221175501191526
57394.21800720975,7.9916078586440475,0.5639160549286327
57396.00108932327,10.712022711571072,0.1876336428839077
57396.42285170284,6.443643934088896,1.374647582837616
57396.92483940408,9.382162261419502,0.242741228746468
57397.09798850641,8.091221669628792,0.6706087135131736
57397.883847444486,9.23670486081386,0.17970942259185269
57397.883847444486,8.674457628268826,0.3667581407669792
57397.91910540408,9.546463969141286,0.20422361228421854
57398.87811344449,9.365637158966543,0.35312698992955327
57398.87811344449,9.226073942383024,0.16548275233882215
57401.71987960612,9.246086442947032,0.18223655530589253
57402.67888764653,9.161493540853774,0.2607893677017123
57402.71414560612,9.20919929599628,0.20887335838344262
57402.71414560612,9.314383353811671,0.1896764880683808
57403.14280806171,10.848418242658198,1.3682981356424415
57403.262693052515,9.170142615835491,0.5780308001367701
57403.63789568694,8.652399553175101,0.2928695005853396
57403.63789568694,9.661170049989352,0.17920138975097913
57403.63789568694,9.189412425071394,0.23368189887449892
57403.67315364653,9.104645133306695,0.22188171234629717
57404.63216168694,9.214239187236014,0.2148549375663277
57404.63216168694,8.87417298974653,0.27474193272645786
57404.63216168694,9.261173724708684,0.17464735189199618
57406.51491980816,8.73060278614659,0.26910935117063567
57407.509185808165,9.1758186654902,0.2523663988044335
57410.94264317694,10.208076213199192,0.38249099568807815
57411.3099600102,8.998670491592646,0.2020900820178528
57411.918057302864,8.616687114575644,0.22272373960696468
57412.3042260102,9.509046675788117,0.19161642441115007
57412.86263070805,10.415236603757318,0.6189283058180995
57414.51130061552,7.369307900297804,0.2748352583955263
57415.145992171834,8.93559025488253,0.38508222911147144
57415.145992171834,8.411690558689783,0.20239429007400972
57415.145992171834,8.772728837885788,0.24640116255785838
57415.145992171834,8.825522699318862,0.3288520265499154
57416.10500021224,8.830792554024846,0.3665074546306466
57416.140258171836,8.946077997555166,0.30117424210276417
57416.140258171836,8.613285547638958,0.3275653934336196
57416.140258171836,8.750632588294753,0.17026541018437186
57416.140258171836,8.522326081644657,0.24058066265491684
57417.06400825265,8.507455992480502,0.3953552294602093
57417.099266212244,8.434409436054597,0.3671604745943537
57417.406429702845,9.479852983880587,0.7261714235159921
57418.05827425265,8.606245206866445,0.410233123193032
57420.26534885797,8.282347486805168,0.21380796583427014
57420.549129666535,8.253496249273255,0.17197016419656982
57420.69351710032,10.017279090286813,0.6327881104832697
57420.90004041428,9.353560295486723,0.22008778644761964
57421.89430641428,8.947318962792657,0.19885464757888452
57421.89430641428,10.54040369133086,0.17943059912585035
57423.405290702845,7.545088561785531,0.7769526419436839
57423.777064535505,9.084122121411088,0.28817982143759785
57424.12638606172,7.376331874029734,0.713998503590035
57424.77133053551,8.546766949400997,0.24667047629675193
57425.69508061632,9.118351323360498,0.30848118659032736
57426.689346616324,8.454679769116932,0.2881354696856239
57426.97840514083,8.782160368186995,0.22393921728712513
57429.53111277796,8.18403611347547,0.31907421175247147
57429.56637073755,10.653777303220814,0.18088692430600178
57430.12524706172,5.548113632061402,0.6323304473265594
57430.139210070614,8.858292626074562,0.16900390768036377
57430.52537877796,8.462970614234377,0.29046554500796795
57432.73245338327,8.398197708920437,0.19087309630415686
57433.173436052515,8.065652536763745,0.8208467124618825
57434.65046946409,7.065175297254104,0.2611352158887464
57435.2851610204,8.509579056761986,0.3652690143757737
57435.89325831306,8.070938093648227,0.22910543853573767
57436.24416906081,9.021335167860046,0.2496363336971856
57436.2794270204,8.35064249050677,0.3723962146562766
57436.85226635347,9.09748642947206,0.14682162145838845
57437.23843506081,8.1428353754565,0.2311073210745875
57437.527493585316,7.706288195832012,0.15238525408302075
57438.486501625724,7.553718266146544,0.24803870609684506
57440.080201222445,8.240097626098574,0.20495561843352725
57440.85338617694,11.662125952532499,0.4391347003930302
57441.07446722245,8.386875738258002,0.20077466614777378
57442.77337370805,8.805258375170773,0.7790765359439904
57444.43938870284,6.868174920144399,0.6423824131103008
57445.422828951094,8.939223666717101,0.675575794130679
57445.83424946489,8.754782008584517,0.33045291745527217
57446.7932575053,7.693824214960341,0.396500587473138
57446.82851546489,8.222743606664887,0.2994633680931715
57447.7875235053,9.015435125083687,0.3487127437427511
57448.076582029804,8.036354732918749,0.2577220051183517
57450.68208010032,9.539778867411044,0.591859519951061
57451.159345061715,6.477983255131502,0.6031973980161968
57452.196395,8.753072920984263,0.16558255846204667
57453.36340370284,8.479462980855057,0.7383589159386382
57454.06277284108,7.482023365194329,0.72521976852913
57456.032427161634,8.403726962599896,0.18460826526082644
57456.06235015793,10.719887333939411,0.3594271505224583
57456.99143520204,8.486751605925521,0.23333187103817804
57459.67646510032,8.713181842937018,0.6757230044729402
57460.08336006171,6.7659706114290215,0.7149536855346371
57461.78647540408,8.8054512305609,0.1766393817448472
57462.70271673105,8.90556547510355,0.44002172261625755
57462.74548344449,8.770742325768174,0.14203219697668393
57462.74548344449,8.248363889738933,0.26652909049178813
57463.161999052514,8.095735924131457,0.6876202826905822
57463.40272595109,8.693857155531626,1.1962980567576345
57464.379718716744,7.7693141658818154,0.21539717467020725
57466.58151560612,8.666524040224209,0.14211107523853997
57467.54052364653,8.759231615206955,0.19313327811146286
57468.49953168694,8.12631439233436,0.21457383515229678
57468.49953168694,8.412149266532296,0.13631753324555626
57468.49953168694,8.367129373210663,0.16944265177354106
57469.17475891878,6.675628390785121,0.14024661728708973
57470.84194917694,11.101528462669055,0.4423464568453728
57471.376555808165,8.318872811535387,0.1996933150830239
57472.042669841074,8.36815476187168,1.1140895365539947
57472.15638405251,7.601508845947601,0.7013726883443939
57472.40842095109,7.386326280369908,0.6837546778368617
57472.76193670805,7.2080240375756786,0.6295482149776415
57473.010791080414,7.624389526577647,0.21214819007516517
57474.62908110032,8.965976078577132,0.5689876605360031
57476.1715960102,8.511645412880974,0.15264068216981397
57476.84682324205,7.165507592891565,0.23253512807213889
57479.836334176936,10.549690308584726,0.5232243238725466
57480.007628171836,7.781424948166057,0.1784953303568738
57480.007628171836,8.10718432462089,0.23996924453664106
57480.007628171836,7.695646519888352,0.2703992701684376
57480.007628171836,7.557715523161634,0.149611130255319
57480.37406870284,11.541570452044873,3.388630705679871
57480.59815410032,8.99406432698159,0.521237638248426
57480.68261373105,6.991586980419479,0.8688302378899211
57480.94259827656,6.91467875848643,0.587727083065544
57480.966636212244,7.894770063546088,0.2687177150654985
57481.04836484107,6.0885733631052315,0.7241023266669895
57481.756321708046,7.530869276025751,0.6733022407149539
57481.92564425265,7.912340243167593,0.2925985767455136
57484.42260795109,8.175861187473396,0.7006577041629722
57485.76167641428,7.9496523008781175,0.15968483888952845
57485.97309315793,8.92275158132712,0.4411863788026396
57486.37740870284,9.165009429628899,0.6840230122210079
57487.09402506171,7.3333486865226405,2.9008875657564372
57487.109000052515,7.71324714188482,0.575452224076681
57488.638700535506,7.936054745029929,0.20718888652198164
57489.68830873105,8.008508887696067,0.46476811123439504
57490.556716616324,7.69214522428009,0.2243760047377857
57493.062551841074,5.637126850800502,0.7000773266309706
57493.078073052515,7.489770550010381,0.5346247697919276
57493.097365061716,6.336616327330398,0.6714929070552437
57494.39274877796,8.125943004473877,0.23441591220241045
57494.78895017694,9.939456582639625,0.420740095256886
57496.70893770805,7.118816800635526,0.5930157274688174
57498.92249527656,8.558128623897101,1.0388312178276022
57499.387046951095,9.233663480139676,0.7093818467829003
57500.1467970204,7.345826631560559,0.26744819052587143
57500.75802317694,8.610957322806989,0.39504604363814483
57501.10580506081,7.275767422355866,0.19382470173699612
57501.70249573105,8.217306541661602,0.5049809927388684
57502.38028995109,6.727108253651594,0.6842999367506071
57502.67801070805,7.501133530379033,0.5331194398090013
57504.53862410032,8.709169236022095,0.6199477683555182
57504.941837222446,6.7772091082429515,0.15193758519290995
57505.389841951095,6.789267769818581,0.671213722820715
57507.92819027656,7.395591536514704,0.6041218368619627
57508.02699084108,5.828768130157584,0.6950488382513387
57510.69588546489,6.9675901506944555,0.2361035468726386
57511.020233841075,7.911679761187319,0.625767442798633
57511.6548935053,6.183312806612893,0.273568090920331
57513.28912877756,6.082743041110627,0.13298729887770913
57513.54209110032,8.219631192401557,1.1006580767632275
57514.02978584108,6.8015012711508165,0.7157215127009363
57515.96165615793,7.776032692668984,0.4174161239352387
57516.66693473105,8.360371600860208,0.5552470946194599
57517.018543052516,7.481175296476748,0.6008082220008962
57519.66017773105,6.767322833567607,0.5138742261485116
57519.94237727656,7.415463965358847,0.6413826409447319
57522.66972973105,7.146251909282838,0.48758118824174057
57524.69849317694,8.488326621899361,0.5903792315124382
57524.95604115793,7.331972986354901,0.4247300485098236
57525.75623330286,6.464872674823787,0.22746815062817827
57526.02201005251,6.027717923939531,1.2660808455040342
57526.61848070805,6.872434908134156,0.5705015200505887
57529.34076395109,6.602243962403874,0.6434055182196943
57532.28233895109,5.938118605461851,0.7137439180928643
57533.701960176935,6.567112307679854,0.794179777306544
57534.38730566653,6.153217156976888,0.19942130220807197
57534.52566910032,8.829547443469771,0.5421031942060227
57534.702249147536,7.066594762461236,0.6045528443992647
57534.702249147536,5.1264172108071815,0.5622795093956693
57534.90681627656,7.410495858147811,0.6687072306054292
57535.621947708045,5.5143609248119425,1.1724379712134207
57537.90005927656,6.5902613576057885,0.647344369597975
57537.980707841074,4.8962628962014065,0.6525860474900029
57538.54222420975,5.755599891812388,0.5302820222179396
57539.90865715793,7.350257797791363,0.35498655345931746
57540.52453010032,6.233390769514945,0.5593574039401892
57540.90961127656,6.1510806801502165,0.5767972472012655
57540.92228284107,5.536557083207866,0.7458924429787277
57541.42220550641,5.177055766575281,0.5408575367641889
57543.97738607061,5.7522634154978505,0.18509951793563653
57545.87773015793,7.224876233655622,0.3333059913275122
57546.62065173105,6.7402564710165205,0.49802107094001735
57547.00558805252,7.799199677221144,0.6485118791125554
57549.56222673105,6.202795843216346,0.5571804062302523
57549.73143431306,6.051881032579853,0.2687094445448508
57550.690442353465,5.73634964896703,0.14524557015459788
57552.682146147534,4.989626027774517,0.9600907872153083
57552.682146147534,6.1866333993175475,1.0549343143828223
57553.00444905252,5.116191286697828,0.6055356114443938
57554.68553817694,7.802178652535252,0.406433180150996
57556.522121209746,6.087135357103506,0.9203494405380551
57556.60552570805,6.027090139034623,0.5798470401109855
57559.20316495109,6.145862251598887,0.5839722966214345
57559.40210250641,6.826489146791321,0.9701745882529346
57560.68439917694,5.892643452687899,0.41344064877428904
57561.55862810032,7.5174249822901285,0.5417019335145304
57561.68784114753,7.736629303202755,0.6289931958509513
57561.68784114753,5.190279870712924,0.5949310949113871
57562.14516495109,6.444664136331423,0.7175607304890828
57562.60438670805,4.3844025902366885,0.5934405238351991
57564.86053327656,3.9333176211438,0.590707947392166
57565.527816209746,4.976338666411396,0.5691577223640655
57566.034571,6.070776224100592,0.18508651495362946
57567.802108276555,5.427227459502289,0.6851019844018476
57567.84310884107,6.712105922179583,0.6095645357975968
57567.952587080814,5.590567218621342,0.13210278818960916
57568.40779750641,4.966722280055874,0.5381259330431577
57569.81820015793,6.524829167231067,0.3824137706140106
57569.87060316163,6.255551582157098,0.2076397787403122
57570.48264310032,6.084924313662815,0.6363994567067002
57570.785108841075,5.875700688367481,0.7157215127009363
57570.82961120204,5.655191478329946,0.2503352345737219
57573.702028147534,7.080230467622706,0.5637200205213627
57573.702028147534,6.335228773737183,0.5630503608020607
57573.706635323266,5.410359888358499,0.15017440842327143
57574.038547052514,6.328981560293343,0.5079794838376676
57575.624651404076,5.405820199449467,0.17052069787975016
57576.48305273105,6.287861554091194,0.46206147497928624
57576.583659444485,5.577480202105811,0.1382801081187418
57576.583659444485,5.205730656345013,0.24728511283895147
57577.542003209746,5.283849822623447,0.5342132727945142
57578.82166715793,6.396835487175831,0.8175922828018128
57579.42505273105,6.543058686715735,0.49956772022865054
57580.41969160612,5.77481444337034,0.1427798332396626
57580.41969160612,5.04390738885496,0.1595410064681822
57580.42198450641,5.1470081256439375,0.6009528186268761
57581.37869964653,5.407661336799247,0.18329828745217738
57581.71849717694,7.151068026287607,0.38657868571833237
57582.33770768694,5.29232973060504,0.12379392913335323
57582.33770768694,5.322198203894129,0.20634571924471906
57582.33770768694,5.286438523108204,0.1737873351523497
57582.96256205251,5.013478006970923,0.6141308649780262
57583.63848470805,5.494395495592003,0.5309954579770929
57585.21473180816,5.638533896969365,0.2048261909909107
57588.66646714754,4.395679373627871,0.559822389855612
57588.66646714754,5.224852137729566,0.681361762452993
57589.20921395109,6.548263329943069,0.6335908577722753
57590.0097720102,5.13414838367691,0.13933398603015085
57590.642512176935,6.888287952914118,0.4423464568453728
57591.659710147534,6.448326253818521,0.5435528647616547
57591.659710147534,6.426073098944395,0.5422991190034595
57592.17189895109,4.339419470360033,0.663580098028278
57592.50644220975,6.873385472418407,0.5783306403760726
57592.562499708045,4.940036237463918,0.6473896623656713
57593.84580417183,4.79312630955452,0.24781603909640046
57593.84580417183,4.756583904856128,0.216571100555283
57593.84580417183,4.889421149910721,0.30687336108609975
57593.84580417183,5.393870769055943,0.16020306868047432
57594.66926214754,5.835815554450833,0.5630503608020607
57594.66926214754,6.362855927027376,0.6054948431664722
57594.72293427656,6.652362697743736,0.548479036098361
57594.80481221224,5.3247283688810745,0.2705135199656932
57595.38642350641,4.164996587933199,0.9861089432922839
57595.49968520975,4.245126059168538,0.53727091213185
57595.76382025265,4.971079838146759,0.33762900177685706
57597.49330810032,4.060162864392948,2.576093639380211
57597.66493427656,5.753632103267346,0.6304528050804531
57597.849157841076,6.305357084360471,0.6274436055918435
57598.10597995109,4.499180332087466,0.7966232729821803
57598.37966650641,4.890237375866999,0.5413128040510276
57598.50923720975,5.693136688206816,0.5263507716413651
57599.59985241428,5.071623222268132,0.12270264283780033
57599.59985241428,5.228126236743896,0.16967120100587416
57599.805245157935,7.109943133197859,0.38554830971740445
57600.10862395109,8.62297349674471,0.9863733749656162
57600.811842841074,5.63042219962766,0.6911377917338473
57601.38921850641,4.8524501910594,0.605505491495262
57601.79670256491,5.071015137582011,0.14528443401905064
57601.79670256491,4.9597334434397595,0.16517088491669377
57602.476876535504,5.21945895312542,0.19406811650619685
57603.49664810032,4.164891904872423,0.5236452023973794
57604.39489261632,4.990176707456869,0.24543812012504915
57605.804106157935,4.2627367809487335,0.3495011100283788
57605.80870756492,4.971067690065359,0.17722640178210433
57605.81287856492,4.807236307022599,0.1622858039574502
57606.48910173105,5.684668331524092,0.4690213967781375
57606.745923841074,7.077509411099499,0.8727220943316649
57607.27191673755,5.081162191192868,0.1384636680674193
57608.230924777956,4.853461839107723,0.24434136801172796
57608.748567841074,5.445485571443421,1.017989536409919
57609.10301595109,3.228181804146697,2.7344734524337007
57609.45178673105,5.358325331622403,0.4589681764020191
57609.97322705251,6.78925738701935,3.0685055115067223
57613.9849730204,4.465427437597626,0.2920370314936064
57614.94398106081,5.138103310348271,0.2048298122643573
57615.38586773105,4.777558523740488,0.5548604322973019
57615.976567052516,5.979584504151191,0.5591212423627796
57617.38851173105,6.519858947386232,0.7199652438589381
57617.65317717694,8.803662709947549,1.8546433622982232
57617.742959841074,1.2064698674137535,3.237229074620785
57618.620184147534,5.237257513237831,0.5137085191920525
57618.620184147534,4.553573953156427,0.547874398138735
57618.780013222444,5.4397491589599305,0.15674123249994576
57619.07289895109,4.907579258482848,0.7366447924701754
57619.08258995109,5.693297353190119,0.6973861506804993
57619.57316470805,6.20125664925111,3.2403466827594123
57621.56175914753,6.076991098021249,0.6285320571443157
57621.56175914753,4.149270497211804,0.6352654064308025
57622.460159209746,6.323010391697976,0.519361881727455
57623.65651717694,5.813809430675852,0.41256471519637744
57624.53406146489,5.593234319207428,0.26157020624941446
57624.72898327656,5.728294756491063,0.594185622439891
57625.34014050641,5.621396638529698,0.5781894542849495
57625.40173420974,5.548990833732417,0.6464723170366975
57625.4930695053,4.636614226744971,0.27616525634046074
57625.57650470805,5.618436034575453,0.5212251415503144
57626.38290373105,1.1928121350099756,2.035003801519652
57626.73091161552,5.45967897287742,0.26235767199286203
57626.73091161552,5.697738187138777,0.2267308792378864
57626.83820415793,5.511328190467158,0.32076783491393784
57627.69166827656,5.3586675799899925,0.6130644298418274
57627.71284284107,6.536108828892467,0.733600582495183
57627.72253384107,6.129359991073356,0.7665651174283252
57628.093697951095,5.128954377463522,0.8386082093405847
57628.281715506404,5.020899087189661,0.5936685420374599
57630.701625702844,3.084466335097087,0.5905855703140551
57630.74291661553,5.692812824085094,0.2531636609593199
57630.74708761553,4.760277419254395,0.2433129348519534
57632.48495985797,4.702455883789483,0.17637676516743936
57632.48495985797,4.888427355456964,0.15860879016736162
57633.62574927656,5.233968088992993,0.6860956058440548
57635.62839327656,4.634814359342066,0.8704123833734858
57635.76221915793,4.405097098561191,0.3852870981254549
57636.35278673105,4.707572643429818,0.566073639639895
57636.36247773105,4.978622931262857,0.4659280982008702
57636.50113585797,4.486871120455206,0.1871560033341534
57636.73364184108,3.5408059174250823,0.9364162804736685
57637.42158206172,3.4357287615739605,0.6031973980161968
57639.19801614083,5.155607040274392,0.1787392947639619
57639.19801614083,5.089931939172359,0.20642585699324992
57639.67458048401,4.6750880187517065,0.3741321768735159
57643.21002114083,5.008803873105143,0.20140364337956512
57643.21419214083,5.200678188089512,0.2008885445473923
57644.62278527656,0.9852428021151098,2.6599246007886093
57644.95206438327,4.562749454516235,0.17343180823524473
57644.95206438327,4.672847585451242,0.15577250406547125
57645.37358573105,5.108154809185919,0.6058998588222105
57646.073814951094,5.206381143215383,0.6810283832681335
57646.87008046409,5.1046049952862305,0.22588636784977062
57646.87008046409,5.335191209541199,0.1957779768164787
57648.48258514753,5.11597803339267,0.4754340065412982
57648.48258514753,4.598229798052923,0.5128219607468615
57648.68152270284,5.54989448976152,1.139022729333126
57648.96824038328,4.574740340063612,0.16580124470509558
57649.077984951095,3.9762770338055278,0.6952051150255172
57649.747104585316,4.740844180534998,0.11921111912335428
57649.747104585316,4.619475394097193,0.13593304081034063
57650.706112625725,4.929110209939475,0.18408913677953548
57650.706112625725,4.73913450192571,0.21526120717897715
57650.882085464094,5.43506294565163,0.23572667126065125
57650.886256464095,4.959203497125455,0.21839598764148824
57651.424585147535,4.41240386283847,0.5805259836544527
57651.424585147535,5.42586324425179,0.5750399671745862
57652.322560209745,3.822735024996586,0.48179659844018735
57653.75910958532,4.423487279701332,0.14276565397276517
57653.76328058532,4.284137932309779,0.1547227270070081
57654.59266827656,4.408765481239934,0.6875860380073656
57654.602359276556,4.586623719395018,0.6200197799372776
57654.71375884108,5.319773361952625,0.720191280149498
57654.71811762573,4.771243072294234,0.2211477784132065
57654.72228862573,4.410021655648343,0.19599606495786298
57655.202541506405,4.874758288114489,0.5276547854458712
57655.26456020975,4.884609486291325,0.5272243828806036
57655.401479061715,5.268722913265302,0.9523163987682475
57657.68721770284,4.808996512901498,0.634765230346147
57657.71792884108,4.273847778989195,0.6648779079735474
57658.14454150641,5.534895854030375,0.7475488849888876
57660.296193029804,4.520659228798694,0.2432287297748365
57660.296193029804,4.667026959990631,0.20979374804177636
57662.77288415793,4.374274130711154,1.6571263393273805
57663.35370273105,4.914436985784562,0.438475073327624
57663.61346727656,4.3526258697552285,0.7337894350699992
57664.093500951094,7.95121451501025,1.7704556929316504
57664.30819802981,4.634022471584606,0.23490585878549092
57664.31236902981,4.4618251407705625,0.20003589929564722
57664.407174061715,4.391388297148316,0.5874368959302629
57666.35787273105,4.8715174680249795,0.4531682415696431
57668.77622415793,5.043759440877623,0.35263564913177237
57669.70140470284,4.383957714661719,0.606327748026639
57670.66119356491,3.993231322093167,0.17908109668447522
57676.421361061715,6.047673789088276,1.3611342710579262
57676.599329716744,4.3463112952334155,0.15908498276037902
57676.599329716744,4.238065397177806,0.17757192265302246
57678.488634147536,4.295612274287946,0.5012577741128916
57678.488634147536,5.653164112435746,0.5070599162440877
57680.61133471675,4.285498992954983,0.20165359435528168
57680.61550571675,4.042249783841253,0.20007247449604243
57681.37338873105,3.006258425932865,1.2852655588545168
57681.39436991878,4.159665723519474,0.11843903888475654
57681.39436991878,4.272941837482123,0.10248791263287327
57681.451319147534,4.273477616369439,0.5533664479627137
57681.451319147534,5.7141457500901005,0.5305882646304138
57681.59358427656,4.847449347974402,0.5921983795554767
57682.32860920975,4.461781646499754,0.4922799333110527
57684.59775427656,3.85730558081495,0.5961728653243055
57684.665843702845,5.935831749811978,0.9724603328902967
57685.20859050641,5.3286597730925145,0.5435891404852197
57685.230402080415,4.552737976325977,0.20495266073400636
57685.230402080415,4.5575349958867495,0.17593069239133255
57685.29129420975,11.507893096580137,0.5324660503160366
57685.406374918784,4.370806235259378,0.13099958757585295
57685.410545918785,4.08568948582958,0.12483490110169525
57687.385400147534,3.5573292049643594,0.7129204404586295
57687.385400147534,4.912261223454092,0.7452244223587345
57687.65908670284,5.024308879034912,0.5992183774467627
57688.17127550641,3.8891046121090422,0.5599787628114077
57689.06643424205,4.54114674079802,0.1762199864840102
57689.06643424205,4.4571130105885635,0.2055690803183579
57689.24240708042,4.727829190294173,0.19511877063442254
57689.24657808042,3.8199932384179727,0.17221300223173372
57689.388044147534,3.6334170915592328,0.793158575413223
57689.388044147534,7.181066246421246,0.868628208793139
57690.668638702846,4.808488700717222,0.6489839715059007
57691.079766951094,8.901055542754918,3.2486526080957105
57691.225375209746,4.876310179518556,0.6578292631468017
57691.38580006172,5.725777473757384,0.6017646250992937
57693.078439242054,4.252672741571526,0.20883009074439643
57693.082610242054,4.511045106096125,0.1752165986606138
57693.228019209746,6.419107628014242,0.7582945556592614
57694.10535650641,4.0338796093237,0.6806245938236215
57694.379043061715,3.2504234643211625,0.5549607098137931
57695.59540261552,4.052666927208566,0.3270441067645689
57696.10800050641,3.732037398149745,0.8918686149167054
57696.508714564916,4.264222855050686,0.20669544300866355
57696.508714564916,4.4095072890697375,0.1945368875375657
57697.38859506172,3.2007540032018564,0.5840937591241557
57697.50907156491,4.698015384994093,0.22761227996317937
57697.50907156491,4.712440789790311,0.21813272823995053
57697.51322956492,4.373443777079193,0.1767112087536679
57698.382436147534,1.8123803390552693,2.4952215416052037
57698.382436147534,1.6990090894448011,2.5554667369801467
57699.61327027656,7.024970738571427,1.747780116842422
57699.71971084108,6.226018712148503,3.0288261673315966
57702.22241120975,6.060927019926342,2.477124668861562
57705.10239250641,-0.27886739889781786,2.464817090943871
57708.06250714083,4.452497134358518,0.2597385861231348
57708.35231914753,4.889097789727957,0.617925866891697
57708.35231914753,4.805663400152778,0.6693575030722143
57708.35965473105,4.80617153558021,2.2314282611761183
57708.36201014753,4.480990034355456,0.6294543345575869
57708.36201014753,4.551653271655502,0.5987724579132357
57712.192294209744,5.451583180557293,0.6307473147303995
57712.201985209744,4.578845552557752,0.5770202235172144
57714.61956070284,4.281887465622058,0.5966793165253781
57715.072275506405,3.811253906059652,0.6059607587821005
57715.081966506405,4.806468195088707,0.5727262468428869
57715.73457146409,4.401096736508337,0.2789065101083969
57717.37311814754,5.053263169290229,0.7313659887240533
57717.37311814754,4.556454975407814,0.8426990085306573
57717.56113570284,4.726730939048638,0.690116758432331
57718.61159558532,3.452536988198899,0.16982639820815706
57719.570603625725,3.3598038331778826,0.24696842041789424
57721.21309320975,5.74730058503962,0.6870952396613007
57721.339517061715,2.4623506009272385,0.5554383007860941
57721.44292361553,4.612516527643898,0.2981486435162938
57721.44292361553,4.484457088248132,0.31292473267734355
57722.443280615524,4.965500879824532,0.2966710346001888
57722.443280615524,4.793113172945617,0.27220839810022857
57722.44743861553,5.195351155663084,0.29650685583173253
57724.09307450641,3.72429785427349,0.7680359128966218
57724.28109206171,4.251454142264114,0.5998542612100897
57725.50873977756,4.082124561197275,0.10626591383821604
57725.50873977756,3.9651700933432608,0.12299582447163782
57725.64680748401,3.8619452528300755,0.2498801874967098
57725.65265048401,3.9720419522778787,0.2139021589271599
57725.65528548401,3.465203932319958,0.2207832026426476
57726.59953627656,3.126993820792677,2.690230054775928
57727.19697185797,4.739176365456311,0.1992382263342063
57727.19697185797,4.576895527122266,0.21309724683426692
57728.19732885797,3.772598525452076,0.2372616928343728
57728.19732885797,3.792735563785497,0.21250498100093113
57728.20148685797,4.074654100453399,0.21001746450092024
57729.160684029805,3.372677023371737,0.26977581827533487
57729.52074477756,3.842793895191379,0.12694594226008463
57729.52491577756,3.9814352842368645,0.12423507711115053
57733.657368444,4.554938936623973,0.3975423410283358
57733.91002814083,4.527186465023575,0.23952095696035236
57733.91002814083,4.4924172938519105,0.24982293360380825
57734.91038514083,4.313420449671862,0.23475629276275395
57734.91038514083,4.086776963515829,0.21750048188496512
57734.91454314083,4.086776963515829,0.23282467214210592
57735.35323514754,4.094050904060222,0.5656407020222873
57735.35323514754,4.063659504850243,0.6036305669859935
57737.97584430286,4.0333620264518935,0.2220647936317963
57737.97584430286,4.184919600740656,0.1930711707243807
57738.35740514754,4.247705424134188,0.5502752500148906
57738.35740514754,4.671440320195957,0.5824181864807562
57739.19321020975,3.59122804659831,0.5320292446964168
57739.66407638328,4.186671680530318,0.20013878059076642
57739.66407638328,4.03297032942303,0.21365577884417328
57740.664433383274,3.8356657581434614,0.22848087370274858
57740.664433383274,3.776801410910883,0.20700628776790056
57740.66859138328,4.175770875487248,0.19392532171621646
57741.582092464094,4.606715016735696,0.26377887949166956
57741.582092464094,4.640495162773048,0.2501199508765666
57741.98784930287,3.9516527255309946,0.2096766092986278
57741.99202030287,3.8080025029442544,0.19544337623498745
57742.07319150641,6.404001104605153,0.5440444077720588
57742.19738020975,4.585834442471661,0.5158674367704997
57742.58244946409,4.439282988550561,0.2416014792671474
57742.58244946409,4.755053918899719,0.2648069708928065
57742.586607464094,4.164635714246874,0.25555414828257533
57744.45911658532,4.281440848166715,0.17153455149876318
57744.45911658532,4.179850678778036,0.181423860023325
57744.48196170284,5.841886495720748,0.5631637123631016
57745.07736150641,5.415160557591839,0.541768071337866
57745.41812462573,4.859541640807674,0.24723599183763192
57745.41812462573,4.994665207775211,0.23506149223956674
57745.45947358532,4.289532100595903,0.1785469702707252
57745.45947358532,4.210417632399409,0.18457045819023093
57745.46363158532,4.061178976483294,0.16757882808893845
57745.463820716745,3.8111630351832106,0.220262158852482
57746.418481625726,4.27088451738474,0.2302452066842882
57746.418481625726,4.408683798549655,0.2509819917139597
57746.42263962573,4.482265938977521,0.22475999257966528
57746.60691666653,4.246591423493179,0.16374550416977735
57746.60691666653,4.2337737715033725,0.18414693358688594
57747.42396170284,6.031808252640316,1.9164831834610865
57747.82086510032,3.768446341678086,0.49034056500352274
57750.25886091878,4.126530533720876,0.13346546216551614
57750.61892166654,4.008396724015943,0.18425374735346767
57750.62309266654,3.7883603648575983,0.15242324491211498
57751.20191806171,4.878053497923062,0.5048136577221853
57753.37292114754,3.207656391383531,1.4117009031795624
57754.094893080415,3.841579826441449,0.21850424099318877
57754.143918061716,4.295392511715809,0.6385391299664729
57755.00820502981,4.471869985068048,0.26977581827533487
57755.00820502981,4.259493277064061,0.2842690936188502
57756.008562029805,4.639762382611741,0.27881617814307214
57756.008562029805,4.408730963769566,0.2564305251372465
57756.01272002981,4.599583005421797,0.24423321420458508
57756.19699707061,3.7286639945882314,0.147296012270292
57756.19699707061,3.6661876126763175,0.16709784857118676
57757.21289620975,1.9894618394540053,1.5375557810602534
57757.93092524205,3.8964700642657686,0.22801988286685462
57758.55780656492,4.132333439770981,0.18340871812334053
57758.55780656492,4.0200213595718575,0.20319213041529635
57760.09287750641,3.3278511008944864,1.403133778036389
57760.21317307062,3.7509013508619633,0.16413286773468913
57760.30078405252,4.551912892214869,0.5419307352955149
57760.472154951094,5.354691567754161,1.421489988134528
57760.563563564916,3.7572729150693185,0.25677220537267664
57761.46860161584,4.085356490404143,0.36390780980417015
57761.95104531306,4.3481615287915885,0.20220460426539666
57761.95104531306,4.064208278160211,0.22701315142582226
57762.910053353466,3.80527205148043,0.139770865625641
57762.910053353466,3.914766142059567,0.12334675203877042
57765.80076210032,5.571310628552743,0.8510739266550511
57765.96305031306,3.840034659240703,0.25316674029976494
57765.96722131306,4.273436989151753,0.22551866063302556
57766.46022095109,4.169298689271436,0.8080737101708365
57766.92205835347,3.6866534533530313,0.13495976164564852
57766.92622935347,3.719833480801255,0.12251725135256485
57767.98073417694,3.5725873826592967,0.352125298320475
57769.90072170805,4.516939056547772,0.5072068614597187
57771.31134171675,3.8841377979173295,0.21965403582969753
57771.31134171675,4.039817291750117,0.2063969539329994
57772.311698716745,4.482530852337104,0.21709991913400348
57772.311698716745,3.9352201318312128,0.23960047097702347
57772.31585671675,3.8464341705047014,0.21734316834311723
57773.45656695109,4.218917250422277,0.8522396821842222
57774.488010702844,4.477902968752948,0.5545309052303935
57774.80645710032,4.246749085936841,0.5031809071312751
57775.100164841075,3.235185568129679,0.7794156988429396
57775.45461195109,3.120765798138833,0.8037116388608725
57776.106381918784,3.9277193949292872,0.15003305706481515
57776.106381918784,4.0756718703090735,0.1414024960009943
57777.10673891878,4.08800124325739,0.15904891103327098
57777.10673891878,4.165830409993632,0.16636947622133327
57777.110896918784,3.9778074725318193,0.13107664615678002
57777.45069570284,4.260559353882428,0.5717965194958092
57777.75204273105,3.0263648666851015,1.0049353752896775
57778.254182,3.8479283992093647,0.1700061362230242
57778.254182,3.939416030175038,0.1462796736868718
57778.280681052514,5.351701233519352,0.8659717935134515
57779.94241408042,3.8475761008924145,0.24656680542370793
57779.94241408042,3.9471142567784447,0.2307366408731587
57780.172198080814,3.922275121065141,0.1176268539149394
57780.172198080814,4.0203634188825745,0.10133153992268822
57780.35918714754,8.806471102597335,2.574537399146526
57780.35918714754,6.19623680682217,2.848850836246376
57780.942771080416,3.538168339222586,0.24644687993468872
57780.942771080416,3.9087381002922648,0.2297772369610042
57780.94692908042,3.289922576952608,0.19763720590382824
57781.20796706172,3.3827161636485474,0.5568710737029972
57782.09021416163,3.8301195183122863,0.1590836498067572
57782.09021416163,3.707838802416047,0.18282747813612393
57782.096510841075,5.153274524493703,0.8095866291207314
57782.266187,3.506106481315644,0.16739220390971918
57782.270358,3.7323121622747246,0.14245931107511844
57783.04922220204,4.1949026099832345,0.20618364354445234
57783.04922220204,4.032013245020881,0.2421907663256043
57783.38477670284,5.067980726882727,0.7921870074719914
57783.49201561553,4.471322786771643,0.33755154794575976
57783.49201561553,4.648635856704241,0.32014859848941235
57783.74010873105,4.516174793961411,0.5544737699751435
57783.77844624205,4.414469028094212,0.23529444458647925
57783.77844624205,4.522333219109335,0.22287752027194754
57784.094555841075,6.199758828388203,0.8157325593625036
57784.170652061715,4.7629540735985145,0.6151371723237224
57784.18420308082,3.6026971184986607,0.12466706238731977
57784.18837408082,3.802037852772801,0.13661168575057187
57784.19916220975,12.088844570673928,2.319001034559342
57784.77880324205,4.373079280379106,0.23968426631383893
57784.77880324205,4.230096515545105,0.21924023941213527
57784.782961242054,3.8375210296412234,0.20745043248722636
57785.38742070284,3.1118881930480393,0.9252337997525437
57785.49777261553,3.7259511779809094,0.3992827648852568
57785.926246323266,3.6985403676235675,0.13220409999958785
57785.926246323266,3.793875806678791,0.11204023280118229
57785.96063117694,3.1474676195128524,0.621620862457953
57786.102219161636,3.6698486770890604,0.19636146028386298
57786.106390161636,3.642543274510289,0.1819964441445961
57786.448749951094,6.387957209301891,1.6548608032176035
57786.82064410032,5.0998293160493535,1.0781874780396616
57787.061227202044,3.416177137136896,0.22675914227653923
57787.065398202045,3.7976811761276714,0.20947000792527193
57787.07914350641,7.2726510878930934,2.6924507343631423
57787.286376052514,5.506845559801415,0.7293072623286987
57787.41562195109,3.322511596224669,1.4798326919052969
57787.844262404076,3.8621063521733747,0.13400920727490961
57787.844262404076,3.8219838350251987,0.15687904204937025
57787.88061870805,3.927746496376389,0.8823020529747376
57788.803270444485,4.682935930109616,0.2009391999917031
57788.803270444485,4.292389768260636,0.1391399618153535
57788.803270444485,4.50172180721207,0.23541799328636867
57789.24606385797,4.315114028787786,0.23169439400101519
57789.24606385797,4.433567195454971,0.21807227983428873
57789.93825132327,4.174373886447867,0.14148454096956528
57789.94242232327,3.941519185746614,0.13372271761285687
57790.104733061715,4.44487848604603,0.6934620917810909
57790.44440395109,4.740184771962978,1.0414445252539122
57790.73645473105,5.727201186961516,0.594686651479617
57791.25182085797,3.270357098783209,0.27469289350120357
57791.85626740408,3.945360575255841,0.15667842946362937
57791.86043840408,3.969434085544747,0.15687904204937025
57792.107377061715,4.786833622213566,1.8540081544725862
57792.63930260612,3.9869144008351203,0.1487185526659313
57792.63930260612,3.9923256277362453,0.1269834579464106
57792.63930260612,4.0193246904236695,0.11745062394714625
57792.63930260612,3.9064717777342395,0.13040781021889558
57792.73449973105,4.482148509611472,0.5838601064591818
57792.81527544449,3.7672433267954695,0.23654055864945098
57792.81527544449,3.680330273308827,0.12983790818837204
57792.81944644449,3.922798812822566,0.2621991955198999
57793.59831064653,4.010228048617258,0.1497944731183478
57793.59831064653,3.8826974005078423,0.17281483587030166
57794.37323077756,3.737457420832798,0.13988064168499859
57794.38181270284,1.37212364971532,2.6690608405594785
57794.55731868694,3.7408571779065625,0.15890548846509217
57794.55731868694,3.4721577677997315,0.1815328072109305
57794.55731868694,3.5806330727140088,0.1468916761406766
57794.55731868694,4.093858767382695,0.1244011341812176
57794.55731868694,3.6447688749726144,0.12951294262544166
57794.96632617694,4.438593713354594,0.3527092540390825
57795.08869384108,4.432524523413134,1.4744645370942784
57795.95912014083,3.8137745824642453,0.2603824596633508
57795.95912014083,3.8189255707859733,0.27416135342397324
57795.99192427656,2.6593955700899805,1.2604087994398023
57796.055565841074,3.6022652198428053,1.5325715139255804
57796.40517295109,5.076609521743953,1.21265582417
57796.43021095109,4.01117360428524,1.14831527234803
57796.651307606124,4.179914826975263,0.1535886568769442
57796.651307606124,3.6431483147922394,0.13793133773152416
57796.655478606124,3.664946400218156,0.14249564172963702
57796.655478606124,3.730922802439573,0.13651022697913875
57796.88631370805,4.515239871082244,0.6741518334477172
57797.43434280816,3.755257284099476,0.17659537349753338
57797.43434280816,3.9446848473667258,0.15887473048220999
57797.61031564653,4.055620313198575,0.16805945577130652
57797.61448664653,3.732470620107767,0.17032906900037237
57797.910907151345,2.875445595623841,0.43948890319366046
57797.96487714083,3.845968259475045,0.31330886466910607
57798.56932368694,3.2368850785674335,0.1970890888486944
57798.57349468694,3.641862658393519,0.21380244928596137
57798.57349468694,3.9271732945951827,0.17140810377824026
57799.084347841075,5.078964640661364,0.9989930247535318
57799.300563052515,4.5033497097498465,0.5165747373712998
57801.101769061715,0.9240778382428614,2.594274161539178
57801.44634780817,3.9947914931341924,0.19553812982425844
57801.45051880817,3.8090302698011467,0.19773793378478133
57801.71316838328,3.677604085018946,0.2014468771959348
57801.71316838328,3.719027144182613,0.18956499969898843
57801.78508310032,3.060221221194274,0.4959582146844146
57801.97999027656,3.113083120601776,0.7477001352608997
57802.2293830102,3.846403595967568,0.1396773846402066
57802.2293830102,3.9880555226155954,0.11950271629942698
57802.40509295109,4.1851111977700555,0.6532201786671135
57803.34008048401,3.4486894274027877,0.246341365014459
57803.631184464095,3.6858388617174516,0.3044619249366544
57803.631184464095,3.747524345785658,0.29036238572106404
57803.71892538328,3.2502925273305996,0.26172832908411214
57803.72863773105,3.6983839825963987,1.2056131204898868
57804.35169570284,4.388020212135933,0.6977339411964848
57804.36138670284,4.082317277201229,0.6352730425304238
57804.69550973105,3.0542045538805063,0.9461627023216012
57804.77832610032,4.262398252905038,0.4927481291524762
57805.04511684107,5.696351269493944,1.3252860484985334
57805.07015484107,4.947106500928796,1.2610331414254587
57805.37353495109,5.025900442765622,0.7819012823110524
57805.636941464094,3.3685992293666676,0.3571883267949559
57806.06541517183,3.2638682005809123,0.1630952576970075
57806.06541517183,3.912858628941514,0.23255045695286844
57806.06541517183,3.579510288588912,0.28179742358020704
57806.06541517183,3.6885686826059354,0.13901919183016367
57806.06541517183,3.7618295900465935,0.12242515496408697
57806.06541517183,3.8513124084080292,0.23602945372679446
57806.06541517183,3.0116465381201127,0.1841945698451707
57806.06541517183,4.079781349576395,0.20073527173784422
57806.2413880102,4.03784832107369,0.13152166765138085
57806.2455590102,3.7219215998223314,0.1328094124390902
57806.50820858532,4.172658454396537,0.19275161342418662
57806.50820858532,4.253570978688406,0.1724335795464506
57806.84033530286,3.6142723862447044,0.25843861146109937
57806.98051317694,3.4721469990587632,0.4589891948256938
57807.02442321224,3.5093328697751556,0.2572898657006231
57807.02442321224,3.6399368625165884,0.21353752813224308
57807.46721662573,3.8668516735808183,0.27479584807061475
57807.46721662573,3.972542384377209,0.2636916341515003
57807.72429173105,4.743532239390549,0.7300184642350565
57807.787878100324,3.849099740668027,0.46385735936503497
57807.98343125265,4.080389933341771,0.31283251222215236
57807.98343125265,4.316452513902559,0.2785141706784415
57808.51396558532,4.0108334058127975,0.20677645096811065
57808.90050070805,4.09044350470057,0.4859670431406355
57808.97633627656,5.1132430837648215,0.8038397467456051
57809.47297362573,3.037380272393958,0.33954813164713743
57810.07742017184,3.9648417431954037,0.14652181488131535
57810.07742017184,3.190953529443653,0.2291264011449736
57810.07742017184,4.193935580905112,0.2054151424079784
57810.07742017184,3.649652771122878,0.28074528634219753
57810.08159117184,3.697395297960232,0.13495894876718748
57810.08159117184,3.8932097525864666,0.1810417990644107
57810.08159117184,4.005593473738671,0.21985291666525797
57810.08159117184,3.6777097641364644,0.24339441439286086
57810.97438127656,3.0167018407076807,0.695535009545023
57811.03642821225,3.4391332236766345,0.2579428856643303
57811.04059921225,3.331384929664953,0.2561470807641356
57811.045036841075,5.6326570833519405,0.7375116290126739
57811.07165206171,4.642601148578656,0.747907462623408
57811.08134306171,5.318392374384608,0.6328080382988606
57811.81946341428,3.626430099248445,0.15784269442146465
57811.81946341428,3.946604373761266,0.10127371239005044
57811.81946341428,3.7786494052937147,0.13437959119665233
57811.81946341428,3.8651450833605736,0.11793250421073274
57811.995436252655,4.8540404074485535,0.3290990093700387
57811.999607252656,4.235120028163128,0.29517741165920286
57813.100441157934,3.2400933984665947,0.3333059913275122
57813.372494702846,4.684074715569377,0.8368744796883603
57813.68506073105,2.7669144485168164,0.8661236016348128
57813.71009873105,3.728156981402595,0.8185641360093298
57814.01347884107,4.511862895625104,0.722984884804849
57814.26500205252,3.51360626535209,0.5135663986345286
57814.696487535504,4.0898799344937755,0.17832319248725537
57814.696487535504,4.261642741973138,0.1516045335460211
57815.47140766653,3.1100929470636745,0.20123713623996112
57815.83146841428,3.6875117316105595,0.15677618972942775
57815.83146841428,3.9473382412423534,0.11756557047018901
57815.83563941428,3.7932260702140157,0.12196877535671301
57815.83563941428,3.6390342456088813,0.14397813342498464
57816.61450361632,3.7608369113839437,0.19987517663423426
57816.61450361632,3.5401861787554703,0.23598166015525743
57817.05729702981,3.620928175295316,0.2648968939022703
57817.05729702981,3.5262196433475923,0.2772377026106101
57817.258245052515,3.7641579058574717,0.46543297884618773
57818.70849253551,3.879947614241221,0.1780846330324229
57818.71266353551,4.071987975381342,0.19048972468371025
57819.06305402981,3.06702676117681,0.3752466833989365
57819.38251495109,5.106053503086212,1.0310846058927474
57819.49152773755,3.8165760253047205,0.10301632012045842
57819.49152773755,3.8165760253047205,0.12224062552876443
57819.629595444,3.4348379339356665,0.2560230863287556
57819.635438444,3.0150598216109206,0.25082781266137005
57819.638073444,3.706446841266578,0.2464637827807665
57819.68498073105,5.250833206062368,1.1077875529838117
57820.09245106172,4.431983529793903,0.9002589827874355
57820.22075177756,3.647611604468125,0.16241954906613634
57820.22075177756,3.6971817100486337,0.15289279439988226
57820.26779705252,3.7899436664583686,0.5329057190852011
57820.33836995109,5.330154916635614,0.9263948944536107
57820.450535777956,3.3558857125842287,0.21792214004869165
57820.450535777956,3.5923451009826746,0.1909190617439308
57820.626508616326,3.306640273440916,0.22781471745407364
57820.630679616326,3.7665680992444237,0.20589292388773822
57821.22110877756,3.5322062024135032,0.16296172209592316
57821.22110877756,3.5019994193253803,0.16861581226369995
57821.22526677756,3.208451450340804,0.13469127125703914
57821.94495217694,4.336401462598237,0.37373165990896184
57821.96851927656,1.1834702798354417,1.4650948165344806
57822.65342273105,3.148936822809314,0.5247007711689468
57822.93539127656,1.705618347715312,1.2917078748693285
57823.50353273755,3.856322479524425,0.13002768594731876
57823.50770373755,3.768718049815689,0.13611132689931435
57823.86493970805,3.61339718525395,0.5148531960545893
57824.46254077796,3.866754761593217,0.23018299722490723
57824.46671177796,3.6332146249033936,0.22230101761162585
57824.93819517694,3.3147709328939747,0.34832958614952436
57825.96417327656,5.3457505012413,0.8728964369790038
57826.2045840204,3.847142813263998,0.26744819052587143
57826.2045840204,4.176775826237258,0.23769212935477177
57826.34930195109,6.227651088660712,0.6657611336832594
57826.85818270805,4.399270463060047,0.4991357304984674
57827.16359206081,3.9679680889696494,0.15103952713572397
57827.16359206081,3.847810249538256,0.17327434228284183
57827.94774717694,3.7816435299208724,0.36643221342636495
57828.02245884107,3.707304754884004,0.949825582819353
57828.97831384107,4.036391383284357,0.8403162803295928
57829.86773470805,3.655452025525735,0.480019894011292
57830.216589020405,3.4515831976960882,0.2843752911920658
57830.220760020406,3.9023786154378968,0.2740408507853366
57830.81553631306,4.144910780971234,0.2672149537520541
57830.999624222444,4.339358099922286,0.1572749710896163
57830.999624222444,4.462117975546534,0.13797142542986143
57831.08033815793,3.2526315548801685,0.5098850274853479
57831.175597060814,3.3402276007252647,0.19315091945981072
57831.179768060814,3.5704365454302716,0.17630636253017606
57831.352611702845,4.783605903687652,0.603788687105255
57831.73880010032,3.8996585877960497,0.44820819239683735
57831.774544353466,3.427849239256889,0.16556833696663467
57831.92494227656,3.3898066922564745,2.5029324129198756
57831.94998027656,3.6486450779514445,0.9767298776896537
57832.31456395109,2.5074694771361647,0.7153796948341008
57832.687856302866,3.35991923982965,0.2568571411206949
57832.687856302866,3.230765828696618,0.2706950065992341
57833.36043371675,3.1397952180293167,0.24337083371828627
57833.36043371675,3.3052046802266535,0.23047862563525862
57833.68821330286,3.407363350041785,0.2560664059504927
57833.68821330286,3.8224993143979615,0.23867023220604336
57833.69237130287,3.4679863797572903,0.23669339428053762
57834.356781702845,5.570714789316875,0.6022652505524243
57834.68037510032,4.353484429873778,0.5236452023973794
57834.989245841076,4.282787313886319,0.7492447685651489
57835.01162922245,3.9684097801011884,0.14757872004393302
57835.01580022245,4.316229427703225,0.1463333300013682
57835.30121095109,2.891484424908848,0.8037116388608725
57835.36619071675,3.5460213972492456,0.2765743507623103
57836.662402731046,3.831782483741046,0.6998588031067013
57836.75367246489,3.77344206904288,0.19667624892184724
57836.75367246489,3.5878116000916815,0.22398387162706468
57837.61825773105,4.035166865196363,0.6534593244476932
57837.7126805053,4.158735789441102,0.21106297647587563
57837.7126805053,3.940573894150205,0.2503667465005055
57837.92486227656,4.005355175703821,0.59965054037203
57838.07256806172,3.3058240171080815,1.2441244828441749
57838.155473918785,3.7281376703284286,0.14356013626694952
57838.155473918785,3.6202556570306674,0.15889479387141703
57838.294969951094,5.042803469091733,2.703938953263953
57840.08603315793,2.487281590468248,0.8181147059857117
57840.161230918784,3.4160504175741906,0.18748352739532378
57840.76567746489,3.471217255957045,0.24837663572891625
57840.76984846489,3.319337781360611,0.23119431133012774
57840.89330427656,3.5368626657031363,0.9891501457172435
57840.954507841074,5.478450106376564,0.7246610475980597
57841.07673806172,2.7301836181936547,0.5922128056532733
57841.31892866654,2.9712350505074365,0.20999586509966228
57841.31892866654,3.1432052147040057,0.20038262610730745
57841.7246855053,3.79340118700952,0.2598896863743145
57841.7288565053,4.07043216515669,0.26750803827336167
57841.99150608042,3.387062223058252,0.22354111153199993
57841.99150608042,3.1663993232627163,0.23925135059352998
57842.28772195109,5.482282153570608,2.218113261116709
57842.319285666534,3.468987202778254,0.21085037523231603
57842.319285666534,3.3440150958776407,0.19408061387898595
57842.32344366654,3.327993030890384,0.1880990429504096
57843.330970951094,6.113146716774156,1.9727467499312323
57843.62918973105,3.459813329824666,0.46476811123439504
57843.94115484107,4.428613476895643,0.7715936058079572
57843.99726308042,3.4026525366307627,0.3122859734062916
57844.218719052515,3.579359954884377,0.48176396056008913
57844.35715795109,1.9779031149282567,1.7115677302471362
57845.827538242054,3.4298947263863964,0.2364232558878003
57845.827538242054,3.4863352914524492,0.24833848629063376
57846.934913841076,5.229819292050321,1.252093606528336
57847.118673,3.1914292451370123,0.18267365435673272
57847.16029405251,4.327147012310385,0.5629891064529141
57847.440828615836,2.9417301710034165,0.23601125447471746
57847.446671615835,2.9464308100966887,0.23855743398357315
57847.44930661584,2.957007248056552,0.2101577394617194
57847.83329524205,3.179047770537271,0.3240942669570694
57849.036689080815,3.3313722301810804,0.14800258485195134
57849.372297702845,0.9541942220554169,1.5178506188037064
57849.59445173105,5.074515187158138,0.5065276420275021
57849.75157514754,5.387629894932924,1.2133905382091001
57850.348896951095,2.5276069793386142,0.8522396821842222
57850.909009070616,3.6375967260386615,0.20913704114581347
57850.909009070616,3.7720797854083754,0.19484159782698582
57850.927665841074,2.3432434737691983,2.2957843057674845
57850.95470516163,3.2222775130804973,0.19897328140009332
57851.6153574142,2.4135629522447832,0.35436394475835714
57851.89866917694,3.8852956699737486,0.3462857411343975
57851.90936607061,3.0657789932855515,0.20691330551844037
57851.90936607061,3.2923882429321543,0.22819763223758394
57851.91352407062,3.558177596489619,0.178640095398981
57851.91371320204,3.9619993951686414,0.2750544101337984
57851.97091484108,3.880508243515769,1.8812133749133901
57852.10022015793,3.3445780352463785,0.328081759488523
57852.58109873105,2.4811709924417595,0.5579537308745688
57852.99710184107,1.7914506822442613,1.5962657000675842
57853.44599095109,2.353804610064407,0.7911706838447259
57853.59155020975,2.1571951973878516,1.1020605782997215
57853.81865670805,3.9880675804025865,0.46217844662326174
57854.79073732327,2.9662292074471655,0.1441843056153769
57854.840244176936,4.244136459058213,0.3687680363007959
57854.902284276555,3.9661071287366365,0.851036765250446
57855.57485773105,4.799598276103517,0.9241229499585725
57855.739641147535,4.249959542331023,0.7018531114993752
57855.739641147535,2.6314519411061585,0.6429481324345013
57855.858139276555,4.662635759723868,0.7849609393436687
57856.09225406172,3.9787496970802287,1.535932566920102
57856.24466595109,3.925567954827196,0.6930240793705351
57856.47153150641,3.470713975504422,1.122233862057008
57856.66305731306,3.464917470248725,0.246740429890739
57856.66305731306,3.303512464626679,0.26258203229438426
57856.70875340408,3.3706055171082117,0.18677031732476176
57856.760231708045,3.1945479680016184,0.5794222437446038
57857.62206535347,3.4212132337672445,0.1673102884076664
57857.62206535347,3.489232290036102,0.16067428291802166
57857.66341431306,4.005923137241139,0.29142570459536105
57857.66341431306,4.64855417814373,0.26168533781870623
57857.66757231306,3.750365211672899,0.26228313413582494
57857.667761444485,4.23390978487676,0.2958761564123641
57857.667761444485,3.9945677151614793,0.15946377646253998
57858.62242235347,2.9177063172404543,0.14599212077218288
57858.62242235347,3.113468479184972,0.15785398058492275
57858.62658035347,3.154114012809046,0.15262812626182756
57858.98884084108,3.2888227775124186,0.9352988386115281
57859.56760973105,2.612636181975615,1.601168676057928
57859.57961620975,3.2789120285704456,0.6613237081037563
57860.61085873105,5.630535606421916,1.4414771370065098
57861.50379360612,3.362269954320772,0.1561549932621134
57861.50379360612,3.537782568041708,0.15999194204327588
57861.60120110032,3.621183667900432,0.40928590532208964
57861.86907127656,3.6044289237732237,0.5599056826837435
57862.085934841074,1.4109617281854492,2.6472197714106454
57862.24364095109,3.5656970717551637,0.7399163459526484
57862.45959750641,4.022042659865896,0.5973106803321683
57862.46280164653,3.36500943063996,0.2156132567612582
57862.735987147535,5.867172986502054,0.7285991564842398
57862.735987147535,3.9125465022228507,0.668397162321752
57863.42180968694,3.562152785538861,0.23347278887751405
57864.54320110032,3.6524820018368267,0.5011746036738133
57864.734032147535,3.1930296267222396,0.6926303373666634
57864.734032147535,4.194406512483531,1.0995901592793191
57864.88460984107,5.311951268917642,0.8090279081896612
57866.29883380816,3.8420273292089897,0.23061278186148465
57866.32485595109,3.0393586423166292,0.7257396141952654
57866.57596220975,2.7346522265246858,0.6905896846182559
57867.064659157935,2.8493208569102,0.3155436030749486
57867.30838695109,1.2379867689756088,0.739371087038903
57867.62878473105,2.8732465871103763,0.5595003801632027
57867.83433327656,3.035580648109617,0.6284655621960387
57868.57400720975,3.6864516716753366,0.6600132912448982
57869.45594350641,4.038887549478924,0.6314557268450589
57870.05790215793,2.898428636196699,0.2917733482075479
57870.72587873105,4.164312080797268,0.5622070164183115
57870.820980276556,4.999970239353203,0.6915605237761943
57870.883584841074,3.6145570803263496,0.7648889546351146
57871.0938740102,3.3785229897665063,0.1635435880390865
57871.45398850641,3.67740532372912,0.8599999048380076
57872.35130648401,3.214144137329164,0.2884140323034408
57872.966194,2.93003601380652,0.19463742148301294
57872.966194,3.050679043651362,0.183477941222365
57873.067454157936,3.176096558438976,0.3165884494427467
57873.35135448401,6.391220321394335,0.35388224822508074
57873.37625748401,3.1592923888542765,0.35604486196423407
57873.52455373105,2.7011818537498886,0.49570109700706694
57873.81473927656,3.5766075233914236,1.2420268027589696
57873.966551,2.6676374238939866,0.19694974622170575
57873.966551,2.9853307358187395,0.18227151092391655
57873.970709,3.1622738462578415,0.16618577361127088
57874.08112005251,4.15008478951756,2.303098184336769
57874.88421008082,3.199269441991471,0.15678306957593133
57874.88421008082,3.294193601169633,0.14879361951176934
57874.929906171834,3.402400520190649,0.3112572662444726
57874.929906171834,2.832386993239214,0.16982407941665706
57874.929906171834,3.31364886255989,0.2916154196390573
57874.929906171834,2.8818978944503755,0.20820413194480453
57874.96479984107,5.171153594287949,0.728013373184481
57875.72817014754,2.190099053660485,1.290266101166394
57875.72817014754,6.275464918735308,1.4995720818468619
57875.884567080815,3.6699350645831927,0.15591293145013152
57875.884567080815,3.673890237882283,0.16129196713689406
57875.88872508082,3.2443584176010978,0.14286085956313413
57875.88891421224,3.5909603652385504,0.29320596370451707
57875.94833084107,3.1832803936332565,0.6995186056999004
57876.358563702845,1.9894201409223413,3.0549981006099363
57876.695042147534,2.269019341881691,1.222513775338492
57876.695042147534,-0.60998128690151,1.262136640061623
57876.802226161635,3.2804498924874466,0.22437917771251575
57876.802226161635,3.443095116543608,0.20752105959866537
57876.84792225265,3.536850882302648,0.36123525983293564
57877.023120052516,3.833779459479892,0.5290378549950667
57877.45140595109,3.3148779714322316,1.178849771517779
57877.761234202044,3.4947641114608388,0.294201054787268
57877.761234202044,3.660511184580427,0.2766261496202772
57877.80258316163,3.5760605551880618,0.22710971797039292
57877.80258316163,3.190223344835852,0.2500225123082317
57877.806741161636,2.6666719301733153,0.1939870774509263
57877.80749127656,6.001043842376933,2.209317276747655
57878.30117095109,3.950649864859489,1.035991936116457
57878.76159120204,3.6690843090521295,0.28462773246053313
57878.76159120204,4.139177300917167,0.2646237753598933
57878.765749202044,2.9460841452718585,0.2424765371413277
57878.85074027656,7.971891972994865,1.7105193127596527
57879.52352873105,3.497706237396189,0.5792201585932809
57879.56814520975,3.4200002437075083,1.2527585170684112
57879.723824147535,4.11945728835315,0.8438838331431384
57879.723824147535,4.129583511827327,0.9238478019447204
57880.535017209746,3.6947509784481056,1.1024973839193408
57880.63825832327,3.7306000727925817,0.15709255532816374
57880.63825832327,3.5981428698574476,0.1671323051047757
57880.68395441428,3.1503581567815218,0.1381138599406341
57880.68395441428,3.0640912616289757,0.16928338111786065
57881.39577895109,3.029489455977835,0.7829918001385426
57881.63861532327,3.414221403361532,0.18181227536637637
57881.63861532327,3.4150650798133473,0.17455665788075767
57881.64277332327,3.733974778599846,0.13819420280748237
57881.76107017694,2.8189925277959915,0.31066444229932455
57882.26984377756,3.1155075023773495,0.1381766693056687
57882.26984377756,3.056643002000495,0.15444186019927317
57882.44812650641,4.035700678471054,1.3079829150871336
57882.55627440408,3.355559573177646,0.19329022636134044
57882.55627440408,3.488966942695333,0.18165469638836926
57883.07852006172,0.6370456638899444,2.828293737966681
57883.41499850641,3.8212697863700997,1.2032714391142687
57883.51528244449,3.55235224300546,0.30293228155173757
57883.51528244449,3.2074107401723726,0.1460969599061212
57883.51528244449,3.486601986024935,0.3269872536177834
57883.51528244449,3.104228296578964,0.151490587639413
57883.55663140408,3.7337142972992092,0.17984918311670128
57883.55663140408,3.355559573177646,0.19308961377559955
57883.56078940408,3.138897980577492,0.1699188601225276
57883.560978535505,3.4887101083160053,0.22579652399891265
57883.56379920975,3.8327815542478323,0.7783876141617533
57883.60474373105,2.627329350217634,0.4697947214224542
57883.68105770805,3.094720821901925,2.2216849961761573
57883.88313415134,3.0297081626488485,0.31735415219452934
57883.88897715134,3.305369729160944,0.2866978391927392
57883.89161215135,3.2776564222073254,0.2776235705442096
57884.205605951094,4.733096406084288,1.0169078741353643
57884.27560077756,3.113958436577959,0.19038018674514215
57884.515639444486,3.5844255390935214,0.2945932245688417
57884.515639444486,2.7774838918665044,0.14625329694186878
57884.515639444486,2.6211468561189166,0.13444985074292587
57884.515639444486,3.5154679525041894,0.3212140603219322
57884.51979744449,2.8392370209868023,0.1518032617109082
57884.51979744449,3.132192064251859,0.27823584356393044
57884.588274731046,2.8744065740768505,0.5707135875057963
57884.70307017694,2.827459885715804,0.3859947299997247
57885.47899461632,3.1977477040917996,0.26879271065650445
57885.68459314753,3.0585615798673,1.0103549062385881
57885.68459314753,0.6627534026584696,1.0981496481536257
57885.70963114753,3.151527143125037,0.9845311386669948
57885.70963114753,1.2053459266696622,1.075581640517762
57885.86866627656,2.7512558724220337,0.7526682424719355
57886.091349841074,2.3878852761617084,1.1967802343523855
57886.44378050641,2.9976002110218083,0.8668289141405856
57886.62305770805,3.555624879426041,0.48894061770530717
57886.94111484107,4.754906500640645,0.9475906990950727
57887.204727951095,3.9855464353392005,0.6832094189231162
57887.35131460612,3.498100237433454,0.1806447913825714
57887.35131460612,2.8916315110307833,0.16585198427839026
57887.35131460612,3.4043056378139465,0.1902046255745597
57887.35131460612,2.9518197311318124,0.15598780376183277
57888.31032264653,3.2126211138312515,0.2016713469255678
57888.31032264653,3.049425114979371,0.21258710578917037
57888.35167160612,3.09058701636474,0.17329191704087854
57888.35167160612,3.417442489413382,0.15857924101618265
57888.35167160612,3.4313617723195735,0.19381211017531008
57888.35167160612,3.487277783631203,0.20066633091673558
57888.355829606124,2.7486844882908406,0.154733882509728
57888.355829606124,3.330352203498565,0.15250641149671912
57888.35601873755,3.1303413259196198,0.1469807654002131
57888.96576027656,3.046510483973896,0.678643445027501
57889.26933068694,3.4691965743922006,0.14140287552142064
57889.26933068694,3.2951253078208627,0.18733860950053902
57889.26933068694,3.4084760696057606,0.1501314480844713
57889.26933068694,3.407880185985185,0.17564934231469642
57889.26933068694,3.0157544635512865,0.24182946909614753
57889.26933068694,3.2613122976680557,0.22460185141465694
57889.31067964653,3.582243839707693,0.1861082847834018
57889.31067964653,3.153178862593811,0.20037442508038733
57889.31483764653,2.913248321235419,0.19334943175232627
57889.31502677796,3.2070038754444656,0.2874003307139142
57889.524568209745,3.0753606098278095,0.9718925036531427
57889.549606209745,3.8690364206762418,1.428354376155406
57890.03572284107,4.79569312860877,0.795618605843976
57890.20849295109,1.983737385305334,0.6504938840983854
57890.26968768694,3.0864648346320323,0.22845878074633394
57890.26968768694,2.6892011134693012,0.2510860994921723
57890.26968768694,2.5993753433264564,0.14018846542569185
57890.26968768694,3.0168586818923977,0.18475248844172426
57890.26968768694,3.162715909609549,0.20482078785812657
57890.26968768694,2.7268884033779788,0.1530915726928102
57890.27384568694,2.6137964632132356,0.13783554586521735
57890.27384568694,3.08409782942158,0.18102847411703105
57890.27384568694,2.6879154703587433,0.22768739487999842
57891.60725010032,2.2753553086354428,0.444195585481915
57891.684513147535,3.3997245414759885,0.6030939912903165
57891.684513147535,4.230591716652328,0.5653560543352392
57891.76443527656,3.427564307060347,0.6135612405629305
57892.14635480817,3.2187495403941666,0.20910358758081635
57892.14635480817,3.1160920222364306,0.22132472069483253
57892.404549506406,2.269263605537507,1.0880888155441175
57892.429587506405,5.628225647832276,1.0594069764732892
57892.84554984108,3.9877826622812487,0.6369418614200371
57893.146711808164,3.035432543683924,0.20788147426941475
57893.146711808164,2.5918054116451383,0.23073499319262494
57893.15086980817,2.88877894631573,0.22657980793385946
57893.199758951094,2.6703819353850466,0.6990219274217357
57894.56993510032,2.273349005177981,0.4742901373438333
57894.65295514753,2.558946214446255,0.5939707541609248
57894.65295514753,3.5485675695382835,0.5745788284679507
57894.73129373105,4.602400491802734,0.7559248398196692
57894.73694830287,3.00013473738763,0.2514537841243129
57894.73694830287,2.967187438629203,0.2676638551134589
57895.0690750204,3.0898777834605653,0.3331966131135107
57895.52448820975,2.190392424478925,0.5547431369166256
57895.58105873105,3.0224982434635175,0.7087520365163446
57895.84467184108,2.7102616661799077,0.9961994200981807
57896.02808306081,3.2122089680600414,0.20101171269364024
57896.742705302866,2.4057654677856117,0.3412022259422674
57896.9413950102,2.9887655673531457,0.16800776996981223
57896.9413950102,2.9312463001687945,0.17908237514411257
57897.01837615793,2.8294687759220416,0.29386304094314336
57897.178051951094,3.5275289477929785,1.2306493683236013
57897.322868444004,2.904088776075567,0.23794353396625434
57897.76341027656,2.3029040690548896,0.7009999274771624
57897.9417520102,3.0960776329955904,0.17144175607037046
57897.9417520102,3.352768094012319,0.16010960193852825
57897.9459100102,3.0814831920682177,0.14912084641674186
57898.40446950641,4.401735577089243,0.6100581643636475
57898.492930209744,3.4103905200758824,0.5490646638615735
57898.67566673105,2.919646065769384,0.8007776691900435
57898.84843684107,2.4036412064178876,0.6743761638017405
57899.864115222445,3.4827076635009027,0.16901722006237055
57899.95995115793,2.7636434547507776,0.3304326638160682
57900.50401610032,4.706995099078446,0.5798216992062937
57900.77742717184,2.811203116388903,0.1611739963694469
57900.77742717184,2.9394601354664758,0.324759694132261
57900.77742717184,3.300808653280284,0.2839112940712934
57900.77742717184,3.11481634180139,0.3035415931657364
57900.77742717184,3.969603813812574,0.2182687463603076
57900.77742717184,4.025383604549098,0.20335371535901992
57900.77742717184,2.879168054616983,0.15420097023955295
57900.77742717184,3.583293257431621,0.2720697677356567
57901.372911506405,5.550830209069724,0.6410163398686679
57901.48549373105,2.810607290920715,0.48796785056389896
57901.736435212246,2.9134521528923667,0.34218246098255467
57901.736435212246,3.200780936923519,0.32161233212577894
57901.777784171834,3.4035303275171342,0.25637617861613793
57901.777784171834,3.621586423782528,0.2451885584114122
57901.777784171834,2.7326462397356677,0.14740447641674498
57901.777784171834,2.8977039468610046,0.160909197908818
57901.777784171834,3.141119772751627,0.3312478737666529
57901.777784171834,4.104202874068097,0.22020891299462148
57901.777784171834,3.384864899557158,0.30336623695940146
57901.777784171834,2.9013354756925347,0.26893104991175293
57901.78194217184,3.68706704769062,0.2048088403347553
57901.78194217184,2.8984820958526214,0.2646509801518842
57901.78194217184,2.97277781467011,0.2763613811838247
57901.78194217184,2.9162398391050264,0.15940867329858757
57901.839702841076,3.2625628937521185,1.5605075604790908
57901.84462527656,3.845878934229569,0.642376262386939
57902.695443252655,3.5705741080970457,0.35052317634530344
57902.695443252655,3.3027720209062377,0.37492292206713274
57902.73679221224,2.923247452347974,0.3353257513636294
57902.73679221224,2.423687180111993,0.34724336570128517
57902.74095021225,2.9803866991723504,0.27475814972978985
57902.828156276555,2.858219220675635,0.7193819241579953
57903.36802066654,3.4988950574211355,0.20016899857414402
57903.36802066654,3.323720480227114,0.20882091366726338
57903.69580025265,4.058569022533631,0.3598466564178724
57903.69580025265,3.304755740070614,0.39952103970539965
57903.699958252655,3.382120787481292,0.3519117797603667
57904.08716905252,5.377057231443568,0.46242464010941653
57904.48461573105,3.409547227944074,0.4477549690594255
57905.24821995109,3.300701239674849,1.3309770084527746
57905.37377766654,2.9616218115150827,0.28316329520814076
57905.61816346489,3.3730325451068257,0.2785991170374997
57905.81799584108,2.5447182415131158,1.2286273274233874
57906.53147541428,2.8663031187421275,0.19148606970662932
57906.53147541428,2.9991314303867274,0.17849410345817954
57906.53147541428,3.2663092187933183,0.1553597457461862
57906.53147541428,3.350703979118361,0.14699365646179063
57906.5771715053,3.3674660581082456,0.29953974512162823
57907.049854052515,4.682130983249398,0.509698534544394
57907.32621695109,2.2382642462417355,1.0747053189923879
57907.48838073105,2.226360522139375,0.5177408493700956
57907.53183241428,2.8440034751813563,0.19836987271886775
57907.53183241428,3.028217921987734,0.18363271697435743
57907.53183241428,3.5598562112282464,0.15624038672349097
57907.53183241428,3.5627916811525964,0.15205734208129323
57907.53599041428,2.549260360291152,0.1545462253733505
57907.53599041428,3.148156554338259,0.1301147043967823
57908.25721695109,5.740189619772233,0.9514768044859039
57908.66193514753,2.6717862526255747,0.8767911051720684
57908.66193514753,4.730004935938677,0.8166766494516379
57909.33668595109,4.05479431738488,0.8964056541976081
57909.40849953551,3.3181400981108045,0.21732766335236073
57909.40849953551,3.211981140710364,0.23128339146005894
57909.61779014753,4.359710554510294,0.7318271274306889
57909.61779014753,3.7833806712856726,0.7970828228836987
57910.341801951094,2.298624407993362,0.8260672543244381
57910.408856535505,3.1594980606472243,0.20933592161547368
57910.408856535505,2.99727763136116,0.225438684816664
57910.41301453551,2.8994682548798565,0.20372977442691115
57910.47964673105,3.243282429415963,0.4752079939326718
57911.20268995109,2.573167723653361,0.7137439180928643
57911.326515616325,3.1676589678242806,0.2680763121739445
57911.326515616325,2.959903407881887,0.285413155451896
57911.50105210032,3.325053277579155,2.051645915599847
57911.76711917694,2.4169390155345543,0.33314673746572304
57912.32687261632,3.465680736569232,0.25589753797042486
57912.32687261632,3.1318390436962824,0.2781058909297842
57912.331030616326,3.2464628009058787,0.24529484042853714
57912.50191020974,2.4153473185829117,0.7264077454270459
57912.95810107062,2.900587203823542,0.1975947943180193
57912.95810107062,3.0626022281035903,0.1854171944538327
57912.97117527656,3.7648987866896837,1.0219396533100802
57912.983935052514,2.8672431996229424,0.6635535727964118
57913.45776520974,3.137823813433382,1.910587780215213
57913.68710670805,3.7280922041770017,0.44816016653266644
57913.82094027656,3.4822134863817418,0.8773677334689363
57913.888163841075,1.6947919611691153,1.4744645370942784
57914.20353973755,3.01515772389517,0.1571201669868723
57914.20353973755,3.0784275897959237,0.14835972401599878
57914.45793973105,2.9018595989500975,0.8989898990182762
57914.72980417694,2.2916805138931906,0.354461121194906
57914.963858070616,2.5342002861706234,0.2574238719116318
57914.986579052515,4.174581262088412,0.7662668525233175
57915.16254777796,3.748525067393995,0.25601837484621914
57915.16254777796,3.450761393114469,0.2700307830476085
57915.20389673755,3.1068179142385697,0.159391392942284
57915.20389673755,3.09789524084231,0.16498834261812
57915.20805473755,3.120607500396426,0.13935593540704524
57915.381891506404,4.164996587933199,0.8399681442171115
57915.628722147536,2.019431618334651,0.5750399671745862
57915.628722147536,4.373029892069517,0.6107767172940148
57915.966160841075,3.792789057337746,2.2326488405565508
57916.16290477796,3.7893945913147133,0.23996249044879375
57916.16290477796,3.5383389443731534,0.26506805514294984
57916.16706277796,3.493090542889499,0.2706146333893331
57916.337746506404,4.862010804083008,0.7448172812678562
57916.64979170805,3.0862248945742916,0.47704631944662024
57916.89716084107,4.12522801132452,0.8621063966413308
57916.91554827656,3.839420394855221,0.6855987951229507
57917.22367795109,3.7712596822372184,0.6946598561117712
57917.23312595109,3.0907765578828297,0.6684874282519875
57917.976629841076,4.368830337271131,0.7945011639818358
57918.71214931306,2.4157849337054254,0.27423906047819874
57918.71214931306,2.32760997693042,0.289632315644005
57918.981745841076,2.313184287677622,0.8799854664355775
57919.46869720975,4.159075352103517,1.7830405392863509
57919.67115735347,2.8554937657750354,0.16025953257491896
57919.67115735347,2.724432657354553,0.16780798881938977
57919.72537527656,3.7097527966471855,0.6244910764272099
57919.84263384107,5.329271617780818,0.6453226753860897
57920.14316695109,4.464829020521499,0.6968408917667537
57920.66388517694,2.3436525728492805,0.42365987384992476
57920.71790631306,3.167513802482177,0.35135478538650966
57920.916596020405,2.3005403523948704,0.33569113321168653
57920.916596020405,2.1829415477665712,0.3114586522579768
57921.47093510032,3.3619692611964416,0.528460330695286
57921.48062610032,3.449444091941751,0.5104035995781354
57921.593984147534,1.7791783521775066,0.5727342736414083
57921.593984147534,4.066681192672047,0.5973319467875428
57921.67691435347,2.6224040729512668,0.21011252381587459
57921.87560406081,2.8405057451461015,0.18888363170430328
57921.87560406081,2.6698142349258056,0.2017977920170232
57921.9169530204,3.870306214175633,0.3148440723912157
57921.9169530204,3.668962806251427,0.3517273338428182
57921.921111020405,2.7335177694354194,0.3280293929101459
57922.34867850641,3.02195701086767,0.5786447215717879
57922.52810773105,2.8666733276336824,0.8638036277018624
57922.58387270805,3.3959014456665324,0.6244506585810613
57922.66652917694,2.7214719227884974,1.2458695256496406
57922.72449727656,2.7401273122693137,0.5713323292691255
57922.87596106081,2.4598187585363593,0.22526787467231413
57922.87596106081,2.767512665117687,0.20853561478887706
57922.880119060814,2.9539257618056425,0.19427388992178635
57923.15965895109,4.517719135154813,0.7731771396911243
57923.980971052515,-1.3452905572102356,2.4457793929950644
57924.21672695109,3.5815095802537833,0.8178883706182555
57924.58063114753,2.830436261694672,0.6363714151571204
57924.58063114753,4.303885358036232,0.6650359696951341
57924.58651670805,2.6962618302359145,0.7038875790944343
57924.60610473105,3.6106116354664426,0.7091386988385026
57925.13410161584,3.070214306219528,0.24071189356798986
57925.433959209746,2.5870119270933314,0.5289716053590815
57925.53710473105,3.9346346614351795,0.6696991419783462
57925.71163622245,2.9427421236174345,0.18031468687706584
57925.71163622245,2.7746144678711824,0.19187902298659648
57925.728262276556,3.8498534199983965,0.6215102121005883
57925.863621841076,3.351399521792281,0.7246610475980597
57925.87306984107,3.010914986398097,0.7241023266669895
57926.38559995109,2.48860351872057,0.7099271056966453
57926.61657373105,2.0604823859334225,0.636446182272724
57926.711993222445,2.9365151734046098,0.19259067443949066
57926.711993222445,3.319917393651356,0.18111529476157182
57926.71615122245,3.1980470823432254,0.15442836527803963
57926.88077715793,3.9001750913228825,0.7031816055279491
57927.31971695109,2.285919875303092,1.1935717621889077
57927.574390147536,1.4406294105329218,1.0803833442700728
57927.574390147536,3.527355189033046,1.1201059184178592
57927.62168973105,1.7073436871061558,0.5687802758950038
57928.17979695109,2.9586603230822943,1.414946881169582
57928.31394050641,2.845600121965024,0.6255372521161578
57928.420606209744,3.135639785335286,2.6492260829916017
57928.48257773105,2.1590812780838133,0.5158075377593037
57928.71952827656,3.316775516254247,0.7000063060349553
57928.783110841076,2.7098426254816044,0.6609668614560555
57929.22439395109,2.638048081799938,1.6663112404062592
57929.82277715793,2.8263342368186475,0.3340896261033606
57930.491734100324,3.4831499900270995,0.5950696054829989
57931.300587506405,3.3008082240562775,0.638284736147637
57931.41436520975,2.2148535391776107,1.0369765409764322
57931.46568446489,3.172060715085281,0.2506778398894683
57931.46568446489,3.104558726375755,0.2690874731738846
57931.567142147534,6.703776893441489,1.8721842930262294
57931.567142147534,3.8492300062646914,1.960761780614549
57931.66092117694,1.5898241356985325,1.4928827946207202
57931.79960284107,4.342011732579761,0.9028930246094561
57932.39674495109,4.1622103233927445,2.0845248272490604
57932.4246925053,3.1995160276065233,0.32204851209608587
57932.4246925053,3.3553459528143064,0.29676943534015654
57932.46604146489,2.9987033349903616,0.28857100173322514
57932.46604146489,3.110695270803893,0.257121211539014
57932.47019946489,2.8790407186416562,0.26862723234177416
57932.61039114754,3.2297442286441633,1.8054406108691003
57932.61039114754,6.303410202979326,1.6209025538241157
57932.69782127656,5.307992886437427,1.0770856433525784
57932.85667084107,4.782842547194155,0.9436796525775811
57933.4250495053,2.6575741766061203,0.30213691054175795
57933.4250495053,2.5329102364398937,0.3333028955833147
57933.4292075053,3.277430990210415,0.27962814356730037
57933.58090870805,5.16390392254706,2.3134410113145987
57933.63657814753,3.7427069650318687,1.4023228068788436
57933.63657814753,5.550407652136281,1.3819303399152316
57933.95085405251,3.4500013892032113,0.550955751505829
57933.96054505251,4.382156634925632,0.5758819867533626
57934.29434650641,5.425631705189125,1.018888187944659
57934.393149951095,1.483898539074831,1.6804879721636423
57934.50356573105,2.8705399508552674,0.4798479417985726
57934.51301373105,3.0797242671429608,0.46631476052302867
57935.015286,3.082850518276654,0.20629958103468107
57935.015286,3.2205846440161823,0.194838493199421
57935.025543841075,4.794016965815559,0.7531558150826403
57935.39240995109,0.009518436306988676,1.5021883073688627
57935.40711720975,3.9437301816311567,1.9625676489499202
57935.95966084107,0.3901785871201806,1.4068593044347837
57936.32303095109,4.060246906522336,1.1472247545205398
57936.45036620975,3.5375009553851244,1.5493495327899773
57936.81974084107,3.781055917785272,1.5968244209986542
57936.93330208082,2.8567514342902687,0.15322341360675018
57936.93330208082,2.7816031416075573,0.1714172107825647
57937.021043,3.0989362555893,0.26219751819612486
57937.127311951095,3.615315632906004,0.6215951616698742
57937.42305473105,2.527570471100767,0.47482133161051304
57937.476553209744,2.979263373511544,1.234849486664016
57937.5875844142,3.438577551554485,0.24668316200682863
57937.5934274142,3.8596790156607472,0.24136053776435765
57937.5960624142,3.6842371319762233,0.2380850766920678
57937.86433784107,5.733785571875649,1.6783976769349047
57938.28709850641,0.8128635549410088,1.7213656115365306
57938.326909951094,2.2026043132827793,0.8718690030790602
57938.851318161636,3.0323268864455644,0.21203238698124505
57938.851318161636,2.9159821276316666,0.22710971797039292
57938.93905908082,3.0323611287698693,0.1809096267003809
57939.32070495109,3.5013565199331946,0.8418797628230578
57939.33034750641,5.764805833883839,1.6171094028505044
57939.62831714754,2.521012754802996,0.7375416963550366
57939.62831714754,3.1215531271937227,0.7701016400814433
57939.810326202045,3.401888596350725,0.2850563886841183
57939.810326202045,3.5690645235489296,0.2683387959642978
57940.356534506405,-0.40224483363106245,1.3143566571028735
57940.439546731046,3.496159588107556,0.5324340176121148
57940.76798927656,1.6922044582455156,1.167008383872328
57940.857075161635,2.753336903575504,0.28231411883617064
57941.03668884107,0.8120128900781873,2.2432645382468843
57941.49661473105,2.0852287745515596,0.5548604322973019
57941.63080417694,3.141920040186079,0.37694341636130446
57941.64049517694,2.856949649505496,0.36526430198914944
57941.816083202044,2.60173031232513,0.3752170810448595
57942.68735032327,3.1898034671784403,0.1717725255897644
57942.68735032327,3.3484146401198736,0.15447715832753364
57942.725411147534,5.35209728716582,0.9176055870667156
57942.725411147534,3.3115422743275875,0.6465164667031038
57942.84598627656,5.557888679152533,0.9340041556747453
57942.97165305252,2.5746177930704324,0.7103977045547077
57943.03309384108,0.07338381920337156,2.250527910350798
57943.46829220975,2.9198578092433074,0.6914632958574947
57943.55079170805,3.6384601708704682,0.5688023345850619
57943.560482708046,3.1945479680016184,0.5386417925719631
57943.66548773105,4.168178704018852,0.5096209406047694
57943.776986276556,2.1277584174370308,0.8063238003511232
57944.032353841074,3.871009987687575,1.5817389558597583
57944.59960473105,3.779196407927504,0.9016965352733854
57944.60536640408,3.09275708585709,0.2177649618217281
57944.60536640408,3.1820296865117825,0.20251840530542103
57944.69310732327,3.331541111083551,0.20906302476003744
57944.85645527656,4.437580503063941,0.8187440683787128
57944.96297484107,3.6899844060208284,1.2828232577371974
57945.459684731046,4.154645522743309,1.0347083740958747
57945.52408614753,4.271633061542897,0.6271486410244089
57945.52408614753,4.039311481283872,0.6559127325657423
57945.56437444449,2.8775395947449613,0.16266868569536547
57945.56437444449,2.9924473160194385,0.15625886722971444
57945.56437444449,2.8948496732002065,0.32442138993073855
57945.56437444449,3.1225700754254406,0.2978005541776478
57945.750951702845,3.468880158594713,1.307108562328786
57945.76725584108,3.967109987831651,0.6643191870424773
57945.86157127656,3.08724896310439,0.7362734886755172
57946.34827350641,4.602963717871877,0.7047537600260644
57946.504281731046,2.8767265480098017,1.183960030449016
57946.565386209746,3.754593348335961,0.6075966168905718
57946.61112340408,2.9061873811180687,0.23933081478887291
57946.722459276556,4.834035458504605,0.6379049658970067
57946.96685384108,2.8474332419669546,0.9749680247175128
57947.57013144449,2.5148376718105565,0.18987132991544584
57947.57013144449,3.2268082877116395,0.3799081921630843
57947.96064884107,2.7277943289968896,0.907921512989088
57948.47185110032,4.56655385705616,1.1215236327208238
57949.364061209744,3.6580593064000766,0.5861931415292212
57949.400406606124,3.0480665334898545,0.17884104908219634
57949.400406606124,2.5982139380382687,0.15874643051646328
57949.400406606124,3.1265293235561726,0.16107418742350108
57949.400406606124,2.7829583358483703,0.14971819750130896
57949.44536750641,4.756388793536466,0.9897510815869923
57949.67663273105,2.8245271345184175,1.649888128649886
57950.35941464653,3.1931672861535434,0.22090902096241188
57950.35941464653,3.0537481877966384,0.234959007618534
57950.65160317694,3.174037604709506,0.46044908412221286
57951.31842268694,3.62304545807857,0.19509697267698317
57951.31842268694,2.87176243516868,0.239901004430309
57951.31842268694,3.537186238925922,0.20771724344399906
57951.31842268694,2.5812070921823462,0.2582857009113027
57951.31842268694,3.121571684489834,0.14322449066501375
57951.31842268694,2.99102259919899,0.15339517521674242
57951.40616360612,2.4828531828446305,0.19837034208297377
57951.40616360612,3.2076977270730547,0.2259187231219878
57951.47602110032,4.077417074127114,0.5051872105887363
57951.523061147534,3.3608307410822658,0.6746393771997564
57951.523061147534,3.644484420518488,0.6465164667031038
57951.67303773105,2.4026785410436045,1.1785467579387985
57951.73901770284,3.5470832349733588,0.6992573777493154
57952.244042506405,4.540592099574997,0.9533296986399089
57952.36517164653,2.7154677398453915,0.26262667364905135
57952.47090806172,5.045687929200723,1.1304578314365303
57952.57159070805,3.4566473260591115,0.6384689386716565
57952.67229773105,2.848886860814396,1.1004409688628023
57952.74344727656,2.5627658848353327,0.626975130032728
57952.75289527656,4.269161668609826,0.5842494080178192
57953.32417968694,2.485152192200089,0.23099233297333163
57953.32417968694,3.3011672340953844,0.28374143450037087
57953.32417968694,2.68286603740781,0.17153542602169117
57953.60291873105,4.541307844901707,0.7748712936054306
57954.19544680817,2.569807372039908,0.24173401299523947
57954.19544680817,2.580806391842523,0.22841297790096188
57954.40719973105,4.148845587910933,0.46051482569065266
57955.36303620975,3.2697391105584384,0.664381347441092
57955.60427614753,4.35602144485721,0.6391382473969344
57955.60427614753,3.38772028209521,0.5920500726599996
57955.60679773105,2.372905542237408,0.6793657000323062
57955.66293627656,3.5542510409417627,0.6458539374346642
57956.20120380817,2.695685043114276,0.27387559308510195
57956.58780714753,3.098496191861943,0.6031694282793579
57956.58780714753,2.8633742323428013,0.5800458132792211
57956.60059273105,3.2490823642483395,0.5548604322973019
57956.886826157934,3.566085465219521,0.29386304094314336
57958.24301750641,4.060740379247173,0.6214398465346112
57958.458974061716,4.0121810651413,0.889274390424512
57958.679428276555,3.6267854062228864,0.6985158738716446
57958.73536370284,2.788411831663643,0.7276948600688223
57958.990487010204,2.933821789744213,0.16328603908154463
57958.990487010204,2.8342361928280244,0.17582008834858223
57959.444251209745,2.8809821090971814,0.5687209167444456
57959.73649627656,2.9113779678337197,0.7566427282407642
57959.84951115793,3.2301673579725145,0.32651448993682625
57960.42778220974,3.229116187933835,0.6032285606943779
57960.73340870284,4.078254779727014,0.8124994948430682
57960.95177005252,3.4628942695036597,0.5419307352955149
57960.9962440102,2.732075106336417,0.2118769424044438
57961.57640715135,2.989977580998528,0.2876788412087967
57961.90536927656,3.58853098069791,0.6175357263317597
57962.324232506406,4.851084389198885,0.5545155553693447
57962.82651917184,2.8517820322990195,0.3372099847820399
57962.82651917184,3.6009721532929433,0.22615067331220762
57962.82651917184,2.681686512154152,0.3580773733358947
57962.82651917184,2.987735423474825,0.1872125116646204
57962.82651917184,3.3635830097583588,0.27463780959157796
57962.82651917184,3.226620777442559,0.29575282040693046
57962.82651917184,3.1077773922932517,0.17918029169221095
57962.82651917184,3.638562881832774,0.2142671526770353
57962.839486276556,3.3883162600931636,1.1431614692593557
57963.307763506404,4.884774168424936,0.5859289981612047
57963.699566276555,1.6544468434416428,1.402993476396532
57963.78552721225,2.8432525067938466,0.32471417695338795
57963.78552721225,3.034260846178192,0.28928784392227425
57963.95594005252,2.748843582197158,1.0310006613591916
57964.744163276555,4.154895202756,1.5440877211899509
57964.744535252656,2.453740218553153,0.35925154066855947
57964.744535252656,2.6838516416208114,0.33961272094123346
57964.83227617184,2.993457475923421,0.29223759929352294
57964.83227617184,2.967517128480062,0.4447033392653423
57964.83227617184,2.90829588528616,0.2159872777196257
57964.83227617184,3.25658126576164,0.36466194354081727
57965.455320061716,2.6473693435966563,0.9561371265466556
57965.78359215793,2.387759973935503,0.38554830971740445
57965.791284212246,2.970591399716744,0.4069946923804908
57966.334094444,3.2149739523319134,0.30028681797487994
57966.49153710032,2.499660035179607,1.3193451536265006
57966.730826147534,2.3154826679947034,0.9909870805598932
57966.730826147534,4.410963351712777,1.0189215362404869
57966.750292252655,2.765184127360242,0.4826388726927692
57967.334142444,2.8920357411672333,0.34766771382143535
57967.359045444,2.789584944446391,0.3805018433993113
57967.453365061716,4.094326712377077,0.658597950803116
57967.58059114753,3.361345254644232,0.8199046203980871
57967.58059114753,2.8585725285904893,0.8633463346655963
57967.78623615793,4.154595181881657,0.4683523843653835
57967.916514276556,5.283152350382249,1.987242884414351
57968.58056741428,3.3851957507294648,0.15271782281427176
57968.58056741428,3.097055952110118,0.18469922166639444
57968.58056741428,3.5363724518334534,0.13701305871900313
57968.58056741428,2.9409584471847126,0.19740032299883417
57968.63172017694,3.5830985855942368,0.7071703752339888
57969.91291927656,2.0074308607857416,1.4645980058133772
57970.55170770805,4.281601869572323,0.516552381520116
57970.570801209746,3.928441984944479,0.8657487380856314
57970.58632441428,3.1687048438087047,0.17810963765989318
57970.58632441428,3.3452606804387095,0.24636258386052928
57970.67519914753,3.4840081506093004,0.6824852858206802
57970.67519914753,1.8753756682671998,0.6357455768060343
57970.91217927656,4.6477314380907595,1.4939098383584881
57971.420566209745,1.136817269956957,0.7443167758314408
57971.45759153551,2.5964977472426467,0.2564514139448823
57971.45759153551,2.7956948920277416,0.23772449674053509
57971.63589017694,3.188344519815396,0.36322045697402233
57971.727546702845,5.147199427629925,1.5234365528307527
57971.84280027656,3.6933580428507664,0.9961054958126937
57972.64708127656,3.452404843115527,0.6239942657061063
57972.69441870284,3.04587260909204,1.2913663846162011
57973.375607616326,2.7363870813231728,0.27896556910885606
57973.375607616326,2.916919498928287,0.2633480821890486
57973.45078250641,3.7375006055918085,3.722720604478765
57973.46334853551,2.9149746194439654,0.2792338418813811
57973.48502614754,3.141843230285689,0.520164461084951
57973.48502614754,4.097892267062072,0.5238658793771778
57973.55587770805,3.916701790850465,0.936675987871592
57973.84667927656,4.148933474102757,0.8689219512101751
57974.300547506406,1.9756162055266477,0.8290417293329863
57974.515174209744,3.366709958113943,0.6093438393690489
57974.840474276556,4.1946400604442875,0.766578942662836
57975.381364616325,2.815190914404771,0.3746764063788695
57975.72320070284,4.611457573217777,0.9978509421041425
57976.25263173755,3.236602254547808,0.17699339409672463
57976.25263173755,3.296627511940832,0.15890470166612441
57976.48414814754,3.4212932865068595,0.6548169634225446
57976.48414814754,3.1433135611025573,0.544513205512117
57976.78062815793,3.0298180669472776,1.835272645036913
57977.21163977796,3.1369418344375184,0.29061150759339927
57977.21163977796,3.2595504061996756,0.27616121163571644
57977.32500120975,3.5973433252729805,0.5197986873470742
57977.395155506405,2.6583350288697254,0.6100581643636475
57978.25838873755,3.375309268253309,0.19037740419111487
57978.44750306172,4.625885464548119,1.729356910702018
57978.97145605252,4.468968695615318,1.2858499286313883
57979.21739677796,2.932594214833923,0.34388785127576527
57979.414375061715,2.5099664208656502,1.355403179390314
57979.48791314753,2.305429844190047,0.557055557615798
57979.48791314753,1.9018330559424355,0.588208709658151
57980.20498250641,3.5194275751961452,0.5504181497877982
57980.32412320975,3.3422488434152573,1.3484189477650574
57981.68396970284,-0.41080492928093726,1.157811780151372
57981.70900770284,3.398294264980221,1.1486711608343876
57982.443157061716,3.27716855877002,0.85584302236344
57982.479179147536,2.909060411176041,2.1595125631744905
57982.479179147536,3.359870400331804,0.557957976018589
57982.965688020406,3.323293592647035,0.32820757291715863
57982.965688020406,3.6137270040775284,0.3084295921387631
57983.20410450641,4.716325272294675,0.5613445646719228
57983.327888209744,2.672625828538732,0.5818250853330278
57983.924696060814,3.327874925643533,0.20786183251169166
57983.924696060814,3.2481440228432614,0.22549246876470927
57984.971445020405,2.751335770136677,0.4215738965917465
57985.93045306081,2.9685243778113257,0.26614399948822753
57986.207869506405,4.350745640963326,0.5617998319587619
57986.31915420975,3.464554416908687,0.5280979941198427
57986.45747214754,0.541020924860935,1.0477071414760708
57986.45747214754,3.0962568643299058,1.3084642725048663
57986.65140617694,4.356839912749509,0.9229420132595535
57986.75051115793,3.338047745447642,0.32964902904021975
57986.76020215793,3.6966912611942515,0.3643901707694978
57987.68388970284,3.4054036355600985,0.6459370984002392
57987.76072822245,3.6019092818606797,0.17373191093779458
57987.76072822245,3.480038970552549,0.18520729061571342
57988.403926061714,3.652555062998627,1.0655054592035906
57988.42896406171,2.231530884014152,1.0206119078072944
57988.57139370805,6.1247933033024085,1.370817874313663
57989.19913550641,3.6682999779923495,0.5950343438979756
57989.76648522245,3.707767435478691,0.23422228443380086
57990.29744720975,4.097922565356802,1.0068369532226944
57990.65233170284,3.2936849550191765,0.6469527227687926
57993.17742850641,2.4894763921813103,1.0166118515104663
57993.47780310032,0.5936717505914446,3.7409534267821978
57993.514776464894,3.0155788321677424,0.3017645722537235
57993.514776464894,3.1781972595134196,0.28381517980141757
57994.145327615835,2.7671406006807917,0.28967688412291054
57994.403846061716,3.2676167393239997,0.5888696688471655
57994.4737845053,2.8047468837468053,0.3312251632472109
57994.4737845053,2.6610370638329606,0.3606597046753478
57994.527640147535,3.4381381714944803,1.1807389526933825
57994.527640147535,3.7860540034556145,1.2114113823317074
57995.14537561584,2.4803820299949546,0.3082835805337802
57995.170278615835,2.5175954228166937,0.3257151171713321
57995.52053346489,3.0263177849169853,0.3453340376935086
57995.771310157936,2.761814973607131,0.4171549123432892
57996.4795415053,2.4601896046762617,0.39494228822106014
57996.605637147535,2.179947737276314,0.8710290606692948
57996.605637147535,1.9525665058724906,1.257525252995267
57996.66993648401,2.488095724720707,0.7081576989481895
57997.37228806171,5.106341982682952,0.6509564952462995
57997.53663714753,4.5441660371645325,0.7530395079359262
57997.53663714753,3.1404325388511714,0.8047655488873968
57998.36761520975,3.8790829499274873,1.0732314074048412
57998.616106147536,4.01722364402324,0.7130530072182484
57998.616106147536,4.263793703530091,0.7106147469254515
57999.621222147536,3.8068052452542167,0.6866355341804001
57999.621222147536,2.780304757427813,0.6559127325657423
58000.48211014753,3.9128671477804033,0.5690451639883239
58000.48211014753,2.401018178032733,0.588208709658151
58001.24759650641,2.91914855215379,1.099470497715081
58001.376612209744,3.2907057803001685,0.7028202419675987
58002.45608120975,3.844575305977556,0.6844744059435844
58003.32559350641,3.865885980480277,0.9032502970876691
58003.46119720975,3.2487724408167074,2.8628240309854833
58004.256593506405,3.579067589771995,0.7612069035940435
58004.322085209744,2.185150757043492,0.542949385186902
58004.66131170284,5.158371295684017,0.9521478455192205
58005.05664387949,3.22956701759401,0.3297802426801605
58005.33606250641,2.892706628134208,0.6847219994051685
58005.61716670284,3.849739296802401,0.8653119620078676
58005.95772205252,5.4776216977870655,2.384323330229593
58006.34117850641,3.1696001919894092,0.630545192271382
58006.503098147536,3.1889297467495163,0.6069353542921652
58006.503098147536,2.864468298244379,0.6299154732642225
58006.51254614753,3.40020471185122,0.6184594432977131
58006.51254614753,2.7209158188687184,0.6091642314656207
58007.202066506405,2.1932339686354707,0.562710366532439
58009.422587147536,3.278801426156461,0.593946654146646
58009.422587147536,2.9795754631487377,0.5493149092644284
58010.34307320975,4.591512915526714,0.6023549494551391
58010.352521209745,2.587448732712951,0.5621688324501553
58011.38126806171,3.389880028233062,1.4127140960664373
58011.59869156491,3.369847757685184,0.18309960230627872
58011.628098702844,4.289504648386211,0.6566011542700545
58012.33712306171,4.48690649160852,0.7388332341496884
58012.43907914753,2.528695480806694,1.0803833442700728
58012.43907914753,4.465772457036482,0.7138427178719007
58013.22305450641,3.8267329938121613,0.5413128040510276
58013.232502506406,3.6828685311711826,0.5572471590903765
58013.26256220975,4.383156634968264,0.5722153617014012
58013.49614714753,3.9893737622598326,0.7120926664677861
58013.49614714753,2.4754055714559273,0.739666485443494
58013.751427157935,3.2286000884208175,0.33356720291946174
58015.2808574142,3.2508117455854695,0.25425766573649866
58015.55765970805,1.3890784516062267,2.2900772111636063
58015.665020147535,4.760901229283262,0.6455941892898327
58015.665020147535,2.3695190014175695,0.6592739251923604
58016.14254350641,3.058241813628702,0.5117204304065222
58016.27905420974,2.6097258193135398,0.6569556519075629
58016.59913714753,2.0807630663171857,1.0809091283538341
58016.59913714753,2.3846923852748736,1.1303210632941123
58016.755597157935,3.4939910658414703,0.8583412911459288
58017.336122209745,3.284590501625498,0.6866584340416814
58017.45921714753,3.7027120482468403,1.220112923462336
58017.45921714753,3.9612867119771416,1.2727428303142412
58017.59336070284,3.534387930366435,0.6418746009260233
58018.34805506172,4.024598430421127,0.5764523035673389
58018.50381414753,1.1458048001409997,1.363683865656448
58018.50381414753,4.017084495480049,1.330846307350326
58019.1590355064,3.3568971537947867,1.367622929662983
58019.50499520975,4.719933767694814,0.6023549494551391
58020.216103506405,4.185028348554096,0.7038432254523872
58020.439112209744,3.3107988388026603,1.0745418242637
58020.58000770284,4.188957835899382,0.7317573575430383
58021.29919220974,2.796241818891019,2.5417719005652315
58021.67616514753,7.334720766495211,1.9571744494421417
58021.67616514753,4.41781403154638,1.749099114268811
58022.34378920974,2.4494181569132234,1.2610578238411796
58022.38497650641,4.887050504859129,0.638284736147637
58023.319093506405,3.3404620047399147,1.09355202298618
58023.573766702844,4.147317236788675,1.1745695822325104
58023.67257014754,5.844271921777741,1.6301784239097323
58023.67257014754,1.0182994862287753,1.6259750795971073
58024.1791735064,1.6806030036552713,1.1126732490333984
58024.313317061715,3.4868309956101706,0.643315039689483
58024.671830147534,1.5868835115104636,1.3534421039754705
58024.671830147534,1.3047411943425082,1.3142263170076403
58025.2237705064,1.5153409785328797,1.4486605067202434
58025.516140209744,5.528897775229925,1.7974551247337904
58025.60245114753,3.851564864568495,1.0674187441388325
58025.60245114753,3.073225790738312,1.0477071414760708
58026.40673214754,1.5535654827872873,0.5147426422477857
58026.40673214754,2.6125371554803944,0.554288725375985
58027.29996406171,2.6596434315847928,0.6480909494124933
58027.56651870284,2.480779210428686,1.9870690770755783
58027.60633014754,2.206700047099366,0.7890083270535027
58027.60633014754,4.059478637043581,0.805245719262628
58028.396121506405,6.111719506454809,1.8984645861167238
58028.511805209746,0.8118338889601295,1.7349919211282179
58028.60012514753,2.500845599043288,1.7804717513570811
58028.60012514753,2.994924438351588,0.7318271274306889
58028.609767702845,4.895324584228574,1.9342566099107785
58029.442426209745,2.8355543246567647,0.943063332758263
58029.63595470284,1.329975238420336,1.47773345624583
58030.24670720975,3.5069245620117666,0.5661000830267297
58030.29372306172,5.662257874441348,1.1323681953257345
58030.39252650641,5.536716923177729,1.5233243417617648
58030.58763315134,3.01842663946419,0.3798930307181806
58031.39178650641,2.8779514153677708,1.1768659364776333
58031.44630520975,3.5217759530788264,0.8190105367863566
58031.587681151344,2.526944629419493,0.4206046143845576
58031.61258415134,2.6826786994685863,0.44807267083416163
58031.771113157934,4.704184371343324,0.8230777262327515
58032.322407506406,3.975150129321527,0.9733614592608046
58032.440100209744,4.368742049520824,0.6678757923980476
58033.12668850641,4.391264429491955,0.49988348094872004
58034.286475061715,2.3698364536828063,1.9375865746252658
58034.32628650641,3.1824842562069406,1.2902274909004305
58035.320081506405,3.769369315670506,0.7079406310339341
58035.32972406172,4.090028393626367,1.5784381634548936
58035.627693702845,4.5901294614781465,0.7779682663122377
58036.35591106171,6.628902002378626,3.1989043324722775
58036.53290061552,3.1562508514382115,0.25152187327475883
58038.72478770284,3.122552248917855,0.7424214134128534
58041.52346270284,3.65727847896145,2.032772173660501
58042.28694885797,3.2004697304495684,0.20243646183422032
58042.34765006172,3.2743030129362136,0.7861147404074902
58045.444744061715,4.605349052739175,0.6638514514984267
58047.52243770284,3.466848909857605,0.7327729819115916
58048.24341906171,4.422909301320184,0.6390167209387739
58049.00000514083,3.4982765477584046,0.1972828527221827
58051.60365270284,4.230090622825813,0.6393355400046393
58052.57450848401,3.6936545836741494,0.3489672169997324
58052.58283448401,3.902445110126946,0.3308799020904505
58052.58718370284,2.972747654556164,0.6398433521889162
58054.242394061715,1.817650547418082,0.6117940355176154
58054.75405338327,3.3778319463345197,0.18367856497573062
58056.52008856492,3.7964275852304805,0.2500746960030042
58056.67206946409,3.8238968498701063,0.2379297242630874
58056.84307806153,3.5699326804178124,0.34709934230150363
58058.323609061714,3.903290323456666,1.3434634050827885
58058.757379157934,6.234884300167164,1.4233419645326129
58059.30714006171,5.588231273734689,0.6351959931603657
58059.549093585316,3.8022588987493116,0.1473506970159711
58060.508101625725,3.1778552677562484,0.22047884986386226
58060.72238448401,2.3420209967033543,0.44766104400472717
58062.73020270284,3.4744660926217588,3.0387481107130743
58062.87019110032,2.7163408085854197,1.0123807246349337
58063.57996770284,2.894544578177519,0.9379291043594669
58066.67457570284,2.8066930702976123,0.6830073878524536
58068.85825710032,3.4153369331649106,1.1825152578276454
58069.450159061715,4.484040945774715,1.0736245057327083
58069.484402702845,4.445910801143503,0.5753512047857476
58069.54044556492,3.7078143843394287,0.2562570123442404
58070.098182029804,3.6524976859445575,0.23562334766388293
58070.299924061714,3.1286377663844007,0.8482015668066236
58072.483524702846,5.023293254666358,0.6012496261838705
58073.39453206171,4.325003151998473,0.6929845008087899
58074.58814448401,3.5324415594827236,0.22687784136207956
58075.35011005252,5.685197070624286,0.9875946310143487
58075.48728970284,2.814818065246043,0.6449214740316853
58075.85460310032,2.9438556206615223,0.6957860390475524
58076.20435906172,4.074745482512734,0.5726315757889311
58077.85264810032,3.6801689895497915,0.5790191778233088
58078.478555702844,5.4183711340338,0.6139449307907933
58079.20348106172,4.590066141625543,0.5941231695424773
58080.81827907173,3.1344329783054308,0.36440399632003845
58081.338176052515,4.228731359350295,0.5960808325573983
58081.45429761553,3.661921458283027,0.42702897675433926
58082.20724606171,1.8061883640828578,0.5415881625893644
58082.456848702845,6.10544101936047,1.2349992321614636
58083.03006017694,2.5436574064724358,0.7340323382899454
58084.2920834142,3.928054265544798,0.3336875967395273
58084.625284564914,4.075662206642983,0.21679322636601603
58084.65431123336,3.4224718122199755,0.34792992363106684
58084.95004770805,3.457072122425493,1.0250336320789801
58085.19851206172,4.648809831218569,0.6380615389941718
58085.2921314142,4.164501611700722,0.33860078834796226
58085.3170344142,3.7206766364054475,0.3443328452244695
58086.401318716744,3.7722431617250143,0.20445096026008958
58087.20834585797,3.6470381687848583,0.26237376416781627
58087.55073848401,4.256327358352028,0.6692306516434304
58087.55635048401,4.187713522446165,0.6963616240073532
58088.334522052515,3.97431185475478,0.6132713396246628
58088.84678610032,3.485156293484561,1.1845215612851068
58089.01812617694,3.676823478430781,1.1617799021701245
58089.17680506172,2.106784122049124,1.001030677942952
58089.81365810032,4.340242827054535,1.098250512614274
58090.332567052516,4.7762490094426715,0.6278832706318375
58090.52701670284,3.653215981487234,1.2329679834243559
58090.652724444,2.2638232493069825,0.6880620445085311
58090.93811370805,4.35424204822359,0.6384689386716565
58091.02887087949,3.716164719347965,0.19949866353118784
58091.03471387949,3.5513545253570555,0.1908665098207036
58091.037348879494,3.5743736019183467,0.18846868934556932
58091.19635891878,3.820607967440796,0.1361625124979602
58092.60501370284,3.9817704647143994,0.9384369165437436
58092.84244010032,3.5244798412508,0.7347083261222999
58093.53601370284,3.993957957137045,0.880546327536175
58093.92140214083,3.7880196408556053,0.3359732132847093
58094.47465461553,3.4665487238202566,0.37268580439536725
58094.615482702844,3.497825453098497,0.7815229516021757
58095.032391080415,3.8571701400139595,0.1988364607940214
58095.620598702844,1.637709422092148,0.7185542407518383
58096.01447217694,3.5976974785594305,0.44906194760936197
58096.48148670284,3.654231605855788,0.6550777177172237
58097.246973061716,4.734298615260453,1.229319162702843
58097.56001348401,3.3533378216310297,0.23139967008940002
58097.93445970805,4.9672232049123455,0.6669302952192288
58098.01251717694,3.6134642829618393,0.4186962502417588
58098.80320910032,3.4707109085908403,0.8322146741549157
58098.82824710032,3.707454716571265,0.8121516395803035
58098.86842324205,3.956673333669558,0.2171080402874177
58099.324970061716,4.113430351269118,0.9757183564109978
58099.67545038328,3.4399665350800186,0.25845808757119126
58099.93250470805,2.8445157621031187,0.6236010658482976
58099.99843987989,3.3216821816154196,0.36409851285380634
58100.228702857974,3.7477233604519666,0.2601231540011397
58100.25597006171,4.394253842982122,0.7627127827647399
58101.32670505252,1.8805080939619572,1.1410199065896849
58101.33543906172,5.5825001820670765,1.1309354224088315
58101.593466464095,3.588904529610267,0.3554258843930071
58102.34055506172,1.8950202849308484,0.6700601341383406
58102.502474702844,2.409533160974635,0.6454292862159622
58102.51192270284,3.8710674085420322,0.6616792761128236
58103.20144306171,4.578126367318017,0.5735867577335332
58104.47049058532,3.5451368771107044,0.22943195776983416
58104.80312910032,3.54935800412332,0.46465988074801945
58105.322359052516,3.7813484129247357,0.77228352999686
58105.421963702844,3.3373568028669913,0.5992183774467627
58105.42949862573,3.5016166856388615,0.32215598936418705
58106.941759140835,3.9515635200704704,0.29605305379131724
58107.67050420315,3.2381113764456053,0.4790278044710331
58107.77157110032,4.591833280620172,0.5108048602696276
58108.43845570284,3.991418896215661,0.8592182157965446
58109.00665517694,4.64005843627427,0.8549111720417499
58109.22243106172,3.368388434479516,0.5922128056532733
58109.231879061714,2.584757167127991,0.5774074855119413
58109.49552370284,3.4820832753859126,0.7480073474398995
58109.559493615525,3.468190511504818,0.3692380502577889
58109.97352717694,2.7045372069488725,0.8076107588345219
58110.92664270805,3.25316986656229,1.2123688296532986
58111.28312805251,5.051297122518905,1.0039256127282499
58111.30816605251,4.940848114611729,0.9678255478869944
58111.66439670284,3.388138021294683,1.015116556369558
58112.14192006172,3.8278309498331033,0.5788402584288445
58112.59851370284,6.638643812851232,1.189296135576541
58112.69580738328,3.3538501752397654,0.26052924052937454
58113.00230917694,3.0248369186052244,0.5530060655215417
58113.45859370284,4.44794204988061,1.2928898211690323
58114.50319070284,2.0431466700188388,1.468085024744569
58114.6138234641,3.1967610951766607,0.309455511742176
58114.92229670805,3.3445010853343495,0.7523143648619448
58115.01957902981,4.242273543982656,0.3679282968393397
58115.15841206171,3.5938113734056003,0.7245055049806577
58115.31354185797,3.57122814211786,0.2672303440011709
58116.21548006171,2.8453785607126614,0.7803836487398778
58117.283048052515,3.7856460396915512,0.5500962261524658
58117.49084758532,3.1198966105545463,0.22916224935552787
58117.67554170284,3.4470442346708055,2.0744127727712085
58118.384353061716,5.366629062587012,0.606062943850003
58118.44985562573,3.6407538239024646,0.2861676334094669
58118.46395761584,2.98893242189836,0.6416372362316801
58118.96307817694,2.308907207592119,0.6470229362173903
58118.98811617694,4.75684957999582,0.6414753568906163
58119.31847006171,7.643782818518309,3.0226732636931986
58119.671946702845,1.1192331819454155,1.6823817665094276
58120.17855006171,5.437790117459865,1.2412589370103684
58120.25149005251,3.7314959424296683,0.5406414472654701
58120.67120670284,2.9504039184479796,1.3878506996288158
58120.88306570805,2.3670446462901165,0.895045943966188
58120.90810370805,6.133289230630042,0.8653101983194708
58121.22314706171,1.7818312244955052,1.5168289280280611
58121.60182770284,2.370076154256319,1.1126164957507263
58121.78055110032,3.0281203658748934,0.7680129635161563
58122.02659814083,4.201386453674278,0.29643937791544683
58122.406108702846,2.967161720529118,0.5596090270731627
58122.73640610032,4.704988795620984,0.6584687947387736
58123.605706702845,3.3962630162431138,3.480036898849716
58124.39549806171,2.3853438325534206,1.8277406509960294
58124.59950170284,3.507981696784036,0.7363276672015305
58124.96299817694,4.529106849738795,0.36146858981819907
58126.39190306172,2.6739711607538235,1.5488275231722297
58126.88298570805,3.6435577272670487,0.5042332868950475
58127.391163061715,4.155458356831608,1.3133751738278239
58127.780646383275,3.5337134584504213,0.22488360803853533
58127.93144017694,3.836243389610697,0.397089888653272
58128.03993602981,3.608013375484263,0.3283229107521097
58128.149767157935,4.0571632580845085,0.5934727369091751
58128.321784061714,4.1072216686292045,1.0368500008655293
58128.74733810032,3.6677299081135324,0.4710800518118954
58129.12606506172,4.472101171467189,0.5540055278691911
58129.42671648401,3.4215584550388645,0.22274921513278692
58129.69866246409,3.1233259950954606,0.34558558098212633
58129.85142770805,4.7722416727431565,0.508906046925246
58130.32566306172,3.020224615672068,0.7770405119337701
58131.31945806171,3.4309528518509502,0.7923234230474034
58131.32271571675,2.9865482162876678,0.27547972932129855
58132.57568658532,4.023419798480422,0.19814578171031125
58133.53469462573,3.3317088341054237,0.3103828468957284
58134.13783315793,4.273968879402561,0.36961440260848727
58134.26047005251,3.9738820920780977,0.7340346517721965
58134.71260010032,3.6825765536987456,0.507193514046197
58135.21632505251,2.341897006020571,0.6485118791125554
58135.31072877756,3.7924492567111745,0.12988916727892733
58136.117755918785,4.024042621088002,0.18316824686341332
58137.519546564916,3.9654108985576038,0.13673222974700713
58137.527817564915,3.590350373855941,0.15146675036028684
58137.69924710032,4.370337378916453,0.5746053102168944
58138.358761496216,3.82294667733464,0.3195303084909783
58139.95378808042,2.637527916687544,0.29981372254828315
58140.69300610032,3.0706539991730724,1.0151895494753793
58141.13417915793,4.227734427627507,0.3839810401657076
58141.22725705252,3.5389622632763054,0.5440795486789232
58141.940420176936,4.038876023967587,0.550670242647111
58142.81530506153,3.4227844238074736,0.22648004329699162
58142.82114806153,3.4262463070115308,0.23504364911755368
58142.82378306153,3.1341726872166173,0.2308529483968529
58142.896275176936,4.508668399587525,0.48555918002234655
58143.124775029806,3.9165335931927574,0.3108161821193486
58143.13222415793,4.678063212148377,0.3641289591775486
58143.789820242055,3.6456231084166433,0.3018943113644218
58143.860407708045,4.780312803704409,0.7217290264824647
58144.34307271675,3.3538545220494003,0.2708579943481377
58144.68575810032,6.020722603024056,1.7061604602250247
58144.816262708046,3.3793343873776465,0.6605583497235036
58145.72900710032,5.234251647699256,1.4180552837335931
58146.557296444,3.1754898724597833,0.38445025138652444
58146.565622444,3.884748633531247,0.34060214163379116
58146.75519410032,2.874838781724856,1.4878746440532438
58147.192519052514,4.076595371805004,0.5397819219121069
58147.77783330286,3.82777088219931,0.21270776078440307
58148.90720717694,4.3156710345876625,0.35971672266237553
58149.13811291879,3.437626820233742,0.18509471138658765
58150.17916605251,3.6244850359359466,0.5582617170094163
58150.82719470805,4.677936879406426,0.5025341014295204
58152.74693310032,3.5589882607191337,0.6303805463343165
58152.97414508042,3.2659374791487448,0.2877012481573325
58153.17292505252,5.677031579767334,0.9656767345035859
58154.126362157935,4.1700066658066754,0.6914270838902232
58154.705172444,2.853590716028581,0.5417631380349563
58154.87246917694,3.2417764680680046,0.3956299993567523
58154.906263151344,3.443936263929034,0.8520002509457458
58155.09323415793,3.6428816732526634,0.9931264725918507
58155.84402710032,4.38598654588465,0.5593574039401892
58156.40890566653,3.3183797918980282,0.1886331117833182
58156.79245670805,4.381853812038399,0.49871093413208567
58156.810177242056,3.5590809086486948,0.26966047753780936
58157.165677052515,6.058231073983925,1.7538614835376662
58157.85911617694,4.089680171486462,0.420740095256886
58158.12201615793,3.4827589673876442,0.4576427090954556
58158.20892605252,5.065479290849398,1.47795384510807
58158.64270210032,4.693753496259202,0.5007733429823215
58159.23511305251,5.442810920975855,1.2424438982865458
58159.427911716746,3.6822409543529346,0.2729256126256044
58159.779103708046,3.6167955561850027,0.5675279454859169
58160.85287517694,3.305135663536946,0.699578950892088
58162.45375561553,3.1069972209013788,0.2300144546070086
58162.462026615525,3.568339560263044,0.1971787009157868
58162.77286270805,4.99865813602459,1.0326799666738504
58164.08278515793,3.8962569174436403,0.5934727369091751
58164.10782315793,4.404313463785342,0.5663067313464314
58164.22295191878,3.447644435754249,0.16752535493523796
58164.64167710032,3.664921083273086,0.5445107583549761
58164.84562717694,5.793370980524582,1.137253761988599
58165.22685205252,3.960559449100969,0.7138358059681605
58165.88887617694,6.0882686184214965,1.0373973341066731
58165.99898607061,3.4406372847570355,0.1782165267080528
58166.76561470805,3.8419376303672905,1.8801487176052907
58166.79050607173,3.4368647385531403,0.21635921014725287
58166.79634907173,3.6830322318404463,0.22976840742606103
58166.798984071735,3.396637146716717,0.24879497113247778
58166.91506317694,3.4581320618121776,1.1384216734258146
58167.80886370805,5.9242894183702575,1.5088766933877074
58168.05898408042,4.063441981127179,0.25640069552329176
58168.20780385797,3.432637937117253,0.1548182888340117
58168.21607485797,3.752461487118654,0.1704541068340802
58168.323946052515,3.630071950732807,0.5900641550838559
58168.570932444,3.5304309694155585,0.2495809469811978
58168.722143879495,3.872294803218887,0.220599483712371
58168.72289210032,2.894901816299469,0.7828596091013696
58168.83505070805,4.9221947900758884,1.2450781498646872
58169.70642310032,3.632017706570722,0.5537397542592974
58170.08270515793,3.492946219473673,0.32573085516097755
58170.62653823336,3.6626625770771915,0.20481107410474653
58170.63238123336,3.527188585351656,0.2357460800893176
58170.63501623336,3.7766242945260995,0.22312317534848689
58170.96503487009,3.9844573543347783,0.2539720317864787
58171.12262105251,3.9687249399579194,0.6068248994744387
58171.75303431306,3.6920800707538275,0.26153588873942657
58171.89501624205,3.370945691761852,0.2838333305432849
58172.712042353465,4.003522715483564,0.13695056329254202
58173.05114715793,3.2262491840932723,0.34088112749404664
58174.36852961584,3.6360537370721913,0.3425590739222248
58174.37685561584,4.925008148439922,0.35705271112648124
58174.82678970805,3.3168893215195405,0.6631071279217936
58174.92086014083,3.7854441466947417,0.18556435429025148
58174.92913114083,3.310265474015332,0.15787779206096345
58176.00389617694,3.8464626146863328,0.42453580742783636
58177.121596052515,3.738801907933256,0.5870558163470845
58177.92388370805,3.9816956349068615,0.5671031491195353
58178.80257117694,3.351560143166263,0.38073912853225483
58179.84944210032,5.178075150890342,0.8623092260168341
58180.23212577756,4.094517087592401,0.19913240851170078
58180.67490838328,3.8051435040228663,0.14225550581206436
58180.683179383275,3.909791232436338,0.1539193672081493
58180.69920710032,3.966267862583762,0.7371158902712537
58180.72255870805,3.8189986265826796,0.5441641453349249
58181.20281105251,3.3451392960928974,0.5526748022125554
58181.533526444,3.8965938574928867,0.7429241344361216
58181.539138444,3.574279079168292,0.7952924930033671
58182.18634205251,4.054677475294242,0.5251699909049317
58182.51640561584,3.9325857198727903,0.48318652679595686
58182.592924464094,3.312788553304957,0.20091843382216268
58182.60119546409,3.594779337616763,0.1869657648067347
58183.79381510032,4.305734407586202,0.5814267419722627
58184.80154617694,4.000334946539476,0.38570275214042077
58185.46994858532,3.6071698124011373,0.13098838654805972
58185.47821958532,3.6125639806872627,0.1233466481427165
58185.97066687989,2.9376253998705497,0.24957162407704553
58185.97650987989,3.616393068044218,0.2135721297221354
58185.97914487989,3.09523976634671,0.21879485429175968
58186.42895662573,3.1791931248549368,0.17873770838478154
58186.43722762573,3.0641374143677274,0.1751254942183226
58186.60364210032,3.945402306626166,0.4722838338863721
58186.72153370805,2.062210773774627,0.6023612475292143
58187.06012715793,4.035221484360754,0.4458881874577299
58188.01598215793,4.735529762377259,0.39077254155639335
58188.056171,3.7906229600330645,0.17272060439453307
58188.88276117694,3.856973817621272,0.5497943090691993
58189.602764100324,3.5549756538042114,0.4843216546311391
58189.866292176936,4.027780865314041,0.384534840703205
58189.974187080814,3.7355909413480886,0.12814761489051907
58190.80274870805,3.494029406300699,0.5547840544944668
58191.542801444004,3.2234942011464263,0.2418919419534673
58191.786279708045,3.374236830981067,0.5645543709212452
58191.89220316163,3.5000803045340882,0.19778608998362499
58192.329361052514,2.879276554570028,0.9106671118883398
58192.60652910032,3.1633452189077804,0.4762964408012945
58192.69923030287,3.4824831912109975,0.3500321020095258
58192.85121120204,4.032013245020881,0.22918819421018835
58193.17912605251,4.306948166506349,0.7366132278322861
58193.25248277756,3.439262254450048,0.2016883670806957
58193.64273120315,3.309024858074248,0.29402562620855455
58193.64857420315,3.83817450432226,0.31935186964735535
58193.651209203155,3.4023701553201136,0.281000701011457
58193.98122783988,3.693316890787772,0.2463700762196767
58194.026914157934,4.017197884516241,0.31920056536224106
58195.59779510032,4.505562231949339,0.5027796464397827
58195.728235323266,3.4791844901513738,0.1460403938093724
58196.01903702981,3.2765335136672293,0.19042154832519634
58196.02730802981,3.089986405285348,0.183246659541278
58196.27373405251,3.818737765796036,0.6076844248278019
58196.38216561584,3.7243865800332676,0.21192047912169654
58197.646251404076,3.918277876180822,0.16249619445011496
58198.38919148401,3.7703290707895825,0.29608148101498427
58198.605259444485,3.5232115523825005,0.13085409892073135
58198.605259444485,4.063921315610036,0.2391064223364959
58199.08356105252,4.349924434174511,0.4710198936430488
58199.57608810032,3.666526126039056,0.8948113420277058
58199.735276082334,3.9028570517177865,0.32178156191463986
58199.99217615793,4.197433882961368,0.3419259738618444
58200.00931117694,2.9646894795886265,0.6365117332824507
58200.85907617694,4.391877255865975,0.5527140876622382
58201.33030266654,3.791564777855049,0.268957064252772
58201.92929870805,4.808774160251981,0.8576638637246005
58202.08268305252,4.8269610052911025,0.4989544676273537
58202.44129160612,4.191529875712724,0.1375133639808226
58202.44129160612,4.08792396965613,0.15620408321248816
58202.77906370805,3.092172043703635,0.7259769901462815
58202.97882315793,3.647061058723855,0.34114233908599606
58203.40029964653,4.096689504962625,0.17421983453591378
58203.95368417694,3.513023899361306,0.4102288923219461
58204.35930768694,3.954273934259356,0.20416012595676888
58204.35930768694,3.8092461743132313,0.16675308587237364
58204.35930768694,3.87146991860236,0.11870858685748895
58205.08644805251,2.875408690479893,0.5118473479278021
58205.71958730287,3.3849591868860545,0.3164258572759303
58205.87367170805,2.4528535122992157,0.5866437819730923
58205.972582157934,5.304971032827083,0.6036599889952043
58206.76351117694,4.047635359746704,0.34891354186813234
58207.23633180816,3.9202425811386936,0.20067100573214522
58207.64625610032,3.948612392158103,0.9931202114433059
58208.07771405252,3.8711688123511934,0.5273188042883402
58208.33732177756,3.3579362999820264,0.15800471153787224
58208.6107134142,4.169210086992138,0.6739261156236347
58208.68349870805,3.9511102965273803,0.477471115813002
58209.34475961584,3.7923499869234973,0.6445751356649753
58209.35037161584,4.660597199443351,0.6949111459554335
58209.72425310032,3.8298392274763984,0.7732293525055557
58209.76263317694,3.633610755253807,0.3667241912856688
58209.96533415793,3.984285223930609,1.0819384138546675
58210.65525310032,4.100690194233664,0.673716701015479
58210.810835151344,3.3112557412572867,0.4620519495629776
58210.81916115135,3.0566857180904234,0.4186426103524433
58210.92038307062,3.2701508866584224,0.24630519377476576
58211.008583157934,3.8740539321279357,0.8565128100022826
58211.68262070805,4.708097421419524,0.4685503921189868
58211.73472210032,4.089856155563374,0.6849520003772618
58212.0313720102,4.084207133431227,0.13169336695640876
58212.03477015793,4.675451096228882,0.7823287178886357
58212.05600705252,2.8307133721050057,0.9648172091502231
58212.32217371675,3.34412455368485,0.16784195428847318
58212.33044471675,3.5703463181606194,0.1746529321436576
58212.73983810032,4.126370878489168,0.6038973406958283
58212.76639817694,3.6727357884005265,0.3430739846820548
58213.60072610032,2.2556935347523224,0.5108048602696276
58214.35065966654,3.0662993027651684,0.2419331813075967
58214.686385708046,4.0653805190840515,0.5275970870460391
58215.75766417694,3.685582814209897,0.38103110639155874
58215.86740417183,3.645838506711451,0.21038681940840762
58215.86740417183,3.2551013068693218,0.2833756294372213
58215.86740417183,3.3761064990638534,0.14899326718051828
58215.86740417183,3.755922737746327,0.2372585336887242
58216.67443131306,4.052252351817837,0.33521428482430504
58216.82641221224,3.8489032509028815,0.2590856706008179
58217.117213918784,3.560920549716898,0.1029502641184351
58217.12548491878,3.648767331973647,0.11404669977191911
58217.63343935347,3.6202933984565844,0.21940293150137713
58217.67765170805,3.9026835107598696,0.4919141922699789
58217.78542025265,3.2948371442487314,0.329495753202914
58218.026509157935,2.6236340414658663,0.4343948774119536
58218.95871115135,3.332837785610547,0.6030709893712115
58219.35403461584,3.683451847929355,0.22993959564590732
58219.62171410032,3.8964485022641115,0.521237638248426
58219.63116210032,3.6946143744435123,0.49194560776949214
58219.73595717694,2.4032160561472713,0.6473149140766942
58220.126175052515,6.316948205346257,1.1384413305295948
58220.50857806153,3.161867752849073,0.21536557616817706
58220.804426302864,3.3849591868860545,0.29138591021952615
58220.95324608042,3.2755315182702898,0.15086626518629606
58220.96151708042,3.8259895128689383,0.15962082588470594
58221.12360315793,3.4681311182384738,0.3555089766432164
58221.34178648401,3.398949311402262,0.21940699389954985
58221.62145241428,3.6690902869299205,0.16026656872154857
58221.62145241428,3.6941539602672266,0.11984055966155978
58221.65594470805,2.019306340770078,0.9689605117165992
58222.204172052516,2.723401631737607,0.8105324082215236
58222.54120310032,4.322988617320368,0.5248489844718562
58223.13517205251,2.976832682176754,0.6687107249165911
58223.409504444004,3.976808882917318,0.2628808475697046
58223.92227815793,3.9074890158974664,0.35733745778686266
58223.94074007062,3.1600230270170835,0.2549883519387945
58224.21464105252,4.313824369333256,0.6124118142712996
58224.330988496215,3.0431081696660804,0.1972235531116611
58224.33683149621,3.6788843341378517,0.18299092556752064
58224.33946649622,3.3812503757147816,0.19581593060729555
58224.498476535504,3.7761742513891052,0.18070878703557985
58224.78927824205,3.128878379367446,0.16167086304476105
58224.79754924205,3.466267534984519,0.16568441433834705
58225.21975705252,3.806274648172269,0.5698653092798199
58225.55769510032,3.652080741145335,0.5701914426104798
58226.08064505251,4.535152147824286,0.4972354169206272
58226.41649261632,3.7536729265583446,0.22237008898661761
58226.61476310032,2.8820614741717163,0.6079099476107508
58227.80612517694,3.5188634565473835,0.7150537774351932
58228.78363610032,2.8166559814584815,0.5184288134079799
58229.29351673755,3.574852691478764,0.133353409667743
58229.435498666535,3.0994115704055023,0.23648567921192895
58229.69478831306,3.346852697617784,0.3189243351828206
58229.71775310032,2.3672440069871667,1.1070782478271033
58229.72611270805,4.759497781751707,1.0594421377558954
58229.88412217694,4.362679469935586,0.5906712093717421
58229.92125315793,3.7797565474341805,0.34270960863769284
58230.252524777956,3.986444081646752,0.2386488271799135
58230.57783310032,4.198597802957772,1.0898240380929367
58230.65379635347,3.4303377413155056,0.19518151146417406
58230.81512217694,2.357083554377259,0.4969463165351977
58231.62243010032,3.030126669332355,1.1997694675618118
58231.80410970805,4.951080942989842,0.7574119212585253
58231.89459117694,3.6426620688922275,0.4732961099315837
58232.101633052516,2.418656917702674,0.5539640902426002
58232.11108105251,3.270360590350297,0.5578319543327348
58232.73510970805,4.2501669384600795,0.6750014261804806
58232.82447115135,3.2921262019441704,0.28056657659238143
58232.89970717694,3.4324380101934366,0.427747563880179
58232.977568,3.401549188783447,0.24621231674168312
58233.76059517694,4.250267994103594,0.37548352706478505
58233.81457870805,5.2182778574439155,0.6597087569907403
58234.00246815793,3.8633442568580083,0.34506051296523793
58234.79478110032,5.775953581213787,1.5151603710747161
58234.81969470805,2.5501318802006185,0.5976884874990157
58234.89558408082,3.5417874496926736,0.20005266546797698
58234.98599915793,3.6705701019993064,0.3367017420228552
58235.021122052516,3.589244496448054,0.5049711451008962
58235.680582708046,3.6478056909308645,0.5152779924209709
58236.0065730204,3.905942215578148,0.2836625711640155
58236.79118610032,4.72745939434455,1.221437544902393
58236.81360016164,3.1664795165064854,0.2659308772889076
58236.96558106081,4.1229380127222885,0.2074126443269014
58237.73336987949,3.2420356840647093,0.22859221862948606
58237.772608202045,3.7519578456119236,0.37221648747976355
58237.79044610032,0.8011636541620843,1.166866090859448
58238.03761405251,4.267839762928322,0.6816036052170396
58238.72106710032,4.373948725139883,0.8462587983571439
58238.73341787949,3.327078383582812,0.27415080765704086
58238.75832087949,3.180012061107898,0.27782746571891387
58239.025579070614,3.329450503388375,0.2168671697552538
58239.09468205251,3.2896999108009695,0.7030917390511202
58239.35795448401,3.5338177682258207,0.24575156126741718
58239.525348100324,3.512040759814541,0.47509265872681783
58239.78158317694,3.2630908517971875,0.3573808997879448
58239.79103117694,2.61548395986119,0.3535851876169944
58240.64963232327,3.5551153708148266,0.2036634954684141
58240.72494610032,3.495990332154851,0.6596725768132503
58240.801613222444,3.8927968132311808,0.15060323871873324
58241.263555052516,3.639526729619803,0.5844772402869949
58241.70157070805,4.142268661399134,0.5658287600203903
58241.71101870805,3.4226636167485776,0.5326946434426197
58241.71874110032,3.4362024891225067,0.6187439862810414
58242.19767205251,4.609071328213524,1.064522150140357
58242.56764840408,3.9132625615373,0.24615164270406303
58242.70107217694,3.6677721647923605,0.35066540902395565
58243.05775205251,5.519738440101863,1.1354329917928239
58243.52665644449,3.522429867203763,0.20151843907864123
58243.52665644449,4.100805606111305,0.404925363111772
58244.10234905251,4.361957789121596,1.2549070159103124
58244.483779071736,3.6506689530026746,0.23484215774777217
58244.62105970805,3.2561434411269605,0.5390665889383448
58244.77962731306,3.801177898627988,0.3401461044405342
58245.12901815793,3.713670014670967,0.5793673109439045
58245.717564176935,3.380465951237346,0.4213240509754934
58245.73863535347,3.494209294153336,0.18514455316108638
58245.787065151344,5.085643137800888,0.8431712328012303
58245.792677151345,3.8086237633983266,0.9375926768467432
58245.97878315793,2.997950252729444,0.4503287845208708
58245.997925,3.0396200992489186,0.2235917486457752
58246.55566146489,3.2963257397550905,0.26264410152433887
58246.77463217694,2.6838067789382967,0.441762501126765
58247.27470005251,3.3034523164547807,1.701430436982509
58247.362688606125,3.811049526548544,0.22645984581210032
58247.362688606125,3.2218307740850376,0.20447275884321706
58247.5146695053,3.544073306677067,0.2744338127270409
58247.637551708045,3.8648766341518996,0.619777898550863
58247.91594108082,3.117001837370397,0.1983123892163773
58248.31981123336,3.327177770796239,0.23343484401001058
58248.32169664653,4.251239358179968,0.2828370390697808
58248.69461970805,2.948590871866629,0.6465400696329084
58248.94350517694,3.679159301305212,0.37548352706478505
58249.07339115793,2.9869793658675663,0.3766671155911227
58249.27110505252,1.0751328378606129,1.4861193359650207
58249.28070468694,3.522327016080334,0.18588064527748738
58249.28070468694,3.4618726229152585,0.30212613098136454
58249.28070468694,3.693387950878331,0.23481979214037743
58249.83395716164,2.7022876726673646,0.2741224980625391
58249.87762217694,4.467791499284981,0.7048345523595575
58250.270365052515,4.057256051354331,1.214509324302241
58250.737702176935,4.133768828241347,0.7264409139480447
58250.79296520205,3.453327343180942,0.3503550200769214
58250.86349270805,3.5862102178055224,0.5645543709212452
58251.200986052514,5.087826950036842,0.9957601218712993
58251.22073761584,3.3305121960094866,0.2481545721323376
58251.35534948401,3.2513017733927985,0.24457195377333357
58251.782299176935,3.549229153914987,0.9133067439025256
58251.79760970805,4.503345572823557,0.9978466646305532
58251.883218157935,2.9386552213569157,0.2993484843740823
58252.00526705252,3.971733278694691,0.4937973155071744
58252.15772880817,4.251435288528532,0.28915200947762204
58252.657689708045,3.708126774957063,1.2106696441877718
58253.20486505252,3.481803827277651,0.7348941771255597
58253.66998932327,3.2986377294627216,0.20585705424313613
58253.702286708045,2.022322394971388,1.2038729023256651
58254.19866005251,4.443612697691102,0.6807440798636759
58254.882340157936,3.071089498475293,0.311103006011808
58254.95465017694,3.9968312122278293,1.1390056291444222
58255.58800540408,3.1238520366469267,0.23020294213766285
58255.79634015135,2.5742779766942565,0.3019033704416273
58256.54701344449,2.862776377112146,0.39786923797239854
58256.54701344449,3.2988679060847117,0.1793967485203575
58256.874637708046,-1.035149452060713,1.6715737017118886
58256.93726187009,3.950248876583947,0.16676632903530517
58256.943104870086,3.620733123097714,0.15834378716483505
58256.94573987009,3.6159387531099085,0.14396067720141711
58256.95105517694,4.3156710345876625,0.9328692604758854
58256.952769010204,3.749393488626797,0.22509778889159304
58257.88610515793,3.276924232931468,0.30039333074187985
58257.95031517694,4.166178370624078,0.7725734157180567
58258.87104270805,6.116297375974775,1.3372589613695105
58258.88093617694,4.476550835064098,0.6184091060056103
58259.68521717694,2.595337487569222,0.31796388878192144
58259.87030270805,3.607874832490988,1.3045496411581219
58260.383045606126,3.2193229315808294,0.20447275884321706
58260.383045606126,3.424146803118073,0.23223182117330082
58260.78880117184,3.297186796389701,0.42103025141012873
58260.78880117184,3.4848516529546405,0.3949077698438897
58260.78880117184,3.835004753557051,0.2710170267307153
58260.78880117184,3.474081929496541,0.21634034233379745
58260.80092370805,4.312187207951804,0.9188345404835616
58260.877371157934,3.254460036023815,0.33748537679870333
58260.88481517694,2.1316766469946664,0.4578212833884783
58261.082764,3.1642845634219237,0.22409442793679538
58261.23158377756,3.3680052276780668,0.10556883422849014
58261.23985477756,3.4020846752646676,0.10820224608745467
58261.342053646535,3.2871941199291292,0.2533320670919244
58261.60520470805,4.10318739569202,0.5195259560847878
58261.74780921225,2.791010909697273,0.42136113158204846
58261.87861017694,4.136688606834387,0.45723732766987046
58262.30106168694,3.099614555774469,0.23419912308626187
58262.30106168694,3.224037536316951,0.1874745585281314
58262.30106168694,2.867905505837001,0.30251182391453224
58262.706817252656,3.78679949701407,0.4745056241188262
58262.80480270805,3.0182574759532237,0.751464772129182
58263.000780080816,3.2190453084869217,0.17553059101361837
58263.663939879894,3.541409665294612,0.244908477139881
58263.798597708046,3.817299441117152,0.6350705677406031
58264.5152854142,4.087937709135947,0.39899210186830625
58264.5236114142,3.5096141135597714,0.37811103753245845
58264.855664157934,2.668823646873123,0.551940093789211
58264.91879616163,3.59861719210096,0.24456143179247747
58265.17808580817,2.8814462664473197,0.2744866497408028
58265.87780420204,4.164896674332275,0.3060605436397902
58266.54284941428,3.273514001156226,0.23230411292004258
58266.54284941428,3.272914026123104,0.19440149574003168
58268.75482832327,3.291044641396377,0.17978745188201758
58269.41987353551,4.048132029898097,0.298318598267977
58269.973126010205,3.3055507851296433,0.2144524319798624
58270.67284440408,3.3706055171082117,0.23110569877349682
58271.336004203156,2.885473586850112,0.30367371894714534
58271.33788961633,4.015874771175296,0.3719540921451416
58271.63185244449,2.957392600571926,0.33917510613124663
58272.6631614142,4.013011537107316,0.47944561445642536
58272.92583215793,4.092688034589635,0.68803133319488
58273.698688302866,3.199136421888528,0.18068298639121227
58273.706959302865,3.374416051283358,0.1656590181573697
58273.80915817184,3.640988090125667,0.26786425594995533
58273.80915817184,3.229474157282472,0.34354693272546477
58273.80915817184,3.9775688769691673,0.3791201180960844
58273.80915817184,2.924183792923893,0.18933089934965147
58274.21491373755,3.298249816194698,0.20059792099046744
58274.76816621225,3.3558731783039715,0.4220141515457556
58275.00382915793,2.553106911639512,0.5164153172840843
58275.17392177796,3.014333262675361,0.3631549125526757
58275.46788460612,3.632479038811404,0.18713826366392203
58275.46788460612,3.518592137083166,0.17713727554733316
58275.72717425266,2.6164051900320153,0.45863587080381524
58275.93482915793,3.4730941384855125,0.40487796752166455
58276.42689264653,3.285032583520495,0.2535482207327878
58277.014298157934,3.4665638486867767,0.38319740538985925
58277.38590068694,3.184173711034515,0.28091301965714105
58277.38590068694,3.415121324949867,0.22788898770275395
58278.019414157934,2.918803140368757,0.3557701882351658
58278.88030215793,3.631127151614937,0.30300544666137474
58279.563206414285,3.2663092187933183,0.19528213671733655
58279.563206414285,2.809099685260147,0.2249355350477875
58279.95345483988,3.543276470428988,0.15724361326520678
58279.95929783988,3.481005389723464,0.17042336840195854
58279.961932839884,3.5940120030742264,0.1522848935107853
58280.262924808165,3.6000488935514694,0.2777863556815871
58280.927970020406,4.258738629463041,0.434759217110677
58281.886978060815,3.3705478031986065,0.26243819696370796
58282.32976066654,2.658270714422997,0.14441221241848595
58282.338031666535,3.1805900330076096,0.1467621152832838
58282.44023053551,2.9793856722487275,0.2826929539764516
58284.35824661633,3.5788716968137084,0.3312626583357347
58284.90129015793,3.297821160287425,0.3319999333677649
58284.91073815793,3.3811476581193034,0.32520843197707894
58285.0579650102,3.5244673990402315,0.18337485776981038
58285.70750308233,3.3175569632571404,0.1933202063040125
58285.71334608233,3.1548601852466156,0.20698296661956828
58285.715981082336,3.4171223660164785,0.18892299608751187
58285.72301022245,2.8039700903030678,0.23146463505383588
58286.5289214142,2.9474631070280273,0.22047947342850993
58287.235270737554,3.1060067621116376,0.1972721972700432
58287.66304315135,3.318368005873702,0.29871511388944083
58287.82077915793,3.4386142083481843,0.3142375451152016
58288.19427877796,3.2172212564246454,0.3235990519008369
58288.893997171836,2.8272321634121305,0.3791201180960844
58288.893997171836,3.1581396612846593,0.33270408933379725
58288.893997171836,3.4942629884056817,0.25889098526625376
58288.893997171836,3.146614499852155,0.21175050234956358
58289.51980406153,2.5589534622056735,0.28369221835351244
58289.853005212244,2.9901819986279587,0.3343462214180687
58290.51985206153,3.496941606125958,0.3059211526111415
58290.54475506153,2.917167271635992,0.32997213066037956
58290.81201325265,3.396006821631927,0.41539079302041054
58290.83727115793,3.629037458879342,0.40905735299285584
58291.477058464894,3.5295144280243633,0.34702158741124683
58291.89433915793,2.891114711622114,0.43335003104415576
58291.919841070616,2.8296394480930624,0.13384770633332058
58291.928112070615,3.2627384345671784,0.15396721915241163
58292.371979444004,3.5160920140935747,0.3031961712286158
58292.4360665053,3.9076764654952285,0.4018680626747394
58293.94832702041,3.2520215898420073,0.416406676388382
58294.06321215793,3.366519808970134,0.33644053043090577
58294.64804541428,3.5973436076474368,0.20864709975122356
58294.64804541428,3.354373316523797,0.15403878428022902
58294.907335060816,3.3289978961055082,0.2578340180696078
58294.99732915793,1.6413217287807234,0.6287363018223523
58295.85740915793,1.9606267787797442,0.6903822375224253
58296.90200615793,2.3558921597176683,0.8047929147962892
58297.525069535506,3.4219134609629194,0.2673058691397587
58297.67388931306,3.0434710666800493,0.1987672754419642
58297.68216031306,2.598112810426626,0.21087265086361764
58298.63289735347,3.315037145932929,0.11853564805877803
58298.64116835347,3.220474067705493,0.10576133749121204
58298.74336722245,3.158906252434045,0.2319983736435065
58299.44308561632,3.316669852196756,0.30905430537637535
58299.4915154142,3.9550768193911896,0.7296089538525621
58299.4971274142,4.735250703547226,0.7371834575822322
58300.07435715793,4.033654214809056,1.0048809942295764
58302.02426149622,3.1114560623780525,0.1925314780971093
58302.070762157935,3.1802759439101678,0.8690509664158567
58302.32010973755,3.883901651840139,0.18348261111218658
58303.07002215793,3.857336390243171,0.7353106313377327
58303.27911777796,3.024550643655541,0.34169841249429816
58304.00064315793,3.5120146656859834,0.5840691195989948
58304.497415464895,3.147514537372726,0.33275412161582407
58304.804924157936,3.1081815445321155,0.30613998576476825
58305.456423505304,2.6264081915645647,0.39528857694374414
58306.004522157935,2.2561093315929748,0.43543972377975143
58306.99831715793,3.29050723571284,0.4312603383085601
58309.0331660204,3.1540225859850928,0.39163965541363444
58309.500790414204,3.1715660592677573,0.2407463888133033
58309.99217406081,3.28744798901241,0.25019781892817344
58313.49500507173,3.3044036140827533,0.2863044824394136
58313.828206222446,3.9612932655722464,0.1893882429014668
58313.977026,3.1974613966292553,0.1306966156652463
58313.985297,3.2929704619230886,0.13542180100083595
58314.49505307173,3.3768857615357692,0.3118544394166018
58314.51995607173,3.071554715389939,0.317290600475578
58315.324574444,3.750710572912703,0.22277333485748857
58315.89504208082,3.0513459606055013,0.11343437021790391
58315.90331308082,3.170001159578205,0.10805533453114138
58317.33103723336,3.53483344315244,0.2714813456232187
58317.813058161635,3.1189918598477524,0.14685557821713333
58317.821329161634,3.4062921826330896,0.17119300225473422
58318.33108523336,3.424071898736419,0.27859284125185574
58318.35598823336,2.8572856971340475,0.2887267225226635
58318.772066202044,2.9818054972372874,0.19575300877054727
58318.78033720204,3.1618411111430467,0.17989272849789725
58319.58225446489,3.225755478831495,0.3467147601898399
58320.18321261584,3.5823881074239985,0.2916354837451071
58320.5412625053,3.1025551852550137,0.3694900671037887
58321.64909032327,3.0193808239115816,0.1108590857686397
58321.65736132327,3.359382433993483,0.12233308551333909
58323.56710640408,3.260268594950726,0.13410951356778006
58323.57537740408,3.6003069277815234,0.1323040002961121
58324.52611444449,3.108136722472654,0.11733094532856499
58324.52611444449,3.298973203909777,0.20799532513107657
58324.53438544449,3.078432685680612,0.10419863432576756
58324.53438544449,3.290954879887762,0.2036654301591883
58328.36214660612,3.4918418170382646,0.1158623236944803
58328.36214660612,3.0940619621494214,0.12220354085041646
58328.37041760612,3.261120306650988,0.11577872894433999
58328.37041760612,3.287062388289562,0.13104187812225482
58329.32115464653,3.3336671527147637,0.15573869824209177
58329.32942564653,3.484974701319155,0.13758179240956475
58330.28016268694,2.8229079969674373,0.17266186974807343
58330.28016268694,3.2331456120349173,0.10610908211430277
58330.28016268694,3.0272031661276566,0.13696097127482806
58330.28843368694,3.3037385203165037,0.17536172028024732
58330.28843368694,3.399367993887795,0.1032248581369469
58330.28843368694,3.1440958379860824,0.14347799634304118
58332.67516587989,3.474633401154416,0.2837058596570897
58333.15718680817,3.223637993639774,0.17158470892078675
58333.165457808165,3.0794286228943824,0.16486308570807787
58333.340742444,3.01693012013118,0.27410263869125717
58333.67521387989,3.726144894357322,0.34208845931038956
58333.70011687989,2.786166387351445,0.34768423563498724
58334.63053487009,3.2680229850758797,0.16754379443873313
58337.9522270102,3.085775674693916,0.1141800378435617
58337.9604980102,3.3501926044369013,0.10765546425250104
58340.34723020315,3.2798393775400108,0.3495021594554516
58341.34727820315,2.6799692115181273,0.3842352933143785
58341.3674934142,3.6441127338406725,0.2530293678343902
58341.37218120315,3.089048343634378,0.4160739993517281
58341.78825917184,2.9271852010230317,0.2220009572200013
58341.78825917184,3.0459910848131795,0.12542620418454767
58341.78825917184,3.095316224224897,0.15557711198904148
58341.78825917184,2.9484162430510903,0.21557284690538908
58341.796530171836,3.262655596434467,0.1741299554296675
58341.796530171836,3.25658126576164,0.17947759193049612
58341.796530171836,3.2445799344892263,0.22568343755303452
58341.796530171836,3.0583483463091943,0.11686438729088043
58342.747267212246,3.373831227305919,0.21533333303243776
58342.755538212245,3.2317993851996096,0.21386403811409666
58343.135807615836,3.1346522337898035,0.22093003738380193
58343.706275252654,2.648144696662037,0.25966883861686596
58343.71454625265,3.3384789658650114,0.26819883102368436
58345.338137444,3.89825634506645,0.29093532537358613
58347.54230741428,3.24943026672831,0.10494304979548712
58347.54230741428,3.348169329598811,0.12148457992020589
58347.55057841428,3.0982535656243213,0.09936565693922347
58347.55057841428,3.199828222433675,0.13214962684057513
58350.41933153551,3.2441866671127455,0.1632939468328111
58350.42760253551,3.306212125369182,0.1511274146363561
58352.337347616325,3.292312303789717,0.18726656334117878
58352.345618616324,3.282282725033877,0.17451467035161097
58355.21437173755,3.4831925011353633,0.11404798904674372
58355.22264273755,3.430467612884735,0.1125068000055715
58356.17337977796,3.0435257797615893,0.20770475906851188
58356.18165077796,3.3106373111005745,0.1868321093518589
58356.62551815135,2.731974050775464,0.34408645713209024
58357.646727839885,3.5790836467609157,0.17029287577684218
58361.15197561584,2.478305914395426,0.2313106153814451
58361.927428020404,3.683217206812432,0.2391175694108722
58361.9356990204,3.0186057806555358,0.22824858898310543
58362.05199987949,3.5046769534411055,0.5281599233229523
58362.88643606081,3.236914318223505,0.1591249144619487
58362.89470706081,3.174027972352869,0.16698570769577822
58363.40077608234,2.8971522579152715,0.19504768174620907
58366.72246822245,3.6890865848402186,0.12204822417135389
58366.73073922245,3.603688410492915,0.1275635229312839
58371.035487496214,3.3322963930629577,0.22694002820382259
58372.035535496216,2.415777740220504,0.28105529337165347
58372.06043849621,3.4805659635227952,0.2963827384191894
58372.47651646489,3.543321652987676,0.20710837444968314
58372.48478746489,3.7565665718654984,0.21462564137415308
58373.149370615836,3.464676270129969,0.24658769243458037
58373.4355245053,3.0817778618939755,0.21781560656821292
58373.4437955053,3.499055772728152,0.23409117653435918
58379.57811315134,3.0056736132554445,0.2607012857672216
58395.709447564914,4.172518495989017,0.5089076734894263
58395.713254564915,3.3616046692302017,0.32755972747983125
58397.594281151345,2.42908967831778,0.3193161562266437
58403.64176087009,3.1385749954051185,0.18892409303300287
58404.64180887009,3.2746314410050186,0.21665369242193483
58404.666711870086,3.5905415499312605,0.2280565183388788
58409.59167615134,3.1356563803830344,0.3278999238671451
58410.329968414204,3.8044056100658565,0.29253961701888637
58413.83843406153,2.6759286736269683,0.6218635460761321
58417.95657187949,3.9014682856663576,0.27606906403714854
58417.964897879494,3.3566515027761366,0.2855004912393442
58420.643656615524,3.4698322991893793,0.7483268266229444
58420.647463615525,3.9525178784503394,0.49204376906295844
58426.104447879494,3.98401725189032,0.37725708808782316
58426.39770485797,3.7287708537852167,0.5268796853356419
58426.40151185797,2.3002256637789564,0.38059002450166757
58426.65795383988,3.9567815008976908,0.20161110580476718
58427.65800183988,3.8043661147617893,0.20500391405779236
58427.68290483988,3.386528729139224,0.21505184619175166
58432.41200208233,3.2819081518590814,0.22677041259382133
58433.11076114083,4.899345371268423,0.5838645262678697
58433.11456814083,3.629626749962469,0.3879981953341621
58433.2825634142,3.02230739252985,0.2341954666687236
58433.412050082334,2.8550646744144785,0.2556663654451116
58433.43695308233,2.835905401328297,0.27875171908174023
58437.60356248401,2.8599866473554645,0.4712531938863992
58437.81363507173,4.216047823673064,0.5871053943694304
58438.864809383274,3.955574613617233,0.5204044327561649
58438.868616383275,3.5533349075279475,0.33007637670416146
58439.970207879494,3.8071220427047328,0.19582200546931497
58440.62342748401,4.014704423313903,0.6639224179200542
58440.63169948401,3.4133012025802794,0.6293205980936019
58440.78282546409,3.8429899758912187,0.6261076632923096
58440.78663246409,3.4537839454608594,0.4729220445229268
58441.64966723336,2.0097732055912294,0.5422515416835737
58443.65984958532,3.2700342945183483,0.4693825436976114
58443.66365658532,3.064156871597925,0.270877150768225
58444.61885762573,3.1470845544864137,0.55882291012218
58444.62266462573,2.3189510103982416,0.4323954142961182
58451.2987314142,3.822625362280469,0.2446359988366475
58452.93280187949,4.141330260528974,0.5502198716941895
58452.93841387949,2.8828421768895662,0.534873820653329
58454.208938029806,2.9938428955808405,0.6375606173389962
58454.21274502981,3.391331734209925,0.4424036424164134
58456.99379587989,2.342794376565842,0.6657108567496081
58462.942076879495,3.6594163014364494,0.1849518859820387
58463.2961264142,3.928873130812871,0.2530293678343902
58464.66586020315,2.990637797700751,0.7836663326920374
58469.74300606153,3.7415327647115424,0.35566294812206567
58469.75133206153,4.176928349154416,0.31430255405254265
58470.512074716746,3.58615751675301,0.551081083247154
58470.51588171675,2.974385755831981,0.38311750435412384
58475.30711491878,3.5948263253247665,0.36972707128761345
58475.31092191878,2.6215764482171053,0.24789745484207013
58477.89088206153,2.967091271526077,0.4751890208516123
58479.14314708042,2.1686192546220298,0.5562144180715749
58479.14695408042,2.7586526605970496,0.3666122199320405
58482.97917924205,3.6481315779751347,0.5309175820546731
58482.98298624205,2.336201998884211,0.40624664499765784
58491.75664206153,3.693388901605859,0.22137832068048657
58493.71820707173,3.176291418459548,0.36929654127311706
58493.726533071735,4.0333928120914635,0.32490122595814463
58494.808779879495,3.061719584334597,0.2015767746096377
58495.354117496216,2.2520243222126455,0.5530392417151733
58497.55423923336,3.8756696498939416,0.3347736567180883
58497.56256523336,3.049651653888679,0.3370848927973953
58501.866083071734,3.8104667193849675,0.44957051957733235
58504.71923606153,3.4619583653270656,0.670512115312091
58504.72484806153,3.2026815337811136,0.6916478232947547
58505.70211523336,3.1024545089313094,0.45051324807415577
58512.89836787989,3.3610391417650884,0.33500047596589955
58512.90669387989,3.990918377449524,0.3213840869093793
58514.728511061534,3.2557030081169334,0.22119611630132566
58515.731843071735,3.2228611981981103,0.22741273763383804
58519.42148477756,3.884618671774933,0.39981388282279245
58519.42529177756,3.328504049793599,0.2318951501688184
58519.56787523336,2.9561354863721014,0.20641116062118983
58520.57043220315,3.607633328333633,0.423551271224136
58520.578758203155,4.2031618526231505,0.4339229709181208
58521.04624387989,4.188281408418076,0.4347918204212206
58527.96039087009,4.371505547674682,0.43563978105415374
58528.69443707173,2.73922406931786,0.7123183040945158
58528.70004907173,2.816417556355322,0.6349436116884211
58528.718308203155,3.602809281964337,0.6302616581484438
58531.586350444,3.44647534695061,0.4461701025550638
58531.888589302864,2.138233401867187,0.611238286566333
58531.892396302865,2.810358296539092,0.397080844636559
58532.53046923336,2.4826876648955913,0.6482128265502655
58532.53608123336,2.2992110776767563,0.6042993410434317
58534.606215444,2.1069259845519417,0.6797496066407144
58534.614487444,2.1719708108676077,0.6464998551694473
58534.912003879894,3.1659330739141245,0.22812114816608872
58538.703712071736,3.224673251884436,0.2074801470842586
58540.519661666534,3.179521895341792,0.4754280750552375
58540.523468666535,2.510867716540222,0.34436758345946644
58542.53974423336,2.5022442778743432,0.19929966499255283
58542.584068203156,3.3780087211551724,0.2863071520176819
58546.59521406153,3.1268845120501814,0.2394165542174151
58547.87459787989,3.8116483565971713,0.6366128198617014
58547.88020987989,2.489217190392808,0.6774619870312627
58550.109742070614,2.633738928538757,0.4855156119764836
58550.113549070615,3.093310958195887,0.3212768520690625
58550.97658383988,3.3058842868173164,0.40465763048581427
58551.258689496215,3.657457191571398,0.29090865090221224
58551.26701549622,3.908232960849144,0.2535284532862828
58555.54666220315,4.181694846279784,0.8239471198756542
58555.55227420315,2.1671730824620266,0.8557858259130033
58555.86379031306,3.4514670531135545,0.6602660322575924
58555.86759731306,3.6024106231860236,0.4909402254337236
58556.73063208233,2.9770872579223733,0.5152588114406703
58556.82279835347,2.857982267833652,0.38546896887973514
58556.82660535347,3.059550934581609,0.25233410874373874
58557.883872879895,3.110721414178096,0.23371692449068612
58559.397583615835,3.3150392589941315,0.4528282326519061
58559.40656549622,2.9034407367329216,0.3844373461922783
58562.41744861584,3.4100313406706775,0.5869923067723887
58562.425720615836,2.5068035388983896,0.6242056995941283
58563.771254879495,3.286794999600553,0.26791647442169136
58565.55593720316,2.59916643483243,0.2817243079668513
58570.570415071736,3.1982172680640852,0.23900988122632058
58572.166927,2.756108979113538,0.43471705087425
58572.170734,3.0818451596946135,0.3255351088646673
58573.27232549622,3.203889940164723,0.20097721312330255
58574.084943080816,3.170001159578205,0.40556347008869825
58574.08875008082,2.6131127590663192,0.23936708806093251
58574.40644723336,2.8770200975035154,0.24676889831370505
58576.00295916163,3.0382628435279058,0.5391036222182719
58576.006766161634,1.87125368113953,0.3580569312068505
58576.96196720204,3.0889695531335732,0.6534149701516155
58576.96577420204,2.278809290557658,0.4306566192952043
58579.83899132327,3.3501019930235065,0.4060614762591041
58579.84279832327,2.9670728838989824,0.2677829058064402
58581.75700740408,2.651409397227148,0.47314478346987177
58581.76081440408,2.9142118845477034,0.3128553274629064
58582.71601544449,3.8390123645926284,0.3623892488629095
58582.71601544449,2.8948496732002065,0.7614200491305717
58582.71982244449,2.9541447422612794,0.24333859614112102
58582.71982244449,2.649488958126539,0.450629810037259
58583.37661148401,3.8039478843709658,0.465944960163023
58583.37926148401,3.0395425680798898,0.44392562027346244
58583.86496287009,3.407059714722253,0.22170721754421685
58583.87328887009,3.6269139730549664,0.2305184921164008
58586.234919496215,2.151926721902207,0.5749355917830818
58586.240531496216,5.146878203690628,0.5725895542758059
58586.55204760612,3.08684699294792,0.44381079300730614
58586.55204760612,2.9041707235518306,0.3968242789160879
58586.55585460612,2.977734103675311,0.24443104941028887
58586.55585460612,3.1454686177101125,0.2788585596379985
58586.72384987949,2.9315978598839667,0.20045779172124162
58587.51105564653,2.55659481381078,0.5094741315150733
58587.51486264653,2.8602906792238816,0.3357946810813179
58588.47006368694,2.3587908340556387,0.63369348919453
58588.47006368694,2.814174129008485,0.36394352556372084
58588.47006368694,3.0251342692806054,0.464570787005478
58588.47387068694,2.793417822410805,0.31488610012128143
58588.47387068694,3.46995558070203,0.21791071155233424
58588.47387068694,2.7367699085599844,0.3806789250365193
58589.750575879894,3.2325228121768337,0.22495020824881684
58591.347087808164,3.590271987060258,0.5747598903521796
58591.350894808165,2.599138091513547,0.37689974523625813
58592.01283887009,2.876569154449884,0.31681715189690834
58595.83988915134,4.053629016908632,0.5415131128636174
58596.1421280102,2.9801806021017496,0.42358218550385973
58596.1459350102,2.8093397935989772,0.24535830688488672
58596.24419449622,2.9370672743372097,0.18158330306315504
58597.422640203156,3.2588547758335755,0.32803515311208714
58598.859754151345,2.13947335812727,0.7997618935906958
58598.868026151344,3.340440551234991,0.7345252595228867
58599.978160171835,3.7864306120641107,0.7450885207170502
58599.978160171835,3.17668663024409,0.6798177468591526
58599.978160171835,2.5253922753952054,0.5248150745818952
58599.978160171835,3.7397630516608533,0.38598788944336865
58599.981967171836,2.556919983202805,0.38463803525271983
58599.981967171836,2.520807471232561,0.28748286208942414
58599.981967171836,3.2737015448011153,0.4566834433779953
58599.981967171836,1.6979381946152845,0.5551777492563382
58600.937168212244,2.152683895173519,0.8030513003688866
58600.940975212245,3.261185283566432,0.4775208484608647
58601.89617625265,4.126015474122428,0.9103287245323132
58601.89998325265,3.15399308357801,0.5982896999759112
58604.74001787949,2.9526986800651507,0.19518258667594562
58605.73220841428,3.35363944904271,0.3860142950519317
58605.73220841428,3.035004770027969,0.4391090682032023
58605.73601541428,2.8808463645426308,0.299299998574362
58605.73601541428,2.7753518739459,0.2150231719585855
58605.87859887009,3.6844723284220855,0.1521240639374112
58606.88115583988,3.508461038047945,0.23762707033688082
58606.889481839884,4.362744057634669,0.2498933770978181
58608.609232535506,2.356745495136037,0.5697992578673036
58608.61303953551,3.755896697728348,0.35545358770034846
58610.52724861632,2.289354428205746,0.6126639822852948
58610.531055616324,2.1002252288099106,0.42726005499877207
58612.63520408233,2.9690780535994605,0.28346301574227667
58612.643530082336,3.5811697157363573,0.27451155208725747
58613.40427273755,3.6511009914104413,0.4011147267682416
58613.40807973755,3.210645386485961,0.2549451134949613
58614.36328077796,2.973463738754642,0.6826670120614406
58614.36708777796,1.99989329392894,0.45730078015576076
58615.029031839884,3.211668611483309,0.3276669816671653
58615.557689061534,3.1573126433700507,0.2614632840958833
58616.73741287949,3.3721574085153403,0.2014169199112954
58618.84119287009,5.164131526469524,0.42449611027168577
58618.84680487009,3.1388341505395942,0.4590933207242316
58620.1173290204,3.2342035891407495,0.8508095334850339
58620.1211360204,2.3130129528857495,0.5265219207221519
58620.783080082336,3.340014144005698,0.41789201378958357
58621.07633706081,3.020181019062207,0.5461005356587556
58621.08014406081,1.9219159072500265,0.37159092586774045
58624.912369222446,2.896484779179313,0.43152764974871555
58624.91617622245,2.5193095091453896,0.2633999940024627
58628.11089749622,2.719980603663946,0.18705739058013218
58628.85046787009,3.596631695591446,0.15795505446312116
58628.894791839884,3.781007934865962,0.1477176516317129
58630.66641746489,2.923530665745661,0.7474311113473007
58630.67022446489,1.7468482716500553,0.4900030725868799
58631.6254255053,3.469621231300014,0.821569994567703
58631.6292325053,1.6273652266213299,0.5209913832780229
58634.64884008234,3.3704805290771667,0.1952047249682271
58638.51028406153,3.3016185116654793,0.20261126962691445
58639.532890071736,3.2228611981981103,0.2786938569568469
58641.80746556492,3.9767451451832034,0.12807698686927657
58641.85738583988,4.127074376674534,0.4504605419016546
58641.86299783988,3.4361159266834385,0.45711566578258866
58643.36892223336,2.692832360721816,0.2775261169075602
58647.61143408233,3.6745633198703915,0.5510646660607473
58647.617046082334,3.612185752084889,0.5684964637047322
58649.5443394142,2.932928248519741,0.46511547226515715
58651.866660839885,3.3566459179875787,0.15332883451171614
58652.5642044142,3.469899148058257,0.6344158664391386
58652.5724764142,2.9353848443239583,0.6446516822900443
58656.52645206153,3.332957664881153,0.2459759118672073
58657.62070908234,3.290545529070065,0.18625326131320782
58658.713050879895,2.4222544003751256,0.2902342653691202
58660.71717087009,3.5046316228524663,0.16806210470768512
58662.48548507173,3.186982535208868,0.22161416583759674
58663.82451156492,3.676902802633248,0.1578551439128976
58666.32151723336,2.73194558667932,0.220456364487748
58666.38511520316,3.2385937810825354,0.3782052353527593
58666.74167461553,3.991920782879806,0.19767123722115512
58668.52384706153,3.2008594899895044,0.25836580965014816
58671.84712256491,4.004565568718766,0.14404797075080342
58672.49572285797,4.056886125453321,0.14107772150061815
58677.359399444,3.202297484583493,0.4366107990070745
58677.362049444004,3.457489327125467,0.46674338627791023
58679.208779140834,3.888463913129301,0.15594617144031545
58680.50165307173,2.8836447481179954,0.2306744342692237
58681.66564587989,3.4160642756236292,0.22289842359646445
58683.733363839885,3.21701880911308,0.17890538903452158
58684.33768523336,3.5040762245585855,0.2163672545012817
58684.96282738328,3.802963343014251,0.13920328040000474
58686.880843464096,3.751930451790531,0.16875385998659717
58688.75872061553,3.7341601164037144,0.22656670046943012
58689.33771020315,2.9397441085046854,0.2846187357884285
58689.48741208234,4.123345735430892,0.21813303538283785
58689.75786758532,3.7941676463201244,0.10698433767480513
58690.71687562573,3.758485248587051,0.15893742332419197
58692.49904807173,4.104787727332684,0.2457144798657246
58694.512768857974,3.3201074287834267,0.16962493466740988
58696.33508023336,3.3579349893900945,0.2350349305264539
58696.78133161552,3.2958028046259047,0.202268242737926
58697.07337249622,3.5270175061668576,0.24211107075087343
58699.68181387989,3.071550979905915,0.24322974424250174
58700.30695602981,3.6711523967827455,0.18281616621424274
58701.225825140835,2.940682061931348,0.17603502589505465
58702.53537985797,3.5321385971176893,0.1555290078340148
58705.17063261584,2.8504986006014885,0.4408807749565054
58705.17328261584,3.000488159669321,0.447931733596414
58706.97987338328,3.4366962935670973,0.16950751841973952
58707.353878203154,2.2576239518863153,0.3065681467687225
58708.8978894641,3.6990571797320664,0.1944561450150171
58709.24843614083,3.196943730937316,0.16946751578485145
58711.67920887989,3.233455441564267,0.24267016661004204
58711.77491358532,3.635938709927135,0.13287634544820334
58712.73392162573,3.7571473914883624,0.18047692261307655
58715.00248438327,3.5620555515624037,0.15043110959436679
58716.61009271675,3.5630488418872055,0.1419359135178611
58716.92050046409,3.718150305753179,0.18197217800121313
58719.35127320315,3.1987953985358484,0.32972356934134045
58719.797524585316,3.6449289904040105,0.12226781448549158
58720.025967496214,3.0919057498174194,0.17720403304957338
58720.756532625725,3.9712045272785206,0.17713227986635535
58721.405132918786,3.6279615151233644,0.09015853968455768
58722.32400202981,3.484605288400865,0.20764128140660082
58725.24116508042,3.3223024589878216,0.15002678676316086
58729.077197242055,3.3922676830090266,0.15088444394324868
58729.67964587009,3.63487003568338,0.20408466839984893
58730.346613029804,3.1674752041516685,0.1902780505495181
58738.042135496216,3.080019159780555,0.2102049606519211
58738.62713871675,3.314934648591202,0.17319343688897534
58741.612938151346,2.240197740125951,0.5395511088315028
58741.61558815135,3.428485482176132,0.5849224520741519
58743.42217891879,3.4923384126918933,0.11196611808689087
58746.649749716744,3.093577868297709,0.16553108680189285
58747.25821108042,3.2047754797488963,0.17233292772075315
58750.039530496215,2.946920631867769,0.21192538815725664
58751.094243242056,3.3420982918392017,0.1734606699696698
58751.44478991878,3.482320797171387,0.10872965768795802
58752.63224087009,3.366242781042284,0.15393814987874319
58752.695838839885,3.1460308210497825,0.20043667217871997
58755.280822080415,3.453021242018874,0.16957464147330895
58758.44988708234,3.0799505683440858,0.2446733399038599
58759.11685424205,3.2078951704599206,0.16305052130193126
58765.51950277756,3.2890028719091315,0.095035186792632
58770.64840887009,3.5534823657011927,0.16261984688368913
58771.70343948401,3.8700059040396475,0.42524850161713873
58772.69770548401,3.6861837362116194,0.3572244694583176
58775.64843383988,3.55837446715495,0.16089740676846456
58777.98660730287,3.4337211890485264,0.17079879676368423
58781.40248208233,3.079793525122068,0.1832694400948681
58782.64580387009,3.557369692718332,0.1692283028128271
58786.61767966654,2.7287678003669322,0.14110098565445264
58787.53654877756,3.091496982486791,0.11772900075370873
58793.66460183988,3.287615319301027,0.15815706164102125
58795.3173884142,2.755439201665035,0.44341554266123717
58795.320038414204,3.3392491945372953,0.4706428128246465
58795.55915977756,2.7933018161040417,0.1099836717567542
58796.20776007062,3.1282553751974653,0.13098861766955514
58799.418650082334,2.490567356110975,0.20729705306360385
58800.00365330287,2.954008519125833,0.19359832750451555
58801.96180831306,3.2736226487707443,0.17739605710497106
58802.92081635347,3.0811179524229546,0.10858163982431102
58802.98562587949,3.9596074394534506,0.40539151499606757
58805.66199683988,3.2125820598591233,0.17016238315172583
58806.00549087949,3.5008404406808893,0.5132934363771188
58806.01376287949,3.790816863473818,0.5521381280742971
58808.02626430286,3.0581219832024606,0.17686109973523464
58808.63472566654,3.0620267521018993,0.16374550416977735
58811.41604508233,2.7057165702754737,0.22111685660117747
58816.65733666653,2.875102660583888,0.1461212326837935
58818.22480607062,2.7099812929058382,0.15841469040715792
58818.264945,3.0918987455150173,0.12456392831480012
58820.18296108082,3.077450104379497,0.09041526161719957
58822.10097716164,2.9812776555374247,0.13818908087691445
58823.059985202046,2.966088102372499,0.17917830145858868
58823.97885431306,2.71468309226477,0.21520667416272812
58824.93786235347,2.5245229919790075,0.12409330265635538
58825.93700932327,3.2033022904074997,0.09786646841067129
58826.24741707061,3.009656141737561,0.15407311132514367
58827.85502540408,3.1639745537951036,0.11515162421526665
58828.81403344449,3.566785226245087,0.17945009161270212
58832.00146531306,3.0464600482656428,0.19473215030141303
58832.650065606125,3.195916401541541,0.10725206443002758
58832.650065606125,3.3619176937551307,0.11255351954340949
58832.960473353465,2.697888635395975,0.1126461931867184
58833.609073646534,2.894875261762028,0.1320698745675475
58834.56808168694,3.0882356231156844,0.11544444406548941
58834.56808168694,3.4670151953574955,0.14399202838260777
58836.56507548401,3.7158705248127237,0.2742587423744374
58837.44510580817,3.2456360332450025,0.1428650461028487
58840.281991,2.7219267873241666,0.1431630620825467
58842.20000708082,2.773692795009377,0.11137768010237697
58842.240146010205,3.1055210947721257,0.1049941250245684
58844.11802316164,2.504026706117153,0.17059940654650005
58845.07703120205,2.873212587262385,0.2050405602815588
58846.07617817184,3.4111683305073948,0.2030624869358306
58846.07617817184,3.126752483045621,0.1797629299144874
58846.07617817184,3.5609562164602213,0.14599753923211686
58846.07617817184,2.856218854695813,0.10618418271218215
58847.03518621225,3.5305560185956386,0.19378367423010132
58847.95405532327,3.1223093510331505,0.12022389438379875
58847.99419425266,3.2730162334405914,0.24856001129635835
58848.304602,2.649540969417261,0.13773412573952867
58849.87207140408,2.631348138653059,0.13270522546759375
58850.222618080814,2.754707963173745,0.1088463691909594
58850.83107944449,2.625433986060493,0.21633438211397243
58850.83107944449,2.4726266721587082,0.11967600086477873
58851.830226414284,3.0718476593892436,0.11469773187997084
58851.830226414284,2.977899298726001,0.08960521944076201
58852.14063416163,2.521834577364179,0.16703783229709504
58853.09964220204,2.626020831661622,0.19403838387620687
58854.667111606126,2.986739295277099,0.13654329213839891
58854.667111606126,2.4377120177688587,0.12865232046594882
58854.70725053551,3.0473751168759753,0.13228121770459278
58854.77206006153,2.778327534715391,0.38681989695857855
58855.626119646535,2.7316792629101485,0.14752485988928193
58855.976666323266,3.110497880707724,0.11921148264161942
58856.58512768694,2.6616138607325563,0.11142212628311614
58856.58512768694,2.6134237967173,0.14171943402304707
58856.58512768694,2.668630823700358,0.17677592770186223
58856.62526661633,3.2106428767778796,0.17723698458533904
58857.79192506153,3.593528147519148,0.5868803052772404
58857.80019706153,1.4600788514863208,0.5726683637026908
58857.894682404076,2.772780011600381,0.13711870235389328
58858.853690444485,3.0921004441417823,0.21136302122032297
58858.853690444485,2.9416377794014723,0.10521482505812688
58859.46215180817,2.644356284035408,0.17329566755674905
58859.50229073755,2.977844726056264,0.09068680779108071
58860.46129877796,2.8479359152838626,0.17150603788158922
58862.68972260612,2.8451455246976494,0.1346493627230051
58862.68972260612,2.4636263903123563,0.11745062394714625
58863.64873064653,3.026728982688712,0.1435260175333087
58864.257192010205,2.7020277279565317,0.12147725830724797
58864.60773868694,2.896862664763395,0.1386160887524695
58864.60773868694,2.513068007322719,0.17189048388173805
58864.60773868694,3.2976611483705094,0.10853790230576033
58865.686227444,2.992200617474424,0.4002438833353763
58866.21534702041,3.0399873814970455,0.21328146839404918
58866.680493444,2.695030963699976,0.36761756470419554
58867.174355060815,3.123494301563966,0.1334088908827065
58867.48476280816,2.5588083522372944,0.15679713785282723
58868.09322417184,2.5874636933021593,0.2058713554496866
58868.09322417184,2.627609517019545,0.12277821957825884
58868.09322417184,2.639601022633773,0.2355033851077897
58868.09322417184,3.467585697183866,0.17813154911293994
58869.05223221225,2.9950796483557625,0.23361789201623842
58870.01124025266,3.0270350570579225,0.3003350814865812
58871.01038722245,2.9783246962621446,0.12258196276102455
58872.2798030102,2.796462345721884,0.11941686664691303
58873.847272414285,2.7295966082173955,0.134282636224649
58873.847272414285,3.1019229030297586,0.10934625468201106
58876.11583517183,2.804141824105466,0.11430466883813448
58876.11583517183,2.6188508715411967,0.1797629299144874
58876.11583517183,3.8228787120925896,0.1603062681601815
58876.11583517183,3.0201239903805366,0.23041805512407718
58876.72429653551,2.808815662043526,0.1558986037330052
58876.764435464895,3.064671187592852,0.17228348481999564
58877.07484321224,2.675099866139252,0.22039423775116831
58877.7234435053,3.014251560970603,0.18266730121579064
58878.03385125265,3.1361396110986224,0.25470954070592505
58878.64231261633,2.5286315213807784,0.2017378126888902
58878.74726107173,2.858638407246705,0.4100677492154386
58881.519336737554,3.153864737600669,0.11015445883746657
58881.76712607173,1.6885953419863924,0.5932663769029367
58881.77539807173,2.684137637253568,0.6231652627273059
58881.86988341428,2.5987073960128626,0.13786997018877317
58881.86988341428,2.9896411784233976,0.10530998353603079
58882.47834477796,2.585203261507811,0.20288799374928412
58882.58329323336,3.059074385596624,0.41211117167951605
58884.746907535504,2.5547498426469684,0.15876131719099457
58885.60315823336,2.4238400385686205,0.5283841252077314
58885.61143023336,1.6150851982018732,0.6122997736256485
58886.66492361632,2.81375811743965,0.18382785062489085
58888.23239302041,2.740644969715923,0.2581828301612176
58889.191401060816,2.666445323539879,0.16507665791041962
58889.54194773755,3.3023055768293617,0.11323683691981098
58890.500955777956,2.865451425535598,0.17836627939685265
58893.02743322245,2.825319633889894,0.13592542750279063
58893.497460615836,3.5988403442504513,0.3838855259505778
58894.49172661584,2.7094402558108728,0.38368966598835813
58896.2550040204,2.6925363678225285,0.21720142854832594
58897.21401206081,2.6338791801425856,0.15036574485853868
58897.92742187989,2.6779813784092283,0.45381745992485184
58898.781481464895,2.9741571572778067,0.21569953664907737
58899.740489505304,2.822061319881003,0.2256071028286021
58900.94728687989,2.771057791275032,0.6280326294973186
58900.95555887989,3.1191150786649926,0.5920331351424085
58901.050044222444,2.633173741608461,0.1356585582079553
58905.59948620315,2.7209736056571385,0.5550065347874356
58906.80409246489,2.658125119228661,0.1937613903184813
58907.7631005053,3.509444434408671,0.23045514494617758
58908.61935120315,0.8791527018601553,0.7342198574067597
58908.62762320315,1.7561643317980584,0.7921084138383044
58929.93976615134,2.582616493830744,0.500556278693226
58930.547863444,2.9953177816748555,0.2632964694630952
58930.934032151345,1.2965228507796525,0.4539586829305053
58936.287743496214,2.5990814707889944,0.3578489211098181
58939.307608496216,2.6885437010664486,0.5460011291933458
58939.315880496215,2.0940577967227343,0.5106541640837221
58948.75867487949,3.4106823908158344,0.3823724384347767
58948.761324879495,3.336349956086665,0.34848324238620954
58950.40325148401,2.970086885625749,0.3011931134893465
58958.35909661584,2.0509590628283005,0.24502081273682288
58968.89401687009,3.0360791397198614,0.3115044716401504
58969.88620956492,3.1977732861874433,0.14281150748255617
58971.91388187009,3.079876357446305,0.4022087687067498
58971.92215387009,3.533397842779303,0.4182763870442618
58983.6442164142,2.306905751078345,0.43338444312734953
58984.6384824142,2.594532176488797,0.40902320140219384
58991.91020983988,2.75742378345328,0.3032648607704071
58994.801402151345,2.410695890516706,0.32667367134707354
58994.82041861553,2.1843125421780467,0.19947720367417232
58994.93007483988,2.8573811342924076,0.3819519137155687
58994.93834683988,3.118496877150232,0.43075615550908514
58997.66425808233,3.3084484563801038,0.3542895088723414
58999.842640564915,3.325541157239657,0.1297256045602729
59000.54510906153,2.6094240752332416,0.37916731303382084
59000.547759061534,2.24847720011551,0.40850221807872505
59000.57446685797,3.0298971704488222,0.1472372861673118
59000.684123082334,3.9771384957322446,0.4932727603581668
59000.69239508233,3.6216083454059618,0.516829243660849
59007.28752314083,3.03211210464202,0.16006696209769783
59013.04157138328,2.894926282926516,0.14465368292153966
59014.959587464095,2.4506604783516703,0.16743202818513558
59017.83661158532,2.745001914668885,0.13080858093852224
59018.79561962573,2.676158855748067,0.15358599492943803
59024.52031007173,2.399101592394582,0.37726957749294876
59024.522960071736,1.8698007106189323,0.3758199345438885
59024.776849615526,3.18416124207575,0.18305932682856144
59028.35634223336,2.057775801084529,0.3712200718148529
59028.35899223336,2.501710915702196,0.37975386656921756
59028.38570002981,2.660928056007023,0.17262782414107863
59030.53089785797,2.699412835447373,0.13882711133394163
59037.24395414083,3.1634623068460836,0.1538857761116242
59042.998002383276,2.9930335283141467,0.1195818313224785
59043.70047087989,1.8147396174013304,0.4513926235175263
59043.703120879894,1.8930804859456947,0.433299613401328
59044.386039444,2.745736834693658,0.34891457950160787
59044.68883671675,3.051009256702806,0.15835523513303773
59044.91601846409,3.2114481151929004,0.17506927859358035
59047.79304258532,3.239467340896976,0.1139068536419983
59048.5058524142,2.25859270026207,0.27882362377867265
59048.75205062573,3.0868809850454317,0.16415506600907706
59049.483876918785,2.976816506290448,0.10264202979472721
59051.372535203154,2.547790340999434,0.5304038983040291
59051.37518520316,1.60300085957293,0.5383635748133662
59053.31990908042,2.8461982675811495,0.15686253963726174
59057.155941242054,3.0611497012881825,0.14223022396645388
59058.34213102981,2.9507935628773296,0.16186549096520092
59072.197272615835,2.89002314097742,0.29653198280059917
59074.64526771675,3.3368270774114386,0.14534140244545332
59079.44030791878,3.4160504175741906,0.10217967830916537
59082.06079249622,2.831339184009309,0.35112361358896055
59082.06344249622,2.7284263386901397,0.33767299854724514
59083.27634008042,3.095643284741321,0.14870760638394845
59087.11237224205,3.402301561242991,0.14975563264192748
59093.59824677756,3.2704140823164405,0.11153273755614511
59106.06535130287,2.889431813559316,0.16948090481334718
59108.63957815134,3.044913693897736,0.3936270589429825
59114.66706587009,2.8227944640461144,0.3033410849041564
59114.66971587009,3.2167102684496323,0.29971291302149244
59114.69642366654,3.0022110428161355,0.13074005029602576
59123.55467777756,3.5306571366141117,0.09611953285220562
59124.28650407062,3.2341475479295223,0.1408365897336365
59130.04055231306,3.038987594301659,0.18068393684912384
59130.99956035347,3.4436097522947957,0.10742033886362312
59136.021782302865,3.6959816871656033,0.157356298870246
59137.08550287949,3.5243390813372075,0.3356948665188257
59137.68325883988,3.2897032013028884,0.28421293750341936
59137.685908839885,3.2847444815484668,0.2955657958885422
59138.07976887949,3.728793240517007,0.3043633456437353
59143.437307082335,3.1525045369163465,0.3393704027806426
59143.43995708234,2.3782814523681894,0.3461232613274114
59144.652854666536,3.643093642306458,0.1288174024975548
59146.343689,3.1914292451370123,0.1205424939866387
59148.26170508082,3.2506866948796427,0.11462092220763094
59150.179721161636,3.224651895913434,0.15089202903312565
59151.138729202044,3.449040780945091,0.18946605082463203
59154.01575332327,3.208364349118396,0.11440252686626746
59154.242935070615,3.2076745047465085,0.12579990120568432
59155.93376940408,2.950322149981063,0.13511257649648445
59156.89277744449,3.2050656846361587,0.10404229729001997
59156.89277744449,3.6838527569665107,0.2145703508291291
59159.99698331306,3.470895433419912,0.17515432091577596
59160.728809606124,3.2230295366262434,0.12842645178671083
59160.728809606124,3.508560767066328,0.11561153944405926
59160.95599135347,3.7994655466769904,0.09788108097225898
59161.68781764653,3.1866826769276404,0.1447148625580575
59162.3440284142,3.5749186186885495,0.29970468811452017
59162.62286248401,2.755473423379657,0.22491182887194022
59162.62286248401,3.121879171166926,0.28802082980541294
59162.64682568694,3.215472779209369,0.13406451568895555
59162.64682568694,3.6961394610315166,0.10990411366345523
59162.64682568694,3.6765750223786116,0.17664736339080633
59165.52384980817,3.444840503003465,0.16034126645589192
59166.63486748401,3.3163767868164102,0.2817295898369669
59166.63903848401,2.959649718518097,0.2679675024059917
59170.3188900102,3.3381736530849473,0.12104801004467818
59172.56126656492,3.8850407861215333,0.13168333806833102
59174.15492217184,2.832181124446082,0.14733140379320764
59174.15492217184,3.486278342874596,0.19046310431415925
59174.15492217184,3.249840620679274,0.19850322557112282
59174.15492217184,3.3822851298118612,0.10777297347595537
59175.11393021225,3.762378105711681,0.22561839746082563
59176.072938252655,3.439648643248206,0.25391605304017456
59176.30012,3.557379768999702,0.1289875060757777
59178.21813608082,3.5038177860214077,0.10449567856196029
59179.57626956492,4.00971749900313,0.2236968129470631
59179.90897041428,3.3257524847613915,0.11154785712527303
59179.90897041428,3.503297284804182,0.12662319343638379
59180.136152161635,3.92034606596388,0.1461432633672523
59181.09516020204,3.4076040126651934,0.1743201975912904
59182.78599453551,3.190510789775444,0.16281682792314622
59183.97218432327,3.561864782429355,0.11305264454336166
59184.704010616326,3.305207476475797,0.17107595763532307
59185.89020040408,3.3826422722526646,0.1318024688317599
59186.84920844449,3.871843142099623,0.09450573810941708
59186.84920844449,3.829786254167189,0.18843061451735924
59187.58103473755,3.493737478785489,0.11485914117367647
59188.54004277796,3.9922825850639985,0.18960539847505054
59188.87193706153,2.8240608338847757,0.3631333276676623
59189.86620306153,3.3469874020765413,0.3407221890308723
59190.54953156492,4.202399691638325,0.13085902922283285
59190.68524060612,3.5954993072122576,0.09546520466024278
59190.68524060612,3.770465324790102,0.11958811451487257
59191.64424864653,3.5649515484386205,0.13790602287085987
59192.60325668694,3.9838437258022124,0.15324865877863256
59192.60325668694,3.8444174207131114,0.12671993188192174
59192.60325668694,3.8183394769142263,0.09199156475145562
59194.294091020405,3.7847798108095985,0.2337721692004952
59195.253099060814,3.804014401521206,0.15294857692108266
59195.480280808166,3.7295929045600413,0.1396875514932046
59197.49547561553,3.5502798957328725,0.19208915909364743
59199.08913122245,3.9728576016817776,0.13725977397696723
59200.2753210102,3.776006880906123,0.1043931774569707
59201.94713887949,3.8064826239113634,0.2260345434560093
59203.24952385797,3.849593083785746,0.14439441016729934
59204.11135317184,3.430457513204235,0.21375921552226035
59204.11135317184,3.66746796270904,0.1734854942666799
59204.11135317184,3.7794828207551854,0.11209801499956054
59204.11135317184,3.819240899653251,0.14102586223168764
59204.51047861553,3.4780412376121843,0.34067094454642594
59204.84317946489,3.797988246755435,0.19606259447903335
59205.070361212245,3.830945201900934,0.20439524864034278
59205.8021875053,3.680857352137232,0.22006648326565867
59206.029369252654,3.6757112238089933,0.21463841358552255
59209.86540141428,3.7767103058536478,0.1268171033803905
59209.86540141428,3.8167098296088104,0.0957697062818956
59209.96258014083,3.9000536368531895,0.15955186326552503
59210.26452685797,3.631639257118125,0.2558588400011211
59212.74242553551,3.9372018834010083,0.15088885518152378
59212.84713807173,3.7750483180320504,0.3863298459245758
59213.84140407173,4.346515689088493,0.3475518970372122
59214.660441616325,3.780896068895623,0.16505821038181936
59215.48374061553,3.8934135218061403,0.1845369357446664
59215.71662838328,3.887989622350198,0.12873850755865746
59216.68317023336,3.285397733977997,0.3489966479753624
59216.97758314083,4.245169854408966,0.2697830133505044
59217.53746573755,3.9852956677067315,0.1125068000055715
59217.634644464095,3.7357747297726664,0.18314713960251217
59217.67743623336,3.6187490915703577,0.35770823012044267
59218.49647377796,3.8171274825466304,0.16099673173054715
59220.51166858532,4.1357983044413515,0.10869249096541125
59221.23778885797,4.491609247121893,0.14439441016729934
59221.47067662573,3.7865802476595096,0.17579442276766685
59222.73163138328,3.545704343997799,0.2334952440225608
59224.250522020404,4.053831621398583,0.1888708074333269
59224.649647464095,3.1556374391311888,0.2960903235273976
59225.20953006081,3.826473810760719,0.14542467482584576
59227.52667158532,3.7770861134140628,0.21351916132576654
59227.95084514083,4.336599897119639,0.1545296496518402
59228.48567962573,3.9698666701798313,0.2628889198922871
59229.04556222245,3.8572142405864716,0.12089179056040084
59231.06075702981,4.022721947194751,0.18252917066288615
59231.48735348401,3.835600685462209,0.32262264963186527
59232.02729887989,2.5936716817852936,0.40774556818566626
59233.02156487989,3.3964790584875386,0.35104170142974567
59233.70489338328,4.34255319264622,0.12285207283539963
59234.79961046489,4.1523736874804476,0.1771927203625065
59235.622909464095,3.917893777974043,0.17521614879374262
59235.7586185053,4.124106917172705,0.21487215242539923
59238.07576002981,3.7558160844329835,0.27967716479714233
59238.49993358532,4.121413855678352,0.11480588168968585
59239.45894162573,4.281587374174248,0.16709835162619158
59239.69936320315,2.9674823751281334,0.45973161899385145
59240.69362920315,3.8455842395454978,0.46286724913389343
59247.36389371675,3.6676460018061112,0.1475306453274769
59249.04902202981,4.30971749855149,0.16416145537605484
59252.158933918785,4.249824263204032,0.1021026197282384
59253.73357306153,3.972495035735892,0.2459759118672073
59254.37889671675,4.224686690676551,0.2721958649982632
59255.99496608042,3.8008051601748827,0.15686253963726174
59256.605650444,3.77668694124963,0.3125476638299096
59256.605650444,3.383716441048593,0.25539965348866944
59257.33487448401,5.4652284385387055,0.3184940234025727
59257.33487448401,3.748506332149036,0.34837741325269056
59258.33523148401,5.237170989682543,0.3190838271496145
59258.33523148401,3.03376249135888,0.35368564697606664
59258.33938948401,3.3588426566034197,0.28821743105442693
59259.173936918785,4.192800913318072,0.16960593662026618
59259.830998242054,3.9591818032280495,0.16342679173570493
59260.617655444,4.395547940508587,0.33208189281927897
59260.621826444,3.8999188326400134,0.28511661886611434
59263.00996908042,4.152186843001471,0.23457425652177674
59265.35215871675,4.374284954281494,0.1498415128140572
59266.846001242055,3.6092502998185205,0.2391825724021407
59270.147198918785,3.9693310286298518,0.103181439861216
59270.387620496214,3.0621892747252586,0.32954006852202217
59271.381886496216,3.2234402527253554,0.2710455333406096
59273.98323108042,4.038257628433123,0.15314484947766305
59277.70877407173,4.400152478203725,0.2634726059917135
59277.819263242054,4.059520585567699,0.1495047856860785
59281.54480623336,3.844183502998151,0.23663501704289724
59284.416883615835,3.53812375596235,0.2125080590083556
59284.416883615835,3.93885323866382,0.2624523493743746
59288.42888861584,4.263001476137395,0.28889344427403174
59288.43305961584,4.130012561790231,0.29574854295172065
59296.27330377756,4.193657298753418,0.09751369207165744
59296.88893487989,3.888718983915851,0.2754987210476803
59302.99389387009,3.5773246380729846,0.2601917550139026
59303.28830677756,4.020161929221637,0.1731855563719031
59303.98815987009,3.2443102902713257,0.2503438599038147
59304.56099920315,3.789331034833144,0.3121158000934123
59308.74040830287,3.5945040069896486,0.16671333171763933
59314.26156877756,4.377221595981242,0.09751369207165744
59315.75541130287,3.6274513057480755,0.2666095415531892
59315.78531487949,4.03870354419322,0.25225071398414617
59317.37148066654,3.6334804033141035,0.1418486820205247
59319.38396648401,3.650795511389111,0.40165635173546665
59319.38396648401,5.077923977981257,0.3672511331580282
59320.85918915134,4.568164574330673,0.3641969984612644
59320.85918915134,3.979318114192294,0.2898860957449256
59321.38972348401,3.9714521485308367,0.4604401251906328
59324.38648366654,3.584346070686512,0.21074356146573434
59324.87119415135,3.2467548587015207,0.36689475400542165
59324.87536515135,4.186064289076365,0.35634898233280615
59325.470141444,3.600878880345306,0.3682409975442818
59326.01008683988,3.66002822212059,0.2573314567294504
59326.72867330287,4.328569823327397,0.15801524484541468
59326.96156107062,4.079167086331342,0.13194164722414356
59327.00435283988,3.740750960017567,0.267901359363875
59331.76413508233,4.22432452718839,0.3018370727183687
59332.71560931306,4.076164204502585,0.18486851106895466
59332.758401082334,4.313525077294548,0.29586943028168916
59333.67461735347,4.015965225776649,0.10576133749121204
59333.97656407062,3.956332165962155,0.22417372967376575
59335.249256496216,3.15743839752066,0.22052752568393508
59335.35974566654,4.354473327740716,0.1282833336646462
59339.73061231306,4.3481615287915885,0.3175792934693037
59340.68962035347,4.368503017414022,0.17286794300524383
59342.89691756492,4.220946640662033,0.14858166940104328
59344.94982607062,3.9806873656905273,0.1276000681421293
59348.88821456492,4.411568061183483,0.19618550522856204
59349.018746,4.097257327555374,0.13793519745593685
59350.70387431306,4.663499086071697,0.17829275158064894
59350.93676208082,4.076526879729654,0.09872112554528875
59351.317662444,5.823416955252808,0.3273022410452843
59351.317662444,4.013175798589016,0.35369423127560246
59351.66288235347,4.363526013296789,0.09796403104087954
59352.318019444,3.350466689577326,0.37925497771913896
59352.318019444,5.740292576574641,0.3366537336465782
59352.322177444,4.020033559829965,0.34766771382143535
59352.854778161636,4.08417848143651,0.147805331350308
59353.281374615835,4.142351739410071,0.32003517826696126
59353.813786202045,4.100598240794503,0.1863225718516743
59356.033749,3.8348587376428407,0.19333045532636048
59356.69081032327,3.7348184550516628,0.1113652916397293
59357.95176508082,3.99030410180949,0.18676328318303426
59358.60882640408,4.037642364696647,0.13069909961018505
59359.56783444449,4.110427594937724,0.18474218546723223
59359.56783444449,4.1860805839522754,0.10036837694995164
59359.86978116164,3.8218091783970074,0.24836044432517615
59360.828789202045,4.342074580080799,0.28920006551210803
59363.403866606124,4.250882148312349,0.10064807916894247
59363.403866606124,3.7497222883357884,0.11859605624966625
59363.70581332327,3.761816101509778,0.18122170185010508
59364.36287464653,4.044812631155405,0.13887871425474524
59365.32188268694,4.123718495065102,0.1242372556654596
59365.32188268694,3.8797066338469337,0.14707757184794937
59365.32188268694,4.1507842406199815,0.09054945276277761
59365.62382940408,3.7668153739464554,0.2087373954633883
59366.58283744449,3.6630051145092706,0.3454293988684186
59366.58283744449,4.511261618307259,0.17283059301895878
59367.007011,4.418972073808287,0.13009340051602206
59367.57174906153,3.779558818642421,0.3064677657486242
59367.83112661553,3.5469963203637507,0.22902938199627176
59367.85552987009,3.7409033589542346,0.17415225036787108
59368.19890680817,3.921464694450095,0.14213177811600786
59368.92502708082,4.167495865608726,0.10576133401766914
59370.418869606125,4.032007958344499,0.198682214386323
59370.418869606125,4.443986021136483,0.18858975631655667
59370.843043161636,4.315680807647835,0.14685557821713333
59371.37787764653,4.539804468732628,0.22955516659694858
59371.802051202045,4.723578619071574,0.18060715553720566
59372.33688568694,4.112833925128457,0.17631716577362327
59372.33688568694,3.8977056373947603,0.2927409362742839
59372.33688568694,4.219922198453009,0.2310957778156842
59372.88309656492,3.929347386567059,0.14023554234037441
59372.9939470102,4.44906815661554,0.10714036633741729
59373.58517485797,4.074654100453399,0.16725587133406616
59374.5636394142,3.999704976501139,0.22170777133061859
59374.5636394142,4.431451689092343,0.2794377727297271
59374.67907532327,3.6841978679426948,0.11254643867227196
59375.21390980817,4.4738599112036255,0.2775419330193068
59375.88717856492,3.666598942064521,0.14775736055554514
59376.59709140408,4.1660344195708126,0.13671747718241153
59376.82997917184,3.9771990046914185,0.11659958883025155
59376.82997917184,3.8586444119831764,0.18233097177040863
59376.82997917184,4.109086031720354,0.22585879375936943
59376.82997917184,3.7683115255025124,0.14842274752500917
59377.55609944449,4.492099818385651,0.1895531798804414
59377.55609944449,4.372121656491905,0.09552192884177634
59377.78898721225,3.8619636501770245,0.20161991379458716
59378.5756444142,4.3874376809334485,0.2855792622402703
59378.5798154142,4.109432922422848,0.301137702333647
59378.747995252656,3.8859854552328876,0.2324918860649098
59379.12889561584,5.71628239580744,0.3161179790225676
59379.12889561584,3.9321939999483515,0.3519603521087696
59379.576471857974,3.5617518887844852,0.24247363216772908
59380.008950010204,4.178641751196578,0.18028427027930793
59380.129252615836,4.750692782064405,0.39348266409934224
59380.129252615836,6.930614161569472,0.34961003256213335
59380.13341061584,4.483539793596758,0.32277721773803686
59380.298231140834,3.903916878094485,0.1904577931958931
59381.392131606124,4.302710893399346,0.09680272066248786
59381.392131606124,4.257475745891393,0.11724324952438489
59382.35113964653,4.347427728364189,0.1396352519977671
59382.58402741428,3.9480721087234407,0.0927608496094375
59382.58402741428,3.8600915817765333,0.12856229287645093
59383.31014768694,4.330668736049808,0.09396498115701489
59383.31014768694,4.163833761280472,0.15504855913341517
59383.31014768694,4.10406397501811,0.1279612699901528
59383.84498217184,3.6531598952495763,0.3342289292743464
59383.84498217184,3.211726222283728,0.2516153603875768
59383.84498217184,4.093710327368127,0.18368186552290186
59383.84498217184,4.23386386093167,0.31044772658247977
59384.80399021225,4.214594430578894,0.35361031034743
59384.90181456492,4.302347139154977,0.45089693848749335
59385.46105153551,3.983720977093336,0.14611766608487478
59385.762998252656,4.1994130832043535,0.4195566032656009
59386.05227938328,3.746279156790288,0.14171046555991085
59386.18717180817,4.340649560260849,0.1410318761357464
59387.379067616326,4.534547272548722,0.18081897699813895
59387.970295464096,3.7357747297726664,0.21810224724116342
59389.59903041428,4.052281291037841,0.16952338813117143
59389.59903041428,4.112174508985261,0.19138911473462605
59389.72368015134,3.8829346661146653,0.4225666184166724
59390.25609173755,3.7987306785122,0.10553089171394991
59390.84731958532,4.293128212786653,0.1327864426434346
59390.87172283988,3.958347412399087,0.17329420615451835
59390.9822120102,4.556380222257985,0.10774131390501498
59391.21509977796,4.438928096483286,0.17179796305245149
59391.54695007173,4.121096210509613,0.29155943812975726
59391.80632762573,3.4628188297768956,0.20201642190196117
59392.04357638328,4.043871134466101,0.22095931822303022
59392.47605453551,4.203195675539189,0.2570478125819634
59394.39407061633,4.25228627042009,0.2791088488053682
59394.81824417184,4.115448597575302,0.17205880434672363
59394.81824417184,4.384395275666169,0.2153374213792744
59394.81824417184,3.7777174976843266,0.11130361961767388
59394.81824417184,4.010832354791743,0.1415109038902661
59395.38298223336,3.5951033686051392,0.2828597386290379
59395.77725221225,4.24071522912718,0.20080363883995336
59396.625771082334,3.7620206902121502,0.206040707287461
59396.736260252655,4.280745568943784,0.21364655400333438
59396.83861658532,3.888565591327305,0.15903806163590778
59396.969148020406,4.093031222941349,0.20009614787511898
59397.27109473755,3.8473998061281645,0.18388818717565295
59397.81730561553,3.737443691772836,0.20144734889564564
59397.928156060814,4.07352731239536,0.14542467482584576
59398.23010277796,3.7412269381224377,0.3161549600438487
59400.57229241428,4.21494677930882,0.12924097768047443
59400.57229241428,3.780750323035531,0.09452213156404715
59400.82138761553,3.3959518533841306,0.24068607455665567
59401.39640802981,4.124605367926394,0.20060989039836072
59401.76418822245,3.9692993444173066,0.122759875624248
59403.44931653551,4.435791144000826,0.15697212127975121
59403.57135385797,3.8886826287859177,0.16761123083406773
59403.984151020406,4.1251036242036125,0.3882542352803956
59404.943159060815,4.255448527235414,0.2531175421293101
59405.367332616326,4.382670794246007,0.16391197280972342
59406.57543585797,3.4658048237840644,0.15754271166735698
59407.51823646489,4.164646776336724,0.17964733813376216
59408.24435673755,4.121569225031433,0.11210122394210513
59408.4772445053,4.144884240533743,0.20552235691293222
59408.77919122245,4.013777560223193,0.18743120140600777
59409.20336477796,4.287127007634901,0.1626023201702897
59409.83602361553,3.2958028046259047,0.6471927052539813
59410.284410140834,3.305114485693604,0.16547549983551224
59410.72711087989,3.40188830893465,0.2945243605513116
59413.28849214083,3.6180370262385813,0.18955637023959068
59413.366754444,5.434810484932375,0.35972074872976967
59413.366754444,3.600047636558524,0.3825799528662655
59414.533239464894,3.6031529611620297,0.3358223938298936
59414.957413020406,4.413755235563979,0.1888708074333269
59415.372511444,4.014007042375798,0.5199429886319373
59415.4922475053,3.4384552462584583,0.3655077467929233
59415.571201151346,6.95199947334986,0.41398285077617125
59415.571201151346,4.852655158987284,0.44978942436226166
59415.59007185797,3.5878115854512656,0.4997539101688564
59415.79084856492,3.75006021267121,0.1777415948105407
59415.916421060814,4.03983819853609,0.14418940731767266
59416.03845838328,3.7103065001481568,0.14301856216507927
59416.57155815134,4.2294736282868985,0.4635234525870638
59416.57155815134,6.9814295338315775,0.42158561640061515
59416.57571615135,3.943756791110217,0.39019355188678223
59417.69954471675,3.6700784938972477,0.1729501876798616
59417.956474464096,3.6153411656394994,0.19049064961063233
59418.39917520315,3.4267315894850556,0.40497869270234865
59419.04254038328,3.38110218784744,0.15675357651934754
59419.75245322245,3.9799741162107187,0.12418317853003648
59420.83349858532,3.800460842653937,0.12586392667624133
59420.960556464095,2.3361017222249982,0.20091843382216268
59421.79250662573,3.3196681202172282,0.1733862799900276
59422.30312814083,3.3901057930021166,0.49591140067436396
59422.494584918786,3.792096292497816,0.11720610158992491
59423.69084171675,3.7844056221807003,0.2015319697507248
59423.83758058532,3.481305885724897,0.13179751179097843
59424.79658862573,3.127016698006086,0.1843567081992732
59425.50650146489,4.376357559107513,0.1771927203625065
59426.33061708042,3.7504364547867715,0.17521113945721656
59426.4655095053,4.373434797505158,0.21660359603881904
59428.05717638328,3.9315928425224786,0.4827966553575731
59428.48588191879,3.5501323483871223,0.14795247537978695
59429.975192464095,2.585781062501077,0.5749968336357943
59430.166649242055,3.5628436129864323,0.18249116038023844
59431.38258702981,4.031331813735453,0.1742062996735407
59432.32191408042,3.6556953184615137,0.23553366043393123
59432.85221658532,3.0983199374100474,0.3613193723655813
59433.81122462573,2.8594452782683897,0.5351428394753938
59434.38666902981,3.1904348482602076,0.21165921912559515
59440.72505761553,3.597891738585144,0.30504415179145034
59441.17798761584,5.248177086102398,0.3257151171713321
59441.17798761584,3.839748097780661,0.3592071707108976
59443.18374461584,3.25412681074381,0.4620336508762311
59443.40130502981,3.641017863890287,0.6034081467275442
59443.4281304142,3.923141073936363,0.36480447692628104
59446.47910585797,3.8081344754522313,0.2167692950009498
59447.68572371675,3.615347421846658,0.17550430437555564
59449.08743249621,3.2364216602656155,0.26056656580811055
59450.68980571675,4.373068708235925,0.16650408363834776
59452.480763918786,3.829854997152032,0.10919200917351984
59453.19216214083,3.023097875078996,0.2485351865233764
59455.484845918785,3.459973808702565,0.1048767286416094
59456.31679608042,3.5837400250499254,0.14798805344983257
59458.94621038328,3.273184217921046,0.18989202385028053
59459.32087808042,4.2361346853149895,0.17137352380859863
59459.70444171675,3.178715091487514,0.5006068723560552
59460.152828242055,3.757250003769504,0.15828442914079788
59460.864226464095,3.229072539212388,0.27920025050872166
59463.156910242054,2.5569473200314405,0.17471490474891557
59463.74125058532,3.6341406538317607,0.1668596056507885
59464.499481918785,3.8067374228739403,0.32279839550308725
59464.70025862573,3.8066481041398363,0.25205227739291036
59465.58574556492,3.4749471354861994,0.1300347203773347
59466.60895477756,3.5097447483223343,0.10882187240721096
59468.33551408042,3.8283880226493245,0.49289375986937745
59469.2756514142,3.6600806065680853,0.3987873855512881
59469.2756514142,5.542242425232635,0.3645997606092629
59470.2760084142,3.618727910530426,0.3955119244789983
59470.2760084142,5.867741369291438,0.35927713636679187
59470.2801664142,3.637152379062057,0.3259083766928392
59472.171546242054,3.0561327621712,0.5196294690414625
59472.57756456491,3.876797697666552,0.1887667256190786
59472.60025177756,3.7924492567111745,0.14259150683393268
59474.29033902981,3.554919198483266,0.2562870273615681
59477.62029315135,3.6580399539335344,0.4735787232516509
59477.62029315135,5.760082023840266,0.4407151557137321
59479.07605930287,2.835398243595497,0.18608634338759425
59479.626050151346,4.095076352087052,0.6261245367485576
59481.693705870086,3.5919669031708787,0.2077128402825129
59485.06735630287,3.147738635825382,0.2336622427947625
59487.70713166654,3.280994973594427,0.1540254514108408
59490.51995461553,2.6456548815397127,0.1978354159896112
59490.59347571675,3.154390170576141,0.22755963512589383
59495.388515918785,3.5185383302070647,0.13862838708762323
59496.27400285797,3.4101318354504873,0.15766116483402415
59496.59513377756,3.37420149087563,0.10185107630995198
59497.29721207062,3.1684944008356473,0.14284854101554556
59497.51177361552,3.3450564351627365,0.2922382078518738
59499.22454808042,3.044075324463016,0.21082900969595272
59499.59921577756,3.2138731806386724,0.11393378954520095
59502.98705914083,3.9296718197031257,0.16290000567464824
59503.05126031306,3.5232026111677976,0.2105737527050583
59503.060580242054,2.9118957625579522,0.22801988286685462
59503.26582185797,3.6624370804515927,0.20065966433421253
59503.28850907062,3.5454705357617717,0.21845555234623454
59504.01026835347,3.475130778370607,0.11836974792153691
59504.70989883988,3.443423513689954,0.20409046568197795
59508.61385177756,3.4144772016597935,0.3306480948799886
59508.74110738328,3.806233584527174,0.1328808134750241
59509.04255731306,3.623333494285178,0.2513733513484088
59509.06223830287,3.4126349178431328,0.16183713150139203
59509.97887814083,3.8073358470620846,0.23012040327319874
59510.46394708233,3.6592987186902537,0.2719988605349713
59510.659123464095,2.7253077526553575,0.19005003901014508
59512.06632030287,3.6234976298970647,0.19873810611083012
59513.53614758532,3.4318593431020865,0.11354724242292343
59514.49515562573,3.3531145476844397,0.17592820847753574
59515.73292638327,3.961025016138768,0.1980676276325831
59517.65094246409,3.6887762657206986,0.2540854462809513
59517.69331066654,3.2201111266428457,0.13736250382409243
59519.354397,3.6116691324298813,0.1538198630521745
59520.527966585316,3.8166433475123114,0.15625107468807675
59520.69739266654,3.0481409624462756,0.16192967013788812
59521.08095630287,4.329887715277734,0.5353277102269178
59521.27241308082,3.4389529439163313,0.11920892323457545
59521.486974625725,4.28024951707556,0.2405467063441895
59523.19042916164,3.317252826397964,0.1651383260307457
59524.08523602981,3.7142017294862564,0.17449329522489745
59524.149437202046,3.323301622026783,0.21089886200388905
59525.345694,3.228627512672505,0.18930902099819905
59527.02646132327,3.3762559630298057,0.12672020306278298
59527.26371008082,3.462683983710871,0.1423862387672434
59527.28339107062,3.2500313738393327,0.1415778349427609
59528.00492587949,3.7254362918518185,0.23386742367478194
59528.00492587949,3.3635252548048555,0.19262491150246902
59528.94447740408,3.463890369477723,0.15376954697038656
59529.18172616164,3.2329622358287127,0.20633386818219704
59529.71202866654,3.049209100112093,0.46026052020063307
59529.90348544449,3.27972922625694,0.2155325497117709
59529.90348544449,3.5810562556091083,0.11396969905999176
59530.14073420205,3.5762087939420155,0.2784836599224795
59530.28747307062,3.0986055668324894,0.1475077966157561
59531.077055029804,4.022721947194751,0.2733632626672941
59531.3247434142,5.290441355300354,0.3566158242455564
59531.3247434142,3.733778480694607,0.3903940165535454
59532.016930879494,3.552953072340479,0.24505725255874275
59532.021101879494,3.8601298606750385,0.2329082954847281
59533.01775832327,2.882705238717369,0.16282955520051343
59533.03743931306,3.4574450162847414,0.20922871099154128
59533.3305004142,3.9000081301133163,0.5033974235475449
59533.739517606125,3.515248347077554,0.11076304393592093
59533.739517606125,3.86786740901036,0.1323044977325174
59533.99644735347,3.428678739943094,0.10559543735397092
59534.698525646534,3.380140185500399,0.16503330479921868
59534.93577440408,3.2793267905961114,0.1907825690395794
59535.65753368694,3.4544303650438497,0.1453400035053877
59535.65753368694,3.690826416862704,0.1047428707566078
59535.65753368694,3.47472905402085,0.17523315596919145
59535.89478244449,3.0071062095084207,0.2652461586482657
59536.04152131306,3.9446490147364734,0.20235405334467632
59537.00052935347,3.201395551922765,0.12774310567566002
59538.53455780817,3.644044972761929,0.16718510099974096
59539.30210907062,3.0477773239211015,0.464019500911876
59539.50288577756,3.128674561672172,0.13554325744670415
59539.730814606126,3.354702724553629,0.17252795103088328
59539.730814606126,3.6331169447754013,0.13676101122955972
59540.38837271675,3.1823638296242205,0.16261209629252812
59540.689822646535,3.6514130047839872,0.19248481718887261
59541.64883068694,3.567185243208172,0.20761379860164647
59541.64883068694,3.0903217639637086,0.2048029475120484
59541.64883068694,3.5557232937128758,0.15187716259708142
59543.329598010205,3.376805996716227,0.11993196456199676
59544.52585480817,3.6391565195163222,0.19321611453259535
59545.05615731306,3.1719972748605674,0.632617952590853
59545.183412918785,3.213386349736253,0.09948262797672133
59546.01516535347,3.796977044618374,0.34059298175601294
59547.16563017184,3.4325968373313493,0.13575334414907408
59547.16563017184,3.2270443138557354,0.259351829169338
59547.16563017184,3.083951785446934,0.21057943218554237
59547.16563017184,3.548830174995759,0.1660055076484784
59547.380191716744,3.857380384914819,0.20542395709654448
59548.12463821225,3.6252439133331773,0.23116906715233654
59549.01944508042,3.4854011240540883,0.14894745736198695
59549.08364625266,3.8125878461509624,0.25550302837167566
59549.320895010205,3.204248195163176,0.15641806688042814
59549.340576,3.1723274320782453,0.12838429092655348
59551.25859208082,3.6280102276128376,0.11201050783023148
59551.96999030287,2.780046781681339,0.2415695944967849
59552.17523191878,3.75202583041579,0.1357772195933253
59552.344658,3.432715304826698,0.1405491297692418
59552.855477242054,2.8378959105824606,0.15941324044211894
59552.919678414284,3.5870093080284775,0.10663094500198798
59552.919678414284,3.565348466886329,0.1447537732010115
59553.15692717184,3.322073199610328,0.20747656945693685
59553.15692717184,3.307942102880065,0.25908688946405484
59553.15692717184,3.4883250612947574,0.3180961582915343
59553.17660816164,3.27807550965451,0.16038956036487237
59554.11593521225,3.2856735322054513,0.3033277731419783
59554.135616202046,3.5376297338193528,0.17146248943405612
59554.26267408082,3.612189534416477,0.11240602516014049
59555.07494325266,3.0012467079210294,0.3219576203782838
59555.79670253551,3.572205917507362,0.17856175194208782
59556.011264080415,3.4278368893248174,0.2197034958833819
59556.18069016164,3.7268338650795405,0.15575951384064587
59557.01264032327,3.304543464625434,0.11482436509217553
59557.139698202045,3.5147680685614784,0.21961487188345358
59557.71471861633,3.948533313814659,0.2001617360272584
59558.910975414285,3.2405493106750836,0.1906134749585992
59558.910975414285,3.346300774231837,0.13473806952763243
59558.93065640408,3.1238520366469267,0.132504612881853
59559.84729624205,3.401047326463747,0.2296503880798738
59559.88966444449,3.6164988351815825,0.19709040446113577
59559.88966444449,3.405177090393072,0.10795072318370968
59560.01672232327,3.2159574371847413,0.11482436509217553
59560.59174273755,3.375309268253309,0.12653973180150796
59560.60106266654,2.800333023976684,0.1958964479108751
59561.359294,3.2135471339419004,0.40887933531581283
59561.55075077796,3.9017857820966917,0.19967681686979918
59561.78799953551,4.077951961752153,0.22329164972317195
59561.93473840408,3.036585561849642,0.13731931493963417
59562.89374644449,3.7749141799361183,0.12249006750823539
59562.89374644449,2.9638072597895375,0.21986244468365918
59563.27731008082,3.241985313621644,0.31000648318268165
59563.70601561633,3.813850399093382,0.2533185034332088
59563.725696606125,3.3271601592618385,0.11327088644013036
59563.725696606125,3.5828761255510866,0.1233759733456604
59564.684704646534,3.27962874249891,0.14071602020208418
59565.195326161636,2.230972680329436,0.5065745774070394
59565.64371268694,3.5197265628904146,0.17600454183552683
59565.64371268694,3.3985701501734518,0.1458572277171507
59565.64371268694,3.260469839188814,0.10512237391152314
59566.154334202045,3.920562626888745,0.5879734533509507
59566.583039737554,3.262559122609657,0.15257771507604903
59566.729778606124,2.35001826324467,0.1323044977325174
59566.729778606124,4.042731220462958,0.12472336720935397
59567.30479902041,3.85070641340425,0.22628860890596714
59567.54204777796,3.5762892165852502,0.23689727615473982
59567.68878664653,3.0677981744527614,0.15725177372813567
59568.263807060815,3.5154109927934645,0.16945624271212464
59568.52073680817,3.4472847296262694,0.17011817294710482
59568.64779468694,2.9834325361006853,0.10891740546067558
59568.64779468694,2.905138252151602,0.13716786095953323
59568.64779468694,3.8809922769574925,0.17214761250384983
59569.03135832327,3.440375373367832,0.3538379038916856
59570.19114307062,3.2479135303846904,0.18404059620831598
59570.94937440408,3.0054906110598054,0.37975962480749087
59571.52481880817,3.4045107637272114,0.17280682223218838
59571.90838244449,3.097974815149061,0.3188493844072062
59571.90838244449,1.8380345670985907,0.6287969698064388
59572.09983922245,3.0930784930413333,0.13699290468213193
59572.42485148401,3.6097058503451986,0.27819076735471626
59573.29609602041,3.8328884127029923,0.2800989710237641
59573.315777010204,3.0926436468950316,0.10490827537205435
59574.255104060816,3.1077727150963064,0.2039314358947769
59575.744414606124,2.768486476931706,0.38960833688103286
59575.744414606124,3.4408490194526706,0.362634026108698
59575.94519131306,2.5667285037778944,0.2752852040331564
59576.319859010204,3.2832298754760147,0.12602728989048756
59576.70342264653,3.745439838559572,0.4096111494361747
59576.90419935347,3.1814875354538303,0.1581028307907844
59577.15180917184,3.4206506065566087,0.18347232370637362
59577.15180917184,3.435718199394283,0.21726633964895864
59577.15180917184,3.4193569142999047,0.12083636420031368
59577.15180917184,3.667665381347482,0.16467164308738763
59577.66243068694,2.7239134774543947,0.5115573936914253
59577.66243068694,3.441872347238302,0.3077770586362645
59577.66243068694,3.341675486879528,0.4185378321585758
59577.853887464895,3.827136832789094,0.21017664666375233
59578.09113622245,3.7122152570592792,0.18271651053058374
59578.11081721225,3.4783144214990642,0.20472175862219635
59578.8128955053,3.50771299079525,0.24776958108037575
59579.069825252656,3.352365000015646,0.25371768112373694
59579.79136006153,3.583051395717396,0.26893366364148
59579.79136006153,3.272283606620575,0.22538681702202626
59580.15589117184,3.5526388061497762,0.12569100264517655
59580.15589117184,3.8372839119012365,0.23357446683810568
59580.15589117184,3.2551545758416838,0.22598768332106972
59580.15589117184,2.2743832170808513,0.1653992055752553
59580.53945480817,3.9471290739895286,0.4995999217009803
59581.11489921225,3.329752379755684,0.2334546370253116
59582.073907252656,3.282934829262473,0.2870441630852598
59582.905857414284,3.451977691508411,0.09811808222137504
59582.905857414284,3.310356890517502,0.1237145442762831
59583.80336506153,3.0822444391557626,0.28478544462847777
59583.80753606153,3.6421402758792745,0.26164548847504404
59583.845184464895,2.8621652214642737,0.2427003321328879
59584.804192505304,3.8314929465047562,0.29676943534015654
59585.334495010204,2.8582740955319323,0.3396212253452106
59585.78288153551,3.240608275290258,0.153155170002432
59585.90993941428,3.2589707553557226,0.13137398706454817
59585.90993941428,3.1687048438087047,0.11066721614796823
59587.70089761633,3.431293609406353,0.16964316067020327
59588.78696353551,3.0688454678108954,0.1662759400182167
59589.17052717184,2.8406693534712044,0.5323332202898614
59589.17052717184,3.4129218925707443,0.6975669888002884
59589.17052717184,4.280834572879204,0.3483865080340673
59589.17052717184,4.071221210056658,0.5822321563341453
59589.29778277756,3.578678176395229,0.09247922822363691
59590.12953521225,2.9526333507147964,0.6840384119832557
59590.57792173755,3.578908452113427,0.11502137159906302
59590.70497961633,4.24942067648985,0.20961819599705014
59591.088543252656,2.5965679983882524,0.8811680528159807
59591.53692977796,3.3938359847963255,0.1909190617439308
59592.248328,2.7450500347110944,0.18418169222979325
59593.58200373755,3.6519121435373734,0.1116145326659455
59594.16634408082,3.2008515113111073,0.14863541257980575
59594.54101177796,2.850855166992485,0.2122295992168772
59594.92457541428,2.493026476529204,0.3915041769495542
59594.92457541428,2.9727622263583893,0.30081228049769354
59596.084360161636,2.704662055500302,0.20467180019914133
59596.28960177756,3.3277295168939034,0.1421267870941155
59596.86941687949,3.880095712497992,0.2669573462316376
59597.043368202045,2.2502322089853157,0.2531929427309562
59597.290978020406,3.3589295940495507,0.22682314892700484
59597.80159953551,3.1630764524697135,0.4470604183560088
59598.249986060815,3.183011736048675,0.163953687448444
59599.719615616326,3.318102649161877,0.5921749856840794
59599.92039232327,3.2977940530109056,0.1485714231648208
59600.295060020406,3.9772142183831765,0.2597864502243306
59601.254068060814,3.775940139971814,0.15800194399997305
59601.76488730287,3.5351988692244802,0.16012387196595398
59601.83840840408,2.927251702620862,0.19058195645383852
59602.08601822245,3.0824037212479194,0.11786727188560053
59602.59663973755,3.35503046507999,0.31626821429107665
59602.79741644449,2.6703930223794066,0.15524267649735513
59602.79741644449,2.0000047123433013,0.27839621004437076
59603.55564777796,3.1398610861461425,0.593191947192152
59603.76656107173,3.024803730282744,0.2678215348388944
59603.76656107173,2.667466743339375,0.22596309468477752
59605.09010022245,3.8456499044769403,0.13183343164864902
59606.633448606124,3.394385055161883,0.16197605857368857
59606.633448606124,3.043773956286162,0.1518080662548169
59607.59245664653,2.7154677398453915,0.20869634025362885
59607.60259323336,3.3307335186105584,0.23770174138719283
59607.60259323336,2.895509986137972,0.20072196411828022
59607.778566071735,2.7957601443312132,0.27398251737240087
59607.782737071735,2.3034251577566014,0.24825135502657994
59607.840066464894,3.9253215436393134,0.21385857332063574
59608.55146468694,3.2559158013298317,0.14155467678338673
59608.55146468694,2.4629279260109174,0.23385848181068175
59608.55146468694,3.481326024055523,0.19033850992876408
59608.75670630286,3.6432660091521205,0.2496087353938409
59608.7990745053,3.076583531053716,0.2235293704924983
59609.309696020406,3.341111593348293,0.7713412503574266
59610.268704060814,3.313276309637849,0.4782731197554267
59610.39595966654,3.040663998785555,0.139819220455472
59610.844148464894,3.934526360281522,0.20680154722827618
59611.42848880817,2.656577417149424,0.22939066855008317
59611.61459823336,2.7897264886619952,0.27041462127892296
59611.61876923336,2.687320951609622,0.2661477239017409
59611.8031565053,3.185664478699165,0.21833503965223885
59614.10473622245,3.778043016451992,0.3693471040520856
59616.2235290102,3.0883511642693344,0.15555957035528858
59617.34624848401,3.3218816217888003,0.4502168602419083
59617.38777866653,3.0705718534284365,0.20743233470170103
59619.858784464894,4.5297711698109815,0.6300696991591471
59619.98604007062,2.8179913090925375,0.1308827254968231
59620.05956117184,2.2978456395510403,0.26721902200780545
59620.05956117184,3.1589717613481696,0.174325653247348
59620.05956117184,3.583995695242697,0.21220572562807685
59620.05956117184,2.4852875610590486,0.312484759688817
59620.8177925053,3.563119186424684,0.6627966152171058
59621.01856921225,2.425319730021261,0.2781865045392524
59621.977577252655,2.838581736442168,0.3411996962727345
59622.71693787949,3.0104062261667197,0.2815041237807867
59622.71693787949,4.996281143673087,0.25688650023607285
59622.94672187989,3.0126088026201545,0.2340899762456593
59622.94672187989,3.40188830893465,0.29004773949163365
59623.71729487949,5.268034130854994,0.26807632912003365
59623.71729487949,3.34082588764025,0.30100639697854703
59623.721452879494,3.5838050291205423,0.25336969687254224
59625.74008831306,3.0643939377792035,0.19906617360052356
59625.81360941428,3.3631797262968446,0.13385742855032756
59625.81360941428,2.6433066831344068,0.1724828951939715
59626.69909635347,3.431996742687917,0.10269218495225137
59626.95872687989,2.9538531512118817,0.2799753421073583
59626.962897879894,3.434157285739828,0.2665454789283244
59626.97785907061,3.2447367652027292,0.19050001874497136
59628.69063353551,2.594112152694322,0.22221813217642591
59630.366605484014,2.817717378817468,0.41305922417827484
59630.608649616326,1.8494857599139163,0.250309629806457
59630.61878620315,2.734963340128095,0.28341272419610464
59630.61878620315,3.2583723711966464,0.3357536273029597
59632.73190731306,2.7445729081207046,0.2576502126781551
59633.48567373755,3.090594871699915,0.15103652603487683
59633.690915353465,3.0902424599712166,0.1577710305163022
59634.44468177796,2.7953893845286526,0.2745556231959739
59634.630791203155,2.4706055990907076,0.3868885188174909
59634.634962203156,2.024863714567813,0.3663863217479855
59640.198730020405,2.2827223516936126,0.3107459322299265
59641.157738060814,2.770881576503614,0.20471751521815984
59642.043225,3.0999416141713407,0.12918857779218576
59643.96124108082,3.085360450977677,0.09951216020510678
59644.99377022245,2.8279883268382457,0.15905409972185186
59645.45144448401,3.5986961804004185,0.3786540056008364
59645.879257161636,3.2044696418334713,0.14804276963360152
59646.838265202045,3.1389794458851723,0.17360577055198184
59648.65585106153,3.5615512789764114,0.339628962755907
59649.035044,3.346254466771228,0.18589080181926174
59649.71528932327,2.5705449515454006,0.10605012999328776
59650.74781846489,2.2285670092589474,0.28059349397664474
59650.953060080814,3.465057087690325,0.13542513376084483
59651.63330540408,2.7707738857429733,0.13150154995314858
59651.7068265053,2.6419911840853425,0.3031757767098099
59652.59231344449,3.6107602924011495,0.10521482505812688
59652.59231344449,4.095994611698097,0.18313852066282915
59652.87107616163,3.4312232023789244,0.2038407662076135
59653.83008420204,2.8103430078032314,0.26891033759574473
59656.428345606124,3.462583654489153,0.10340670592357297
59656.428345606124,2.8749072726538394,0.11264370665842816
59656.707108323266,3.437844344012383,0.15076498193954274
59657.38735364653,3.3282633116931786,0.14168871158596966
59658.34636168694,3.101837520434241,0.0938131798950488
59658.34636168694,3.18754267177417,0.13323695695013485
59658.34636168694,2.9231881595910396,0.16263385348571324
59658.625124404076,3.4789363134082887,0.1699188601225276
59659.584132444485,2.944563282136701,0.2729437497094004
59659.584132444485,3.089376278182943,0.1463314654597426
59661.22338580817,3.3629589111395566,0.1585080964887895
59661.307043496214,2.831339184009309,0.2033232506305785
59661.307043496214,3.2012310976564766,0.2453955232610597
59663.42016460612,3.2268464590934576,0.1518080662548169
59663.42016460612,3.1066881582520463,0.16855971797005798
59664.37917264653,3.3001633383809343,0.19107981852326028
59665.31904849622,3.379060740707991,0.24461351075863444
59665.32321949622,2.623323858364179,0.20582569063833941
59665.33818068694,2.7375576075404062,0.16871853787707294
59665.33818068694,3.214170454289154,0.13077678718379376
59665.33818068694,3.2086009301351366,0.20994551995428437
59666.0184260102,3.163040361956476,0.1016459885765241
59666.407639444,3.644311368204648,0.3027805493352249
59668.21520480816,3.3140743786834923,0.20629272696459264
59669.85445817184,3.640884960806132,0.2156881337919444
59669.85445817184,2.876520070010695,0.11960063805071214
59669.85445817184,2.3046983207420055,0.15751727862335532
59669.85445817184,3.6432142340697835,0.181046950842448
59670.81346621225,3.3983194759449367,0.23100581216140972
59671.772474252655,2.4795285676900463,0.24022839080597763
59672.63105207173,2.9706233250616148,0.35516252251977887
59673.0102450102,3.1080965843475443,0.1537567276524955
59674.50337206153,5.166844741135554,0.3099296489526812
59674.50337206153,2.845014337488278,0.3314297656936668
59675.50372906153,3.424788671978243,0.3418154153058377
59675.50372906153,5.652601615978498,0.3088364226777159
59675.50788706153,2.7353273012334194,0.31740002849827786
59675.60850641428,3.1784981285929366,0.12342367936027303
59675.60850641428,2.7944324284541704,0.08835764472291363
59676.46708423336,3.1198776732214704,0.32783994848016723
59676.84627717183,3.540931923195231,0.31441367795850106
59676.84627717183,3.4834249630346834,0.27463780959157796
59676.84627717183,3.336624449367683,0.21305454853058917
59676.84627717183,3.2913709916626113,0.15667242253875588
59677.80528521224,3.395054376126401,0.2972873384776869
59678.48553053551,3.322911287207453,0.1487418200880316
59678.76429325265,3.421795170768819,0.36123525983293564
59680.403546616326,2.9513066260911662,0.16634772765042735
59682.60032541428,3.374347172039716,0.1722889852499648
59682.60032541428,3.1276082648678143,0.13473806952763243
59683.28057073755,3.1408863035697454,0.10439527873624409
59684.23957877796,3.1529977188349445,0.18960539847505054
59684.766029879494,5.029690775626627,0.2855004912393442
59684.766029879494,3.7497342059998475,0.3126757899575348
59685.477349535504,3.4219134609629194,0.19907786505767838
59686.77178687949,3.048611499070529,0.34784382359284033
59687.39536561632,3.2851483189641177,0.2699389482286003
59689.993627020405,3.27162139061339,0.2134596484010619
59690.27238973755,3.572419235097966,0.13724693987702016
59690.952635060814,4.0005342323669435,0.15609289421461436
59691.231397777956,3.531040815101596,0.2551425993336323
59691.81121287989,2.773669153559844,0.30944643075023803
59693.91331687009,3.484287944796101,0.1860733865537669
59693.91331687009,3.171876430185284,0.15134659853398322
59694.218872615835,3.5857177267817324,0.2771418465408508
59694.78866722245,3.9159254854502414,0.11591023039014149
59696.9854460204,3.5870000030256426,0.3116368322649894
59697.92532187009,3.660267238862028,0.20110438435337483
59697.92949287009,3.20971307981878,0.19553254896214098
59697.94445406081,3.282956107164507,0.19753050426151575
59698.34570648401,3.218076162309443,0.2260914363660236
59698.35397748401,3.036455928470371,0.22943365759926068
59698.478573071734,2.45672489961973,0.34120970913507326
59698.478573071734,4.8473673279888345,0.3205522971109637
59698.90102956491,3.3956074091070008,0.1557943717991522
59699.47893007173,3.1067085569046524,0.3276193064876327
59699.47893007173,5.239676951078283,0.29844524213779383
59699.483088071735,2.13997791525005,0.30605586762036047
59699.48327720315,2.9749596470005413,0.41342077384861564
59700.54271546489,3.7427593469021856,0.20143207085365475
59701.5017235053,3.7864754125558413,0.21002411030782375
59701.780486222444,2.835994405683306,0.16572583209273492
59702.31460523336,3.2757972148793373,0.3264176493544398
59702.31460523336,5.43484728773354,0.30010511552848274
59703.31496223336,5.583655333762771,0.3100612094085746
59703.31496223336,3.4573181408002966,0.3495300101475102
59703.31912023336,3.1876146690842377,0.30952784723642685
59707.53453446489,3.6384380916238275,0.25205856238579954
59708.4935425053,3.5319532013831285,0.2794549992059584
59711.329036444,3.204791215943838,0.4943822421884009
59716.92950983988,3.569127059464538,0.17472962503079822
59716.92950983988,3.185961564335387,0.14445533600380409
59717.65873387989,3.1702231690963156,0.34059625229049717
59717.65873387989,5.480905739400082,0.3141095776874026
59718.65909087989,3.0853538948399217,0.35104170142974567
59718.65909087989,5.40797412130283,0.31970535401200006
59718.66324887989,2.4427722468986497,0.28594417018692886
59720.941514839884,3.306406257317782,0.19691337130057845
59720.945685839884,3.6903547081976313,0.20395997305686156
59722.68355808233,2.974731609592105,0.19473359530217346
59722.68355808233,3.4113117668018162,0.22849788803601803
59723.835238615524,3.418936880967986,0.20210406396947006
59724.349393444005,3.082806190233627,0.42871398303264846
59725.330798203155,2.0943299822856662,0.41510919007786906
59725.330798203155,4.984174959812075,0.37965244926354763
59726.33115520315,5.616607438826701,0.41896842717330535
59726.33115520315,2.739304981860461,0.4742037581017377
59726.335313203155,3.6680062686453647,0.4221040573133473
59726.695563082336,3.417279409238496,0.2594354027735406
59726.69973408234,2.910815018230827,0.23462257369471545
59728.892584564914,3.3183284548415486,0.1828935250949042
59729.58928685797,3.4527749754506747,0.17377079550076138
59730.171534496214,3.386724463231759,0.2776144383609821
59730.66117815134,3.717881076913028,0.33820044503574653
59736.30234314083,3.5034275360801326,0.16779344458028986
59736.55246406153,4.331802071441176,0.3215907292189784
59736.55246406153,3.168791519257187,0.3440018678557684
59738.55822106153,3.375411285225642,0.4733669770600033
59739.14026961584,3.0261458147201,0.44812759355863374
59739.434232444,2.493159253861112,0.4494950777021905
59742.056391383274,3.5773166786227018,0.1505401176447976
59743.97440746409,3.5301564495453075,0.1935749238140427
59746.85143158532,3.482204913772584,0.1327864426434346
59747.810439625726,3.140395268992971,0.18234992255124044
59752.16062661584,2.6267873517541673,0.44479797420089906
59756.01905549622,4.6712581997155596,0.251338818279492
59756.01905549622,3.019178587091867,0.2691687033347889
59757.019412496214,5.111687641081489,0.24351869325523898
59757.019412496214,3.3044567479766167,0.2704199233386694
59757.02357049622,3.3821887907176915,0.2502440007760966
59757.400520029805,3.1588653376109654,0.18181168178449414
59758.814312564915,3.759333687183064,0.12993168177164743
59759.58084185797,3.392363860450409,0.18999887933416582
59760.527665071735,4.095546253532424,0.32671327964447006
59760.527665071735,2.8564639428231136,0.3475518970372122
59762.533422071734,3.1353390051485936,0.45156377863229014
59762.77780787009,3.6888650079514544,0.2101748140600349
59764.36369723336,3.7762687197446674,0.31379474461360907
59764.36369723336,5.099006906671156,0.29157132077411835
59766.36945423336,3.1104549415135256,0.4252674385924945
59767.24546561584,2.763654293353281,0.39387438402378167
59772.047946383274,3.469398708696308,0.184986661580899
59773.703656716745,3.541156413066971,0.17696379963023812
59775.58257515135,2.5647132070376983,0.6013542358431113
59776.84298658532,3.489397138154084,0.15112661481625833
59778.49869691878,3.7158082973801125,0.12136726495998149
59779.707825879894,3.0051477675206915,0.38648161815219606
59779.707825879894,4.291803270423128,0.35272043432712485
59781.71358287989,3.150637951960225,0.4327400357688682
59782.334729080416,3.444626457787522,0.17065397087448278
59783.748521615526,3.7817719592559866,0.20768614209697778
59784.3656284142,3.359802712765914,0.29438206387204946
59785.79400083988,3.282265121671257,0.2281011087033871
59786.17076124205,3.4574878915297997,0.1671894960734418
59787.379890203156,5.020355307581791,0.4054610973392782
59787.379890203156,3.292864302737108,0.43778220801355744
59788.60293215135,2.5163988577468777,0.5290053371588871
59788.62532887009,4.723179065158613,0.20784241784975088
59788.62532887009,3.416389299563389,0.22909313887678268
59788.76033556492,3.9375904750220414,0.12982864316596016
59789.385647203155,3.94546129557539,0.5755087318569408
59789.50256985797,3.50726343211758,0.13705031383393385
59789.62568587009,3.648993990512322,0.25889597934152264
59789.62568587009,5.1459906670562034,0.23038891454916266
59789.62984387009,3.4141864809203435,0.2110818570307009
59791.54804908233,3.4686325428383427,0.27922284874779374
59792.328494444,3.710187438307096,0.24854189224772066
59792.336765444,3.521495098707655,0.23254044935217344
59796.21562614083,3.7159058043514133,0.16586182395964186
59801.969674383276,4.207383210112151,0.13865824014785125
59803.687771151344,3.4866098516275255,0.5137998059099992
59803.695211716746,2.9610070493307266,0.19289662282718742
59803.88769046409,3.83270906187985,0.17374744679211862
59806.76471458532,3.894858787661118,0.11651403498029196
59807.72372262573,4.2655330889899865,0.1616131375215688
59808.49025191878,3.7312200135655074,0.1353148681077635
59811.64152183988,4.68910611305067,0.21935810282059137
59811.64152183988,3.4096259237848177,0.24154184909037157
59812.32628408042,3.102838814082479,0.22186215468572953
59812.64187883988,3.7269839880677917,0.2659439699871298
59812.64187883988,5.254269672429601,0.2367136219610665
59812.646036839884,3.600458338754974,0.22431682257501281
59813.69454461553,3.5092352036188457,0.20161152766410156
59817.31380302981,3.5922286201596423,0.18439464174670495
59817.395570082335,3.738652658775889,0.2718418173129534
59817.395570082335,5.276200028264164,0.25126915522861093
59818.06814749622,4.808110387639987,0.298103165924525
59818.06814749622,3.6884248866674403,0.3171842709837022
59818.39592708233,4.193072926006832,0.30450680749267284
59818.39592708233,6.09125435053697,0.27105660120286407
59818.400085082336,3.823455998665546,0.28047919452393694
59818.89823056492,3.8644330649840795,0.14116288979155975
59819.448592857974,3.6553298904515623,0.13574732900059477
59820.07390449622,4.079212174379412,0.37583520866560005
59820.13972761584,3.367921448793446,0.20996187949949952
59820.14799861584,3.838572938007343,0.22993959564590732
59822.61306677756,3.666200394060816,0.11339161651541413
59826.161649140835,3.392681287162981,0.16611937337572824
59829.2870254142,4.6257274739425345,0.5185464310068855
59831.91569738328,3.990457189755057,0.1344069261810538
59833.61693971675,4.070223442889333,0.1470441469092494
59833.8337134641,4.127918164206274,0.16992882158789635
59835.08017130286,3.4508537844029084,0.17264384549415615
59836.71073758532,3.778884169509439,0.1219082032664166
59837.66974562573,4.159842378193597,0.15786713764524118
59838.41197991878,4.104954131061324,0.09393441014997932
59842.24801208042,4.0022799817273285,0.1812074139081822
59842.307382414205,3.7882330210214255,0.47842203287133483
59843.711243666534,3.483941130099695,0.14430539865190425
59843.83243961553,4.331770833583951,0.21852194081508095
59845.77748156492,4.017960587458111,0.14105985118587258
59846.08404424205,4.158605133128104,0.15201325524456974
59847.25982602981,3.6955470186480683,0.17506728632761093
59849.586487857974,3.9028970087859793,0.15268613183400234
59850.67442087009,3.2986032909440475,0.24619737775219874
59850.67442087009,4.3370379147893745,0.22481707915792884
59852.60462177756,3.5879725711915755,0.13988064168499859
59852.68017787009,3.4033019652723517,0.2988058700508265
59853.30132407061,3.723369385951629,0.15703809216164127
59856.299544140835,3.8124868353838135,0.17590625118701148
59856.582033151346,3.4996081283402845,0.2820380796164671
59856.590304151345,3.5231521767256595,0.27247330995990865
59857.3922214142,3.4176964872186373,0.43584103893156695
59859.05537231306,3.914759198880539,0.21356273429065176
59860.01438035347,3.645178419042752,0.10725443872638209
59862.05359238328,3.8912598638631195,0.1528292867038423
59863.56296271675,3.8658941072337996,0.14667927309557882
59863.9716084641,4.283600576378417,0.1866720244064099
59865.071726302864,3.664352280357514,0.2403834917414814
59866.84863258532,4.0072372936220475,0.12226781448549158
59867.80764062573,4.17455880627917,0.17619577989727328
59868.35800291879,3.910766507125353,0.09693969480613124
59872.19403508042,3.918332139413809,0.15422417887883685
59873.690613839884,4.869577413586589,0.21387741256570447
59873.690613839884,3.856563164808332,0.23240736533222678
59875.358509,3.849939116373447,0.1428614545079346
59875.69637083988,3.694504373676331,0.3095285067759921
59876.030067242056,3.994300377046927,0.14398615265739775
59876.46573885797,3.8140571337855897,0.16239929150071158
59877.276525080815,3.876395110795695,0.12071188908822969
59877.39772102981,4.075816124195748,0.20161437482810915
59879.19454116163,3.9191588745474117,0.17926590388671892
59879.44466208234,5.100311619604136,0.27168477409093555
59879.44466208234,3.8573145173326004,0.2881743124028131
59880.15354920204,3.8162562791496946,0.192466644389728
59881.450419082335,3.26573269999124,0.38475589394381043
59882.52634977756,3.8985602639694514,0.1019285295999215
59883.03057332327,4.0031075667291915,0.13330087938694882
59883.292879070614,3.7604316464078487,0.18573487097202887
59884.94858940408,3.773836814447386,0.14624657500510335
59885.907597444486,3.7463956843382302,0.21681548155529334
59885.907597444486,3.9875325485528377,0.10451130839726275
59888.93284338328,3.8509268852037604,0.1385492320974205
59889.04692731306,4.0955925848089425,0.24315365198802671
59889.74362960612,4.059965964000314,0.14069189942926186
59889.74362960612,4.061958012995231,0.11786859769784791
59890.70263764653,3.628716872493327,0.14828139763230386
59891.66164568694,3.8247629006661192,0.1528914769971268
59891.66164568694,3.7100017432531462,0.18294701463254542
59891.66164568694,3.8889270637284614,0.1095246105085399
59893.70085771675,3.7868381142718377,0.1598147303877202
59893.72788358532,3.938911161997803,0.12406587058086636
59894.538669808164,3.911687787958882,0.1679183689865819
59894.993454302865,4.257403658009195,0.1773882565153696
59898.49589791879,4.090313000685199,0.10302732269936207
59899.3337100102,3.7373745372748433,0.11727062533406413
59902.33193008042,3.8091999444062346,0.16693628071488403
59903.169742171835,4.038943549186388,0.2391858654408229
59903.169742171835,4.037219989100632,0.12251342111762996
59903.169742171835,3.885751520462345,0.1873243864902555
59903.169742171835,3.7525476715987125,0.17352365335644457
59903.624526666536,3.8844927547811468,0.14323726098608705
59904.12875021224,3.941958595731152,0.23508718693457953
59905.08775825265,4.094275967492406,0.264033020778494
59905.350064,3.573465506312348,0.18398062051338515
59906.167962242056,3.7421991864185564,0.16618610825004532
59907.268080080816,3.6098164304370233,0.134159478305136
59908.92379041428,3.807169552354675,0.10883254744524994
59908.92379041428,3.9366860096591854,0.14417204336899136
59909.18609616163,3.4525926478753544,0.20146638337467682
59910.14510420204,3.9262780432032134,0.26405223372844644
59910.2864834142,4.89451999818732,0.24136053776435765
59910.2947544142,3.983532387456707,0.24115582144733955
59911.800814535505,4.242557985586544,0.1677072967472114
59912.47237277756,3.846666559689857,0.1049492079087337
59912.60212656492,4.031355606197456,0.14538747262473792
59913.02212832327,3.9609237441383858,0.151777393681722
59913.214607070615,4.009278252328183,0.1308827254968231
59913.71883061632,4.1663184525128925,0.18339801153535487
59914.94014440408,4.423821592247846,0.17443264330169747
59915.89915244449,4.0414700083483925,0.26957605362015397
59916.59585473755,3.264181426863523,0.1258908100999617
59917.55486277796,4.219984218336576,0.18566440866840977
59918.96865531306,4.088120130844959,0.17754550618425072
59919.73518460612,4.12490068681382,0.1680185952799454
59919.73518460612,3.719219537419929,0.14294702273994322
59919.92766335347,3.8135670583424854,0.114222244490509
59920.58010871675,4.034952307567842,0.17063932019328118
59920.69419264653,4.348508496568505,0.18837789801246757
59921.65320068694,3.936483330406915,0.16520141323708493
59921.65320068694,4.008270944902834,0.204031561645713
59921.65320068694,3.9033481836152406,0.12728535815857348
59923.3089110204,4.137576224694492,0.23020856906024356
59924.26791906081,3.983689675437309,0.17327434228284183
59924.530224808164,3.6012710068628717,0.19174957855891345
59924.93947730287,3.8409498017026813,0.1755432077848977
59925.375148918785,3.961625170537155,0.1098855364018626
59928.103951222445,3.73178567201387,0.13939472833564984
59929.21118108042,3.9267269236451616,0.14498991622434973
59929.3252650102,4.064461713353016,0.15521617174523272
59933.161297171835,4.34914891165022,0.20153480913935068
59933.161297171835,3.9799130551794573,0.252952122808243
59933.161297171835,4.112593155847051,0.3086269231494489
59933.57054966654,3.8503123494749962,0.13276951186107844
59933.85799946489,4.4254499145326225,0.215239295816967
59934.120305212244,3.3689335775781144,0.2935324736863708
59934.8170075053,3.462695456846335,0.24846215852574366
59935.07931325265,3.806636688657833,0.33247133194947853
59935.271792,4.08820910031701,0.12456392831480012
59937.18980808082,3.9681551313345853,0.10085691912679741
59937.80691487949,4.096634886872469,0.2474550730338772
59938.91534541428,4.210796666952702,0.1337840418022189
59938.91534541428,4.051092876623146,0.17694282390612592
59939.107824161634,4.220705494330369,0.13937627229338279
59940.06683220204,4.217764275241109,0.18560814481236573
59941.792369535506,3.8692124387737605,0.20086706096892176
59942.61026777756,3.8946875994709744,0.10990621846678467
59942.94385632327,3.9567053618793047,0.10335036534747613
59943.16063007062,3.948919713870911,0.13289467677873218
59943.29038385797,4.186000077120553,0.15754271166735698
59943.71038561632,3.7149874085001056,0.25947953038322474
59944.86187240408,4.140957846353201,0.1492557637912167
59945.82088044449,4.243143602000145,0.1102176102020497
59945.82088044449,3.842615572602414,0.19388307485232964
59946.58740973755,3.5050936085625466,0.13984262668320496
59947.54641777796,3.4332458828627335,0.236021500642153
59948.91467831306,4.092603603223349,0.1697741540617076
59949.65691260612,4.0159809004180556,0.11218415468830624
59949.65691260612,4.463102368134161,0.12021942432000389
59949.87368635347,4.171081854097092,0.11115309195154834
59950.61592064653,4.040489558338137,0.14125640430424286
59951.57492868694,4.3862500194071785,0.15402004464496796
59951.57492868694,4.27267906805283,0.12072013102547156
59951.57492868694,4.0361742878355775,0.09776001270616735
59953.3004660204,4.599062442857055,0.29185885148659385
59954.25947406081,3.589527043283857,0.1863007996417593
59954.451952808166,4.146333543747993,0.1521531072695011
59955.07737230287,3.718385850321334,0.19017180843363904
59955.75748838328,3.828035194613313,0.14814194053532218
59956.53560748401,5.0189436032770764,0.9159652191559173
59956.53941448401,1.0147659646102873,0.5693572171443522
59958.095506222446,3.3635060451411256,0.17204173873717085
59959.2469930102,4.172632275520601,0.13074902077875522
59960.55252858532,4.085452733770855,0.14051808385354655
59963.083025171836,4.023980066069188,0.11174495038538869
59963.083025171836,4.352786724089558,0.144663674671026
59963.083025171836,3.9635403804623737,0.20183499349148618
59963.083025171836,4.156822605254033,0.2010206097218355
59963.70844466654,4.202797779194674,0.15787074700778272
59963.84955446489,3.6062212333760986,0.2388649918653012
59964.042033212245,4.260305828038396,0.207333838477025
59964.8085625053,4.200290436163177,0.27997443228998437
59965.00104125265,3.6538903130008533,0.2497502427949842
59965.217815,4.14350382232923,0.12436285659839205
59967.13583108082,3.836052343144977,0.10852995532703219
59968.83707341428,4.101450412270691,0.0998793641759846
59968.83707341428,4.047214677743012,0.14300858370495106
59969.05384716164,4.031942059111903,0.1429378465427878
59969.48951877756,4.119302140382656,0.10254815591967786
59970.01285520205,4.06773459698631,0.18689411348312118
59971.71409753551,4.082723150848802,0.23581602110187547
59972.88987932327,4.117003887724369,0.10740001231619356
59973.29852507062,4.043163747602443,0.14687244357936374
59973.632113616324,4.428520297129845,0.18368457092837887
59974.80789540408,4.140957846353201,0.13019756814583283
59975.76690344449,3.8616812347760288,0.10372962321852472
59975.76690344449,3.9933600642163007,0.21072155529856174
59976.50913773755,3.9901625804683274,0.10025840288888709
59977.46814577796,3.957251564560524,0.1865401841809966
59979.05257331306,3.8654410027182466,0.19742223372844714
59979.602935606126,3.7576731224844746,0.10992709643451774
59979.602935606126,4.316097370653586,0.12283485065554785
59980.01158135347,3.971172188721546,0.12392740251911434
59980.561943646535,4.254481662792919,0.14579563076237456
59981.52095168694,3.8585668113352423,0.10352846066087909
59981.52095168694,4.10406397501811,0.12578892830074842
59981.52095168694,4.080266959094137,0.16186246761937786
59981.95662330287,4.44849799080807,0.15972850438085287
59982.728311879495,4.351746999956942,0.3489628064812364
59983.2221940204,3.7919070110901014,0.22486316884986657
59984.18120206081,4.224005354300096,0.14205576343991894
59984.39797580817,3.927575261007104,0.14775349934845527
59987.40475371675,4.066574704752626,0.16820682810214377
59988.01723422245,3.330592165444769,0.12258196276102455
59989.193016010206,4.112537518760832,0.11898761838434324
59989.59334906153,4.427459370500645,0.28369221835351244
59992.199793918786,3.9778074725318193,0.11042494646835134
59993.02904817184,4.083118388942972,0.10909696577909987
59993.02904817184,4.460708493123266,0.13726678937770456
59993.02904817184,4.210792631394603,0.2044653365865099
59993.02904817184,4.071221210056658,0.1871817174982599
59993.77128246489,4.242887717795494,0.18102806063009338
59993.98805621225,4.1541900839359815,0.21631286297799854
59994.7302905053,4.472127083470088,0.1897662200308119
59994.94706425266,4.2906641647656665,0.23507072097859907
59995.35571,4.2490664734434676,0.14135341663487408
59995.748668879496,3.9691187940048174,0.35311902863813616
59996.03582608042,4.320082527628509,0.16693628071488403
59997.27372608082,4.0520048052752955,0.10678967907543256
59998.783096414285,4.055950628443277,0.10501643654359587
59998.783096414285,4.054001525783246,0.12255108461224273
59999.19174216164,3.9179716831309426,0.1580151775319357
60000.15075020205,4.186329485511532,0.20275439375577137
60000.17777607062,4.293069275250098,0.14009534452451197
60001.66012053551,4.372572888470227,0.15649500237008632
60003.02777432327,4.3059874129311835,0.1133057474789065
60003.57813661633,4.296702976338809,0.18038913790860298
60004.94579040408,3.9152686873947085,0.13110032478166683
60005.90479844449,4.139961158406736,0.11764361940006014
60005.90479844449,4.137689896612575,0.20591056088535256
60005.93182431306,3.990978229313172,0.20399799321675274
60006.455160737554,4.091556596334921,0.10869438500898762
60007.41416877796,4.100294898283041,0.1766147283716791
60009.740830606126,4.372013381965215,0.13239468484753608
60009.740830606126,4.10375538806539,0.12263349845584602
60010.699838646535,4.231785530502259,0.14806524399144036
60010.83350787949,4.377643461088393,0.31171666176748103
60011.65884668694,4.1329783266270566,0.16507657539577533
60011.65884668694,4.206474368947173,0.13240939821131414
60011.65884668694,4.0179581363996455,0.10701988968609935
60013.16821702041,4.185684826587886,0.2134596484010619
60013.56855007173,3.8884285171854316,0.308230332043951
60014.127225060816,4.028608493916334,0.1334088908827065
60014.53587080817,4.240436268725917,0.1621744364229942
60017.40458223336,4.540754499823149,0.28765999817836796
60017.96325722245,3.6463874976665664,0.12934265156351937
60019.330911010205,4.126273463163065,0.12096216039216423
60022.234961,4.291291533889162,0.12768053991912523
60023.16694317184,4.27238448877049,0.20258996863378734
60023.16694317184,4.13343009646246,0.12083636420031368
60023.16694317184,4.556244357874383,0.22971663029873754
60023.16694317184,4.5831815119143275,0.16176139313591686
60023.717305464896,4.646365513945618,0.17565858425547198
60024.12595121225,4.106846136567212,0.22316957259692374
60024.15297708082,4.033811008099481,0.11121947317041346
60024.676313505304,4.345731699690441,0.20829266669440394
60025.08495925266,4.373980369669473,0.27375324468393797
60026.07099316164,3.863360877973399,0.15611567126558637
60027.030001202045,3.9805744981906646,0.16860478127682185
60028.920991414285,4.508746864274155,0.10619062451333558
60028.920991414285,4.129626403945865,0.1312770320925449
60029.90702532327,4.2587415316294805,0.11735539444762393
60031.79801553551,3.9479370588684697,0.1530358902750158
60031.82504140408,4.048676056912395,0.12999695556009194
60032.74871087989,4.344217041996858,0.27512566929270715
60032.78404944449,4.613978343520285,0.1926001430088072
60033.71603161633,4.336821291362168,0.19987517663423426
60034.51474606153,4.133745911293284,0.46134148803538433
60036.31416377756,4.123949337780829,0.11695446785401328
60036.593055737554,4.222152088771092,0.1071531959678154
60036.620081606125,3.995082212882977,0.11084663868606123
60036.620081606125,4.145643723268134,0.12391709603577294
60037.55206377796,4.171816565144299,0.1945681263797093
60037.57908964653,4.2912277817397,0.13920294471604036
60038.53809768694,4.242624004109471,0.1023140505651503
60038.53809768694,4.29026469125277,0.14192632370775232
60038.53809768694,4.654949429514009,0.17201904819279396
60040.42077520315,4.335823127778774,0.36710992870337983
60041.41512180817,4.178108489844435,0.16522971970149836
60043.30611202041,4.274774830094173,0.23947392942489748
60044.265120060816,4.3261956663398795,0.15171330941290948
60046.210162010204,4.218991087878137,0.10327713197428927
60047.535103061535,3.441369270481885,0.3972055465707496
60048.10115222245,3.757583037181284,0.13343464741766095
60048.78126830287,4.476173721765148,0.18938107326343692
60050.04619417184,4.035084437720666,0.161397611891983
60050.04619417184,4.396506511806684,0.18575502757830348
60050.04619417184,4.121360966163797,0.21165494104624122
60050.518395444,4.354401373062894,1.0284563751956268
60050.522202444,1.575761204798451,0.6128344818047895
60051.00520221225,4.407235319872507,0.20472175862219635
60051.964210252656,4.060552741698007,0.24736977979773234
60053.855200464895,4.594204886306438,0.19775014419677148
60054.814208505304,4.134495578853224,0.20881209977842988
60055.80024241428,4.472847004837748,0.12342367936027303
60055.80024241428,4.231344956423148,0.09826485571759248
60058.489947071736,5.0671694401401055,0.4626173061188753
60058.67726653551,4.419091982162556,0.14945749845252906
60060.59528261633,4.7208108780143165,0.16677756673996333
60062.32597923336,4.1936601769284465,0.4250896512017786
60062.61994206153,3.9632026123986863,0.41998109396586136
60063.47230673755,4.184027938805253,0.1154269476625294
60063.72776987949,4.104883389306931,0.1966212789610265
60063.73604087949,4.31609940222661,0.21116805651017556
60064.43131477796,3.8288044893811213,0.1865401841809966
60067.00242107062,4.559917550534883,0.14814314965214845
60070.185363020406,3.9647416178922965,0.22023048866753966
60071.10903249621,3.9973354653754827,0.2444571082581493
60071.144371060815,4.5620194633547655,0.16721030178817323
60071.51030407174,4.162411034557832,0.40336315057603456
60072.75646931306,3.8549795671686695,0.19189261779509925
60074.98040322245,3.694423970736924,0.11760040259076521
60075.346336233364,3.9604031203091523,0.41548913210311855
60077.670107879894,4.666720284171156,0.4327400357688682
60078.32962861584,3.436668295532554,0.8786277905174958
60078.33343561584,2.3778493397729505,0.5319556573886579
60080.734451464894,4.2674338955080495,0.20710837444968314
60081.6934595053,4.563893594981339,0.21781560656821292
60085.342172203156,3.6160754094798992,0.5477704652334925
60086.59514307173,3.4573409452086175,0.4160475263803124
60089.059606,4.496384684625395,0.13592448029185614
60090.43117523336,3.9488469399126167,0.39219898391933233
60090.690464879895,4.384879683288932,0.4090512493280724
60090.97762208082,4.260837955467252,0.125378993581156
60092.89563816164,4.528188071195668,0.16110187521475336
60093.854646202046,4.170612090646744,0.1998966855985371
60096.73167032327,4.148219916441567,0.12115193848079643
60098.36252920316,4.023466125366896,0.537881170176437
60098.64968640408,4.644495436562817,0.14724963793380777
60099.60869444449,4.3397516619673615,0.23798385697341373
60103.444726606125,4.520893191265575,0.12330225645696856
60103.444726606125,4.4062844856723435,0.13645310502338023
60103.715305870086,4.153556079580367,0.188794515465765
60104.403734646534,4.256643199201553,0.15995369423892838
60105.36274268694,4.414398502075877,0.14699512098302922
60105.36274268694,4.496891117902686,0.11848088496453978
60105.36274268694,4.183118407938857,0.18654681534211062
60105.77530387989,5.078009844029069,0.37305175497316206
60108.23976680817,4.270989101510957,0.1696293276225442
60112.830927564915,4.664012645117294,0.14301758469393072
60113.034807010205,4.656824315699314,0.1308348704312691
60113.44736820315,3.205790265771326,0.508454487323735
60114.771934151344,4.190233547644608,1.1536583708833588
60114.775741151345,0.9512101411274907,0.7134337161776553
60115.51420406153,4.046652218054376,0.2250224082637043
60115.52247506153,4.27568312265962,0.21317912361824637
60116.03042949622,4.957631178103705,0.36801508364134705
60116.87083917184,4.259892369168378,0.2260341499657043
60116.87083917184,4.8717812987685125,0.15545585157439687
60116.87083917184,4.109741837895476,0.2074407143616386
60117.82984721225,4.245612878854985,0.2401480916533099
60118.78885525266,4.328354828888817,0.25947046670042834
60122.624887414284,4.6939043410054015,0.13612478069271275
60122.624887414284,4.492601779690235,0.11829943795127633
60125.50191153551,4.18768931097508,0.1756990384840984
60126.73149883988,4.2800117333109,0.19913174592755647
60127.41992761633,4.25228627042009,0.19371414968421857
60129.05078649622,4.115403712991655,0.3164022584812771
60130.29695173755,4.460630814089319,0.1252418883984156
60131.25595977796,5.044672826022516,0.19909296652807462
60132.48554708233,4.184121462351813,0.24514446956991348
60137.01000802041,4.087685822730972,0.23840484938282208
60137.765136615526,4.169233852812403,0.18568618712385918
60137.969016060815,4.490149353788324,0.15485762670644126
60139.489405071734,4.399065245991929,0.24553327449709186
60139.49767607173,4.40268935336458,0.23357372016734437
60141.80504822245,4.493252726610655,0.13832725115630853
60142.741670564916,4.348714511714248,0.15363056107971954
60143.32543723336,4.377545675145929,0.22347875012991875
60143.33370823336,4.578623214045641,0.23219033227499908
60143.51918485797,4.61716960378911,0.15185695966733206
60144.135625496216,5.14015289616977,0.33157330102832794
60147.559096464895,4.334935884217575,0.20081841641084086
60148.5181045053,3.9284537888562667,0.23841978556790872
60148.63670287009,3.8591947200858048,0.2893467076424525
60150.23224114083,4.45378488143895,0.14886356249793942
60155.986289383276,4.31312101902993,0.14290955411464856
60157.90430546409,4.421658564531073,0.1696350811875714
60158.66956587989,4.226705739180311,0.22495020824881684
60158.67783687989,3.8373329699270737,0.22905377755352144
60160.78132958532,4.648244291623191,0.11525539571352957
60161.65705987009,3.3680568669836157,0.2909016384493085
60161.74033762573,4.309682373246706,0.16188070894130663
60166.341630203155,4.317732953893915,0.28751316361000573
60166.34990120315,3.760434997081065,0.29812606562245564
60167.675879615526,4.371173738013417,0.21359657776139768
60168.4763844142,5.145706919168546,0.8757764042034961
60168.4801914142,2.1021894340602305,0.6157866815904901
60171.33041802981,3.9122286599224063,0.17621526853303773
60171.652895839885,3.544868480455408,0.3079625952745958
60172.730233564915,4.47545199670959,0.1454905112304252
60176.74189887009,4.263308279030952,0.2572114709674287
60177.40694408234,3.332161982904804,0.3633980157493786
60180.14298414083,4.072611745631078,0.17616380060309786
60184.673252839886,4.36052568300769,0.3121383592783192
60187.63355471675,4.5737493057547525,0.15409837397354745
60187.815048464094,4.62287073875356,0.20091843382216268
60190.42730108234,3.6129552638727764,0.34156900788889294
60190.69207258532,4.374040737078523,0.13125809496236596
60191.65108062573,4.531766651628995,0.18850406520520746
60192.42859491878,4.202047943029308,0.10333555702306996
60196.26462708042,4.401631860161642,0.14966701029610294
60196.677234564915,4.339441037202394,0.14950901685222873
60197.02988749622,3.8437951306492995,0.2003516031213623
60197.038158496216,4.322011416132419,0.19002903808934832
60199.75809183988,4.15330339432292,0.27781879887271804
60200.10065924205,4.375587749937597,0.15402003089136262
60201.24116102981,4.160479811845986,0.19530047269826104
60202.63362548401,3.9396027461905803,0.19559858264396268
60202.646307564915,4.156032319079053,0.14301758469393072
60203.41849085797,4.2902388637876765,0.1663082460007287
60205.512140082334,4.311012385742261,0.3410978782228393
60215.885595383275,4.243355866754282,0.15642655236805542
60217.54429771675,4.443610978878907,0.1847477743218775
60220.68063558532,4.384829073650771,0.13943925019632164
60221.611443615526,4.438487033080421,0.23379056628149908
60222.339337918784,4.344606317744208,0.11751433591363288
60224.650671484014,4.338310079190838,0.246341365014459
60226.17537008042,4.499970761157479,0.16777575913801923
60226.58677756492,4.255979766595705,0.13910211767781447
60227.580516615526,3.778488383886864,0.19077572894599854
60229.63616087009,3.5825077407625043,0.14681138368065325
60229.64443187009,3.906062926155789,0.1602874506734052
60230.01140224205,4.281520141494175,0.17484032822684012
60232.67328248401,4.367013861546872,0.2260914363660236
60233.33456485797,4.082945822120102,0.14013009616728056
60234.07854814083,3.763552446327397,0.1898139196556771
60236.54296477756,4.174293976261033,0.10401976842909924
60240.04762114083,4.192372224111254,0.15620372085640183
60241.75061246409,4.27331966236705,0.21266804983515467
60244.62763658532,3.9955499290021113,0.12550431545716637
60245.58664462573,4.282925231272937,0.20094613622301039
60245.801669383276,4.319661502055773,0.136151054987945
60247.53286071675,4.365771231962514,0.17903141790770483
60247.71968546409,4.437814286548937,0.17095691298903318
60249.010069302865,4.447180098857733,0.16183713150139203
60250.59670958532,4.3884251858415215,0.11804238266136062
60251.52098661553,4.193860668080819,0.19799959475806733
60251.55571762573,4.4006566559575235,0.16709835162619158
60252.32790091878,4.040224923082667,0.10865259910703104
60252.65235383988,3.879921344704158,0.1539812976372979
60252.66062483988,3.048552830087866,0.16207184039451175
60255.17672502981,4.553663717204719,0.21869061013383514
60256.16393308042,4.095821863162393,0.15818172001647418
60256.57382256492,4.365200688624212,0.14775736055554514
60257.27503485797,4.258256508787537,0.1562397268340179
60257.641141666536,4.706958757460393,0.1430236334529236
60258.406402082335,3.7205141666328236,0.19300611985997676
60258.414673082334,4.249765529155287,0.19567585463428058
60261.14579802981,4.091600879520368,0.183246659541278
60262.57268356492,4.379626093420429,0.13467145763326185
60263.98809114083,4.272212543098038,0.16393020333899383
60266.45370777756,3.9597483630453922,0.11346906980538375
60267.231222070615,4.484734107895122,0.14316621753374173
60269.74213938328,3.6710636019931044,0.14628880367800018
60271.47986171675,4.587128012256008,0.1657743360110066
60271.660155464095,4.568528764693472,0.17095691298903318
60272.98527031306,4.005923137241139,0.18920253436806514
60273.94427835347,4.250713919972829,0.10377053584431863
60274.53717958532,4.231994305543907,0.13332585947204706
60275.49618762573,4.328412372628345,0.15452249489851982
60276.27490191878,4.073360112881265,0.11304493821986847
60277.44893471675,4.135900729350039,0.14376028258621407
60278.920812302866,3.95824218528268,0.18081477558624598
60280.11093408042,4.07543453002911,0.17844912766073812
60281.50803161553,4.30057686757729,0.22229805248957143
60282.24397491878,4.1789303687512165,0.10664907600292976
60283.94696624205,3.942876751097857,0.17822676213080332
60285.08626802981,4.022721947194751,0.16731840644097895
60286.08000708042,4.345266880322565,0.16537724935763298
60287.262079857974,4.291423395454349,0.15351530400067265
60287.551884666536,4.312815958773845,0.15722986440829242
60289.288407,4.4028863364956425,0.1261725020460647
60289.91603924205,4.364299636924387,0.15665392392777844
60291.20642308082,4.085228260987653,0.09959126367108859
60293.124439161635,4.244449322659736,0.1531476927244155
60293.260940857974,4.396846713788144,0.1895250666674971
60293.975136140834,4.686867102997142,0.17861052005591865
60294.08344720204,4.033442099099498,0.17674924952493953
60296.44227077756,4.091418955993619,0.11370142967529231
60296.616413444004,4.064920724316176,0.2306701508319147
60296.96047132327,4.089162564814437,0.11279954160781683
60298.87848740408,4.0687373154864845,0.11665621860832326
60299.72918438328,4.295679730961019,0.1472698761318766
60299.83749544449,4.3173003547057185,0.1836196201041501
60299.83749544449,4.261122361111117,0.10013387139633026
60301.38940471675,3.75886445522376,0.1595714811786065
60301.6472004641,4.367316590470985,0.1885813370085211
60302.89601331306,3.668168218069079,0.22372527168166947
60303.67352760612,4.573130648457045,0.12689327083139193
60303.67352760612,4.300203050895137,0.11193337043788536
60303.85502135347,3.872461607063082,0.11803794764705469
60304.52422458532,4.389324213889209,0.13728158288187178
60304.63253564653,3.850274354378329,0.12720641764812074
60305.48323262573,4.256168089299167,0.1687037801446179
60305.59154368694,4.217830771923951,0.15247727291229715
60305.59154368694,3.948896711489226,0.1262027076701588
60305.59154368694,4.289682395318962,0.0959383975625741
60305.72804538328,4.374165527271123,0.1666733091085413
60306.184444918785,4.0980188587778965,0.1044143771560475
60308.468567808166,4.594849129032386,0.1499533033089782
60308.909375302865,3.880486560212793,0.18806318131309985
60310.02047708042,4.065840490907566,0.14678879855963942
60310.52308558532,4.189739987302597,0.12451538460471018
60313.2636080102,4.17349077204574,0.10207523683909389
60313.856509242054,4.458367245367809,0.14110141266513268
60315.07331302981,4.296802698740437,0.18855607724137766
60317.09964017184,4.038722250160005,0.15788105986728906
60317.09964017184,3.9930869123291517,0.10733164270824065
60317.09964017184,4.466812692643578,0.2044653365865099
60317.09964017184,3.8001501252649703,0.1797629299144874
60318.058648212245,3.99909784255553,0.20847662341351256
60318.633459444005,3.991355649185998,0.2703620416507396
60319.017656252654,4.385882684655732,0.25550302837167566
60319.19915,4.034925095468871,0.1442689565227911
60320.38927177756,4.089869890194229,0.11463086915492693
60321.11716608082,4.440402823245942,0.11715223311904861
60321.91767087949,2.9902645341755907,0.7460418771635045
60321.92147787949,2.7373744013980748,0.459262548337422
60322.85368841428,4.100716544789604,0.09650357376298292
60322.85368841428,4.499994396998687,0.12080589511618231
60323.035182161635,3.9903903595355112,0.17665408277048858
60323.994190202044,3.7219519099609633,0.19403838387620687
60324.42764661584,4.350550879249593,0.8184987821160534
60325.544801564916,3.8994661909177513,0.13786565440956722
60325.73071253551,4.110157488154534,0.13275833661425768
60326.35834477756,4.167323180163773,0.10951895201693694
60326.656070444,4.321775054431713,0.218409304976885
60326.87121432327,4.327079324226586,0.12537032073987708
60327.130528070615,4.145879155152539,0.14771958096122012
60327.648728616325,3.842506338395782,0.1716490764213712
60328.78923040408,4.198132433289353,0.14072972889722918
60329.74823844449,3.8765332531720498,0.11701827125706979
60329.74823844449,3.958079438519434,0.21248558658340513
60330.52575273755,4.025042121926436,0.10204293756813912
60331.37644971675,4.145630697714589,0.1633418439198693
60331.48476077796,4.400977824271189,0.17340355149219402
60332.856376302865,3.747379473228749,0.1885903380932347
60332.88457631306,4.149394253349624,0.2096770582293803
60333.58427060612,3.951612942810012,0.12681323596286193
60333.58427060612,4.394560160719905,0.13960965404903677
60334.54327864653,4.171262511060503,0.1488217817344624
60335.50228668694,4.108551107526435,0.18371840049888083
60336.17148991879,4.205900872075657,0.10842142336425012
60337.238809020404,4.281902030374676,0.22094320869558995
60337.37531071675,4.342662557096709,0.1646797145699948
60338.19781706081,4.224005354300096,0.15306087396728024
60338.379310808166,3.9947914931341924,0.17818412080235538
60338.825449302865,4.213913223648071,0.17317100227429097
60340.00752208042,4.394436330820483,0.15182566909845058
60341.487448666536,4.69307296780477,0.27397731128211283
60342.03384922245,4.237058203568746,0.12356048350875405
60342.17035091879,4.343065146125668,0.1062637830982949
60343.1743510102,3.86099803689494,0.11675552741898039
60343.843554242056,4.248910037233789,0.15627765349400474
60346.00638308042,4.378846017247972,0.15686253963726174
60346.44469261584,4.825119567707884,0.2458042525857016
60347.01038317184,3.9845831252225645,0.23743230337747376
60347.01038317184,4.008446853578583,0.19574185701799734
60347.01038317184,4.3064317574066635,0.12895685032626603
60347.01038317184,4.518913492152683,0.17970793450331993
60347.456521666536,4.559555759577619,0.14163505448736124
60347.78789746489,4.011233165633257,0.1844031600655697
60347.969391212246,4.03011629083162,0.22790396733380072
60348.7469055053,4.392480677252777,0.19409482906436146
60348.928399252654,4.318436233066936,0.28248160900719416
60349.187713,4.291291533889162,0.13391376312777545
60350.29881477756,3.8637062834831566,0.10975131188684557
60350.47901061553,3.883562795698773,0.1965219858419622
60351.10572908082,4.081273087688563,0.12087009602019329
60352.76443141428,4.588738419712674,0.1071446522387491
60352.76443141428,4.003584940341502,0.1382577900767866
60353.023745161634,4.3904738668853405,0.16062699864816604
60353.98275320204,3.86769502597991,0.19375261306048341
60354.467303615835,4.442017481606185,0.20976601953728002
60355.64145553551,3.881140411515384,0.16066979282965416
60356.23305885797,4.696533225456124,0.1383532986672729
60356.83157731306,4.147899762556828,0.2010090116311591
60356.85977732327,4.4080722636009355,0.11608987976989972
60357.046602070615,4.188236024245361,0.14041302104270825
60357.559471616325,4.452877845536884,0.19328431059468257
60357.79058535347,4.029237236755938,0.1321394593125496
60358.77779340408,4.419809340533028,0.13842268416120893
60359.73680144449,4.116842254155336,0.22226794189026378
60360.43649573755,4.260276238736932,0.11875267138295355
60360.86995215135,4.476686136333333,0.26462529383145067
60361.39550377796,4.304642517886637,0.2023041434075597
60362.76591930287,4.025454674749871,0.16644975332757192
60362.80065031306,4.796508766630605,0.1770971589464117
60362.94611514083,4.883892406303239,0.15929431384943865
60363.57283360612,3.8003064450560364,0.1290702942166505
60363.57283360612,4.3088824014520855,0.13158300081236735
60363.75965835347,4.17522935752812,0.10625903790293538
60364.53184164653,4.322570059664895,0.1576840810098625
60365.49084968694,4.110556906198965,0.11673517045192965
60365.49084968694,3.9118477116109087,0.18616112240894292
60365.49084968694,4.009929168477254,0.14637445192891366
60367.149552020404,4.087685822730972,0.24802656976150098
60368.10856006081,3.8511791609241826,0.17170218363607595
60368.367873808165,3.7845880035731145,0.1825837287234013
60368.70016338328,4.781855635881943,0.13898526429914335
60370.618179464094,4.443689094555433,0.16846011958627236
60371.39699166654,4.31495223410548,0.1304196089962805
60371.94459222245,3.659730962408333,0.13281195239637855
60373.134714,3.9896839592770554,0.14929574943299287
60373.1629140102,3.998357480917269,0.12121970934970609
60373.49520358532,4.159173033681225,0.11687364619936695
60373.70410506153,3.5712081110719387,0.8776784944180277
60373.70791206153,1.4527906763198848,0.5600962615405891
60374.45421162573,4.901015210867016,0.1634861374597327
60375.05273008082,4.044094458677115,0.11335526675192203
60376.970746161634,4.411843312381771,0.16822502371356338
60376.998946171836,4.24527738029132,0.21386081900144174
60376.998946171836,4.561354637278297,0.16418660142880917
60376.998946171836,4.4212200789965,0.2204227513629871
60377.69864046489,4.499088447670287,0.2236770444056576
60377.92975420204,4.2306239619486625,0.2074696122152079
60377.957954212245,4.47580241606176,0.22741420236102036
60378.6576485053,4.672974542626787,0.23478375397972712
60378.91696225265,3.7213367645896493,0.27752231109625325
60379.103787,4.376747013362592,0.13552233685904
60380.28585977756,4.326102424601341,0.11486322902483556
60380.80677832327,4.380230940691003,0.12537032073987708
60380.98707207062,4.2157679891556965,0.21813787582803845
60381.02180308082,4.276658648663612,0.10528671322177831
60382.72479440408,4.671578135637836,0.14574504354075127
60382.75299441428,4.463151507637413,0.12768969812842063
60382.75299441428,4.2012563896985675,0.11140108362905556
60382.88699815135,5.30146358133349,0.3046011259857845
60382.939819161635,4.66234070125659,0.15397872671594334
60383.68380244449,4.3076783658793,0.21505145027045
60383.89882720204,4.269203022071326,0.19489569632337714
60384.04429202981,4.542183895150449,0.18496863284941842
60385.63001853551,3.8763692224187345,0.16412890492472468
60386.28472077756,4.567756689306322,0.10130890328016516
60386.74112031306,3.908781235709352,0.18128173316624255
60386.77585132327,4.209808297424145,0.12013952673861715
60387.51983460612,4.198854121129201,0.14087227365929939
60387.51983460612,3.990066527874558,0.11862095044911078
60387.548034616324,3.835342353570182,0.1924246324156106
60387.70012835347,4.156980342431598,0.1068396883832793
60388.47884264653,4.528996786689458,0.1535771618334576
60388.69386740408,4.3044571037320205,0.12929481150999886
60389.43785068694,4.252543135909043,0.17111909801540265
60389.65287544449,4.407297489535112,0.0969289621635047
60389.65287544449,4.61718567312909,0.19805260334377744
60390.42505873755,4.170238352647397,0.11810374968140745
60390.90960915134,5.058665582359312,0.2734543119759662
60391.38406677796,4.012717347024358,0.21500288834006884
60392.314874808166,4.290542914493383,0.16021905512475174
60392.75296430287,4.269264685562228,0.18041940800114487
60393.48890760612,4.40636838357334,0.10608173792806314
60393.48890760612,4.42251816637572,0.13338674311274248
60394.44791564653,4.308520073008774,0.13768986922999635
60395.40692368694,4.410260708381773,0.12361658661134406
60395.40692368694,4.639521712187301,0.15196301566807358
60395.40692368694,4.4384476320457384,0.09646970197945551
60397.1099150102,4.265349900235674,0.12491124440780621
60397.1381150204,4.60975324327781,0.26067735025939365
60397.67930607173,3.6120903300208074,0.8228535789603653
60397.68311307173,2.5495020483595914,0.5945348144833645
60398.09712306081,3.998288291442992,0.16249382584787564
60398.283947808166,4.158554676862009,0.13883207217522336
60398.75182530287,4.474855829814811,0.17791541329550445
60400.34742871675,4.157793158170275,0.1413277904950768
60400.94594717184,4.395079821886727,0.19759655391394051
60400.94594717184,4.17572139012762,0.24532333266254489
60400.94594717184,4.789324216810174,0.16394408059951993
60400.94594717184,4.482081402957156,0.22463736076683588
60401.38403666654,4.464491507319888,0.1472961841161924
60401.51533823336,4.035283613530886,0.8418232950399087
60401.51914523336,1.4284084379501518,0.5257173143469924
60401.904955212245,3.907675047636526,0.23492393194365274
60401.93315522245,3.844760340160823,0.12978743372157825
60402.863963252654,4.322403671395688,0.2622476735305553
60403.044257,4.492363250297234,0.11983874297921045
60403.0789880102,4.419020778235655,0.11486683506367334
60404.96227308082,4.221286222476351,0.1177059573809212
60405.142468918784,4.470982390464442,0.10164026824267655
60406.69999541428,4.336288006218634,0.10956641492633726
60406.69999541428,4.058849274383415,0.14465681822900814
60406.880289161636,3.9868287852861064,0.15053587160818516
60406.91502017184,4.309478426689352,0.1871817174982599
60406.91502017184,4.124817144557682,0.14708888296391842
60406.91502017184,4.605654017917302,0.10865563501138506
60406.91502017184,4.817525105313406,0.22287773825167587
60407.68720346489,4.31345797871909,0.21830756803103638
60407.839297202045,4.352076558631119,0.17674924952493953
60407.874028212245,4.144394784480374,0.2262714174245328
60408.6462115053,4.769935384978297,0.22664596899665396
60408.833036252654,4.385882684655732,0.23784792780872602
60408.97850108042,4.4891774671457405,0.17113367283056002
60409.57701953551,4.024276084414852,0.16472530356180579
60410.71632132327,4.342265500359277,0.1132213798337248
60410.97411707062,4.464614595076031,0.13893053062445945
60411.495035616324,4.311030945990009,0.20116469390284236
60412.63433740408,4.6996638976415595,0.12969603668148064
60412.66906841428,4.287852752466871,0.10560353052846572
60412.66906841428,4.665787399124428,0.1339917713086389
60412.81453324205,4.398163975964018,0.15326749002381526
60413.59334544449,4.163348533483025,0.21473071730956939
60413.59334544449,4.342417619699863,0.10709086948709787
60414.37205973755,4.311378822733694,0.11867155617026037
60414.574402414204,3.9784144795312546,0.20027397293882193
60415.33106777796,4.41265483110568,0.18931347330418827
60415.54609253551,4.779316758959553,0.14898037954286406
60416.72816531306,4.576818620089488,0.19562884477709105
60416.85946687989,3.572746012712358,0.8520502083587026
60416.86327387989,2.1461961016949855,0.5547279596450923
60416.97297807062,4.532385585624548,0.1651917894620097
60417.429377606124,4.028520112939104,0.11703265019644475
60417.429377606124,4.272807555444582,0.1277951419815795
60417.464108616325,4.7867195384098356,0.18511736789349867
60417.68717335347,4.5626061779861296,0.11986284915670696
60418.38838564653,4.049135703972673,0.14060794338165258
60419.34739368694,4.247852305888209,0.2340956782439093
60419.34739368694,3.70485917081091,0.17304756268124113
60419.34739368694,4.447555707763704,0.15028324934643741
60420.34113273755,4.270821216387057,0.11112784138978576
60421.085116020404,4.160739625606126,0.2277140489620677
60421.30014077796,4.45498398088071,0.16537560929348133
60422.04412406081,4.151012274271679,0.15553140898362666
60422.22441780817,3.9825703600201763,0.1609523231115926
60422.72702631306,4.596247000395844,0.1996639699176422
60424.53153120315,2.543207496948603,1.2031171645022722
60424.53533820315,1.463344717181828,0.6690952314212717
60425.88015622245,3.9239315642953017,0.14117385696788531
60427.0194580102,4.305699236917234,0.11486683506367334
60427.054189020404,4.636480244329695,0.20472882805744586
60428.01319706081,4.492395294712275,0.14710913051880933
60430.85549017184,4.386753957130757,0.10989136116098651
60430.85549017184,4.0354364250596895,0.19622359488876895
60430.85549017184,4.276664558530358,0.18889374540220735
60430.85549017184,4.383101827750712,0.14660384130533993
60431.63420446489,4.56198802805871,0.19867062586099216
60431.81449821225,3.7525828062560738,0.22039423775116831
60431.84922922245,4.485246647765595,0.13503586318667288
60432.5932125053,4.468664196243249,0.22958942313946767
60432.773506252655,3.846311071945361,0.2455844325497938
60433.031302,4.537604386489049,0.12778107577732925
60434.94931808082,4.434074545967398,0.11952533709850258
60436.591448414205,4.6885753832670956,0.24156525408137572
60436.60953841428,4.3612395005756035,0.10985996191877219
60436.60953841428,4.169377942467242,0.11973939042414539
60436.86733416164,4.5471831338591615,0.14922996105007
60437.60327746489,4.647899650052652,0.17351079370562342
60437.82634220205,4.347789996395268,0.19146644653469602
60438.5622855053,4.3838234591856775,0.20863895541708788
60439.030163,4.4642132100001035,0.13884002017977318
60439.48656253551,4.291462673827195,0.15506364564109162
60440.70336632327,4.235962267430445,0.11735539444762393
60440.94817908082,4.506849734670657,0.11335526675192203
60441.404578616326,4.027337146896256,0.1709326779388111
60442.62138240408,4.751823169934189,0.1291945052171284
60442.86619516164,4.614853044597856,0.14899252276677633
60443.58039044449,4.411205915428802,0.11795629347155533
60443.58039044449,4.909052667530447,0.20879715753327793
60443.82520320205,4.937906730864145,0.1911806757189726
60444.28160273755,4.199439829216976,0.11518360202444955
60444.6140594142,4.674859390026882,0.23665206247294096
60445.24061077796,4.0200154762959155,0.18084764334918216
60446.70222732327,4.382761970046451,0.1153305709632652
60447.416422606126,4.875257483769884,0.3637246348706494
60447.416422606126,4.464884708671562,0.1214631719538816
60448.375430646534,4.74731196396151,0.1499025499387795
60448.62024340408,4.277374404657001,0.14263554846176757
60449.25683877756,4.785400434120745,0.10913168556708921
60449.33443868694,4.269189224953538,0.10747529347199765
60449.33443868694,4.321298143958547,0.13489207442777626
60449.33443868694,4.39782080740221,0.17189048388173805
60449.57925144449,5.2009196619318026,0.20238249831566588
60450.994659020405,4.155394225395749,0.22539770887090427
60451.953667060814,4.291383582018635,0.14901818030416783
60452.21146280817,4.713394120238343,0.1708514409339458
60453.415283606126,4.403578872221781,0.12058017278007893
60453.415283606126,4.555167038823106,0.10767003818072916
60454.374291646534,4.570065978453508,0.1579002346507258
60455.219788496215,3.5556391637556235,0.7533908448365355
60455.223595496216,2.364634122561889,0.4853169590051423
60455.33329968694,4.558370628998956,0.12500833922908203
60455.33329968694,4.560255729793028,0.16333940607473832
60455.33329968694,4.861937970314008,0.16906206903850826
60455.78969922245,3.7904969168776406,0.12489482998293067
60457.006503010205,4.437907701788725,0.11529608332624314
60458.21032380817,4.805052618593463,0.16474087437693774
60460.84253517184,4.555291616546066,0.15618341406226455
60460.84253517184,5.275204803847532,0.20937531036388732
60460.84253517184,4.422060418547942,0.1210128965073996
60460.84253517184,4.420760240445939,0.21557284690538908
60461.54374746489,4.29351420932764,0.187778259501046
60461.723943302866,4.784560438144023,0.17791541329550445
60461.80154321225,4.73374530172609,0.22316957259692374
60462.5027555053,4.113718255492186,0.21504529678674103
60462.76055125266,4.445394259587022,0.268397202940122
60463.005364010205,4.437907701788725,0.11340739097093609
60466.596583414284,4.575619275161307,0.11954548048013866
60466.596583414284,4.5373676960365605,0.11323575233177387
60466.84139617184,4.984113501331574,0.2330483982191009
60466.84139617184,4.449294038845064,0.207298045369643
60466.84139617184,4.3321724535999735,0.15351568494008302
60467.80040421225,5.208817325323053,0.20961940835000006
60468.75941225266,4.514824430340195,0.24161699422104088
60469.47360753551,4.473960656774018,0.15291661054759959
60470.35501566654,4.31495223410548,0.1403532892883806
60471.39162361633,4.656335014583918,0.18612032576908277
60472.595444414284,4.5445936841202315,0.12962879756848789
60472.595444414284,4.608552841702031,0.10208096661924657
60474.268647737554,4.567702894844441,0.11786040404332762
60475.22765577796,4.8198904444585615,0.20434761960359568
60475.47246853551,4.537178912304618,0.1634132265602272
60477.39048461633,4.664931796374638,0.18382785062489085
60479.945096070616,4.509089307623496,0.14020123669724413
60480.267508737554,4.492265747039696,0.1188337865956469
60480.98170402041,4.63469844425957,0.24695748971942555
60481.22651677796,4.573213675079934,0.1986550787717812
60481.940712060816,4.643996307078987,0.1592372115081463
60485.69914431306,4.741212607297126,0.17037195037882646
60485.77674422245,4.413191938160058,0.12427213496164824
60486.65815235347,5.0121955499095545,0.10999179099086051
60486.98056502041,4.716661247485353,0.22094320869558995
60487.82606187009,3.7040255833183,0.6202878143683026
60487.82986887009,2.777960625781766,0.3554312669338321
60487.939573060816,4.857360694854359,0.1597986967391341
60491.530792464895,4.669377555551138,0.2026593797392825
60491.77560522245,4.634693452873376,0.12427213496164824
60492.489800505304,4.570819369435018,0.20829266669440394
60497.529653464895,4.669377555551138,0.20327303418209638
60498.488661505304,4.885249529632056,0.22335622613115635
60502.002281,4.938742460723152,0.13341108383675515
60503.92029708082,4.533744913104469,0.10394195430008768
60505.838313161636,4.7680007373222715,0.15029843332489148
60506.797321202044,4.969341520593722,0.20261150834790967
60509.67434532327,4.392886087468245,0.11457126215663069
60510.84225483988,3.2508163990182153,0.6062687362905815
60510.84606183988,2.322752849190704,0.3698160995797477
60511.59236140408,4.520115633403471,0.1333070632248165
60512.55136944449,4.493703483190055,0.2012599329525837
60512.55136944449,4.92477307785963,0.10021203991420406
60516.38740160612,4.893725776891392,0.10884036468269354
60516.38740160612,4.455887398932661,0.12851663890172957
60516.59630308233,6.053563977252678,0.7960520924086429
60516.600110082334,2.974731609592105,0.4499288310812314
60517.34640964653,4.919154108447925,0.14244524932899164
60518.30541768694,4.5688113411065565,0.15427717326707976
60518.30541768694,4.703009612239601,0.12289247271487594
60518.30541768694,4.64337933569997,0.09980932974270969
60521.18244180817,4.783054578988234,0.1404208194800456
60525.9774820102,4.89720334273839,0.12362349962009687
60529.81351417184,4.419479952144098,0.14660384130533993
60529.81351417184,5.0228233866674765,0.18689637951426863
60529.81351417184,4.438830987721104,0.1069785780940688
60529.81351417184,4.99288131164832,0.2177924082679632
60530.71236948401,5.229306939721985,0.2154749689192714
60530.772522212246,5.332891118427415,0.22463886751526488
60531.731530252655,5.026623974749296,0.24181536613747873
60535.56756241428,4.736564528686879,0.1360278257207094
60535.56756241428,4.574061070090927,0.10626401126144432
60538.44458653551,4.91648844548821,0.1555407645507565
60540.362602616326,5.091905291980386,0.1858337663760588
60543.23962673755,4.561213677828979,0.10690985032973559
60544.19863477796,5.419796670580545,0.17238181339417605
60549.952683020405,4.85564165295516,0.20918332823276017
60550.91169106081,4.985379327519583,0.1402590107007578
60554.74772322245,4.703189905214441,0.1435756806214032
60560.50177146489,5.028365404597256,0.17059593510225748
60560.66880048401,4.649136653881867,0.21862058890349434
60561.4607795053,4.853390967145132,0.20811952233306194
60568.015688879495,4.1808623274290255,0.1654496127842784
60590.032734879496,4.530944116798658,0.22123890250574035
60598.05534587949,4.642522696241581,0.19933880883284535
60619.802123061534,3.8961514008674776,0.20880621851838485
60622.552169564915,4.785598199828273,0.4133908860173271
60624.695157444,4.958923416999866,0.22485144432444296
60641.819169061535,4.323602874378935,0.23868773670077154
60643.777324071736,4.799166699932579,0.20276880749981252
60647.486378615526,4.825948926636839,0.2236114826372203
60647.61335623336,4.622892274333906,0.18934357111246097
60649.84178006153,5.01725494584446,0.2007892258353053
60652.50639061584,6.084499124780443,0.21779627798828702
60652.53988756492,4.866998698321217,0.15177586617734865
60653.24042685797,5.70812326879389,0.16998029416741145
60654.651588444,5.457669689068872,0.2175780611901033
60659.95348314083,5.3062734486849354,0.18582190370633775
60662.957484879895,4.787402526904974,0.2046188876027793
60665.707531383276,5.32580580753114,0.14541673927455467
60665.79437007174,4.729583838377683,0.2457144798657246
60667.62554746409,5.015014173187167,0.20973064583190668
60669.630402233364,5.106118402299794,0.23521271791716963
60670.50257158532,4.9044672852141105,0.358981899441594
60670.62954920316,4.814127325294412,0.2670109665405003
60671.46157962573,5.250195913624712,0.1919824936617975
60673.81698107173,5.3148771790607885,0.21871487993947591
60677.47409661553,4.770128145361762,0.25956663292910814
60677.65301323336,5.005312951763862,0.2101446958262243
60681.05166002981,5.545233347142252,0.1922870194090153
60682.46282161584,6.00027934102598,0.21231219904613588
60683.228144857974,5.310120628792146,0.1719939980007536
60684.974530879896,5.0968489576552125,0.25050425346447847
60688.94869615135,6.3045381427520555,0.2592297827431357
60689.941201140835,5.751833938514408,0.2144098888919282
60692.64659520316,5.199568630201115,0.3285175577490166
60692.99714187989,5.250173228949182,0.2344630280006325
60695.69524938328,5.294193472906237,0.16209497099045186
60697.35479671675,4.98119173102025,0.17818004567580678
60697.6132654641,5.054669127231016,0.2247114062484714
60700.49028958532,5.255088223812212,0.14690118299212737
60700.66920620315,5.024455746995692,0.2737646314575139
60701.31780649622,4.059145733567179,0.17501439804278252
60701.44929762573,5.088315204683405,0.20228399332169886
60702.14983691878,4.789234329692838,0.2968296537306976
60705.3059,5.173044462159009,0.2587727267158158
60705.3059,4.872549680903467,0.6385564645396036
60705.3059,4.152397973990211,0.331880705911375
60705.3059,4.991305929405069,0.29369100194117115
60705.3059,4.815448566180577,0.2604183556240849
60705.3059,5.719729119400236,0.40375783053996156
60705.3059,5.4863464929249215,0.48100159742198406
60705.3059,3.517717645531687,0.5113154625487929
60705.3059,6.566182413845351,0.4806003489694233
60705.3059,5.4474509269060105,0.3470364812791055
60705.3059,3.46992231638687,0.5805967513044747
60705.3059,4.182907732595499,0.4997496360408726
60705.3059,2.972261095753411,0.9567305748501088
60705.3059,5.1823936369890315,0.2867842203553151
60705.3059,4.854532864142234,0.5304639970952388
60705.3059,5.235867511627125,0.5181453078871068
60705.3059,3.942667877779222,0.8180164168831496
60705.3059,4.41637777366829,0.3740386570460832
60705.3059,4.56840549902082,0.43022678709460604
60705.3059,4.1639076663240004,0.6923268093773517
60705.3059,4.173433472337122,0.48722192958835525
60705.3059,5.221374594145418,0.31274222373313315
60705.3059,5.788175394191129,0.42682473836131324
60705.3059,4.860488137638448,0.4255951272187707
60705.3059,3.1090697269441803,0.670209447140343
60705.3059,4.623046494116577,0.4752767811078525
60705.3059,3.9507328406216207,0.7389703701424586
60705.3059,5.758847698076054,0.4725279558991957
60705.3059,5.9290005915257655,0.5133231578497055
60705.98586908042,4.954488364540676,0.15818172001647418
60709.82190124205,5.00270513956041,0.17320982301382082
60711.03937802981,4.688551626342386,0.21782962347976506
60718.905127151345,6.309443152832342,0.27639731802413803
60723.33485249622,4.251786693414627,0.21520984066744303
60727.34251471675,4.859567126463385,0.1840180266945363
60731.35746349621,4.800759470117189,0.17955007055684927
60732.13755491879,4.724505121714181,0.1155108128095316
60733.38742648401,4.501685717121417,0.21744098140941073
60733.92407987009,3.9392347833687165,0.2767776836203666
60735.97358708042,5.361035772316148,0.1797683080399506
60739.809619242056,4.765654766282987,0.1842470890711823
60740.40242948401,4.190662541181373,0.37609818936365524
60742.6531464142,5.339573271384701,0.22559738135396257
60746.26420677756,5.076624804406235,0.31662904939550085
60751.37569148401,4.464331479808769,0.21783418390743858
60755.94112587009,4.156665941194079,0.17376351766615708
60756.940272839885,3.910326126356269,0.14027957200008073
60758.731311302865,4.837276116157506,0.17817899168557183
60762.69432108234,4.489884615620628,0.18295535365083235
60763.963736870086,4.0828067278684195,0.1531606844753152
60767.362383666536,4.4217660006872,0.14932564568124512
60772.6095774142,5.082654293526967,0.21536156550305702
60776.25192477756,4.508117656029773,0.12043986590264283
60776.952464070615,4.550387254988998,0.1412601584245647
60778.957318839886,3.7551703950929243,0.16755253064939873
60782.70651231306,5.0655171093340154,0.21520667416272812
60783.66552035347,4.192648871938438,0.11695959675498742
60784.71136708234,4.549561039987424,0.22174502948924912
60786.97992983988,4.1127201879117345,0.1522848935107853
60788.71902930287,4.353609770383801,0.2112580796390323
60791.278127,4.729493475119973,0.4263999554443289
60791.278127,4.962397350781443,0.3642380490860235
60791.278127,5.66585252201168,0.1895575997714128
60791.278127,4.055743062638787,0.15878625611921143
60791.278127,3.771652039829359,0.22247517281999785
60791.278127,5.58937622436992,0.26676647318437896
60791.278127,3.9097105861311396,0.27433932230379393
60791.278127,4.303127884674889,0.1810253019470293
60791.278127,2.749674798747467,0.5610216023950978
60791.278127,5.512645577614092,0.4104126167942582
60791.278127,4.674169414343214,0.3070888764331129
60791.278127,4.533169440597374,0.3577996702558413
60791.278127,4.089465296939855,0.36385852805914143
60791.278127,4.247042485208517,0.3387204099041375
60791.278127,4.11455547408522,0.4054166970315728
60791.278127,5.783872467700287,0.3352686856629579
60791.278127,5.583218025497791,0.22986889532696064
60791.278127,4.622580637976166,0.3045235349872789
60791.278127,4.982378244732859,0.33756148117799073
60791.278127,3.289533332584308,0.4332040605724476
60791.278127,4.131994059352597,0.22425985856955122
60791.278127,4.4875277678785,0.3162763443665354
60791.278127,4.732269779997151,0.3414687001937074
60791.278127,4.720447569996749,0.2772495877951628
60791.278127,4.936740823937502,0.47933213198429714
60791.278127,4.145387940173427,0.2059380769885463
60791.278127,2.8554103719194224,0.5079587202638928
60791.278127,4.204927308751869,0.16754985562902666
60791.278127,4.92712219260534,0.2607962083048961
60791.28397,4.4164814184524745,0.14611004239540884
60791.28397,4.050784016758182,0.191334845705221
60791.28397,4.4297710511393245,0.32388246864326664
60791.28397,5.89028042178712,0.24647148866033006
60791.28397,4.250061231829694,0.49385734810503384
60791.28397,4.712446967143579,0.3343828023221374
60791.28397,4.195533789559605,0.21751576227251235
60791.28397,4.9750166469463855,0.35377637228107395
60791.28397,4.624467804696481,0.4423447641866365
60791.28397,5.068565986722263,0.29446914539967983
60791.28397,4.860122651840859,0.5692655393212439
60791.28397,3.9766390387468284,0.200067053679908
60791.28397,4.782571590920464,0.2607641859711837
60791.28397,4.708385179559971,0.1572728486331732
60791.28397,4.475356481706148,0.4332773740805277
60791.28397,4.431793303461777,0.39069568406746313
60791.28397,4.487075865279753,0.4328883264911681
60791.28397,4.677959419433931,0.2752159066768448
60791.28397,4.424276595851914,0.32997857833993466
60791.28397,4.99377148349544,0.21348797770736005
60791.28397,3.448872286867073,0.5167628276987609
60791.28397,4.511126993388839,0.2425218348848258
60791.28397,4.668547101759393,0.23007075012277206
60791.28397,5.006493172813178,0.22376985159525484
60791.28397,5.153116080792781,0.28039866842122624
60791.28397,4.978117627965534,0.3612526394803279
60791.28397,4.681688117580004,0.32033060041557826
60791.28397,5.607499932710624,0.3480844303139681
60791.28397,5.714741127922906,0.34895704888216594
60791.286605,5.630594132502189,0.32410794388466524
60791.286605,4.107574452846169,0.2858694256449808
60791.286605,4.203772588864695,0.14699584163731974
60791.286605,3.58532561197429,0.2745419362789073
60791.286605,3.559934932714043,0.4113316626384962
60791.286605,4.853160665513866,0.335986789574757
60791.286605,3.7619922817245444,0.4941783781919261
60791.286605,4.381778704781901,0.3980971594260885
60791.286605,4.3602623093062505,0.31524643712900297
60791.286605,3.964997370545648,0.33167026930365373
60791.286605,5.433215226863935,0.3375391282295242
60791.286605,4.468473987643866,0.3147159836816647
60791.286605,5.148298544465917,0.2372288078355677
60791.286605,4.459468807834304,0.3809798155111512
60791.286605,4.931078650542622,0.2760006972561457
60791.286605,5.408935726003906,0.36001801611101525
60791.286605,4.228376748447772,0.5835839560877076
60791.286605,4.7314584518731735,0.44866969198059187
60791.286605,4.411949671730141,0.19045292292124166
60791.286605,5.551276773106236,0.2055111850620443
60791.286605,3.903045629013649,0.19520802071949686
60791.286605,4.068335366179413,0.1810253019470293
60791.286605,4.794423074111357,0.32699122606268766
60791.286605,4.166737769122118,0.14677721153876677
60791.286605,4.761711969682629,0.4778796103722238
60791.286605,4.087524732614399,0.2306915014758099
60791.286605,4.517827927886727,0.2598713696764268
60791.286605,3.885030544307323,0.22327984462095882
60791.286605,4.510477575930876,0.24746950355120376
60792.73397808233,4.6646737217265315,0.17745884088020644
60797.35010166654,4.607621954539393,0.1660954070345752
60797.902756564916,4.544487862520061,0.1568247578560249
60799.009649,4.2591200592638705,0.13934269947079336
60799.900801564916,4.656799942719186,0.145078356807676
60800.92766508082,4.25767381682798,0.29371116919043044
60802.845681161634,4.380976335553594,0.15825261581522937
60803.80468920204,4.893612254427014,0.18703699889098288
60806.68171332327,3.970204185108363,0.31950027230276906
60806.94018207062,4.3576635006166535,0.15259062090689487
60808.59972940408,4.396738893172826,0.14143187294732226
60809.55873744449,4.336544332358555,0.20190139887434497
60809.55873744449,4.071954547856536,0.11803446198942912
60812.69423031306,4.494621626485667,0.2181956557483216
60813.39476960612,4.276796520855848,0.1158623236944803
60813.65323835347,4.014306224404237,0.13678466315530088
60814.35377764653,4.469554535452019,0.1549821604990698
60815.31278568694,4.510602205463785,0.14544344834774037
60815.31278568694,4.33370476128913,0.10709579031708241
60815.31278568694,4.543098478895375,0.1774187492571416
60818.189809808166,4.554519389756132,0.17525104885499163
60822.83696561553,4.779978871469129,0.21786522574125636
60822.9848500102,4.207830633051323,0.11306399236088019
60824.83501061553,4.364606587275173,0.21901447712044927
60826.820882171836,4.497801496123577,0.2057286864576911
60826.820882171836,4.920985267051005,0.2355033851077897
60826.820882171836,4.605008386550359,0.16527794516061073
60826.820882171836,4.0116228045731726,0.13186963339318383
60827.370214444,4.38952142305442,0.23544980260590928
60827.779890212245,4.691299004085124,0.21631286297799854
60828.59101385797,4.484502057121862,0.16441299533405374
60828.73889825265,4.030796954232362,0.2580818632853649
60828.997367,4.488341815969072,0.15110539488066552
60830.58905885797,4.249964787120834,0.15339685083400534
60830.91538308082,4.438820753926307,0.12838492528846446
60832.57493041428,4.111724557005914,0.29567520813008225
60832.57493041428,4.347775090953418,0.130210527400508
60832.83339916164,4.548370325275629,0.16596936002227355
60833.79240720205,4.289206979171966,0.21875755943628314
60834.385217444,4.2265976408452115,0.3913080126274733
60835.30407014083,4.603163542769063,0.17242933406984504
60835.45195453551,4.438176738549151,0.16317466710539488
60836.66943132327,4.464598585872617,0.12376733548142652
60837.30211514083,4.300542978867543,0.17680767414331386
60837.369970616324,4.290971788478329,0.1846875288039628
60838.58744740408,4.197129370360648,0.15376954697038656
60839.54645544449,4.2267282132466475,0.13343366001056656
60839.54645544449,4.731045874241707,0.24119118658221986
60840.24699473755,4.390871731173103,0.2680857779512717
60841.05811838328,4.520236314848262,0.1655832286042343
60841.20600277796,4.989207043558682,0.2062451332142005
60842.976134464094,4.5641226586886,0.18255965880186273
60843.05616338328,4.22591457868537,0.1491230129891985
60843.382487606126,4.075333173017682,0.1309929734698778
60843.382487606126,4.068984675502191,0.1380764730937178
60844.341495646535,4.608973633808922,0.17767829278972855
60844.974179464094,4.245414324336194,0.1925468324129059
60845.30050368694,4.149579705653249,0.15154669404654314
60845.30050368694,4.303968860331403,0.19310359520596151
60845.30050368694,4.409605392272179,0.12068200326304822
60845.358479444,5.021266701008492,0.2130062203628041
60845.85315858532,4.367747540744711,0.137910902515253
60846.81216662573,4.159842378193597,0.16910513727422433
60846.9600510204,4.301501831146059,0.23216854913738202
60847.85120358532,4.285036960357466,0.11921111912335428
60847.91905906081,4.0544368145417735,0.16709800474197578
60848.17752780817,4.269766988199556,0.18918314060497002
60848.81021162573,4.416710941141785,0.1858283510078305
60851.75509122245,4.38116762277982,0.12249300632941276
60852.972568010206,4.112537518760832,0.13504150340445303
60855.18144761584,4.097108088137324,0.2013440411618335
60856.40224702981,4.773215313992624,0.19587446380097454
60856.80860017184,4.792962029249512,0.17037088257568445
60856.80860017184,4.234053511501435,0.14096104720810881
60856.80860017184,4.151115845574208,0.2372585336887242
60856.80860017184,4.005625869982754,0.25093473126526217
60857.50913946489,4.1554419596945165,0.21585295025978082
60857.76760821225,4.106846136567212,0.2434131914718459
60858.40029202981,4.387206297417809,0.20778477918227922
60858.4681475053,4.63834567035839,0.22681911335799598
60858.72661625266,4.727082380928466,0.2884327665003233
60862.19645061584,4.495878971216598,0.3885861650438502
60862.562648414285,4.705538937645803,0.14145730415289737
60862.562648414285,4.256296450780116,0.11888653193614626
60865.43967253551,3.850127682387165,0.1835715004935691
60866.733911564916,5.168901812984917,0.44615716262587896
60867.35768861633,4.411326733548405,0.2167821808226499
60867.77716056492,4.512545894757007,0.3630050078362521
60868.9714,4.06908740523598,0.31348387717700377
60868.9714,4.1801974097852,0.2663490019522679
60868.9714,4.160553514881462,0.29985216929065917
60868.9714,4.702659942001391,0.38627938017823066
60868.9714,4.445881830408154,0.46766446726152233
60868.9714,4.475824594283018,0.16500947187724266
60868.9714,4.519309279342537,0.2712989380498204
60868.9714,4.54280330987072,0.4205728691229983
60868.9714,4.373730373198241,0.6360848175647436
60868.9714,4.383790130427931,0.16668109098228148
60868.9714,4.393336546193489,0.19637413166831896
60868.9714,4.5297962315495255,0.43450987537447494
60868.9714,3.954400457692106,0.4953098697171074
60868.9714,4.257611562520506,0.21689780079944096
60868.9714,4.657098042709761,0.25339810914795335
60868.9714,3.7840349865509912,0.3062514307498875
60868.9714,4.759720552436863,0.34195105211158705
60868.9714,3.7390651322846065,0.3175059843906402
60868.9714,2.8151679451964817,0.5370505535269345
60868.9714,3.7366503366683483,0.3340151494479844
60868.9714,4.403196586059723,0.24696351504527414
60868.9714,4.156589700904997,0.22113969677024045
60868.9714,4.753563123860068,0.34728506269793497
60868.9714,4.91177025074254,0.3375391282295242
60868.9714,4.084893970557937,0.197751164955639
60868.9714,3.980017635495554,0.30290789279480934
60868.9714,3.855567155669646,0.3259194653014003
60868.9714,4.081840920071058,0.20391198206385225
60868.9714,4.844687354226758,0.2817464366785787
60870.234712737554,4.163749135631935,0.12702642307766762
60871.19372077796,4.2710711232374745,0.2309128101520631
60872.70538371675,4.30617517572965,0.17173394163429295
60873.16971261584,4.073996612595401,0.201148181199614
60874.70342871675,4.262390318089179,0.15628761685557113
60874.79508656492,4.169427337818398,0.1721775101034281
60876.94776902041,4.178557626307384,0.2656663904557457
60877.500423918784,4.354623933264714,0.1121202352487448
60877.906777060816,4.1858243585929245,0.1676594899729636
60879.498468918784,4.435535443238035,0.10510790438439031
60881.33645608042,4.1102129218447105,0.16525732386861366
60881.74280922245,3.8910176845989453,0.13930577190403803
60883.33450108042,3.882354492708015,0.17257277869879178
60885.17248824205,4.430774080224404,0.15928781696419436
60887.17053324205,4.161113602686596,0.1753420221385384
60887.496857464896,4.0219721183825,0.2256714213448027
60888.455865505304,4.248770857338932,0.24551870438293
60891.62375315135,4.514699964455552,0.28277383112851034
60891.668120615526,5.518783329521618,0.6760881685022565
60892.71136961553,4.801322111368423,0.5524615558548063
60896.094432879494,4.119142428399064,0.20413444978311449
60897.42216885797,4.191922735453913,0.4862502491687972
60898.46541785797,3.8922362237859334,0.4035699388351015
60898.63875615135,5.142050753724181,0.453713432426491
60899.72929561553,4.61744189069758,0.2224622312580274
60903.72307748401,4.824308366753282,0.2681641036550056
60904.13522514083,4.3275856675566144,0.5144549586325848
60905.178474140834,4.094503445998422,0.4422123474203494
60905.48334385797,4.2890543321210055,0.17649521833410667
60909.61201815135,5.0488555621987405,0.26756829987962255
60909.714374484014,3.920532425036228,0.32006683339468417
60909.889273383276,4.245536027762896,0.48388673586188025
60910.93252238328,4.594361789141138,0.3596175583708815
60911.80728946409,5.028232491201783,0.5754374442362817
60912.196400140834,4.534912947506166,0.17642135001918413
60912.850538464096,3.9781105600406264,0.5216829509768435
60914.68431358532,3.9299208815209283,0.37237741735213686
60915.64332162573,5.228790200045696,0.5292562682411645
60915.72756258532,4.242782642116156,0.29506100525101714
60916.68657062573,4.09562523745655,0.4942044122555262
60917.95044838328,4.2139236931379935,0.17288676798309122
60919.868464464096,4.602308910730825,0.1976872894185899
60921.61479377756,4.3369458851970775,0.12144675867224691
60922.74548858532,4.418992139462894,0.14186662592507773
60923.61283877756,4.034103521416156,0.10889932569718058
60923.70449662573,4.593308078168666,0.1855607795880928
60925.23340202981,4.315457409578625,0.6125920043709598
60926.05086387949,3.946515339659216,0.17663944166823922
60926.27665102981,4.315457409578625,0.511713068069066
60932.70340656491,4.52491052743948,0.15661868064465034
60933.29457702981,4.364246653309271,0.20835877028499267
60933.70925648401,4.342635306669145,0.22392882262687036
60933.78287556492,4.622797202842387,0.1565156420389631
60934.081898302866,4.124296571025151,0.18476845143725718
60936.079943302866,3.508841030217739,0.19254401394424578
60936.71333848401,4.289749570684396,0.2302200625953164
60937.982626,3.7375583911597623,0.5595416426685574
60937.982626,4.224385010783601,0.389893355045739
60937.982626,4.069222291126526,0.5356173444521506
60937.982626,4.275980522407068,0.20701471985271508
60937.982626,3.5241933119640816,0.34022985579976944
60937.982626,3.2466106388272093,0.6534404742513669
60937.982626,3.1776348606091,0.49231040829258726
60937.982626,4.030562615673288,0.2546402909759143
60937.982626,3.533583716169317,0.4538645790471051
60937.982626,3.6093921871429817,0.27625346020678665
60937.982626,4.392547919052489,0.3597567821253467
60937.982626,4.345340519869437,0.47912683165518716
60937.982626,4.33000517356025,0.40121286538862805
60937.982626,4.440388312756137,0.1809140327072527
60937.982626,4.359866451530218,0.3690387444663567
60937.982626,3.785161674279152,0.24912261691821505
60937.982626,1.3634471866427402,0.5826022398203808
60937.982626,3.690665783541748,0.40891390886381856
60937.982626,3.9380799706714766,0.43956944710830664
60937.982626,3.217029542079554,0.40923214348607173
60937.982626,4.476874248910365,0.34424183165789224
60937.982626,4.483152436226532,0.25022272319971645
60937.982626,3.56258985033224,0.23379254080452733
60937.982626,4.383133508284482,0.30706948869966116
60937.982626,4.053161280511558,0.3312738493107113
60937.982626,4.420744455664791,0.19191444524840956
60937.982626,4.266124604724704,0.30930597509701224
60937.982626,4.146246578785332,0.3974689729183483
60937.982626,3.4801300768243415,0.38975930726054925
60938.982674,4.427290104731395,0.2565904501058978
60938.982674,4.093592338198358,0.3627825182949584
60938.982674,4.260323461842785,0.41494448181449883
60938.982674,4.383181355617782,0.3377673960472982
60938.982674,3.048193526292877,0.4619413884331328
60938.982674,4.270016410996782,0.5793406460683705
60938.982674,3.8415832592530617,0.29743423339778036
60938.982674,4.61590152293589,0.22760039740177318
60938.982674,3.116679487536569,0.38273779898956184
60938.982674,3.7167099811638336,0.28772123085973256
60938.982674,3.3709875412893657,0.5110914807790463
60938.982674,3.5111032796215653,0.2364031274884488
60938.982674,4.505103948023043,0.5208294386701905
60938.982674,4.369353804309826,0.3549100022704768
60938.982674,3.5116380547709998,0.29947389210379954
60938.982674,3.9813842913805475,0.45726012782363384
60938.982674,4.10311317454935,0.4682546067884963
60938.982674,4.45800864240429,0.42636270703727336
60938.982674,3.318555066559357,0.5559506519629834
60938.982674,4.847693316086113,0.4154909896816341
60938.982674,4.294995459951483,0.21212204327396417
60938.982674,3.94878009879809,0.44517228501923084
60938.982674,3.4999371974998317,0.42334131252085366
60938.982674,3.7866705245379038,0.6184110763403474
60938.982674,2.349507219347931,0.6587769084959759
60938.982674,4.003620994356,0.7714589397204048
60938.982674,4.424709837887224,0.21204859273062762
60938.982674,3.2639946177217096,0.4278224859277581
60938.982674,3.8093186887363375,0.37964921596051315
60939.007577,3.4532598240084402,0.4602838327172489
60939.007577,3.8232382464888417,0.6851892308005793
60939.007577,3.8396078179381696,0.557582920465517
60939.007577,4.442756904834927,0.4983003074959691
60939.007577,4.0434773318687,0.4460158286321364
60939.007577,3.370063881986753,0.5295646668313009
60939.007577,3.7531672221948407,0.3075758785573703
60939.007577,4.448897903195746,0.30462100235412454
60939.007577,4.015967216821868,0.39044191942427353
60939.007577,4.1391794064399,0.2590507082287406
60939.007577,4.189970326604575,0.36370798390285347
60939.007577,3.342380476444883,0.6645286375236852
60939.007577,3.7000551574837868,0.4463380551025282
60939.007577,4.196871575430456,0.21271576187398564
60939.007577,3.440113651379791,0.4495927553660488
60939.007577,3.4002455413604302,0.3045864831226435
60939.007577,3.980670108274901,0.3650230292168936
60939.007577,3.8995798873754604,0.37929336141263087
60939.007577,3.592526570095157,0.3428975205316132
60939.007577,3.459046193530238,0.4296747612531604
60939.007577,3.6846227208491786,0.47412862708778963
60939.007577,4.03953585111464,0.49155463741040645
60939.007577,2.3674164602245895,0.7883807049898629
60939.007577,4.049899364664258,0.25032625646936374
60939.007577,3.9926436046937006,0.21523978696933543
60939.007577,4.6586051009714975,0.47158145124871426
60939.007577,4.712791172717775,0.6170027005046972
60939.007577,4.708022429967924,0.23544868696735155
60939.007577,3.8680197257726876,0.5655813180810831
60941.53653871675,4.433881010514358,0.49598513738289424
60942.57978771675,4.105494578210823,0.4034288133151202
60942.71297066654,3.967807492714889,0.14804388048226447
60944.71101566654,4.04684967998536,0.16054109117232573
60945.3282034142,4.661757545737722,0.21577099813709325
60945.72797448401,3.5202522820438595,0.7480677524980179
60946.33157891878,4.152730451236047,0.31501547882946307
60947.374827918786,4.753787382466431,0.2779503014035894
60947.88086706153,4.400128713626511,0.1973273426312485
60949.59771371675,4.454557193289025,0.1823152822307402
60950.16761108042,4.203754803279775,0.4836594972148904
60951.21086008042,3.8775574731472426,0.44588296817380657
60952.303051070616,4.009278252328183,0.1585205825798901
60952.3432064142,4.925636878374073,0.40922791771921196
60954.00364324205,4.232604985103595,0.5104735551529693
60954.301096070616,3.8154955762285185,0.14623709054297143
60954.392753918786,4.235953718637177,0.1246807839398413
60955.046892242055,3.9278259337469095,0.4633143274533339
60956.84293456491,4.3755045491929385,0.39268012627418586
60957.637615615524,4.512367478885671,0.2447905437680584
60958.05709931306,3.711508451060185,0.19981341899692193
60958.22878608042,4.07543453002911,0.1748513629901586
60958.71708461553,4.2841589907316795,0.21195479007683657
60959.01610735347,4.463895596327664,0.11878449826463972
60960.05514431306,3.94166003315088,0.19368600674645534
60961.01415235347,4.078177777242067,0.12201955094084141
60962.064818242055,3.9165378207336987,0.17835218560872787
60963.3164684142,4.833923968349957,0.21167667179673097
60963.39166385797,4.405138435454847,0.17507378033410043
60964.47113285797,3.9763379721196355,0.17329698283409267
60970.10472014083,4.1576030529395895,0.20294893987608348
60971.18418914083,4.184645741628662,0.17655012472722748
60971.856068071735,3.982129813305317,0.2120102813000721
60974.360236,4.503422194699677,0.13089768738165428
60975.69210023336,4.397635650296829,0.21210035712409933
60975.858768383274,4.340373031637606,0.15435539940987214
60976.27825208082,4.16195862299,0.11905071630261184
60976.358281,4.315420139858131,0.14547538682123953
60976.61700848401,4.322385378020709,0.31554500466736346
60976.93823738328,4.418858827947711,0.1499950773926441
60977.77678446409,4.1734479262566175,0.21957094924278742
60977.83729806153,3.847156643311113,0.1973273426312485
60978.196268161635,3.8526761552251845,0.16632551744721405
60978.27629708082,4.3090910697161515,0.10481209242588752
60978.856253464095,4.315912020414145,0.20282774642427387
60979.155276202044,4.789305906687963,0.20003957100639883
60980.194313161635,3.7921293929852995,0.15611567126558637
60980.65380858532,4.414496999224458,0.14977807274472718
60981.153321202044,4.042015223571202,0.2087555808859632
60981.612816625726,4.118368808134253,0.20094613622301039
60981.73327758532,4.29762335302509,0.13656236044372186
60981.77714361552,5.4793804250921525,0.6550732861398746
60982.03230032327,4.235118590978628,0.12292365902961039
60982.69228562573,4.54514522261588,0.19144735082232214
60983.95031640408,4.316493858876473,0.13400920727490961
60984.03034532327,4.024199478024595,0.11625861506026296
60984.90932444449,4.766326499938574,0.22804113518611477
60984.90932444449,4.232200009497813,0.11381336202424425
60985.94836140408,4.15399766442636,0.13370828839629828
60986.90736944449,3.965645363548176,0.11279717129188484
60986.90736944449,4.166555863091831,0.21200448714208422
60987.53119185797,4.946469407123886,0.4722727755020693
60988.74535660612,4.178990663191676,0.13065859446931652
60988.74535660612,4.399069516470843,0.1410526478893369
60989.70436464653,4.471716071860653,0.15055101086136977
60990.44594877756,4.3439166812943375,0.3364570916277045
60990.66337268694,4.397847327299463,0.14502966897833
60990.66337268694,4.211402556371155,0.18538973654260751
60990.66337268694,3.984561858767104,0.11688697171389575
60990.74340160612,4.690373897981431,0.13068112966217976
60990.74340160612,3.8011423925574404,0.11711624494658507
60991.03622887989,4.094458892042326,0.22457715649384366
60991.202897029805,4.288192832199735,0.20405383701464158
60991.48919777756,4.072055633501233,0.26589714446544876
60991.70240964653,4.081558750102186,0.15217216316784526
60992.28236602981,4.55796865047507,0.1888430727927344
60992.66141768694,4.469816821593514,0.16121964606409836
60992.66141768694,4.501292169652053,0.13075428073367262
60992.66141768694,4.137122127043033,0.10147914362433677
60993.54039680817,4.9798148221238945,0.17537326018613175
60994.24424814083,4.380383297854326,0.5252720341082135
60995.53844180817,4.231881475546105,0.1561860811971264
60997.705865444004,4.505687742257159,0.2734792058511709
60998.3354370102,4.21469860525244,0.12413859753518063
60998.50712377756,4.1022624165893555,0.127565568579841
60998.708293203155,4.184348071782898,0.2846187357884285
60999.99829638327,3.8923499443674263,0.39722533576947316
61000.3334820102,4.3718034693529795,0.12233575483238752
61001.81249907173,3.776969094939555,0.18972202095826965
61001.91631246409,4.782959256930576,0.6250795718911728
61002.17146917184,4.329452085568739,0.20544334847369985
61002.17146917184,4.187996324571064,0.21428528414126494
61002.17146917184,4.0763129786998356,0.16624802847776762
61002.17146917184,4.505030602878326,0.11571692729482194
61002.913053302866,3.520702057770773,0.5518013596061312
61003.130477212246,4.670075855264642,0.24194389655350476
61003.697162444005,3.287915594622005,0.33603030080649193
61003.95630230287,4.0834419205647015,0.46376617732361486
61004.089485252654,4.3362897055463225,0.2870441630852598
61004.16951417184,4.287306100181466,0.16079130981875994
61004.16951417184,4.180211157840229,0.12233688881054403
61004.16951417184,4.064087760456877,0.207298045369643
61004.16951417184,4.331788413765694,0.23655552234579919
61004.79333658532,4.352464063934024,0.34387822824044506
61005.128522212246,4.438253768148598,0.2264346724154596
61005.64853123336,4.257183611631247,0.18063198896738059
61005.752344625726,3.482886686257223,0.5708636240103763
61006.087530252655,4.0863410908349005,0.2689923186894349
61007.506033716745,3.8403529402768584,0.18547752194921865
61007.92551741428,4.356102428207992,0.11771234396640654
61007.92551741428,4.134474152546034,0.130210527400508
61008.58550271675,4.69294141822048,0.18170715920795588
61009.92356241428,4.24161910115837,0.10435595581061727
61009.92356241428,4.017158636421971,0.13564000583269598
61010.80254153551,4.320089808407088,0.1593577158280757
61010.97422830287,4.162515437584926,0.18964465165350436
61011.544125666536,4.139777656911458,0.4592991963013977
61012.30107391878,4.4232060702897185,0.12360196380686368
61012.58737466654,3.8011780168474045,0.3835682357949579
61012.720557616325,4.7007517205026375,0.19113511514700263
61012.80058653551,4.312933024762115,0.15518292536850783
61013.380542918785,4.084148314211041,0.1229854951594479
61014.718602616325,4.501592942350963,0.2071824411563462
61015.342425029805,4.039941680276155,0.5682511916863436
61015.59758173755,4.048565533607485,0.11753594319255452
61016.137106080416,4.121006215856449,0.18000815901798922
61016.55658977796,3.9251397957656735,0.20099048013867943
61017.21657508042,4.645080602870848,0.17269270418781107
61017.59562673755,3.913103128409717,0.10658538947896247
61018.55463477796,3.93243792503723,0.19194079984194878
61019.60530066654,4.401471385036674,0.16694991716722896
61019.97313824205,4.064537524684682,0.17885387952042614
61020.99265987989,4.269979742757198,0.22383105298389733
61021.052607242054,4.32040141965079,0.17245728214627346
61021.134206070616,4.0918741470591895,0.4562893723024357
61022.17745507062,3.9637446180533997,0.3654338880983304
61022.310638020404,4.928695455830314,0.26103371027341876
61023.26964606081,4.341917252807539,0.16193234061688783
61024.308683020405,4.101940223291978,0.2343067092215329
61025.26769106081,4.28239981832283,0.1487935862117728
61025.51709861584,4.426348684628611,0.24658769243458037
61026.41190548401,4.5769839954937535,0.21213274768603452
61026.88825431306,3.7040359970962005,0.6169257992664874
61027.10567822245,4.19613824502733,0.14099594410466176
61027.692044444004,4.339023363007433,0.24168413100677186
61027.84726235347,4.214215889779783,0.3539479428039229
61027.93150331306,5.002748496036553,0.5118630965328778
61028.664724203154,4.574372220740431,0.26001609930502173
61028.89051135347,4.609058216413642,0.28443578529989494
61029.10372322245,3.7833804023486985,0.1421523777156148
61029.19538107062,4.0452815910570825,0.16646249553479442
61029.39655049622,3.8204129568267824,0.17923726555587915
61030.696126444,4.599410479216792,0.2792979123586426
61031.50839561584,3.1581554292561655,0.31376765947593127
61031.645561716745,4.270904040408158,0.4801739387905018
61032.85972646489,4.244421853902529,0.20894933777812472
61033.40372448401,4.414001560061202,0.32635807336313005
61033.8187345053,4.009831638686997,0.22491452538323414
61034.85777146489,4.1124861486975455,0.18823850033315642
61034.94942931306,4.236074719331834,0.22447251707806784
61035.8167795053,4.006368751460158,0.21262127572795328
61035.90843735347,3.942139664704352,0.12417625272497601
61036.44060191878,4.471752976273712,0.30792608938418164
61039.710762444,3.6351676865500497,0.896080802150645
61040.276634080416,4.549140211655397,0.4759842659176543
61043.191391,4.636129527529004,0.39942896464463346
61044.11266624205,4.528604393005564,0.5276565716286344
61044.23464,4.1947771100132885,0.37962340057843846
61045.10940708082,4.10579516214292,0.3179168297808618
61046.15265608082,4.099466884864376,0.26729061155250855
61047.027423161635,3.7054644195831106,0.4865110424687246
61047.98643120204,4.347789996395268,0.600833140058505
61048.07067216164,3.603365957766834,0.4174165020302674
61049.029680202046,3.8805547126874655,0.5153876661572004
61050.86345532327,3.860526246372266,0.34565424230906916
61051.252566,4.282243306650799,0.14768717570172832
61051.90670432327,3.844496393787759,0.3078575372677065
61052.78147140408,4.069740378415188,0.37604829197128453
61053.17058208082,4.23789795033253,0.12197754454393851
61053.74047944449,4.269720898077234,0.3334668972496057
61053.74047944449,5.237803952433074,0.6465976491353128
61053.82472040408,4.177068111786561,0.36421214941257246
61054.78372844449,4.437575215035948,0.5394728402011885
61054.78372844449,4.465923877940458,0.258190614537142
61055.08859816164,4.211207962998622,0.18223388242788977
61055.50327761584,4.305307227976846,0.21955901764826416
61056.047606202046,4.022011266470561,0.20418324783438851
61056.41544377756,3.673171190158075,0.12105949222239919
61057.49491277756,4.156479719568037,0.11478577573486602
61057.57651160612,5.115251864763233,0.37308336987623775
61057.57651160612,5.556170202161503,0.3898788982260891
61058.50735961584,4.217366104940209,0.24149533341686838
61058.53551964653,3.8881012415294274,0.4233369056310017
61058.619760606125,4.299863689950209,0.32106612946677704
61058.619760606125,3.983378947863332,0.2695930692025245
61058.92463032327,4.26295991388856,0.13498823229058107
61059.35298149622,4.191728133228365,0.17329397053744688
61059.49452768694,4.231997915771844,0.3181754450809422
61059.49452768694,3.819281407650661,0.5197855095990029
61059.49452768694,4.115442907676894,0.4132621451985938
61059.578768646534,4.842419565941412,0.37826887151097927
61060.53777668694,4.344056009276117,0.3473677806199944
61060.53777668694,5.066355224892889,0.4179625752427303
61060.53777668694,4.228961890532522,0.2451590380752489
61060.84264640408,4.140957846353201,0.1383223778683386
61061.80165444449,4.0302443547175715,0.22002281116409947
61061.80165444449,4.078989714465178,0.12053585456139053
61061.95940415135,5.350513682136353,0.33746469352370356
61062.00282387009,3.9212235015226344,0.15341983960979122
61062.301256,4.94408903159443,0.5101417578247545
61062.301256,1.8663465373332215,1.0889943177804136
61062.301256,4.836686783910808,0.3916282871511644
61062.301256,2.8259450764398473,0.6008122726456301
61062.301256,2.213691549192152,0.6917911298633874
61062.301256,2.9408370091472245,1.3952596347866544
61062.301256,1.5155927070967259,0.8507007293531081
61062.301256,1.986025904536043,1.5745919528938979
61062.301256,5.758000535725418,0.5969918303508446
61062.301256,3.0217973117465142,0.5576417430939968
61062.301256,3.0159005780581536,0.6970813149287194
61062.301256,4.225481322743576,0.41754671120231596
61062.301256,1.2540996736416918,0.8173210014183517
61062.301256,2.76447548802001,0.4916604921385534
61062.301256,2.909031374099694,0.7413073615327919
61062.301256,5.684812829670729,0.48556466918840685
61062.301256,2.125764340445299,0.8200939662373503
61062.301256,5.507727007851984,0.6878744455106205
61062.301256,3.798177674849372,0.6422726170120564
61062.301256,3.4131044824078254,0.5196251599152321
61062.301256,3.4773550914652054,0.8900134860939921
61062.301256,3.317485711467169,0.8291399663694049
61062.301256,3.801288413862184,0.8635755131451781
61062.301256,2.5922961921313012,0.7658731866436882
61062.301256,2.429066668788635,1.0688094154590764
61062.301256,3.0157809919701277,1.316347710941726
61062.301256,4.245102775488336,0.8476810715335017
61062.301256,2.0692424474131483,1.1819335170496037
61062.301256,1.655410258430745,1.0251713428205786
61062.371551808166,4.149999883682198,0.5097434621856136
61063.41480080817,4.696284533878719,0.3914428936419373
61065.637686606125,4.106263230569599,0.13216329997184223
61065.637686606125,4.374718995415779,0.15088304342638148
61066.596694646534,4.293389318148334,0.1483894744527356
61067.1665920102,5.532490771341666,0.35060998086699696
61067.52199561584,4.3838470728269385,0.8235911411337651
61067.55570268694,3.996700156907803,0.1842326577431043
61067.55570268694,4.351920912725062,0.11521715783226866
61067.55570268694,4.27267906805283,0.14947779719949134
61067.95070115135,4.210098838469767,0.4235476204327297
61068.209841010204,4.316001195218908,0.29910018935862326
61068.88254830286,4.48012739761616,0.20097852242640316
61069.96201730287,4.256085766058858,0.17857435927067283
61070.43272680817,4.5312992368395015,0.17855075479577584
61070.599796444,5.351686106254208,0.3389396540602278
61071.00262417184,3.709273881276749,0.6828370674681555
61071.00262417184,3.9756329854195895,0.6176140663490602
61071.00262417184,3.7101065264730977,0.5147504601663921
61071.00262417184,4.714221386775144,0.3485630403411532
61071.961632212246,4.748438250909501,0.6917113965568149
61072.04587317184,5.213999835941614,0.48906930456100217
61072.04587317184,4.264266621398989,0.41737834720676603
61072.04587317184,3.685038036464218,0.312815248156254
61072.04587317184,4.256385245041681,0.6560075678989138
61072.920640252654,4.494987238696431,0.8893013013899238
61073.00488121225,4.477434965971028,0.5761268629806466
61073.96388925266,3.5884275805764343,0.6524452331633859
61075.227767010205,4.196670178224509,0.12233575483238752
61076.75667241428,4.335170944592981,0.3783183007570977
61076.75667241428,3.7418553465379025,0.3123339999507645
61077.513620666534,4.323497335432017,0.15338456881135037
61077.799921414284,3.4967436078547376,0.24914800982914595
61077.799921414284,3.658425240009553,0.36396896490060093
61078.59308966654,4.139777656911458,0.1455871638508849
61079.06379917184,4.458283284830374,0.18637725730877377
61079.06379917184,4.512091895161762,0.1271032611018639
61079.06379917184,3.910933518561901,0.2416408523295117
61079.06379917184,4.323745325888915,0.20858206629760362
61079.63369653551,5.127613563014927,0.4550521600928958
61080.02280721225,4.278263877040342,0.25026990109077113
61080.55497177756,4.34004401679586,0.28673207946725643
61080.67694553551,4.114928677251183,0.41783688513903383
61080.98181525266,4.473166327888292,0.3037074040660211
61081.551712616325,4.568934399711601,0.604497039584111
61082.59496161633,3.89981821700058,0.5126547541199217
61084.42873673755,4.8021258595280045,0.3167549055672363
61084.817847414284,4.469851887776527,0.11822605120316766
61084.817847414284,4.520354941119393,0.14194207901291406
61085.019016839884,3.7781370971134027,0.15476425338799604
61085.38774477796,4.294425136906457,0.6185894370571703
61085.47198573755,3.996651797483789,0.28820235069920375
61086.43099377796,3.8623758840302838,0.4733566645531862
61087.10370107061,4.622393932446797,0.15661452347071306
61087.69487153551,4.061252799913882,0.1592384361006595
61088.18317007062,4.730403948633496,0.15661452347071306
61089.61288761633,3.932772547198339,0.19872893906213843
61090.773065082336,4.401469281624561,0.18531100198110054
61091.141793020404,3.0114785803750337,0.7905846911147844
61091.94558315135,4.9458503505127265,0.2707565564318087
61091.95925487009,3.8816375547314257,0.14655222854617725
61092.10080106081,4.2037918859845345,0.46895246492102877
61092.18504202041,5.217347067190682,0.568572402377119
61092.48991173755,4.214040567501765,0.12207839510337788
61092.85774931306,3.902803272538166,0.2146088778456093
61093.02207630286,5.64909755756514,0.5164818553370977
61093.144050060815,4.390204982672492,0.38821088870497994
61093.44891977796,4.365946803767716,0.202596068578422
61093.81675735347,3.9031531324526894,0.12550345382290495
61093.93721831306,4.64855417814373,0.2134132852113721
61094.89622635347,4.303801963889986,0.11107014188292777
61094.94966515135,5.40937380309979,0.3193161562266437
61095.93683322245,4.821501959258101,0.3705035376630386
61096.98008222245,4.458559718282063,0.32362349820363373
61098.41102961584,5.0621101219937,0.29065618393400894
61098.769489879494,4.164029627693582,0.17424162119310477
61099.20296802041,4.766551649448873,0.25675739010511706
61100.161976060816,4.472181826396714,0.1819212148400543
61101.65314866653,4.873588233327878,0.43099354815724167
61101.69088146489,3.294791603648056,0.6247002227845256
61102.6498895053,4.487710075990867,0.651022798645851
61102.734130464894,5.016092315740978,0.5044239519930059
61103.6931385053,5.161934219056543,0.6092950075624334
61103.96430115135,4.749649947301271,0.9969432988182085
61103.99800822245,3.6188110038669166,0.13894994617759096
61105.784492879495,4.531103971497,0.3395313792790408
61109.160886,4.304361195455687,0.15110539488066552
61109.752056464895,3.6276991388745827,0.22275656274143693
61110.240355,4.490352533133153,0.14607860197046377
61110.7110645053,4.700677640441504,0.24119009534938046
61111.078902080815,4.459387655081574,0.13653258228459006
61111.24322907061,4.771701895998998,0.3966720790542874
61112.15837108082,4.57725181939446,0.125378993581156
61112.99691816163,4.310932041981962,0.17487329564578608
61113.95592620204,4.304924374036753,0.21389945556898501
61114.07638716164,4.800054905566917,0.17831615075354426
61114.97544783988,4.141037087561983,0.13845267524845178
61115.035395202045,4.494961966492833,0.19518146713910056
61115.663854414204,5.589327178146801,0.2628557510512597
61116.757754879494,4.324092137143724,0.179197116841716
61116.83295032327,4.516906525885217,0.13456639406467302
61116.99727731306,4.5558957489903325,0.6069127109547493
61117.91241932327,4.984303280191353,0.1355788058068524
61117.956285353466,4.622330227392929,0.32524721906120974
61118.205828,2.561799815114771,0.8074719273451485
61118.205828,3.8492708474731696,0.6545396695160197
61118.205828,3.7478230848422935,0.4685891529529349
61118.205828,4.0060139256356555,0.48060657490548153
61118.205828,4.327274111416601,0.5181796563366509
61118.205828,3.457629521998931,0.5872005530811691
61118.205828,4.6092042735861645,0.3634965345834722
61118.205828,3.4772943362631645,0.4747875615699134
61118.205828,4.929312099980347,0.22216732473822443
61118.205828,4.08229454012803,0.42037010261769664
61118.205828,4.853648941366529,0.2247084900441667
61118.205828,5.2042659193849055,0.24381161847165642
61118.205828,4.334098023038947,0.41075759653252836
61118.205828,4.312057749598123,0.3829576685470759
61118.205828,4.39806286271254,0.5281191169509082
61118.205828,4.69337871623792,0.3127877852590607
61118.205828,3.287647001458776,0.44879081399127324
61118.205828,5.028648068630647,0.46723610845942937
61118.205828,3.1487670595220143,0.6978212110332156
61118.205828,3.12676782119165,0.44530713534033184
61118.205828,4.500382172415309,0.3050512641243566
61118.205828,4.623039535967842,0.4507988434087348
61118.205828,3.6620822095083607,0.2719361129084919
61118.205828,3.080781334110423,0.6325731620580652
61118.205828,4.100572208676696,0.3204129352584291
61118.205828,4.124077759352948,0.5705135625804655
61118.205828,4.518362967372349,0.41718217475887126
61118.205828,3.6483423244845046,0.3976872500240972
61118.205828,4.987794793541402,0.285824105447912
61118.214154,2.5901921596325543,0.6391095093123965
61118.214154,4.570873957675127,0.27158703200101414
61118.214154,4.487354412224345,0.3830351621452222
61118.214154,3.4415695908064023,0.4863488872290276
61118.214154,3.3673934257141163,0.44031490288135955
61118.214154,4.111897722637552,0.4272600490435545
61118.214154,4.4325603322645915,0.2512739265831899
61118.214154,3.708835165533703,0.7922857277443531
61118.214154,3.1712669098326316,0.5760656848130378
61118.214154,3.728862394840836,0.31613391635807614
61118.214154,5.004339886642807,0.21489337100318306
61118.214154,4.1092772811406535,0.33258501825668857
61118.214154,4.849730896530107,0.2832191262590198
61118.214154,3.3277553479447395,0.4861718165912159
61118.214154,4.698582771235695,0.20615526529763167
61118.214154,4.012207077642176,0.4386256337689482
61118.214154,3.9142891498310766,0.4649361833535225
61118.214154,5.01776333322199,0.30527434498651945
61118.214154,4.039789227088905,0.6342995400846017
61118.214154,3.869055425901572,0.5840605656854523
61118.214154,3.1599544735777183,0.40466421932276553
61118.214154,3.966766531292386,0.33723966751704804
61118.214154,4.562546297279124,0.3746487503794469
61118.214154,3.3028875709878696,0.44372212091077945
61118.214154,3.4891089722469406,0.4212260416636193
61118.214154,3.9809181183970352,0.49992560026115523
61118.214154,4.358775279150239,0.28107316630221724
61118.214154,6.444614028777201,0.3867900784918335
61118.214154,3.0754250167167685,0.6989695728725464
61118.75096640408,4.657535254635975,0.16540507694335774
61119.709974444486,4.610771013911478,0.25225647373260096
61119.709974444486,4.181390472879847,0.12202105640099262
61119.83043540408,4.294426474444977,0.153869853263257
61120.394693444,4.616035354952425,0.2337873150323458
61120.729496082335,4.263899419136896,0.17133415522150908
61120.78944344449,4.533930488490659,0.10865423984457374
61120.78944344449,4.549831751344162,0.22707893630347295
61121.655151414205,3.828971568108031,0.333073447788473
61123.54600660612,4.421415438598597,0.12664604646258126
61123.54600660612,4.248457034389518,0.14366807422488087
61124.50501464653,4.424162270870701,0.1768136782262749
61124.625475606124,4.20908477324219,0.11653108169560283
61124.625475606124,4.366602155064091,0.13969984116405543
61125.46402268694,4.303968860331403,0.20236022560198616
61125.46402268694,4.59707995080031,0.12409753165728543
61125.46402268694,4.175440916241397,0.16106361954298135
61125.58448364653,4.078316445489235,0.15649523598511372
61126.353704,4.801718901133707,0.63270885078205
61126.353704,4.029106319859744,0.5121916285140076
61126.353704,3.7785181271304964,1.0213803960077805
61126.353704,3.98997056871662,0.6642305864187871
61126.353704,4.801073776810001,0.43589430131868717
61126.353704,4.3558891305385705,0.38056552547833755
61126.353704,0.5359634697574247,0.927435049309012
61126.353704,4.2311576576488426,0.46297293313454124
61126.353704,3.7637791890677157,0.46144939821406245
61126.353704,3.4922518918024075,0.6740532845002724
61126.353704,4.2059541606468365,0.801443834744054
61126.353704,5.310008232035372,0.6666071563742704
61126.353704,5.3811466510641495,0.36440764431283174
61126.353704,4.722546500117703,0.4783652557484329
61126.353704,4.613852290029225,0.2621974733397063
61126.353704,3.075416564453291,0.7734107227210627
61126.353704,3.7269109032159626,0.5559805211495938
61126.353704,5.3907671786320535,0.5455605790112613
61126.353704,4.82101688623283,0.7793304263199515
61126.353704,4.242597193365752,0.6271603720325036
61126.353704,5.501074346876378,0.8102254145693322
61126.353704,2.791539411571658,0.676197886567802
61126.353704,3.7705814492576657,0.6518850343038739
61126.353704,4.490254491826343,0.3905355585140546
61126.353704,4.873394651437214,0.28394562025622094
61126.353704,4.575759451715227,0.3201072858878528
61126.353704,3.813482329983536,0.3725994363733253
61126.353704,2.3410858991928407,0.9355321117746452
61126.353704,2.7920805060843215,0.6638616230838251
61126.54349168694,4.151648602500301,0.1556844877406467
61126.54349168694,4.462735833960314,0.11362324458162464
61126.54349168694,4.869651828977362,0.191046566229067
61127.386512444,5.343373668386391,0.3615910472500284
61128.341046808164,4.149999883682198,0.1841724760282234
61129.42051580817,4.731725819909366,0.17195134291420724
61133.1360870102,4.267925389811093,0.13658679714970426
61133.300414,4.777885087596694,0.41782702669597194
61134.215556010204,4.237019514906069,0.12164895761227588
61134.85333515135,5.188648349486902,0.38945780037473926
61135.218430080815,4.120033786019645,0.3105602074445542
61136.972119171834,4.241114803784872,0.13769519952701925
61136.972119171834,4.875874324911983,0.22256362751317485
61136.972119171834,4.363352530905979,0.25689684228064924
61136.972119171834,4.731119217780758,0.16915827842923828
61137.13644616163,5.255936409490759,0.45006426598314664
61137.93112721224,4.377849421505685,0.2543512758639409
61138.05158817184,4.30234497708957,0.19502851205801922
61138.05158817184,4.984315816616604,0.12842725340500832
61138.05158817184,4.221314003774698,0.2465508261068893
61138.05158817184,3.839855170142835,0.1697645805024615
61138.09545420204,5.820938551449533,0.5595392571864698
61138.89013525265,4.405719876299495,0.2721662693524371
61139.01059621225,5.047194884305529,0.23802577677126163
61139.969604252656,4.496970957860808,0.2582802352018023
61140.219464,3.7939796893333018,0.32998656553807104
61140.219464,4.19661132115769,0.35010880061673866
61140.219464,3.953009779949932,0.27362677605180796
61140.219464,3.580883477960082,0.3331238309278519
61140.219464,3.3655076718440764,0.31701426058454807
61140.219464,3.4719832582018455,0.4007059728830578
61140.219464,4.444913692005956,0.3140568612481737
61140.219464,3.9977141012204047,0.2532073903201546
61140.219464,2.711449119726967,0.38488891289745003
61140.219464,4.830627715811563,0.18582184880765526
61140.219464,5.111008844579585,0.26866613100061354
61140.219464,3.452380223232976,0.3191233163007086
61140.219464,3.4405014746335407,0.4349148547081944
61140.219464,4.77537321660348,0.22148315238187283
61140.219464,3.7553381671617796,0.18143577453254578
61140.219464,2.7238241479433283,0.47170639352091087
61140.219464,2.658557601142695,0.5558149053891108
61140.219464,3.3730295126238863,0.3471697818313133
61140.219464,4.388860092768598,0.37685299546599554
61140.219464,4.6569442175493245,0.172147728503998
61140.219464,3.2819770328843623,0.4842259089177278
61140.219464,3.1914917573353048,0.32802267796802836
61140.219464,3.7417105900990375,0.2429626955771574
61140.219464,3.1264914102709644,0.30559088191392697
61140.219464,3.7773008887928308,0.22148201828226882
61140.219464,4.643874901480336,0.15211456468563114
61140.219464,4.469530014628106,0.25339810914795335
61140.219464,4.922585718630849,0.15542529681369394
61140.219464,4.401228892049851,0.21457389579087555
61140.97247832327,4.324548294871138,0.3367112719198182
61142.72616741428,4.636439805983349,0.12328973682267012
61142.72616741428,4.160651994986939,0.1500862966611961
61142.89049440408,3.7618000593029333,0.4176754035125177
61143.80563641428,4.627005410323085,0.1478563323051189
61143.80563641428,4.477924430068488,0.1119147908658167
61143.849502444486,5.664378790404286,0.6020157675729078
61143.849502444486,4.60193709904086,0.3065769271010205
61145.603191535505,4.462032684032396,0.19549947323519165
61145.650033414204,4.8738436501684905,0.21966060816043745
61146.68266053551,4.142363014556914,0.17665327630342822
61147.52120761632,4.59615754204888,0.20875851781797816
61147.68553460612,4.580345617658546,0.3456872118668979
61147.68553460612,5.081813964707106,0.3036161325096338
61148.20592661584,4.830995366574475,0.19938544153963683
61148.60067661633,4.59615754204888,0.18841280091327473
61148.64454264653,5.275807615872562,0.4492753425346117
61148.6541154142,4.73811673198548,0.26633592844056764
61149.60355068694,4.79404107350988,0.4012625434856934
61149.60355068694,5.39805114741711,0.49368695445465527
61149.60355068694,4.203155675998285,0.27734090561206176
61150.39823173755,4.351125276953399,0.1397615114705117
61150.55592406153,4.371704830477411,0.21281471485992454
61151.35723977796,4.654952722921372,0.21704636453610482
61151.47770073755,4.538501418274862,0.13221779669003708
61152.43670877796,4.745449525888679,0.1939842760379847
61152.48057480816,4.489747384251846,0.4793128407317135
61153.182058,4.020243136270838,0.8678136032208993
61153.182058,5.340183596256932,0.9478526627860898
61153.182058,4.5440348556075385,1.0194119836502542
61153.182058,3.4754677691511286,1.2571574552497258
61153.182058,5.501831552969775,0.837189032246015
61153.182058,5.074785136779693,0.6693678967552864
61153.182058,2.04251182096689,1.2754472162164974
61153.182058,4.320867406993216,0.9197686347801528
61153.182058,4.451690942949234,0.5656313839958891
61153.182058,4.404846931495477,0.9339041088919653
61153.182058,3.6338754582215422,0.5630047200751204
61153.182058,3.678122812576312,0.7318416781102685
61153.182058,2.3164401421138088,1.1197361927381282
61153.182058,2.477630115953147,1.1816060209240704
61153.182058,6.239642581891163,0.92505110737499
61153.182058,3.4064996260527263,1.5060371089817355
61153.182058,5.278249973102901,0.4981299093426398
61153.182058,4.748421822157951,0.43989019712643435
61153.182058,5.058186939505674,0.38829244143437414
61153.182058,4.674859106718969,0.8958561147625846
61153.182058,5.191863274087368,0.9117470837413097
61153.182058,3.899469505904219,0.7413105928147589
61153.182058,4.420310913349772,1.0625627157494164
61153.182058,4.067822343317972,0.700775004557426
61153.182058,4.706897013451174,0.5148657071067447
61153.182058,4.15406189772183,0.3885632420342347
61153.182058,2.5264961642784893,0.9145959261771797
61153.182058,4.945815370101215,0.6351775655683923
61153.182058,5.487954350989893,0.6998370926904274
61153.18767,3.0206370007222514,1.1408785047184784
61153.18767,4.778334162472786,0.7868092446717878
61153.18767,5.66238788218002,1.5060371089817355
61153.18767,5.309878768789192,0.4155836873941192
61153.18767,4.974306122356864,0.9265818048566882
61153.18767,5.249399309710606,0.8823187718005049
61153.18767,3.90702879336673,0.9757318341061417
61153.18767,4.265598902437283,0.7262204219996284
61153.18767,5.0846118915686604,0.5504556330288669
61153.18767,4.898066345099746,0.38473420600313135
61153.18767,4.122538504752191,0.9311704885625849
61153.18767,3.048170562396656,1.3753546962382577
61153.18767,4.248074170586053,1.1920858969411354
61153.18767,5.0981244770065635,0.5733081599265293
61153.18767,3.485867608343658,0.5357504005781168
61153.18767,3.087732021821461,1.1157804375561828
61153.18767,4.758746011427925,0.9772491467396675
61153.18767,3.307120514311795,1.365370315349211
61153.18767,3.6036831773685662,0.7021875313738465
61153.18767,3.1090209993820057,0.9749474477344245
61153.18767,5.322389898248021,0.5260610750902078
61153.18767,6.334580925790759,0.9586313058835516
61153.18767,4.91902562484577,0.47128335538874794
61153.18767,3.7364181414872455,0.6306122652198586
61153.18767,2.481785126521971,0.6517801589017619
61153.18767,6.3572840469862735,1.1451995813776543
61153.18767,4.095608908297854,0.671665327501534
61153.18767,3.776930166703184,0.944986698165241
61153.18767,3.8848715167497607,0.8209868054819751
61155.197745615835,4.222654323920141,0.32493167732245337
61157.1112880204,4.629353044049193,0.2515901699017524
61157.2756150102,4.402709344258004,0.3266579278156032
61157.57092706153,4.61585869855301,0.3500146123680779
61157.6687514142,5.05194684597425,0.8041256932471559
61158.07029606081,4.183578417668973,0.16934394566592706
61158.190757020406,4.486809038439134,0.2298522090462186
61159.149765060814,4.679931361862208,0.17181448068227348
61161.111647171834,4.492094736443752,0.5856562121420402
61161.111647171834,3.2371909093590983,0.47049040882110743
61161.111647171834,4.631647526598397,0.7165054590844593
61161.111647171834,5.762823290865521,0.3764551448607289
61161.906328222445,4.194359116395095,0.14526585282202692
61162.07065521224,5.003116036755296,0.60698205626581
61162.98579722245,3.959514136940011,0.1377935125666378
61163.02966325265,5.955004543677435,0.7343728346521298
61163.191333,5.0551475616784876,0.1646630559110903
61163.191333,3.456254038271691,0.3939778390165346
61163.191333,3.043015772196508,0.4513710909518801
61163.191333,4.340006810956561,0.23784466122909262
61163.191333,3.2084202568802205,0.18607681752618407
61163.191333,4.503558106539522,0.20680640338484377
61163.191333,3.661260939357076,0.32341193003755614
61163.191333,2.782701668117797,0.3048418846543338
61163.191333,4.51744634881399,0.1520033698284048
61163.191333,4.225541673402303,0.20109524674119597
61163.191333,3.7119843537294432,0.3187899769979322
61163.191333,3.5624941399951133,0.21463558804170416
61163.191333,3.7518430604000166,0.41102838966266675
61163.191333,4.765629002609215,0.2743281134295002
61163.191333,3.13043768386433,0.3101651870534004
61163.191333,4.215484095755855,0.28590083097137864
61163.191333,3.661324055354072,0.5440998371256401
61163.191333,2.956615848807532,0.43548923647599513
61163.191333,4.5282837328677115,0.18012467855425804
61163.191333,3.676865816617296,0.27189659766869395
61163.191333,4.095570207596581,0.21870644619419446
61163.191333,4.043747401727853,0.3621369189170912
61163.191333,4.922135673437552,0.25320729731877545
61163.191333,3.372385658173089,0.31251375193166786
61163.191333,2.6426457182010505,0.4964751018705874
61163.191333,3.626883436847714,0.297219083085362
61163.191333,3.9386843845723822,0.2638033955978873
61163.191333,3.21520110101687,0.34547900793137853
61163.191333,4.08250804029906,0.32305205977357093
61166.86569541428,4.642518205843622,0.39034071728551395
61166.86569541428,4.522690346414814,0.275200305407746
61167.66037646489,4.687787188835555,0.2235236307949543
61168.54418906153,4.886067792848616,0.1945942769438351
61168.6193845053,4.975111453168545,0.26941262624812345
61168.739845464894,3.9467994491377993,0.215239295816967
61169.6988535053,4.749158061617258,0.2602359750969984
61169.742719535505,4.625445910592623,0.48141297985188136
61171.66073561632,4.799614711095915,0.5560685021630565
61174.531125071735,4.247577557815125,0.20512447729203556
61174.53775973755,4.856473052032498,0.33241014161703825
61175.49676777796,4.755666906868859,0.5980087125113795
61178.36715723336,4.729031346591315,0.1875656972053017
61181.2508160204,4.25517502932279,0.677796746675826
61181.546128071735,4.990157158471276,0.37745078286158135
61182.20982406081,3.7905387559774972,0.4565997898392968
61184.64823215135,5.036593036998024,0.2580035302230641
61185.38216023336,4.715341717506188,0.3840207639463997
61186.045856222445,4.668496896885849,0.3361663550608939
61188.5577854142,5.759241721271837,0.32877440513109274
61191.64005115134,4.6319297053743975,0.44096040621774635
61191.79990446489,4.635626561196375,0.6228592594560841
61192.519390071735,4.449621543840408,0.19117166390732995
61192.7589125053,4.408063669773555,0.6823619280487497
61193.711285879894,5.245510082012018,0.22308494947395102
61195.058036,3.177943560945839,0.36085099998865705
61195.058036,4.407618712482119,0.34221543856647035
61195.058036,4.073283438667482,0.29741073786046135
61195.058036,3.564654807132845,0.36551066268136334
61195.058036,4.563258629991241,0.14722199096767224
61195.058036,2.845101910475032,0.5014513365076866
61195.058036,4.394540965761279,0.24557482415166865
61195.058036,4.637081271090953,0.24876515540225713
61195.058036,3.746609691898649,0.35713026269555564
61195.058036,4.180690064486283,0.34418765056289835
61195.058036,3.7232140898923705,0.257939259313276
61195.058036,4.4694128618529465,0.2224631663304652
61195.058036,4.728473659565136,0.2684635170255
61195.058036,4.09261430691236,0.19985583073662774
61195.058036,1.9656330079292603,0.5601538195607666
61195.058036,3.4279996035167306,0.21595353179773025
61195.058036,4.4073185976165545,0.19913618688421625
61195.058036,3.927392515259533,0.4077720591058304
61195.058036,3.3083176736641073,0.28749217610101147
61195.058036,3.7235892116617917,0.35969034866895644
61195.058036,3.7054019403423846,0.4956730001201259
61195.058036,4.1434524862165025,0.36150491087661274
61195.058036,4.538962553096285,0.1789667341921235
61195.058036,3.755552747396555,0.4434297539720597
61195.058036,4.796028418996519,0.15507888084754157
61195.058036,4.177985258233732,0.35351916751527174
61195.058036,3.334349055619061,0.4187255505177729
61195.058036,3.7650897666985745,0.28547758769828996
61196.35542223336,4.884773100858466,0.17903190245093728
61200.726288879894,4.442143127677312,0.3672694527710782
61201.383350203156,4.38719922161177,0.2660461572666412
61208.398353203156,3.300100372291051,0.4862638740249762
61211.699550879894,4.249648422111161,0.2232714753514374
61219.371615203156,4.395882505076501,0.2535036367064732
61232.07160749622,3.905230032839831,0.18392934057043098
61238.3526824142,4.943242481637631,0.2077870617733868
61239.08661049622,4.188756485719148,0.3010748134337412
61245.3445014142,4.615696374408646,0.3510884836860671
61250.05987249622,4.3609556387532,0.17407598303987215
61259.72718948401,4.791869160665983,0.2528292062319188
61264.020511,4.555846552768362,0.33167907726093826
61264.020511,4.883401679802979,0.23408260599162983
61264.020511,3.6243934974296916,0.41962131157555294
61264.020511,4.170144405116867,0.41135995461932
61264.020511,4.460403466045177,0.2779650677669278
61264.020511,4.258506774465316,0.3229346173666349
61264.020511,4.4120956540456255,0.303009184734149
61264.020511,4.413617516996055,0.4008564919403936
61264.020511,4.6434605266999025,0.4052075174397904
61264.020511,4.258971010282177,0.43961585115217844
61264.020511,4.153872870695193,0.3795316132398425
61264.020511,3.507165711137903,0.48091861022703025
61264.020511,4.042417958727347,0.25500984293991413
61264.020511,4.227075074196275,0.7267681237523503
61264.020511,4.52051771469425,0.3913344418649552
61264.020511,3.7778266664686146,0.31334800350195896
61264.020511,4.349574319644951,0.2268284344936835
61264.020511,4.7120844500214965,0.3837927275132376
61264.020511,3.2367661349392876,0.5691882661768389
61264.020511,4.313124562180124,0.19503218894378088
61264.020511,3.620360988207106,0.6247088405958354
61264.020511,3.7818900231222763,0.5031642231132593
61264.020511,4.4155248045608175,0.30540365060544966
61264.020511,4.1748350479143745,0.411959190133642
61264.020511,4.771616496467209,0.27979398232311814
61264.020511,4.961669803433212,0.18480585271017466
61264.020511,3.1000272454703977,0.6129641202950714
61264.020511,4.972309639474098,0.2363295008589572
61264.020511,3.5550142960863047,0.47760176384136505
61264.67788087009,4.175584266010827,0.14357194449970326
61269.105140879496,4.606555389114565,0.20733154374996046
61271.69288387009,4.024626400178558,0.2601917550139026
61275.096437879496,3.2788022646834385,0.2423397226869237
61282.66614587009,4.2533308063536275,0.1446085650376071
61286.973106,4.764297312738199,0.29230592668822936
61286.973106,3.9552944161221815,0.3817791784132635
61286.973106,4.974606954228227,0.17304835189676918
61286.973106,4.118951897009435,0.19706714472634923
61286.973106,3.6690031140533463,0.3871740888009972
61286.973106,5.005610078518699,0.14768867356962448
61286.973106,3.9766953973316888,0.3157587030299999
61286.973106,3.9376328739558417,0.24561857233541295
61286.973106,4.324287526537846,0.2577374540919845
61286.973106,4.807888555805402,0.3175168540865983
61286.973106,5.244146555346825,0.22736323607342698
61286.973106,4.34855531492946,0.22954663050074386
61286.973106,4.231897585944936,0.3059300488112928
61286.973106,4.144228886605877,0.3370487668168312
61286.973106,4.316166296952079,0.22456291189052296
61286.973106,4.3086125172459,0.4857570580368353
61286.973106,2.5882671915618705,0.573170562075734
61286.973106,4.810937547436366,0.2725157965277714
61286.973106,4.711599974066089,0.4749745671480766
61286.973106,4.183897142863676,0.3136928548637856
61286.973106,4.742504739840099,0.14866752411161463
61286.973106,4.714731172631961,0.38186307628899785
61286.973106,3.3660712063309184,0.3377263661479991
61286.973106,4.4767302874854265,0.19289334942309028
61286.973106,4.2709307316848975,0.3062514307498875
61286.973106,4.1523828936449965,0.3226551158487007
61286.973106,4.502255616945076,0.17829635337307717
61286.973106,4.555284957555072,0.24971353112229958
61286.973106,4.822174878645891,0.4493246842316587
61287.694073839884,4.481622839115667,0.13766971949775364
61289.71874448401,4.285620944455104,0.31082657469102926
61293.448122082336,4.658863122511869,0.18264126720679658
61294.709076839885,4.070571069999152,0.2763833799964381
61299.091319879495,4.256153890348248,0.20621256086156434
61300.46312508234,4.329857572384407,0.3147146169238352
61302.095401879495,4.608953209589699,0.19869939003947634
61304.989274,4.313351070850004,0.18868740421010557
61304.989274,4.3166979889148145,0.3115828599906706
61304.989274,3.8061232974564128,0.22774269083941298
61304.989274,4.397414503763027,0.23062994923540148
61304.989274,3.8857593099971055,0.3191616724204056
61304.989274,2.3700198087275828,0.5770755848302244
61304.989274,3.9627252579178247,0.33552095705924306
61304.989274,4.283488481179872,0.28240150718296003
61304.989274,4.683377135076976,0.37022414261580944
61304.989274,5.244113384506839,0.31129542735669696
61304.989274,3.969795867173201,0.4153387997415261
61304.989274,3.8684325444148113,0.35855505309241237
61304.989274,4.086861880535305,0.3380507007159301
61304.989274,4.7420584233892225,0.22344932598054498
61304.989274,2.450180273929245,0.5186767640976448
61304.989274,4.520591721098598,0.2838621791341324
61304.989274,3.7020402285446288,0.4407124956841031
61304.989274,4.619445326424376,0.3434655931772963
61304.989274,3.728312985044062,0.36475913356254147
61304.989274,5.032440178783826,0.2676446538033213
61304.989274,4.462152243741363,0.19762250447095733
61304.989274,4.174974312888488,0.34418765056289835
61304.989274,3.4119562616632093,0.4844159576265551
61304.989274,4.056327153247047,0.22798612701080534
61304.989274,3.719548452326796,0.26717688314312393
61304.989274,2.8106936756204917,0.42934742057412867
61304.989274,2.9158233884177918,0.4068887983279838
61304.989274,4.649990618627785,0.16479077840943374
61304.989274,4.914964567375497,0.17413175898592156
61305.682338839884,4.046560426977743,0.13492937437031022
61311.110037879494,2.7872490672808716,0.6390990839725071
61311.436387082336,4.585680981051537,0.16740807467106203
61316.986669,5.123458320697535,0.1624556864076805
61316.986669,5.1684285441737465,0.4248832792018574
61316.986669,4.250793920491565,0.3719213181934386
61316.986669,4.843902823474705,0.28469124913309213
61316.986669,4.9512290395294976,0.3119302922663302
61316.986669,5.136830773812972,0.24955238226858406
61316.986669,4.541747681567774,0.22944688784569434
61316.986669,5.109343173159496,0.3710121472807564
61316.986669,4.702889534618441,0.3602435538951873
61316.986669,4.4990653068923105,0.2018853702232644
61316.986669,3.8782263747951466,0.593997350099682
61316.986669,4.718467736557122,0.37301491949091004
61316.986669,3.829894367892609,0.46406200988065627
61316.986669,4.580350440833601,0.23258997713258622
61316.986669,4.874637757630613,0.20071035610331606
61316.986669,4.7550611183792535,0.33305411476566876
61316.986669,3.785710833361626,0.2787968297562928
61316.986669,3.924271660511142,0.4428080699604107
61316.986669,4.937481605175401,0.18048271836538157
61316.986669,5.189994174839963,0.3382492272383155
61316.986669,5.343745864060919,0.2762059022355185
61316.986669,4.384193250913581,0.3883024879567465
61316.986669,4.8740440356264365,0.22272572065029694
61316.986669,4.630362032236188,0.37995756679526005
61316.986669,4.632453943051477,0.26560862946595165
61316.986669,3.0110401962583007,0.5297775952111741
61316.986669,5.225469067329396,0.43744795867903563
61316.986669,4.190144715331656,0.5214552587344323
61316.986669,4.816777431140467,0.357374872464525
61319.64047248401,4.894101810153229,0.1911947146660506
61320.891575061534,4.548989691400962,0.2488911819337816
61326.882872061535,3.4311658252488746,0.312116101502612
61341.999071879494,4.012239598882652,0.26519894454987225
61344.866776071736,4.341441938766781,0.23592938995956722
61348.70280823336,4.431948616705002,0.21743397884557727
61349.586495484014,4.97765734098415,0.2056449064685747
61350.85807307174,3.5338096107715495,0.29282787571018504
61350.877754061534,4.745770420894727,0.2115392842057983
61353.709977444,4.304526745855993,0.25041219076797944
61353.88183606153,4.302649370775432,0.2580014008918263
61354.694105233364,4.0321581112021,0.2784150538611398
61362.89647206153,3.131621825908365,0.7752796333296051
61364.046936879895,4.808479951060957,0.264493694275972
61370.038233879895,3.1864509204376485,0.3105655860151574
61371.71900120316,5.03699826755586,0.31283940704880664
61374.852955071736,4.97330505918845,0.22034572825716894
61377.71029820316,4.179765227732068,0.3868885188174909
61377.857037071735,4.218765904202552,0.2640162220976111
61378.68898723336,4.7160528670690525,0.21725619145486116
61379.724390484014,4.271662255775114,0.2190137914015222
61381.521210615836,5.22271529101384,0.2526593512633905
61381.69306923336,4.203011793680105,0.2508580083001713
61383.701532444,4.545795254969374,0.34808333571482625
61386.871673071735,2.331693195263278,0.7349689751735831
61390.70770523336,4.240116022122518,0.7689304648463791
61391.793968879494,4.124449604384028,0.18894825344059618
61393.78550606153,3.7746393004050773,0.30245926940708456
61394.033115879894,4.396257761815614,0.22812114816608872
61397.037197879894,4.457811301386185,0.22868072579854848
61398.78578787949,4.431034930334722,0.24905362001730016
61401.70518020316,4.268768883245567,0.3005380888071031
61402.40725849622,4.429459933965656,0.2166174631718086
61404.709262203156,4.090255047349791,0.3222462974689326
61406.051833879894,3.715774055569068,0.7170054730584178
61406.60364148401,4.916710953789831,0.20938033019983945
61408.39855549622,3.5816019788361437,0.25227723328240237
61411.51276561584,4.9191323495733315,0.30847944049600007
61413.623260444,4.859174162586065,0.23129358367200092
61413.723898203156,4.373450689459277,1.0656318429773537
61417.760707071735,4.913688492908344,0.3281629225935304
61417.96351615134,5.764987033920552,0.307053631025928
61421.59673923336,3.755289807640189,0.2919268955555502
61432.39343749622,4.12885432803337,0.19206227059565395
61435.01353187009,3.8636003573718964,0.1709128111869211
61435.39751949622,3.946207487966916,0.20347965313106353
61436.94086787989,3.96456227096067,0.3109386377701307
61441.00482887009,2.863352242591608,0.2087494608204169
61441.43449361584,4.795740573374932,0.19958130150185652
61443.569283444005,4.958923416999866,0.2130062203628041
61443.58040306153,4.1559748455509125,0.2077129922434195
61444.41215549622,4.202519905761834,0.6251407944387862
61444.612932203156,4.16167505384721,0.3813408654928013
61447.955071151344,4.541187018889099,0.41913311136047193
61450.57222206153,4.277505166451229,0.3319763788311494
61458.029724839886,4.14938861556943,0.16220233301962822
61463.78377308234,4.00713375113766,0.2077681827296575
61464.021021839886,3.398273065399695,0.20787475181035217
61464.99971087009,4.127640566132767,0.15950998526997717
61467.555604071735,4.285811890596591,0.21799005846494593
61468.00379287009,4.445753493702056,0.16236069174921317
61469.77507008234,3.4051870811431186,0.256451581555201
61471.38051661584,5.132619708392786,0.20682812010398477
61471.39163623336,4.291318790648704,0.20374434976045097
61471.6679664142,4.63596328979344,0.2448407151536656
61473.42828648401,4.340472692929991,0.23533169506967852
61473.707178444005,4.921517446594691,0.2560230863287556
61474.54742307173,4.203001037131521,0.31348528773429457
61475.30118949622,4.306214763583428,0.274799193352251
61477.01842887009,3.1096791979110447,0.5420229637565511
61477.876799151345,5.5467140853478085,0.26388954231940775
61478.38345523336,4.298785861058773,0.2949492811977209
61486.73576487989,4.156012431612897,0.21469128498705486
61488.015903839885,3.898581790095797,0.1548947460131124
61491.019985839885,3.849647055677165,0.17707849228289257
61493.72758387989,4.614306512597427,0.31578831058478163
61493.76995208234,4.050948810080649,0.19834558940858474
61494.407829203155,3.992857551153717,0.2783474755083445
61496.77403408234,3.9414896843341847,0.21781894893880205
61500.034621839884,3.6235604921203235,0.5611182880003229
61500.586429444,4.7531905797714025,0.22277333485748857
61501.39964820315,4.550493191212418,0.4047374903838839
61501.51841161584,4.834912565818868,0.21701283813940828
61501.6595214142,4.225711790489138,0.32877440513109274
61503.234882,4.216092213614573,0.3434371815292314
61503.234882,4.501097848416679,0.35196163263256824
61503.234882,4.102598867119435,0.45546783624711185
61503.234882,3.710609407268464,0.5785997419948932
61503.234882,4.472065674058895,0.5164630225645277
61503.234882,3.8425459012427305,0.7590048536781772
61503.234882,4.430745304975503,0.5912085035720418
61503.234882,2.4447965014426574,0.5334939061226074
61503.234882,4.049657381359724,0.4865181424153956
61503.234882,3.3195285740629235,0.3791063703973086
61503.234882,2.9210619085278724,1.1294193588820103
61503.234882,4.387503370483048,0.5965853962509227
61503.234882,4.236939302317921,0.8357701123609278
61503.234882,3.8481166855770113,0.4331661652778221
61503.234882,4.313626175518111,0.28810587507344315
61503.234882,3.860626921770244,0.5665371274283199
61503.234882,4.300895064638062,0.6122626787840473
61503.234882,4.743316094416693,0.4920815405354928
61503.234882,2.6448658844237567,0.980701010788315
61503.234882,3.4832990641853376,0.5799670223644409
61503.234882,4.947404670003035,0.5309003619121071
61503.234882,3.4304032861365448,0.9110941811731836
61503.234882,4.195652008642539,0.38750795161596335
61503.234882,3.96200043813585,0.6081062678176262
61503.234882,3.3327224755613702,0.7051365209808401
61503.234882,4.842679102438371,0.29352979531976964
61503.234882,4.735041131751063,0.3363185069577361
61503.234882,4.132443384417803,0.4501464716802749
61503.234882,3.8664383912108358,0.7601716060502803
61505.78867008234,5.932640696298909,0.6991564244236098
61506.254747,3.4496052378738398,0.7951594410907774
61506.254747,4.5190798048023755,0.4407540518020837
61506.254747,4.643374449912044,0.40472932045467847
61506.254747,4.966139852373371,0.6783515886802821
61506.254747,5.472204181148166,0.6381874858487834
61506.254747,3.6432937703212085,0.5430910631782649
61506.254747,6.099750430682928,1.4231638483031097
61506.254747,4.838226840465717,0.43204190756085603
61506.254747,5.313429126660157,1.2674086833411833
61506.254747,2.4555094185296813,1.0577099896418474
61506.254747,3.707384259300924,0.9938574096113019
61506.254747,4.400024579582976,0.38718049286211087
61506.254747,4.864926608465312,0.49335411416300373
61506.254747,3.2761454909343257,1.1732743321524737
61506.254747,3.7886285132010107,0.8636975198284463
61506.254747,4.77029072932431,0.7397596267246451
61506.254747,3.3558822578305003,0.8215771644483335
61506.254747,5.000384739999041,0.8858389217059154
61506.254747,4.682398966595487,0.5311118259118086
61506.254747,5.396628053159433,0.7708264870070017
61506.254747,3.5286800248338137,0.5473570930174464
61506.254747,4.113940181960235,0.7922910416924004
61506.254747,5.074785136779693,0.6785268645558147
61506.254747,4.7444747006256955,0.7315759975337199
61506.254747,2.8346008927844206,1.0519175552128919
61506.254747,4.468301415612769,0.9780641013354284
61506.254747,3.932265173430049,0.6333886620435447
61506.254747,5.572324429440341,0.8515682510944793
61506.254747,4.647901051440519,0.80649515374698
61506.263019,1.9708513710920856,0.7983014180254479
61506.263019,4.094966393952328,0.6014388855680337
61506.263019,4.621105530180225,0.9692314935569628
61506.263019,4.56649589681815,0.4420774253660217
61506.263019,4.490105493499421,0.6458692347332698
61506.263019,5.202711813862646,0.8658408320894597
61506.263019,4.686937794666851,0.713606420350046
61506.263019,5.534437210033768,0.5528492419256015
61506.263019,2.56389361144252,0.7965106888290353
61506.263019,3.556495888966868,1.5537651648699498
61506.263019,4.629864349469818,0.38428942657422605
61506.263019,4.4262700338117185,0.730875790876492
61506.263019,5.927037136142464,1.3190849661110595
61506.263019,4.579703428906775,0.48455389505454477
61506.263019,4.671318671181668,0.3812885067450352
61506.263019,6.022404633671583,0.8523925208886216
61506.263019,4.884778946914005,0.7565780154228451
61506.263019,4.2097494091602385,0.8375410356666819
61506.263019,3.994919665548829,1.1662137030240063
61506.263019,3.352514355237111,1.0212593022554797
61506.263019,3.033658922127123,1.041060850916003
61506.263019,4.35350987886609,0.5842516490191437
61506.263019,3.714762246262495,0.6246892853293288
61506.263019,4.950445109074149,0.5120337368872517
61506.263019,3.4571051468804574,0.8033405570514985
61506.263019,5.770446318737508,0.4623838060283945
61506.263019,6.07007081175795,1.2448110215470998
61506.263019,6.000374703497294,0.7722530532545144
61506.263019,3.8644436882617885,0.6814857364964019
61507.82282215135,4.7373874221005545,0.2695303039117371
61507.90746287009,3.519533043084837,0.20136353948785096
61525.09608649622,4.478257514116995,0.19112385559274359
61528.39766261584,4.351530179060692,0.20486952048178794
61530.923655839884,3.6913855999360496,0.20461243618244332
61531.5812494142,4.641081197718893,0.22150305501360049
61532.08790549621,4.173272638171127,0.2652586408226624
61536.677704082336,4.66624415394671,0.2589642731074871
61537.96071715135,4.963017885793729,0.28915034423288266
61557.70235987009,3.7649399976768834,0.14344236693246526
61561.527272414205,4.289378565081771,0.23706149510697722
61564.694178870086,4.1402095901548535,0.21445087377888877
61564.83996815135,5.352966187176497,0.25285326963876337
61567.411074444004,4.892423914057333,0.24002164343320828
61580.718552839884,4.106717527156382,0.14275893187729147
61586.472601082336,3.8502475723417966,0.18578213164715404
61587.71037183988,4.296323311450445,0.21740071344384604
61591.665167414205,4.055592531047084,0.2229360692327273
61593.46442008233,3.7734691410972534,0.27105660120286407
61595.22230761584,4.925008148439922,0.2393408738324519
61618.5444184142,4.618767119163918,0.213519118649894
61625.10925287949,4.257432727934986,0.2188410820306059
61631.66461315135,4.989995441235303,0.3063178795138848
61649.007931,4.120350681628074,0.8049854765607996
61649.007931,4.03941965759796,0.26408778591255405
61649.007931,3.262924404622832,0.613271764369188
61649.007931,4.315173564567197,0.38836375539603396
61649.007931,3.539560957265418,0.7250536688254762
61649.007931,3.972522927373495,0.4079452399602489
61649.007931,4.705924906725286,0.5073738408574736
61649.007931,4.3726984081311535,0.3399563992840027
61649.007931,3.0390213377633053,0.8987477474705577
61649.007931,4.617441201202892,0.4635807750598822
61649.007931,4.490243768462961,0.3525405168967664
61649.007931,4.099303817293022,0.4719162494938374
61649.007931,4.647205512997868,0.5682392542778576
61649.007931,4.199340464512517,0.43505097052510056
61649.007931,5.35345126425968,0.5305585888949725
61649.007931,4.643561340517808,0.40556243905913736
61649.007931,4.8499266433995185,0.5675443045437482
61649.007931,2.1730422833707994,0.9458673683286208
61649.007931,3.935842376700932,0.7060197817586867
61649.007931,4.409005636719416,0.5572998476359116
61649.007931,4.971102913038369,0.5851272900489204
61649.007931,4.519934893973085,0.2884490278162016
61649.007931,4.421496054794249,0.7447772843400681
61649.007931,3.9215180061671155,0.5907105020852053
61649.007931,3.979858435896765,0.3518392182968075
61649.007931,4.285298580457052,0.4752547322269397
61649.007931,1.8102998805839814,1.0578272750496893
61649.007931,4.5882438735557995,0.5868369255521975
61649.007931,4.0257487457498,0.33696180938114395
61649.010581,4.659184381999926,0.7029047292882907
61649.010581,4.292320403961634,0.3044107067566959
61649.010581,4.9525924056405985,0.3635851749277647
61649.010581,4.514918529795418,0.44615597320011396
61649.010581,4.587626456516611,0.5175834632019373
61649.010581,4.848407583577389,0.931564872654505
61649.010581,4.054911577650766,0.4223825034434158
61649.010581,4.500441530954889,0.4650084277059957
61649.010581,3.274704074568602,0.852467272063067
61649.010581,4.992864314355507,0.5850896441915571
61649.010581,3.515263036316327,0.6768721760897501
61649.010581,5.207139900799617,0.6128813695159923
61649.010581,2.904663088646495,0.8017919298646431
61649.010581,5.138632382994602,0.7687984646933798
61649.010581,4.000271122747176,0.5524398174738794
61649.010581,3.8703954884986906,0.5302900597918145
61649.010581,4.125439089406246,0.5224938206279303
61649.010581,3.7739860394108575,0.6281673364423481
61649.010581,4.7467301444147,0.2570825099072947
61649.010581,4.671073962844028,0.3226975206514102
61649.010581,3.823369096106516,0.3600660123313445
61649.010581,3.671877487322802,0.6992042280135505
61649.010581,3.9352822665938625,0.39195813127233053
61649.010581,5.026408003147379,0.5836389087613667
61649.010581,4.3044641630263145,0.2846384521885257
61649.010581,3.764692211833985,0.5681151844341469
61649.010581,4.86623387706088,0.4623268185264659
61649.010581,3.9673373371498535,0.6116083033437283
61649.010581,4.093079087914073,0.3650080133453449
61655.10080787949,4.3915508198441735,0.2418601585918968
61673.65708748401,4.647563843889756,0.19451727577438604
61676.89568706153,4.154699414896786,0.22210713819713016
61685.02253587949,3.943669926028724,0.16656859567267446
61685.369063414204,4.409956475805441,0.27145383636602055
61700.87088807173,4.470278955864518,0.2169028262531505
61703.56783048401,4.028269909495864,0.2327758788324976
61704.70692023336,4.513908603825044,0.22063415187846394
61706.88724206153,4.8665719242784,0.3168534153607952
61714.9685588795,3.714726027062884,0.16912627084615106
61720.05104887989,4.762967636954231,0.2588979179513746
61727.72311320315,4.307602456518395,0.3181458580550315
61730.86244307173,4.810039022050531,0.2975392152946311
61733.55639348401,4.2258541647548675,0.21586817141729925
61734.69847523336,4.17170343417503,0.2787706286425717
61736.80897006153,4.20844970674925,0.21500116740985525
61745.106453879496,4.385955905402193,0.19182563801075755
61750.04260387989,3.808626637381888,0.30422370618061384
61757.50339448401,3.8456273491619193,0.23611810006573442
61757.71466820315,4.319180167804705,0.3880945304098148
61758.411370496215,4.368306556275997,0.19737995561214616
61760.78417107173,4.542217487211635,0.22433224636708482
61763.47246748401,4.410069535080924,0.22156960763870331
61764.62020323336,4.182815146094775,0.21121142017051986
61766.754993061535,4.469548582086811,0.20534433531432789
61767.639875444,4.454150627476695,0.23503418071251847
61771.985704879495,3.5091528849946894,0.19342418499418051
61779.96433187989,4.022366640393761,0.19268123144363833
61787.41293748401,4.295057804407772,0.2044652989744911
61787.636396203154,4.777705775206233,0.27062900131747186
61788.402925496215,4.04311447726746,0.25587449079355873
61790.73019407174,4.620679411829526,0.21291630814323478
61791.01764387009,3.8923277040285607,0.17829873251948708
61794.566226233364,4.402613697236875,0.20036638933684836
61795.45110861584,4.45161461975495,0.21152875919725714
61796.892888061535,4.222479443944639,0.2266622476761525
61797.550618444,4.8945020235242875,0.26454333514326794
61809.910354879896,3.9130438235988763,0.20890898278497086
61814.03383683988,3.9275511528716276,0.16885745690056228
61817.399982484014,4.3198295617835285,0.20269588773336572
61817.58241920316,4.476926484080664,0.2542272436618675
61818.324653496216,4.107583587967402,0.16938390802532036
61819.78788508233,4.3092849103000646,0.2055695776214073
61820.86808907174,4.284724658384796,0.22396983562981976
61821.00919887009,3.3166145727901295,0.20563959920670494
61823.398843484014,4.819589936776947,0.22412542387588447
61823.77213906153,4.120991604752021,0.19714513825208763
61824.704121233364,4.199687169473717,0.21174478234266764
61825.36185161584,4.268877275003986,0.2389491539080127
61827.539181444,4.917361227660782,0.2499965688745886
61831.893414151345,4.676074796096975,0.2633990413113791
61837.334759,4.726867167395345,0.5356748418604177
61837.334759,3.524875418199632,0.3835121252158093
61837.334759,4.462279165119354,0.41806871772828746
61837.334759,3.952405371395578,0.3507547292928102
61837.334759,3.5015467524329438,0.7218014606753465
61837.334759,4.620790621353791,0.29810634300729705
61837.334759,4.068655063112947,0.5155597803531529
61837.334759,4.7422141641478595,0.41831045476867645
61837.334759,4.09862662805608,0.44546354492579715
61837.334759,4.219332936590176,0.263754201340875
61837.334759,2.9048971114489754,0.8616541667777117
61837.334759,4.298245765797401,0.3380424931278831
61837.334759,3.603526021023507,0.49997208076607863
61837.334759,3.900225728119424,0.29673668640574635
61837.334759,2.774526981414791,0.5239676900842465
61837.334759,2.4695469276514714,0.6894702154702412
61837.334759,4.080483490545261,0.43359812141430204
61837.334759,3.9459666536088385,0.48237046440796966
61837.334759,4.210353226723082,0.3192546717053641
61837.334759,3.728978920329822,0.47026703623863053
61837.334759,3.859091763298145,0.9983841508980046
61837.334759,3.9829989412947606,0.5073654718969175
61837.334759,4.014294602578223,0.26604746200501544
61837.334759,4.079548905256567,0.6147495013812082
61837.334759,4.0604107699935446,0.5313163876559398
61837.334759,4.2251848632881535,0.4807400434371338
61837.334759,4.193044320614699,0.6671899029205983
61837.334759,3.045557685017637,0.7836354097137226
61837.334759,3.9536052585798007,0.5331838752665096
61838.329025,4.013997077228539,0.4184129529407297
61838.329025,4.228795899579767,0.4974791934743062
61838.329025,4.743839835716063,0.38642110832993143
61838.329025,4.052553438586217,0.41495342103262184
61838.329025,4.270313549406147,0.47600936496301166
61838.329025,3.256627316900044,0.4939880837389846
61838.329025,4.457318057560735,0.34365210434899396
61838.329025,3.691572493880498,0.46671543919391795
61838.329025,3.333464319671819,0.5320377200641978
61838.329025,4.067820724240687,0.2569349879091809
61838.329025,4.169652689803994,0.3421503512722221
61838.329025,3.1893345451088617,0.602533751737707
61838.329025,3.723721061767619,0.2999274034638727
61838.329025,4.652213415260935,0.41704087794015443
61838.329025,3.9750572208120323,0.22008961049546852
61838.329025,4.090124512493171,0.2198322327364713
61838.329025,4.453050454488221,0.27829861001333417
61838.329025,3.3530928233339257,0.7073780250798573
61838.329025,3.8333638920959885,0.45908812182689435
61838.329025,2.372623157230576,0.8716878570856547
61838.329025,4.274278464745807,0.5546877684876419
61838.329025,4.421147174884773,0.33614478436717876
61838.329025,4.374063945327109,0.3653738219970652
61838.329025,3.5979567635440883,0.4840993092393689
61838.329025,5.027441609993726,0.46153891314493806
61838.329025,2.9399948771317153,0.7452868337255459
61838.329025,3.9428477815890375,0.6595771968240238
61838.329025,4.353837686976391,0.6388698918916961
61838.329025,3.778530798654712,0.29033319907010885
61838.810349879495,4.00256199544501,0.19518258667594562
61840.048249879896,4.008712946161744,0.22569631175876315
61844.02539183988,4.12289861267081,0.20630884030895594
61847.72031420316,4.630089956305793,0.2990908748963147
61847.747340071735,3.8620993771231227,0.21617800477862034
61848.27067649622,4.0027157113921685,0.16281500300494783
61849.77944008233,3.73742772164415,0.2592783595515229
61850.93092687009,3.8889586872803728,0.1345015147930433
61851.486182444,5.116859736488385,0.2556074644353649
61851.58337223336,4.364567195623666,0.21192256973338358
61855.35041461584,4.034237040264806,0.22915615579702858
61857.455255444,3.962054305701944,0.23150139461869637
61861.804157151346,5.865539740566424,0.29871511388944083
61866.927500879894,3.9122604149134332,0.21207992270224274
61873.94711983988,3.599336102178974,0.14680420325589832
61874.599565203156,3.8177929084119864,0.27617665464216157
61878.40857149622,4.1236930455173635,0.19487751560438504
61879.29741561584,4.907380751840151,0.22504309659041527
61879.701168082334,4.575316128398356,0.18421169942697538
61880.87694987009,4.033696829885217,0.13877757451189726
61881.395725444,4.215791471617049,0.21259059846941325
61885.26648861584,4.238910700784374,0.2132914988572343
61885.5978644142,4.38293392195905,0.2106530902116404
61886.37096148401,4.292501988170591,0.2213730063896894
61890.596784061534,3.61588462484219,0.22848429146776145
61891.792720151345,5.068475602519886,0.28252858062449604
61902.196395,4.198140929174693,0.2151203303876567
61902.196395,4.610043236012063,0.33492000256077326
61902.196395,3.838875064306343,0.43485872295979167
61902.196395,4.128358464058421,0.2875534265707573
61902.196395,4.208484148040231,0.27571059087065
61902.196395,4.232410107627494,0.3738781119016049
61902.196395,3.484680756671641,0.24029177788566636
61902.196395,4.572052521120124,0.4695268121614732
61902.196395,4.140273393102249,0.18502824242462731
61902.196395,5.043864292827932,0.5541369950060894
61902.196395,2.9805050326795577,0.6864162219559511
61902.196395,4.40939756075297,0.2435617558080901
61902.196395,4.187029150500663,0.1890276455304731
61902.196395,3.9541583486965033,0.36276433939618946
61902.196395,4.251046236732117,0.3761366518611514
61902.196395,3.9574633127504084,0.34171984725047344
61902.196395,4.371013925013446,0.35805146453469827
61902.196395,4.114393043543766,0.37404351134981023
61902.196395,4.325754640594973,0.2893005490280714
61902.196395,2.956942302508038,0.4736843194352841
61902.196395,4.207611109721454,0.3591911254230592
61902.196395,3.9197851830124737,0.31044894081051994
61902.196395,4.802551828997945,0.2286592843583297
61902.196395,4.33060319422044,0.505981513948916
61902.196395,3.717024695798121,0.3264111139079852
61902.196395,3.861066927860601,0.21334294511380872
61902.196395,3.6823725275309576,0.6005932419698933
61902.196395,4.4716247017273725,0.304113779430192
61902.196395,4.7617086399491395,0.3774881163935326
61903.89314283989,3.6484274277477464,0.14628223275543303
61905.28782249622,3.81772283381844,0.17782964305151364
61909.20695861584,4.597334431646393,0.21897143776160508
61909.64719108234,4.098689949574085,0.16709398822702626
61911.01484487009,4.077494047611662,0.1553635031183612
61911.382770444005,5.131406502757064,0.2429309966869442
61914.571985071736,3.793458783485116,0.23629180069683245
61915.5086074142,3.9227316413023274,0.23542376457083206
61915.739721151345,5.075833117640315,0.30754413203395664
61917.381631444005,5.197906005699599,0.2418919419534673
61918.40801723336,3.651995333634236,0.22614556099065763
61921.708794151346,4.889442734589433,0.2911123482649972
61933.752145879895,4.15582590573541,0.23688786440795803
61934.031037839886,3.9450371646372195,0.15267637138613438
61937.89409587009,4.072181367354904,0.14707053881512924
61939.19400361584,4.627888585752664,0.2223010571193397
61939.78508608234,4.3095989967441,0.2030568860691212
61941.42421020316,3.8273927606868847,0.28920157983925915
61945.19286461584,4.829036766952278,0.20389022067068954
61945.4971704142,3.9773908979461634,0.24832089254297354
61945.64926415135,4.305256034027323,0.2660967968555366
61960.910288839885,3.708754168339037,0.1477176516317129
61966.66433708234,3.7099294534688187,0.18264126720679658
61969.4441714142,4.107181042935649,0.23828979300908593
61972.11246749622,3.6660593290980765,0.18330373056849075
61975.4132444142,4.488567541540397,0.22518794871992653
61975.63630915135,4.999805461395876,0.2736995624799803
61980.353749444,3.6601050001535,0.23025452893852383
61981.63517015135,5.227888430129193,0.2776235705442096
61999.3537144142,4.3978782131013725,0.23869922564312215
62004.71874087009,3.6805720436482225,0.15847336473207319
62008.16498261584,3.8375936381962443,0.2142707986683327
62016.034571,4.036461017704391,0.2259278111009122
62016.034571,3.910482188983936,0.4517189362695139
62016.034571,3.9128435637583774,0.2387236489852681
62016.034571,3.988590537889718,0.20415447605245968
62016.034571,2.532091295149609,0.5864556008747276
62016.034571,2.8673097516885084,0.40507283062637106
62016.034571,4.583334638432632,0.558888735267544
62016.034571,3.7928873057073487,0.5135139248361813
62016.034571,4.120041700641241,0.41952733202219644
62016.034571,3.76695850654779,0.31243718922545394
62016.034571,4.054021555088327,0.44839388937169217
62016.034571,4.435895559877968,0.4334485106140579
62016.034571,3.8685336428393517,0.26738047230761475
62016.034571,4.207163749508801,0.3400266795946181
62016.034571,3.173940223398649,0.5123230265158631
62016.034571,4.16092384245932,0.3377673960472982
62016.034571,3.8798261816452877,0.2911444459800149
62016.034571,2.849284409820017,0.49550929637192237
62016.034571,4.086494255034626,0.6838128734529575
62016.034571,3.776621031597652,0.39047723800112893
62016.034571,4.006976140781735,0.6277711388340503
62016.034571,4.008510755903738,0.26281345594602956
62016.034571,3.531623637844663,0.26647444098217027
62016.034571,3.4128540419677886,0.37842187168066144
62016.034571,4.408030609303273,0.1909215698576233
62016.034571,4.088638086811188,0.38430489196448825
62016.034571,3.494445741794962,0.4290823798486718
62016.034571,4.738591568116998,0.466891690960053
62016.034571,4.097148774508717,0.3310712353355977
62027.734933839885,3.640623968765788,0.16794400852474783
62029.340759414205,4.8269636135713405,0.23644734615592267
62033.48898208234,3.671830767807281,0.18719552064531514
62035.339620414205,4.970265035484021,0.2325577361325785
62039.03915087949,4.0525629465394974,0.17360220239973556
62044.60728815135,3.710768812296613,0.2884145927208397
62068.94989387949,3.891013788394771,0.2129264581919409
62090.82558506153,4.035173342167239,0.2109926710683156
62098.3117384142,4.692260276973421,0.22703039557308957
62098.93845687949,3.335870391991638,0.1991789541345031
62114.80078607173,3.23137785052384,0.20276880749981252
62118.63681823336,3.4441618738873183,0.20890018409121283
62120.73632806153,4.296818830642284,0.23176397029265755
62122.88545787949,4.121812001861381,0.19518258667594562
62128.85453087949,4.082663586237352,0.1771190057632661
62133.98094687989,3.291464989462594,0.19547911960593703
62141.653011203154,3.8822156356507422,0.2877543659284703
62144.711529071734,3.1427684252625276,0.22705032689657292
62148.54756123336,3.7149320699476736,0.23130139532141944
62150.72489106153,3.884672524980341,0.2299419265010486
62152.795000879494,3.9763761973095573,0.17935697154005828
62163.89168987989,3.679252288757196,0.23856659730533727
62171.563754203155,3.181670033924849,0.3241759160166508
62172.34126849622,3.654798349063152,0.1653174430127088
62174.67189206153,3.9145540431627275,0.22739106519279606
62174.70009207173,2.908832294357918,0.2453520691284595
62178.53612423336,3.141567734888813,0.24143527659222724
62180.64096506153,3.544970680472769,0.208624014139224
62182.782045879496,4.508724313729078,0.1865504329654617
62183.37832948401,3.838353102948404,0.2266812401130656
62188.780906879496,4.223223822489734,0.1865504329654617
62193.88025287989,3.3878988681231563,0.21991400955667914
62198.64709307173,3.5908893018908,0.22215778194349434
62201.55231720315,3.758288296446729,0.3070505514056521
62202.25201149622,4.3676809462740565,0.2003516031213623
62202.48312523336,3.1867257321306575,0.2044554993233145
62204.58143506153,3.686428694321913,0.20188245211027087
62204.61616607173,3.031508328922148,0.19642661959767363
62204.94754187009,3.6468170873827237,0.14551560800827323
62208.45219823336,3.8217822917679447,0.1866767602517221
62213.366047484014,3.658069757602627,0.24948698499868197
62217.82725387989,3.595688695643207,0.2417375372226091
62223.79632687989,2.772363472417438,0.2225253718414911
62225.499318203154,3.6827678505354093,0.28871917520232937
62227.96373483988,3.737175462089379,0.15267637138613438
62228.254182,3.196645408424253,0.331361270975853
62228.254182,2.446042261214986,0.38750054250150395
62228.254182,3.4915866575671686,0.45659558192489486
62228.254182,3.143902426834,0.3513944677949013
62228.254182,3.323301027264341,0.4083608996243947
62228.254182,3.523212383316946,0.48491016703776363
62228.254182,3.397325448673306,0.3995975205461084
62228.254182,3.4433662538092866,0.2276438054987771
62228.254182,3.5664308373834377,0.26495685030985483
62228.254182,3.379587789227461,0.5833678143799341
62228.254182,3.099520347229892,0.38872901948236555
62228.254182,3.0255263515643485,0.3220302064880723
62228.254182,3.1866012075729806,0.24710856591079167
62228.254182,3.0646736581235805,0.20388393275147448
62228.254182,3.7850121128620344,0.1785807527380787
62228.254182,2.7036142309148055,0.4593203566129874
62228.254182,3.353645659379189,0.4137707134925815
62228.254182,3.5481607783719964,0.14900110868329366
62228.254182,3.5598292490327594,0.2590503537445799
62228.254182,3.6061125838955865,0.29170675960859915
62228.254182,3.070019070928849,0.31530199220176114
62228.254182,3.0861633156808406,0.377432873520029
62228.254182,3.6302498628218265,0.4180935640819527
62228.254182,3.391157380073377,0.3442524352246041
62228.254182,3.701018191764147,0.2611694139214109
62228.254182,3.901200799176369,0.3077706281975355
62228.254182,3.466922556468133,0.24284217551172724
62228.254182,3.9821328414427333,0.20444151015908285
62228.254182,3.8530187520761343,0.36551066268136334
62228.254182,2.9372188097028866,0.3038472389037101
62228.254182,3.472669642330499,0.21667869476548637
62228.254182,3.797542132556689,0.15369321698293212
62228.254182,4.098209323298097,0.6651555425148375
62228.254182,3.241351080696754,0.4509621648593251
62228.254182,3.6080241498247476,0.18524296454345698
62228.254182,3.246601421870851,0.39378674934722907
62228.254182,3.143966024235625,0.49385734810503384
62228.254182,3.577840249837176,0.5249762892298462
62228.254182,3.721485465607615,0.2179499254706611
62228.254182,3.902090402739254,0.5736044534928998
62228.254182,3.8827604602301706,0.18025177438794665
62228.254182,3.2823493021367884,0.3882456788828381
62228.254182,3.150067240753769,0.3677683527125257
62228.254182,3.080784456504957,0.3352686856629579
62228.254182,3.9377730221187415,0.2693943433209215
62228.254182,3.562361438127385,0.25301773956641455
62228.254182,3.849135396800593,0.292827505564699
62228.254182,3.629984853056061,0.399628208340735
62228.254182,3.6087678651054285,0.3394718072101185
62228.254182,3.6917346755104505,0.317075506561019
62228.254182,3.636445568438374,0.24843700158933357
62228.254182,3.1698203599097425,0.5033652729065708
62228.254182,3.7900109285605668,0.3009102546131944
62228.254182,3.638006223010878,0.17513190013148322
62228.254182,3.4559908940721114,0.18926753458431037
62228.254182,4.00379897272057,0.32526245536862247
62228.254182,3.4765280634024087,0.2263832221248346
62228.254182,3.5525966667522386,0.5755616887841755
62228.556636071735,2.6565944212214223,0.20494327192340303
62231.468391203154,3.5847191080794794,0.2667697642220356
62232.240574496216,3.9069504603451666,0.1876830005820724
62232.266187,4.027341957191565,0.2935576908243897
62232.266187,2.4790650814187316,0.3523500248462954
62232.266187,3.4423966245887154,0.4333379539129506
62232.266187,4.320509304375256,0.490770976121566
62232.266187,3.785846139008383,0.5089289790787155
62232.266187,3.5295909440988753,0.3110232815596112
62232.266187,3.435371918027603,0.23850031684970086
62232.266187,4.031268623236896,0.36399523141131096
62232.266187,2.792185979154751,0.41422963270020835
62232.266187,3.5967363441770352,0.18567895785766703
62232.266187,3.02858634772287,0.49050415196412517
62232.266187,4.189781584928638,0.5810086448294515
62232.266187,3.288524484096241,0.394721555805489
62232.266187,2.93205614563478,0.24478466090222623
62232.266187,3.351568972639563,0.6482337772453799
62232.266187,3.7304876473312314,0.40581836344347505
62232.266187,3.8499133778160974,0.253496941369223
62232.266187,3.5914240930628054,0.4369293335602728
62232.266187,3.9444455756467276,0.42983121471751756
62232.266187,3.2631693915436903,0.3053392604961724
62232.266187,3.5888528964212876,0.2943965003442831
62232.266187,3.565635534796815,0.23959384454657515
62232.266187,3.60160441149804,0.5914063472552485
62232.266187,3.7102603712620166,0.20868730615357609
62232.266187,2.7423739444577775,0.42751467362582124
62232.266187,3.312916571515621,0.42195185147248865
62232.266187,3.6675840550330845,0.1736863669875408
62232.266187,3.6704395103355756,0.5144910319986269
62232.266187,3.645674659752661,0.3238134574499615
62232.270358,3.33835355211209,0.3758843804648663
62232.270358,2.1276603543193744,0.4183711884399891
62232.270358,3.5128276637309206,0.5314666244249776
62232.270358,3.557488941248595,0.3411340781094464
62232.270358,3.1991433754077976,0.30858108409798973
62232.270358,3.5725674886426013,0.24067113284044447
62232.270358,4.003816867007516,0.37325030103049084
62232.270358,3.8432279188538034,0.2221899333204318
62232.270358,3.1804368013475637,0.45128966098485845
62232.270358,3.829519912094076,0.5192764763163222
62232.270358,3.27986726191674,0.23378484386168316
62232.270358,3.3027440153704246,0.37142209494754136
62232.270358,4.161557470204272,0.6248036407184383
62232.270358,3.0524350870730412,0.257939259313276
62232.270358,3.767513785912527,0.2835626622591205
62232.270358,3.9397245725059697,0.17290800298695644
62232.270358,3.436474771460169,0.29442265242115356
62232.270358,3.237839561789073,0.34567871619710583
62232.270358,3.383217491135106,0.32340304749121623
62232.270358,2.4103703968324517,0.5661423867899759
62232.270358,3.5260476810042327,0.32271284540978423
62232.270358,4.071940684628162,0.3823250688994202
62232.270358,3.6294102393828167,0.24696351504527414
62232.270358,4.6542581990526575,0.47937917805600905
62232.270358,3.944422502205291,0.18614084581253676
62232.270358,3.7943044811762734,0.37913600299514433
62232.270358,3.7211741277157664,0.4244233061238428
62232.270358,3.6962363784317214,0.20418418918971962
62232.270358,3.1153158563534316,0.38549704093011444
62232.39266823336,3.1493903800803134,0.20978912104479244
62233.717783082335,3.333104242236911,0.18955116897558322
62234.568480061535,3.901435327863143,0.223746977609578
62234.85828487009,3.5987049366672546,0.1711719663213971
62240.567341061535,3.7617574507984015,0.2180986418555903
62247.73679687989,3.35712209833787,0.2083494051525111
62251.753024879494,3.7414217616860483,0.17424162119310477
62255.408861203156,3.148625316295176,0.2711114059544014
62256.18757549622,3.322599438032883,0.19612873560826571
62257.87447783988,3.7099807990151303,0.16885745690056228
62258.54368107174,3.6622842171320205,0.2306744342692237
62262.15664849622,3.8197560663247447,0.17782964305151364
62262.379713233364,3.646839499303474,0.2305902457585558
62263.628526082335,3.735260525180303,0.2160914734966054
62264.54254207174,3.9125107106766954,0.23719782753999516
62264.84684787009,3.508259794735131,0.15627054608902718
62268.378574233364,3.802581253570625,0.2081890345283491
62277.361117444,3.9146734098553875,0.24937313603450234
62277.723841879895,3.9417874613195583,0.20517846523523925
62283.722702879895,4.191265822457861,0.22177926833154496
62285.39590620316,3.785616519128787,0.296678851711667
62286.09711849622,3.4300479558661205,0.158122927990396
62287.86304083988,4.021505842955403,0.1719892799033548
62288.79384887009,3.579397879148792,0.15873251986654918
62291.39476720316,3.9628278625048523,0.26966419204361275
62293.617089082334,3.010851550656218,0.201957583514996
62294.76292187009,3.228242671933814,0.14771842665131923
62297.118673,3.669820045027916,0.2607873610213355
62297.118673,2.6346405780153592,0.4572584104043686
62297.118673,3.9981946268041613,0.5845805840769029
62297.118673,3.6210986553776596,0.22760039740177318
62297.118673,3.5468634995057915,0.7645166770457559
62297.118673,4.207111456292549,0.48851669673554654
62297.118673,3.6244249111867095,0.2976147680969472
62297.118673,3.793847968568291,0.4501473530153679
62297.118673,3.4735859088449796,0.37074152252285775
62297.118673,2.8823717702072296,0.5138624586868844
62297.118673,2.716198409479942,0.6165954243252554
62297.118673,3.723238760265632,0.4695277296998299
62297.118673,3.219521721685152,0.34937645922432403
62297.118673,3.543332347564788,0.29237082799672004
62297.118673,2.180375066341563,0.42636270703727336
62297.118673,3.4994967294985857,0.46496396693370595
62297.118673,3.3336658987823897,0.20671123958376325
62297.118673,2.977113652719174,0.2054246679283518
62297.118673,4.097897985779105,0.5797817720999756
62297.118673,3.0468921018480923,0.43806839827482197
62297.118673,4.490053687860132,0.6484416519420007
62297.118673,3.9636949520922062,0.3111702544336667
62297.118673,3.255267446514261,0.38638485054160643
62297.118673,4.159269902763581,0.42558184553303985
62297.118673,3.92038525862304,0.2519216149984269
62297.118673,3.291490865355555,0.35110571970651716
62297.118673,3.328816206498643,0.4571756582041052
62297.118673,4.189485430072537,0.5252457425594234
62297.118673,4.256115449972365,0.3855746217837542
62303.53945906153,3.0643884099979948,0.2111748754474765
62305.17235061584,3.961572994281304,0.21270391897057528
62307.348835444005,3.8248990808829664,0.27410263869125717
62311.81004183988,3.494824558723286,0.15189341563543626
62316.08416349622,3.689832509171805,0.1754836055442377
62317.564090082335,3.091728809995427,0.19237794697190522
62317.77911483988,3.7153962429574596,0.1428894245024078
62318.70339187009,3.668961893623697,0.1473296939496052
62322.08302449622,3.635404439003004,0.19393910060147482
62322.966194,4.565902696848788,0.4353523081438068
62322.966194,5.8198382055568025,0.40211546333467874
62322.966194,3.1352546163719026,0.44231179586494845
62322.966194,4.416011853721254,0.40287315943906704
62322.966194,3.7111712624416358,0.5763634048303461
62322.966194,4.032679173934017,0.2522488181244104
62322.966194,3.2036575649464893,0.3724540803180062
62322.966194,3.343763483218222,0.2697600671164092
62322.966194,4.266590720981308,0.3470594839326876
62322.966194,5.509874599706254,0.5307962125681179
62322.966194,2.1435962193056426,0.46266574078695594
62322.966194,3.3956517065676834,0.6743331584051822
62322.966194,3.7753349497974025,0.41045482661395083
62322.966194,3.723319702843222,0.4228068601739033
62322.966194,2.975502241818628,0.47158145124871426
62322.966194,3.277601312034607,0.4662065216288789
62322.966194,4.980758959269932,0.4518950132877515
62322.966194,3.1918872784797987,0.2521745499759612
62322.966194,3.671010059308064,0.31476463030996327
62322.966194,3.742811473886465,0.233647440181809
62322.966194,4.421917552059851,0.7276786188558106
62322.966194,3.6876260520209607,0.4072751522193631
62322.966194,4.877269003462807,0.3795316132398425
62322.966194,4.073897562779918,0.4371176571486014
62322.966194,4.712698317193222,0.2539520713081437
62322.966194,2.930660294036466,0.33238806423090794
62322.966194,4.6810296805473754,0.2872077485916902
62322.966194,4.3977063451922085,0.38638485054160643
62322.966194,5.329480674013169,0.48314364548207045
62322.966194,3.8268392357825185,0.27817251443119334
62322.966194,3.472902376158946,0.6121006884501431
62322.966194,5.398489528597969,0.5686823462827463
62322.966194,2.361200944804499,0.4433013977263578
62322.966194,5.034333028994025,0.31789250741000774
62322.966194,4.1571710502642505,0.3396450559362627
62322.966194,5.615431547178904,0.6151429027131817
62322.966194,3.5444765744097593,0.36370798390285347
62322.966194,3.6255234234175058,0.5273066843743986
62322.966194,2.6102727654487516,0.2890937830655406
62322.966194,3.7122214180388706,0.30821438683229635
62322.966194,3.4470334955328807,0.27189688600215633
62322.966194,3.453089175443477,0.22105537616596102
62322.966194,3.6428001878837106,0.49633551735693365
62322.966194,3.8425605003041357,0.8595388974050184
62322.966194,6.409982793956319,0.7931535105786843
62322.966194,3.64777496319015,0.21974319452931615
62322.966194,4.166209550934906,0.20577108389450416
62322.966194,2.869642978216482,0.6346874912834946
62322.966194,3.403175648347178,0.4137377371819403
62322.966194,5.250225941754525,0.4040953383377107
62322.966194,4.025220074330157,0.20704482415544237
62322.966194,4.88898408825468,0.5813056228215701
62322.966194,6.633662454610548,0.671026101448835
62322.966194,4.834770856025307,0.4276873260785184
62322.966194,4.468461437332429,0.34131171619178735
62322.966194,4.16248057087879,0.4395347559428624
62322.966194,3.5192683924591392,0.3950195852922534
62322.966194,4.801594308558512,0.3623919935720102
62323.533163082335,2.9378264524179025,0.17557432221599187
62323.966551,3.727368835046348,0.4751529154341237
62323.966551,3.3596828506790644,0.7288269806951413
62323.966551,4.134221387322835,0.34854083538849784
62323.966551,3.4264951482276604,0.38917218960500766
62323.966551,4.347256434798044,0.361775748292949
62323.966551,4.332345328592066,0.6564801848173144
62323.966551,3.8993586154356645,0.19058798528594428
62323.966551,3.1068550980950667,0.27641723615468966
62323.966551,3.0387422265919115,0.35224883587705513
62323.966551,3.3547929216553936,0.20693362929821602
62323.966551,4.051940214845816,0.4743804213666464
62323.966551,3.4406174391556847,0.3064538701736765
62323.966551,4.588745026381069,0.4222200854197576
62323.966551,3.9834099499890065,0.4924837320776204
62323.966551,3.5421688352750973,0.38881621824296936
62323.966551,3.6709799286332485,0.4050556691010015
62323.966551,3.8933506239394093,0.45207034214298014
62323.966551,3.1202989187288175,0.2137386511160085
62323.966551,3.375614450605142,0.2512739265831899
62323.966551,3.985272157268964,0.23030226758008704
62323.966551,4.692581531948321,0.432826554192901
62323.966551,3.2351745510314656,0.5068132351368566
62323.966551,4.467455489314799,0.40816320537355055
62323.966551,4.537611295008139,0.3578162800505909
62323.966551,4.061625152940919,0.3792188018805632
62323.966551,3.8735397309060042,0.2732414062504525
62323.966551,4.7023751959892985,0.41772670862381467
62323.966551,5.616884068790978,0.627852466818826
62323.966551,2.954833971435077,0.3185045332925163
62323.966551,4.126450345766645,0.303581620221682
62323.966551,3.544474266774734,0.33735531398613045
62323.966551,3.6236296236828913,0.4623982413963617
62323.966551,4.176025022968731,0.6369799641622276
62323.966551,3.6070979851764466,0.4736159338159473
62323.966551,5.0514221665191865,0.5711532429300384
62323.966551,4.7174876468180225,0.4512591566645155
62323.966551,3.6136712060433345,0.3118548974577232
62323.966551,3.7026241578309413,0.19630238081967274
62323.966551,2.900605964518861,0.2763897690187162
62323.966551,3.4812723626590785,0.249742324920499
62323.966551,3.5192683924591392,0.4190285678788475
62323.966551,3.7413770218211226,0.7506321516964573
62323.966551,2.3010310733982555,0.8265631497004342
62323.966551,3.0313687583026585,0.5307893912982098
62323.966551,4.818102343995275,0.31669433102177236
62323.966551,3.2814046354416906,0.6369111696886556
62323.966551,3.944999580194688,0.3481601616902125
62323.966551,3.8258293542293584,0.2526829813225591
62323.966551,3.699809664178532,0.4999805552189407
62323.966551,3.792582561823444,0.2917174853643251
62323.966551,2.3235578921265256,0.5428037835020835
62323.966551,4.1644945406824805,0.5768436887954148
62323.966551,4.542018075856493,0.7051992426617468
62323.966551,4.312258678193209,0.5599873331547216
62323.966551,5.367166467201288,0.4943316153347936
62323.966551,3.9449882145329607,0.4818812448700306
62323.966551,4.762474062429225,0.4280670956967277
62323.966551,1.623116254311869,0.6022258653035027
62323.970709,2.553537238269004,0.45207034214298014
62323.970709,3.429944061979173,0.3491246945182878
62323.970709,3.2022488346306544,0.24246075589366078
62323.970709,4.053676188914512,0.6587769084959759
62323.970709,3.2714247956950864,0.6238580323856232
62323.970709,3.303005097781705,0.45888565437728573
62323.970709,3.3735760228244347,0.253117144520708
62323.970709,3.1372957809206756,0.18402748870959018
62323.970709,2.8745339345319145,0.3014826901007276
62323.970709,3.480227025461746,0.4913874127419717
62323.970709,3.674415721940915,0.4373195634059761
62323.970709,4.0717678541816476,0.5501930579229853
62323.970709,2.8642507060820535,0.4429218050402286
62323.970709,2.514505650643722,0.7254664495008535
62323.970709,3.2432793300287823,0.3087740038494691
62323.970709,3.406878948382774,0.22965896515667897
62323.970709,3.2633777831815083,0.3751147022931113
62323.970709,3.9270250731048426,0.42276259420095524
62323.970709,3.5411940752346824,0.35213840320975126
62323.970709,3.5672308933258785,0.2712109499407359
62323.970709,3.4161647230108736,0.5693352536837598
62323.970709,3.3033220208459833,0.19514766093249822
62323.970709,3.4977963747252216,0.3375548825392324
62323.970709,3.759787087043409,0.4073094290776825
62323.970709,3.226924524511343,0.40841782995581727
62323.970709,3.6426404276888134,0.28306069548509266
62323.970709,2.4393130692657534,0.5508484831469752
62323.970709,2.995657701162104,0.4234195100863061
62323.970709,3.2773871999711757,0.2976297394991291
62327.514660071734,3.6423697471193046,0.19968831623305916
62331.35069223336,2.699766068959737,0.1859656106888584
62335.16006861584,3.3183688783518663,0.23620711443693718
62341.614656151345,3.47042331836258,0.2776235705442096
62341.719584839884,3.4388562718108817,0.15672164276474135
62346.69482087989,2.7251724254133336,0.2204735871891389
62347.473633082336,2.584165116433633,0.17211937133159846
62348.69043687009,4.094987019188792,0.14940293502541324
62354.366885203155,3.0010094973947368,0.2670109665405003
62354.68929787009,4.071533479518713,0.14175785855837128
62358.72891648401,3.15665793211749,0.21881719015250825
62360.72696148401,3.394624083923956,0.21960359514856398
62371.60237415135,2.8163402241563897,0.3175994026985434
62371.706629839886,4.0718759962503155,0.1648121855219553
62377.46067808234,3.3467670025524665,0.195361768190245
62377.705490839886,3.7150178143446215,0.14471632125403677
62383.45953908234,3.8830696057435334,0.18295535365083235
62385.015286,3.954594812152619,0.5042286953011702
62385.015286,2.7883282559339415,0.41143598364206135
62385.015286,2.7433805054625893,0.4099111099863509
62385.015286,3.2305449864818927,0.379834416818681
62385.015286,3.76064704661506,0.4379040192527539
62385.015286,3.7682184214297134,0.4804234840592154
62385.015286,4.095450812397421,0.457757149701703
62385.015286,3.669586764540493,0.4593359660505433
62385.015286,3.993176339019964,0.41950575378279287
62385.015286,3.588528737345576,0.36333779765969554
62385.015286,3.547808250598183,0.33909059873283864
62385.015286,3.9531428174705656,0.40328008260631215
62385.015286,2.8279067673155156,0.26092346293431073
62385.015286,3.0855726917547575,0.3855746217837542
62385.015286,3.3493475941250894,0.8203131405618107
62385.015286,3.0806107100438043,0.3545283786121214
62385.015286,4.622191054276811,0.4495505329304584
62385.015286,3.936053986124156,0.5003373041541026
62385.015286,3.8764974792214844,0.45350651166956185
62385.015286,3.2222344177043176,0.29048812607067986
62385.015286,2.733341311074531,0.2818951219374138
62385.015286,3.2107698196620618,0.3106286361449137
62385.015286,3.128601623499324,0.2976485547085514
62385.015286,3.1123413516779825,0.32674588323095144
62385.015286,3.8537440147226416,0.4735134108272175
62385.015286,3.7807488584336104,0.7556220902795214
62385.015286,4.105585477389912,0.9306970898201739
62385.015286,3.6685445955874565,0.4877350700207697
62385.015286,2.657156387417346,0.21949864816479228
62385.015286,4.453952820409444,0.492733343700569
62385.015286,3.9913172081679624,0.6255175997685628
62385.015286,3.9210575486959307,0.444920490740374
62385.015286,4.299319918991765,0.5964309108258194
62385.015286,3.3984114976306232,0.6950315913772314
62385.015286,2.9776522996531947,0.7665682807718576
62385.015286,3.746731740144001,0.6372376233891625
62385.015286,2.975414264355517,0.3577050912362106
62385.015286,2.9840710542347493,0.3294480223851309
62385.015286,3.0137515881788675,0.4143455791072811
62385.015286,3.0336077577399987,0.3873979204171741
62385.015286,3.70925654515736,0.5956121845278664
62385.015286,2.951567533701053,0.28803473079267466
62385.015286,2.9899750911844087,0.37990635189275235
62385.015286,3.815807236991584,0.540261175782815
62385.015286,2.8514801289945835,0.2286345376605602
62385.015286,2.9220335141009475,0.24445420011485144
62385.015286,3.045258589135125,0.26250899432766417
62385.015286,3.2400893279758964,0.4875972159950159
62385.015286,3.5986093495677265,0.4439057091854264
62385.015286,4.6761526909626525,0.8543322003990313
62385.015286,3.8761368208179086,0.6906893287496849
62385.015286,3.670594981019626,0.5204358905362542
62385.015286,2.802940859390957,0.27844333107938374
62385.015286,4.074035047254491,0.46163436764956156
62385.015286,2.5766405410424147,0.6394801238422163
62385.015286,2.6905148445852474,0.23528831789093227
62385.015286,2.9082977954750486,0.2972570696658286
62385.015286,2.7469017391573614,0.5902182943695371
62385.05514249622,3.0568715897087664,0.1747015930418124
62387.021043,2.9899987333558204,0.8333842749272445
62387.021043,2.9897842793552307,0.45584945990546727
62387.021043,4.005727037691426,0.7417787243328768
62387.021043,2.6883846952572563,0.6693330100872632
62387.021043,2.614079868196261,0.37294618720975664
62387.021043,3.027681674947109,0.39184224377884436
62387.021043,4.801120028168082,0.774950154892084
62387.021043,3.0306197610430665,0.6196703994365742
62387.021043,3.0850546561067196,0.5312756915956592
62387.021043,3.2171218266854735,0.365627721347629
62387.021043,3.774500074614293,0.6603846415699476
62387.021043,3.642405930317617,0.6036969098168707
62387.021043,4.450141528625881,0.8615113156372944
62387.021043,3.6545503813948788,0.31740541570953895
62387.021043,3.193125213249985,0.501159288126061
62387.021043,3.6744119457582602,0.4503315648018539
62387.021043,3.37937478361565,0.5833423628309168
62387.021043,2.3963815222179727,0.5474695986931878
62387.021043,2.122363086638316,0.579016300074519
62387.021043,2.689402896012984,0.270314697917229
62387.021043,3.05076982769007,0.36142122312957947
62387.021043,3.6750836029496083,0.5047114120079398
62387.021043,3.5497569821990416,0.606460436669489
62387.021043,3.2051389164022996,0.5282076048146269
62387.021043,2.825500641388988,0.5990185894008772
62387.021043,3.5967262911979363,0.4143801903101798
62387.021043,3.519137837948911,1.027020984430933
62387.021043,2.861872607979154,0.2861395880418526
62395.3191064142,2.138833654806473,0.22007004079447368
62417.66141587009,3.6117922709582926,0.14836631448750923
62425.306824414205,2.4381289102869568,0.2732962832191836
62427.56007148401,3.208639302356774,0.7272280201025411
62428.60332048401,3.5084562071030234,0.711893122679454
62435.621246484014,3.155733906247125,0.2498801874967098
62440.677608839884,3.229937578999599,0.14301991712752418
62446.431657082336,1.8919185937788097,0.17321867388572365
62452.711704444,2.2353531496097103,0.2364888573393864
62454.709749444,2.7268260385443748,0.2433466185803352
62480.52293761584,2.0239303880419843,0.22367207685487747
62482.52098261584,3.3471602927981596,0.21857971783716554
62493.52956648401,2.3534238691461624,0.26069325619247613
62494.60903548401,2.818012280690989,0.2569578324612114
62516.965243151346,1.837104011728015,0.26903980290370816
62517.66909448401,1.4708808623226135,0.7077644964501615
62518.963288151346,2.2152312388172932,0.29699836036134086
62521.542859444,4.151162267194774,0.8807027920951842
62522.586108444004,2.847564198574413,0.7300398557410057
62529.604034444004,2.008839217711704,0.24729502656754818
62548.76039287949,2.573043771502192,0.1974205524527378
62549.35409261584,3.5056110022338824,0.787357048123124
62550.39734161584,3.741818116670819,0.6819843884489346
62557.41526761584,2.3188954911448265,0.24188705334130775
62570.6696934142,2.389201710519627,0.2409511051303214
62572.6677384142,1.509945128926823,0.24709259464086464
62578.7481108795,2.785650520297449,0.20781110784498733
62585.796398151346,0.9725469349767364,0.9795305130331919
62586.83964715135,3.747801638402776,0.9054648608208673
62587.512354444,0.8399026425499736,0.25581527538206034
62588.591823444,1.687563494120587,0.2375279120728635
62593.85757315135,1.2258907056235282,0.287924091712811
62600.54682706153,2.6910516370973223,0.21591218930565975
62611.651882444,2.750724297414348,0.812125179685696
62615.323587615836,2.3061645936005464,0.2503090317167543
62616.40305661584,1.4457517795694814,0.23581539451249778
62624.52202807173,1.106926108675938,0.2246946571043499
62628.35806023336,0.9270479961312406,0.20765567235620133
62630.534545061535,2.1932692732297596,0.25107763448371234
62638.056171,2.190140792062355,0.3373614339909711
62638.056171,1.811519605970684,0.2683800654301372
62638.056171,1.6744655221448568,0.21061721342380013
62638.056171,2.7062746631940984,0.3889196195891234
62638.056171,2.1424821182694114,0.1801363023992292
62638.056171,1.951299688076503,0.2740772342896627
62638.056171,1.597514962715934,0.2376580188759589
62638.056171,2.7759322490193536,0.6132252222025293
62638.056171,1.7794648468812344,0.2803025770620056
62638.056171,2.236153550510986,0.3761647157835651
62638.056171,2.2847348980140456,0.5348011729958445
62638.056171,1.827646110110825,0.44045270788615287
62638.056171,1.8943596668446627,0.18069164299280013
62638.056171,2.398993352270997,0.23741835564330718
62638.056171,1.7690587101353268,0.4254304434488003
62638.056171,3.2004445920407907,0.7254664495008535
62638.056171,2.9919793407839403,0.4901552032531576
62638.056171,2.574195069227554,0.3727852879096072
62638.056171,2.141969179472854,0.37073339178034287
62638.056171,3.094048960226454,0.4020166736335724
62638.056171,2.6862319927149905,0.3965706349602482
62638.056171,2.8526734779635676,0.3458620555188894
62638.056171,2.1936537595364536,0.5686622111268256
62638.056171,2.5252554723782694,0.33530493629482705
62638.056171,3.1831747169592113,0.5177555690036943
62638.056171,2.331931534945335,0.30262725378176375
62638.056171,2.24938278175133,0.2261990262354869
62638.056171,2.3673288573233293,0.3123535355394188
62638.056171,1.4257762452227531,0.3658570871792663
62639.463115615836,2.243489405690248,0.7097965030841296
62639.5008484142,1.4053350909305662,0.827258637070203
62640.544097414204,1.352108848505856,0.7038146979082794
62643.70218887989,1.5722559766687754,0.22233884596400472
62647.562023414204,1.3164882093447048,0.24299826830050256
62651.374253203154,1.4623799079079696,0.2863071520176819
62651.76589315134,0.9107438079651278,0.3242211663069303
62652.84536215135,0.034954258129992866,0.29430060481718334
62654.50974607174,0.7861926061963418,0.26673430262709924
62658.345778233364,0.8523772920305515,0.2412574892015113
62673.689906879896,2.051254430054316,0.24285669248752842
62675.90542115134,0.8538456910338059,0.9201798910617265
62681.36197120316,0.7296072644119977,0.3063269444502578
62682.06251049622,1.9970882464219972,0.1953467231058402
62682.977568,1.5701829399907785,0.400002686804994
62682.977568,2.627857962064569,0.4982376899166708
62682.977568,2.9722746089948693,0.7155280730906648
62682.977568,2.199913401500927,0.7388312592030774
62682.977568,1.6632733650919747,0.2767863569557387
62682.977568,1.8434981537313435,0.38775885232637625
62682.977568,2.050255802680139,0.5635742993010142
62682.977568,2.2850486215304793,0.5651138753646432
62682.977568,2.250954629505464,0.5269052922990561
62682.977568,1.5995851951887348,0.3532641222270144
62682.977568,2.513569101176442,0.33952130150334914
62682.977568,1.9848324641435067,0.3806556404030187
62682.977568,1.760549068630775,0.4773551605523968
62682.977568,1.9588046825655425,0.6026931282191335
62682.977568,2.0975633812133117,0.5884432296888817
62682.977568,2.2795812081089837,0.650079932495071
62682.977568,1.7308919696555858,0.6622983696542716
62682.977568,2.33635381784472,0.8242955937795261
62682.977568,2.4576658749950306,1.0170414818361246
62682.977568,1.3825762421916679,0.4545137771012235
62682.977568,3.039747598569342,0.7985237562374774
62682.977568,1.8009559867745395,0.2729833744906611
62682.977568,2.84436630498391,0.5209205300170268
62682.977568,2.04886753256835,0.29836366397666025
62682.977568,1.7060112431223242,0.5136057118930687
62682.977568,3.092071805601792,0.5603780935196441
62682.977568,2.1356035649161864,0.5858911637957205
62682.977568,1.9832178673970997,0.597337055823662
62682.977568,4.543261119749116,0.8777312325283398
62695.997925,2.0672843792860487,0.817769667597453
62695.997925,1.9073087724302766,0.39211830896012356
62695.997925,1.8080963908504017,0.39572366790464103
62695.997925,1.7715462759393468,0.4834034231791678
62695.997925,2.7204397867190693,0.5683445175720927
62695.997925,2.106764750675076,0.29836366397666025
62695.997925,0.9574388865486751,0.5305305455517646
62695.997925,2.334337745525863,0.416829709796044
62695.997925,2.137131312409786,0.5334384998487763
62695.997925,2.062107833934313,0.4746391172888219
62695.997925,3.505869701289983,0.7676509182500059
62695.997925,2.8230962853002737,0.7227684929219291
62695.997925,1.7417943174198447,0.24549344801330855
62695.997925,1.9584948740464316,0.3310790002202895
62695.997925,2.7366965528422256,0.8520844847832901
62695.997925,1.2905755869979458,0.5630317768776085
62695.997925,2.5736085454326503,0.3797554050795385
62695.997925,2.7229178087610455,0.5425444675744812
62695.997925,2.719651264162456,0.5531393564541341
62695.997925,2.2236413588453683,0.6471357299022492
62695.997925,2.1093620823758013,0.43805678764674594
62695.997925,2.0323011826769664,0.31578136612017427
62695.997925,2.0648875436646774,0.5726560695672795
62695.997925,2.0174986725453703,0.46722782661192674
62695.997925,2.9210619085278724,1.0014213908181637
62695.997925,1.700880615270835,0.24529585504130283
62695.997925,3.1217477609602096,0.6164247446450047
62695.997925,1.9577888082918822,0.6859709754070572
62695.997925,2.4787612787241544,0.3447424748711922
62705.4703434142,1.250569555264871,0.2892641559465966
62706.5498124142,1.182194305380821,0.2530293678343902
62711.082764,1.7579603958402874,0.2318677533446489
62711.082764,1.5943773725788883,0.38543989493890496
62711.082764,2.177312891400625,0.7774621928624094
62711.082764,2.5186686516714634,0.5662716151645283
62711.082764,1.8933429941907782,0.5605470425455923
62711.082764,2.030605373668756,0.40274125890122
62711.082764,1.589165700092253,0.6397752234201944
62711.082764,1.7634241604968883,0.5367836283147006
62711.082764,3.2866266583174024,0.6548744455524286
62711.082764,2.129232728265773,0.3345901933226084
62711.082764,1.8517850200590509,0.6975667473858842
62711.082764,1.8006766902136215,0.44898849486724696
62711.082764,1.6940169807836059,0.88687405668645
62711.082764,1.1268846477406402,0.7827999871436785
62711.082764,1.5522380616973237,0.2672278266837099
62711.082764,0.9940962122098131,0.5752298953673919
62711.082764,1.9822416014967912,0.557976121947181
62711.082764,2.2741193376692808,0.5405679881522444
62711.082764,2.201205872636037,0.44757976129124033
62711.082764,2.0276293713010496,0.4131298952565996
62711.082764,1.1759370021640043,0.5744956353610028
62711.082764,2.12383245881483,0.6937141135768289
62711.082764,1.0562202816954827,0.33418475646999396
62711.082764,1.3866609630410736,0.38314276166865496
62711.082764,1.2088383168548802,0.3024670280436133
62711.082764,1.3472809692910772,0.22005462245092397
62711.082764,2.116520414628882,0.31124834414719776
62711.082764,2.0341111288415306,0.4665353514796192
62711.082764,1.6343399275818715,0.5648711027327191
62712.05022849622,2.8192961914719596,0.21380221816307748
62714.66878387009,2.7052676105612488,0.15018040042884123
62724.11097987949,2.4435614658449314,0.20621256086156434
62726.10902487949,2.4422826282581926,0.1753606040815007
62729.6098714142,1.917330599792872,0.7975747711025762
62737.68497683988,1.9580259619904945,0.14680420325589832
62743.439025082334,1.0187582793593872,0.190022298641637
62744.65650187009,2.797008528165753,0.1602874506734052
62763.977026,1.4855714003044964,0.29803627780064784
62763.977026,1.5825068865720517,0.5644927337324225
62763.977026,1.5805219755747384,0.32872033570633424
62763.977026,1.077277315507387,0.25072674353946584
62763.977026,1.4582841012318761,0.28183603938299656
62763.977026,1.866291047895202,0.2033389781447723
62763.977026,1.6713975532088838,0.2443991304327656
62763.977026,2.6492679381411905,0.48346033435817404
62763.977026,1.959001500269114,0.30502838190503945
62763.977026,2.529940862245218,0.40806712563342873
62763.977026,1.3123989013057402,0.41395510267406427
62763.977026,1.0766756624073057,0.15149924919730048
62763.977026,2.074120342716318,0.16968813445489894
62763.977026,1.9935452900429125,0.322318687927855
62763.977026,1.609524008298946,0.29985216929065917
62763.977026,1.712654012977458,0.33427569168624327
62763.977026,1.659485762944346,0.21488374979201758
62763.977026,2.002531744124445,0.3650811215099131
62763.977026,1.530119083484939,0.19132124931753916
62763.977026,1.577499206041777,0.29566207644619014
62763.977026,1.862350285499259,0.26246204639910764
62763.977026,1.3973186550429304,0.1530041235434418
62763.977026,1.4364436254838733,0.1752355801363567
62763.977026,1.834970468979507,0.2995989038371833
62763.977026,1.66368691581346,0.2706640731401875
62763.977026,1.3463263499622524,0.37131103965031914
62763.977026,1.5494939691536356,0.2173997609294047
62763.977026,2.411168870944479,0.4422928308764196
62763.977026,1.1714640235771512,0.31348387717700377
62763.985297,1.2926082813089455,0.14595659373886252
62763.985297,1.3016043916252684,0.1948981667183548
62763.985297,1.985361171648961,0.26676647318437896
62763.985297,1.6260002335530714,0.33754809832322646
62763.985297,1.04927875192449,0.14733318582489857
62763.985297,2.6549726295393006,0.4129639311410299
62763.985297,1.941335088567988,0.5926956758481853
62763.985297,1.5376623963480958,0.21309514123757706
62763.985297,0.7491492444698773,0.22425985856955122
62763.985297,1.243513287611476,0.28041774155720145
62763.985297,1.3978411885258826,0.22725688855061174
62763.985297,1.9706068356073523,0.30147550540379536
62763.985297,2.0416796021808246,0.295977820453166
62763.985297,2.169979985132584,0.5010685492279097
62763.985297,2.132133380136797,0.1885423716165544
62763.985297,1.4965058229434458,0.24971353112229958
62763.985297,1.5491554418626983,0.2925849520318702
62763.985297,1.1478908362040858,0.24524838609225502
62763.985297,2.7043955332475207,0.31887104490442325
62763.985297,1.8573524541931175,0.43753482371246066
62763.985297,1.752156613613618,0.30053239403013426
62763.985297,1.4338704157902402,0.17073246317250013
62763.985297,2.1675029473671215,0.31933655665943994
62763.985297,1.696701112086683,0.39347886291302475
62763.985297,1.953624563141286,0.46480691586356115
62763.985297,1.5540369303399046,0.27654759654786165
62763.985297,2.12483183390313,0.31890369962896475
62763.985297,1.2450185833672744,0.18075661149591996
62763.985297,2.8569393365613545,0.3621369189170912
62767.67269483989,2.614925836826221,0.17068435365219126
62773.42674308234,0.5162199689021651,0.2041561886232464
62775.89741406153,1.6459273182304326,0.2077129922434195
62777.89545906153,1.4218159318625325,0.2275732695719568
62792.94213487949,2.2443825117104277,0.6194369560764046
62793.985383879495,1.7328474770150741,0.531197162591456
62799.872615071734,-0.13614272014328854,0.22451345173571735
62801.003309879496,2.046162685765978,0.22363672298087484
62801.870660071734,-0.061848519003946834,0.231761666481019
62803.70864723336,0.42213180649801174,0.2254344114277939
62805.70669223336,0.7243703707150857,0.21121142017051986
62819.05277587989,0.8112303965235252,0.22140621657657178
62821.05082087989,1.1749558576223569,0.21301255208967565
62826.724840203155,-0.01811992282878805,0.29113119838697704
62828.722885203155,-0.0036477837209023534,0.2711114059544014
62844.72856906153,0.32130148173073003,0.7701779107131003
62845.771818061534,1.338001917448521,0.6439102759546004
62852.789744061534,0.7385495100091788,0.21591218930565975
62857.41309749622,1.8625820960048456,0.18127049806218498
62858.91162987949,1.7919937154017251,0.21244689409691395
62859.41114249622,2.2176157721059324,0.1818961080641252
62859.991098879495,1.9390600378766383,0.21404544108033693
62868.703770071734,-0.9171378589495358,0.7809951388062485
62869.747019071736,-0.6417056986280745,0.5916355285852439
62872.53980223336,0.07366852069479712,0.7810200074150621
62873.58305123336,0.3545725980259604,0.56554168986736
62876.764945071736,-0.21406102865527998,0.23013081816332612
62880.600977233364,-0.18945681756477306,0.2279234348978169
62883.05115787949,2.4865623796990093,0.5812316831725953
62887.88393087989,1.1581685286485648,0.6882804879254844
62888.927179879895,1.1134023180517856,0.6739179953590176
62890.01937087009,2.7981747262708945,0.15782547689588303
62892.01741587009,2.303058841854499,0.14344236693246526
62895.555995203154,1.9850653320211258,1.0099141074119917
62895.945105879895,0.5295763215187872,0.24192406310009573
62896.59924420316,-0.5994175103288839,0.8138166225001338
62903.61717020316,-0.8695641070094275,0.30970377690876455
62910.69806406153,0.6711338897196484,0.24178521114650656
62911.77753306153,0.8132533054651452,0.21190369296412007
62913.03556383988,1.5378397091158336,0.16298528877032623
62915.03360883988,2.0206624220463443,0.15241538613590166
62918.789612082335,0.10476672721531344,0.18625326131320782
62920.787657082335,0.26180994923319645,0.1805997053205639
62926.24425249622,1.748408270650751,0.6152874369082275
62927.28750149622,2.657888810971377,0.5497547892049871
62934.30542749622,1.4809599948212986,0.1975363581126312
62934.67326507173,-0.6616382891776542,0.2513318462933333
62934.83759206153,1.0847378304148787,0.7384743487391047
62935.752734071735,-1.0077405432658075,0.22179537120622927
62938.50929723336,-0.28190626073705616,0.23592386748003336
62939.58876623336,-0.15745508723590618,0.21192256973338358
62953.85342587989,-0.031866569715822024,0.2538617192592369
62954.932894879894,-0.30046383329649906,0.2488255205670992
62958.81279307173,-0.35721326987498614,0.7677671468960731
62958.85052587009,2.2330869555459794,0.5066482879005774
62959.89377487009,2.797008528165753,0.45429895073642557
62961.52549020315,-1.1469467732439114,0.30077929112556784
62962.604959203156,-1.3399086280157277,0.28485993810689325
62962.64882523336,0.7421491097866779,0.7109717754729873
62966.91170087009,2.579447792773152,0.1723381644265391
62977.99295387989,1.1563032698736988,0.6739179953590176
62981.86671883988,2.6247127837099473,0.5547241493696216
62982.909967839885,1.6905160805019683,0.43114763338443407
62985.66501820315,0.3943360417459676,0.9018554687397745
62987.620767082335,0.5931711476909269,0.665863261355819
62988.66401608234,1.216632739101918,0.5333187819727268
62989.927893839886,1.236401745097056,0.1657256338977698
62992.213747496215,1.2573044191276619,0.20191562812621291
62993.29321649622,0.9851640682836571,0.1933134905995346
62995.68194208234,-0.05070606258238897,0.20007306485078127
63016.353275496214,1.734332045607096,0.6099697518917354
63022.166927,-0.7955484479317434,0.6762815416496675
63022.166927,1.6939793123967117,1.418811229480864
63022.166927,-0.05488618033305137,0.4813625369328196
63022.166927,3.100855242842977,1.5457817125170765
63022.166927,-1.7030547305974828,1.2136057458102272
63022.166927,1.0412962039071534,0.8612809242630424
63022.166927,2.710555568751726,1.022741617193034
63022.166927,3.213323931212141,1.7786127139841579
63022.166927,0.2724589127742192,1.2440643287759046
63022.166927,-0.7108307229388924,0.5175454534316316
63022.166927,0.14415683866814533,1.9850532335325388
63022.166927,0.21625281932550244,0.7382159011755861
63022.166927,0.2955900022288489,0.9861163494880819
63022.166927,1.1336948817485961,1.2020658872634666
63022.166927,2.6166739422413574,1.2420871221583223
63022.166927,-6.238279079665391,1.536944021985746
63022.166927,0.7997832984804827,0.7425239017168097
63022.166927,1.4278920049648391,0.8795472659680719
63022.166927,0.6322381133782278,1.1790190864332728
63022.166927,1.3787600056081146,0.8487310161823014
63022.166927,1.1237244580325836,1.5215747578373773
63022.166927,-0.06226486981166701,1.2762409938065495
63022.166927,4.299808409811033,1.830871559172721
63022.166927,0.25428681642827655,0.9762106093789559
63022.166927,1.1265368809800052,0.6655663944531417
63022.166927,1.469760282288716,1.1730554505027744
63022.166927,-1.243512294597375,0.7916432809936413
63022.166927,2.3874351284127275,1.1570669321450213
63022.166927,0.9076490334424445,0.6129385490232038
63022.170734,-0.039813122210059504,1.2656612638720033
63022.170734,0.44771457432999995,0.32958155681886747
63022.170734,0.03370326053232553,0.4159283438264807
63022.170734,0.4727765952185923,0.3651384555264173
63022.170734,0.9841095820819064,0.7667235280699916
63022.170734,0.3102137622131309,0.568237627291118
63022.170734,-0.5239215250134812,0.7179643938275231
63022.170734,0.7350476596644553,0.7057956316390054
63022.170734,0.4645396024012953,0.8550006277851876
63022.170734,-0.5038332345959766,0.7428441898950827
63022.170734,-0.40809234416456697,1.0721871706549844
63022.170734,1.3630555329284908,0.6281033228521131
63022.170734,-0.018195829743994807,0.5985911551866813
63022.170734,0.5315111603013385,0.6340184230867878
63022.170734,-1.145743426755022,0.775586477584426
63022.170734,-0.5272121915374797,0.7729668699438054
63022.170734,-0.3040504505250503,0.767720756235088
63022.170734,0.6183763191070284,0.4802737017701907
63022.170734,0.6532036958341774,0.8859105601801036
63022.170734,0.24065846409293457,0.3303653597206377
63022.170734,-0.10140187262142497,0.9828158727253701
63022.170734,-0.007094852527226081,0.4741634154606024
63022.170734,0.7742854245251287,0.527688610791526
63022.170734,-1.2172160422839085,0.775354129787901
63022.170734,0.23203326437825567,0.9548770739822232
63022.170734,1.925777563873286,0.8162788324653156
63022.170734,0.20212990090107397,0.5862706260675158
63022.170734,-0.19755994433975843,1.0432736478718838
63022.170734,-0.7873727280487728,0.42349517316949137
63024.82002087009,2.3626645227839784,0.1689691476783511
63025.89948987009,2.3885800362315788,0.16650717390082914
63047.83621383988,1.9710752245021297,0.17564307340661273
63048.915682839885,1.6852963754973143,0.16037543626799927
63048.95954887009,2.879808593630834,0.45792712261908963
63053.59026208233,-0.05541735924292546,0.19410542241410195
63054.66973108234,0.312063780278919,0.183426483316886
63071.97574183988,1.9032190594416258,0.49391458606540056
63077.72979008233,-0.022438282619170025,0.5995910216642728
63268.264945,-0.3821480916603779,0.33190157607217546
63268.264945,-0.035762851171471155,0.15962733585268205
63268.264945,0.37321401998835135,0.12309270694955679
63268.264945,0.10847008363020905,0.19187120749182643
63268.264945,0.4675050623871382,0.28077806406536654
63268.264945,-0.1623404223774827,0.34682706543441744
63268.264945,0.09980302175092248,0.23934407093162785
63268.264945,0.2319809122502825,0.21695304977501725
63268.264945,0.4606881749105476,0.21238715365064015
63268.264945,1.261861129286686,0.4755449932134781
63268.264945,0.4866883686216532,0.17615199964926023
63268.264945,0.6511478496106413,0.18456929365156072
63268.264945,0.4797046673036771,0.20878504114118013
63268.264945,-0.1333904634964913,0.28081201477705336
63268.264945,0.033907856183375884,0.21781002324710375
63268.264945,-0.1254946585509078,0.1451290267208593
63268.264945,-0.34578978551867934,0.3440822003341071
63268.264945,0.33880965450277145,0.12875126741996193
63268.264945,0.07872099642187891,0.3681056450994055
63268.264945,-0.2075422829910636,0.29180730685003314
63268.264945,0.43370678652604866,0.2961100719358686
63268.264945,-0.05595021465346406,0.3004570070747284
63268.264945,0.46188486754167,0.4114267466198553
63268.264945,0.2001522281392969,0.26234290459034726
63268.264945,-0.4240052659528537,0.26115037784474476
63268.264945,0.5173903121774863,0.29324290806080866
63268.264945,0.027839522284576645,0.290298317489241
63268.264945,0.26121292332637225,0.15547494028688166
63268.264945,0.5458135570393674,0.42259715687365335
63290.281991,0.04517466785128654,0.3094313577464917
63290.281991,-0.08222925525263847,0.24500348714808942
63290.281991,0.23449569154582406,0.28710400273594977
63290.281991,0.6357558143167505,0.638688166067737
63290.281991,0.20145101958185663,0.24958187256439981
63290.281991,-0.1782358351337514,0.1952138709199094
63290.281991,0.09303889761265083,0.19436039170458025
63290.281991,-0.24923923871449816,0.33829709558281923
63290.281991,-0.1898258265154098,0.475524374274321
63290.281991,0.0655418771198164,0.4214517273542052
63290.281991,0.372102071416089,0.15845267154753243
63290.281991,0.2360395845442369,0.16039059232854447
63290.281991,0.5373250620279908,0.338905318997003
63290.281991,0.416559444455622,0.22524755491457946
63290.281991,0.20755989080758042,0.33572763286588897
63290.281991,0.5695776093747487,0.35214000061200496
63290.281991,1.1127215183888968,0.5565727047955543
63290.281991,0.33554069835935785,0.30140580747351237
63290.281991,-0.07557469743350254,0.2508011797396266
63290.281991,0.5347157387986732,0.20992608577374447
63290.281991,1.5323932956399346,0.5254496931676351
63290.281991,0.03786535393440538,0.40806647936511253
63290.281991,0.9448491726058244,0.32582179684099827
63290.281991,0.7154670462777553,0.43042523501753416
63290.281991,-0.01999306111198429,0.18913091248197092
63290.281991,0.015154367133193958,0.2693943433209215
63290.281991,0.6844584631923629,0.35242314061034774
63290.281991,0.13637347151076185,0.32671996677673354
63290.281991,0.3190967391434558,0.2737434424830473
63298.304602,0.8983676119697943,0.4237731803224812
63298.304602,0.5772295254745572,0.299131603282153
63298.304602,-0.25964988046683857,0.3101327412008635
63298.304602,0.0793727551078085,0.2004292452925323
63298.304602,0.2578587892166997,0.28697916720416156
63298.304602,0.3577179390733498,0.3806450147908623
63298.304602,0.33100710790154864,0.3141178269397135
63298.304602,0.5919617901484493,0.29054792911218963
63298.304602,-0.4706899436326104,0.31812207291418765
63298.304602,-0.40735340474239656,0.295977820453166
63298.304602,0.6485642548497843,0.40020026540166653
63298.304602,-0.10148773445457238,0.24876515540225713
63298.304602,0.4214355016127005,0.3497589892560217
63298.304602,0.8120488729504185,0.2306915014758099
63298.304602,0.4812086728478082,0.23188162669103707
63298.304602,0.34316790377689266,0.2524646123973756
63298.304602,-0.4339918960807623,0.2956042517860209
63298.304602,-0.05379510713657609,0.14052941026914229
63298.304602,-0.1682188562514284,0.2855712205947843
63298.304602,0.6178732647203145,0.35330431113862554
63298.304602,-0.009998026614363553,0.16504709146126068
63298.304602,-0.19625792512579388,0.15657980985752284
63298.304602,0.4352979795862524,0.5315169860278381
63298.304602,0.04407724259839085,0.14110627382022362
63298.304602,0.21315738243379911,0.17352055819344134
63298.304602,-0.34683302137257677,0.20743628578538237
63298.304602,0.427816108404663,0.1992361227343436
63298.304602,1.9406904045462454,0.45245456469624845
63298.304602,0.3824038933787399,0.2664373772743641
63596.343689,0.4837857759465063,0.1788752376372756
63596.343689,0.5621744591778732,0.29185926548805585
63596.343689,0.4126777887865014,0.2000861811709397
63596.343689,1.457612857467847,0.44403324454115756
63596.343689,0.5033120029431686,0.13943835096182855
63596.343689,1.089300681908961,0.3780333851868084
63596.343689,0.28218472786789484,0.19985583073662774
63596.343689,-0.3576276399087348,0.23183637245087596
63596.343689,0.14726556897411314,0.15966766148988157
63596.343689,0.004573285305978558,0.25119488257810985
63596.343689,-0.25117365196507535,0.30013878039758113
63596.343689,0.2534311457442229,0.22531506735111387
63596.343689,0.9921076905341941,0.39627031189526757
63596.343689,-0.1820219094276183,0.3395987369272819
63596.343689,0.18754134928290433,0.13995205032555502
63596.343689,-0.17684200853328846,0.29004870586629233
63596.343689,-0.33003198993044336,0.3123782503664716
63596.343689,-0.48073633543326366,0.29499938137728776
63596.343689,-0.9618323836869216,0.5189341349300363
63596.343689,0.4715101839756066,0.16098617884182723
63596.343689,0.6567086096009973,0.2812826068579368
63596.343689,0.6444308361157294,0.3168193617228931
63596.343689,0.9573398236726778,0.35418757191647215
63596.343689,0.19466126007192486,0.24709931730804563
63596.343689,-0.44448861839227405,0.41723683306814985
63596.343689,0.4897893001889404,0.26096679994629735
63596.343689,0.5551996568270585,0.20111388831658877
63596.343689,-0.12389230714150301,0.28853280538701476
63596.343689,0.2521455298892654,0.31547985742846485
63626.30012,0.6273686956919207,0.3701984963746466
63626.30012,0.4756063219309894,0.23422175523130412
63626.30012,0.7306086934277323,0.2445870396434538
63626.30012,0.03537241857844364,0.20122953077763064
63626.30012,-0.11120802956064324,0.3719268125187273
63626.30012,0.3940587149957686,0.17265223179714373
63626.30012,-0.4332070609170966,0.3362279361002587
63626.30012,-0.05060715280869843,0.1659172870225679
63626.30012,0.0649833370425501,0.436119614025107
63626.30012,0.12651776632047174,0.2777290895793053
63626.30012,-0.49573608341797026,0.20249187500749208
63626.30012,0.3544089493115088,0.16442809942310124
63626.30012,0.10324679751916221,0.13694977861890117
63626.30012,-0.10262829321728972,0.2999506901830376
63626.30012,0.7171943991262975,0.23926900594845063
63626.30012,-0.6941698598366592,0.38284297074840273
63626.30012,0.11524195122324699,0.12987559324036343
63626.30012,-0.09290369815712296,0.284512124178782
63626.30012,0.7019872809685586,0.2806243065941617
63626.30012,-0.06440227994404957,0.18844799237154405
63626.30012,-0.17684200853328846,0.2848068617843714
63626.30012,-0.010350110805363855,0.21180113038722
63626.30012,0.45532737114538335,0.23786271947581758
63626.30012,-0.09394659784758908,0.2810658720481141
63626.30012,-0.12253303345103106,0.47121114140531456
63626.30012,0.6648265392668451,0.5254425061875201
63626.30012,-0.323306026033519,0.2803416650756576
63626.30012,-0.3731080370866593,0.26320011141124516
63626.30012,0.023456636914275464,0.1705746276287032
63799.018746,0.5369424408574321,0.30013878039758113
63799.018746,-0.4642278970091205,0.2706284126086616
63799.018746,-0.17275839843248164,0.23624789498243998
63799.018746,1.198919631402041,0.2543527653642453
63799.018746,0.0673073798626227,0.33092837143317927
63799.018746,-0.5074598224949636,0.16316166774509502
63799.018746,-1.0201692045277664,0.4490094791782567
63799.018746,-0.9819028300788233,0.23865339101033284
63799.018746,-0.34228611968817724,0.28859847735020605
63799.018746,0.12103900620596164,0.4015380516232939
63799.018746,-0.2066528241639567,0.3697716074792979
63799.018746,0.7825182223929774,0.32489617110892055
63799.018746,0.2609153342301589,0.1832168696187629
63799.018746,0.7260052290871917,0.4963717812374261
63799.018746,0.026226519434978002,0.21637385912592141
63799.018746,-0.4916955707846675,0.4088848337987265
63799.018746,0.21196248911941318,0.26050623458606
63799.018746,0.4586239419036158,0.15928168003583673
63799.018746,0.22863199457845518,0.29035179576686615
63799.018746,0.31001204844824315,0.2768793202961969
63799.018746,0.490158569541693,0.1947809403440664
63799.018746,-0.011520186014779554,0.13087634695540046
63799.018746,0.3434285340514691,0.14191507413375173
63799.018746,0.47894201859310215,0.18141951766867526
63799.018746,0.8275970858120498,0.2961283891761942
63799.018746,0.35410048292399665,0.22802013586732245
63799.018746,-0.870762320330444,0.2840580269155256
63799.018746,0.27710919256455924,0.1925727408983983
63799.018746,-0.5238718745593545,0.35435080782700784
63806.033749,0.8244985807837795,0.9133414331335505
63806.033749,0.23834902431858573,0.2244775460667318
63806.033749,-0.3435729917821142,0.2922406760056592
63806.033749,0.027839522284576645,0.5134511084053042
63806.033749,0.31858156094981815,0.5526883284129139
63806.033749,0.6939338613849317,0.5020648931250123
63806.033749,0.775282949765673,0.3441482316140163
63806.033749,1.0163424038236561,0.7201639800476805
63806.033749,0.34205183454559496,0.7647526287567652
63806.033749,-0.21070253144192463,0.3745636206757774
63806.033749,1.1745053171000626,0.4807400434371338
63806.033749,-0.32293802648320913,0.6091626051455824
63806.033749,0.604617637221474,0.5240484159618731
63806.033749,0.1795573531700878,0.39645602014786163
63806.033749,0.4334313869089126,0.38832536907286863
63806.033749,0.32795318940609697,0.5033367634352053
63806.033749,0.3405119205574252,0.27699612041888794
63806.033749,0.2877929714066063,0.5257997623807747
63806.033749,-0.6549068881927571,0.3508795498289421
63806.033749,0.46379223660715674,0.4041973257996544
63806.033749,0.46750176292644596,0.41900570053489355
63806.033749,0.7942425016145496,0.7743786669885876
63806.033749,0.5722998543727815,0.5985312280930517
63806.033749,0.6233093622960801,0.2686430920152076
63806.033749,0.2709147513401202,0.22528078074056188
63806.033749,0.5873909189928224,0.31883976717517826
63806.033749,1.4110000844935815,0.512615477251415
63806.033749,-0.621636026857697,0.6253486307153672
63806.033749,-0.490520726192047,0.4914210258598434
63817.007011,-0.6186545811523416,0.2815619106860394
63817.007011,-0.7866689638638817,0.46087588485133935
63817.007011,-0.1996192771952039,0.1889614746395864
63817.007011,-0.2916824167580998,0.2783773148153828
63817.007011,-0.050272223727223064,0.23803777607221505
63817.007011,-0.10388703540897382,0.2741075657551458
63817.007011,0.25798516685480166,0.2651569895630016
63817.007011,-0.12937961151337518,0.286596462084854
63817.007011,-0.19577891061652863,0.2762183239061629
63817.007011,0.4278364916533022,0.27932316674659047
63817.007011,-0.30366214683293435,0.33181163221102583
63817.007011,0.6194622442616353,0.22854856392812373
63817.007011,0.5130993478282893,0.23815053860020527
63817.007011,0.4613314646161868,0.5132935465068834
63817.007011,0.2481599899067657,0.16635238480322145
63817.007011,0.26211882672051523,0.3772755366143374
63817.007011,0.5472205122509948,0.43103578838284934
63817.007011,-0.4621985645534803,0.3706952667819106
63817.007011,0.11540689104681867,0.19616612537657027
63817.007011,0.3498630999708219,0.1275405012386103
63817.007011,-0.511783507862166,0.23363028674493114
63817.007011,-0.229074374016502,0.1657718906110013
63817.007011,-0.5388988776275259,0.2081757056328442
63817.007011,0.3766873597244853,0.2996984187867524
63817.007011,0.46348893803753555,0.37248367227819373
63817.007011,-0.12693712278270297,0.17771746910887887
63817.007011,0.21545562585536615,0.16738729057077834
63817.007011,0.42656836592803593,0.1359105307204441
63817.007011,0.4741518736563055,0.19879001257591083
63969.354397,-0.1200419167139053,0.2848245113691677
63969.354397,0.6368918822792002,0.3339803515052489
63969.354397,0.11802053148587177,0.4450672345997261
63969.354397,-0.20233143822588318,0.34990822598178084
63969.354397,-0.39973227649072385,0.3306058881392819
63969.354397,0.025605886333721628,0.31579121173970026
63969.354397,0.08361655943719626,0.16639513574185213
63969.354397,0.16930765821939886,0.23504001200406713
63969.354397,-0.015515202848787268,0.6130885724549677
63969.354397,0.3720576478919515,0.22216666130632529
63969.354397,0.5507478039784841,0.44581955672774637
63969.354397,0.265072212872667,0.3268124709357274
63969.354397,-0.050908323359816876,0.20620783776003992
63969.354397,-0.17411723274877033,0.3921677853638744
63969.354397,0.1719601069194141,0.3248037973182008
63969.354397,0.8535927728933794,0.24543347921383407
63969.354397,-0.20879441315014802,0.2591224640232836
63969.354397,0.23475469855760878,0.19942375125649994
63969.354397,0.09833522698021824,0.55465876839667
63969.354397,0.21642927129921574,0.156339969260232
63969.354397,-0.6591853380051553,0.4518119215013323
63969.354397,-0.647221355250533,0.2880170473368218
63969.354397,-0.6333164279618462,0.5025724777774755
63969.354397,0.048175367137282876,0.21491078308362
63969.354397,0.26846455300393224,0.1952138709199094
63969.354397,0.09063976921517991,0.27758114590561106
63969.354397,-0.22820801370450106,0.2876450121396701
63969.354397,-0.11960636022014448,0.3355951994275357
63969.354397,0.3817327876501899,0.35015269804378146
63975.345694,-0.8936646889486042,0.36157117365451974
63975.345694,-1.890354407324347,0.4036262290078209
63975.345694,-0.6867614838421208,0.6599252703353065
63975.345694,-0.31053590150972,0.33208430521116555
63975.345694,0.2225365881844965,0.41210878948816587
63975.345694,-0.7106695182646483,0.3989585331893502
63975.345694,-0.5886857649245218,0.7202597524948665
63975.345694,-0.3844159257775317,0.3979782220828818
63975.345694,-0.49914493665798965,0.5468063071467386
63975.345694,-0.521602175538213,0.2727705490248729
63975.345694,-0.5012024260349506,0.35277326811938425
63975.345694,0.3468926937129915,0.20115220434580597
63975.345694,0.019891689139315716,0.24149572974738737
63975.345694,-0.28120897655509935,0.248295800159647
63975.345694,-0.04932643747173415,0.18135881213615818
63975.345694,-0.4878875385528154,0.3355858474962818
63975.345694,-0.1572752192721758,0.30739785680523557
63975.345694,-0.6133344604298703,0.380221736722913
63975.345694,-0.7930313552129178,0.5739056054908542
63975.345694,0.3318286565944515,0.27641723615468966
63975.345694,-0.37003597327954374,0.43340225881787914
63975.345694,-0.9843819243866889,0.2905962008791248
63975.345694,-0.1518695949674136,0.4204371283848472
63975.345694,-0.6668881411137448,0.28104596137518195
63975.345694,-0.43822582478739136,0.24075655888737948
63975.345694,-0.3743230090606584,0.46665611096226794
63975.345694,0.5949278108465279,0.4439639739932647
63975.345694,-1.545659786223185,0.5217013279745134
63975.345694,-1.6646067725341211,0.5998914257864083
63999.340576,-0.4417809892272224,0.14064488225785962
63999.340576,0.5264082000258705,0.4250899709421961
63999.340576,0.2724589127742192,0.3254935563249959
63999.340576,0.21626043378560134,0.2451629098874377
63999.340576,-0.3487684842601908,0.33203045527580155
63999.340576,-0.1958360828517698,0.3315135926721346
63999.340576,-0.11393483115884351,0.2594481264033384
63999.340576,-0.07728316165590954,0.29164008175272105
63999.340576,-0.30006321371675426,0.17534440560339556
63999.340576,-0.04861151765310012,0.31395339710204456
63999.340576,0.03275225694853745,0.19381367771435756
63999.340576,-0.2367559510546151,0.2981009093179971
63999.340576,0.1699256500257622,0.3062514307498875
63999.340576,-0.567858976900574,0.5401948143711498
63999.340576,0.27968386954470326,0.23794235098456137
63999.340576,0.27004050526898027,0.32355564833128503
63999.340576,-0.3013883057599571,0.22970056387961396
63999.340576,-0.41964118659790195,0.23639613623723424
63999.340576,0.14385664727599234,0.3936398866602854
63999.340576,-0.21611872331124182,0.1358801155305856
63999.340576,0.5168802962160175,0.37469779042656587
63999.340576,0.28031966603246516,0.4702538719088369
63999.340576,0.053343415156534846,0.16365613651501157
63999.340576,0.055410249265833045,0.21446442728568998
63999.340576,0.3712625574611188,0.47810131244129767
63999.340576,0.26316523139617054,0.3196278590932786
63999.340576,0.09253989891299774,0.2084162997339747
63999.340576,-0.3932238843139224,0.17352055819344134
63999.340576,0.6260628808898936,0.3744423944812342
64002.344658,0.4229266884014571,0.28021512758208766
64002.344658,-1.0010298405389229,0.47350786508397574
64002.344658,-0.2842636985425955,0.31937558769699376
64002.344658,-0.021897692175576466,0.26486825697963545
64002.344658,1.2576055517764306,0.17086112365718187
64002.344658,-1.1918894136175417,0.3916315443077993
64002.344658,1.3106362908525337,0.45540291220690615
64002.344658,0.014889521945880446,0.20434614526200096
64002.344658,-0.9506380396740006,0.3254935563249959
64002.344658,0.3087281681667271,0.23431907498332769
64002.344658,0.017270583498637748,0.29224948006770823
64002.344658,-0.11007051616468821,0.19028276273916878
64002.344658,-0.8428902072790976,0.3419366306878483
64002.344658,0.0017668568343314206,0.20899652377031844
64002.344658,-1.1914636870734583,0.29541320305393587
64002.344658,0.7472047047939201,0.351259628240286
64002.344658,-0.28807466417539374,0.4077326762889323
64002.344658,-0.7507000080147463,0.2524440500020647
64002.344658,-0.021018697922032814,0.37538583058478964
64002.344658,-0.5366080248402838,0.2716913926893213
64002.344658,1.306123838586534,0.20890630670827093
64002.344658,0.08744323691666267,0.14611004239540884
64002.344658,1.126433976894802,0.3798705833815607
64002.344658,0.16888864944658444,0.5436659457084745
64002.344658,0.37991845934358714,0.33505144079124977
64002.344658,-0.3089882022021495,0.14999811334397356
64002.344658,-0.2876585845161781,0.3350859502630022
64002.344658,-0.52387052237742,0.3208276222936474
64002.344658,0.6252935488999523,0.44773978692169564
64011.359294,0.8258288046565205,0.7305625508725513
64011.359294,0.07660269530394714,1.2296984182117532
64011.359294,-1.3874583798340794,1.0790710460068693
64011.359294,0.3654303799825076,0.41520159688314817
64011.359294,-1.510131088141895,0.7601943274438598
64011.359294,1.5433608692446494,1.0523411497281063
64011.359294,-0.0684052291824635,0.8968931281299436
64011.359294,1.3389654866252734,0.8399039805720485
64011.359294,0.854969444069793,0.4444516845734829
64011.359294,0.31342465700480204,0.6181289137151958
64011.359294,-1.6198037635199327,1.0059722812119944
64011.359294,0.5784821472508943,1.6249233572851054
64011.359294,0.49020948805280185,1.0504580941313444
64011.359294,-1.2934877695625602,1.2785448740819212
64011.359294,0.907578496757278,1.1174656598926715
64011.359294,0.9152377265953247,1.22184407602108
64011.359294,0.3319280967333178,1.3332369128695385
64011.359294,-0.5702918708322358,1.05465501974875
64011.359294,1.5718945475509196,0.759269113678628
64011.359294,-0.6587355561731343,1.451069090461555
64011.359294,-0.09669899815105687,1.08631198399381
64011.359294,0.8320138841942759,0.8830970892994544
64011.359294,-0.07339032834435955,0.5832258961797901
64011.359294,1.3126572649104826,0.61169203957973
64011.359294,0.9079303237082765,1.467223643384704
64011.359294,0.2759876478450547,0.6018913972184486
64011.359294,0.7585214062516199,1.091276404566373
64011.359294,0.19358334345949224,0.4967581313557073
64011.359294,-0.49694075861421894,0.7672991237551459
64042.248328,0.5047513359424123,0.40221152840141855
64042.248328,0.43990868766495694,0.4895394303847491
64042.248328,1.0287505058027584,0.45374100559929326
64042.248328,-0.5052253520997212,0.19536936414667683
64042.248328,-0.008845211357302318,0.6342785225902569
64042.248328,-0.3707800332093214,0.2801901575951112
64042.248328,0.1426608688409381,0.416601798701241
64042.248328,0.7560034634630499,0.43233077679752246
64042.248328,-0.03649527098499661,0.2848573877241786
64042.248328,1.1726832300962258,0.3350655720359985
64042.248328,0.09747536142104885,0.31806771802752876
64042.248328,-0.13462549923879408,0.19768804468428233
64042.248328,1.2511008288712109,0.41657043655515846
64042.248328,-0.21208516046049297,0.6035227298165927
64042.248328,0.10403545448180829,0.35827543066953643
64042.248328,1.1013910189087568,0.4493077777745272
64042.248328,0.8735283109234899,0.7402187576844833
64042.248328,0.5371068375593993,0.21820818202001543
64042.248328,0.25120033986161516,0.4088287904022163
64042.248328,0.7251989299760062,0.43927421370460346
64042.248328,0.2030269078103295,0.2399475275101966
64042.248328,-0.17672598149408003,0.5613283591640401
64042.248328,-0.09583715352541589,0.280727725034705
64042.248328,0.9750050392296092,0.5117024106324427
64042.248328,0.3466185132561215,0.5242846430138293
64042.248328,0.28535688964566397,0.3414968093133664
64042.248328,0.1980251760253786,0.3604502617270675
64042.248328,0.4069599272787041,0.40590467662279855
64042.248328,-0.06511041216381841,0.22871640003023544
64092.043225,0.7509905948699949,0.32356124262302766
64092.043225,-0.08244658151447837,0.2916257341056278
64092.043225,-0.044696240057346515,0.22649364123390103
64092.043225,0.14953782629195267,0.16069611365472483
64092.043225,-0.5487633267267285,0.29728744293180226
64092.043225,0.3799303607265916,0.28697916720416156
64092.043225,0.21157330691089626,0.36861416462129937
64092.043225,1.084399539665963,0.5198019177643675
64092.043225,0.3053049530464449,0.20077156680456054
64092.043225,-0.04572753128076812,0.4044577150335992
64092.043225,0.45162957980410035,0.30014465847431976
64092.043225,0.6228707467477088,0.13775808253992325
64092.043225,0.4027419789587441,0.1658503416928138
64092.043225,0.42985160998311756,0.28362029563253327
64092.043225,0.09747536142104885,0.21936412294930852
64092.043225,0.33651971710365913,0.13232188009934287
64092.043225,-0.25369159475364533,0.301397751791866
64092.043225,-0.047809783348396806,0.18932079469779758
64092.043225,0.14082461503544863,0.4490094791782567
64092.043225,0.754032731488536,0.3561609872528566
64092.043225,0.01740549618758358,0.19796281761565626
64092.043225,-0.48073164060513207,0.24030017448471164
64092.043225,0.46761846674333896,0.34483280630875407
64092.043225,-0.13086456208238673,0.24505785511832454
64092.043225,-0.2919738491245436,0.4357564836220886
64092.043225,0.3081629379879445,0.31802610325113173
64092.043225,0.6777543073932719,0.2326620538248789
64092.043225,0.2141690210085514,0.15426392113325382
64092.043225,0.2433085807166293,0.28839491761510966
64099.035044,0.33761749923643336,0.2623792927478808
64099.035044,-1.0299778658626462,0.22875834176390755
64099.035044,-0.025599554607158126,0.30262725378176375
64099.035044,-0.5533267865935123,0.4197410628546709
64099.035044,0.32639720803094896,0.480788283407813
64099.035044,-0.029286176541113207,0.3642008364927776
64099.035044,-1.133012197641687,0.40816320537355055
64099.035044,0.6600633704112671,0.45881488157402534
64099.035044,-0.0972585097211649,0.34734910802359853
64099.035044,-0.8466401351546793,0.2833873668012901
64099.035044,0.8771044100606478,0.24958739791992812
64099.035044,-0.9805914344278364,0.42309170089790504
64099.035044,0.4787618136531666,0.26134873357925464
64099.035044,-0.23946964332877307,0.18669616528302244
64099.035044,-0.47963580272644535,0.5964309108258194
64099.035044,0.025605886333721628,0.4170596560930973
64099.035044,-0.9987412565826084,0.5387311265022439
64099.035044,0.5487285486852258,0.31464870631398717
64099.035044,-0.8543970541470234,0.4457635572358514
64099.035044,0.7212984987137494,0.3796292118393085
64099.035044,-0.9751097398822779,0.3448489856433214
64099.035044,0.8616130628552767,0.6779162724848186
64099.035044,-0.06269067238390846,0.2950811433683396
64099.035044,-0.2902702396849115,0.39364132743078023
64099.035044,0.2273026271917793,0.6198635979524211
64099.035044,0.03657745885739594,0.5618927424227466
64099.035044,-0.02608182984438656,0.20022842843606634
64099.035044,1.0964591710208502,0.44265738041943836
64099.035044,1.9270166718015247,0.7423882147703111
64325.358509,0.45826567882942726,0.40349677382633437
64325.358509,-0.4124246298268712,0.3394145681615364
64325.358509,0.3323657022818871,0.34196792343960436
64325.358509,0.4323513837167834,0.19245825164243655
64325.358509,1.0690845968342613,0.35189148967297046
64325.358509,-0.7563941236879828,0.46275202537852317
64325.358509,1.1598043538014506,0.5351366171280502
64325.358509,0.34136936424456543,0.34914361245864084
64325.358509,0.45250320321858695,0.22644568020667807
64325.358509,-0.5288087493556723,0.5992040471056691
64325.358509,-0.18720461266979527,0.31089901636030903
64325.358509,0.31590933932899823,0.1881373858644485
64325.358509,-0.23741618752679727,0.24404832951824726
64325.358509,-0.29352122161651906,0.31968532634374164
64325.358509,0.13655334733112667,0.2006304657394827
64325.358509,-0.035112982407039084,0.29741073786046135
64325.358509,-0.1533138084967085,0.23543845064856483
64325.358509,0.9598537224524577,0.26420862354811464
64325.358509,-0.24316490433746552,0.26245716861755436
64325.358509,0.566142125688696,0.4156466861757304
64325.358509,0.0765246417310479,0.26685488368238963
64325.358509,-1.301476369515715,0.5120138682559541
64325.358509,-0.12406578867079787,0.41248278325434534
64325.358509,0.44207820724427194,0.2304666135773028
64325.358509,0.0807715454830813,0.1465548218243142
64325.358509,-0.08303669860597473,0.1820545858244822
64325.358509,-0.28012020502278645,0.1511528332311481
64325.358509,0.14917925141760513,0.3295987110238537
64325.358509,0.3224953361081262,0.32806079970171564
64355.350064,0.2225365881844965,0.41086073137342277
64355.350064,-0.03855607311769127,0.3079949543075565
64355.350064,-0.103776456741965,0.612076860363199
64355.350064,-0.15414294210226487,0.37118435049874027
64355.350064,0.04517255806436715,0.2590503537445799
64355.350064,-0.6069150138935875,0.46665611096226794
64355.350064,-0.3686415445541531,0.5683558925822395
64355.350064,-0.6706163256439339,0.2525310109307775
64355.350064,-0.27381732897362276,0.5646677766936232
64355.350064,0.2574507913261286,0.4308200111243803
64355.350064,0.013646458672015527,0.33086862136048406
64355.350064,-0.44951398097581574,0.28292872969133726
64355.350064,-0.42936828394965687,0.4248871687001234
64355.350064,0.7772178389133266,0.35889042023907913
64355.350064,-0.5712307955549001,0.25253826025650966
64355.350064,1.3503884518676017,0.4971391185595174
64355.350064,1.0605355117218558,0.6755689365268115
64355.350064,0.24504753733213747,0.2110031948778451
64355.350064,1.587651463878207,0.4239499294740869
64355.350064,-0.1854331742744737,0.19376199706788888
64355.350064,-0.5612326223649937,0.34125588069663243
64355.350064,-0.20499923758860916,0.1805804481355738
64355.350064,0.18066565201478468,0.46558897976875824
64355.350064,-0.47643507412436215,0.39946520511624445
64355.350064,-0.11631258236070252,0.38444642268650087
64355.350064,0.19763478299830162,0.32037306118931747
64355.350064,-0.1682188562514284,0.40590467662279855
64355.350064,0.20174955997038246,0.23611306230134657
64355.350064,0.2613345558264939,0.510783594344842
64385.271792,0.35061467450323036,0.29006700924329987
64385.271792,0.3515183571702565,0.2021408528526735
64385.271792,0.10480760902918007,0.13792403957868887
64385.271792,0.19685229394678494,0.3259232270253821
64385.271792,0.04531233589097994,0.2815619106860394
64385.271792,-0.4701316736059198,0.2574600417299516
64385.271792,0.2085082161630929,0.1799958952247962
64385.271792,0.10773561038967827,0.2240838374748781
64385.271792,0.32207966237958274,0.38528135760253
64385.271792,-0.27669555665404033,0.2704349368176754
64385.271792,0.19579085450784994,0.16020622011688035
64385.271792,0.26486789825549373,0.23870920602199489
64385.271792,0.32853290456928264,0.28721652879685905
64385.271792,0.9897938591537372,0.32789905242752065
64385.271792,-0.5274501678768644,0.20645839917024514
64385.271792,-0.6446548830666678,0.3984815582477112
64385.271792,-0.2699224750915157,0.22562851520487462
64385.271792,0.12129549274120421,0.35729827295680733
64385.271792,0.327624128525553,0.12264792752065141
64385.271792,0.2712077084390643,0.3698720426741398
64385.271792,-0.20112435494838365,0.2354374390819856
64385.271792,0.46986753648222646,0.31551665053159833
64385.271792,0.6309830087279291,0.4686027305388288
64385.271792,0.03786272925753131,0.16214643959023678
64385.271792,-0.13766744367959305,0.17506751064526307
64385.271792,-0.07573478499289266,0.12355502792767645
64385.271792,-0.1602975380831424,0.29793469860492217
64385.271792,-0.21323184858418998,0.2842965142555637
64385.271792,-0.7136175396621312,0.2883639449432887
64415.217815,-0.08396464932547332,0.16359676552574873
64415.217815,-0.019378732443191993,0.2749758219508082
64415.217815,0.31500536351219743,0.29760157781160207
64415.217815,-0.42087413663523066,0.3855418202984635
64415.217815,1.0093363244963172,0.5098224151695591
64415.217815,-0.817211120517026,0.3030106230951683
64415.217815,-0.12660235127085429,0.348527443519205
64415.217815,-0.6155707897086735,0.3638481954674726
64415.217815,-0.26679854890420174,0.19665613235086646
64415.217815,-0.08105297063311312,0.23967941590719583
64415.217815,-0.04443855320149126,0.14963214368471578
64415.217815,-0.10835592531297245,0.24369924639610938
64415.217815,0.49181543994007626,0.25569883659334414
64415.217815,-0.3506645005551121,0.13065395724094778
64415.217815,0.22629431987500404,0.3079635912091686
64415.217815,-0.020821311079341598,0.2329954218352982
64415.217815,-0.1094213769294754,0.2665919376332548
64415.217815,0.05444203702848327,0.1753773646464051
64415.217815,-0.1866305703809381,0.22581360832645367
64415.217815,-0.48318243312295905,0.27273989240105795
64415.217815,0.018271663571287178,0.20531352819517906
64415.217815,0.09657568210515244,0.3918177048568613
64415.217815,-0.09998390262355628,0.131060707194311
64415.217815,-0.40501218441214526,0.1877633493474874
64415.217815,0.05529680080892341,0.26458832032553353
64415.217815,0.49030940147172153,0.4352291371062897
64415.217815,-0.22534744769641435,0.1677317155514583
64415.217815,0.45385032883461207,0.26715372986731006
64415.217815,0.2639091543622101,0.2723679891819037
64445.35571,-0.5645137648581979,0.3894592647045441
64445.35571,0.3924017470034702,0.3018458956159622
64445.35571,-0.8397605046880052,0.21668951711387352
64445.35571,-0.6197105424997709,0.26875947841128855
64445.35571,-0.3458106549389317,0.23469807816224858
64445.35571,-0.005127128265250747,0.24070544080405884
64445.35571,0.15183994399566103,0.24233102305564813
64445.35571,-0.7617055929433416,0.20596626486249384
64445.35571,-0.4890789909125779,0.3260463520133738
64445.35571,-0.14014124832076646,0.47350786508397574
64445.35571,-0.4098783840042035,0.3363590731743358
64445.35571,-1.0138993537467922,0.5297814203591754
64445.35571,-0.05524229286660187,0.24880996143948203
64445.35571,-0.8115109167785484,0.31634833094157205
64445.35571,-0.7277303327466313,0.46044935102734025
64445.35571,-0.40136579317611343,0.1445709298742532
64445.35571,0.05529680080892341,0.3272408376856362
64445.35571,0.0612083735937361,0.3771608819001998
64445.35571,-0.25369159475364533,0.3308576824181389
64445.35571,-0.2580037615869095,0.17679473153890754
64445.35571,0.553962987307969,0.31994957781218275
64445.35571,0.10819564771987444,0.41297261429746474
64445.35571,-0.45518766634787156,0.13777042810343346
64445.35571,-0.507553526493087,0.18104605362801926
64445.35571,-1.4529341818688835,0.32750159349151037
64445.35571,0.07142220727432047,0.29408151318291886
64445.35571,-0.5320617901448035,0.16429943893841967
64445.35571,-0.015130292736388995,0.3889291625117703
64445.35571,0.02965371693711738,0.19706714472634923
64472.234961,-0.11970106948022519,0.1617981518434257
64472.234961,-0.4638953749241992,0.2992843359153912
64472.234961,0.003496929998693332,0.2915467646117742
64472.234961,-0.1414246201504028,0.20179853134064527
64472.234961,-0.15918333756395242,0.21695304977501725
64472.234961,0.6576121547685911,0.44955543893678807
64472.234961,-0.2716501287283357,0.2974279762201862
64472.234961,0.7094785341989738,0.41919504068259705
64472.234961,5.985047618887482,0.20156002774290907
64472.234961,-0.5211797853282398,0.27810123473071496
64472.234961,-0.20143802010726475,0.22599870144803255
64472.234961,-0.21820206736488146,0.3218216660497855
64472.234961,-0.1417310042277311,0.3677309038434525
64472.234961,0.28100131945426554,0.35289645024778915
64472.234961,0.17833776845358074,0.45819637389290097
64472.234961,0.13724098349130287,0.24435245398698335
64472.234961,-0.01949147682133301,0.22531506735111387
64472.234961,-0.08222925525263847,0.20514958657200022
64472.234961,0.6275883812459639,0.29686545477243975
64472.234961,0.221293701509369,0.28570421015644454
64472.234961,-0.21380358049345816,0.5341203345308317
64472.234961,-0.3944635490285471,0.3488353299534093
64472.234961,0.4991313746879822,0.3103873657831305
64472.234961,-0.16518290171414307,0.16693251517742622
64472.234961,0.0004265144831556711,0.29685258055200914
64472.234961,0.08679514117375398,0.1559365074341148
64472.234961,0.23834902431858573,0.13290825901379028
64472.234961,0.2944949273716979,0.2359581247469187
64472.234961,2.0188979069381627,0.13788162296065978
64539.059606,0.2248606422609445,0.5822822818362109
64539.059606,1.3275764764685105,0.301397751791866
64539.059606,0.04669796171286933,0.3509489490643681
64539.059606,-0.31118568431914717,0.19536294772006788
64539.059606,-0.027169960175669416,0.2594481264033384
64539.059606,-0.5321561077215158,0.18697961733605173
64539.059606,-0.817070839293681,0.2842674070843596
64539.059606,-0.06076724770717945,0.25172664534752215
64539.059606,-0.21834262045576835,0.14755557553935114
64539.059606,-0.3658159670429235,0.2729964235584832
64539.059606,0.4730839738817636,0.49609231459081043
64539.059606,0.23670364109015551,0.39840504586029263
64539.059606,0.3268003576188221,0.4513710909518801
64539.059606,0.28839237102468473,0.31483470256386115
64539.059606,-0.20116193998303977,0.22973744232992152
64539.059606,-0.05882737630209789,0.42083252131026344
64539.059606,-0.11587181990673656,0.18738211086814466
64539.059606,-0.2866891016941473,0.3390460928424125
64539.059606,-0.16108291258842655,0.2716913926893213
64539.059606,0.6143105476716508,0.4348363290749817
64539.059606,0.18587649677996332,0.3371416563070918
64539.059606,-0.2554417480793365,0.16957451881036575
64539.059606,-0.30021067724629447,0.30790505346384905
64539.059606,-0.16695765607968127,0.147573201580907
64539.059606,0.17693438603585676,0.21412210577366175
64539.059606,0.279947261462679,0.30053239403013426
64539.059606,-0.23368046877401127,0.30502838190503945
64539.059606,-0.2978323239429592,0.22376985159525484
64539.059606,-0.16034629338281903,0.2989292595811281
64739.288407,-0.033866353297003826,0.1685605766212798
64739.288407,-0.12275856974798849,0.3044192831381506
64739.288407,0.4824399454505084,0.3438828628415956
64739.288407,-0.32169012096106897,0.12390144389382882
64739.288407,0.2266830716625936,0.29638301375846093
64739.288407,-0.5233992684465996,0.25213328224588344
64739.288407,0.19392170172617007,0.23229203664978224
64739.288407,-0.07140989614222093,0.21161031855804235
64739.288407,-0.005647048807826849,0.17070336260975733
64739.288407,0.39144415323366744,0.17705585337901927
64739.288407,-0.20363928778897922,0.1644031310323179
64739.288407,0.16270925406162817,0.2928579285008467
64739.288407,0.11292467006745532,0.317861530675929
64739.288407,-0.22703396083011285,0.4145586239983393
64739.288407,0.04531233589097994,0.3022796753907746
64739.288407,0.2993321635821715,0.2198361629982396
64739.288407,-0.2791771311704707,0.20859994801960102
64739.288407,-0.3227103262020208,0.45905711936118554
64739.288407,-0.0571100774775779,0.11764415894546607
64739.288407,-0.1372132111787181,0.24738569312031186
64739.288407,-0.10376925382729674,0.21087005140939338
64739.288407,-0.8028249662281226,0.37183076487718
64739.288407,-0.149940150640413,0.14345644041999833
64739.288407,-0.028208262839580556,0.30674065028782665
64739.288407,-0.12376791053173974,0.28330247049942536
64739.288407,-0.25532505162206576,0.35697077683127404
64739.288407,0.28596547056283406,0.34514069274295833
64739.288407,0.3602083546965158,0.40670605138061605
64739.288407,-1.1091911643950176,0.2893552915390615
64769.19915,0.23880516770800675,0.20481349475490068
64769.19915,0.30780964709753533,0.3527637846787006
64769.19915,6.719344521499693e-05,0.3559651660088732
64769.19915,-0.4596354606369246,0.14455331439424013
64769.19915,-0.6746316735284896,0.4183711884399891
64769.19915,-0.34339431224706196,0.2372288078355677
64769.19915,-0.3696788586213273,0.19550393610701178
64769.19915,0.1098613415765719,0.25263486183124256
64769.19915,-0.33911890986565396,0.3290594627145063
64769.19915,0.0840525400337171,0.34990042664749627
64769.19915,0.7766743911304257,0.35794306730831604
64769.19915,-0.2524069277305969,0.15253849709575756
64769.19915,0.8453253688077274,0.5723027792414029
64769.19915,0.05579626763454826,0.44735970747845905
64769.19915,-0.03486191440400788,0.22327984462095882
64769.19915,-0.582038628161925,0.25995373007072936
64769.19915,-0.7031802347713487,0.176136203529128
64769.19915,0.07860002514008535,0.4152491070445771
64769.19915,-0.15903086279470102,0.26225196363818176
64769.19915,-0.3946448340794362,0.3491578693435898
64769.19915,-0.359157517687839,0.3067325669575802
64769.19915,0.03208409805673895,0.28420785787902403
64769.19915,-0.1366554275545937,0.24376764111962235
64769.19915,-0.5032118945116011,0.19117652825148956
64769.19915,-0.3486470601897018,0.33878453002283876
64769.19915,1.7270951024307575,0.5148488912998762
64769.19915,-0.23436260324234048,0.408873184623237
64769.19915,0.3188114887524165,0.5043881297925675
64769.19915,-0.2075422829910636,0.3478238880757092
64799.187713,-0.37512736914490574,0.14077268924854458
64799.187713,0.35585820180500605,0.3474182927703479
64799.187713,0.03363024429814132,0.2532073903201546
64799.187713,0.13502403949752662,0.39040126380818124
64799.187713,-0.3801268291309494,0.3241687442264115
64799.187713,-0.863033749587661,0.32028232270614365
64799.187713,-0.46833954663223665,0.14018299430298992
64799.187713,0.28176859425251166,0.44866969198059187
64799.187713,0.661586920292013,0.3833186105842847
64799.187713,-0.3553755651680497,0.23226514591115824
64799.187713,-1.0981233438254066,0.4702538719088369
64799.187713,-0.5297689584431495,0.2195231244846881
64799.187713,-0.24808100244954012,0.570133322155575
64799.187713,-0.3508246214596724,0.19216818645533432
64799.187713,-0.11593781712645423,0.25876347898884755
64799.187713,0.2955900022288489,0.30096191084984
64799.187713,0.22042735458118656,0.26008299131297136
64799.187713,-0.8498288650270638,0.47733573788174394
64799.187713,-0.2902745039983614,0.2721105685775445
64799.187713,-0.4539651563365741,0.3487830572171209
64799.187713,0.6460425815658404,0.23145474879252062
64799.187713,-0.4831708059657913,0.1649427413618277
64799.187713,0.2225365881844965,0.32823928417743076
64799.187713,-0.24458913836159013,0.40088514422228005
64799.187713,0.09782159718837136,0.19877134173263053
64799.187713,-0.44984656457189587,0.33583894511579704
64799.187713,0.04517466785128654,0.3309570174158129
64799.187713,-0.23547792231988574,0.17713858484468073
64799.187713,-0.025395264781458593,0.3259194653014003
64823.134714,-0.05956870657244906,0.154963408858824
64823.134714,0.8851865019486702,0.31436633787874835
64823.134714,-0.1269196839435658,0.3187540425053833
64823.134714,-0.7473278371419738,0.42504271805977906
64823.134714,-0.7353453559417531,0.17034648171845543
64823.134714,0.9590049201051096,0.5480048598801304
64823.134714,-0.16063037114002832,0.21380637645123268
64823.134714,0.24574402044385124,0.4028202344059331
64823.134714,0.22784723591625067,0.3196278590932786
64823.134714,-0.23368046877401127,0.3201941875811523
64823.134714,0.1929165418304244,0.28441947951556834
64823.134714,-0.6192206459976468,0.39501829508404596
64823.134714,-0.23769919848973942,0.17969538340993146
64823.134714,-0.1405624146511677,0.25630101923637616
64823.134714,0.3934197019089254,0.3326202423701381
64823.134714,-0.22187017547703825,0.21480674879771824
64823.134714,-0.6157476216720532,0.37332488876981434
64823.134714,-0.1760885747097607,0.1456652629665035
64823.134714,0.49129843018615915,0.4550023949820642
64823.134714,-0.35471855145111597,0.2867572188923252
64823.134714,0.2594438526245959,0.24432292048435952
64823.134714,-0.2309910844343701,0.34912659926700396
64823.134714,0.676572474234268,0.25320729731877545
64823.134714,2.5018565566991215,0.4980062509896947
64823.134714,-0.1450688184468163,0.3335582027694019
64823.134714,-0.7137377119857522,0.2611694139214109
64823.134714,0.3007759679364188,0.2037290057509035
64823.134714,-0.6287311835749314,0.3018458956159622
64823.134714,-0.548075424986969,0.19551816023297683
64829.103787,0.12202837639270214,0.49854123832325403
64829.103787,-0.128653444895523,0.2299282541590992
64829.103787,0.22923852246782772,0.3338725740260011
64829.103787,0.38840458692098423,0.4061084034303883
64829.103787,-0.07879518346260284,0.1821941526715304
64829.103787,0.6693221794152535,0.29515753365361985
64829.103787,-0.18053636899881376,0.1320994903848902
64829.103787,0.1459789641272966,0.16082560585201608
64829.103787,0.2675272046415902,0.4566652247737935
64829.103787,-0.35024074248762815,0.19460977958805228
64829.103787,-0.5986497567877791,0.29988698611872405
64829.103787,0.2506468737857155,0.29377633253244
64829.103787,0.4465148542774404,0.2556844552352623
64829.103787,0.0950958026985429,0.36090073033767306
64829.103787,-0.2234118922108781,0.23928710460914374
64829.103787,-0.3759903629762924,0.3728504718213404
64829.103787,0.6786737181436591,0.4154211810530578
64829.103787,-0.09654569891229414,0.18394047494901078
64829.103787,0.31777563481133875,0.16678748258387488
64829.103787,-0.29275534907525724,0.273362032938042
64829.103787,-0.6588041283411439,0.19175606260790465
64829.103787,0.6918064393278955,0.2915463756039841
64829.103787,-0.29036204959316336,0.24275749059778462
64829.103787,0.5271868288991985,0.32619888230021565
64829.103787,-0.0015374488018800037,0.21933534907118657
64829.103787,-0.08854023477352335,0.2626224509515032
64829.103787,-0.12190970458369677,0.2778779833089875
64829.103787,0.0004767275606276655,0.1428388500434914
64829.103787,-0.6619567204482557,0.29638301375846093
64853.044257,0.28671206975540287,0.24480898795529019
64853.044257,0.2476222660931935,0.44671275549959555
64853.044257,-0.35713711578584295,0.25488838069288977
64853.044257,-0.27203716581256465,0.13163806713789827
64853.044257,-0.3527019858200404,0.17004725260825151
64853.044257,0.6986458903096704,0.40924796420174486
64853.044257,-0.41014700709256857,0.19512326185609466
64853.044257,-0.22578023966919147,0.3066582144307938
64853.044257,-0.04576523136279498,0.26862893429138857
64853.044257,-0.5638010878408828,0.36022712801896634
64853.044257,-0.4155370870104491,0.247682410102727
64853.044257,0.04653126980588951,0.5202358091815331
64853.044257,-0.265165192323213,0.2007395238033346
64853.044257,-0.26058816746660085,0.15349195822516404
64853.044257,-0.229074374016502,0.17382809464069482
64853.044257,-0.42943636554427833,0.27634416420645697
64853.044257,0.7753052554311628,0.3812054901207367
64853.044257,0.033353883143369956,0.27118243832902256
64853.044257,-0.4361512635099185,0.3167961989876343
64853.044257,0.2724003711351308,0.2252583289617165
64853.044257,0.17739295665922228,0.28859847735020605
64853.044257,-0.4146389626221989,0.17157355817106437
64853.044257,-0.3606720377054806,0.13087634695540046
64853.044257,-0.22821051489277622,0.23468839492765275
64853.044257,-0.1935294668159333,0.20531352819517906
64853.044257,-0.14072875656557748,0.27958896593220556
64853.044257,-0.1868264734512337,0.27307511550578645
64853.044257,-0.5253393207973893,0.3914179869075849
64853.044257,-0.7635506903016633,0.3088365367054965
64883.031302,0.652761287755105,0.22148201828226882
64883.031302,1.5183942939248833,0.3283104654549134
64883.031302,0.3643184314102452,0.1286524498108737
64883.031302,0.06509607496658276,0.23284714694645797
64883.031302,0.17252999074963604,0.1295595713409841
64883.031302,0.8456942753376913,0.18245100268740416
64883.031302,0.5952209968046791,0.16556089956071465
64883.031302,0.23566395803308282,0.27477201005317253
64883.031302,0.9674517315826421,0.24569272002795747
64883.031302,1.0440279807387611,0.30427637580872924
64883.031302,0.08152982607086656,0.3024734041458891
64883.031302,2.8685610470508376,0.5250086147703544
64883.031302,0.7559608136506863,0.3178454910252325
64883.031302,0.5766544284208077,0.3600759771021159
64883.031302,0.16519677203809735,0.21466330782488496
64883.031302,0.32114878893718135,0.24316790055653
64883.031302,1.5036563178406226,0.35868769584794513
64883.031302,1.5044322546075168,0.4357564836220886
64883.031302,0.7633181665922795,0.25022825926527714
64883.031302,1.7263295278712034,0.4451816063804881
64883.031302,0.5192230387415702,0.18312371467495656
64883.031302,0.7202976302072681,0.31236667497412646
64883.031302,1.087668413406428,0.3812979221918758
64883.031302,0.20130297254038965,0.15271999531707448
64883.031302,1.80723084546546,0.32255129096459023
64883.031302,0.6099627817259714,0.30517466597472176
64883.031302,0.9462582329595346,0.40937015691659867
64883.031302,0.21340828590605554,0.19779948195755753
64883.031302,0.6643491608035479,0.3095184124562844
64889.030163,0.6492714629238421,0.35345362646647294
64889.030163,1.7940822005526558,0.36920300513986376
64889.030163,0.9672179849936642,0.4047852111591328
64889.030163,1.6888102837776193,0.5388931401196526
64889.030163,0.9214842416068336,0.29785463448413346
64889.030163,0.6880190081716515,0.31046234583071913
64889.030163,0.8153640059685188,0.2004292452925323
64889.030163,0.031471132760660936,0.15799507518902048
64889.030163,0.907578496757278,0.32229074872633123
64889.030163,0.46005524265609843,0.14341620998707852
64889.030163,0.45236877861002966,0.28859847735020605
64889.030163,0.18855480120537038,0.17366527925949088
64889.030163,1.187563245761492,0.3829301906944096
64889.030163,0.08658748971290642,0.26177725584675143
64889.030163,0.8440695293265517,0.29878511266949376
64889.030163,1.2682235126990804,0.30111462560152674
64889.030163,0.09557058902003668,0.25923650476679405
64889.030163,1.2222651883254656,0.3274472127950006
64889.030163,0.24756383132258897,0.14210702753526067
64889.030163,0.12775604861395706,0.286865950424103
64889.030163,0.22625655737495265,0.24099534025140437
64889.030163,0.43401318842750314,0.2051233487560427
64889.030163,0.5778040217405795,0.2500608072533106
64889.030163,0.6768580661285668,0.4350302228160518
64889.030163,1.0790250343956451,0.32256719886688956
64889.030163,1.2865069434075913,0.461641459410893
64889.030163,0.0668692479677695,0.16098617884182723
64889.030163,0.5792801600472028,0.20596626486249384
64889.030163,1.1091359097279625,0.23065039681480148
64952.002281,-0.12192745148459494,0.2870533663909087
64952.002281,-0.30034079427917604,0.18188429867038836
64952.002281,-0.3990752156231636,0.5158968950098773
64952.002281,-0.0591550663827487,0.2758471423283878
64952.002281,-0.45681477489575073,0.251245488998539
64952.002281,-0.7570693461275013,0.33328373350743673
64952.002281,-0.21208516046049297,0.42268378911342597
64952.002281,0.03740555116480948,0.13532414124445402
64952.002281,-0.6667428031765681,0.22878338318403318
64952.002281,-0.2774736012255108,0.2958737645939275
64952.002281,0.8752022332431997,0.249324049937708
64952.002281,-0.0798067479853195,0.19204236824784052
64952.002281,0.2102629611128073,0.19117652825148956
64952.002281,-0.0875073707080034,0.29636186621472566
64952.002281,0.2682064245748279,0.1679019325095048
64952.002281,-0.06537729881276455,0.37039811797813854
64952.002281,-0.16895645666036607,0.2588132614937054
64952.002281,1.6282383277815562,0.3204669530585186
64952.002281,0.45514505989217113,0.19910616722234734
64952.002281,0.5059984181980273,0.24313677013630183
64952.002281,-0.5811121946237066,0.4700627795659836
64952.002281,0.6702048371407452,0.16693251517742622
64952.002281,-0.26091182338692676,0.40219095902430707
64952.002281,-0.00876103153676766,0.1495362253891036
64952.002281,-0.38830582034446337,0.38085551911065074
64952.002281,0.5280501974955722,0.2991938759941822
64952.002281,0.4747914455586937,0.2798753093345687
64952.002281,0.368059562891105,0.28350272223571854
64952.002281,-0.1755249830861949,0.21618876600434253
65249.009649,0.10482274747312914,0.25529360864311695
65249.009649,-0.561249227853132,0.3933767091106253
65249.009649,-0.28613029543723734,0.18350631175086204
65249.009649,-0.1404690026600619,0.31407788837500566
65249.009649,-0.3348592858826578,0.5419303800398118
65249.009649,1.1862254041760458,0.38023974624224194
65249.009649,-0.09290369815712296,0.33349406497146644
65249.009649,-0.07816334558342497,0.17360401448078108
65249.009649,-0.13578749732543471,0.1650714018465093
65249.009649,0.9508625779684694,0.39422872717884966
65249.009649,0.08246183955002095,0.1491898094229513
65249.009649,0.4639220999888938,0.3358935679952795
65249.009649,0.08273975942707423,0.20857963539207347
65249.009649,0.7716821586714531,0.32674161443973904
65249.009649,0.9760775182157335,0.4651700462665796
65249.009649,0.0896424004686569,0.2151490703097465
65249.009649,-0.06463657228330533,0.23967941590719583
65249.009649,-0.336209169115687,0.1416622481063552
65249.009649,0.512420093396794,0.3315135926721346
65249.009649,0.036146500102551826,0.4159200794272643
65249.009649,0.02259357867036549,0.3011838591616761
65249.009649,-0.429251069609883,0.27447326259798527
65249.009649,0.7402694951660127,0.4823119725188435
65249.009649,-0.4000151116733104,0.3160358215086696
65249.009649,0.30639752562957767,0.2518716145145317
65249.009649,-0.25710363464417085,0.34399781064233736
65249.009649,-0.3069410994073287,0.24210180302541098
65249.009649,-0.13439299224357804,0.29460558877323023
65249.009649,-0.10978058357680709,0.20481349475490068
65278.997367,0.8901567207293617,0.35860128502690397
65278.997367,-0.21033210763784993,0.26963934289559527
65278.997367,0.5969540226074219,0.3304857887839682
65278.997367,-0.31920682155733004,0.32914934645303295
65278.997367,-0.0865510291520053,0.5228874241751906
65278.997367,-0.09768497313355695,0.44854738449626486
65278.997367,-0.6212369269784368,0.23716337555935055
65278.997367,-0.7866787430266449,0.30878369807310313
65278.997367,-0.32767268406860595,0.2945773180696958
65278.997367,-0.4494467850744872,0.1881072738359008
65278.997367,-0.6012391627180342,0.28800489717701794
65278.997367,-1.0334611782719634,0.36918835161294367
65278.997367,0.14120115734825944,0.23285528185825694
65278.997367,-0.28519965520226265,0.2276438054987771
65278.997367,-0.17214081612846854,0.485142218432592
65278.997367,0.2357971488338375,0.2711436092614772
65278.997367,0.3164117312828818,0.6182952694609546
65278.997367,-0.36404595919619354,0.3585114118315401
65278.997367,-0.22679465835691204,0.20072811861076154
65278.997367,-0.1518695949674136,0.33829709558281923
65278.997367,-0.48450562505268024,0.16350833602391576
65278.997367,0.903893544010753,0.4079495253206243
65278.997367,0.11611150085245825,0.34171984725047344
65278.997367,0.031075546813838173,0.3261869153966927
65278.997367,-0.44792807388120615,0.4012948134016222
65278.997367,-0.2134045101365203,0.3444545734764186
65278.997367,-0.4291334023995148,0.1785807527380787
65278.997367,-0.7053760951071322,0.16367882983717033
65278.997367,1.1683006060710976,0.4588220718721238
65424.360236,-0.1545231406722607,0.2725157965277714
65424.360236,-0.22317228614557294,0.3352412567576533
65424.360236,0.05848983454379919,0.15889569858179176
65424.360236,-0.6542033689165248,0.5462692942114681
65424.360236,0.3093084419298009,0.2651619105900351
65424.360236,-0.12740077147564044,0.2602409289401589
65424.360236,-0.5271468358146869,0.4205050251847301
65424.360236,-1.2654169804203796,0.32795646195953404
65424.360236,0.005848407185322202,0.3034824897310296
65424.360236,0.05497269755029066,0.21037632763115946
65424.360236,0.5564090849976644,0.32655404157436085
65424.360236,-0.9057954815250717,0.33688111406883287
65424.360236,0.29828092793100325,0.36176656018998754
65424.360236,-0.20867923130584742,0.40121159792278716
65424.360236,-0.38735880343980256,0.14244061210693967
65424.360236,0.23260808768516483,0.20713739976346612
65424.360236,0.4156658819152348,0.461641459410893
65424.360236,0.33782549668912765,0.22079737525821239
65424.360236,0.09380520319801988,0.377446772399765
65424.360236,-1.2200971077918297,0.23832397464291677
65424.360236,0.242505518020387,0.3157587030299999
65424.360236,-0.6623668602033188,0.44410848289151206
65424.360236,-0.29917238935402857,0.3223184873781697
65424.360236,-0.17134316155705598,0.244193925453393
65424.360236,0.0668692479677695,0.17780995969376592
65424.360236,-0.4671848267450631,0.14076035424657718
65424.360236,-0.5322772009200492,0.3045130838392186
65424.360236,-0.11391222683824154,0.1755466531181354
65424.360236,-0.563398557747794,0.32053411698500067
65426.358281,-0.26790425517179983,0.29224886430467034
65426.358281,0.3724284867476566,0.33055745723369223
65426.358281,-0.12360607273770796,0.30674065028782665
65426.358281,0.7992187362516487,0.4803980361199592
65426.358281,-0.17307752249615405,0.2925636450244602
65426.358281,-0.20722313473313392,0.14132866353467627
65426.358281,-0.003924216640564637,0.18770322266629977
65426.358281,0.1346668793696697,0.2251579584296573
65426.358281,-0.35517699768913147,0.14364715396451355
65426.358281,0.469619278819998,0.21241049821352057
65426.358281,0.13213391506580763,0.1856417197455305
65426.358281,0.7702307379293121,0.3113029030158691
65426.358281,0.5323976736643781,0.3415708743574941
65426.358281,0.16598947743962356,0.18932079469779758
65426.358281,-0.4213030450019666,0.2607892664074941
65426.358281,-0.6935380680369256,0.29429210345641893
65426.358281,-0.41035639246946687,0.5493065341316271
65426.358281,0.08623068170334669,0.29837622044558193
65426.358281,-0.9609267616243251,0.2706922707517494
65426.358281,0.13851635729556833,0.2706653677924583
65426.358281,-0.5985483788453401,0.2588132614937054
65426.358281,-0.200495095479873,0.3940946357814332
65426.358281,-0.38024241822050087,0.1637847969996932
65426.358281,0.26077562675468613,0.21413304776743014
65426.358281,1.515975668471274,0.4407124956841031
65426.358281,0.0003134824139117143,0.24191670990383196
65426.358281,0.44808591222697025,0.4346670924130331
65426.358281,-0.1210516401534214,0.3982352886484672
65426.358281,0.3970580702586748,0.3388777184337984
65493.191391,-0.9381566034063376,1.0767722030039972
65493.191391,-0.8932273663958199,1.021909984351636
65493.191391,-0.16349349641815714,0.45010981202063816
65493.191391,-0.5063296932084818,0.49071108857567153
65493.191391,-0.04831147718546269,1.040396043141814
65493.191391,0.044648034473519616,1.3740854450216526
65493.191391,-0.9033208342047843,1.067104153796098
65493.191391,-0.39291854630112155,0.4309912666092882
65493.191391,-2.497808000453084,1.6179810946104562
65493.191391,-1.2195991926959238,1.1970624561861034
65493.191391,-1.9700808143701174,1.1626656039053602
65493.191391,-1.249522464358403,0.9793816107352941
65493.191391,-0.2707054344021298,1.3675145514227465
65493.191391,-0.16262769967680413,0.8122794262303618
65493.191391,0.41077413834184995,0.6263698633086713
65493.191391,1.7133147603587897,1.4366006610025548
65493.191391,0.26121292332637225,0.5898475579727129
65493.191391,-0.37913286575309435,0.9039954741087008
65493.191391,1.3574339347688076,0.8292333216446733
65493.191391,-0.23455916398910404,0.8926200629439487
65493.191391,-0.3536639576079086,0.727433213060002
65493.191391,-0.6667466991476196,0.5913302758785666
65493.191391,-1.4986823783912353,0.7729787199987642
65493.191391,-1.2713128462113659,0.6108753612892364
65493.191391,0.32396388305721047,1.1445620526716032
65493.191391,-0.6012391627180342,0.7740594344436306
65493.191391,-0.5038983069761045,1.02537724838276
65493.191391,-1.5658023916711308,0.9883993306451986
65493.191391,-1.424486219775872,1.2343328971349286
65494.23464,-0.1889675164415685,0.6949659346395959
65494.23464,-1.7111234733501455,0.8350977512620733
65494.23464,0.9619569991060226,0.8905180288865624
65494.23464,-1.2231605981596303,0.5749289794514227
65494.23464,1.4852006389773873,0.9316990440140344
65494.23464,0.6895039933086764,0.8368796047185321
65494.23464,-1.0831619265318349,0.7662819459269888
65494.23464,1.9750304486073205,1.1367167150820714
65494.23464,-0.24432388852037512,0.42366672660434107
65494.23464,-0.4752705601478322,0.8722153819607558
65494.23464,-0.45100568479538694,0.46755220133298114
65494.23464,0.9039763188342196,0.8536717504842686
65494.23464,-0.9497291314561558,1.2026554326668413
65494.23464,-1.3558660098812112,0.39084992315058
65494.23464,-1.1648298896531166,0.7266587729516046
65494.23464,-0.8690400914238943,0.7440732552050446
65494.23464,-0.08395891870280359,0.8677605763649784
65494.23464,-1.6242588563511724,1.0827021910130201
65494.23464,-0.14964274610506756,0.67890848821417
65494.23464,-1.293487437423721,0.6176557467093245
65494.23464,1.2787828945561435,1.5038676518959082
65494.23464,0.8887909597194339,1.3833932291135715
65494.23464,-1.17074942442909,1.252073629607468
65494.23464,0.07567236968670343,0.5419803923556612
65494.23464,-0.09266660493854495,0.5042783277775075
65494.23464,0.713713954014807,0.8007022455694284
65494.23464,-0.1442968053301552,0.5703681180807519
65494.23464,-0.17330065381093007,0.5309348309569173
65494.23464,1.0088633690470603,0.9866022888546117
65501.252566,-0.394004120498586,0.3175059843906402
65501.252566,0.16464049824551097,0.3027374973445293
65501.252566,0.35410048292399665,0.25454298012301935
65501.252566,-0.428998581016808,0.3355507722976453
65501.252566,0.7211301311771692,0.5496825337595704
65501.252566,0.3328579898357038,0.4653719943827894
65501.252566,0.509845363509493,0.4361421438770086
65501.252566,0.23538174681931778,0.26690428131700505
65501.252566,-0.3795001602419745,0.3371416563070918
65501.252566,-0.22389607801522793,0.306496040518857
65501.252566,-0.10140192601862807,0.3404599864773793
65501.252566,-0.4425373038964189,0.3157500256867171
65501.252566,-0.07347755062682637,0.30230005086946865
65501.252566,0.1060942138759966,0.18732966569642834
65501.252566,0.5658909069383444,0.3360254998518134
65501.252566,-0.2693416818906531,0.638254274650571
65501.252566,-0.5017231783469427,0.2723070076274389
65501.252566,-0.14039909867466704,0.16246908812545865
65501.252566,0.4825833005137188,0.4993043041503099
65501.252566,0.04080712660788954,0.3322850798580683
65501.252566,0.1923270675366986,0.217052727800012
65501.252566,-0.6931046165418753,0.24516682280618815
65501.252566,-0.7387756586396748,0.21480674879771824
65501.252566,0.16117329634877642,0.27341515441526343
65501.252566,-0.25573887156682673,0.1973995340916213
65501.252566,-0.13049868324696234,0.16301166069381232
65501.252566,0.5692209900307379,0.4239596198992449
65501.252566,0.8151348384393806,0.3912845245860278
65501.252566,-0.4479964591389738,0.1885423716165544
65559.160886,-0.4351272847759695,0.22526385883027655
65559.160886,-0.29036204959316336,0.28585053626603063
65559.160886,-0.037007035106380926,0.31709087105276035
65559.160886,-0.6829492606919114,0.19419864276505103
65559.160886,-0.05230778313239526,0.48296343601448155
65559.160886,-0.40979950243209373,0.33658304210211276
65559.160886,-0.6365929074830454,0.3131690680008291
65559.160886,1.1869822506656078,0.535519404407827
65559.160886,-0.3120523613392461,0.18231190679384543
65559.160886,-0.2405680518779949,0.3426965849286908
65559.160886,-1.168009210481861,0.3517790462554927
65559.160886,0.14679516104111912,0.37544136533115874
65559.160886,-0.6324078406924301,0.29097975024844236
65559.160886,-0.5591693769009201,0.2415734383280162
65559.160886,-0.3211434139652276,0.22781496625479122
65559.160886,-0.04954008082949457,0.32299744009550974
65559.160886,0.7922278144478252,0.4707462361307234
65559.160886,-0.3735746231757915,0.2859688728396483
65559.160886,0.5342252227000044,0.6321797948102533
65559.160886,0.19763478299830162,0.26465600706943615
65559.160886,-0.8901607080973815,0.41995709625458977
65559.160886,-0.38402295772301365,0.165235557838339
65559.160886,0.35787844848337436,0.206372240186695
65559.160886,-0.948643804399051,0.331361270975853
65559.160886,-0.33015997016833154,0.38598495991894843
65559.160886,-0.3535738892820497,0.4548921183657244
65559.160886,0.07136207647989501,0.3427246877310038
65559.160886,-0.8695333379241319,0.3294664435483996
65559.160886,-0.3170712414123713,0.16477852789980774
65560.240355,-0.20973168850600032,0.422728074162428
65560.240355,-0.15052610456184468,0.2960790479894444
65560.240355,-0.6511622668228725,0.5458546609618022
65560.240355,-0.45300119913674664,0.24255345227660854
65560.240355,-0.31160427889076203,0.31373567145586057
65560.240355,-0.23556873071769502,0.29237196608890276
65560.240355,-0.7649261332409658,0.3367323223918606
65560.240355,0.5209675056242338,0.21446442728568998
65560.240355,-0.2902048303388458,0.32872033570633424
65560.240355,0.4548230933587032,0.6378203832334057
65560.240355,-0.4852102777989806,0.15823028183307977
65560.240355,0.265072212872667,0.33155612024648284
65560.240355,0.20661711537119487,0.3006254060635876
65560.240355,-0.03647430882895719,0.1608524802834143
65560.240355,-0.39053525699502956,0.18514243745684092
65560.240355,-0.17614228523956044,0.19464983383667922
65560.240355,-0.3508246214596724,0.18694701308749123
65560.240355,0.5633837703925986,0.4263485328618063
65560.240355,0.5817179005377442,0.5058406514046412
65560.240355,0.8139569912421951,0.2522532381728873
65560.240355,0.7251983482245707,0.4666819788849224
65560.240355,-0.8906126664547962,0.2085317427686054
65560.240355,-0.23244294762366202,0.26897110004783287
65560.240355,-0.5694408215398994,0.26963934289559527
65560.240355,0.39952113215230867,0.32750159349151037
65560.240355,0.2594438526245959,0.25635397338699867
65560.240355,0.1269386774021921,0.3362777712480985
65560.240355,-0.6451896476002705,0.3889291625117703
65560.240355,0.3673113294946937,0.31850443088243463
65583.300414,0.449662763671526,0.41523727142796685
65583.300414,-0.4952178149493527,0.39451935343904904
65583.300414,1.2093602678096502,1.57242249580807
65583.300414,-0.5729962933893464,1.2385903467668609
65583.300414,0.21605180375479094,0.5415462291575124
65583.300414,1.544013468536523,1.3784430098578735
65583.300414,-0.12369890904405878,0.7000221858120064
65583.300414,1.6326920684637223,1.0273610296721465
65583.300414,0.41200535520440695,0.9899129590229093
65583.300414,1.1373817710199763,0.5698215081002457
65583.300414,-0.4042644713667993,1.3879866764708941
65583.300414,-0.13182540519736818,0.5891223950049568
65583.300414,-0.79883558153346,0.7407566930152663
65583.300414,0.1569408636178906,0.8196105983361579
65583.300414,-0.01999306111198429,0.4710260344193847
65583.300414,-0.12619806609508544,0.7970161398831752
65583.300414,-0.4549416727893494,0.7079118862491768
65583.300414,0.20687485958210594,0.5891517187621058
65583.300414,-1.3959613087698504,1.1494166922376619
65583.300414,0.11464825546523727,0.9861610071190026
65583.300414,1.707111544802073,0.7222983903795784
65583.300414,0.11896393795476001,1.0149827380726926
65583.300414,-0.2126716318759705,0.8533912590100552
65583.300414,1.453935570386312,1.0507668468983782
65583.300414,-0.4393768031056613,0.967453085661634
65583.300414,2.4246103258371914,1.0156696937779206
65583.300414,-1.0656462516708238,1.0226309250975858
65583.300414,0.027340865831266825,1.154882014700122
65583.300414,0.5003782061947977,1.2581525617529876
