mjd,muJyas2,muJyas2_err
53140.38559595109,3.1562773403842836,0.2575915420131586
53142.870264559424,3.186737746132758,0.2542788425270501
53145.35493316776,3.2169946922878747,0.25100919729561494
53147.83960177608,3.2470417700725633,0.24778317814818754
53150.324270384415,3.2768726054818123,0.24460134062253783
53152.80893899275,3.306480861465106,0.241464223019531
53155.29360760108,3.3358602401014013,0.23837234542535057
53157.778276209414,3.365004484764947,0.2353262087023988
53160.26294481774,3.3939073822803376,0.23232629345025776
53162.74761342607,3.422562765067254,0.2293730589382354
53165.232282034405,3.4509645132722717,0.2264669420118692
53167.71695064274,3.479106556888005,0.2236083559757546
53170.20161925107,3.5069828778583485,0.22079768945580522
53172.6862878594,3.5345875121682777,0.21803530524451534
53175.17095646773,3.5619145519183917,0.2153215391331503
53177.65562507606,3.588958147381476,0.2126566987355325
53180.140293684395,3.6157125090423676,0.21004106230848463
53182.62496229273,3.6421719096184093,0.20747487757448368
53185.10963090105,3.668330686060333,0.20495836055287972
53187.59429950939,3.6941832415328832,0.202491694406174
53190.07896811772,3.7197240473732993,0.20007502830880686
53192.56363672605,3.7449476450280494,0.19770847634588756
53195.048305334385,3.769848647966082,0.1953921164502166
53197.53297394272,3.794421743567762,0.19312598938597528
53200.01764255104,3.818661694989082,0.19091009778799936
53202.50231115938,3.8425633430002755,0.18874440526565467
53204.98697976771,3.8661216077968383,0.18662883558074858
53207.47164837604,3.8893314907841745,0.1845632719085322
53209.956316984375,3.912188076333191,0.18254755619144294
53212.4409855927,3.934686533507236,0.18058148859444556
53214.92565420103,3.956822117759174,0.17866482707111617
53217.410322809366,3.978590172597313,0.17679728704891137
53219.8949914177,3.99998613122062,0.17497854124154513
53222.37966002603,4.021005518121605,0.1732082195960701
53224.86432863436,4.041643950656068,0.17148590938103295
53227.34899724269,4.061897140580065,0.1698111554215586
53229.83366585102,4.081760895551771,0.16818346048612023
53232.318334459356,4.101231120599081,0.16660228582840778
53234.80300306769,4.12030381955169,0.16506705188687926
53237.287671676015,4.13897509643645,0.1635771391430466
53239.77234028435,4.15724115683715,0.16213188913816265
53242.25700889268,4.175098309215265,0.16073060564693528
53244.74167750101,4.192542966194257,0.15937255600500003
53247.226346109346,4.209571645804624,0.15805697258586987
53249.71101471767,4.226180972690138,0.15678305442158125
53252.195683326005,4.242367679274615,0.1555499689598387
53254.68035193434,4.2581286068882385,0.1543568539493697
53257.16502054267,4.273460706853889,0.15320281944380962
53259.649689151,4.28836104153223,0.15208694991373548
53262.13435775933,4.302826785325257,0.15100830645502644
53264.61902636766,4.316855225638328,0.1499659290814351
53267.103694975995,4.330443763799607,0.14895883908835011
53269.58836358433,4.343589915937109,0.14798604147419991
53272.07303219266,4.356291313812838,0.147046527405861
53274.557700800986,4.3685457056132595,0.1461392767140777
53277.04236940932,4.380350956696855,0.14526326040496934
53279.52703801765,4.391705050296839,0.14441744317397223
53282.011706625985,4.402606088180535,0.14360078590869532
53284.49637523432,4.413052291263895,0.14281224816780014
53286.98104384264,4.423042000181461,0.14205079062356096
53289.465712450976,4.432573675811609,0.14131537745630818
53291.95038105931,4.441645899756471,0.1406049786900802
53294.43504966764,4.450257374776989,0.13991857245925246
53296.919718275974,4.458406925182446,0.13925514719728593
53299.40438688431,4.466093497174571,0.13861370373930473
53301.88905549263,4.473316159146213,0.13799325733161222
53304.373724100966,4.480074101934271,0.1373928395419068
53306.8583927093,4.486366639026944,0.13681150006522813
53309.34306131763,4.492193206725471,0.13624830842155092
53311.827729925964,4.497553364259943,0.13570235554189738
53314.31239853429,4.50244679385966,0.13517275524078393
53316.79706714262,4.506873300777556,0.13465864557374205
53319.281735750956,4.5108328132693245,0.1341591900793311
53321.76640435929,4.514325382526756,0.13367357890596035
53324.25107296762,4.51735118256585,0.13320102982441673
53326.73574157595,4.519910510069579,0.1327407891276268
53329.22041018428,4.5220037841854115,0.13229213241978857
53331.70507879261,4.523631546278015,0.13185436529737182
53334.189747400946,4.524794459636805,0.13142682392498872
53336.67441600928,4.525493309139456,0.13100887550938203
53339.159084617604,4.525729000870305,0.13059991867506188
53341.64375322594,4.52550256169526,0.13019938374547047
53344.12842183427,4.52481513879237,0.12980673293340003
53346.6130904426,4.523667999139093,0.12942146044484068
53349.097759050936,4.522062528955997,0.12904309250020266
53351.58242765926,4.520000233107734,0.12867118727697516
53354.067096267594,4.517482734461206,0.1283053347779303
53356.55176487593,4.514511773201381,0.12794515662876732
53359.03643348426,4.511089206105471,0.1275903058090083
53361.52110209259,4.507217005775328,0.12724046632005245
53364.00577070092,4.502897259828684,0.1268953527938306
53366.49043930925,4.498132170050052,0.12655471004566787
53368.975107917584,4.492924051501115,0.12621831257451857
53371.45977652592,4.487275331591171,0.12588596401376229
53373.94444513425,4.481188549108882,0.12555749653555062
53376.429113742575,4.474666353214431,0.12523277021141965
53378.91378235091,4.467711502393993,0.12491167233175614
53381.39845095924,4.4603268633762045,0.12459411668658123
53383.883119567574,4.452515410011271,0.12428004280993103
53386.36778817591,4.444280222113598,0.12396941518990176
53388.85245678423,4.43562448426829,0.12366222244630082
53391.337125392565,4.426551484601653,0.12335847647780156
53393.8217940009,4.4170646135178,0.12305821158026681
53396.30646260923,4.4071673623995355,0.12276148353778511
53398.791131217564,4.39686332227671,0.12246836868807462
53401.2757998259,4.386156182460896,0.12217896296344474
53403.76046843422,4.375049729147644,0.12189338090894518
53406.245137042555,4.363547843987121,0.12161175467882343
53408.72980565089,4.3516545026236635,0.12133423301264372
53411.21447425922,4.339373773204539,0.12106098019241321
53413.699142867554,4.326709814859335,0.12079217498184744
53416.18381147588,4.3136668761503145,0.12052800954932553
53418.66848008421,4.300249293493879,0.12026868837552948
53421.153148692545,4.286461489554924,0.12001442714753911
53423.63781730088,4.272307971614275,0.11976545164054843
53426.12248590921,4.257793329909685,0.11952199658892934
53428.60715451754,4.242922235951379,0.1192843045481148
53431.09182312587,4.227699440813051,0.11905262474924892
53433.5764917342,4.2121297733989955,0.11882721194816206
53436.061160342535,4.196218138687932,0.11860832527094396
53438.54582895087,4.179969515954312,0.11839622705790227
53441.03049755919,4.163388956968195,0.11819118170838241
53443.515166167526,4.146481584174104,0.11799345452857112
53445.99983477586,4.129252588849951,0.117803310584927
53448.48450338419,4.111707229246546,0.11762101356570315
53450.969171992525,4.0938508287086055,0.11744682465336909
53453.45384060085,4.075688773778252,0.11728100141064142
53455.93850920918,4.057226512280987,0.11712379668320924
53458.423177817516,4.03846955139673,0.11697545752202473
53460.90784642585,4.0194234557141435,0.11683622412827234
53463.39251503418,4.0000938452716905,0.11670632882419753
53465.87718364251,3.980486393584089,0.1165859950529388
53468.36185225084,3.960606825656315,0.11647543641052349
53470.84652085917,3.940460915985664,0.11637485571321246
53473.331189467506,3.9200544865523135,0.11628444410331738
53475.81585807584,3.8993934047993015,0.11620438019661745
53478.300526684165,3.8784835816033336,0.11613482927422561
53480.7851952925,3.857330969236056,0.1160759425218977
53483.26986390083,3.8359415593182167,0.11602785631943073
53485.75453250916,3.8143213807658682,0.11599069158269855
53488.239201117496,3.7924764977303766,0.11596455316071856
53490.72386972582,3.7704130075331417,0.11594952928976784
53493.208538334155,3.748137038594672,0.11594569110657603
53495.69320694249,3.725654748361075,0.11595309222205155
53498.17787555082,3.7029723212257863,0.11597176835702605
53500.66254415915,3.680095966450086,0.11600173704086636
53503.147212767486,3.6570319160813174,0.11604299737382712
53505.63188137581,3.633786422870509,0.11609552985343678
53508.116549984145,3.6103657581899267,0.1161592962650138
53510.60121859248,3.5867762099514664,0.11623423963602122
53513.08588720081,3.5630240805263593,0.11632028425366178
53515.57055580914,3.5391156846673564,0.11641733574483872
53518.05522441747,3.5150573474337463,0.11652528121713394
53520.5398930258,3.490855402120154,0.11664398945937912
53523.024561634134,3.466516188190326,0.11677331119985551
53525.50923024247,3.4420460492155733,0.11691307942014711
53527.9938988508,3.4174513308198016,0.11706310972216555
53530.478567459126,3.3927383786310035,0.11722320074583288
53532.96323606746,3.3679135362400725,0.11739313463461258
53535.44790467579,3.342983143168535,0.11757267754592725
53537.932573284124,3.317953532844527,0.11776158020329608
53540.41724189246,3.2928310305886352,0.11795957848703373
53542.90191050078,3.267621951610307,0.11816639406010747
53545.386579109116,3.242332599014569,0.1183817350257845
53547.87124771745,3.216969261821621,0.11860529661363971
53550.35591632578,3.1915382129977363,0.1188367618904195
53552.840584934114,3.166045707499789,0.11907580249245245
53555.32525354244,3.14049798033332,0.11932207937605362
53557.80992215077,3.1149012446248587,0.11957524358275727
53560.294590759106,3.0892616897095735,0.11983493701593467
53562.77925936744,3.063585479234387,0.1201007932258777
53565.26392797577,3.037878749276958,0.12037243820014512
53567.7485965841,3.01214760648239,0.1206494911563236
53570.23326519243,2.9863981262163612,0.12093156533448102
53572.71793380076,2.960636350737344,0.12121826878668769
53575.202602409096,2.934868287386891,0.12150920516118786
53577.68727101743,2.9090999067990566,0.12180397447888784
53580.171939625754,2.883337141130152,0.12210217390018364
53582.65660823409,2.8575858823080384,0.1224033984800973
53585.14127684242,2.831851980303302,0.1227072419100385
53587.62594545075,2.806141241421127,0.12301329724451875
53590.110614059085,2.7804594266153533,0.12332115761159101
53592.59528266742,2.754812249824969,0.1236304169055136
53595.079951275744,2.7292053763337183,0.12394067046084489
53597.56461988408,2.7036444211528323,0.12425151570674738
53600.04928849241,2.678134947428237,0.1245625528009244
53602.53395710074,2.6526824648717184,0.1248733852424798
53605.018625709075,2.6272924282172347,0.1251836204631022
53607.5032943174,2.6019702357024705,0.12549287039627963
53609.987962925734,2.5767212275759235,0.12580075202423244
53612.47263153407,2.551550684630854,0.1261068879023604
53614.9573001424,2.5264638267652977,0.1264109066610585
53617.44196875073,2.501465811569224,0.12671244348509406
53619.92663735906,2.4765617329392065,0.12701114057036308
53622.41130596739,2.4517566197208236,0.127306647558401
53624.895974575724,2.427055434379417,0.12759862194865335
53627.38064318406,2.4024630716994473,0.12788672948894145
53629.86531179239,2.3779843575122026,0.12817064454430405
53632.349980400715,2.353624047453591,0.12845005044457625
53634.83464900905,2.329386825750717,0.1287246398111565
53637.31931761738,2.3052773040390875,0.12899411486323417
53639.803986225714,2.2813000202095015,0.1292581877040277
53642.28865483405,2.2574594372856804,0.12951658058733032
53644.77332344237,2.2337599423327514,0.12976902616494895
53647.257992050705,2.210205845396219,0.13001526771536456
53649.74266065904,2.1868013784734366,0.13025505935413537
53652.22732926737,2.1635506945155925,0.13048816622645157
53654.711997875704,2.140457866461883,0.13071436468230735
53657.19666648403,2.117526886306008,0.13093344243473815
53659.68133509236,2.0947616641942233,0.13114519870149483
53662.166003700695,2.072166027557172,0.13134944433059711
53664.65067230903,2.049743720272902,0.13154600191021792
53667.13534091736,2.027498401863731,0.13173470586312036
53669.620009525686,2.0054336467260327,0.13191540252623124
53672.10467813402,1.9835529433927306,0.1320879502154663
53674.58934674235,1.9618596938298918,0.13225221927636466
53677.074015350685,1.9403572127663722,0.13240809212058782
53679.55868395902,1.9190487270570742,0.1325554632488128
53682.04335256734,1.8979373750801969,0.13269423926005788
53684.528021175676,1.8770262061682068,0.1328243388479452
53687.01268978401,1.856318180072936,0.1329456927837895
53689.49735839234,1.8358161664645998,0.13305824388708914
53691.982027000675,1.815522944464874,0.13316194698326914
53694.46669560901,1.7954412022144908,0.13325676884910356
53696.95136421733,1.7755735364747238,0.13334268814575737
53699.436032825666,1.7559224522633556,0.13341969533974155
53701.920701434,1.7364903625251458,0.13348779261178512
53704.40537004233,1.7172795878364688,0.13354699375376952
53706.890038650665,1.6982923561440941,0.1335973240537737
53709.37470725899,1.679530802539027,0.1336388201693379
53711.85937586732,1.6609969690638593,0.1336715299889812
53714.344044475656,1.6426928045552707,0.13369551248197462
53716.82871308399,1.6246201645202376,0.13371083753647187
53719.31338169232,1.606780811047031,0.13371758578595833
53721.79805030065,1.5891764127500423,0.1337158484241021
53724.28271890898,1.5718085447487873,0.1337057270079231
53726.76738751731,1.5546786886814843,0.13368733324936888
53729.252056125646,1.537788232752085,0.13366078879524185
53731.73672473398,1.52113847181149,0.13362622499557558
53734.221393342305,1.5047306074727942,0.1335837826602679
53736.70606195064,1.4885657482595214,0.13353361180422485
53739.19073055897,1.4726449097885528,0.13347587138082437
53741.6753991673,1.4569690149853507,0.13341072900382062
53744.160067775636,1.441538894333565,0.1333383606576919
53746.64473638396,1.4263552861567916,0.13325895039645017
53749.129404992294,1.4114188369340575,0.13317269003099616
53751.61407360063,1.396730101647968,0.13307977880505556
53754.09874220896,1.3822895441652392,0.13298042305981916
53756.58341081729,1.3680975376498878,0.13287483588733123
53759.06807942562,1.3541543650088848,0.13276323677283733
53761.55274803395,1.3404602193691062,0.13264585122615405
53764.037416642284,1.3270152045870205,0.13252291040232908
53766.52208525062,1.3138193357892547,0.1323946507117296
53769.00675385895,1.3008725399448657,0.13226131341984596
53771.491422467276,1.2881746564686374,0.13212314423710025
53773.97609107561,1.2757254378548595,0.13198039289889926
53776.46075968394,1.263524550342197,0.1318333127363968
53778.945428292274,1.251571574608569,0.13168216023827967
53781.43009690061,1.2398660064958058,0.1315271946040298
53783.91476550893,1.2284072577644274,0.13136867728920845
53786.399434117266,1.2171946568772611,0.13120687154315974
53788.8841027256,1.206227449812765,0.1310420419399288
53791.36877133393,1.195504800906381,0.1308744539027526
53793.853439942264,1.185025793720797,0.13070437322309544
53796.3381085506,1.1747894319439887,0.13053206557466943
53798.82277715892,1.1647946403150762,0.13035779602345077
53801.307445767256,1.1550402655772913,0.13018182853446353
53803.79211437559,1.1455250774583163,0.13000442547612176
53806.27678298392,1.1362477696766042,0.12982584712318426
53808.761451592254,1.127206960974572,0.1296463511592507
53811.24612020058,1.118401196176901,0.12946619217985258
53813.73078880891,1.1098289472744156,0.12928562119719578
53816.215457417245,1.1014886145333946,0.12910488514770527
53818.70012602558,1.093378527628687,0.12892422640349296
53821.18479463391,1.0854969468012818,0.12874388228898892
53823.66946324224,1.0778420640396718,0.12856408460394286
53826.15413185057,1.0704120042839165,0.12838505915406345
53828.6388004589,1.0632048266531342,0.12820702529057332
53831.123469067235,1.0562185256945078,0.12803019545994507
53833.60813767557,1.0494510326548507,0.12785477476520532
53836.092806283894,1.042900216772729,0.12768096054009867
53838.57747489223,1.036563886592134,0.12750894193733955
53841.06214350056,1.0304397912958585,0.12733889953236371
53843.54681210889,1.0245256220591195,0.12717100494390485
53846.031480717225,1.0188190134223234,0.12700542047251717
53848.51614932555,1.0133175446825788,0.12684229875839256
53851.000817933884,1.0080187413033777,0.12668178245973302
53853.48548654222,1.0029200763424129,0.12652400395269778
53855.97015515055,0.998018971896034,0.12636908505410266
53858.45482375888,0.9933128005607088,0.12621713676798957
53860.93949236721,0.9887988869103062,0.12606825905695737
53863.42416097554,0.9844745089890914,0.12592254063914843
53865.908829583874,0.9803368998195623,0.12578005881186766
53868.39349819221,0.9763832489246091,0.12564087930238527
53870.87816680054,0.9726107038634524,0.1255050561467616
53873.362835408865,0.9690163717809455,0.12537263159710843
53875.8475040172,0.9655973209691098,0.125243636057819
53878.33217262553,0.962350582441104,0.12511808805115066
53880.816841233864,0.9592731515161859,0.12499599421230755
53883.3015098422,0.9563619894158322,0.12487734931422068
53885.78617845052,0.9536140248694664,0.12476213632212749
53888.270847058855,0.9510261557304567,0.12465032647772487
53890.75551566719,0.9485952506002668,0.12454187941275133
53893.24018427552,0.9463181504614973,0.12443674329181505
53895.72485288385,0.9441916703181903,0.12433485498384533
53898.20952149219,0.9422126008431988,0.12423614026184703
53900.69419010051,0.9403777100321591,0.12414051403020337
53903.178858708845,0.9386837448627041,0.12404788057891045
53905.66352731718,0.9371274329592012,0.12395813386388146
53908.14819592551,0.9357054842614687,0.12387115781239512
53910.63286453384,0.9344145926975962,0.12378682665282359
53913.11753314217,0.9332514378596066,0.12370500526750722
53915.6022017505,0.9322126866814173,0.12362554956764084
53918.086870358835,0.9312949951188827,0.12354830688904898
53920.57153896717,0.9304950098305582,0.12347311640762516
53923.0562075755,0.9298093698590257,0.12339980957307925
53925.540876183826,0.9292347083118351,0.12332821055977454
53928.02554479216,0.92876765404149,0.12325813673327546
53930.51021340049,0.9284048333238886,0.12318939913114539
53932.994882008825,0.9281428715342344,0.1231218029568313
53935.47955061716,0.9279783948199807,0.1230551480849852
53937.96421922548,0.9279080317702295,0.12298922957706722
53940.448887833816,0.9279284150805509,0.12292383820568303
53942.93355644215,0.9280361832127753,0.12285876098635945
53945.41822505048,0.9282279820489698,0.12279378171540106
53947.902893658815,0.9285004665391732,0.12272868151248864
53950.38756226714,0.928850302341683,0.12266323936680702
53952.87223087547,0.9292741674558478,0.12259723268522447
53955.356899483806,0.9297687538459414,0.12253043784158159
53957.84156809214,0.930330769056404,0.1224626307257334
53960.32623670047,0.930956937816525,0.12239358729121419
53962.8109053088,0.9316440036352667,0.1223230841005589
53965.29557391713,0.9323887303843215,0.12225089886707892
53967.78024252546,0.9331879038694737,0.12217681099227677
53970.264911133796,0.9340383333895304,0.12210060209783584
53972.74957974213,0.9349368532815845,0.12202205655137338
53975.234248350454,0.9358803244528779,0.12194096198513854
53977.71891695879,0.9368656358975151,0.12185710980684086
53980.20358556712,0.9378897061983942,0.1217702957019412
53982.68825417545,0.93894948501298,0.1216803201266652
53985.172922783786,0.9400419545426217,0.1215869887912459
53987.65759139211,0.9411641309845606,0.12149011313267322
53990.142260000444,0.9423130659661894,0.12138951077654674
53992.62692860878,0.9434858479607335,0.12128500598751413
53995.11159721711,0.9446796036838627,0.1211764301078333
53997.59626582544,0.9458914994705161,0.1210636219837011
54000.080934433776,0.9471187426314103,0.12094642837893543
54002.5656030421,0.9483585827884049,0.12082470437577282
54005.050271650434,0.9496083131885129,0.12069831376238602
54007.53494025877,0.9508652719953474,0.12056712940684625
54010.0196088671,0.9521268435582577,0.12043103361740881
54012.50427747543,0.9533904596576264,0.12028991848875116
54014.98894608376,0.954653600726413,0.12014368623401198
54017.47361469209,0.9559137970471667,0.11999224950240506
54019.958283300424,0.9571686299239204,0.11983553168230426
54022.44295190876,0.9584157328283673,0.11967346718951247
54024.92762051709,0.9596527925199503,0.11950600174055066
54027.412289125416,0.9608775501391804,0.11933309261087766
54029.89695773375,0.9620878022735369,0.11915470887776662
54032.38162634208,0.9632814019958928,0.11897083164765858
54034.866294950414,0.964456259874428,0.11878145426790236
54037.35096355875,0.9656103449538556,0.11858658252247702
54039.83563216707,0.9667416857073654,0.1183862348117035
54042.320300775405,0.9678483709588193,0.11818044231551066
54044.80496938374,0.9689285507747591,0.11796924914008705
54047.28963799207,0.9699804373258907,0.11775271244766133
54049.774306600404,0.9710023057171142,0.11753090256901302
54052.25897520873,0.9719924947867042,0.11730390309843626
54054.74364381706,0.9729494078727576,0.11707181097082198
54057.228312425395,0.9738715135479197,0.11683473652037188
54059.71298103373,0.9747573463212156,0.1165928035205846
54062.19764964206,0.97560550730676,0.1163461492050715
54064.68231825039,0.9764146648589858,0.11609492426860904
54067.16698685872,0.977183555174225,0.11583929284805783
54069.65165546705,0.9779109828580275,0.11557943248236334
54072.136324075385,0.9785958214581143,0.11531553405132161
54074.62099268372,0.9792370139624964,0.11504780169220119
54077.105661292044,0.979833573262809,0.11477645269379569
54079.59032990038,0.9803845825818449,0.11450171736699415
54082.07499850871,0.980889195866169,0.11422383889136721
54084.55966711704,0.9813466381423552,0.11394307313685845
54087.044335725375,0.9817562058374101,0.11365968845988704
54089.5290043337,0.9821172670632734,0.11337396547309257
54092.013672942034,0.9824292618640769,0.1130861967878664
54094.49834155037,0.9826917024277719,0.11279668672892429
54096.9830101587,0.9829041732601063,0.11250575102010416
54099.46767876703,0.983066331322263,0.1122137164406097
54101.952347375365,0.9831779061312638,0.11192092045089859
54104.43701598369,0.9832386998230511,0.11162771078746998
54106.921684592024,0.9832485871786041,0.11133444502592839
54109.40635320036,0.9832075156125306,0.11104149011155312
54111.89102180869,0.9831155051242604,0.11074922185680829
54114.37569041702,0.9829726482121117,0.1104580244053378
54116.86035902535,0.982779109749341,0.11016828966193126
54119.34502763368,0.982535126823425,0.1098804166882064
54121.82969624201,0.9822410085374109,0.1095948110636665
54124.31436485035,0.9818971357739379,0.10931188421229525
54126.79903345868,0.9815039609221614,0.10903205269447003
54129.283702067005,0.9810620075671679,0.10875573746475246
54131.76837067534,0.9805718701422208,0.10848336309568776
54134.25303928367,0.9800342135438775,0.10821535696853615
54136.737707892,0.9794497727104954,0.10795214843154902
54139.22237650034,0.9788193521633168,0.10769416792705401
54141.70704510866,0.9781438255114452,0.10744184608858838
54144.191713716995,0.9774241349200175,0.10719561280970029
54146.67638232533,0.9766612905423244,0.10695589628633277
54149.16105093366,0.9758563699157534,0.10672312203487898
54151.64571954199,0.9750105173219232,0.10649771188839381
54154.13038815032,0.9741249431112671,0.10628008297366119
54156.61505675865,0.9732009229924259,0.10607064667217132
54159.099725366985,0.9722397972866226,0.10586980756827614
54161.58439397532,0.9712429701472942,0.10567796238817338
54164.06906258365,0.9702119087454122,0.10549549893351355
54166.553731191976,0.969148142421,0.10532279501378425
54169.03839980031,0.9680532618008222,0.1051602173818296
54171.52306840864,0.966928917882834,0.10500812067703465
54174.007737016975,0.9657768210881343,0.10486684638094396
54176.49240562531,0.9645987402801719,0.10473672179016791
54178.97707423363,0.9633965017521842,0.10461805901162786
54181.461742841966,0.9621719881831865,0.10451115398517012
54183.9464114503,0.9609271375628694,0.1044162855386546
54186.43108005863,0.9596639420860562,0.10433371448058024
54188.915748666965,0.9583844470171847,0.10426368273529142
54191.40041727529,0.9570907495253564,0.10420641252558177
54193.88508588362,0.9557849974903938,0.10416210560743591
54196.369754491956,0.9544693882806605,0.10413094256140855
54198.85442310029,0.9531461675032027,0.10411308214476739
54201.33909170862,0.951817627726621,0.10410866070838828
54203.823760316955,0.9504861071774364,0.10411779168177547
54206.30842892528,0.9491539884107105,0.10414056512945441
54208.79309753361,0.9478236969552931,0.10417704738123987
54211.277766141946,0.9464976999345431,0.10422728073862715
54213.76243475028,0.9451785046632661,0.10429128325891986
54216.24710335861,0.9438686572211914,0.10436904861827269
54218.73177196694,0.9425707410044772,0.10446054605413187
54221.21644057527,0.9412873752548947,0.10456572038722226
54223.7011091836,0.9400212135684622,0.10468449212248446
54226.185777791936,0.9387749423836098,0.10481675762794536
54228.67044640027,0.9375512794498615,0.10496238938995348
54231.155115008594,0.9363529722780175,0.1051212363427031
54233.63978361693,0.9351827965721924,0.10529312426946351
54236.12445222526,0.9340435546449228,0.10547785627260166
54238.60912083359,0.9329380738161195,0.10567521330893719
54241.093789441926,0.9318692047961097,0.10588495478673915
54243.57845805025,0.9308398200548105,0.10610681922030231
54246.063126658584,0.9298528121763567,0.10634052493774307
54248.54779526692,0.9289110922016146,0.10658577083756406
54251.03246387525,0.9280175879581467,0.10684223718923842
54253.51713248358,0.9271752423793558,0.10710958647301938
54256.00180109191,0.9263870118132758,0.10738746425414883
54258.48646970024,0.9256558643220547,0.10767550008654443
54260.971138308574,0.9249847779731866,0.10797330844114807
54263.45580691691,0.9243767391229998,0.1082804896541404
54265.94047552524,0.9238347406937493,0.10859663089038528
54268.425144133565,0.9233617804451182,0.10892130711758409
54270.9098127419,0.9229608592407281,0.10925408208679603
54273.39448135023,0.9226349793113666,0.10959450931520795
54275.879149958564,0.9223871425150101,0.10994213306725219
54278.3638185669,0.9222203485951557,0.11029648933040284
54280.84848717522,0.9221375934382845,0.11065710678230133
54283.333155783555,0.9221418673313551,0.11102350774603091
54285.81782439189,0.9222361532202807,0.1113952091307235
54288.30249300022,0.922423424970571,0.11177172335495
54290.787161608554,0.9227066456306741,0.11215255925053401
54293.27183021688,0.9230887656995499,0.1125372229448848
54295.75649882521,0.923572721398946,0.11292521871997262
54298.241167433545,0.9241614329515873,0.11331604984656368
54300.72583604188,0.9248578028662653,0.11370921939238512
54303.21050465021,0.9256647142307468,0.11410423100332064
54305.695173258544,0.9265850290133208,0.11450058965672527
54308.17984186687,0.9276215863743644,0.11489780238640158
54310.6645104752,0.928777200988204,0.11529537897879148
54313.149179083535,0.9300546613771505,0.11569283264019677
54315.63384769187,0.9314567282576558,0.11608968063498508
54318.1185163002,0.932986132900318,0.11648544489492965
54320.60318490853,0.9346455755045024,0.11687965259982097
54323.08785351686,0.9364377235879466,0.11727183672984957
54325.57252212519,0.9383652103933002,0.1176615365900744
54328.057190733525,0.9404306333115393,0.11804829830762632
54330.54185934186,0.9426365523238331,0.11843167530222161
54333.026527950184,0.9449854884624234,0.11881122873068145
54335.51119655852,0.9474799222916275,0.11918652790619756
54337.99586516685,0.9501222924095742,0.11955715069313248
54340.48053377518,0.9529149939719535,0.11992268387812893
54342.965202383515,0.955860377238201,0.12028272351843308
54345.44987099184,0.9589607461414342,0.12063687526817675
54347.93453960017,0.9622183568824969,0.12098475468359945
54350.41920820851,0.9656354165493468,0.12132598750794199
54352.90387681684,0.9692140817624182,0.12166020993697609
54355.38854542517,0.9729564573467488,0.12198706886590989
54357.8732140335,0.9768645950317545,0.12230622211860101
54360.35788264183,0.9809404921794052,0.12261733865977831
54362.84255125016,0.9851860905414211,0.12292009879115762
54365.3272198585,0.9896032750464085,0.12321419433216392
54367.81188846683,0.9941938726176742,0.12349932878598208
54370.296557075155,0.9989596510221332,0.12377521749173558
54372.78122568349,1.0039023177516135,0.12404158776333278
54375.26589429182,1.009023518936222,0.12429817901578387
54377.75056290015,1.0143248382916887,0.12454474287949252
54380.235231508486,1.0198077961002578,0.12478104330316209
54382.71990011681,1.0254738482262429,0.12500685664586406
54385.204568725145,1.0313243851669158,0.12522197175880426
54387.68923733348,1.037360731138933,0.1254261900572318
54390.17390594181,1.0435841432010697,0.125619325583023
54392.65857455014,1.0499958104139466,0.1258012050582868
54395.14324315847,1.0565968530370196,0.12597166793046546
54397.6279117668,1.0633883217633375,0.12613056640925052
54400.112580375135,1.0703711969925473,0.12627776549564615
54402.59724898347,1.077546388142843,0.1264131430035367
54405.0819175918,1.0849147330017503,0.12653658957395406
54407.56658620013,1.0924769971167922,0.12664800868239118
54410.05125480846,1.1002338732256298,0.12674731663933267
54412.53592341679,1.1081859807269545,0.12683444258415907
54415.020592025125,1.1163338651914332,0.1269093284727033
54417.50526063346,1.1246779979138743,0.12697192905847726
54419.98992924179,1.1332187755063057,0.12702221186781618
54422.474597850116,1.1419565195324397,0.12706015716890268
54424.95926645845,1.1508914761839915,0.12708575793484736
54427.44393506678,1.1600238159981124,0.12709901980084734
54429.928603675115,1.1693536336174075,0.12709996101539545
54432.41327228345,1.1788809475916722,0.1270886123855963
54434.89794089177,1.1886057002217445,0.1270650172165767
54437.382609500106,1.1985277574458522,0.1270292312448695
54439.86727810844,1.2086469087678604,0.12698132256582162
54442.35194671677,1.2189628672282131,0.1269213715548288
54444.836615325105,1.2294752694168634,0.12684947078238132
54447.32128393343,1.2401836755287095,0.12676572492273858
54449.80595254176,1.251087569461176,0.12667025065604232
54452.290621150096,1.2621863589537607,0.12656317656390814
54454.77528975843,1.2734793757697362,0.12644464301796676
54457.25995836676,1.2849658759197728,0.12631480206145704
54459.74462697509,1.2966450399270366,0.12617381728351237
54462.22929558342,1.3085159731341025,0.12602186368584536
54464.71396419175,1.3205777060506931,0.1258591275416634
54467.198632800086,1.33282919474284,0.12568580624651568
54469.68330140842,1.3452693212624824,0.1255021081606534
54472.167970016744,1.3578968941175984,0.12530825244276475
54474.65263862508,1.3707106487826133,0.12510446887460316
54477.13730723341,1.3837092482479232,0.124890997676235
54479.62197584174,1.3968912836094263,0.12466808931147524
54482.106644450076,1.4102552746964685,0.12443600428323749
54484.5913130584,1.4237996707384704,0.12419501291825193
54487.075981666734,1.4375228510695512,0.12394539514087408
54489.56065027507,1.4514231258703982,0.12368744023553266
54492.0453188834,1.465498736947389,0.12342144659731101
54494.52998749173,1.479747858547821,0.12314772147042345
54497.01465610006,1.4941685982113428,0.1228665806739018
54499.49932470839,1.508758997656321,0.12257834831425383
54501.983993316724,1.5235170337007347,0.12228335648461401
54504.46866192506,1.5384406192174866,0.12198194494985912
54506.95333053339,1.5535276041224648,0.12167446081742939
54509.43799914172,1.5687757763955763,0.12136125819327483
54511.92266775005,1.5841828631334387,0.12104269782271393
54514.40733635838,1.599746531633543,0.12071914671563463
54516.892004966714,1.615464390508083,0.12039097775586087
54519.37667357505,1.631333990828256,0.12005856929425461
54521.86134218338,1.6473528272967264,0.1197223047253523
54524.346010791705,1.6635183394481978,0.11938257204717921
54526.83067940004,1.6798279128774922,0.11903976340417534
54529.31534800837,1.6962788804931113,0.1186942746130307
54531.800016616704,1.712868523796975,0.11834650467130528
54534.28468522504,1.7295940741880553,0.11799685524890256
54536.76935383336,1.746452714290021,0.11764573016241807
54539.254022441695,1.7634415793012421,0.11729353483244664
54541.73869105003,1.7805577583664147,0.11694067572422445
54544.22335965836,1.7977982959692616,0.11658755977171514
54546.708028266694,1.8151601933445742,0.11623459378577217
54549.19269687502,1.8326404099093243,0.1158821838468138
54551.67736548335,1.850235864711497,0.11553073468259141
54554.162034091685,1.8679434378952855,0.11518064903197951
54556.64670270002,1.8857599721826137,0.1148323269955404
54559.13137130835,1.9036822743687924,0.11448616537398904
54561.61603991668,1.9217071168321005,0.11414255699564584
54564.10070852501,1.9398312390560468,0.11380189003423598
54566.58537713334,1.9580513491626297,0.11346454731843983
54569.070045741675,1.976364125456581,0.1131309056348122
54571.55471435001,1.9947662179787242,0.11280133502575027
54574.03938295833,2.0132542500676087,0.11247619808443166
54576.52405156667,2.031824819928474,0.11215584924865653
54579.008720175,2.0504745022080018,0.11184063409582008
54581.49338878333,2.0691998495743897,0.11153088864113271
54583.978057391665,2.087997394301204,0.11122693864161737
54586.46272599999,2.1068636498538975,0.11092909890822832
54588.94739460832,2.125795112478425,0.11063767262876201
54591.43206321666,2.1447882627898824,0.11035295070413738
54593.91673182499,2.1638395673610304,0.1100752111007957
54596.40140043332,2.1829454803092765,0.10980471822195996
54598.88606904165,2.2021024448805635,0.109541722300608
54601.37073764998,2.221306895030164,0.10928645881682952
54603.85540625831,2.2405552569976486,0.10903914794248729
54606.340074866646,2.2598439508767765,0.10879999401581752
54608.82474347498,2.279169392177936,0.1085691850487442
54611.30941208331,2.298527993382531,0.10834689226940276
54613.79408069164,2.317916165488241,0.10813326970251996
54616.27874929997,2.3373303195443764,0.10792845378987871
54618.7634179083,2.3567668681752476,0.10773256305308383
54621.248086516636,2.37622222709202,0.10754569780085671
54623.73275512497,2.3956928165909774,0.10736793988239293
54626.217423733295,2.415175063037424,0.10719935248870936
54628.70209234163,2.434665400334607,0.10703998000311302
54631.18676094996,2.454160271375783,0.10688984790217451
54633.67142955829,2.4736561294796635,0.10674896270786963
54636.156098166626,2.493149439807416,0.1066173119916585
54638.64076677495,2.5126366807605045,0.1064948644307487
54641.125435383285,2.5321143453587993,0.10638156991664263
54643.61010399162,2.5515789425972333,0.10627735971560374
54646.09477259995,2.571026998781214,0.10618214668076335
54648.57944120828,2.590455058839135,0.10609582551474193
54651.06410981661,2.609859687611161,0.10601827308202895
54653.54877842494,2.6292374711144397,0.10594934876953323
54656.033447033275,2.6485850177822066,0.10588889489385514
54658.51811564161,2.667898959677718,0.10583673715344472
54661.00278424994,2.687175953681458,0.10579268512358227
54663.487452858266,2.7064126826506474,0.1057565327919777
54665.9721214666,2.7256058565512875,0.10572805913255683
54668.45679007493,2.7447522135606075,0.10570702871503228
54670.941458683264,2.7638485211409662,0.10569319234726138
54673.4261272916,2.7828915770833174,0.10568628774803933
54675.91079589992,2.8018782105199804,0.10568604024711442
54678.395464508256,2.8208052829066075,0.10569216350971197
54680.88013311659,2.8396696889718562,0.10570436028257302
54683.36480172492,2.858468357635263,0.10572232315860994
54685.849470333254,2.8771982528921987,0.1057457353571602
54688.33413894158,2.8958563746655663,0.1057742715169996
54690.81880754991,2.9144397596241483,0.10580759849945233
54693.303476158246,2.932945481966203,0.10584537619846203
54695.78814476658,2.951370654169593,0.10588725835543013
54698.27281337491,2.9697124277063596,0.10593289337581938
54700.75748198324,2.987967993722733,0.10598192514546181
54703.24215059157,3.006134583683611,0.1060339938440112
54705.7268191999,3.0242094699812583,0.10608873675352636
54708.211487808236,3.0421899665085625,0.10614578906001026
54710.69615641657,3.0600734291960094,0.10620478464620332
54713.1808250249,3.077857256512491,0.10626535687382516
54715.66549363323,3.0955388899300704,0.10632713935360888
54718.15016224156,3.11311581435222,0.10638976670188134
54720.63483084989,3.130585558505464,0.10645287528232165
54723.119499458226,3.147945695294922,0.10651610393175169
54725.60416806656,3.1651938421230117,0.10657909466917856
54728.088836674884,3.182327661172023,0.106641493386956
54730.57350528322,3.1993448596504273,0.10670295052360596
54733.05817389155,3.216243190002512,0.10676312171769979
54735.54284249988,3.233020450082087,0.10682166844225086
54738.027511108216,3.249674483290528,0.10687825861928864
54740.51217971654,3.266203178678815,0.10693256721453498
54742.996848324874,3.282604471014018,0.10698427681180402
54745.48151693321,3.298876340810555,0.10703307816730433
54747.96618554154,3.3150168143264978,0.10707867074361295
54750.45085414987,3.3310239635253627,0.10712076322370576
54752.9355227582,3.346895906003251,0.10715907400488812
54755.42019136653,3.362630804882615,0.1071933316730806
54757.904859974864,3.3782268686718417,0.10722327545757694
54760.3895285832,3.39368235109238,0.10724865566654591
54762.87419719153,3.408995550872824,0.10726923410370899
54765.358865799855,3.424164811511373,0.10728478446633018
54767.84353440819,3.4391885210062494,0.10729509272510994
54770.32820301652,3.4540651115553693,0.10729995748610338
54772.812871624854,3.4687930592255984,0.10729919033516268
54775.29754023319,3.4833708835920767,0.10729261616523159
54777.78220884151,3.497797147348331,0.10728007348678438
54780.266877449845,3.5120704558882974,0.1072614147217746
54782.75154605818,3.5261894568597647,0.10723650648141682
54785.23621466651,3.540152839691329,0.10720522982800229
54787.720883274844,3.5539593350927774,0.10716748052107614
54790.20555188317,3.5676077145296308,0.10712316924819194
54792.6902204915,3.5810967896733636,0.10707222184030993
54795.174889099835,3.5944254118267764,0.10701457947213167
54797.65955770817,3.6075924713270986,0.10695019884735531
54800.1442263165,3.6205968969257682,0.10687905236888198
54802.62889492483,3.6334376551475778,0.10680112829405437
54805.11356353316,3.646113749628613,0.10671643087475274
54807.59823214149,3.6586242204345147,0.1066249804823098
54810.082900749825,3.67096814336017,0.10652681371702091
54812.56756935816,3.683144629211224,0.1064219835019262
54815.05223796649,3.6951528230691864,0.10631055916078636
54817.53690657482,3.7069919035397287,0.10619262647958594
54820.02157518315,3.7186610819868235,0.10606828775125125
54822.50624379148,3.7301596017523924,0.10593766180316824
54824.990912399815,3.741486737362939,0.10580088400666655
54827.47558100815,3.752641793724628,0.10565810626806044
54829.96024961647,3.7636241053067145,0.10550949700032602
54832.444918224806,3.774433035315729,0.10535524107470699
54834.92958683314,3.7850679748602722,0.10519553975135021
54837.41425544147,3.79552834210814,0.10503061058799712
54839.898924049805,3.8058135814367056,0.10486068732576817
54842.38359265813,3.8159231625772705,0.10468601975080194
54844.86826126646,3.825856579755156,0.10450687353089848
54847.352929874796,3.835613350825845,0.10432353002558366
54849.83759848313,3.845193016408624,0.10413628606858213
54852.32226709146,3.8545951390187536,0.1039454537213378
54854.80693569979,3.86381930219933,0.1037513599961082
54857.29160430812,3.8728651096535938,0.1035543465473952
54859.77627291645,3.8817321843791923,0.1033547693301552
54862.260941524786,3.890420167804834,0.10315299822342387
54864.74561013312,3.898928718931133,0.10294941661790773
54867.230278741445,3.90725751347612,0.10274442096615029
54869.71494734978,3.915406243026954,0.10253842029375444
54872.19961595811,3.9233746141979307,0.10233183567046776
54874.68428456644,3.9311623477974678,0.10212509963974867
54877.168953174776,3.9387691780031666,0.10191865560562847
54879.6536217831,3.9461948515474887,0.10171295717579261
54882.138290391435,3.953439126914402,0.10150846745988135
54884.62295899977,3.9605017735476498,0.10130565832225974
54887.1076276081,3.9673825710724806,0.10110500958861016
54889.59229621643,3.9740813085310442,0.10090700820587953
54892.07696482476,3.9805977836330513,0.1007121473555285
54894.56163343309,3.9869318020218056,0.10052092552007204
54897.046302041424,3.993083176557116,0.100333845503338
54899.53097064976,3.9990517266163597,0.10015141340518853
54902.01563925809,4.004837277413266,0.09997413755176128
54904.500307866416,4.010439659336756,0.0998025273826494
54906.98497647475,4.015858707309869,0.09963709229689026
54909.46964508308,4.0210942601693365,0.0994783404601064
54911.954313691414,4.02614616006772,0.09932677757536405
54914.43898229975,4.031014251897673,0.0991829056211019
54916.92365090808,4.035698382739561,0.09904722155957724
54919.408319516406,4.040198401333669,0.09892021602010914
54921.89298812474,4.044514157576804,0.09880237196152496
54924.37765673307,4.048645502044483,0.09869416331895178
54926.862325341404,4.052592285539426,0.09859605364030241
54929.34699394974,4.05635435866656,0.09850849471838699
54931.83166255806,4.059931571435861,0.0984319252248382
54934.316331166396,4.063323772892529,0.09836676935249049
54936.80099977473,4.066530810776369,0.09831343547300138
54939.28566838306,4.069552531209236,0.09827231481688684
54941.770336991394,4.072388778413156,0.09824378018318923
54944.25500559972,4.07503939445723,0.09822818468617678
54946.73967420805,4.077504219035731,0.0982258605464538
54949.224342816386,4.07978308927648,0.0982371179338248
54951.70901142472,4.081875839580533,0.09826224386913629
54954.19368003305,4.083782301493288,0.09830150119203968
54956.67834864138,4.085502303607205,0.09835512760135635
54959.16301724971,4.087035671496725,0.09842333477434977
54961.64768585804,4.088382227685106,0.09850630757071714
54964.132354466376,4.089541791643837,0.09860420332648757
54966.61702307471,4.090514179824886,0.09871715124257262
54969.101691683034,4.091299205725067,0.09884525187185313
54971.58636029137,4.091896679983574,0.0989885767080797
54974.0710288997,4.092306410512359,0.09914716787899261
54976.55569750803,4.092528202659281,0.09932103794536996
54979.040366116365,4.092561859404059,0.09951016980674669
54981.52503472469,4.092407181587053,0.09971451671388448
54984.009703333024,4.092063968170935,0.09993400238705985
54986.49437194136,4.091532016534789,0.10016852123858758
54988.97904054969,4.0908111228006,0.10041793869713057
54991.46370915802,4.08990108219224,0.10068209163060175
54993.94837776635,4.088801689426406,0.10096078886385418
54996.43304637468,4.087512739135159,0.10125381178661817
54998.917714983014,4.086034026320247,0.10156091504668419
55001.40238359135,4.084365346838412,0.10188182732274297
55003.88705219968,4.0825064979175725,0.10221625217098972
55006.371720808005,4.080457278703461,0.1025638689391691
55008.85638941634,4.078217490836128,0.10292433374154115
55011.34105802467,4.075786939056137,0.10329728048806476
55013.825726633004,4.073165431839648,0.10368232196097053
55016.31039524134,4.070352782062077,0.10407905093197947
55018.79506384967,4.0673488076898785,0.10448704131332694
55021.279732457995,4.064153332499183,0.10490584933600638
55023.76440106633,4.060766186821752,0.10533501474874674
55026.24906967466,4.057187208316787,0.10577406203148819
55028.733738282994,4.053416242767968,0.10622250161745035
55031.21840689133,4.049453144905355,0.10667983111811837
55033.70307549965,4.0452977792513405,0.10714553654589414
55036.187744107985,4.040950020989392,0.10761909352949732
55038.67241271632,4.036409756855605,0.10809996851762352
55041.15708132465,4.031676886051441,0.10858761996668756
55043.641749932984,4.026751321177294,0.10908149950908931
55046.12641854131,4.0216329891861005,0.10958105309851073
55048.61108714964,4.016321832355045,0.11008572212956912
55051.095755757975,4.010817809276327,0.11059494452913157
55053.58042436631,4.005120895864039,0.1111081558173273
55056.06509297464,3.99923108637741,0.11162479013641516
55058.549761582966,3.9931483944590873,0.11214428124607104
55061.0344301913,3.9868728541873004,0.11266606348409727
55063.51909879963,3.980404521141118,0.11318957269164881
55066.003767407965,3.9737434734772688,0.11371424710251404
55068.4884360163,3.9668898130182537,0.11423952819616158
55070.97310462462,3.959843666349549,0.11476486151450026
55073.457773232956,3.9526051859257834,0.11528969744251645
55075.94244184129,3.945174551184314,0.11581349195308169
55078.42711044962,3.9375519696648578,0.11633570731648601
55080.911779057955,3.9297376781343267,0.11685581277527195
55083.39644766628,3.9217319437159084,0.11737328518506569
55085.88111627461,3.9135350650199747,0.11788760962237091
55088.365784882946,3.9051473732777033,0.11839827996001774
55090.85045349128,3.896569233474173,0.11890479941146638
55093.33512209961,3.887801045480556,0.11940668104478643
55095.81979070794,3.8788432451847914,0.11990344826743399
55098.30445931627,3.8696963056179356,0.12039463528291716
55100.7891279246,3.860360738076791,0.12087978752030391
55103.273796532936,3.8508370932399103,0.12135846203779145
55105.75846514127,3.841125962276857,0.12183022790119562
55108.243133749595,3.8312279779489202,0.12229466653861965
55110.72780235793,3.8211438156998376,0.12275137207211734
55113.21247096626,3.8108741947364013,0.12319995162740484
55115.69713957459,3.8004198790957737,0.12364002562263436
55118.181808182926,3.7897816787003187,0.1240712280369902
55120.66647679126,3.7789604503967684,0.12449320666012387
55123.151145399584,3.767957098980286,0.1249056233231253
55125.63581400792,3.7567725782005024,0.12530815411190505
55128.12048261625,3.7454078917497498,0.12570048956363258
55130.60515122458,3.733864094231013,0.12608233484697856
55133.089819832916,3.7221422921050973,0.1264534099267925
55135.57448844124,3.7102436446157796,0.12681344971371555
55138.059157049574,3.698169364691335,0.12716220419942936
55140.54382565791,3.6859207198214428,0.12749943857784624
55143.02849426624,3.6734990329086585,0.12782493335286227
55145.51316287457,3.6609056830923556,0.1281384844329459
55147.9978314829,3.648142106545026,0.1284399032129823
55150.48250009123,3.6352097972389323,0.1287290166436735
55152.967168699564,3.622110307682698,0.12900566728878016
55155.4518373079,3.608845249626132,0.12926971337040113
55157.93650591623,3.5954162947325345,0.12952102880250346
55160.421174524556,3.581825175217247,0.12975950321288726
55162.90584313289,3.5680736844515133,0.1299850419536216
55165.39051174122,3.554163677530605,0.13019756610013095
55167.875180349554,3.5400970718050964,0.13039701243887764
55170.35984895789,3.5258758473745084,0.13058333344375075
55172.84451756621,3.5115020475420122,0.13075649724104804
55175.329186174546,3.4969777792294767,0.13091648756309937
55177.81385478288,3.482305213352297,0.13106330369035157
55180.29852339121,3.4674865851524066,0.1311969603818841
55182.783191999544,3.452524194489123,0.13131748779419364
55185.26786060787,3.437420406086769,0.1314249313880957
55187.7525292162,3.4221776497385115,0.13151935182352822
55190.237197824536,3.4067984204654094,0.1316008248421178
55192.72186643287,3.3912852786302166,0.13166944113720452
55195.2065350412,3.3756408500047144,0.1317253062111316
55197.691203649534,3.3598678257905696,0.13176854021952666
55200.17587225786,3.3439689625928466,0.13179927780224662
55202.66054086619,3.3279470823448847,0.13181766790076124
55205.145209474525,3.3118050721854786,0.1318238735615821
55207.62987808286,3.295545884286371,0.1318180717254799
55210.114546691184,3.279172535630196,0.13180045300211807
55212.59921529952,3.262688107738427,0.13177122142975894
55215.08388390785,3.2460957463491207,0.13173059421969263
55217.56855251618,3.229398661043298,0.13167880148508956
55220.053221124515,3.212600124820563,0.13161608595378682
55222.53788973285,3.1957034736229692,0.13154270266485574
55225.022558341174,3.178712105807401,0.13145891864839515
55227.50722694951,3.1616294815655293,0.13136501258834649
55229.99189555784,3.144459122292216,0.1312612744679836
55232.47656416617,3.1272046099011686,0.13114800519767036
55234.961232774505,3.1098695860883137,0.13102551622475653
55237.44590138283,3.092457751542856,0.1308941291251522
55239.930569991164,3.07497286510557,0.1307541751764886
55242.4152385995,3.0574187428752033,0.13060599491254724
55244.89990720783,3.0397992572618637,0.13044993765889137
55247.38457581616,3.0221183359884796,0.13028636104936195
55249.86924442449,3.0043799610404456,0.13011563052367958
55252.35391303282,2.9865881675624983,0.1299381188057515
55254.838581641154,2.9687470427050746,0.1297542053629724
55257.32325024949,2.950860724418292,0.12956427584650068
55259.80791885782,2.932933400195508,0.1293687215126581
55262.292587466145,2.914969305765819,0.12916793862575374
55264.77725607448,2.8969727237364253,0.12896232784259867
55267.26192468281,2.878947982185333,0.12875229357912
55269.746593291144,2.8608994532044836,0.12853824335957761
55272.23126189948,2.8428315513942177,0.12832058714902023
55274.7159305078,2.8247487323095317,0.12809973666964633
55277.200599116135,2.8066554908586863,0.12787610470188351
55279.68526772447,2.7885563596550615,0.1276501043711592
55282.1699363328,2.770455907322753,0.127422148421365
55284.65460494113,2.7523587367566065,0.12719264847622055
55287.13927354946,2.7342694833377514,0.1269620142898177
55289.62394215779,2.7161928131051547,0.12673065298779884
55292.108610766125,2.6981334208844494,0.12649896830067264
55294.59327937446,2.6800960283745816,0.12626735979101644
55297.07794798279,2.6620853821931485,0.12603622207628506
55299.56261659112,2.644106251882272,0.12580594404928472
55302.04728519945,2.6261634278747317,0.12557690809822722
55304.53195380778,2.608261719422374,0.12534948932862092
55307.016622416115,2.5904059524877994,0.12512405478929475
55309.50129102445,2.5726009676001205,0.12490096270484917
55311.98595963277,2.5548516176762117,0.12468056171703726
55314.470628241106,2.537162765808297,0.12446319013768446
55316.95529684944,2.519539283020145,0.12424917521572953
55319.43996545777,2.501986045991794,0.12403883242094911
55321.924634066105,2.484507934754908,0.12383246474728626
55324.40930267444,2.4671098303603305,0.12363036203834558
55326.89397128276,2.44979661251847,0.12343280033783587
55329.378639891096,2.432573157214262,0.12324004126769439
55331.86330849943,2.415444334298817,0.12305233143660121
55334.34797710776,2.398415005058011,0.12286990188143972
55336.832645716095,2.381490019760408,0.12269296754429718
55339.31731432442,2.3646742151856452,0.12252172678752325
55341.80198293275,2.347972412135105,0.12235636094904993
55344.286651541086,2.3313894129261667,0.12219703394035379
55346.77132014942,2.3149299988720067,0.12204389188891598
55349.25598875775,2.2985989277480066,0.12189706282722959
55351.74065736608,2.282400931247122,0.12175665642989614
55354.22532597441,2.266340712425048,0.12162276380038141
55356.70999458274,2.250422943138174,0.12149545730859763
55359.194663191076,2.2346522614742548,0.12137479048038918
55361.67933179941,2.2190332691792203,0.12126079793960637
55364.164000407734,2.20357052908071,0.12115349540336201
55366.64866901607,2.188268562510652,0.12105287973059474
55369.1333376244,2.1731318467287606,0.12095892902410507
55371.61800623273,2.1581648123482275,0.12087160278550362
55374.102674841066,2.1433718407656923,0.12079084212281954
55376.58734344939,2.1287572615975576,0.12071657000972397
55379.072012057724,2.1143253501238823,0.12064869159535524
55381.55668066606,2.1000803247425006,0.12058709456358713
55384.04134927439,2.086026344434295,0.1205316495399493
55386.52601788272,2.0721675062420157,0.12048221054457134
55389.01068649105,2.058507842764559,0.1204386154892298
55391.49535509938,2.0450513196681164,0.12040068671620356
55393.980023707714,2.0318018332165906,0.12036823157667319
55396.46469231605,2.0187632078225737,0.12034104304624217
55398.94936092438,2.005939193621347,0.12031890037486505
55401.43402953271,1.9933334640689777,0.12030156976854123
55403.91869814104,1.9809496135673559,0.12028880509993352
55406.40336674937,1.968791155116898,0.12028034864509096
55408.888035357704,1.9568615179998794,0.12027593184328815
55411.37270396604,1.945164045495229,0.12027527607712493
55413.85737257436,1.933701992627341,0.1202780934698754
55416.342041182696,1.922478523950208,0.12028408769722189
55418.82670979103,1.9114967113691317,0.12029295481041258
55421.31137839936,1.9007595320012178,0.1203043840681282
55423.796047007694,1.8902698660771564,0.12031805877411944
55426.28071561603,1.8800304948854318,0.12033365711810286
55428.76538422435,1.8700440987607854,0.12035085301706232
55431.250052832685,1.8603132551190995,0.12036931695487346
55433.73472144102,1.8508404365398383,0.12038871681737322
55436.21939004935,1.8416280088982966,0.12040871872101448
55438.704058657684,1.8326782295485446,0.12042898783274203
55441.18872726601,1.8239932455594399,0.12044918917926792
55443.67339587434,1.8155750920050764,0.12046898844368763
55446.158064482675,1.807425690310986,0.12048805274783547
55448.64273309101,1.7995468466580526,0.12050605141883604
55451.12740169934,1.7919402504454942,0.12052265673822896
55453.61207030767,1.7846074728142363,0.12053754467253142
55456.096738916,1.7775499652321392,0.1205503955839402
55458.58140752433,1.7707690581434434,0.12056089492015902
55461.066076132665,1.764265959681966,0.12056873388241694
55463.550744741,1.7580417544514542,0.12057361007093052
55466.035413349324,1.7520974023727347,0.120575228106925
55468.52008195766,1.7464337376002075,0.12057330023085347
55471.00475056599,1.7410514675080795,0.12056754687618394
55473.48941917432,1.7359511717480305,0.12055769721836675
55475.974087782655,1.7311333013793233,0.12054348969876047
55478.45875639098,1.7265981780722768,0.12052467252316931
55480.943424999314,1.7223459933866523,0.12050100413492701
55483.42809360765,1.7183768081254844,0.12047225366235549
55485.91276221598,1.7146905517658269,0.12043820134069116
55488.39743082431,1.711287021966986,0.12039863890833905
55490.88209943264,1.7081658841572094,0.12035336997765854
55493.36676804097,1.7053266711997832,0.12030221038028291
55495.851436649304,1.7027687831394935,0.12024498848724782
55498.33610525764,1.7004914870296188,0.12018154550386727
55500.82077386597,1.6984939168410906,0.12011173573977685
55503.3054424743,1.6967750734532752,0.12003542685432518
55505.79011108263,1.6953338247281042,0.11995250007721579
55508.27477969096,1.694168905667416,0.11986285040520296
55510.75944829929,1.6932789186541517,0.11976638677441764
55513.24411690763,1.6926623337780455,0.11966303220915185
55515.72878551595,1.6923174892457586,0.11955272394681199
55518.213454124285,1.6922425918761586,0.11943541353966443
55520.69812273262,1.6924357176809246,0.11931106693334279
55523.18279134095,1.6928948125305197,0.1191796645223451
55525.66745994928,1.6936176929057787,0.11904120118285974
55528.15212855762,1.694602046735283,0.11889568628286944
55530.63679716594,1.6958454343184863,0.11874314366986043
55533.121465774275,1.6973452893343133,0.11858361163613354
55535.60613438261,1.6990989199357438,0.11841714286197276
55538.09080299094,1.7011035099294105,0.1182438043366865
55540.57547159927,1.7033561200407776,0.11806367725753504
55543.0601402076,1.7058536892642469,0.11787685690679338
55545.54480881593,1.7085930362975192,0.11768345250680702
55548.029477424265,1.711570861060797,0.11748358705319098
55550.5141460326,1.7147837462991022,0.11727739712604206
55552.99881464093,1.718228159268385,0.11706503267937726
55555.483483249256,1.7219004535037898,0.11684665680854577
55557.96815185759,1.7257968706705649,0.11662244549572605
55560.45282046592,1.7299135424954875,0.11639258733347954
55562.937489074255,1.7342464927792962,0.11615728322630438
55565.42215768259,1.738791639488979,0.11591674606997363
55567.90682629091,1.7435447969283135,0.11567120040904785
55570.391494899246,1.7485016779867948,0.11542088207206888
55572.87616350758,1.753657896464869,0.11516603778467391
55575.36083211591,1.7590089694754214,0.11490692476061207
55577.845500724245,1.7645503199193877,0.11464381027063798
55580.33016933257,1.770277279035156,0.11437697118932094
55582.8148379409,1.776185089019945,0.11410669351987265
55585.299506549236,1.7822689057218302,0.11383327189714822
55587.78417515757,1.7885238014014844,0.11355700906893086
55590.2688437659,1.7949447675617645,0.11327821535573881
55592.75351237423,1.8015267178438492,0.11299720808944096
55595.23818098256,1.8082644909882077,0.11271431103096861
55597.72284959089,1.8151528538591073,0.11242985376773641
55600.207518199226,1.822186504530464,0.11214417109089905
55602.69218680756,1.8293600754321488,0.11185760235341921
55605.17685541589,1.836668136553806,0.11157049080940167
55607.66152402422,1.844105198705284,0.11128318293549433
55610.14619263255,1.8516657168320272,0.11099602773530548
55612.63086124088,1.8593440933817718,0.11070937602780224
55615.115529849216,1.8671346817232362,0.1104235797208038
55617.60019845754,1.875031789611791,0.11013899107080838
55620.084867065874,1.8830296827030448,0.10985596193056577
55622.56953567421,1.8911225881090932,0.10957484298583249
55625.05420428254,1.8993046979983372,0.109295982982998
55627.53887289087,1.9075701732341201,0.1090197279493381
55630.023541499206,1.9159131470513362,0.1087464204077772
55632.50821010753,1.9243277287684695,0.10847639858816918
55634.992878715864,1.932808007532138,0.10820999563738098
55637.4775473242,1.9413480560924725,0.10794753883027093
55639.96221593253,1.9499419346066222,0.10768934878418693
55642.44688454086,1.9585836944674515,0.10743573867923605
55644.93155314919,1.9672673821557272,0.10718701348715827
55647.41622175752,1.9759870431132356,0.1069434692114352
55649.900890365854,1.9847367256326258,0.10670539214123827
55652.38555897419,1.9935104847643217,0.10647305812231361
55654.87022758252,2.002302386234428,0.10624673184741391
55657.354896190845,2.011106510374548,0.10602666616931496
55659.83956479918,2.019916956057564,0.10581310143918418
55662.32423340751,2.0287278446387784,0.10560626487325517
55664.808902015844,2.037533323898609,0.10540636995055427
55667.29357062418,2.0463275719854757,0.1052136158444461
55669.7782392325,2.055104801353389,0.10502818689063981
55672.262907840835,2.0638592626953365,0.10485025209418787
55674.74757644917,2.07258524886527,0.10467996467797779
55677.2322450575,2.0812770987898315,0.1045174616747254
55679.716913665834,2.089929201364276,0.10436286356485452
55682.20158227416,2.09853599933148,0.10421627396173029
55684.68625088249,2.1070919931395977,0.10407777934620319
55687.170919490825,2.1155917447766317,0.10394744885170654
55689.65558809916,2.1240298815795633,0.10382533410094842
55692.14025670749,2.1324011000130376,0.10371146909523264
55694.62492531582,2.140700169417274,0.10360587015680775
55697.10959392415,2.1489219357205727,0.10350853592467249
55699.59426253248,2.1570613251140234,0.10341944740369871
55702.078931140815,2.165113347686489,0.1033385680668133
55704.56359974915,2.173073101015465,0.1032658440096938
55707.04826835748,2.180935773711994,0.10320120415691195
55709.53293696581,2.1886966489172295,0.1031445605185718
55712.01760557414,2.196351107746036,0.10309580849577404
55714.50227418247,2.2038946326773328,0.10305482723332623
55716.986942790805,2.211322810886145,0.10302148001770126
55719.47161139913,2.2186313375164346,0.10299561471809329
55721.956280007464,2.2258160188905833,0.10297706426807329
55724.4409486158,2.2328727756535933,0.10296564718547983
55726.92561722413,2.239797645849528,0.10296116812756888
55729.41028583246,2.246586787927086,0.10296341847878458
55731.894954440795,2.253236483671696,0.10297217696794626
55734.37962304912,2.2597431410618256,0.10298721031209532
55736.86429165745,2.266103297047305,0.1030082738835037
55739.34896026579,2.2723136202464467,0.10303511239700405
55741.83362887412,2.2783709135596624,0.10306746061431271
55744.31829748245,2.2842721166984674,0.10310504406224481
55746.80296609078,2.2900143086251425,0.10314757976168257
55749.28763469911,2.2955947099024954,0.10319477696421812
55751.77230330744,2.301010684951983,0.10324633789352962
55754.25697191578,2.3062597442159785,0.1033019584885919
55756.74164052411,2.3113395462232447,0.10336132914582732
55759.226309132435,2.31624789955605,0.10342413545773663
55761.71097774077,2.32098276471595,0.10349005894523063
55764.1956463491,2.3255422558861483,0.1035587777814929
55766.68031495743,2.329924642590189,0.103629967504989
55769.164983565766,2.3341283512421676,0.10370330171965504
55771.64965217409,2.3381519665900115,0.10377845278017103
55774.134320782425,2.341994233048048,0.10385509246084182
55776.61898939076,2.345654055917393,0.1039328926061629
55779.10365799909,2.3491305024933027,0.1040115257619412
55781.58832660742,2.352422803057596,0.10409066578549822
55784.07299521575,2.3555303517548154,0.1041699884339397
55786.55766382408,2.3584527073505477,0.10424917192953527
55789.042332432415,2.361189593871387,0.10432789750134028
55791.52700104075,2.3637409011232435,0.1044058499025109
55794.01166964908,2.366106685091367,0.10448271790263836
55796.496338257406,2.368287168215325,0.1045581947548083
55798.98100686574,2.3702827395418993,0.10463197863708264
55801.46567547407,2.372093954755048,0.1047037730682557
55803.950344082405,2.373721536079273,0.10477328729770662
55806.43501269074,2.375166372059155,0.10484023666958026
55808.91968129907,2.376429517211946,0.10490434296125224
55811.404349907396,2.377512191554551,0.10496533469640404
55813.88901851573,2.378415780002541,0.1050229474328975
55816.37368712406,2.379141831643068,0.10507692402588431
55818.858355732395,2.3796920588801918,0.10512701486643083
55821.34302434072,2.3800683364521937,0.10517297809632938
55823.82769294905,2.3802727003220987,0.10521457979935449
55826.312361557386,2.3803073464399667,0.10525159416969967
55828.79703016572,2.3801746293790487,0.10528380365806277
55831.28169877405,2.37987706084418,0.10531099909610418
55833.766367382384,2.379417308053874,0.10533297979972468
55836.25103599071,2.3787981919959336,0.10534955365203268
55838.73570459904,2.378022685558367,0.10536053716656467
55841.220373207376,2.377093911534992,0.1053657555313648
55843.70504181571,2.376015140506148,0.1053650426347651
55846.18971042404,2.374789788598026,0.10535824107348403
55848.67437903237,2.3734214151179565,0.10534520214371795
55851.1590476407,2.371913720070271,0.10532578581597342
55853.64371624903,2.3702705415500773,0.1052998606943185
55856.128384857366,2.3684958530205122,0.10526730396072356
55858.6130534657,2.3665937604713783,0.10522800130524189
55861.097722074024,2.3645684994628127,0.10518184684262162
55863.58239068236,2.3624244320534515,0.10512874301614877
55866.06705929069,2.3601660436176033,0.10506860048921438
55868.55172789902,2.3577979395504727,0.10500133802545597
55871.036396507356,2.35532484186556,0.10492688235800122
55873.52106511568,2.352751585683812,0.10484516804847048
55876.005733724014,2.3500831156186734,0.10475613733638282
55878.49040233235,2.347324482059676,0.10465973997960987
55880.97507094068,2.344480837353508,0.10455593308640883
55883.45973954901,2.3415574318885746,0.10444468093974967
55885.94440815734,2.338559610082342,0.10432595481436963
55888.42907676567,2.335492806279021,0.10419973278729883
55890.913745374004,2.332362540552772,0.10406599954227831
55893.39841398234,2.3291744144268094,0.1039247461687416
55895.88308259067,2.325934106505123,0.10377596995582793
55898.367751198995,2.3226473680241213,0.1036196741819707
55900.85241980733,2.319320018324312,0.10345586790064422
55903.33708841566,2.315957940247344,0.10328456572276236
55905.821757023994,2.3125670754584675,0.10310578759615781
55908.30642563233,2.309153419702753,0.1029195585827625
55910.79109424066,2.3057230179912693,0.10272590863389756
55913.275762848985,2.302281959729015,0.10252487236418302
55915.76043145732,2.2988363737791033,0.10231648882455809
55918.24510006565,2.2953924234763363,0.10210080127477156
55920.729768673984,2.29195630158425,0.10187785695596027
55923.21443728231,2.2885342252067247,0.10164770686361113
55925.69910589064,2.285132430653995,0.10141040552143185
55928.183774498975,2.281757168268669,0.10116601075646471
55930.66844310731,2.2784146972137265,0.1009145834760446
55933.15311171564,2.2751112802295452,0.10065618744670918
55935.637780323974,2.271853178359862,0.1003908890757616
55938.1224489323,2.2686466456547123,0.10011875719566642
55940.60711754063,2.2654979238525783,0.09983986285176699
55943.091786148965,2.2624132370442567,0.09955427909359828
55945.5764547573,2.259398786327097,0.09926208077024963
55948.06112336563,2.256460744448532,0.09896334433001304
55950.54579197396,2.253605250447862,0.09865814762473481
55953.03046058229,2.250838404297724,0.09834656971913604
55955.51512919062,2.2481662615495424,0.09802869070542096
55957.999797798955,2.245594827991326,0.09770459152348224
55960.48446640729,2.243130054314193,0.09737435378693267
55962.96913501561,2.2407778308025854,0.097038059615296
55965.45380362395,2.2385439820421382,0.09669579147251461
55967.93847223228,2.236434261658836,0.09634763201213001
55970.42314084061,2.2344543470863414,0.0959936639292277
55972.907809448945,2.232609834371395,0.09563396981941794
55975.39247805727,2.2309062330177767,0.09526863204504579
55977.8771466656,2.229348960879662,0.09489773260875772
55980.36181527394,2.2279433390977985,0.09452135303459326
55982.84648388227,2.226694587096148,0.09413957425678267
55985.3311524906,2.2256078176334597,0.09375247651625468
55987.81582109893,2.2246880319186744,0.09336013926508273
55990.30048970726,2.223940114794786,0.09296264107883925
55992.78515831559,2.223368829992552,0.09256005957702429
55995.269826923926,2.2229788154633567,0.09215247135149325
55997.75449553226,2.2227745787902364,0.09173995190300054
56000.239164140585,2.2227604926861986,0.09132257558581613
56002.72383274892,2.2229407905806795,0.09090041556043237
56005.20850135725,2.2233195622998494,0.09047354375427553
56007.69316996558,2.2239007498458037,0.09004203083042996
56010.177838573916,2.2246881432776533,0.08960594616425988
56012.66250718225,2.2256853766979816,0.08916535782785662
56015.147175790575,2.226895924352405,0.08872033258219594
56017.63184439891,2.2283230968398655,0.08827093587686138
56020.11651300724,2.2299700374463924,0.0878172318572873
56022.60118161557,2.2318397185956584,0.08735928337916264
56025.0858502239,2.2339349384319007,0.08689715203007566
56027.57051883223,2.2362583175281046,0.08643089815793598
56030.055187440565,2.2388122957305114,0.08596058090618165
56032.5398560489,2.2415991291400204,0.08548625825548857
56035.02452465723,2.2446208872356337,0.08500798707161668
56037.50919326556,2.2478794501392017,0.08452582315936881
56039.99386187389,2.2513765060330257,0.08403982132216509
56042.47853048222,2.2551135487241254,0.08355003542717591
56044.963199090555,2.2590918753651863,0.0830565184755628
56047.44786769889,2.2633125843329935,0.0825593226775904
56049.93253630722,2.2677765732648965,0.0820584995323793
56052.417204915546,2.2724845372626916,0.08155409991182422
56054.90187352388,2.2774369672582253,0.08104617414855148
56057.38654213221,2.282634148549832,0.08053477212744685
56059.871210740544,2.28807615951132,0.0800199433804661
56062.35587934888,2.29376287047085,0.07950173718450472
56064.8405479572,2.2996939427675187,0.07898020266175404
56067.325216565536,2.305868827990551,0.07845538888250597
56069.80988517387,2.312286767386041,0.07792734496979345
56072.2945537822,2.318946791463347,0.07739612020577671
56074.779222390534,2.325847719766813,0.07686176413930547
56077.26389099886,2.3329881608477905,0.07632432669454611
56079.74855960719,2.3403665124153648,0.07578385828018426
56082.233228215526,2.3479809616748994,0.07524040989898861
56084.71789682386,2.3558294858610793,0.07469403325732953
56087.20256543219,2.3639098529557785,0.07414478087442122
56089.68723404052,2.3722196226024863,0.07359270619091172
56092.17190264885,2.3807561472061565,0.07303786367658978
56094.65657125718,2.3895165732319725,0.07248030893689697
56097.141239865516,2.3984978426941197,0.07192009881789038
56099.62590847385,2.407696694835778,0.07135729150958374
56102.110577082174,2.417109668007896,0.07079194664710706
56104.59524569051,2.426733101735337,0.07022412540978436
56107.07991429884,2.4365631389801976,0.06965389061760205
56109.56458290717,2.4465957285949997,0.06908130682499591
56112.049251515506,2.4568266279706847,0.06850644041168397
56114.53392012384,2.4672514058741513,0.067929359670444
56117.018588732164,2.4778654454767235,0.06735013489143872
56119.5032573405,2.4886639475720003,0.06676883844315806
56121.98792594883,2.4996419339806266,0.06618554484966904
56124.47259455716,2.510794251147331,0.06560033086398524
56126.95726316549,2.5221155739135597,0.0650132755376661
56129.44193177382,2.533600409485409,0.0644244602860712
56131.926600382154,2.5452431015705343,0.0638339689497925
56134.41126899049,2.557037834707117,0.0632418878514493
56136.89593759882,2.568978638759077,0.06264830584834444
56139.38060620715,2.5810593935944155,0.06205331438068229
56141.86527481548,2.593273833931022,0.06145700751511647
56144.34994342381,2.6056155543538893,0.06085948198397718
56146.834612032144,2.6180780144986144,0.060260837219711094
56149.31928064048,2.630654544396023,0.05966117538488747
56151.80394924881,2.6433383499837078,0.059060601397396356
56154.288617857135,2.6561225187647466,0.05845922295116991
56156.77328646547,2.6690000256271915,0.057857150532188324
56159.2579550738,2.6819637388113904,0.05725449742979441
56161.742623682134,2.695006426018317,0.05665137974362252
56164.22729229047,2.7081207606660485,0.056047916385634874
56166.71196089879,2.7212993282763662,0.05544422907790503
56169.196629507125,2.734534633001992,0.05484044234565012
56171.68129811546,2.7478191042717484,0.05423668350597382
56174.16596672379,2.7611451035718133,0.0536330826519985
56176.650635332124,2.77450493133216,0.053029772632757606
56179.13530394045,2.7878908339388957,0.05242688902871183
56181.61997254878,2.801295010842324,0.05182457012289593
56184.104641157115,2.8147096217820575,0.05122295686795779
56186.58930976545,2.828126794098452,0.050622192848823154
56189.07397837378,2.8415386301407395,0.05002242424135601
56191.55864698211,2.8549372147618612,0.049423799766816906
56194.04331559044,2.868314622893493,0.048826470642187814
56196.52798419877,2.8816629271929557,0.04823059052649482
56199.012652807105,2.894974205763738,0.04763631546295814
56201.49732141544,2.9082405499350443,0.04704380381718201
56203.98199002376,2.9214540720945337,0.04645321621105314
56206.4666586321,2.934606913579465,0.045864715452747465
56208.95132724043,2.947691252601196,0.04527846646238096
56211.43599584876,2.9606993122112613,0.04469463619338469
56213.920664457095,2.973623368296458,0.044113393549752695
56216.40533306543,2.986455757597035,0.0435349092984505
56218.89000167375,2.999188885740743,0.04295935597762259
56221.374670282086,3.0118152352832084,0.042386907799698476
56223.85933889042,3.0243273737561154,0.041817740549661454
56226.34400749875,3.036717961704369,0.04125203147815733
56228.82867610708,3.0489797607144595,0.04068995918881488
56231.31334471541,3.061105641422216,0.04013170352020274
56233.79801332374,3.0730885914945176,0.039577445421273214
56236.282681932076,3.0849217235733946,0.03902736682051961
56238.76735054041,3.096598283184278,0.03848165048803504
56241.25201914874,3.108111656589294,0.03794047989027383
56243.73668775707,3.1194553785906933,0.037404039036813976
56246.2213563654,3.1306231402619105,0.0368725123187601
56248.70602497373,3.1416087966138093,0.036346084337919055
56251.190693582066,3.1524063741814388,0.035824939726536664
56253.6753621904,3.163010078521033,0.035309262956545656
56256.160030798725,3.173414301611963,0.034799238137790955
56258.64469940706,3.18361362916756,0.03429504880471092
56261.12936801539,3.1936028478201095,0.033796877690317924
56263.61403662372,3.203376952204181,0.033304906487077506
56266.098705232056,3.212931151909885,0.03281931559400725
56268.58337384038,3.2222608783021798,0.03234028384882656
56271.068042448715,3.2313617912085633,0.031867988245014175
56273.55271105705,3.240229785450161,0.03140260363269981
56276.03737966538,3.2488609972355746,0.03094430240308458
56278.52204827371,3.257251810373532,0.030493254155653918
56281.00671688204,3.2653988623373778,0.030049625348003497
56283.49138549037,3.2732990501392862,0.0296135789278098
56285.976054098704,3.2809495360360543,0.029185273947280252
56288.46072270704,3.28834775303568,0.028764865159514146
56290.94539131537,3.2954914102115325,0.02835250259763606
56293.430059923696,3.3023784978200723,0.027948331137407117
56295.91472853203,3.3090072921996523,0.027552490043283428
56298.39939714036,3.315376360462267,0.027165112500681748
56300.884065748694,3.3214845649601585,0.026786325134181013
56303.36873435703,3.327331067526245,0.026416247515247095
56305.85340296535,3.3329153334785744,0.026054991660717
56308.338071573686,3.3382371353861657,0.02570266152542432
56310.82274018202,3.343296556588612,0.025359352491856918
56313.30740879035,3.3480939944667085,0.02502515086063584
56315.792077398684,3.352630163450584,0.02470013334587575
56318.27674600702,3.356906097773603,0.024384366579889304
56320.76141461534,3.360923153952619,0.0240779066321702
56323.246083223676,3.364683012998981,0.02378079854763496
56325.73075183201,3.3681876823522146,0.023493075909866396
56328.21542044034,3.371439497529572,0.023214760435200914
56330.700089048674,3.374441123499089,0.02294586160259622
56333.184757657,3.37719555574634,0.022686376326200314
56335.66942626533,3.3797061210640464,0.022436288675925033
56338.154094873666,3.3819764780338417,0.022195569650777368
56340.638763482,3.3840106172067834,0.021964177011770877
56343.12343209033,3.385812860989283,0.021742055177146197
56345.60810069866,3.387387863208673,0.02152913518593899
56348.09276930699,3.3887406083743947,0.021325334731654957
56350.57743791532,3.3898764106321053,0.021130558269804423
56353.062106523656,3.3908009123899454,0.020944697200216078
56355.54677513199,3.3915200826396443,0.02076763012555745
56358.031443740314,3.392040214949322,0.0205992231846506
56360.51611234865,3.3923679251460648,0.02043933046003745
56363.00078095698,3.3925101486664495,0.0202877944570656
56365.48544956531,3.392474137589513,0.02014444665048743
56367.970118173645,3.3922674573474794,0.02000910809473083
56370.45478678197,3.391897983110148,0.019881590091529188
56372.939455390304,3.3913738958467157,0.01976169490927957
56375.42412399864,3.390703678060145,0.019649216546900217
56377.90879260697,3.389896109206642,0.019543941534678047
56380.3934612153,3.3889602607846534,0.019445649763842155
56382.87812982363,3.387905491103865,0.019354115337662313
56385.36279843196,3.386741439737534,0.019269107434307858
56387.847467040294,3.3854780216497034,0.0191903911750459
56390.33213564863,3.384125421017899,0.019117728488303745
56392.81680425696,3.382694084721244,0.019050878962987586
56395.301472865285,3.381194715538939,0.018989600683597542
56397.78614147362,3.3796382650255836,0.018933651040425357
56400.27081008195,3.3780359260817363,0.01888278750937127
56402.755478690284,3.3763991252308116,0.01883676839593167
56405.24014729862,3.374739514586807,0.01879535353878923
56407.72481590694,3.373068963528169,0.018758304970006006
56410.209484515275,3.371399550094189,0.018725387527980995
56412.69415312361,3.369743552079555,0.018696369421962913
56415.17882173194,3.3681134378565574,0.018671022746077248
56417.663490340274,3.366521856922354,0.018649123942691796
56420.14815894861,3.364981630172508,0.01863045421437502
56422.63282755693,3.3635057399170236,0.018614799885696767
56425.117496165265,3.3621073196302405,0.01860195271521618
56427.6021647736,3.3607996434588756,0.018591710159432576
56430.08683338193,3.3595961154789933,0.01858387559059619
56432.571501990264,3.358510258716528,0.018578258470096396
56435.05617059859,3.357555703944435,0.018574674480319256
56437.54083920692,3.3567461782478603,0.01857294561718808
56440.025507815255,3.3560954933839113,0.018572900246175455
56442.51017642359,3.3556175339307615,0.018574373124674307
56444.99484503192,3.355326245239958,0.018577205393425306
56447.479513640246,3.3552356211986663,0.018581244539944024
56449.96418224858,3.3553596918191673,0.01858634433687371
56452.44885085691,3.355712510649745,0.01859236475755504
56454.933519465245,3.3563081420279417,0.018599171872074466
56457.41818807358,3.3571606481846636,0.018606637725942253
56459.9028566819,3.358284076207191,0.018614640204104468
56462.387525290236,3.3596924448648195,0.018623062882337674
56464.87219389857,3.361399731328511,0.018631794868682057
56467.3568625069,3.363419857765969,0.018640730636288346
56469.841531115235,3.365766677850928,0.01864976985039717
56472.32619972356,3.368453963175675,0.018658817190473513
56474.81086833189,3.3714953895922406,0.018667782169681863
56477.295536940226,3.3749045234946635,0.018676578952971614
56479.78020554856,3.37869480803586,0.018685126174863096
56482.26487415689,3.3828795493161508,0.018693346758926633
56484.74954276522,3.387471902542643,0.01870116773905244
56487.23421137355,3.3924848581586815,0.01870852008457679
56489.71887998188,3.3979312279921174,0.01871533852887436
56492.203548590216,3.4038236313910346,0.018721561403858132
56494.68821719855,3.410174481396993,0.01872713047914796
56497.172885806875,3.4169959709429705,0.018731990808144448
56499.65755441521,3.424300059104368,0.018736090580397765
56502.14222302354,3.4320984574080384,0.018739380981397193
56504.62689163187,3.4404026162150387,0.01874181605962133
56507.111560240206,3.449223711187983,0.018743352601282046
56509.59622884853,3.4585726298697637,0.018743950013125676
56512.080897456864,3.4684599583576414,0.018743570213309
56514.5655660652,3.478895968119758,0.018742177530306672
56517.05023467353,3.489890602941756,0.018739738610099137
56519.53490328186,3.501453466035656,0.018736222331539647
56522.019571890196,3.513593807312816,0.01873159972979821
56524.50424049852,3.526320510830999,0.018725843928086728
56526.988909106854,3.539642082443393,0.01871893007681835
56529.47357771519,3.5535666376586192,0.018710835301051113
56531.95824632352,3.568101889708956,0.018701538655244328
56534.44291493185,3.5832551378658763,0.018691021085216645
56536.92758354018,3.599033255995778,0.01867926539765797
56539.41225214851,3.615442681376777,0.018666256236072598
56541.896920756844,3.632489403795688,0.018651980063422623
56544.38158936518,3.6501789549257495,0.018636425151088945
56546.86625797351,3.668516398007725,0.018619581573847556
56549.350926581836,3.6875063178389382,0.018601441210236786
56551.83559519017,3.707152811099917,0.018581997748375385
56554.3202637985,3.7274594770008065,0.018561246696632398
56556.804932406834,3.748429408297426,0.018539185398940852
56559.28960101517,3.7700651826532123,0.01851581305401818
56561.77426962349,3.7923688543912846,0.018491130738747898
56564.258938231826,3.815341946615945,0.01846514143473383
56566.74360684016,3.838985443752094,0.018437850057858855
56569.22827544849,3.8632997844708683,0.01840926349050848
56571.712944056824,3.8882848550567246,0.01837939061603809
56574.19761266515,3.9139399831953625,0.018348242354730537
56576.68228127348,3.9402639322037487,0.018315831701579254
56579.166949881816,3.967254895715641,0.018282173764752142
56581.65161849015,3.9949104928268184,0.01824728580442569
56584.13628709848,4.023227763710807,0.018211187272103985
56586.62095570681,4.052203165724862,0.018173899849163525
56589.10562431514,4.081832569993267,0.018135447485095976
56591.59029292347,4.112111258501528,0.01809585643417946
56594.074961531805,4.143033921692137,0.018055155290665634
56596.55963014014,4.1745946565745555,0.01801337502190217
56599.044298748464,4.206786965366177,0.017970548998925036
56601.5289673568,4.239603754656116,0.017926713023876564
56604.01363596513,4.273037335110757,0.017881905354402768
56606.49830457346,4.3070794217245805,0.01783616672380684
56608.982973181795,4.341721134613181,0.017789540357082495
56611.46764179012,4.376953000374243,0.01774207198203784
56613.952310398454,4.412764954002199,0.017693809835200767
56616.43697900679,4.449146341365065,0.01764480466218507
56618.92164761512,4.486085922262816,0.017595109711506927
56621.40631622345,4.52357187404786,0.017544780722175173
56623.890984831785,4.561591795832669,0.017493875903965256
56626.37565344011,4.60013271326946,0.01744245591019913
56628.860322048444,4.639181083921045,0.0173905838024507
56631.34499065678,4.678722803206284,0.017338325006960007
56633.82965926511,4.7187432109417955,0.017285747262045004
56636.31432787344,4.759227098466056,0.017232920556264606
56638.79899648177,4.8001587163468,0.01717991705685993
56641.2836650901,4.841521782687181,0.017126811028141176
56643.768333698434,4.883299492005051,0.017073678739366386
56646.25300230677,4.925474524707312,0.017020598361825613
56648.7376709151,4.968029057147589,0.016967649854952405
56651.222339523425,5.010944772258227,0.01691491484092908
56653.70700813176,5.054202870770013,0.016862476467919735
56656.19167674009,5.097784083000477,0.016810419261364003
56658.67634534842,5.141668681221375,0.01675882896354755
56661.16101395676,5.185836492584599,0.01670779236146688
56663.64568256508,5.230266912616827,0.01665739710256846
56666.130351173415,5.274938919267157,0.01660773149875304
56668.61501978175,5.319831087508021,0.016558884319523296
56671.09968839008,5.364921604481481,0.016510944572660193
56673.58435699841,5.4101882851721825,0.016464001275374594
56676.06902560674,5.455608588624898,0.01641814321423463
56678.55369421507,5.5011596346694205,0.016373458695621693
56681.038362823405,5.546818221163733,0.016330035287314283
56683.52303143174,5.592560841740351,0.016287959551622745
56686.00770004007,5.638363704040074,0.016247316771713254
56688.492368648396,5.684202748426969,0.016208190671080206
56690.97703725673,5.7300536671867235,0.01617066312922385
56693.46170586506,5.775891924167922,0.016134813892276865
56695.946374473395,5.821692774874862,0.016100720282893322
56698.43104308173,5.867431287006269,0.016068456908172015
56700.91571169005,5.913082361398267,0.016038095369413873
56703.400380298386,5.958620753382206,0.01600970397425722
56705.88504890672,6.004021094543134,0.015983347452971173
56708.36971751505,6.049257914843622,0.015959086681297106
56710.854386123385,6.094305665117616,0.015936978411003153
56713.33905473171,6.139138739910436,0.01591707501080778
56715.82372334004,6.183731500659917,0.015899424218525873
56718.308391948376,6.2280582991664915,0.015884068907008185
56720.79306055671,6.272093501395602,0.01587104686552568
56723.27772916504,6.315811511532786,0.01586039059777535
56725.762397773375,6.359186796311121,0.015852127138713278
56728.2470663817,6.40219390958805,0.015846277891081124
56730.73173499003,6.444807517136894,0.015842858483737555
56733.216403598366,6.487002421648299,0.015841878651510682
56735.7010722067,6.528753587922552,0.01584334213945512
56738.18574081503,6.57003616821811,0.01584724663022053
56740.67040942336,6.610825527757584,0.01585358369694739
56743.15507803169,6.651097270355592,0.01586233878055539
56745.63974664002,6.690827264137852,0.01587349119234558
56748.124415248356,6.729991667365709,0.015887014141728235
56750.60908385669,6.768566954307232,0.015902874788432306
56753.093752465014,6.806529941153144,0.015921034318869286
56755.57842107335,6.843857811939188,0.015941448046253706
56758.06308968168,6.880528144488267,0.015964065532686922
56760.54775829001,6.916518936301145,0.015988830733198598
56763.032426898346,6.951808630402525,0.01601568215953153
56765.51709550667,6.986376141126641,0.016044553062930657
56768.001764115004,7.020200879791048,0.01607537163424616
56770.48643272334,7.053262780255352,0.01610806121977789
56772.97110133167,7.085542324339372,0.01614254055100519
56775.45576994,7.117020567076338,0.016178723986844598
56777.94043854833,7.147679161764586,0.016216521766710658
56780.42510715666,7.177500384820917,0.016255840272362706
56782.909775764994,7.206467160380328,0.016296582297027056
56785.39444437333,7.234563084649324,0.01633864732012864
56787.87911298166,7.261772449960461,0.016381931786114964
56790.363781589986,7.28808026852073,0.016426329385691066
56792.84845019832,7.313472295833719,0.016471731337950525
56795.33311880665,7.337935053760759,0.01651802667223938
56797.817787414984,7.361455853196787,0.016565102508576957
56800.30245602332,7.384022816340973,0.016612844334667025
56802.78712463165,7.405624898560234,0.01666113627977352
56805.271793239976,7.4262519097722475,0.016709861383367386
56807.75646184831,7.44589453536895,0.01675890185804522
56810.24113045664,7.464544356652937,0.016808139346631498
56812.725799064974,7.4821938707321465,0.01685745517147993
56815.2104676733,7.498836509892158,0.016906730577148463
56817.69513628163,7.514466660391122,0.016955846964337565
56820.179804889965,7.5290796806766025,0.017004686116297574
56822.6644734983,7.542671918984411,0.017053130416276648
56825.14914210663,7.555240730321941,0.01710106305655717
56827.633810714964,7.566784492785189,0.01714836823895197
56830.11847932329,7.5773026232226925,0.01719493136618317
56832.60314793162,7.586795592186888,0.017240639224960264
56835.087816539955,7.595264938190439,0.017285380160484483
56837.57248514829,7.602713281227523,0.017329044242404053
56840.05715375662,7.609144335543988,0.01737152342274974
56842.54182236495,7.61456292163524,0.017412711685678324
56845.02649097328,7.61897497746935,0.017452505189988143
56847.51115958161,7.6223875688921225,0.017490802403631454
56849.995828189945,7.624808899224831,0.017527504231735283
56852.48049679828,7.62624831801412,0.017562514137445463
56854.965165406604,7.626716328933583,0.017595738256332257
56857.44983401494,7.62622459682035,0.01762708550522611
56859.93450262327,7.624785953821231,0.017656467684729886
56862.4191712316,7.622414404646122,0.01768379957660004
56864.903839839935,7.619125130911925,0.017708999036353767
56867.38850844826,7.614934494561737,0.017731987080824796
56869.873177056594,7.609860040350213,0.017752687971649413
56872.35784566493,7.603920497377658,0.017771029294875867
56874.84251427326,7.5971357796758525,0.017786942036748986
56877.32718288159,7.589526985822033,0.01780036065644001
56879.81185148992,7.58111639756703,0.01781122315575377
56882.29652009825,7.5719274775037775,0.017819471146039732
56884.78118870658,7.561984865720092,0.017825049913307616
56887.26585731492,7.551314375458617,0.01782790848071315
56889.75052592325,7.53994298778224,0.017827999669958124
56892.235194531575,7.527898845212803,0.01782528016069326
56894.71986313991,7.515211244371642,0.01781971054932915
56897.20453174824,7.501910627588245,0.01781125540667914
56899.68920035657,7.4880285734990935,0.017799883335061585
56902.17386896491,7.473597786610526,0.01778556702511081
56904.65853757324,7.458652085860535,0.017768283312485162
56907.143206181565,7.443226392126519,0.01774801323472383
56909.6278747899,7.427356714737243,0.01772474208835801
56912.11254339823,7.411080136943212,0.01769845948687328
56914.59721200656,7.394434800382442,0.017669159418996862
56917.08188061489,7.377459888529188,0.017636840308753114
56919.56654922322,7.360195609114783,0.017601505075687966
56922.051217831555,7.342683175565526,0.017563161197366377
56924.53588643989,7.324964787426666,0.017521820772761897
56927.02055504822,7.307083609792528,0.017477500587698976
56929.50522365655,7.289083751769908,0.017430222181802187
56931.98989226488,7.271010243930846,0.017380011917576425
56934.47456087321,7.252909014840725,0.017326901051228263
56936.959229481545,7.2348268665943465,0.017270925806026575
56939.44389808988,7.216811449429088,0.0172121274470661
56941.92856669821,7.1989112354000895,0.017150552358872417
56944.413235306536,7.181175491135491,0.01708625212467911
56946.89790391487,7.163654249692627,0.017019283608023822
56949.3825725232,7.1463982815173495,0.016949709035812565
56951.867241131535,7.12945906453524,0.016877596084084342
56954.35190973987,7.112888753386017,0.016803017964431097
56956.83657834819,7.096740147819617,0.016726053512324902
56959.321246956526,7.081066660271233,0.016646787276115623
56961.80591556486,7.065922282634972,0.01656530960700045
56964.29058417319,7.0513615522601185,0.016481716748584386
56966.775252781525,7.037439517185305,0.016396110926085842
56969.25992138985,7.024211700631156,0.016308600434400466
56971.74458999818,7.011734064790289,0.016219299723613547
56974.229258606516,7.000062973915419,0.0161283294817072
56976.71392721485,6.9892551567385794,0.01603581671288908
56979.19859582318,6.979367668258817,0.015941894810240997
56981.68326443151,6.970457850908929,0.01584670362099979
56984.16793303984,6.962583295113689,0.015750389503640286
56986.65260164817,6.955801799319772,0.015653105373509536
56989.137270256506,6.950171329460659,0.015555010735886481
56991.62193886484,6.945749977928415,0.01545627170393856
56994.106607473164,6.9425959220602635,0.015357060998375102
56996.5912760815,6.940767382181491,0.01525755792654973
56999.07594468983,6.940322579229019,0.015157948337691145
57001.56061329816,6.9413196919863935,0.01505842455073063
57004.045281906496,6.943816813961973,0.01495918525105966
57006.52995051483,6.947871909945661,0.014860435352743251
57009.014619123154,6.953542772267667,0.014762385821565372
57011.49928773149,6.960886976804659,0.014665253455318035
57013.98395633982,6.9699618387612645,0.014569260616383153
57016.46862494815,6.980824368241258,0.01447463491270474
57018.95329355648,6.99353122568948,0.01438160882245756
57021.43796216481,7.008138677187617,0.014290419258756001
57023.922630773144,7.02470254966687,0.01420130706984298
57026.40729938148,7.043278186068619,0.014114516471528966
57028.89196798981,7.063920400488314,0.014030294409047468
57031.37663659814,7.086683433328801,0.013948889845711354
57033.86130520647,7.111620906509188,0.013870552976799838
57036.3459738148,7.138785778773865,0.013795534369219521
57038.830642423134,7.168230301106178,0.013724084026540299
57041.31531103147,7.200005972312681,0.01365645038286125
57043.7999796398,7.2341634948109,0.013592879228493178
57046.284648248125,7.270752730648155,0.013533612574079932
57048.76931685646,7.309822657775783,0.013478887459577066
57051.25398546479,7.351421326655327,0.013428934718290752
57053.738654073124,7.395595817185381,0.013383977706784107
57056.22332268146,7.442392196019455,0.013344231014026637
57058.70799128978,7.491855474300735,0.013309899164233998
57061.192659898115,7.544029565841754,0.013281175329801439
57063.67732850645,7.598957245800932,0.013258240071889605
57066.16199711478,7.656680109868262,0.013241260126559214
57068.646665723114,7.717238534026762,0.013230387255341028
57071.13133433144,7.780671634897942,0.013225757177858635
57073.61600293977,7.847017230725612,0.01322748860554622
57076.100671548105,7.916311803005556,0.013235682391553268
57078.58534015644,7.988590458837109,0.013250420812364041
57081.07000876477,8.063886893988581,0.013271766993622274
57083.5546773731,8.142233356748989,0.013299764489563786
57086.03934598143,8.223660612546894,0.013334437023408228
57088.52401458976,8.308197909431726,0.013375788391754044
57091.008683198095,8.395872944401788,0.013423802533863188
57093.49335180643,8.486711830640843,0.013478443762455132
57095.978020414754,8.58073906565312,0.013539657149337324
57098.46268902309,8.677977500392103,0.013607369057855923
57100.94735763142,8.778448309345379,0.01368148780919536
57103.43202623975,8.882170961647489,0.013761904469360833
57105.916694848085,8.989163193236777,0.013848493740886429
57108.40136345642,9.099440980073496,0.013941114942876528
57110.88603206474,9.213018512471251,0.014039613061908747
57113.37070067308,9.329908170534338,0.01414381985609667
57115.85536928141,9.450120500764001,0.014253554995717772
57118.34003788974,9.573664193810828,0.014368627223281536
57120.82470649807,9.700546063455988,0.01448883551863973
57123.3093751064,9.830771026794935,0.01461397025429244
57125.79404371473,9.964342085657506,0.014743814329095058
57128.27871232307,10.101260309301438,0.014878144269625774
57130.7633809314,10.241524818390701,0.015016731289566735
57133.24804953973,10.385132770260213,0.015159342300805753
57135.73271814806,10.532079345507896,0.015305740869657474
57138.21738675639,10.682357735944947,0.015455688114921172
57140.70205536472,10.835959133849144,0.015608943544507151
57143.186723973056,10.992872722633933,0.015765265829813732
57145.67139258139,11.153085668870176,0.015924413517237217
57148.156061189715,11.316583115712945,0.016086145677812788
57150.64072979805,11.483348177732125,0.01625022249658204
57153.12539840638,11.653361937153761,0.01641640580359455
57155.61006701471,11.826603441535497,0.016584459549452042
57158.094735623046,12.003049702867884,0.016754150228784643
57160.57940423137,12.182675698119454,0.01692524725425378
57163.064072839705,12.365454371235217,0.017097523285545927
57165.54874144804,12.551356636565572,0.017270754515786257
57168.03341005637,12.740351383785878,0.01744472092016656
57170.5180786647,12.932405484231708,0.017619206469238778
57173.00274727303,13.12748379872994,0.017793999310813487
57175.48741588136,13.325549186858836,0.0179688919236919
57177.972084489695,13.526562517699631,0.018143681246101512
57180.45675309803,13.730482682000286,0.018318168781554154
57182.94142170636,13.937266605831894,0.018492160685600615
57185.426090314686,14.146869265667533,0.01866546783486865
57187.91075892302,14.359243704914377,0.01883790588129588
57190.39542753135,14.574341051865815,0.01900929529358199
57192.880096139685,14.792110539098132,0.01917946138782638
57195.36476474802,15.012499524270538,0.019348234348371553
57197.84943335634,15.235453512323033,0.01951544924125077
57200.334101964676,15.460916179100536,0.01968094602085752
57202.81877057301,15.688829396309416,0.019844569531640186
57205.30343918134,15.919133257879025,0.020006169505205125
57207.788107789675,16.15176610765735,0.02016560055434746
57210.27277639801,16.38666456843862,0.02032272216427079
57212.75744500633,16.623763572312953,0.020477398682208398
57215.242113614666,16.862996392312198,0.020629499305471515
57217.726782223,17.10429467532947,0.020778898068917764
57220.21145083133,17.34758847629149,0.02092547383190583
57222.69611943966,17.592806293578803,0.021069110265243596
57225.18078804799,17.839875105641113,0.021209695838411157
57227.66545665632,18.088720408807944,0.021347123807174333
57230.150125264656,18.33926625625486,0.02148129220191411
57232.63479387299,18.591435298102738,0.021612103816647358
57235.11946248132,18.845148822634542,0.021739466199002713
57237.60413108965,19.10032679858176,0.021863291641077982
57240.08879969798,19.35688791845689,0.0219834971711906
57242.57346830631,19.61474964291972,0.022100004546797242
57245.058136914646,19.873828246106314,0.022212740248024807
57247.54280552297,20.134038861957322,0.02232163547254376
57250.027474131304,20.395295531411193,0.022426626130865202
57252.51214273964,20.65751125054146,0.022527652842783075
57254.99681134797,20.920598019517854,0.022624660934278108
57257.4814799563,21.184466892393687,0.022717600435336882
57259.966148564636,21.44902802768337,0.0228064260779686
57262.45081717296,21.714190739680703,0.02289109729491366
57264.935485781294,21.979863550496418,0.02297157821847144
57267.42015438963,22.24595424275077,0.023047837679755843
57269.90482299796,22.51236991291796,0.023119849207743504
57272.38949160629,22.779017025255996,0.02318759102857896
57274.87416021462,23.04580146628939,0.02325104606430075
57277.35882882295,23.31262859981814,0.023310201931585395
57279.843497431284,23.57940332238053,0.023365050939961354
57282.32816603962,23.846030119168347,0.023415590089149178
57284.81283464795,24.11241312032365,0.02346182106595122
57287.297503256275,24.378456157580786,0.023503750240003493
57289.78217186461,24.64406282123167,0.023541388658614437
57292.26684047294,24.90913651733439,0.023574752040177695
57294.751509081274,25.173580525157718,0.0236038607663876
57297.23617768961,25.437298054801374,0.023628739872634526
57299.72084629793,25.70019230494603,0.023649419036806164
57302.205514906265,25.962166520714447,0.023665932566047966
57304.6901835146,26.22312405154446,0.023678319381493597
57307.17485212293,26.482968409112004,0.023686623000443215
57309.659520731264,26.7416033251759,0.023690891516199127
57312.1441893396,26.998932809369364,0.023691177575011903
57314.62885794792,27.254861206846954,0.023687538350069728
57317.113526556255,27.509293255779767,0.02368003551228841
57319.59819516459,27.762134144615175,0.023668735197550025
57322.08286377292,28.01328956911135,0.023653707970326725
57324.56753238125,28.262665789036248,0.023635028783190896
57327.05220098958,28.510169684563294,0.023612776932109388
57329.53686959791,28.75570881226008,0.023587036007252385
57332.021538206245,28.999191460648717,0.023557893838863243
57334.50620681458,29.24052670531816,0.023525442437838075
57336.99087542291,29.47962446350624,0.023489777931153324
57339.47554403124,29.71639554814476,0.023451000491167624
57341.96021263957,29.950751721314532,0.023409214258697728
57344.4448812479,30.182605747049593,0.023364527259899716
57346.929549856235,30.411871443499507,0.023317051315934135
57349.41421846456,30.63846373436104,0.02326690194553863
57351.89888707289,30.862298699574637,0.023214198259619546
57354.38355568123,31.083293625222666,0.02315906284843371
57356.86822428956,31.301367052613358,0.023101621659484695
57359.35289289789,31.51643882650552,0.023042003867353725
57361.837561506225,31.72843014243199,0.022980341733704956
57364.32223011455,31.93726359309798,0.022916770458072035
57366.80689872288,32.14286321381087,0.02285142801844428
57369.291567331216,32.34515452692176,0.02278445500151459
57371.77623593955,32.544064585218194,0.022715994422347684
57374.26090454788,32.739522014269255,0.02264619153281457
57376.74557315621,32.931457053681925,0.02257519361886316
57379.23024176454,33.119801597214405,0.022503149786245572
57381.71491037287,33.30448923175712,0.022430210734353775
57384.199578981206,33.485455275125844,0.022356528518158232
57386.68424758954,33.66263681264368,0.02228225629827706
57389.168916197865,33.83597273250183,0.022207548078700744
57391.6535848062,34.00540375985051,0.02213255843281116
57394.13825341453,34.17087248961954,0.022057442217290068
57396.62292202286,34.33232341802204,0.021982354274674928
57399.107590631196,34.48970297274178,0.021907449124323748
57401.59225923952,34.64295954177388,0.0218328806427155
57404.076927847855,34.79204350089188,0.021758801733428323
57406.56159645619,34.93690723973995,0.021685363987588007
57409.04626506452,35.07750518651193,0.02161271733545404
57411.53093367285,35.21379383122415,0.021541009690472675
57414.015602281186,35.34573174755846,0.021470386586227366
57416.50027088951,35.473279613234595,0.021400990808607103
57418.984939497845,35.596400228960505,0.02133296202339955
57421.46960810618,35.71505853588769,0.021266436401764798
57423.95427671451,35.82922163159077,0.021201546244956328
57426.438945322836,35.93885878457232,0.021138419609785405
57428.92361393117,36.04394144725704,0.021077179937547517
57431.4082825395,36.14444326749437,0.02101794568749006
57433.892951147835,36.240340098541594,0.020960829977765515
57436.37761975617,36.3316100075601,0.020905940235599958
57438.8622883645,36.41823328257668,0.02085337785918959
57441.346956972826,36.50019243793483,0.02080323789332099
57443.83162558116,36.577472218241056,0.02075560872133025
57446.31629418949,36.65005960079638,0.020710571775434408
57448.800962797824,36.71794379650407,0.02066820126771088
57451.28563140615,36.78111624929001,0.020628563943910324
57453.77030001448,36.83957063400916,0.02059171886183851
57456.254968622816,36.893302852858,0.02055771719660027
57458.73963723115,36.942311030305454,0.020526602073894333
57461.22430583948,36.986595506535735,0.020498408433300704
57463.708974447814,37.02615882942304,0.02047316292239204
57466.19364305614,37.06100574505329,0.020450883823105077
57468.67831166447,37.09114318679404,0.02043158101066776
57471.162980272806,37.116580262931684,0.020415255945905906
57473.64764888114,37.13732824288593,0.02040190170103181
57476.13231748947,37.153400542030425,0.020391503018499135
57478.6169860978,37.16481270511784,0.020384036403135485
57481.10165470613,37.17158238833184,0.020379470246107905
57483.58632331446,37.173729340005096,0.020377764980392434
57486.070991922796,37.171275379983555,0.020378873266202836
57488.55566053113,37.16424437770302,0.02038274020494331
57491.040329139454,37.152662228959045,0.020389303579855127
57493.52499774779,37.13655683142313,0.02039849412200865
57496.00966635612,37.11595805891159,0.02041023579873238
57498.49433496445,37.09089773443845,0.020424446122950763
57500.979003572786,37.061409602082,0.020441036480974093
57503.46367218111,37.02752929767329,0.020459912476113378
57505.948340789444,36.989294318357054,0.02048097428580599
57508.43300939778,36.946743991049736,0.02050411703026583
57510.91767800611,36.89991943979518,0.02052923114914863
57513.40234661444,36.848863552091736,0.02055620278494122
57515.887015222776,36.79362094418389,0.020584914170409075
57518.3716838311,36.73423792536995,0.020615244017266367
57520.856352439434,36.670762461356425,0.02064706790481908
57523.34102104777,36.603244136679955,0.020680258666214927
57525.8256896561,36.531734116239214,0.0207146867699222
57528.310358264425,36.45628510596648,0.020750220695691633
57530.79502687276,36.37695131268842,0.020786727302713585
57533.27969548109,36.293788403179036,0.020824072188747315
57535.764364089424,36.20685346246407,0.020862120038980476
57538.24903269776,36.116204951420265,0.02090073496366397
57540.73370130609,36.02190266366717,0.02093978082336561
57543.218369914415,35.92400768184475,0.02097912154126204
57545.70303852275,35.82258233324564,0.02101862140175497
57548.18770713108,35.717690144911096,0.021058145334911064
57550.672375739414,35.60939579816864,0.02109755918636331
57553.15704434774,35.49776508267852,0.021136729972747414
57555.64171295607,35.382864850028604,0.02117552612196763
57558.126381564405,35.26476296689784,0.021213817698943704
57560.61105017274,35.143528267847664,0.021251476616271775
57563.09571878107,35.01923050776395,0.021288376830758585
57565.580387389404,34.89194031398924,0.02132439452525109
57568.06505599773,34.76172913818993,0.02135940827659225
57570.54972460606,34.628669208006954,0.02139329921006486
57573.034393214395,34.492833478493694,0.021425951140292377
57575.51906182273,34.35429558341993,0.021457250699751112
57578.00373043106,34.21312978645038,0.02148708745473232
57580.48839903939,34.069410932255934,0.02151535400962
57582.97306764772,33.923214397581674,0.02154194609996642
57585.45773625605,33.77461604231348,0.021566762674777126
57587.942404864385,33.62369216058899,0.021589705968864434
57590.42707347272,33.470519431974495,0.021610681565285325
57592.91174208105,33.31517487275931,0.021629598449219446
57595.396410689376,33.157735787397,0.021646369052937257
57597.88107929771,32.99827972012497,0.02166090929321156
57600.36574790604,32.836884406814605,0.021673138601190158
57602.850416514375,32.673627727069906,0.02168297994553597
57605.3350851227,32.50858765662038,0.021690359849311076
57607.81975373103,32.34184222003181,0.021695208400934012
57610.304422339366,32.1734694437866,0.021697459260111445
57612.7890909477,32.00354730974978,0.02169704965883746
57615.27375955603,31.832153709060208,0.02169392039816496
57617.758428164365,31.65936639648548,0.021688015841110676
57620.24309677269,31.485262945260416,0.021679283902256097
57622.72776538102,31.30992070244575,0.021667676034450783
57625.212433989356,31.1334167448413,0.02165314721289526
57627.69710259769,30.955827835484513,0.02163565591727577
57630.181771206015,30.77723038074319,0.021615164112146777
57632.66643981435,30.597700388059508,0.021591637226161555
57635.15110842268,30.417313424360614,0.02156504413021352
57637.63577703101,30.23614457515015,0.021535357115309395
57640.120445639346,30.05426840432692,0.021502551870063395
57642.60511424768,29.871758914748767,0.021466607458668494
57645.089782856005,29.688689509550784,0.021427506299246096
57647.57445146434,29.505132954274416,0.021385234143169417
57650.05912007267,29.321161339790763,0.021339780055735037
57652.543788681,29.13684604608052,0.02129113639829827
57655.02845728933,28.9522577068484,0.021239298812502746
57657.51312589766,28.76746617502745,0.021184266206656185
57659.997794505995,28.582540489182747,0.02112604074476409
57662.48246311433,28.39754884081799,0.021064627838475344
57664.96713172266,28.212558542614474,0.0210000361421619
57667.45180033099,28.02763599763034,0.02093227755177697
57669.93646893932,27.84284666944245,0.020861367207375185
57672.42113754765,27.658255053285927,0.020787323499912906
57674.905806155984,27.473924648170012,0.020710168082593218
57677.39047476432,27.28991793000276,0.020629925886995932
57679.87514337265,27.10629632573196,0.020546625144330373
57682.359811980976,26.923120188502807,0.02046029741218813
57684.84448058931,26.74044877386369,0.02037097760704278
57687.32914919764,26.558340217004798,0.02027870404273535
57689.813817805974,26.376851511050774,0.02018351847566733
57692.29848641431,26.196038486412448,0.020085466156097735
57694.78315502264,26.015955791204277,0.019984595887031616
57697.267823630966,25.83665687272031,0.01988096008993987
57699.7524922393,25.658193959998016,0.019774614878437787
57702.23716084763,25.480618047435996,0.01966562013918832
57704.721829455964,25.303978879508463,0.019554039621687693
57707.20649806429,25.128324936548466,0.019439941035541735
57709.69116667262,24.953703421603805,0.019323396157016146
57712.175835280956,24.78016024837845,0.019204480943723762
57714.66050388929,24.60774003024318,0.019083275658687206
57717.14517249762,24.43648607031841,0.0189598650030103
57719.629841105954,24.266440352629047,0.01883433825782828
57722.11450971428,24.09764353431939,0.018706789435489913
57724.59917832261,23.930134938921952,0.018577317439381683
57727.083846930946,23.763952550686867,0.018446026233056478
57729.56851553928,23.599133009956887,0.01831302501799065
57732.053184147604,23.43571160956138,0.01817842841941209
57734.53785275594,23.273722292255798,0.018042356680475966
57737.02252136427,23.113197649183377,0.017904935863354666
57739.5071899726,22.954168919318306,0.01776629805720065
57741.991858580936,22.796665989928982,0.017626581591434123
57744.47652718927,22.640717398023185,0.017485931253603558
57746.961195797594,22.48635033275076,0.017344498510020148
57749.44586440593,22.33359063878055,0.017202441727983186
57751.93053301426,22.182462820606617,0.017059926396775626
57754.41520162259,22.032990047800553,0.016917125345917133
57756.899870230925,21.885194161163554,0.016774218957168026
57759.38453883925,21.739095679783276,0.016631395367605942
57761.869207447584,21.594713808963405,0.016488850659699638
57764.35387605592,21.452066449032117,0.01634678903445482
57766.83854466425,21.311170204983284,0.01620542296272816
57769.32321327258,21.172040396946755,0.016064973309558382
57771.80788188091,21.034691071473645,0.015925669425395902
57774.29255048924,20.899135013598567,0.015787749197871292
57776.777219097574,20.765383759692554,0.015651459056985093
57779.26188770591,20.633447611034114,0.015517053925795577
57781.74655631424,20.503335648132634,0.015384797108570505
57784.231224922565,20.375055745756185,0.015254960107669455
57786.7158935309,20.248614588623468,0.01512782235972285
57789.20056213923,20.12401768778662,0.015003670882223666
57791.685230747564,20.001269397633422,0.014882799820723519
57794.1698993559,19.880372933520732,0.014765509887882434
57796.65456796423,19.76133038999427,0.014652107685146397
57799.139236572555,19.644142759583985,0.01454290489934448
57801.62390518089,19.528809952151647,0.014438217367666312
57804.10857378922,19.41533081475231,0.014338364005398974
57806.593242397554,19.3037031520158,0.014243665593464377
57809.07791100588,19.1939237469806,0.014154443425322316
57811.56257961421,19.085988382402576,0.014071017815233249
57814.047248222545,18.9798918624829,0.013993706473848868
57816.53191683088,18.875628035000943,0.013922822760890692
57819.01658543921,18.77318981382598,0.01385867382811048
57821.50125404754,18.67256920179304,0.013801558670915927
57823.98592265587,18.573757313899648,0.013751766110808101
57826.4705912642,18.4767444008136,0.013709572734975544
57828.955259872535,18.381519872669855,0.013675240823299739
57831.43992848087,18.28807232311584,0.013649016295850077
57833.92459708919,18.196389553597555,0.013631126717046665
57836.409265697526,18.106458597854726,0.013621779393258074
57838.89393430586,18.018265746596484,0.013621159600560798
57841.37860291419,17.93179657235399,0.01362942897963109
57843.863271522525,17.847035954450803,0.013646724130755392
57846.34794013086,17.763968104106482,0.0136731554388741
57848.83260873918,17.682576589625285,0.013708806153249257
57851.317277347516,17.60284436164781,0.013753731740840654
57853.80194595585,17.524753778460507,0.013807959525215453
57856.28661456418,17.44828663132168,0.013871488615274808
57858.771283172515,17.373424169785324,0.013944290121647922
57861.25595178084,17.300147127014213,0.014026307650367694
57863.74062038917,17.228435745038666,0.014117458057414246
57866.225288997506,17.15826979996237,0.014217632441620944
57868.70995760584,17.08962862707918,0.014326697348884133
57871.19462621417,17.022491145883038,0.014444496156583726
57873.6792948225,16.956835884956178,0.014570850605170311
57876.16396343083,16.892641006705844,0.01470556244270353
57878.64863203916,16.829884331948477,0.014848415148451487
57881.133300647496,16.768543364297557,0.014999175701948628
57883.61796925583,16.708595314357012,0.01515759636772647
57886.102637864155,16.650017123693715,0.01532341646684411
57888.58730647249,16.592785488571593,0.015496364111317133
57891.07197508082,16.536876883432285,0.01567615787974108
57893.55664368915,16.482267584103255,0.015862508417795376
57896.041312297486,16.42893369071936,0.016055119949137383
57898.52598090582,16.37685115034526,0.01625369168781975
57901.010649514144,16.325995779271835,0.016457919144893245
57903.49531812248,16.27634328498803,0.01666749532597904
57905.97998673081,16.227869287804367,0.01688211181892737
57908.46465533914,16.18054934211429,0.01710145977240181
57910.94932394747,16.13435895728631,0.017325230769003427
57913.4339925558,16.089273618165308,0.01755311759682007
57915.918661164134,16.045268805187916,0.017784814925392762
57918.40332977247,16.00232001407612,0.01802001989230472
57920.8879983808,15.960402775122986,0.018258432607118312
57923.37266698913,15.919492672042523,0.018499756579746642
57925.85733559746,15.879565360389591,0.018743699080536847
57928.34200420579,15.840596585515357,0.018989971438881374
57930.826672814124,15.802562200092808,0.019238289287195266
57933.31134142246,15.765438181154693,0.01948837275678728
57935.79601003078,15.72920064666998,0.019739946631687853
57938.280678639116,15.693825871648272,0.019992740466114045
57940.76534724745,15.659290303749827,0.020246488670729063
57943.25001585578,15.625570578415875,0.02050093057235137
57945.734684464114,15.59264353349613,0.020755810451885005
57948.21935307245,15.560486223385169,0.021010877563606162
57950.70402168077,15.529075932649917,0.02126588613994644
57953.188690289106,15.498390189157277,0.021520595384272923
57955.67335889744,15.468406776688738,0.02177476945477882
57958.15802750577,15.439103747044271,0.022028177441437015
57960.642696114104,15.410459431638799,0.02228059333824108
57963.12736472243,15.382452452576231,0.02253179601251012
57965.61203333076,15.355061733219955,0.02278156917248344
57968.096701939096,15.328266508236439,0.023029701334815394
57970.58137054743,15.302046333136346,0.02327598579262863
57973.06603915576,15.27638109329854,0.023520220585234834
57975.55070776409,15.251251012475421,0.023762208470211217
57978.03537637242,15.226636660804616,0.02400175689817034
57980.52004498075,15.202518962290995,0.02423867799108207
57983.004713589085,15.178879201808257,0.02447278852394131
57985.48938219742,15.155699031576958,0.024703909910502447
57987.974050805744,15.132960477163195,0.024931868193026608
57990.45871941408,15.110645942970308,0.025156494036088505
57992.94338802241,15.088738217248306,0.025377622724565407
57995.42805663074,15.067220476618331,0.025595094165931608
57997.912725239075,15.046076290121661,0.02580875289649734
58000.39739384741,15.025289622783447,0.02601844809182366
58002.882062455734,15.004844838728047,0.026224033580971588
58005.36673106407,14.984726703820854,0.02642536786470859
58007.8513996724,14.964920387860516,0.026622314137332546
58010.33606828073,14.945411466324174,0.026814740311851416
58012.82073688906,14.926185921678865,0.027002519048853604
58015.30540549739,14.90723014425754,0.02718552778823637
58017.790074105724,14.888530932709344,0.027363648784157688
58020.27474271406,14.87007549404457,0.02753676914273908
58022.75941132239,14.851851443268203,0.02770478086233945
58025.24407993072,14.833846802612868,0.027867580876554037
58027.72874853905,14.816050000396217,0.028025071099116998
58030.21341714738,14.79844986948126,0.028177158471364563
58032.698085755714,14.781035645401232,0.028323755011273516
58035.18275436405,14.763796964075155,0.028464777864547704
58037.66742297237,14.746723859229633,0.02860014935714889
58040.152091580705,14.729806759440734,0.02872979704940018
58042.63676018904,14.713036484868468,0.028853653791413476
58045.12142879737,14.696404243668624,0.02897165777955522
58047.6060974057,14.679901628095053,0.029083752614057424
58050.09076601404,14.663520610306108,0.029189887357489244
58052.57543462236,14.647253537890535,0.029290016593873723
58055.060103230695,14.631093129107384,0.029384100488649628
58057.54477183903,14.615032467878407,0.02947210484882327
58060.02944044736,14.599064998510485,0.029554001183705724
58062.51410905569,14.583184520193171,0.02962976676585965
58064.99877766402,14.567385181244418,0.029699384692096903
58067.48344627235,14.551661473160038,0.029762843944484956
58069.968114880685,14.53600822444156,0.02982013945140276
58072.45278348902,14.520420594229051,0.029871272148052533
58074.93745209735,14.504894065744324,0.02991624903693086
58077.422120705676,14.489424439575117,0.02995508324760417
58079.90678931401,14.474007826770176,0.029987794095980444
58082.39145792234,14.45864064180654,0.030014407142776787
58084.876126530675,14.443319595398336,0.03003495425115832
58087.36079513901,14.428041687181036,0.030049473643210988
58089.84546374733,14.412804198277357,0.03005800995542841
58092.330132355666,14.397604683748298,0.030060614292572615
58094.814800964,14.382440964951442,0.030057344280159753
58097.29946957233,14.36731112180847,0.03004826411514648
58099.784138180665,14.352213484990273,0.030033444614519067
58102.268806789,14.337146628041765,0.03001296326184708
58104.75347539732,14.322109359449612,0.029986904251106724
58107.238144005656,14.307100714653785,0.029955358527904617
58109.72281261399,14.292119948027391,0.029918423827583397
58112.20748122232,14.277166524828942,0.029876204709616924
58114.69214983065,14.262240113135135,0.029828812588474574
58117.17681843898,14.247340575761456,0.029776365759992658
58119.66148704731,14.232467962183435,0.02971898942298358
58122.146155655646,14.217622500471748,0.029656815695637943
58124.63082426398,14.202804589237417,0.029589983626089396
58127.11549287231,14.188014789604821,0.029518639196234975
58129.60016148064,14.173253817219447,0.02944293531890222
58132.08483008897,14.158522534300275,0.02936303182649569
58134.5694986973,14.143821941731446,0.029279095451439432
58137.054167305636,14.12915317122878,0.029191299796728847
58139.53883591396,14.114517477551317,0.029099825296027573
58142.023504522294,14.099916230800616,0.029004859162200435
58144.50817313063,14.08535090878786,0.02890659532326488
58146.99284173896,14.070823089494368,0.028805234344339407
58149.47751034729,14.056334443612485,0.02870098333466787
58151.962178955626,14.041886727201387,0.028594055838106803
58154.44684756395,14.027481774429035,0.02848467170599505
58156.931516172284,14.013121490431018,0.028373056950598066
58159.41618478062,13.99880784428818,0.028259443577703092
58161.90085338895,13.98454286211404,0.028144069397072626
58164.38552199728,13.970328620274259,0.028027177808673986
58166.87019060561,13.956167238735404,0.02790901756316897
58169.35485921394,13.942060874538726,0.02778984249543852
58171.839527822274,13.928011715421633,0.02766991122852871
58174.32419643061,13.914021973575515,0.027549486847278683
58176.80886503894,13.900093879547015,0.0274288365396423
58179.293533647266,13.886229676290213,0.027308231203978177
58181.7782022556,13.872431613370878,0.027187945021341756
58184.26287086393,13.858701941320433,0.02706825499115692
58186.747539472264,13.845042906149828,0.026949440429440977
58189.2322080806,13.831456744022617,0.02683178242860389
58191.71687668892,13.817945676086225,0.026715563278319508
58194.201545297256,13.80451190346848,0.02660106584722671
58196.68621390559,13.791157602436101,0.026488572925784097
58199.17088251392,13.77788491972224,0.026378366530462726
58201.655551122254,13.764695968016682,0.026270727171013523
58204.14021973059,13.751592821627739,0.026165933081560004
58206.62488833891,13.738577512307089,0.026064259418439508
58209.109556947245,13.725652025251122,0.025965977427143818
58211.59422555558,13.712818295261599,0.025871353581879336
58214.07889416391,13.700078203085127,0.02578064870164891
58216.56356277224,13.687433571913573,0.025694117047951534
58219.04823138057,13.674886164056431,0.025612005408964515
58221.5328999889,13.662437677778968,0.025534552176496233
58224.017568597235,13.65008974431322,0.025461986422208243
58226.50223720557,13.637843925024995,0.02539452698031853
58228.9869058139,13.625701708755145,0.02533238154406537
58231.47157442223,13.613664509316237,0.025275745784089067
58233.95624303056,13.601733663158328,0.025224802496962895
58236.44091163889,13.589910427192265,0.025179720792004874
58238.925580247225,13.578195976769365,0.02514065532470318
58241.41024885555,13.566591403820993,0.025107745584954603
58243.894917463884,13.555097715147554,0.025081115248120078
58246.37958607222,13.543715830869374,0.025060871595816176
58248.86425468055,13.53244658301523,0.025047105013731204
58251.34892328888,13.52129071426738,0.025039888572026645
58253.833591897215,13.510248876846376,0.025039277693700422
58256.31826050554,13.499321631541775,0.025045309914914222
58258.802929113874,13.488509446875028,0.025058004740194713
58261.28759772221,13.477812698407377,0.02507736359444339
58263.77226633054,13.46723166817469,0.025103369872275252
58266.25693493887,13.456766544252545,0.025135989084018217
58268.7416035472,13.446417420450771,0.02517516909665364
58271.22627215553,13.436184296131685,0.02522084046646473
58273.71094076386,13.42606707614219,0.02527291685963147
58276.1956093722,13.416065570871353,0.025331295555145728
58278.68027798053,13.40617949641657,0.025395858024475713
58281.164946588855,13.396408474857353,0.025466470581148065
58283.64961519719,13.386752034639628,0.025542985092498263
58286.13428380552,13.377209611059655,0.025625239746394274
58288.61895241385,13.36778054684899,0.02571305986424653
58291.10362102219,13.358464092853374,0.025806258752517866
58293.58828963051,13.349259408801984,0.02590463858386311
58296.072958238845,13.340165564167378,0.026007991300487553
58298.55762684718,13.331181539108016,0.02611609953119252
58301.04229545551,13.322306225490252,0.026228737515196398
58303.52696406384,13.313538427991084,0.026345672024987967
58306.011632672176,13.304876865268639,0.02646666328233615
58308.4963012805,13.296320171206908,0.02659146586121255
58310.980969888835,13.287866896221466,0.026719829572331658
58313.46563849717,13.27951550863483,0.026851500324573903
58315.9503071055,13.271264396101301,0.02698622095942957
58318.434975713826,13.263111867094779,0.027123732055121832
58320.91964432216,13.255056152442243,0.027263772697231584
58323.40431293049,13.247095406910084,0.027406081214357916
58325.888981538825,13.239227710830967,0.027550395876531512
58328.37365014716,13.231451071775034,0.027696455555906746
58330.85831875549,13.223763426257399,0.027844000348496583
58333.342987363816,13.216162641481098,0.027992772157496116
58335.82765597215,13.208646517112108,0.028142515237629586
58338.31232458048,13.20121278707984,0.02829297670171018
58340.796993188815,13.193859121406334,0.028443906989690196
58343.28166179714,13.18658312805593,0.02859506030162513
58345.76633040547,13.179382354806592,0.028746194995503755
58348.250999013806,13.172254291132575,0.028897073951304635
58350.73566762214,13.165196370106138,0.029047464902995278
58353.22033623047,13.1582059703112,0.02919714073986249
58355.705004838805,13.151280417756482,0.029345879778564794
58358.18967344713,13.144416987806302,0.029493466008104142
58360.67434205546,13.137612907108903,0.029639689308627537
58363.159010663796,13.130865355524428,0.029784345646393328
58365.64367927213,13.124171468056133,0.02992723724576075
58368.12834788046,13.11752833677751,0.0300681727404224
58370.61301648879,13.110933012750372,0.030206967304727148
58373.09768509712,13.104382507941928,0.030343442767118783
58375.58235370545,13.097873797128386,0.030477427706412312
58378.067022313786,13.09140381978903,0.030608757532642385
58380.55169092212,13.084969481989788,0.030737274553574872
58383.036359530444,13.07856765824856,0.030862828027682816
58385.52102813878,13.07219519339079,0.03098527420519864
58388.00569674711,13.065848904383259,0.031104476357613823
58390.49036535544,13.05952558215116,0.03122030479681618
58392.975033963776,13.053221993379005,0.031332636884733964
58395.4597025721,13.04693488228719,0.031441357034021
58397.944371180434,13.040660972388558,0.031546356700457745
58400.42903978877,13.034396968223675,0.031647534368041054
58402.9137083971,13.028139557071164,0.03174479552665912
58405.39837700543,13.021885410637942,0.03183805264348222
58407.883045613766,13.015631186719716,0.031927225128061926
58410.36771422209,13.009373530842396,0.03201223929175268
58412.852382830424,13.003109077873027,0.032093028301636385
58415.33705143876,12.996834453609402,0.03216953212938585
58417.82172004709,12.990546276340083,0.03224169749517237
58420.306388655416,12.984241158381977,0.03230947780684373
58422.79105726375,12.977915707587314,0.03237283309478298
58425.27572587208,12.971566528829214,0.032431729942123545
58427.760394480414,12.965190225457512,0.03248614141082579
58430.24506308875,12.95878340072914,0.032536046963665154
58432.72973169708,12.952342659214679,0.03258143238184548
58435.214400305405,12.945864608176166,0.03262228967878136
58437.69906891374,12.939345858922522,0.03265861700962858
58440.18373752207,12.932783028139262,0.03269041857675777
58442.668406130404,12.926172739191692,0.0327177045312399
58445.15307473873,12.919511623407374,0.032740490869861694
58447.63774334706,12.912796321334419,0.03275879932847334
58450.122411955395,12.906023483974309,0.032772657270509216
58452.60708056373,12.899189773997023,0.032782097571650355
58455.09174917206,12.892291866933647,0.03278715849980807
58457.576417780394,12.885326452344643,0.032787883590738906
58460.06108638872,12.878290234974116,0.032784321518965986
58462.54575499705,12.871179935882076,0.03277652596420596
58465.030423605385,12.863992293558937,0.03276455547289059
58467.51509221372,12.856724065023869,0.03274847331481321
58469.99976082205,12.849372026906074,0.032728347334943717
58472.48442943038,12.841932976512993,0.0327042497999696
58474.96909803871,12.834403732880773,0.032676257239961586
58477.45376664704,12.82678113781543,0.03264445028458429
58479.938435255375,12.819062056920032,0.03260891349405004
58482.42310386371,12.811243380610236,0.032569735184741204
58484.907772472034,12.803322025123101,0.032527007249433505
58487.39244108037,12.795294933512643,0.03248082497191751
58489.8771096887,12.78715907664106,0.0324312868361413
58492.36177829703,12.778911454159967,0.0323784943299944
58494.846446905365,12.770549095491496,0.032322551743222704
58497.33111551369,12.762069060797337,0.032263565960285394
58499.81578412202,12.753468441950119,0.03220164624736491
58502.30045273036,12.74474436350068,0.03213690403427621
58504.78512133869,12.735893983641894,0.03206945269093493
58507.26978994702,12.726914495174825,0.03199940729879252
58509.754458555355,12.717803126473456,0.031926884417187426
58512.23912716368,12.708557142453444,0.03185200184501141
58514.72379577201,12.699173845538624,0.03177487837769513
58517.20846438035,12.689650576636403,0.03169563355993012
58519.69313298868,12.679984716114333,0.031614387434428036
58522.177801597005,12.67017368478264,0.03153126028707348
58524.66247020534,12.660214944881147,0.031446372388629774
58527.14713881367,12.65010600107685,0.031359843733814716
58529.631807422,12.639844401465524,0.03127179377792326
58532.116476030336,12.629427738582606,0.03118234117159043
58534.60114463867,12.618853650423333,0.031091603494398892
58537.085813246995,12.608119821472293,0.030999696987621186
58539.57048185533,12.597223983743554,0.030906736287236357
58542.05515046366,12.586163917831307,0.03081283415729452
58544.53981907199,12.574937453970705,0.030718101225151655
58547.02448768032,12.563542473112207,0.030622645718408115
58549.50915628865,12.551976908006466,0.030526573205412667
58551.993824896985,12.540238744301988,0.03042998633915245
58554.47849350532,12.52832602165683,0.03033298460638258
58556.96316211365,12.516236834860138,0.030235664082173656
58559.44783072198,12.503969334969966,0.03013811719109388
58561.93249933031,12.491521730462168,0.03004043247615367
58564.41716793864,12.478892288393396,0.029942694376091702
58566.901836546975,12.466079335577795,0.029844983012370374
58569.38650515531,12.45308125977526,0.029747373986469434
58571.87117376364,12.439896510894698,0.029649938188871457
58574.355842371966,12.426523602207666,0.029552741620131873
58576.8405109803,12.412961111578426,0.02945584522564488
58579.32517958863,12.399207682701672,0.02935930474431023
58581.809848196965,12.385262026356187,0.029263170572330882
58584.2945168053,12.371122921667904,0.029167487643082707
58586.77918541362,12.356789217384168,0.029072295323258984
58589.263854021956,12.342259833159346,0.02897762732667443
58591.74852263029,12.32753376084895,0.028883511645723507
58594.23319123862,12.312610065815655,0.028789970501498792
58596.717859846955,12.297487888239672,0.028697020312795807
58599.20252845528,12.282166444440946,0.02860467168432382
58601.68719706361,12.266645028204948,0.028512929414884168
58604.171865671946,12.250923012117745,0.028421792524900846
58606.65653428028,12.234999848903051,0.028331254304268732
58609.14120288861,12.218875072764277,0.028241302379891683
58611.625871496944,12.202548300729973,0.028151918803226133
58614.11054010527,12.186019234002345,0.028063080157256982
58616.5952087136,12.169287659302427,0.027974757683120074
58619.079877321936,12.15235345021945,0.027886917425348857
58621.56454593027,12.135216568554611,0.02779952039609772
58624.049214538594,12.11787706566443,0.027712522756854444
58626.53388314693,12.100335083797589,0.02762587601784697
58629.01855175526,12.082590857427562,0.027539527253895812
58631.50322036359,12.064644714576389,0.02745341933608046
58633.987888971926,12.046497078130159,0.02736749117865979
58636.47255758026,12.028148467145144,0.027281677999959852
58638.957226188584,12.009599498141029,0.027195911596411066
58641.44189479692,11.990850886379533,0.027110120629072545
58643.92656340525,11.971903447130117,0.027024230921168717
58646.41123201358,11.952758096917563,0.026938165766185334
58648.89590062191,11.9334158547519,0.026851846244927816
58651.38056923024,11.913877843335882,0.026765191551053297
58653.865237838574,11.894145290254372,0.026678119323763287
58656.34990644691,11.874219529136141,0.026590545986800544
58658.83457505524,11.854102000791457,0.026502387092633025
58661.31924366357,11.833794254324616,0.026413557671246975
58663.8039122719,11.813297948213702,0.0263239725821358
58666.28858088023,11.792614851361478,0.026233546869211078
58668.773249488564,11.771746844112911,0.026142196117289296
58671.2579180969,11.750695919238638,0.026049836809723514
58673.74258670523,11.729464182881259,0.025956386686507724
58676.227255313555,11.708053855463106,0.0258617651019224
58678.71192392189,11.686467272554808,0.02576589338150535
58681.19659253022,11.66470688570017,0.025668695177488633
58683.681261138554,11.642775263198516,0.025570096822379467
58686.16592974689,11.620675090841331,0.025470027680497585
58688.65059835521,11.598409172599503,0.025368420496546373
58691.135266963545,11.575980431262508,0.0252652117415772
58693.61993557188,11.553391909027539,0.025160341955815336
58696.10460418021,11.530646768031659,0.025053756087956857
58698.589272788544,11.507748290834314,0.024945403831234017
58701.07394139687,11.484699880837923,0.024835239955844288
58703.5586100052,11.461505062654496,0.0247232246378846
58706.043278613535,11.43816748241008,0.024609323784559378
58708.52794722187,11.414690907986966,0.024493509355833356
58711.0126158302,11.39107922920438,0.024375759682699512
58713.497284438534,11.367336457933405,0.024256059781727773
58715.98195304686,11.343466728143483,0.02413440166620684
58718.46662165519,11.319474295885186,0.02401078465395923
58720.951290263525,11.295363539197808,0.02388521567172315
58723.43595887186,11.271138957951166,0.023757709556147755
58725.92062748018,11.246805173611236,0.023628289351422492
58728.40529608852,11.222366928934164,0.023496986603370566
58730.88996469685,11.197829087583173,0.02336384165000127
58733.37463330518,11.173196633670898,0.02322890390813317
58735.859301913515,11.148474671223639,0.023092232155783723
58738.34397052185,11.123668423565277,0.022953894810055844
58740.82863913017,11.098783232624044,0.022813970199566144
58743.31330773851,11.073824558154982,0.022672546831194948
58745.79797634684,11.048797976884089,0.022529723649592895
58748.28264495517,11.023709181566318,0.0223856102887405
58750.7673135635,10.998563979962583,0.022240327314085706
58753.25198217183,10.97336829372918,0.02209400645347851
58755.73665078016,10.948128157225426,0.021946790814773354
58758.221319388496,10.922849716232719,0.021798835088453445
58760.70598799683,10.897539226588066,0.021650305731562073
58763.19065660516,10.872203052730356,0.021501381130916455
58765.67532521349,10.846847666159604,0.021352251741328578
58768.15999382182,10.821479643807265,0.02120312019522524
58770.64466243015,10.796105666319093,0.021054201379225427
58773.129331038486,10.770732516249964,0.02090572247229834
58775.61399964682,10.745367076168122,0.020757922940800737
58778.098668255145,10.720016326673928,0.0206110544835257
58780.58333686348,10.694687344326141,0.020465380920800816
58783.06800547181,10.669387299481855,0.02032117802055471
58785.55267408014,10.644123454049037,0.020178733253827914
58788.037342688476,10.61890315914718,0.020038345471945003
58790.5220112968,10.593733852682774,0.01990032449745452
58793.006679905135,10.568623056836614,0.01976499062048463
58795.49134851347,10.543578375463127,0.0196326739923464
58797.9760171218,10.518607491404168,0.019503713908617628
58800.46068573013,10.493718163716565,0.01937845797398716
58802.94535433846,10.468918224812995,0.019257261142428345
58805.43002294679,10.444215577520751,0.019140484626394602
58807.914691555125,10.419618192054713,0.019028494671553098
58810.39936016346,10.395134102909097,0.018921661193697682
58812.88402877179,10.370771405666531,0.018820356277944792
58815.36869738012,10.346538253726038,0.018724952541951882
58817.85336598845,10.322442854955355,0.018635821368335942
58820.33803459678,10.29849346825776,0.0185533310143643
58822.822703205115,10.274698400070193,0.01847784461074587
58825.30737181345,10.25106600078027,0.01840971806464697
58827.79204042177,10.227604661072178,0.018349297886235516
58830.276709030106,10.204322808198569,0.01829691896136769
58832.76137763844,10.181228902182653,0.018252902297209942
58835.24604624677,10.15833143195097,0.01821755276913795
58837.730714855104,10.135638911399624,0.018191156902266102
58840.21538346344,10.11315987539335,0.018173980720263775
58842.70005207176,10.090902875701644,0.018166267696878072
58845.184720680096,10.06887647687536,0.018168236844661307
58847.66938928843,10.047089252062193,0.01818008097483472
58850.15405789676,10.025549778763434,0.018201965159650148
58852.63872650509,10.004266634538908,0.018234025425278633
58855.12339511342,9.98324839265645,0.018276367699564963
58857.60806372175,9.962503617691652,0.018329067033077642
58860.092732330086,9.94204086107878,0.018392167106128884
58862.57740093842,9.921868656618898,0.018465680028643496
58865.06206954675,9.901995515939419,0.018549586432786928
58867.54673815508,9.88242992391848,0.018643835851733973
58870.03140676341,9.863180334066385,0.01874834737191478
58872.51607537174,9.844255163876028,0.018863010540773547
58875.000743980076,9.825662790137564,0.018987686506920818
58877.48541258841,9.80741154422369,0.019122209365703524
58879.970081196734,9.789509707349339,0.019266387680577524
58882.45474980507,9.771965505802441,0.019420006148700267
58884.9394184134,9.754787106161245,0.019582827378178246
58887.42408702173,9.73798261048475,0.01975459374508397
58889.908755630066,9.721560051492965,0.019935029299234908
58892.39342423839,9.705527387732658,0.020123841689328965
58894.878092846724,9.689892498731787,0.020320724080689388
58897.36276145506,9.67466318015277,0.02052535704231079
58899.84743006339,9.659847138937863,0.020737410381461045
58902.33209867172,9.645451988453033,0.020956544909515148
58904.81676728005,9.631485243641443,0.021182414124350016
58907.30143588838,9.617954316174938,0.021414665798475837
58909.786104496714,9.60486650962109,0.02165294346545185
58912.27077310505,9.592229014619825,0.021896887798815202
58914.75544171338,9.580048904075184,0.022146137882022823
58917.24011032171,9.568333128366973,0.022400332367799328
58919.72477893004,9.557088510586475,0.022659110529258644
58922.20944753837,9.546321741793108,0.022922113205391528
58924.694116146704,9.536039376305048,0.023188983644846173
58927.17878475504,9.526247827015375,0.02345936825353229
58929.66345336336,9.516953360751472,0.023732917251416064
58932.148121971695,9.50816209366564,0.024009285244620846
58934.63279058003,9.499879986671104,0.024288131719814816
58937.11745918836,9.492112840922168,0.02456912146641952
58939.602127796694,9.484866293343003,0.02485192493414275
58942.08679640503,9.478145812206343,0.025136218531000547
58944.57146501335,9.471956692769702,0.025421684868907335
58947.056133621685,9.466304052966485,0.025708012961755147
58949.54080223002,9.46119282915911,0.025994898381774146
58952.02547083835,9.45662777195841,0.02628204337916206
58954.51013944668,9.452613442105907,0.02656915696946456
58956.99480805501,9.449154206431423,0.02685595499300649
58959.47947666334,9.446254233880929,0.027142160150327145
58961.964145271675,9.44391749162083,0.027427502017014018
58964.44881388001,9.442147741225796,0.027711717041147853
58966.93348248834,9.440948534944077,0.027994548526144344
58969.41815109667,9.440323212050899,0.02827574660138701
58971.902819705,9.440274895289903,0.028555068183075474
58974.38748831333,9.44080648740809,0.02883227692714032
58976.872156921665,9.441920667778135,0.029107143175706923
58979.35682553,9.443619889127469,0.02937944389912799
58981.84149413832,9.445906374358259,0.02964896263413893
58984.326162746656,9.448782113473108,0.02991548942000221
58986.81083135499,9.452248860607064,0.030178820732895226
58989.29549996332,9.456308131165294,0.030438759419952558
58991.780168571655,9.460961199070795,0.030695114633151437
58994.26483717998,9.466209094124395,0.030947701763836488
58996.74950578831,9.472052599480968,0.03119634237847216
58999.234174396646,9.478492249240574,0.03144086415562046
59001.71884300498,9.485528326162331,0.03168110082495267
59004.20351161331,9.493160859496207,0.031916892108036166
59006.68818022164,9.50138962294077,0.03214808366146901
59009.17284882997,9.510214132727,0.03237452702239828
59011.6575174383,9.51963364582808,0.032596079556341986
59014.142186046636,9.529647158301074,0.03281260440767826
59016.62685465497,9.540253403758626,0.033023970452572556
59019.1115232633,9.551450851975225,0.03323005225462107
59021.59619187163,9.5632377076276,0.03343073002290235
59024.08086047996,9.575611909172501,0.033625889572640844
59026.56552908829,9.588571127861648,0.03381542228848333
59029.050197696626,9.60211276689843,0.03399922508997777
59031.53486630495,9.616233960733233,0.03417720039975695
59034.019534913285,9.630931574503649,0.03434925611381912
59036.50420352162,9.646202203615005,0.034515305574197123
59038.98887212995,9.662042173469676,0.034675267543876384
59041.47354073828,9.678447539338705,0.03482906618368553
59043.958209346616,9.69541408638137,0.03497663103135481
59046.44287795494,9.712937329814473,0.03511789698262607
59048.927546563275,9.731012515224663,0.03525280427398514
59051.41221517161,9.749634619035962,0.03538129846754774
59053.89688377994,9.768798349122498,0.03550333043746648
59056.381552388266,9.788498145573463,0.03561885635816417
59058.8662209966,9.808728181608508,0.03572783769400073
59061.35088960493,9.829482364642594,0.0358302411906152
59063.835558213264,9.850754337504767,0.03592603886771061
59066.3202268216,9.872537479803533,0.036015208013122954
59068.80489542993,9.894824909451224,0.03609773117829818
59071.289564038256,9.917609484328906,0.036173596175023984
59073.77423264659,9.940883804114392,0.03624279607327015
59076.25890125492,9.964640212250124,0.03630532920018569
59078.743569863254,9.988870798069748,0.036361199140140237
59081.22823847159,10.013567399071505,0.03641041473571153
59083.71290707991,10.038721603339425,0.036452990089558206
59086.197575688246,10.064324752117486,0.03648894456717516
59088.68224429658,10.090367942530534,0.036518302800331824
59091.16691290491,10.11684203045013,0.03654109469117602
59093.651581513244,10.143737633511698,0.03655735541695108
59096.13625012157,10.171045134273456,0.03656712543520611
59098.6209187299,10.198754683522296,0.036570450489391046
59101.105587338236,10.226856203721027,0.03656738161467102
59103.59025594657,10.255339392600355,0.03655797514410214
59106.0749245549,10.284193726889143,0.03654229271473781
59108.55959316323,10.313408466184747,0.036520401273681356
59111.04426177156,10.342972656962786,0.03649237308408674
59113.52893037989,10.372875136722222,0.03645828573063497
59116.013598988226,10.403104538261609,0.03641822212472248
59118.49826759656,10.433649294094906,0.03637227050873962
59120.98293620489,10.46449764099107,0.036320524459719186
59123.46760481322,10.495637624649376,0.03626308289182912
59125.95227342155,10.527057104493466,0.03620005005753431
59128.43694202988,10.558743758597466,0.036131535547284814
59130.921610638215,10.590685088731888,0.0360576542874083
59133.40627924654,10.622868425527258,0.03597852653590376
59135.890947854874,10.655280933760693,0.03589427787581913
59138.37561646321,10.687909617751458,0.03580503920596215
59140.86028507154,10.720741326875725,0.035710946728400327
59143.34495367987,10.753762761186962,0.03561214193253332
59145.829622288205,10.786960477145804,0.03550877157525324
59148.31429089653,10.820320893454166,0.035400987656551905
59150.798959504864,10.853830296991987,0.035288947390507815
59153.2836281132,10.887474848851276,0.03517281317048302
59155.76829672153,10.92124059046862,0.03505275252861285
59158.252965329855,10.955113449848682,0.03492893808852918
59160.73763393819,10.98907924787816,0.03480154751080743
59163.22230254652,11.023123704727006,0.034670763430378
59165.706971154854,11.057232446332925,0.034536773385383884
59168.19163976319,11.091391010966376,0.034399769736344836
59170.67630837152,11.125584855871296,0.034259949575118874
59173.160976979845,11.159799363979332,0.03411751462254334
59175.64564558818,11.194019850696762,0.033972671114191264
59178.13031419651,11.228231570756307,0.03382562967284242
59180.614982804844,11.262419725128495,0.033676605167097654
59183.09965141318,11.296569467997472,0.03352581655499834
59185.5843200215,11.330665913790952,0.033373486711556065
59188.068988629835,11.36469414426044,0.03321984223923675
59190.55365723817,11.398639215611169,0.033065113260379496
59193.0383258465,11.43248616567601,0.03290953319042931
59195.522994454834,11.466220021131335,0.03275333849105769
59198.00766306316,11.499825804745342,0.03259676840209705
59200.49233167149,11.5332885426659,0.032440064651309296
59202.977000279825,11.566593271730454,0.03228347114123992
59205.46166888816,11.599725046806654,0.03212723361216391
59207.94633749649,11.632668948148932,0.03197159928060316
59210.431006104816,11.665410088775388,0.031816816452498765
59212.91567471315,11.697933621859661,0.03166313411094466
59215.40034332148,11.730224748123419,0.03151080147795011
59217.885011929815,11.762268723239842,0.03136006755016857
59220.36968053815,11.794050865241104,0.031211180608833444
59222.85434914648,11.825556561913487,0.031064387703920667
59225.339017754806,11.856771278190877,0.030919934113807588
59227.82368636314,11.887680563537458,0.030778062780359012
59230.30835497147,11.918270059307446,0.03063901372183107
59232.793023579805,11.948525506095322,0.030503023424178665
59235.27769218813,11.97843275105322,0.03037032421314764
59237.76236079646,12.0079777551843,0.030241143609563606
59240.247029404796,12.037146600602611,0.03011570366994524
59242.73169801313,12.065925497757604,0.029994220316118335
59245.21636662146,12.094300792615257,0.02987690265668274
59247.701035229795,12.122258973798253,0.02976395230452019
59250.18570383812,12.14978667967523,0.029655562693998723
59252.67037244645,12.176870705395828,0.029551918402755905
59255.155041054786,12.203498009871268,0.029453194482462124
59257.63970966312,12.229655722694275,0.0293595558032944
59260.124378271445,12.255331150988923,0.02927115641773871
59262.60904687978,12.280511786198275,0.029188138948450622
59265.09371548811,12.305185310795451,0.029110634005438393
59267.57838409644,12.329339604915049,0.02903875963802874
59270.063052704776,12.352962752910841,0.028972620826508127
59272.54772131311,12.376043049820765,0.028912309018436562
59275.032389921435,12.398569007749117,0.028857901714046365
59277.51705852977,12.420529362153516,0.028809462105262407
59280.0017271381,12.441913078035029,0.02876703877226793
59282.48639574643,12.462709356031596,0.02873066544020152
59284.971064354766,12.48290763840464,0.028700360799926262
59287.45573296309,12.502497614919506,0.02867612839402994
59289.940401571424,12.521469228615928,0.02865795656988532
59292.42507017976,12.539812681460944,0.02864581850074816
59294.90973878809,12.55751843989043,0.0286396722746008
59297.39440739642,12.574577240220776,0.02863946105030955
59299.87907600475,12.590980093944992,0.02864511327979202
59302.36374461308,12.60671829289032,0.02865654299394426
59304.848413221414,12.621783414258672,0.028673650149834102
59307.33308182975,12.636167325515757,0.02869632103599271
59309.81775043808,12.649862189158867,0.02872442873170252
59312.302419046406,12.662860467332592,0.028757833616419204
59314.78708765474,12.675154926307926,0.028796383924402227
59317.27175626307,12.686738640811015,0.028839916339873206
59319.756424871404,12.697604998205449,0.028888256627406444
59322.24109347974,12.707747702519342,0.02894122029234461
59324.72576208807,12.717160778321585,0.028998613265946167
59327.210430696396,12.725838574438427,0.029060232610001943
59329.69509930473,12.733775767511474,0.029125867235403773
59332.17976791306,12.740967365391967,0.029195298630226334
59334.664436521394,12.747408710372753,0.02926830159196626
59337.14910512972,12.753095482251382,0.029344644959550133
59339.63377373805,12.758023701227273,0.029424092341119517
59342.118442346386,12.762189730622296,0.02950640283327684
59344.60311095472,12.765590279437035,0.02959133172860058
59347.08777956305,12.768222404721442,0.02967863120805969
59349.572448171384,12.770083513779184,0.029768051015842564
59352.05711677971,12.771171366186266,0.029859339113744807
59354.54178538804,12.771484075633566,0.029952242313725272
59357.026453996375,12.771020111585216,0.030046506886370845
59359.51112260471,12.769778300757494,0.0301418791445945
59361.995791213034,12.76775782840707,0.0302381060011641
59364.48045982137,12.764958239444553,0.03033493549940748
59366.9651284297,12.76137943934863,0.030432117317388742
59369.44979703803,12.757021694901766,0.030529403244378535
59371.934465646365,12.751885634734677,0.030626547630745092
59374.4191342547,12.745972249680264,0.030723307811047897
59376.903802863024,12.739282892938661,0.03081944450086158
59379.38847147136,12.731819280051596,0.030914722168184736
59381.87314007969,12.723583488686046,0.03100890938009026
59384.35780868802,12.714577958225078,0.031101779125563535
59386.842477296355,12.704805489168308,0.031193109115266533
59389.32714590468,12.694269242337668,0.03128268205957807
59391.811814513014,12.68297273789888,0.03137028592581992
59394.29648312135,12.670919854177356,0.03145571417564078
59396.78115172968,12.658114826297577,0.03153876598394426
59399.26582033801,12.644562244619706,0.03161924644015525
59401.75048894634,12.630267052989026,0.031696966733350804
59404.23515755467,12.615234546797268,0.031771744321765695
59406.719826163004,12.599470370849332,0.03184340308836454
59409.20449477134,12.582980517043467,0.03191177348304353
59411.68916337967,12.565771321859756,0.03197669265265689
59414.173831987995,12.547849463669536,0.03203800455987043
59416.65850059633,12.529221959843,0.03209556009166172
59419.14316920466,12.509896163689177,0.032149217158317554
59421.627837812994,12.489879761197699,0.03219884078395324
59424.11250642133,12.469180767604257,0.0322443031891551
59426.59717502966,12.447807523774173,0.0322854838663747
59429.081843637985,12.425768692404404,0.03232226964928319
59431.56651224632,12.403073254051264,0.032354554776127094
59434.05118085465,12.379730502974638,0.03238224094803648
59436.53584946298,12.355750042816481,0.03240523738275488
59439.02051807131,12.331141782102577,0.03242346086448069
59441.50518667964,12.305915929569352,0.03243683578991529
59443.989855287975,12.280082989336051,0.03244529421153637
59446.47452389631,12.253653755894476,0.03244877587793544
59448.95919250464,12.226639308948009,0.032447228271982556
59451.44386111297,12.199051008084837,0.03244060664703355
59453.9285297213,12.170900487292457,0.03242887406149422
59456.41319832963,12.142199649319451,0.03241200141203348
59458.897866937965,12.11296065987969,0.03238996746574669
59461.3825355463,12.083195941714138,0.03236275889126036
59463.86720415462,12.052918168498053,0.0323303702894561
59466.351872762956,12.022140258610335,0.032292804223367534
59468.83654137129,11.990875368758765,0.03225007124789858
59471.32120997962,11.959136887470777,0.032202189939145004
59473.805878587955,11.926938428445567,0.032149186923611135
59476.29054719629,11.894293823784267,0.03209109690716993
59478.77521580461,11.861217117083442,0.032027962703853406
59481.259884412946,11.827722556411402,0.0319598352646788
59483.74455302128,11.793824587164309,0.031886773705908214
59486.22922162961,11.759537844803845,0.03180884533739668
59488.713890237945,11.724877147485444,0.03172612569003466
59491.19855884627,11.689857488577431,0.03163869854302918
59493.6832274546,11.654494029075181,0.03154665594987626
59496.167896062936,11.618802089917352,0.031450098263454566
59498.65256467127,11.58279714420486,0.03134913415975593
59501.1372332796,11.546494809327683,0.03124388065938079
59503.62190188793,11.509910839005101,0.031134463147115946
59506.10657049626,11.473061115243809,0.031021015388324646
59508.59123910459,11.4359616402148,0.030903679542373764
59511.075907712926,11.39862852805868,0.03078260617128482
59513.56057632126,11.36107799661805,0.030657954244105123
59516.045244929584,11.323326359108663,0.030529891135170226
59518.52991353792,11.285390015725923,0.03039859261569173
59521.01458214625,11.247285445200063,0.0302642428376445
59523.49925075458,11.209029196293969,0.030127034308544024
59525.983919362916,11.170637879259715,0.029987167855995898
59528.46858797125,11.13212815725106,0.02984485258032809
59530.953256579574,11.093516737700355,0.02970030579424375
59533.43792518791,11.054820363659985,0.02955375294704155
59535.92259379624,11.016055805122008,0.029405427532274788
59538.40726240457,10.977239850307129,0.02925557097640995
59540.8919310129,10.938389296949055,0.029104432506565504
59543.37659962123,10.899520943552616,0.02895226899500211
59545.861268229564,10.860651580649957,0.02879934477809838
59548.3459368379,10.82179798206164,0.028645931447069114
59550.83060544623,10.782976896145229,0.0284923076082172
59553.31527405456,10.74420503706591,0.028338758609649493
59555.79994266289,10.705499076068492,0.02818557623205218
59558.28461127122,10.666875632772417,0.028033058340613315
59560.769279879554,10.628351266491109,0.027881508495274033
59563.25394848789,10.589942467574673,0.02773123551694893
59565.73861709621,10.551665648785004,0.027582553006868262
59568.223285704546,10.513537136711761,0.027435778816639406
59570.70795431288,10.475573163230706,0.027291234467204762
59573.19262292121,10.437789857005384,0.027149244514518684
59575.677291529544,10.400203235045282,0.0270101358604867
59578.16196013788,10.36282919432199,0.026874237008495123
59580.6466287462,10.32568350344178,0.026741877262934862
59583.131297354535,10.2887817943964,0.026613385872832407
59585.61596596287,10.252139554371794,0.026489091120796664
59588.1006345712,10.215772117647816,0.02636931935906919
59590.585303179534,10.179694657570863,0.026254393995305776
59593.06997178786,10.143922178614517,0.026144634431867275
59595.55464039619,10.108469508533673,0.026040354963574153
59598.039309004525,10.073351290615022,0.025941863639132937
59600.52397761286,10.038581976023664,0.025849461094264944
59603.00864622119,10.004175816260314,0.025763439363399063
59605.49331482952,9.970146855723968,0.025684080679684546
59607.97798343785,9.936508924392257,0.025611656273338942
59610.46265204618,9.90327563061713,0.02554642517893207
59612.947320654515,9.870460354047893,0.025488633063373272
59615.43198926285,9.838076238673665,0.025438511087150742
59617.916657871174,9.806136186007706,0.025396274810669934
59620.40132647951,9.774652848397267,0.025362123159137183
59622.88599508784,9.743638622481342,0.025336237457733734
59625.37066369617,9.713105642787582,0.025318780550026995
59627.855332304505,9.683065775474716,0.025309896010251125
59630.34000091284,9.65353061223567,0.02530970746050367
59632.824669521164,9.624511464342149,0.02531831800191634
59635.3093381295,9.596019356861405,0.025335809767516013
59637.79400673783,9.568065023025753,0.025362243603211317
59640.27867534616,9.540658898775021,0.02539765888096755
59642.76334395449,9.513811117462396,0.025442073446614616
59645.24801256282,9.48753150473702,0.02549548370299343
59647.732681171154,9.46182957360027,0.025557864826264046
59650.21734977949,9.43671451964164,0.02562917111239094
59652.70201838782,9.412195216457306,0.02570933644795981
59655.18668699615,9.388280211251171,0.02579827489851501
59657.67135560448,9.364977720626001,0.02589588140528049
59660.15602421281,9.342295626563072,0.02600203258099428
59662.64069282114,9.320241472596194,0.026116587593027204
59665.12536142948,9.298822460178684,0.026239389122805185
59667.6100300378,9.278045445249418,0.026370264388692718
59670.094698646135,9.257916934999216,0.02650902621992826
59672.57936725447,9.238443084837371,0.0266554741694796
59675.0640358628,9.219629695564294,0.02680939565293446
59677.54870447113,9.201482210745723,0.026970567102162637
59680.03337307947,9.184005714299857,0.027138755122483496
59682.51804168779,9.16720492828891,0.027313717642841438
59685.002710296125,9.15108421092313,0.027495205049808912
59687.48737890446,9.135647554777776,0.027682961296796038
59689.97204751279,9.120898585218683,0.027876724981302645
59692.45671612112,9.106840559048578,0.028076230383581403
59694.94138472945,9.093476363361717,0.028281208461823887
59697.42605333778,9.080808514619662,0.028491387799372235
59699.910721946115,9.068839157939493,0.028706495500877123
59702.39539055445,9.057570066603233,0.028926258034884144
59704.88005916278,9.04700264178068,0.029150402021550396
59707.364727771106,9.03713791247388,0.0293786549648016
59709.84939637944,9.027976535675819,0.029610745928696326
59712.33406498777,9.019518796751093,0.02984640615860634
59714.818733596105,9.011764610030895,0.030085369648465567
59717.30340220444,9.004713519626904,0.030327373655412836
59719.78807081276,8.998364700463945,0.030572159163486348
59722.272739421096,8.992716959526945,0.03081947129884948
59724.75740802943,8.98776873732384,0.031069059698599827
59727.24207663776,8.983518109567129,0.031320678835577015
59729.726745246095,8.979962789064459,0.031574088301968894
59732.21141385443,8.977100127826702,0.03182905305383856
59734.69608246275,8.974927119385342,0.032085343619869276
59737.180751071086,8.973440401322215,0.032342736276093444
59739.66541967942,8.972636258007086,0.03260101318969079
59742.15008828775,8.972510623541993,0.032859962534199316
59744.63475689608,8.973059084913615,0.03311937857821516
59747.11942550441,8.974276885348118,0.03337906175021028
59749.60409411274,8.976158927866358,0.03363881868129844
59752.088762721076,8.97869977904081,0.03389846222807348
59754.57343132941,8.98189367295042,0.03415781147755378
59757.05809993774,8.985734515326058,0.034416691735631826
59759.54276854607,8.990215887893783,0.034674934501166724
59762.0274371544,8.995331052905065,0.03493237742678242
59764.51210576273,9.001072957851044,0.03518886426811204
59766.996774371066,9.00743424036898,0.03544424482262914
59769.48144297939,9.014407233319204,0.03569837485926435
59771.966111587724,9.021983970049526,0.03595111604002462
59774.45078019606,9.030156189825668,0.036202335834438444
59776.93544880439,9.038915343440507,0.0364519074279593
59779.42011741272,9.048252598984348,0.03669970962493033
59781.904786021056,9.058158847785315,0.036945626747016715
59784.38945462938,9.068624710502583,0.037189548527769595
59786.874123237714,9.079640543384443,0.03743137000403424
59789.35879184605,9.091196444671702,0.03767099140446177
59791.84346045438,9.103282261154355,0.037908318036142384
59794.32812906271,9.115887594868745,0.03814326016929662
59796.81279767104,9.12900180994005,0.038375732920891935
59799.29746627937,9.142614039552932,0.0386056561372681
59801.782134887704,9.1567131930615,0.03883295427632308
59804.26680349604,9.171287963219648,0.03905755628953726
59806.75147210437,9.186326833538345,0.03927939550389146
59809.236140712695,9.201818085758127,0.039498409504456114
59811.72080932103,9.217749807431439,0.039714540017445434
59814.20547792936,9.234109899620961,0.03992773279400614
59816.690146537694,9.250886084692894,0.04013793749532922
59819.17481514603,9.268065914210652,0.0403451075788128
59821.65948375435,9.285636776925365,0.04054920018569605
59824.144152362685,9.303585906848127,0.04075017603042277
59826.62882097102,9.321900391408896,0.04094799929155204
59829.11348957935,9.340567179691568,0.04114263750474036
59831.598158187684,9.359573090741677,0.04133406145780441
59834.08282679602,9.378904821939066,0.041522245087698896
59836.56749540434,9.398548957435146,0.04170716538012744
59839.052164012675,9.418491976643153,0.041888802271294844
59841.53683262101,9.438720262780727,0.0420671385523997
59844.02150122934,9.459220111454776,0.04224215977650319
59846.50616983767,9.479977739290675,0.04241385416836048
59848.990838446,9.500979292589761,0.04258221253688808
59851.47550705433,9.522210856019178,0.04274722819054196
59853.960175662665,9.543658461321897,0.042908896855795325
59856.444844271,9.56530809604508,0.04306721659838839
59858.92951287933,9.587145712279089,0.04322218774798479
59861.41418148766,9.60915723540252,0.04337381282572145
59863.89885009599,9.63132857282735,0.04352209647512266
59866.38351870432,9.653645622737244,0.043667045396233915
59868.868187312655,9.676094282817495,0.04380866828298964
59871.35285592098,9.698660458962706,0.04394697576391443
59873.837524529314,9.721330073969717,0.044081980346284536
59876.32219313765,9.744089076193262,0.04421369636343876
59878.80686174598,9.76692344817517,0.04434213992556727
59881.29153035431,9.789819215228889,0.044467328873964936
59883.776198962645,9.812762453984014,0.04458928273829462
59886.26086757097,9.835739300874259,0.04470802269752759
59888.7455361793,9.858735960575082,0.044823571544052455
59891.23020478764,9.881738714375146,0.044935953650852484
59893.71487339597,9.904733928484028,0.04504519494215199
59896.1995420043,9.927708062265843,0.04515132286710177
59898.68421061263,9.95064767639537,0.045254366376438995
59901.16887922096,9.973539440932598,0.04535435590219277
59903.65354782929,9.996370143305775,0.04545132334038938
59906.13821643763,10.019126696205696,0.045545302036301964
59908.62288504596,10.041796145376509,0.04563632677256074
59911.10755365429,10.064365677307023,0.04572443375977041
59913.59222226262,10.086822626810363,0.04580966062940024
59916.07689087095,10.109154484494361,0.04589204642919043
59918.56155947928,10.131348904108219,0.045971631620229866
59921.046228087616,10.153393709770572,0.04604845807641184
59923.53089669594,10.175276903068571,0.0461225690852875
59926.015565304275,10.196986670025066,0.046194009350657796
59928.50023391261,10.218511387927371,0.04626282499625622
59930.98490252094,10.23983963201701,0.04632906357088971
59933.46957112927,10.260960182035362,0.046392774054154116
59935.954239737606,10.28186202861665,0.0464540068629464
59938.43890834593,10.302534379527703,0.046512813858421764
59940.923576954265,10.322966665754382,0.046569248352992
59943.4082455626,10.343148547421077,0.04662336511722066
59945.89291417093,10.363069919550043,0.046675220386542704
59948.377582779256,10.382720917646203,0.04672487186698505
59950.86225138759,10.402091923117318,0.04677237874020091
59953.34691999592,10.421173568511584,0.04681780166728939
59955.831588604255,10.439956742579739,0.04686120279076496
59958.31625721259,10.45843259515479,0.04690264573517506
59960.80092582092,10.476592541846294,0.046942195605124505
59963.285594429246,10.494428268546322,0.046979918981222196
59965.77026303758,10.511931735746117,0.04701588391304838
59968.25493164591,10.529095182656953,0.047050159909245375
59970.739600254245,10.545911131138105,0.04708281792407169
59973.22426886257,10.562372389424034,0.04711393034052996
59975.7089374709,10.578472055653464,0.04714357094935393
59978.193606079236,10.594203521193421,0.04717181492385918
59980.67827468757,10.609560473761896,0.04719873879019524
59983.1629432959,10.624536900341795,0.04722442039291382
59985.647611904235,10.639127089887673,0.047248938855321644
59988.13228051256,10.653325635824807,0.047272374534594326
59990.61694912089,10.667127438335399,0.04729480897135539
59993.101617729226,10.680527706434027,0.04731632483337758
59995.58628633756,10.693521959829923,0.04733700585334171
59998.07095494589,10.706106030575981,0.04735693676041662
60000.55562355422,10.71827606450222,0.04737620320544918
60003.04029216255,10.730028522434857,0.04739489167966369
60005.52496077088,10.741360181199575,0.047413089426722344
60008.009629379216,10.752268134408716,0.04743088434814095
60010.49429798755,10.762749793032327,0.047448364901794424
60012.97896659588,10.772802885753897,0.0474656199937052
60015.46363520421,10.782425459109035,0.04748273886295629
60017.94830381254,10.791615877409974,0.047499810959790494
60020.43297242087,10.800372822452886,0.04751692581702355
60022.917641029206,10.808695293013223,0.047534172914761676
60025.40230963753,10.816582604125266,0.047551641538673
60027.886978245864,10.82403438614988,0.04756942063190216
60030.3716468542,10.831050583629874,0.0475875986408616
60032.85631546253,10.837631453935138,0.047606263355225525
60035.34098407086,10.843777565698709,0.047625501742306744
60037.825652679196,10.84948979704452,0.047645399776283376
60040.31032128752,10.854769333609394,0.04766604226252119
60042.794989895854,10.859617666360968,0.047687512657529976
60045.27965850419,10.864036589212901,0.0477098928849357
60047.76432711252,10.868028196439557,0.04773326314802297
60050.248995720845,10.87159487989318,0.04775770173936956
60052.73366432918,10.874739326024798,0.047783284848097254
60055.21833293751,10.877464512712763,0.04781008636541707
60057.703001545844,10.879773705898476,0.047838177689129416
60060.18767015418,10.881670456037416,0.047867627527653264
60062.67233876251,10.88315859436208,0.04789850170434585
60065.157007370835,10.884242228964531,0.04793086296291827
60067.64167597917,10.884925740700268,0.047964770774447926
60070.1263445875,10.8852137789146,0.04800028114707529
60072.611013195834,10.885111256999433,0.048037446438875225
60075.09568180417,10.884623347778543,0.048076315174823143
60077.58035041249,10.88375547872959,0.04811693186859279
60080.065019020825,10.882513327043647,0.048159336850074355
60082.54968762916,10.880902814527431,0.04820356609914191
60085.03435623749,10.87893010235144,0.04824965108669647
60087.519024845824,10.876601585649091,0.04829761862362472
60090.00369345415,10.873923887969557,0.048347490718316
60092.48836206248,10.870903855588477,0.04839928444361871
60094.973030670815,10.867548551684582,0.0484530118137251
60097.45769927915,10.863865250379984,0.04850867967171884
60099.94236788748,10.85986143065465,0.04856628958840951
60102.42703649581,10.855544770136596,0.04862583777282808
60104.91170510414,10.850923138773076,0.04868731499515993
60107.39637371247,10.84600459238835,0.04875070652229304
60109.881042320805,10.840797366130499,0.04881599206655499
60112.36571092914,10.835309867815479,0.048883145747919916
60114.85037953747,10.829550671170686,0.04895213606995214
60117.3350481458,10.82352850898387,0.049022925909772544
60119.81971675413,10.817252266162377,0.049095472522169475
60122.30438536246,10.810730972709816,0.04916972755780632
60124.789053970795,10.803973796620856,0.04924563709597535
60127.27372257912,10.796990036703356,0.049323141691404226
60129.75839118745,10.789789115331875,0.04940217643528069
60132.24305979579,10.782380571137036,0.04948267103035277
60134.72772840412,10.77477405163783,0.04956454987986878
60137.21239701245,10.766979305819106,0.04964773219005554
60139.697065620785,10.759006176664041,0.049732132085854495
60142.18173422911,10.750864593642149,0.04981765873972862
60144.66640283744,10.742564565163097,0.04990421651275971
60147.151071445776,10.73411617099649,0.04999170510802568
60149.63574005411,10.725529554669524,0.05008001973547995
60152.120408662435,10.716814915840168,0.05016905128788089
60154.60507727077,10.70798250265823,0.05025868652737747
60157.0897458791,10.699042604116691,0.050348808281886565
60159.57441448743,10.690005542397643,0.05043929565097889
60162.059083095766,10.680881665221683,0.05053002422042964
60164.5437517041,10.67168133820157,0.05062086628487715
60167.028420312425,10.662414937211157,0.05071169107804547
60169.51308892076,10.653092840768132,0.05080236500963881
60171.99775752909,10.643725422443243,0.05089275190859528
60174.48242613742,10.634323043295737,0.050982713271749136
60176.967094745756,10.624896044342993,0.05107210851738334
60179.45176335408,10.615454739067893,0.05116079524309899
60181.936431962415,10.606009405971385,0.051248629487170586
60184.42110057075,10.59657028117342,0.051335465993057924
60186.90576917908,10.587147551068107,0.0514211584761185
60189.39043778741,10.577751345038067,0.05150555989230172
60191.87510639574,10.56839172823262,0.05158852270794869
60194.35977500407,10.559078694415291,0.051669899170334176
60196.844443612405,10.549822158886776,0.051749541578257494
60199.32911222074,10.540631951482915,0.05182730255246886
60201.81378082907,10.53151780966045,0.05190303530502712
60204.298449437396,10.522489371667078,0.05197659390745804
60206.78311804573,10.513556169807291,0.052047833557178624
60209.26778665406,10.504727623803475,0.052116610841637497
60211.752455262395,10.496013034258688,0.0521827839999758
60214.23712387073,10.48742157622668,0.052246213181799686
60216.72179247906,10.478962292889335,0.052306760702436145
60219.206461087386,10.47064408935178,0.05236429129476094
60221.69112969572,10.462475726552277,0.052418672357073426
60224.17579830405,10.45446581529745,0.05246977419662573
60226.660466912384,10.446622810420685,0.05251747026875889
60229.14513552071,10.438955005072128,0.052561637411237185
60231.62980412904,10.431470525141528,0.05260215607368088
60234.114472737376,10.424177323817656,0.052638910541649375
60236.59914134571,10.417083176288877,0.052671789155467885
60239.08380995404,10.410195674585246,0.052700684523334984
60241.568478562374,10.403522222570508,0.05272549372870467
60244.0531471707,10.397070031080947,0.052746118531764336
60246.53781577903,10.390846113217258,0.052762465564705104
60249.022484387366,10.384857279795664,0.05277444652078333
60251.5071529957,10.379110134951379,0.05278197833706666
60253.991821604024,10.373611071907433,0.05278498337042611
60256.47649021236,10.368366268905461,0.05278338956718465
60258.96115882069,10.363381685300087,0.05277713062563443
60261.44582742902,10.358663057824756,0.052766146151892006
60263.930496037356,10.354215897024034,0.05275038180856972
60266.41516464569,10.350045483859585,0.0527297894563395
60268.899833254014,10.346156866488268,0.05270432728814912
60271.38450186235,10.34255485721722,0.05267395995610244
60273.86917047068,10.339244029632859,0.052638658690690204
60276.35383907901,10.336228715911744,0.05259840141243759
60278.838507687346,10.33351300430736,0.05255317283556777
60281.32317629567,10.331100736819078,0.05250296456393414
60283.807844904004,10.328995507042006,0.05244777517851342
60286.29251351234,10.327200658199914,0.05238761031686245
60288.77718212067,10.3257192813604,0.052322482743955796
60291.261850729,10.324554213832997,0.052252412414467105
60293.74651933733,10.323708037754567,0.05217742652611761
60296.23118794566,10.323183078854505,0.05209755956397343
60298.715856553994,10.322981405407504,0.0520128533356083
60301.20052516233,10.32310482737109,0.05192335699655414
60303.68519377066,10.32355489570553,0.05182912706614316
60306.169862378985,10.324332901879515,0.05173022743327176
60308.65453098732,10.32543987756015,0.05162672935193914
60311.13919959565,10.326876594485206,0.05151871142608324
60313.623868203984,10.328643564518714,0.05140625958370514
60316.10853681232,10.330741039888686,0.051289467039593674
60318.59320542065,10.333169013606302,0.05116843424666895
60321.077874028975,10.335927220064388,0.05104326883534287
60323.56254263731,10.339015135816723,0.050914085540644846
60326.04721124564,10.34243198053123,0.050781006116708056
60328.531879853974,10.346176718126255,0.050644159238191544
60331.0165484623,10.350248058074005,0.05050368038844938
60333.50121707063,10.354644456884586,0.050359711733528094
60335.985885678965,10.359364119755064,0.05021240198231485
60338.4705542873,10.364405002394221,0.05006190623166819
60340.95522289563,10.369764813010207,0.049908385796644986
60343.439891503964,10.375441014466116,0.0497520080252303
60345.92456011229,10.381430826600791,0.049592946096958405
60348.40922872062,10.387731228706834,0.0494313788054018
60350.893897328955,10.394338962170146,0.04926749032384363
60353.37856593729,10.401250533265895,0.04910146995380728
60355.86323454561,10.40846221610687,0.04893351185626445
60358.34790315395,10.415970055743749,0.0487638147650004
60360.83257176228,10.423769871413313,0.048592581681988004
60363.31724037061,10.431857259931235,0.04842001955456268
60365.801908978945,10.440227599229772,0.048246338934080285
60368.28657758728,10.448876052031714,0.04807175361615167
60370.7712461956,10.457797569661707,0.04789648026229012
60373.255914803936,10.466986895991965,0.04772073800293536
60375.74058341227,10.476438571513881,0.0475447480223687
60378.2252520206,10.486146937540973,0.047368733125288214
60380.709920628935,10.496106140529257,0.04719291728564748
60383.19458923726,10.506310136521378,0.04701752517820602
60385.67925784559,10.51675269570351,0.04684278169356376
60388.163926453926,10.527427407074505,0.04666891143687244
60390.64859506226,10.53832768322561,0.04649613821189596
60393.13326367059,10.5494467652222,0.04632468449078551
60395.61793227892,10.56077772758622,0.046154770871235845
60398.10260088725,10.572313483377208,0.045986615522091295
60400.58726949558,10.5840467893644,0.04582043361925081
60403.071938103916,10.595970251289245,0.04565643677333811
60405.55660671225,10.608076329210682,0.04549483245118156
60408.041275320575,10.620357342933517,0.04533582339305652
60410.52594392891,10.632805477511013,0.0451796070282373
60413.01061253724,10.645412788823563,0.04502637489074017
60415.49528114557,10.658171209220768,0.0448763120382621
60417.979949753906,10.671072553232761,0.04472959647692889
60420.46461836224,10.684108523338374,0.04458639859422654
60422.949286970565,10.69727071579031,0.04444688060370375
60425.4339555789,10.710550626492072,0.0443111960038336
60427.91862418723,10.723939656918894,0.04417948905444375
60430.40329279556,10.737429120089764,0.044051894273580416
60432.88796140389,10.751010246567951,0.043928535957869295
60435.37263001222,10.76467419050445,0.0438095277294888
60437.857298620555,10.778412035706282,0.04369497211285046
60440.34196722889,10.792214801733884,0.04358496014322474
60442.82663583722,10.806073450019056,0.04347957101104292
60445.31130444555,10.819978889999646,0.04337887174336501
60447.79597305388,10.833921985269527,0.043282916925589984
60450.28064166221,10.847893559735198,0.04319174846540368
60452.765310270544,10.861884403778987,0.04310539540045652
60455.24997887888,10.875885280421606,0.04302387375188416
60457.7346474872,10.889886931482494,0.04294718642444365
60460.219316095536,10.90388008373069,0.042875323154584276
60462.70398470387,10.917855455025943,0.04280826050684404
60465.1886533122,10.931803760442527,0.04274596191877664
60467.673321920534,10.945715718373613,0.04268837779447949
60470.15799052887,10.959582056612504,0.0426354456460697
60472.64265913719,10.973393518404173,0.04258709028228693
60475.127327745526,10.987140868467229,0.042543224043223575
60477.61199635386,11.000814898978255,0.04250374707941481
60480.09666496219,11.014406435519675,0.0424685476737713
60482.581333570524,11.027906342981282,0.042437502603892875
60485.06600217885,11.041305531414878,0.04241047754281577
60487.55067078718,11.054594961841957,0.0423873274952423
60490.035339395516,11.067765652004475,0.042367897266721743
60492.52000800385,11.080808682056649,0.04235202196266075
60495.00467661218,11.093715200198773,0.042339527514203446
60497.48934522051,11.106476428244989,0.04233023122782929
60499.97401382884,11.119083667123427,0.04232394235520541
60502.45868243717,11.131528302301739,0.04232046268040408
60504.943351045506,11.143801809147078,0.042319587120969934
60507.42801965384,11.15589575819623,0.04232110433973703
60509.912688262164,11.167801820356544,0.04232479736427508
60512.3973568705,11.179511772017364,0.042330444210861365
60514.88202547883,11.19101750007173,0.04233781851015229
60517.36669408716,11.202311006859702,0.04234669013178798
60519.851362695495,11.213384415006601,0.04235682580508033
60522.33603130383,11.224229972175849,0.04236798973375647
60524.820699912154,11.234840055720369,0.04237994420203521
60527.30536852049,11.2452071772342,0.04239245017025947
60529.79003712882,11.255323987002896,0.042405267858176776
60532.27470573715,11.265183278347031,0.042418157313867735
60534.75937434548,11.274777991863232,0.04243087896733078
60537.24404295381,11.284101219549733,0.0424431941669858
60539.728711562144,11.293146208826627,0.04245486569819377
60542.21338017048,11.30190636643907,0.04246565828277547
60544.69804877881,11.31037526224678,0.04247533905881228
60547.18271738714,11.318546632896314,0.04248367804015722
60549.66738599547,11.32641438537457,0.04249044855504659
60552.1520546038,11.333972600442436,0.04249542766375867
60554.636723212134,11.341215535945985,0.042498396554937326
60557.12139182047,11.34813763000399,0.042499140920667644
60559.60606042879,11.35473350407181,0.04249745131027007
60562.090729037125,11.360997965878497,0.0424931234630625
60564.57539764546,11.366926012236235,0.042485958620247705
60567.06006625379,11.372512831723284,0.04247576381635427
60569.544734862124,11.377753807234953,0.04246235215049021
60572.02940347046,11.382644518407716,0.04244554303799598
60574.51407207878,11.387180743908502,0.042425162442904764
60576.998740687115,11.391358463595395,0.042401043091717085
60579.48340929545,11.395173860543906,0.042373024669210044
60581.96807790378,11.39862332294247,0.042340953996638814
60584.452746512114,11.401703445851055,0.042304685193185795
60586.93741512044,11.404411032830382,0.042264079821011234
60589.42208372877,11.406743097432269,0.04221900701483734
60591.906752337105,11.408696864560739,0.042169343596344666
60594.39142094544,11.410269771694104,0.04211497417433146
60596.87608955377,11.411459469975384,0.04205579123104892
60599.360758162096,11.41226382516929,0.041991695195335056
60601.84542677043,11.412680918480874,0.041922594503205145
60604.33009537876,11.412709047244533,0.041848405646514215
60606.814763987095,11.412346725477846,0.04176905321009706
60609.29943259543,11.411592684300146,0.04168446989811327
60611.78410120375,11.410445872222837,0.04159459654995653
60614.268769812086,11.408905455302786,0.0414993821464377
60616.75343842042,11.40697081716668,0.04139878380647373
60619.23810702875,11.404641558905027,0.04129276677500482
60621.722775637085,11.40191749883337,0.04118130440237172
60624.20744424542,11.398798672127313,0.041064378115744433
60626.69211285374,11.395285330329187,0.040941977382854516
60629.176781462076,11.391377940722435,0.04081409966852813
60631.66145007041,11.387077185587273,0.0406807503842917
60634.14611867874,11.382383961327378,0.04054194283147291
60636.63078728707,11.37729937747099,0.04039769813798723
60639.1154558954,11.371824755554314,0.04024804518926725
60641.60012450373,11.365961627879244,0.040093020553415966
60644.084793112066,11.359711736154253,0.03993266840097209
60646.5694617204,11.353077030016067,0.039767040419539774
60649.05413032873,11.346059665434325,0.03959619572331043
60651.53879893706,11.338662003001772,0.03942020075787399
60654.02346754539,11.330886606110596,0.039239129200359144
60656.50813615372,11.322736239015754,0.03905306185511746
60658.992804762056,11.314213864793771,0.03886208654498288
60661.47747337038,11.305322643183558,0.038666297998359286
60663.962141978714,11.29606592833261,0.03846579773211396
60666.44681058705,11.286447266427615,0.038260693930256794
60668.93147919538,11.276470393232998,0.03805110131880983
60671.41614780371,11.266139231520896,0.03783714103627038
60673.900816412046,11.255457888406866,0.037618940500377764
60676.38548502037,11.24443065259102,0.0373966332704965
60678.870153628704,11.233061991497593,0.037170358906128485
60681.35482223704,11.221356548335095,0.03694026282102306
60683.83949084537,11.209319139053605,0.03670649613303416
60686.3241594537,11.19695474922257,0.03646921550960031
60688.80882806203,11.1842685308238,0.03622858300851242
60691.29349667036,11.171265798955574,0.03598476591399421
60693.778165278694,11.157952028465203,0.035737936567823494
60696.26283388703,11.144332850493825,0.03548827219508781
60698.74750249536,11.130414048954705,0.03523595472456533
60701.232171103686,11.116201556932324,0.03498117060340448
60703.71683971202,11.101701453011245,0.034724110605379346
60706.20150832035,11.086919957542264,0.034464969633066986
60708.686176928684,11.071863428834519,0.03420394651297174
60711.17084553702,11.056538359292333,0.03394124378339149
60713.65551414534,11.040951371484937,0.033677067474658144
60716.140182753676,11.025109214162924,0.03341162688129672
60718.62485136201,11.009018758216044,0.03314513432546729
60721.10951997034,10.992686992581156,0.03287780491133139
60723.594188578674,10.976121020096798,0.032609856269865685
60726.07885718701,10.95932805331114,0.032341508293464855
60728.56352579533,10.942315410245556,0.032072982859885545
60731.048194403666,10.925090510115965,0.031804503545194755
60733.532863012,10.907660869012219,0.03153629532458538
60736.01753162033,10.890034095542902,0.03126858426160436
60738.50220022866,10.872217886443764,0.031001597184308758
60740.98686883699,10.854220022155403,0.030735561348455852
60743.47153744532,10.836048362369965,0.030470704087229426
60745.956206053655,10.81771084155342,0.03020725244740719
60748.44087466199,10.799215464442554,0.029945432811245384
60750.92554327032,10.780570301519234,0.02968547050442949
60753.41021187865,10.761783484469404,0.029427589389819046
60755.89488048698,10.742863201621503,0.029172011447101926
60758.37954909531,10.723817693375935,0.028918956338806905
60760.864217703645,10.70465524761849,0.028668640962667823
60763.34888631197,10.685384195129885,0.02842127899144061
60765.833554920304,10.666012904985195,0.028177080400583473
60768.31822352864,10.646549779956075,0.027936250984908272
60770.80289213697,10.627003251903886,0.027698991865604646
60773.2875607453,10.607381777182326,0.027465498988981922
60775.772229353635,10.58769383203807,0.027235962618508514
60778.25689796196,10.567947908023939,0.027010566822602732
60780.741566570294,10.548152507415466,0.026789488960050702
60783.22623517863,10.528316138643618,0.02657289916571019
60785.71090378696,10.508447311739815,0.026360959839391972
60788.19557239529,10.48855453379511,0.026153825140865235
60790.68024100362,10.468646304444434,0.025951640494479514
60793.16490961195,10.448731111362605,0.025754542106348435
60795.649578220284,10.428817425793454,0.025562656498675992
60798.13424682862,10.408913698099298,0.025376100064060225
60800.61891543695,10.389028353338176,0.025194978644439047
60803.103584045275,10.369169786874124,0.025019387138107883
60805.58825265361,10.349346360016767,0.02484940913918934
60808.07292126194,10.329566395700112,0.024685116612736424
60810.557589870274,10.309838174192038,0.024526569610243805
60813.04225847861,10.29016992884857,0.02437381602798317
60815.52692708693,10.270569841904774,0.024226891412097468
60818.011595695265,10.251046040313383,0.024085818813234655
60820.4962643036,10.231606591620277,0.023950608692924872
60822.98093291193,10.212259499898778,0.023821258884480886
60825.46560152026,10.193012701722552,0.02369775460889349
60827.9502701286,10.173874062193619,0.023580068547918984
60830.43493873692,10.154851371026211,0.023468160973898786
60832.919607345255,10.135952338678436,0.023361979936419187
60835.40427595359,10.117184592546067,0.023261461505382497
60837.88894456192,10.098555673212246,0.023166530068268135
60840.373613170246,10.08007303075749,0.023077098680498686
60842.85828177858,10.061744021131915,0.022993069465659044
60845.34295038691,10.04357590258806,0.0229143340629052
60847.827618995245,10.025575832184813,0.022840774117849866
60850.31228760358,10.007750862349809,0.022772261812580307
60852.79695621191,9.990107937514978,0.022708660431339053
60855.281624820236,9.972653890822272,0.02264982495626934
60857.76629342857,9.95539544089499,0.022595602688967455
60860.2509620369,9.938339188688389,0.02254583389288828
60862.735630645235,9.921491614407472,0.02250035245108679
60865.22029925356,9.904859074505566,0.022458986535088682
60867.70496786189,9.888447798753617,0.022421559279228533
60870.189636470226,9.872263887392364,0.022387889456072715
60872.67430507856,9.856313308357926,0.022357792148686894
60875.15897368689,9.840601894594073,0.022331079414763436
60877.643642295225,9.825135341436521,0.022307560939306283
60880.12831090355,9.809919204086867,0.0222870446721378
60882.61297951188,9.794958895166644,0.0222693374465907
60885.097648120216,9.780259682354313,0.022254245577192404
60887.58231672855,9.765826686109762,0.02224157543331259
60890.06698533688,9.751664877480863,0.02223113398691449
60892.55165394521,9.737779076001488,0.022222729333197522
60895.03632255354,9.724173947671517,0.022216171181805307
60897.52099116187,9.710854003030931,0.022211271318796195
60900.005659770206,9.697823595315299,0.02220784403803446
60902.49032837854,9.685086918709004,0.02220570654211173
60904.974996986864,9.672648006682635,0.022204679312525854
60907.4596655952,9.660510730421663,0.02220458644988931
60909.94433420353,9.648678797349163,0.022205255983974527
60912.42900281186,9.637155749737587,0.022206520154968
60914.913671420196,9.625944963414412,0.022208215666537797
60917.39834002852,9.615049646555804,0.02221018391168263
60919.883008636854,9.604472838579284,0.022212271172632265
60922.36767724519,9.594217409125292,0.022214328796259418
60924.85234585352,9.584286057132374,0.022216213345800376
60927.33701446185,9.574681310006895,0.022217786730798692
60929.821683070186,9.565405522884419,0.0222189163165189
60932.30635167851,9.55646087798695,0.022219475014047353
60934.791020286844,9.54784938407201,0.022219341352756015
60937.27568889518,9.5395728759772,0.022218399536573216
60939.76035750351,9.531633014255249,0.02221653948515917
60942.245026111836,9.524031284905789,0.0222136568616048
60944.72969472017,9.5167689991994,0.022209653088115174
60947.2143633285,9.50984729359186,0.02220443535020233
60949.699031936834,9.503267129739129,0.02219791659169899
60952.18370054517,9.497029294594967,0.022190015500818457
60954.6683691535,9.491134400608416,0.022180656488727368
60957.153037761826,9.485582886007734,0.02216976966177757
60959.63770637016,9.48037501518533,0.02215729078812831
60962.12237497849,9.475510879159117,0.022143161259730725
60964.607043586824,9.470990396137353,0.022127328050627438
60967.09171219515,9.466813312166892,0.022109743672206753
60969.57638080348,9.462979201875385,0.022090366126138062
60972.061049411815,9.459487469295283,0.022069158855719966
60974.54571802015,9.45633734878436,0.022046090696229568
60977.03038662848,9.453527906027603,0.022021135824566707
60979.515055236814,9.451058039127076,0.0219942737090021
60981.99972384514,9.448926479781733,0.021965489059429674
60984.48439245347,9.447131794544447,0.021934771777880644
60986.969061061805,9.445672386171793,0.02190211691061336
60989.45372967014,9.444546495049224,0.021867524601042295
60991.93839827847,9.44375220070441,0.021831000044446807
60994.4230668868,9.443287423399056,0.021792553444148283
60996.90773549513,9.443149925800725,0.021752199969446603
60999.39240410346,9.443337314735317,0.02170995971534255
61001.877072711795,9.443847043014785,0.021665857663975215
61004.36174132013,9.444676411345341,0.021619923647841096
61006.846409928454,9.445822570308877,0.021572192314691353
61009.33107853679,9.44728252241788,0.021522703093625015
61011.81574714512,9.44905312424686,0.021471500162858564
61014.30041575345,9.451131088629694,0.0214186324180525
61016.785084361785,9.453512986936346,0.021364153441792072
61019.26975297011,9.456195251408218,0.02130812147311785
61021.754421578444,9.459174177569082,0.021250599377272406
61024.23909018678,9.46244592669899,0.021191654614573504
61026.72375879511,9.466006528372247,0.02113135920884789
61029.20842740344,9.469851883059903,0.021069789713646554
61031.693096011775,9.473977764792693,0.021007027176971983
61034.1777646201,9.4783798238864,0.020943157102512214
61036.662433228434,9.483053589722658,0.02087826940779455
61039.14710183677,9.487994473585275,0.020812458377665204
61041.6317704451,9.493197771559863,0.020745822612760326
61044.116439053425,9.498658667476889,0.020678464971892505
61046.60110766176,9.504372235908647,0.020610492507284126
61049.08577627009,9.510333445225996,0.02054201639206444
61051.57044487842,9.516537160686198,0.020473151838522052
61054.05511348676,9.52297814758046,0.02040401800648411
61056.53978209509,9.52965107442435,0.020334737900374468
61059.024450703415,9.536550516182785,0.020265438254043363
61061.50911931175,9.54367095754617,0.02019624940234678
61063.99378792008,9.551006796235157,0.02012730513773521
61066.47845652841,9.558552346355214,0.02005874255156177
61068.96312513674,9.566301841772912,0.019990701858294074
61071.44779374507,9.574249439531059,0.019923326201862258
61073.932462353405,9.582389223300112,0.019856761442974748
61076.41713096174,9.590715206849978,0.01979115592648355
61078.90179957007,9.599221337553473,0.019726660228029005
61081.3864681784,9.607901499913595,0.019663426878734458
61083.87113678673,9.616749519117121,0.019601610067723065
61086.35580539506,9.625759164604489,0.019541365322049024
61088.840474003395,9.634924153661899,0.019482849163053335
61091.32514261173,9.644238155028773,0.019426218739896396
61093.80981122006,9.653694792521208,0.019371631439600953
61096.294479828386,9.663287648668529,0.019319244474672544
61098.77914843672,9.673010268359633,0.019269214448237176
61101.26381704505,9.682856162496506,0.019221696898327808
61103.748485653385,9.692818811660118,0.01917684582199515
61106.23315426172,9.702891669772356,0.019134813181317944
61108.71782287004,9.71306816776837,0.019095748392758415
61111.202491478376,9.723341717264418,0.019059797802641595
61113.68716008671,9.733705714222765,0.019027104151106592
61116.17182869504,9.74415354261933,0.018997806027166757
61118.656497303375,9.75467857809764,0.018972037318880582
61121.1411659117,9.765274191620222,0.018949926661663504
61123.62583452003,9.775933753106841,0.018931596888498436
61126.110503128366,9.786650635059573,0.018917164486327305
61128.5951717367,9.797418216179892,0.018906739062830132
61131.07984034503,9.808229884959246,0.01890042282757435
61133.564508953365,9.819079043260388,0.01889831009242493
61136.04917756169,9.829959109873982,0.018900486794859395
61138.53384617002,9.840863524052992,0.018907030049140863
61141.018514778356,9.85178574902281,0.01891800772906937
61143.50318338669,9.862719275463888,0.018933478086126106
61145.987851995014,9.873657624969638,0.018953489407071877
61148.47252060335,9.884594353467548,0.018978079713304705
61150.95718921168,9.8955230546147,0.01900727650598099
61153.44185782001,9.906437363153515,0.019041096558041835
61155.926526428346,9.917330958235851,0.019079545755861
61158.41119503668,9.928197566700334,0.019122618990996324
61160.895863645004,9.939030966324793,0.019170300103468436
61163.38053225334,9.94982498902209,0.019222561875959412
61165.86520086167,9.96057352399697,0.019279366079248392
61168.34986947,9.97127052086492,0.019340663566772318
61170.83453807833,9.981909992709092,0.019406394418002196
61173.31920668666,9.992486019105314,0.019476488127661087
61175.803875294994,10.00299274907934,0.019550863838680974
61178.28854390333,10.013424404026495,0.019629430615780815
61180.77321251166,10.023775280568799,0.019712087757148306
61183.25788111999,10.034039753357916,0.019798725139477624
61185.74254972832,10.044212277823618,0.019889223594030947
61188.22721833665,10.05428739286154,0.019983455309112715
61190.711886944984,10.064259723458292,0.020081284255317525
61193.19655555332,10.074123983263945,0.020182566629798497
61195.68122416165,10.08387497708668,0.02028715131544531
61198.165892769975,10.093507603339248,0.020394880351672987
61200.65056137831,10.103016856407947,0.020505589412879298
61203.13522998664,10.112397828959558,0.020619108291376583
61205.619898594974,10.121645714178783,0.020735261381791676
61208.10456720331,10.130755807936197,0.02085386816356706
61210.58923581163,10.139723510884266,0.020974743679799585
61213.073904419965,10.14854433048663,0.021097699008708334
61215.5585730283,10.157213882965664,0.02122254172724228
61218.04324163663,10.165727895183352,0.021349076363651086
61220.527910244964,10.174082206445888,0.0214771048384825
61223.01257885329,10.18227277022703,0.021606426891956423
61225.49724746162,10.19029565582477,0.02173684049733436
61227.981916069955,10.198147049928451,0.021868142259273065
61230.46658467829,10.20582325811634,0.022000127796402893
61232.95125328662,10.213320706271503,0.022132592108087257
61235.435921894954,10.220635941914935,0.0222653299251482
61237.92059050328,10.22776563546077,0.02239813604429189
61240.40525911161,10.234706581392572,0.02253080564669418
61242.889927719945,10.241455699351008,0.02266313460078498
61245.37459632828,10.248010035146422,0.022794919749691236
61247.859264936604,10.254366761684793,0.02292595918366946
61250.34393354494,10.260523179812196,0.023056052498173985
61252.82860215327,10.26647671907449,0.023185001038054136
61255.3132707616,10.272224938395368,0.023312608128575697
61257.797939369935,10.277765526668048,0.023438679293757484
61260.28260797827,10.283096303265978,0.02356302246279151
61262.767276586594,10.288215218465751,0.02368544816517374
61265.25194519493,10.29312035378976,0.023805769715415773
61267.73661380326,10.297809922259205,0.023923803387580277
61270.22128241159,10.302282268570565,0.024039368580709868
61272.70595101992,10.306535869180294,0.024152287975690297
61275.19061962825,10.310569332310564,0.024262387683906612
61277.67528823658,10.314381397868601,0.024369497388799344
61280.15995684492,10.317970937284542,0.024473450480281597
61282.64462545325,10.321336953263227,0.024574084183325146
61285.12929406158,10.324478579457463,0.024671239680316998
61287.61396266991,10.327395080056078,0.024764762228582753
61290.09863127824,10.330085849288977,0.024854501272974325
61292.58329988657,10.332550410853514,0.02494031055432683
61295.06796849491,10.334788417259105,0.025022048213729404
61297.55263710324,10.336799649091247,0.025099576893631927
61300.037305711565,10.338584014197068,0.02517276383569286
61302.5219743199,10.340141546790349,0.02524148097593028
61305.00664292823,10.341472406480577,0.025305605037454503
61307.49131153656,10.342576877224587,0.025365017621106947
61309.975980144896,10.343455366200331,0.025419605294323796
61312.46064875322,10.344108402607105,0.025469259678522854
61314.945317361555,10.344536636391908,0.025513877535132727
61317.42998596989,10.344740836900598,0.025553360850879524
61319.91465457822,10.344721891459017,0.025587616922213015
61322.39932318655,10.344480803880728,0.02561655843922665
61324.88399179488,10.344018692907142,0.025640103569484003
61327.36866040321,10.343336790579613,0.02565817604176583
61329.853329011545,10.3424364405397,0.02567070523002855
61332.33799761988,10.341319096269856,0.025677626237948618
61334.82266622821,10.339986319262493,0.025678879983998416
61337.30733483654,10.338439777134454,0.025674413287625694
61339.79200344487,10.33668124166914,0.025664178956445294
61342.2766720532,10.334712586807157,0.02564813587495982
61344.761340661535,10.332535786574013,0.025626249094787425
61347.24600926987,10.330152912950723,0.02559848992704713
61349.73067787819,10.327566133689643,0.025564836036523052
61352.215346486526,10.324777710075608,0.025525271538671863
61354.70001509486,10.321789994635125,0.02547978709904362
61357.18468370319,10.318605428795323,0.025428380035888924
61359.669352311525,10.315226540490556,0.02537105442590862
61362.15402091986,10.311655941727295,0.025307821213812698
61364.63868952818,10.30789632609968,0.025238698325684282
61367.123358136516,10.3039504662611,0.02516371078657438
61369.60802674485,10.299821211359017,0.025082890843007032
61372.09269535318,10.2955114844207,0.024996278090072255
61374.57736396151,10.291024279711934,0.024903919604201134
61377.06203256984,10.286362660050074,0.02480587008142436
61379.54670117817,10.281529754088183,0.024702191982001694
61382.031369786506,10.276528753567035,0.02459295568122413
61384.51603839484,10.271362910534364,0.024478239627404186
61387.00070700317,10.266035534536215,0.024358130506787246
61389.4853756115,10.260549989784238,0.024232723416424972
61391.97004421983,10.254909692297218,0.024102122044618875
61394.45471282816,10.249118107021289,0.02396643885995985
61396.939381436496,10.24317874492651,0.0238257953087335
61399.42405004482,10.237095160091997,0.023680322021093866
61401.908718653154,10.230870946770466,0.023530159026232206
61404.39338726149,10.224509736437398,0.023375455976520493
61406.87805586982,10.218015194834791,0.023216372380586804
61409.36272447815,10.211391018998256,0.023053077845376937
61411.847393086486,10.204640934280206,0.022885752326493338
61414.33206169482,10.197768691367983,0.022714586386906533
61416.816730303144,10.190778063296065,0.02253978146258631
61419.30139891148,10.183672842460581,0.022361550134827414
61421.78606751981,10.176456837629019,0.02218011640735191
61424.27073612814,10.169133870959698,0.021995715987093798
61426.75540473647,10.161707775021156,0.021808596565995594
61429.2400733448,10.15418238981951,0.021619018101824292
61431.724741953134,10.14656155983839,0.021427253094377097
61434.20941056147,10.138849131084243,0.021233586853759912
61436.6940791698,10.131048948150578,0.02103831775589724
61439.17874777813,10.123164851293154,0.02084175747998022
61441.66341638646,10.115200673525749,0.02064423122205189
61444.14808499479,10.107160237733396,0.020446077876800514
61446.632753603124,10.099047353806569,0.020247650180122607
61449.11742221146,10.09086581580263,0.020049314802089227
61451.60209081978,10.082619399125562,0.01985145238034852
61454.086759428115,10.074311857739389,0.019654457481728758
61456.57142803645,10.065946921408198,0.01945873847838866
61459.05609664478,10.05752829296658,0.01926471732460257
61461.540765253114,10.049059645624439,0.019072829217963584
61464.02543386145,10.040544620305269,0.018883522127966738
61466.51010246977,10.031986823022436,0.018697256174907844
61468.994771078105,10.02338982229169,0.01851450283988211
61471.47943968644,10.014757146586788,0.01833574398806883
61473.96410829477,10.006092281834299,0.01816147068692527
61476.4487769031,9.99739866895247,0.017992181802219225
61478.93344551143,9.988679701437889,0.017828382356521177
61481.41811411976,9.979938722994547,0.017670581637571674
61483.902782728095,9.9711790252167,0.01751929104802758
61486.38745133643,9.962403845315322,0.017375021692030968
61488.87211994476,9.953616363902995,0.01723828170115276
61491.356788553094,9.944819702826408,0.017109573308300416
61493.84145716142,9.93601692305566,0.01698938968756677
61496.32612576975,9.927211022629677,0.01687821158567838
61498.810794378085,9.918404934657318,0.01677650378155975
61501.29546298641,9.909601525380225,0.016684711419486235
61503.78013159474,9.900803592290728,0.016603256271378732
61506.26480020308,9.89201386231447,0.016532532992232323
61508.74946881141,9.883234990054333,0.016472905440431857
61511.23413741974,9.874469556097523,0.0164247031397152
61513.718806028075,9.865720065387166,0.01638821796223508
61516.20347463641,9.85698894565843,0.016363701112706658
61518.68814324473,9.848278545944254,0.016351360489270668
61521.17281185307,9.83959113514473,0.016351358490078016
61523.6574804614,9.830928900667445,0.016363810324480543
61526.14214906973,9.822293947135762,0.016388782874600414
61528.62681767806,9.813688295167921,0.016426294137100093
61531.11148628639,9.805113880226614,0.016476313258297084
61533.59615489472,9.796572551539342,0.016538761158118198
61536.080823503056,9.788066071093127,0.01661351172111533
61538.56549211139,9.77959611269796,0.01670039351578708
61541.05016071972,9.771164261127694,0.01679919199082883
61543.53482932805,9.762772011332757,0.01690965208464463
61546.01949793638,9.754420767726344,0.01703148117619803
61548.50416654471,9.746111843546274,0.017164352301363858
61550.988835153046,9.737846460291877,0.017307907556405974
61553.47350376137,9.729625747235104,0.017461761612701028
61555.958172369705,9.72145074100753,0.01762550527025339
61558.44284097804,9.713322385263055,0.017798708984323525
61560.92750958637,9.705241530415705,0.0179809263077329
61563.4121781947,9.69720893345395,0.01817169719968625
61565.896846803036,9.689225257829548,0.018370551161649422
61568.38151541136,9.68129107342358,0.018577010170158142
61570.866184019695,9.673406856586325,0.018790591385618408
61573.35085262803,9.665572990253324,0.019010809623440955
61575.83552123636,9.657789764138066,0.019237179582267526
61578.320189844686,9.650057374994745,0.01946921782922128
61580.80485845302,9.642375926962885,0.019706444548086854
61583.28952706135,9.634745431978821,0.01994838505929272
61585.774195669685,9.62716581026637,0.02019457112526074
61588.25886427802,9.619636890896636,0.020444542054791005
61590.74353288635,9.612158412424158,0.020697845623294967
61593.22820149468,9.604730023592218,0.02095403882535905
61595.71287010301,9.59735128411112,0.02121268847664304
61598.19753871134,9.590021665506555,0.021473371681605156
61600.682207319674,9.58274055203902,0.02173567618303583
61603.166875928,9.575507241690644,0.02199920060877134
61605.65154453633,9.56832094722246,0.022263554629170228
61608.136213144666,9.5611807972967,0.02252835903894351
61610.620881753,9.55408583766858,0.022793245774614317
61613.10555036133,9.547035032440142,0.023057857878455327
61615.590218969664,9.540027265381369,0.023321849418330945
61618.074887578,9.533061341313783,0.023584885372065576
61620.55955618632,9.526135987554987,0.023846641483083676
61623.044224794656,9.51924985542616,0.024106804094635007
61625.52889340299,9.51240152181851,0.02436506996731288
61628.01356201132,9.505589490817336,0.024621146085100905
61630.49823061965,9.49881219538561,0.024874749453910806
61632.98289922798,9.492067999099923,0.025125606895731768
61635.46756783631,9.485355197945559,0.02537345484185183
61637.952236444646,9.478672022159124,0.02561803912681853
61640.43690505298,9.472016638127599,0.02585911478547034
61642.92157366131,9.465387150334365,0.02609644585458312
61645.40624226964,9.458781603354936,0.02632980518045871
61647.89091087797,9.452197983898557,0.02655897423282671
61650.3755794863,9.445634222896722,0.026783742926740364
61652.860248094636,9.43908819763351,0.02700390945228131
61655.34491670296,9.432557733918685,0.027219280112760733
61657.829585311294,9.426040608300646,0.02742966917139555
61660.31425391963,9.419534550318446,0.0276348987070474
61662.79892252796,9.413037244789152,0.027834798478593346
61665.28359113629,9.406546334131647,0.028029205798070618
61667.768259744626,9.400059420721455,0.028217965412482646
61670.25292835295,9.393574069278763,0.028400929394126067
61672.737596961284,9.3870878092834,0.028577957039246735
61675.22226556962,9.380598137419604,0.028748914774701477
61677.70693417795,9.374102520043941,0.028913676072591984
61680.191602786275,9.36759839567845,0.029072121372429174
61682.67627139461,9.36108317752258,0.029224138010481366
61685.16094000294,9.354554255988852,0.029369620156628667
61687.645608611274,9.348009001251626,0.029508468757645467
61690.13027721961,9.341444765813705,0.029640591487169757
61692.61494582794,9.334858887085758,0.029765902702149932
61695.09961443627,9.328248689977478,0.0298843234050486
61697.5842830446,9.321611489496682,0.02999578121223909
61700.06895165293,9.314944593358085,0.030100210327749413
61702.553620261264,9.308245304594521,0.030197551522619794
61705.03828886959,9.301510924173357,0.030287752119290072
61707.52295747792,9.294738753612833,0.030370765981148767
61710.007626086255,9.287926097597122,0.030446553506864718
61712.49229469459,9.281070266589872,0.030515081629436683
61714.97696330292,9.274168579439973,0.03057632381971441
61717.461631911254,9.267218365982494,0.030630260094402506
61719.94630051959,9.260216969628416,0.030676877028273236
61722.43096912791,9.253161749943871,0.030716167770441467
61724.915637736245,9.24605008521553,0.030748132064939926
61727.40030634458,9.238879375000039,0.03077277627484633
61729.88497495291,9.231647042656547,0.030790113410564996
61732.36964356124,9.224350537858854,0.030800163161741907
61734.85431216957,9.216987339086351,0.030802951932801022
61737.3389807779,9.209554956090699,0.030798512882170163
61739.823649386235,9.202050932336768,0.030786885965008892
61742.30831799457,9.194472847417018,0.03076811797930504
61744.7929866029,9.186818319434174,0.030742262615481724
61747.27765521123,9.179085007353976,0.03070938050910765
61749.76232381956,9.171270613323507,0.03066953929722623
61752.24699242789,9.163372884954192,0.03062281367727072
61754.731661036225,9.155389617568098,0.03056928546935083
61757.21632964455,9.147318656403733,0.03050904368160648
61759.70099825288,9.139157898782102,0.030442184577931828
61762.185666861216,9.130905296229102,0.0303688117487506
61764.67033546955,9.122558856553766,0.030289036184052313
61767.15500407788,9.114116645880031,0.030202976348734038
61769.639672686215,9.105576790630884,0.03011075826013808
61772.12434129454,9.096937479461836,0.03001251556716158
61774.60900990287,9.088196965144299,0.029908389630916993
61777.093678511206,9.0793535663949,0.029798529606354842
61779.57834711954,9.070405669651592,0.02968309252478225
61782.063015727865,9.061351730791962,0.029562243376186008
61784.5476843362,9.052190276796473,0.029436155191107875
61787.03235294453,9.042919907350502,0.029305009121731476
61789.51702155286,9.033539296387112,0.029168994520573543
61792.001690161196,9.024047193568464,0.029028309016614684
61794.48635876953,9.014442425703898,0.028883158587437573
61796.97102737786,9.004723898103297,0.02873375762666897
61799.45569598619,8.994890595865698,0.028580329004658064
61801.94036459452,8.984941585101332,0.028423104121761612
61804.42503320285,8.974876014085442,0.028262322951887495
61806.90970181118,8.964693114343795,0.028098234075130436
61809.39437041951,8.954392201667744,0.027931094696550512
61811.879039027845,8.94397267705968,0.027761170649804386
61814.36370763618,8.933434027605436,0.02758873638224688
61816.84837624451,8.922775827275409,0.027414074919292264
61819.33304485284,8.911997737651507,0.027237477804689016
61821.817713461176,8.901099508580554,0.027059245013608773
61824.3023820695,8.890080978752692,0.02687968483478752
61826.787050677834,8.87894207620451,0.02669911371813558
61829.27171928617,8.867682818746133,0.026517856083417515
61831.7563878945,8.856303314312267,0.026336244085933037
61834.241056502826,8.844803761235777,0.026154617334607673
61836.72572511116,8.83318444844415,0.025973322557700185
61839.21039371949,8.821445755578754,0.025792713211224977
61841.695062327824,8.809588153035634,0.025613149025417514
61844.17973093616,8.79761220192822,0.02543499548416643
61846.66439954449,8.785518553972462,0.025258623232426516
61849.149068152816,8.773307951292537,0.025084407407521235
61851.63373676115,8.76098122614949,0.024912726889474254
61854.11840536948,8.748539300589922,0.02474396346703809
61856.603073977814,8.735983186018249,0.024578500916068363
61859.08774258614,8.723313982689184,0.024416723988000145
61861.57241119447,8.710532879123729,0.024259017306969995
61864.057079802806,8.69764115144661,0.024105764175759995
61866.54174841114,8.684640162647185,0.023957345291436675
61869.02641701947,8.671531361763073,0.02381413737392689
61871.511085627804,8.658316282987489,0.023676511711900695
61873.99575423613,8.644996544701648,0.023544832632680663
61876.48042284446,8.63157384843036,0.023419455904714507
61878.965091452796,8.618049977724663,0.023300727083464975
61881.44976006113,8.604426796969353,0.023188979813249917
61883.934428669454,8.590706250119197,0.023084534100838144
61886.41909727779,8.576890359360629,0.02298769457712607
61888.90376588612,8.562981223704686,0.02289874876590968
61891.38843449445,8.54898101750728,0.022817965380868287
61893.873103102786,8.534891988922361,0.022745592671484113
61896.35777171112,8.52071645828508,0.02268185684106873
61898.84244031945,8.506456816429715,0.02262696055921478
61901.32710892778,8.49211552293945,0.02258108159136871
61903.81177753611,8.477695104334167,0.022544371567059008
61906.29644614444,8.463198152193193,0.022516954906602375
61908.78111475277,8.448627321216176,0.022498927925060058
61911.2657833611,8.433985327225095,0.02249035812769394
61913.750451969434,8.419274945105563,0.022491283710744537
61916.23512057777,8.404499006691385,0.02250171327491562
61918.7197891861,8.389660398593339,0.022521625757488443
61921.20445779443,8.374762059973435,0.022550970583847314
61923.689126402765,8.359806980267052,0.02258966803538118
61926.17379501109,8.34479819685388,0.02263760982714856
61928.658463619424,8.329738792679947,0.02269465988448602
61931.14313222776,8.314631893832292,0.0227606553050437
61933.62780083609,8.29948066706882,0.022835407489430772
61936.112469444415,8.284288317304409,0.022918703421298706
61938.59713805275,8.269058085054837,0.023010307076467125
61941.08180666108,8.253793243842637,0.023109960938684396
61943.566475269414,8.23849709756471,0.023217387599626584
61946.05114387775,8.223172977824191,0.02333229142086531
61948.53581248608,8.207824241229886,0.023454360235432705
61951.020481094405,8.192454266664257,0.02358326706796992
61953.50514970274,8.17706645252207,0.023718671854412534
61955.98981831107,8.161664213922826,0.02386022314233018
61958.474486919404,8.146250979898795,0.024007559756779945
61960.95915552773,8.130830190560005,0.024160312417185834
61963.44382413606,8.115405294239764,0.024318105293741406
61965.928492744395,8.09997974462307,0.024480557493326734
61968.41316135273,8.084556997858535,0.024647284467700214
61970.89782996106,8.069140509658517,0.02481789933813132
61973.382498569394,8.05373373238757,0.024992014132766006
61975.86716717772,8.038340112143416,0.02516924093449575
61978.35183578605,8.02296308583238,0.025349192938883377
61980.836504394385,8.007606078240016,0.025531485422592214
61983.32117300272,7.99227249910269,0.02571573662428036
61985.80584161104,7.976965740179203,0.025901568540286107
61988.290510219376,7.961689172326771,0.026088607638727838
61990.77517882771,7.946446142583433,0.026276485496048996
61993.25984743604,7.931239971259409,0.02646483935978162
61995.744516044375,7.91607394903933,0.02665331264290813
61998.22918465271,7.900951334098416,0.026841555353791017
62000.71385326104,7.885875349235178,0.02702922446711347
62003.198521869366,7.870849179021178,0.027215984240290855
62005.6831904777,7.855875966974594,0.02740150648003394
62008.16785908603,7.840958812753648,0.027585470763637997
62010.65252769436,7.826100769379877,0.027767564619545
62013.13719630269,7.811304840485342,0.027947483671064706
62015.62186491102,7.796573977594704,0.02812493174701858
62018.106533519356,7.781911077437343,0.028299620963414675
62020.59120212769,7.767318979295325,0.028471271779045626
62023.07587073602,7.752800462390155,0.028639613028360447
62025.560539344355,7.738358243308795,0.028804381934435776
62028.04520795268,7.723994973471264,0.028965324104559122
62030.52987656101,7.709713236643253,0.02912219351100071
62033.014545169346,7.695515546496701,0.029274752458788893
62035.49921377768,7.681404344215892,0.029422771542906137
62037.983882386005,7.667381996158284,0.02956602959593728
62040.46855099434,7.653450791565966,0.02970431362862196
62042.95321960267,7.639612940332981,0.029837418763804684
62045.437888211,7.625870570829939,0.02996514816575436
62047.922556819336,7.612225727788058,0.030087312965302312
62050.40722542767,7.598680370243294,0.03020373218248997
62052.891894035994,7.585236369544951,0.03031423264672309
62055.37656264433,7.571895507427676,0.030418648916013737
62057.86123125266,7.558659474151241,0.0305168231954624
62060.34589986099,7.545529866708037,0.03060860525563986
62062.83056846932,7.532508187100817,0.03069385235173344
62065.31523707765,7.519595840692752,0.030772429143361056
62067.799905685984,7.506794134629708,0.030844207615881806
62070.28457429432,7.494104276338206,0.030909067003568155
62072.76924290265,7.481527372099627,0.030966893714590014
62075.25391151098,7.469064425701646,0.031017581258593642
62077.73858011931,7.456716337169546,0.03106103017690417
62080.22324872764,7.444483901576881,0.031097147975658084
62082.707917335974,7.43236780793827,0.031125849061868497
62085.19258594431,7.420368638185543,0.031147054683378982
62087.67725455263,7.408486866226021,0.031160692871943414
62090.161923160966,7.396722857086814,0.03116669839064582
62092.6465917693,7.385076866145411,0.03116501268511963
62095.13126037763,7.373549038445319,0.03115558383929386
62097.615928985964,7.3621394080998925,0.031138366535852332
62100.1005975943,7.350847897785258,0.0311133220213924
62102.58526620263,7.339674318319858,0.031080418077048397
62105.069934810956,7.328618368335832,0.03103962899435853
62107.55460341929,7.317679634038676,0.03099093555726289
62110.03927202762,7.306857589057579,0.030934325030082428
62112.52394063595,7.296151594387133,0.03086979115224761
62115.00860924428,7.285560898419035,0.030797334139989002
62117.49327785261,7.275084637065461,0.03071696069560662
62119.977946460946,7.264721833973731,0.030628684024507493
62122.46261506928,7.254471400832536,0.030532523861037834
62124.94728367761,7.244332137768552,0.030428506503201055
62127.431952285944,7.234302733835378,0.0303166648572889
62129.91662089427,7.224381767592838,0.03019703849281475
62132.4012895026,7.214567707776723,0.03006967370872962
62134.885958110935,7.204858914060097,0.029934623611440482
62137.37062671927,7.195253637902752,0.029791948205995143
62139.855295327594,7.185750023491934,0.029641714500812873
62142.33996393593,7.1763461087706375,0.029483996627241965
62144.82463254426,7.167039826554685,0.029318875975301778
62147.30930115259,7.157829005736787,0.02914644134630434
62149.793969760925,7.148711372577978,0.028966789123982817
62152.27863836926,7.139684552084034,0.028780023465440136
62154.763306977584,7.130746069466568,0.028586256513314083
62157.24797558592,7.1218933516892164,0.02838560863083849
62159.73264419425,7.113123729094383,0.028178208661631215
62162.21731280258,7.104434437112921,0.027964194215697253
62164.70198141091,7.095822618052921,0.02774371198385827
62167.18665001924,7.087285322968249,0.0275169180827344
62169.671318627574,7.0788195136037615,0.027283978432177843
62172.15598723591,7.0704220644163485,0.027045069167818517
62174.64065584424,7.062089764670965,0.026800377090759175
62177.12532445257,7.053819320608241,0.02655010015748135
62179.6099930609,7.045607357684595,0.02629444801180072
62182.09466166923,7.037450422880312,0.026033642562455384
62184.579330277564,7.029344987075724,0.02576791860818109
62187.0639988859,7.021287447492789,0.02549752451367701
62189.54866749422,7.013274130200571,0.02522272293835396
62192.033336102555,7.005301292681551,0.024943791621119746
62194.51800471089,6.997365126459243,0.02466102422266574
62197.00267331922,6.989461759780767,0.02437473122774765
62199.487341927554,6.981587260356861,0.02408524090833008
62201.97201053589,6.973737638154887,0.023792900348440452
62204.45667914422,6.965908848240829,0.02349807653061869
62206.941347752545,6.958096793671899,0.023201157482002206
62209.42601636088,6.9502973284342175,0.022902553477463707
62211.91068496921,6.942506260424324,0.022602698294579247
62214.395353577536,6.934719354472762,0.022302050512809268
62216.88002218587,6.926932335404999,0.0220010948471057
62219.3646907942,6.91914089114033,0.021700343501223948
62221.849359402535,6.9113406758237375,0.021400337522618114
62224.33402801087,6.903527312988487,0.02110164813576963
62226.8186966192,6.895696398748271,0.020804878023784865
62229.30336522753,6.887843505014786,0.02051066252228295
62231.78803383586,6.8799641827371545,0.020219670681026307
62234.27270244419,6.872053965165435,0.0199326061399817
62236.757371052525,6.864108371127784,0.01965020775779878
62239.24203966086,6.8561229083255455,0.019373249919644567
62241.72670826918,6.848093076639145,0.019102542441583964
62244.211376877516,6.840014371444269,0.018838929979770682
62246.69604548585,6.831882286934842,0.01858329084275633
62249.18071409418,6.82369231944962,0.018336535100639786
62251.665382702515,6.815439970799531,0.018099601880183783
62254.15005131085,6.807120751594653,0.017873455739016893
62256.63471991917,6.79873018456567,0.017659082018588793
62259.119388527506,6.7902638078783895,0.017457481093361767
62261.60405713584,6.781717178438697,0.017269661460006018
62264.08872574417,6.77308587518398,0.017096631645636556
62266.5733943525,6.764365502359837,0.016939390963792766
62269.05806296083,6.755551692777445,0.016798919203309098
62271.54273156916,6.746640111050667,0.0166761654024912
62274.027400177496,6.737626456809224,0.01657203593251
62276.51206878583,6.72850646788433,0.016487382183996015
62278.99673739416,6.719275923467336,0.016422988217241606
62281.48140600249,6.709930647233421,0.01637955878588768
62283.96607461082,6.70046651043404,0.016357708175243388
62286.45074321915,6.690879434949295,0.01635795029955932
62288.935411827486,6.681165396302276,0.016380690475491975
62291.42008043581,6.671320426631425,0.01642621922958809
62293.904749044144,6.661340617616915,0.01649470841078919
62296.38941765248,6.651222123359929,0.016586209768255866
62298.87408626081,6.640961163213859,0.016700656031276517
62301.35875486914,6.630554024561235,0.01683786440352315
62303.843423477476,6.619997065538371,0.016997542266373174
62306.32809208581,6.609286717701593,0.017179294790087788
62308.812760694134,6.598419488635983,0.017382634079084854
62311.29742930247,6.5873919645020464,0.017606989437840236
62313.7820979108,6.576200812520298,0.0178517183323144
62316.266766519126,6.5648427833891105,0.018116117639587436
62318.75143512746,6.5533147136365955,0.0183994348163836
62321.23610373579,6.541613527902598,0.018700878672727187
62323.720772344124,6.529736241149806,0.019019629500317478
62326.20544095246,6.517679960802397,0.019354848371391883
62328.69010956079,6.505441888808733,0.019705685487593782
62331.17477816912,6.493019323628886,0.020071287515957686
62333.65944677745,6.480409662143941,0.02045080389708819
62336.14411538578,6.4676104014853735,0.02084339215104375
62338.628783994114,6.454619140783436,0.02124822223337114
62341.11345260245,6.441433582833923,0.021664480016701303
62343.59812121077,6.428051535680737,0.022091369983087857
62346.082789819106,6.414470914112528,0.02252811721959326
62348.56745842744,6.400689741074643,0.022973968809897768
62351.05212703577,6.386706148993795,0.02342819471143085
62353.536795644104,6.372518381012824,0.02389008820242375
62356.02146425244,6.358124792138241,0.024358965975189523
62358.50613286076,6.343523850296506,0.024834167944972386
62360.990801469095,6.328714137300594,0.025315056834405426
62363.47547007743,6.313694349723605,0.0258010175860099
62365.96013868576,6.2984632996813446,0.02629145664694248
62368.44480729409,6.283019915522829,0.026785801163937663
62370.92947590242,6.267363242426072,0.02728349811904747
62373.41414451075,6.2514924429021335,0.027784013431737316
62375.898813119085,6.23540679720476,0.028286831047723185
62378.38348172742,6.219105703646974,0.028791452031256427
62380.86815033575,6.202588678821911,0.029297393672902423
62383.35281894408,6.185855357732493,0.02980418862309198
62385.83748755241,6.168905493825449,0.030311384058577983
62388.32215616074,6.151738958932384,0.030818540886779194
62390.806824769075,6.134355743117368,0.031325232991709875
62393.2914933774,6.116755954431184,0.031831046523878394
62395.776161985734,6.098939818574067,0.032335579234859795
62398.26083059407,6.080907678464882,0.032838439857348974
62400.7454992024,6.062659993720743,0.033339247529801344
62403.23016781073,6.044197340043354,0.033837631265379524
62405.714836419065,6.025520408518531,0.034333229463680295
62408.1995050274,6.006630004823123,0.034825689463690766
62410.684173635724,5.98752704834628,0.03531466713675592
62413.16884224406,5.96821257122275,0.035799826517135785
62415.65351085239,5.948687717279427,0.03628083946910442
62418.138179460715,5.928953740897697,0.03675738538801481
62420.62284806905,5.909012005791496,0.03722915093402908
62423.10751667738,5.888863983703729,0.037695829796322466
62425.592185285714,5.868511253020742,0.038157122486280996
62428.07685389405,5.847955497307865,0.03861273615783343
62430.56152250238,5.8271985037667235,0.03906238445321683
62433.04619111071,5.806242161616581,0.03950578737281878
62435.53085971904,5.785088460399692,0.0399426711675036
62438.01552832737,5.76373948821508,0.0403727682518265
62440.5001969357,5.742197429880889,0.04079581713728902
62442.98486554404,5.720464565026646,0.04121156238378844
62445.46953415236,5.698543266118662,0.041619754568547426
62447.954202760695,5.676435996419812,0.04202015027121203
62450.43887136903,5.654145307886381,0.04241251207403252
62452.92353997736,5.631673839003717,0.042796608576341565
62455.40820858569,5.609024312561516,0.04317221442222245
62457.89287719403,5.586199533373829,0.04353911034067807
62460.37754580235,5.563202385943654,0.04389708319731948
62462.862214410685,5.5400358320750485,0.04424592605704568
62465.34688301902,5.516702908435327,0.04458543825686406
62467.83155162735,5.493206724070099,0.04491542548828881
62470.316220235676,5.469550457872671,0.04523569988859132
62472.80088884401,5.445737356010071,0.04554608014053426
62475.28555745234,5.421770729310495,0.04584639157995869
62477.770226060675,5.397653950611357,0.04613646631056307
62480.25489466901,5.373390452072734,0.04641614332578648
62482.73956327734,5.348983722458826,0.04668526863718604
62485.224231885666,5.324437304388603,0.04694369540861701
62487.708900494,5.29975479155857,0.04719128409659277
62490.19356910233,5.274939825942958,0.04742790259557109
62492.678237710665,5.249996094969447,0.04765342638872104
62495.16290631899,5.224927328677005,0.04786773870303657
62497.64757492732,5.199737296855361,0.04807073066952577
62500.132243535656,5.174429806173194,0.04826230148699528
62502.61691214399,5.149008697292032,0.04844235859044034
62505.10158075232,5.123477841973475,0.048610817822995214
62507.586249360655,5.097841140179398,0.04876760361150913
62510.07091796899,5.07210251716954,0.048912649145447254
62512.55558657731,5.046265920598493,0.04904589655964127
62515.040255185646,5.020335317613899,0.04916729711922016
62517.52492379398,4.994314691960803,0.04927681140839015
62520.009592402304,4.968208041093099,0.049374409521713715
62522.49426101064,4.942019373293341,0.049460071257952265
62524.97892961897,4.915752704808803,0.04953378631684187
62527.4635982273,4.889412056998921,0.04959555449817464
62529.948266835636,4.8630014535034505,0.049645385903348514
62532.43293544397,4.8365249174299265,0.04968330113924589
62534.9176040523,4.809986468563984,0.04970933152411127
62537.40227266063,4.783390120605858,0.04972351929569842
62539.88694126896,4.756739878433962,0.04972591782127134
62542.37160987729,4.730039735399259,0.049716591809546726
62544.856278485626,4.703293670652613,0.04969561752404699
62547.34094709395,4.67650564650674,0.049663082998304374
62549.825615702284,4.649679605835416,0.049619088252224275
62552.31028431062,4.622819469512855,0.04956374550948484
62554.79495291895,4.595929133894785,0.04949717941621256
62557.27962152728,4.569012468343118,0.049419527259631904
62559.764290135616,4.5420733127969015,0.049330939187642114
62562.24895874394,4.515115475392001,0.04923157842777104
62564.733627352274,4.488142730129923,0.049121621505865014
62567.21829596061,4.461158814599109,0.04900125846347504
62569.70296456894,4.4341674277512055,0.04887069307371412
62572.187633177266,4.407172227731365,0.04873014305443567
62574.6723017856,4.380176829767294,0.04857984027844411
62577.15697039393,4.35318480411771,0.04842003097924003
62579.641639002264,4.326199674080179,0.04825097595170098
62582.1263076106,4.29922491406402,0.048072950746006024
62584.61097621893,4.2722639477237365,0.04788624585369044
62587.095644827255,4.245320146161305,0.04769116688412631
62589.58031343559,4.218396826192276,0.0474880347294603
62592.06498204392,4.191497248682396,0.0472771857160407
62594.549650652254,4.164624616950853,0.0470589717399588
62597.03431926058,4.137782075246157,0.04683376038410111
62599.51898786891,4.110972707292049,0.046601935013639774
62602.003656477245,4.084199534906482,0.046363894846754496
62604.48832508558,4.057465516693192,0.046120054996969216
62606.97299369391,4.03077354680827,0.04587084648311348
62609.457662302244,4.0041264538010495,0.04561671620223738
62611.94233091058,3.9775269995306957,0.045358126860784435
62614.4269995189,3.950977878158639,0.04509555685908647
62616.911668127235,3.9244817152180644,0.04482950012265632
62619.39633673557,3.8980410667607543,0.04456046587490074
62621.881005343894,3.8716584185806084,0.044288978344265886
62624.36567395223,3.8453361855148955,0.04401557639891173
62626.85034256056,3.819076710824909,0.04374081310158693
62629.33501116889,3.7928822656522456,0.04346525517699391
62631.819679777225,3.7667550485555807,0.043189482383784714
62634.30434838556,3.7406971851235795,0.04291408678277948
62636.78901699389,3.7147107276665707,0.04263967189383234
62639.27368560222,3.6887976549866224,0.04236685173282467
62641.75835421055,3.662959872222636,0.042096249721013106
62644.24302281888,3.6371992107758757,0.04182849745981438
62646.727691427215,3.6115174283094262,0.04156423336362766
62649.21236003554,3.5859162088248233,0.04130410114592699
62651.69702864387,3.56039716281386,0.041048748152786266
62654.18169725221,3.5349618274865158,0.04079882354233032
62656.66636586054,3.5096116670708177,0.04055497630754967
62659.15103446887,3.484348073187814,0.0403178531439994
62661.635703077205,3.459172365298805,0.040088096165961276
62664.12037168553,3.4340857912227563,0.03986634047688617
62666.60504029386,3.409089527726138,0.039653211603290495
62669.0897089022,3.3841846811802974,0.03944932280537632
62671.57437751053,3.3593722882888635,0.03925527227935987
62674.059046118855,3.3346533168805763,0.039071640272165614
62676.54371472719,3.3100286667685204,0.038898986131286103
62679.02838333552,3.2854991706743206,0.0387378453166634
62681.51305194385,3.2610655952146494,0.038588726404756975
62683.99772055219,3.236728641949089,0.03845210811783481
62686.48238916052,3.2124889484887618,0.03832843641384558
62688.967057768845,3.18834708966288,0.038218121674406566
62691.45172637718,3.1643035787417517,0.038121536028846166
62693.93639498551,3.140358868716479,0.03803901085313248
62696.42106359384,3.116513353629969,0.03797083448123056
62698.90573220217,3.0927673699611624,0.03791725016487543
62701.3904008105,3.0691211980580917,0.037878454315191275
62703.875069418835,3.045575063619733,0.037854595055285954
62706.35973802717,3.02212913922315,0.03784577110891181
62708.8444066355,2.998783545895197,0.03785203104455879
62711.32907524383,2.9755383547261083,0.03787337288854263
62713.813743852166,2.952393588523144,0.03790974411363995
62716.29841246049,2.9293492235026903,0.03796104200409108
62718.783081068825,2.9064051910175266,0.03802711439018163
62721.26774967716,2.883561379318966,0.03810776073972816
62723.75241828548,2.860817635350095,0.03820273358762538
62726.237086893816,2.838173766567998,0.038311740278878674
62728.72175550215,2.8156295427952216,0.03843444499704722
62731.20642411048,2.793184698094432,0.03857047104427238
62733.691092718815,2.770838932667086,0.038719403338771365
62736.17576132715,2.7485919147729447,0.038880791091770735
62738.66042993548,2.7264432826673044,0.03905415062642813
62741.145098543806,2.7043926465557995,0.03923896830082017
62743.62976715214,2.6824395905615965,0.039434703498261545
62746.11443576047,2.6605836747059897,0.03964079165029957
62748.599104368805,2.638824436897316,0.039856647259135826
62751.08377297713,2.6171613949278907,0.04008166689064846
62753.56844158546,2.5955940484750926,0.040315232110738945
62756.053110193796,2.5741218811063717,0.0405567123426573
62758.53777880213,2.552744362283672,0.04080546762531818
62761.02244741046,2.5314609493665508,0.04106085125709829
62763.507116018794,2.5102710896117166,0.04132221231236263
62765.99178462712,2.4891742221658397,0.04158889802168869
62768.47645323545,2.4681697800499727,0.04186025600934802
62770.961121843786,2.447257192134508,0.0421356363846661
62773.44579045212,2.426435885099899,0.04241439368642413
62775.930459060444,2.4057052853840872,0.04269588868083186
62778.41512766878,2.385064821111648,0.04297949001635265
62780.89979627711,2.3645139240056605,0.043264575739457314
62783.38446488544,2.3440520312769277,0.04355053467672454
62785.869133493776,2.323678587491067,0.04383676768985053
62788.35380210211,2.3033930464104206,0.044122688810366996
62790.838470710434,2.283194872809617,0.04440772626166369
62793.32313931877,2.2630835442606245,0.04469132337598012
62795.8078079271,2.2430585528895155,0.04497293941417466
62798.29247653543,2.2231194070986082,0.04525205029595844
62800.77714514376,2.2032656332555374,0.04552814924813193
62803.26181375209,2.183496777345788,0.045800747378351485
62805.746482360424,2.163812406587429,0.04606937418104677
62808.23115096876,2.1442121110071217,0.04633357798240336
62810.71581957709,2.124695504974327,0.046592926330513915
62813.20048818542,2.1052622286934697,0.046847006336356266
62815.685156793756,2.0859119496522642,0.0470954249711674
62818.16982540208,2.0666443640239014,0.04733780932471566
62820.654494010414,2.047459198023124,0.04757380682927709
62823.13916261875,2.0283562092141283,0.04780308545305979
62825.62383122707,2.0093351877685537,0.04802533386671626
62828.108499835405,1.9903959576729102,0.04824026158610485
62830.59316844374,1.9715383778847366,0.04844759909412779
62833.07783705207,1.952762343435407,0.04864709794389035
62835.562505660404,1.9340677864793776,0.04883853084549386
62838.04717426874,1.91545467728779,0.04902169173802475
62840.53184287707,1.8969230251871647,0.04919639584815295
62843.016511485395,1.8784728794412626,0.0493624797365832
62845.50118009373,1.8601043300746902,0.049519801333194835
62847.98584870206,1.8418175086394684,0.04966823996141868
62850.470517310394,1.8236125889223493,0.049807696352285026
62852.95518591872,1.8054897875923357,0.049938092648189956
62855.43985452705,1.7874493647886798,0.05005937239647191
62857.924523135385,1.769491624648726,0.050171500532274205
62860.40919174372,1.7516169157743102,0.05027446335032673
62862.89386035205,1.7338256316374463,0.050368268464960925
62865.378528960384,1.7161182109246806,0.050452944757496204
62867.86319756871,1.6984951378199709,0.05052854230973991
62870.34786617704,1.6809569422248665,0.05059513232270476
62872.832534785375,1.6635041999183353,0.050652807018693735
62875.31720339371,1.6461375326542664,0.05070167952558749
62877.80187200203,1.6288576081962824,0.05074188374119101
62880.28654061037,1.6116651402924624,0.05077357417592093
62882.7712092187,1.5945608885878608,0.05079692577165463
62885.25587782703,1.5775456584754761,0.05081213369441604
62887.740546435365,1.5606203008874828,0.050819413098561396
62890.2252150437,1.5437857120249499,0.050818998859725774
62892.70988365202,1.527042833027701,0.050811145273917196
62895.19455226036,1.510392649585219,0.0507961257197953
62897.67922086869,1.4938361914880522,0.05077423228107469
62900.16388947702,1.477374532120925,0.05074577532611051
62902.64855808535,1.461008787898023,0.05071108304107739
62905.13322669368,1.4447401176414867,0.05067050091386796
62907.61789530201,1.428569721903994,0.05062439116496169
62910.102563910346,1.4124988422352736,0.050573132122170315
62912.58723251868,1.3965287603947067,0.05051711753566294
62915.07190112701,1.3806607975104317,0.05045675583022663
62917.556569735345,1.364896313185421,0.050392469291297516
62920.04123834367,1.3492367045525306,0.05032469318194749
62922.525906952,1.3336834052793236,0.05025387478789204
62925.010575560336,1.318237884522731,0.050180472388023
62927.49524416867,1.3029016458372222,0.05010495414834194
62929.979912776995,1.2876762260344128,0.05002779693751759
62932.46458138533,1.2725631939980206,0.04994948506287885
62934.94924999366,1.2575641494546277,0.04987050892630331
62937.43391860199,1.2426807217015519,0.04979136359996281
62939.918587210326,1.227914568292568,0.04971254732299569
62942.40325581866,1.2132673736840374,0.049634559920619374
62944.887924426985,1.198740847842538,0.04955790114865786
62947.37259303532,1.1843367248149896,0.04948306896693873
62949.85726164365,1.1700567612630097,0.04941055774652105
62952.34193025198,1.1559027349641746,0.049340856416793914
62954.82659886031,1.1418764432792623,0.04927444655937063
62957.31126746864,1.1279797015896682,0.04921180045741803
62959.795936076975,1.1142143417053778,0.049153379109702924
62962.28060468531,1.1005822102448504,0.049099630220354365
62964.76527329364,1.087085166989614,0.049050986176007345
62967.24994190197,1.0737250832138825,0.04900786202330244
62969.7346105103,1.0605038399917477,0.04897065346059097
62972.21927911863,1.0474233264841184,0.04893973485838978
62974.703947726965,1.034485438205731,0.04891545732380873
62977.1886163353,1.0216920752747414,0.048898146824598566
62979.67328494362,1.0090451406474283,0.04888810238862322
62982.157953551956,0.9965465383382911,0.048885594394443066
62984.64262216029,0.9841981716280916,0.04889086296850806
62987.12729076862,0.9720019412615575,0.04890411650379242
62989.611959376954,0.9599597436366324,0.04892553031390929
62992.09662798529,0.9480734689865449,0.04895524543542134
62994.58129659361,0.9363449995571421,0.04899336759018075
62997.065965201946,0.9247762077801451,0.04903996631742074
62999.55063381028,0.9133689544457386,0.049095074283893314
63002.03530241861,0.9021250868747258,0.04915868677818573
63004.51997102694,0.8910464370923616,0.04923076139364611
63007.00463963527,0.8801348200065646,0.0493112179016749
63009.4893082436,0.869392031590447,0.049399938315583994
63011.973976851936,0.8588198470725348,0.049496767142481086
63014.45864546027,0.8484200191354563,0.049601511819171835
63016.9433140686,0.8381942761248774,0.04971394332555767
63019.427982676934,0.8281443202705686,0.04983379696756811
63021.91265128526,0.8182718259209656,0.049960773319839086
63024.39731989359,0.8085784377929539,0.0500945393169669
63026.881988501926,0.7990657692384497,0.05023472948120039
63029.36665711026,0.7897354005293523,0.050380947272982764
63031.851325718584,0.780588877162455,0.0505327665505134
63034.33599432692,0.7716277081852548,0.05068973312430756
63036.82066293525,0.7628533645452683,0.05085136639152556
63039.30533154358,0.7542672774632695,0.05101716103617275
63041.790000151916,0.7458708368318756,0.05118658878052199
63044.27466876025,0.7376653896423517,0.05135910017435524
63046.759337368574,0.7296522384380938,0.05153412640853297
63049.24400597691,0.7218326397993993,0.05171108114072049
63051.72867458524,0.7142078028584121,0.05188936232179506
63054.21334319357,0.706778887846439,0.0520683540123514
63056.6980118019,0.6995470046750026,0.052247428179811733
63059.18268041023,0.6925132115507597,0.0524259464678887
63061.667349018564,0.685678513627203,0.052603261930783025
63064.1520176269,0.6790438616920977,0.05277872072615463
63066.63668623523,0.6726101508934352,0.052951663761369464
63069.12135484356,0.6663782195038065,0.053121428289017565
63071.60602345189,0.6603488477253118,0.053287349448217704
63074.09069206022,0.6545227565336499,0.05344876174944698
63076.575360668554,0.6489006065663464,0.05360500050124876
63079.06002927689,0.6434829970501101,0.053755403178014236
63081.54469788521,0.6382704647743916,0.053899310728636504
63084.029366493545,0.6332634831071031,0.054036068826462745
63086.51403510188,0.6284624610556503,0.0541650290615665
63088.99870371021,0.6238677423732975,0.05428555007660277
63091.483372318544,0.6194796047105446,0.054396998648264264
63093.96804092688,0.6152982588145451,0.05449875071621751
63096.4527095352,0.6113238477742888,0.05459019236217136
63098.937378143535,0.607556446313512,0.05467072074147232
63101.42204675187,0.6039960601311946,0.05473974497033806
63103.9067153602,0.6006426252917486,0.054796686971331846
63106.39138396853,0.5974960076613258,0.054840982280556026
63108.87605257686,0.594556002395543,0.0548720808193963
63111.36072118519,0.591822333474504,0.05488944763433552
63113.845389793525,0.5892946532880049,0.054892563607947004
63116.33005840186,0.586972542270203,0.054880926144526054
63118.81472701019,0.584855508583502,0.05485404983384418
63121.299395618524,0.5829429878521348,0.054811467096154726
63123.78406422685,0.5812343429461085,0.05475272881247693
63126.26873283518,0.5797288638138434,0.05467740494323922
63128.753401443515,0.5784257673653521,0.05458508513913063
63131.23807005185,0.5773241974035381,0.05447537934811686
63133.72273866017,0.5764232246068504,0.05434791842211075
63136.207407268506,0.5757218465594679,0.05420235472760302
63138.69207587684,0.5752189878311151,0.054038362764476246
63141.17674448517,0.5749135001048732,0.05385563979737874
63143.661413093505,0.5748041623551439,0.0536539065043288
63146.14608170184,0.574889681071534,0.05343290764786138
63148.63075031016,0.575168690531249,0.053192412773955644
63151.115418918496,0.5756397531196398,0.0529322169447622
63153.60008752683,0.5763013596957562,0.052652141511471774
63156.08475613516,0.577151930006181,0.05235203493469622
63158.56942474349,0.5781898131427973,0.05203177365982619
63161.05409335182,0.5794132880476216,0.051691263056075486
63163.53876196015,0.5808205640606189,0.05133043842917466
63166.023430568486,0.5824097815126493,0.050949266117865565
63168.50809917682,0.5841790123621153,0.05054774468661439
63170.99276778515,0.5861262608732604,0.050125906227852804
63173.47743639348,0.5882494643369635,0.049683817788828646
63175.96210500181,0.590546493833501,0.04922158294020854
63178.44677361014,0.5930151550353739,0.048739343505562346
63180.931442218476,0.595653189049891,0.04823728147344191
63183.4161108268,0.5984582733006326,0.04771562111666439
63185.900779435135,0.6014280224480087,0.04717463134638545
63188.38544804347,0.6045599893458478,0.04661462833241891
63190.8701166518,0.6078516660359371,0.04603597842515979
63193.35478526013,0.6113004847766892,0.045439101419036336
63195.839453868466,0.6149038191079472,0.04482447420264346
63198.32412247679,0.618658984948624,0.044192634845983965
63200.808791085125,0.6225632417279007,0.04354418718173671
63203.29345969346,0.6266137935476386,0.04287980594371022
63205.77812830179,0.6308077903766105,0.042200242532777994
63208.262796910116,0.6351423292743459,0.04150633148740014
63210.74746551845,0.6396144556435264,0.0407989977431523
63213.23213412678,0.6442211645120187,0.040079264771496696
63215.716802735114,0.6489594018397613,0.0393482636934691
63218.20147134345,0.6538260658541584,0.03860724346589071
63220.68613995178,0.6588180084076639,0.03785758223697988
63223.17080856011,0.663932036362609,0.03710079996060377
63225.65547716844,0.6691649129968531,0.03633857234190464
63228.14014577677,0.6745133594315854,0.03557274615898456
63230.624814385104,0.679974056081229,0.03480535595799572
63233.10948299344,0.6855436441221758,0.03403864204814865
63235.59415160176,0.6912187269812814,0.03327506962014105
63238.078820210096,0.6969958718412769,0.0325173486650403
63240.56348881843,0.7028716111646567,0.03176845417177741
63243.04815742676,0.7088424442311292,0.031031645817359694
63245.532826035094,0.7149048386921423,0.030310486023644573
63248.01749464343,0.7210552321377001,0.029608854836843928
63250.50216325175,0.7272900336772092,0.028930959590170845
63252.986831860086,0.7336056255305665,0.02828133676478818
63255.47150046842,0.7399983646317413,0.02766484291659571
63257.95616907675,0.7464645842409968,0.027086631076698616
63260.44083768508,0.7530005955667889,0.026552108797528062
63262.92550629341,0.7596026893948921,0.02606687418487023
63265.41017490174,0.7662671377245938,0.02563662704155444
63267.894843510076,0.7729901954115266,0.025267053844231138
63270.37951211841,0.7797681018144652,0.02496368778966924
63272.86418072674,0.7865970824469463,0.02473174850068582
63275.34884933507,0.7934733506321309,0.024575969815770777
63277.8335179434,0.8003931091597746,0.02450042774141539
63280.31818655173,0.8073525519445506,0.024508383225717932
63282.802855160066,0.8143478656851232,0.024602155025738447
63285.28752376839,0.821375231522818,0.02478303601225276
63287.772192376724,0.8284308266989414,0.025051261810595984
63290.25686098506,0.8355108262112689,0.025406034464691425
63292.74152959339,0.8426114044654458,0.025845597118160445
63295.22619820172,0.8497287369257422,0.02636734996730657
63297.710866810055,0.8568590017591623,0.026967994053671857
63300.19553541838,0.8639983814752508,0.027643688299736572
63302.680204026714,0.8711430645609007,0.028390206333933157
63305.16487263505,0.8782892471070862,0.029203082400239767
63307.64954124338,0.8854331344292822,0.030077739134394935
63310.134209851705,0.8925709426799424,0.031009593436289368
63312.61887846004,0.8996989004521871,0.03199413955886248
63315.10354706837,0.9068132503737351,0.03302701062990028
63317.588215676704,0.9139102506920681,0.03410402111222476
63320.07288428504,0.920986176848105,0.03522119331682848
63322.55755289337,0.9280373230388919,0.03637477119070304
63325.0422215017,0.9350600037690439,0.03756122438873601
63327.52689011003,0.942050555389367,0.03877724525393993
63330.01155871836,0.9490053376236753,0.040019740879511524
63332.496227326694,0.9559207350807242,0.04128582198038009
63334.98089593503,0.9627931587534417,0.04257278989917347
63337.46556454335,0.969619047503716,0.04387812272837172
63339.950233151685,0.9763948695322145,0.045199461251775784
63342.43490176002,0.9831171238329878,0.04653459518908865
63344.91957036835,0.9897823416316284,0.047881450060545144
63347.404238976684,0.9963870878090288,0.049238074863923044
63349.88890758502,1.0029279623070335,0.05060263066632145
63352.37357619334,1.0094016015175713,0.051973380149710105
63354.858244801675,1.01580467965507,0.05334867810583421
63357.34291341001,1.0221339101103224,0.05472696284791688
63359.82758201834,1.0283860467871904,0.056106748488620614
63362.312250626666,1.0345578854200423,0.05748661802439501
63364.796919235,1.0406462648736978,0.058865217161542145
63367.28158784333,1.0466480684229675,0.06024124881889695
63369.766256451665,1.0525602250147676,0.06161346824352879
63372.25092506,1.0583797105085593,0.0629806786790357
63374.73559366833,1.0641035488985784,0.06434172752999347
63377.220262276656,1.0697288135158283,0.06569550297066983
63379.70493088499,1.075252628208717,0.06704093095054438
63382.18959949332,1.0806721685050504,0.068376972553395
63384.674268101655,1.0859846627504925,0.06970262167176171
63387.15893670998,1.0911873932292406,0.07101690296149746
63389.64360531831,1.0962776972611965,0.07231887004564504
63392.128273926646,1.1012529682784737,0.0736076039398041
63394.61294253498,1.1061106568808388,0.07488221167442832
63397.09761114331,1.1108482718691677,0.07614182509182163
63399.582279751645,1.1154633812560848,0.07738559979859098
63402.06694835997,1.1199536132557943,0.07861271425616244
63404.5516169683,1.1243166572512138,0.07982236899374512
63407.036285576636,1.1285502647390797,0.08101378593029736
63409.52095418497,1.1326522502509275,0.08218620779321721
63412.005622793295,1.1366204922544862,0.08333889762305897
63414.49029140163,1.1404529340283187,0.0844711383543785
63416.97496000996,1.1441475845174192,0.08558223246461216
63419.45962861829,1.14770251916301,0.08667150168284223
63421.944297226626,1.1511158807100632,0.08773828675209285
63424.42896583496,1.1543858799918225,0.08878194723887485
63426.91363444329,1.1575107966904914,0.08980186138449787
63429.39830305162,1.1604889800736613,0.09079742599367495
63431.88297165995,1.163318849708847,0.09176805635558657
63434.36764026828,1.1659988961524523,0.09271318619393804
63436.852308876616,1.1685276816149728,0.09363226764241651
63439.33697748494,1.170903840603676,0.09452477124235696
63441.821646093274,1.1731260805384207,0.09539018595995212
63444.30631470161,1.1751931823463706,0.0962280192204512
63446.79098330994,1.1771040010291332,0.09703779695710389
63449.27565191827,1.1788574662073434,0.09781906367287511
63451.760320526606,1.1804525826397445,0.0985713825130461
63454.24498913493,1.1818884307173492,0.09929433534717987
63456.729657743264,1.1831641669333723,0.09998752285893514
63459.2143263516,1.1842790243263566,0.10065056464244548
63461.69899495993,1.1852323129007554,0.10128309930408806
63464.183663568256,1.1860234200184572,0.10188478456865249
63466.66833217659,1.1866518107685426,0.10245529738890648
63469.15300078492,1.1871170283078865,0.10299433405778868
63471.637669393254,1.1874186941787188,0.10350161032260145
63474.12233800159,1.1875565085980124,0.10397686150030655
63476.60700660992,1.187530250721877,0.10441984259371273
63479.091675218246,1.187339778882982,0.10483032840780977
63481.57634382658,1.186985030802018,0.10520811366596856
63484.06101243491,1.1864660237712152,0.10555301312577169
63486.545681043244,1.1857828548126697,0.10586486169389837
63489.03034965157,1.184935700807542,0.10614351454030192
63491.5150182599,1.183924818600119,0.10638884721108915
63493.999686868236,1.1827505450722902,0.10660075574042284
63496.48435547657,1.181413297191959,0.1067791567610014
63498.9690240849,1.1799135720326646,0.10692398761361113
63501.453692693234,1.178251946765065,0.10703520645534993
63503.93836130156,1.176429078620943,0.10711279236704861
63506.42302990989,1.174445704827306,0.1071567454598325
63508.907698518226,1.172302642513549,0.10716708698119984
63511.39236712656,1.1700007885876447,0.10714385942081892
63513.877035734884,1.167541119585201,0.10708712661648626
63516.36170434322,1.1649246914866762,0.10699697386059799
63518.84637295155,1.1621526395082051,0.10687350800757407
63521.33104155988,1.1592261778591348,0.10671685758290121
63523.815710168215,1.1561465994722882,0.10652717289424803
63526.30037877655,1.1529152757020817,0.10630462614534361
63528.78504738488,1.149533655993007,0.10604941155340952
63531.26971599321,1.1460032675176044,0.10576174547088857
63533.75438460154,1.1423257147825847,0.10544186651233421
63536.23905320987,1.1385026792045825,0.10509003568753202
63538.723721818205,1.1345359186540052,0.10470653654168802
63541.20839042653,1.1304272669678768,0.10429167530397888
63543.693059034864,1.1261786334300699,0.10384578104569826
63546.1777276432,1.1217920022201606,0.10336920584910803
63548.66239625153,1.1172694318297909,0.10286232498870712
63551.14706485986,1.1126130544466626,0.10232553712617029
63553.631733468195,1.107825075305774,0.10175926452080111
63556.11640207652,1.1029077720083558,0.10116395325717831
63558.601070684854,1.0978634938068805,0.10054007349186338
63561.08573929319,1.0926946608580799,0.0998881197212845
63563.57040790152,1.0874037634417326,0.09920861107274398
63566.055076509845,1.0819933611466872,0.0985020916212055
63568.53974511818,1.076466082022549,0.09776913073388353
63571.02441372651,1.0708246216981219,0.09701032344554114
63573.509082334844,1.0650717424664031,0.09622629086711292
63575.99375094318,1.059210272334448,0.09541768063050712
63578.47841955151,1.0532431040402,0.09458516737271933
63580.963088159835,1.0471731940349376,0.09372945326231857
63583.44775676817,1.0410035614310482,0.09285126857172893
63585.9324253765,1.0347372869163622,0.09195137229864311
63588.41709398483,1.0283775116334262,0.09103055284003646
63590.90176259316,1.021927436024842,0.09008962872254134
63593.38643120149,1.0153903186445066,0.08912944939240129
63595.871099809825,1.008769474933847,0.0881508960691218
63598.35576841816,1.0020682759646178,0.08715488266560416
63600.84043702649,0.9952901471465089,0.08614235677859179
63603.32510563482,0.9884385669018878,0.08511430075213638
63605.80977424315,0.9815170653052789,0.08407173281662927
63608.29444285148,0.9745292226895139,0.08301570830538614
63610.779111459815,0.9674786682181221,0.08194732095009344
63613.26378006815,0.9603690784233115,0.08086770425484496
63615.74844867647,0.9532041757122743,0.0797780329480818
63618.233117284806,0.9459877268378654,0.0786795245088939
63620.71778589314,0.9387235413379053,0.07757344076323858
63623.20245450147,0.9314154699415201,0.07646108954194722
63625.687123109805,0.9240674029422316,0.07534382638981081
63628.17179171814,0.9166832685398443,0.07422305631088902
63630.65646032647,0.9092670311496657,0.07310023553063194
63633.141128934796,0.9018226896805477,0.07197687324950303
63635.62579754313,0.8943542757821186,0.07085453335652837
63638.11046615146,0.8868658520611095,0.06973483606306025
63640.595134759795,0.8793615102670197,0.06861945940859186
63643.07980336812,0.8718453694487944,0.0675101405792791
63645.56447197645,0.8643215740817732,0.06640867696932373
63648.049140584786,0.856794292165949,0.06531692690130045
63650.53380919312,0.8492677132961742,0.06423680990813693
63653.01847780145,0.8417460467050067,0.06317030646380815
63655.503146409785,0.8342335192778481,0.062119457034226944
63657.98781501811,0.8267343735428453,0.06108636030381645
63660.47248362644,0.8192528656343436,0.06007317041820809
63662.957152234776,0.8117932632322319,0.059082093070292795
63665.44182084311,0.8043598434759611,0.0581153802464873
63667.926489451434,0.7969568908569272,0.057175323445503926
63670.41115805977,0.7895886950864379,0.05626424518338935
63672.8958266681,0.7822595489436636,0.055384488609907426
63675.38049527643,0.7749737461014029,0.0545384050843436
63677.865163884766,0.7677355789327812,0.05372833959598513
63680.3498324931,0.7605493362990172,0.05295661396742277
63682.834501101424,0.7534193013181881,0.05222550785025681
63685.31916970976,0.7463497491181336,0.05153723761107699
63687.80383831809,0.7393449445728275,0.050893933311406826
63690.28850692642,0.7324091400234893,0.05029761410417724
63692.77317553475,0.7255465729869005,0.04975016249569729
63695.25784414308,0.7187614638494969,0.04925329804983414
63697.742512751414,0.7120580135514932,0.04880855122750359
63700.22718135975,0.7054404012591838,0.04841723815082649
63702.71184996808,0.6989127820289877,0.048080437143946116
63705.19651857641,0.6924792844632515,0.04779896792186279
63707.68118718474,0.6861440083589958,0.047573374265506584
63710.16585579307,0.6799110223515857,0.04740391093299265
63712.650524401404,0.6737843615545235,0.04729053541357517
63715.13519300974,0.6677680251959579,0.04723290494152382
63717.61986161806,0.6618659742537514,0.047230378961868276
63720.104530226396,0.6560821290911,0.04728202699888118
63722.58919883473,0.6504203670931508,0.047386641638404295
63725.07386744306,0.6448845203063107,0.04754275611665906
63727.558536051394,0.639478373081943,0.04774866582778478
63730.04320465973,0.6342056597258011,0.04800245293218671
63732.52787326806,0.6290700621549772,0.04830201317334819
63735.012541876386,0.624075207562992,0.0486450839951921
63737.49721048472,0.6192246660954933,0.049029273086703275
63739.98187909305,0.6145219485378274,0.04945208656037933
63742.466547701384,0.6099705040160263,0.04991095608087536
63744.95121630971,0.6055737177121244,0.05040326439088963
63747.43588491804,0.6013349085968838,0.05092636881809785
63749.920553526375,0.5972573271801427,0.05147762248213475
63752.40522213471,0.5933441532807822,0.05205439304375258
63754.88989074304,0.5895984938185529,0.05265407894747381
63757.374559351374,0.5860233806283033,0.053274123197303264
63759.8592279597,0.5826217682991961,0.0539120247749091
63762.34389656803,0.5793965320402495,0.054565347860205414
63764.828565176365,0.5763504655732743,0.055231729047177845
63767.3132337847,0.5734862790560157,0.055908882766440404
63769.797902393024,0.5708065970359253,0.05659460513232907
63772.28257100136,0.5683139564372864,0.0572867764294225
63774.76723960969,0.566010804582181,0.05798336244377934
63777.25190821802,0.5638994972482114,0.05868241482954149
63779.736576826355,0.5619822967636069,0.059382070684586105
63782.22124543469,0.5602613701421609,0.060080551490315375
63784.705914043014,0.5587387872584217,0.06077616155176305
63787.19058265135,0.5574165190662699,0.06146728605587994
63789.67525125968,0.5562964358615213,0.06215238884875298
63792.15991986801,0.5553803055901564,0.06283001001652047
63794.64458847634,0.5546697922040987,0.063498763340379
63797.12925708467,0.5541664540662035,0.06415733368375137
63799.613925693004,0.5538717424056002,0.06480447435818448
63802.09859430134,0.5537869998246492,0.06543900450538365
63804.58326290967,0.5539134588603949,0.06605980652450502
63807.067931518,0.5542522406005186,0.06666582356689732
63809.552600126335,0.5548043533555649,0.0672560571150355
63812.03726873466,0.5555706913896673,0.06782956465734395
63814.52193734299,0.5565520337105578,0.06838545746701893
63817.00660595133,0.5577490429199192,0.06892289848967809
63819.49127455965,0.5591622641263714,0.06944110034220842
63821.975943167985,0.5607921239215856,0.06993932342338487
63824.46061177632,0.5626389294213859,0.07041687413493114
63826.94528038465,0.5647028673723672,0.07087310321103212
63829.42994899298,0.5669840033263986,0.07130740415299257
63831.91461760132,0.5694822808831974,0.07171921176556828
63834.39928620965,0.5721975210021595,0.0721080007906381
63836.883954817975,0.5751294213856921,0.07247328463401732
63839.36862342631,0.5782775559330501,0.07281461418096302
63841.85329203464,0.581641374268374,0.07313157669575182
63844.33796064297,0.5852202013412143,0.0734237948011396
63846.8226292513,0.5890132371025113,0.07369092553308754
63849.30729785963,0.5930195562556964,0.07393265946705817
63851.791966467965,0.5972381080846649,0.07414871991147767
63854.2766350763,0.6016677163583718,0.07433886216514227
63856.76130368463,0.60630707931369,0.07450287283471194
63859.24597229296,0.6111547697170057,0.07464056920935988
63861.73064090129,0.6162092350048453,0.07475179868954472
63864.21530950962,0.6214687975043384,0.0748364382672448
63866.699978117955,0.6269316547343098,0.0748943940552571
63869.18464672629,0.632595879786917,0.07492560086339346
63871.66931533461,0.6384594217906496,0.07493002181974077
63874.153983942946,0.6445201064552348,0.07490764803536507
63876.63865255128,0.6507756366977702,0.07485849831106088
63879.12332115961,0.6572235933516726,0.07478261888503293
63881.607989767945,0.6638614359576183,0.07468008322076321
63884.09265837628,0.6706865036373355,0.07455099183424359
63886.5773269846,0.6776960160486709,0.0743954721605043
63889.061995592936,0.6848870744253819,0.07421367845896049
63891.54666420127,0.6922566626966669,0.07400579175807889
63894.0313328096,0.6998016486911759,0.07377201983939417
63896.51600141793,0.7075187854218138,0.07351259726172203
63899.00067002626,0.7154047124528841,0.07322778542630824
63901.48533863459,0.7234559573488469,0.07291787268403975
63903.970007242926,0.7316689372033025,0.07258317448601899
63906.45467585126,0.7400399602500364,0.07222403357920897
63908.93934445959,0.7485652275525599,0.07184082024877941
63911.424013067925,0.757240834774528,0.07143393260946765
63913.90868167625,0.766062774027895,0.0710037969480811
63916.39335028458,0.7750269358004488,0.07055086811982393
63918.878018892916,0.7841291109591758,0.07007563000119536
63921.36268750124,0.7933649928312595,0.06957859600241359
63923.847356109574,0.8027301793602556,0.06906030964283649
63926.33202471791,0.8122201753367293,0.06852134519239408
63928.81669332624,0.8218303947021761,0.06796230838295277
63931.30136193457,0.8315561629260902,0.06738383719311185
63933.786030542906,0.8413927194535633,0.06678660271023791
63936.27069915124,0.8513352202228944,0.06617131007334126
63938.755367759564,0.8613787402521255,0.06553869950069927
63941.2400363679,0.8715182762926292,0.06488954740528846
63943.72470497623,0.881748749548734,0.06422466760144332
63946.20937358456,0.8920650084608791,0.06354491260511426
63948.69404219289,0.9024618315530987,0.06285117502946663
63951.17871080122,0.9129339303399817,0.062144389076862816
63953.663379409554,0.923475952294177,0.06142553212632654
63956.14804801789,0.9340824838710049,0.0606956264146094
63958.63271662622,0.9447480535894464,0.05995574080600941
63961.11738523455,0.9554671351671733,0.059206992643970315
63963.60205384288,0.9662341507070356,0.05845054967345122
63966.08672245121,0.977043473934879,0.057687632019566296
63968.571391059544,0.9878894334846111,0.05691951420195987
63971.05605966788,0.9987663162300819,0.056147527159132404
63973.5407282762,1.0096683706602667,0.05537306024889177
63976.025396884535,1.0205898102972042,0.05459756318287513
63978.51006549287,1.0315248171526712,0.05382254784293328
63980.9947341012,1.0424675452226513,0.05304958991550621
63983.479402709534,1.053412124017517,0.05228033026726837
63985.96407131787,1.0643526621233828,0.05151647597063682
63988.44873992619,1.0752832507952395,0.050759800871826015
63990.933408534525,1.0861979675780218,0.05001214557732841
63993.41807714286,1.097090879952175,0.04927541671726427
63995.90274575119,1.107956049002621,0.0485515853266193
63998.38741435952,1.118787533108878,0.047842684169885005
64000.87208296785,1.1295793916521917,0.04715080382087373
64003.35675157618,1.1403256887384068,0.046478087300843005
64005.841420184515,1.1510204969337081,0.04582672307600439
64008.32608879285,1.1616579010097048,0.04519893622150771
64010.81075740118,1.1722320016971568,0.04459697757819457
64013.295426009514,1.1827369194429789,0.044023110760721705
64015.78009461784,1.1931667981705634,0.04347959692537725
64018.26476322617,1.2035158090383398,0.04296867727434305
64020.749431834505,1.213778154195823,0.042492553360790095
64023.23410044283,1.2239480705326848,0.04205336536504591
64025.718769051164,1.2340198334194277,0.04165316863355367
64028.2034376595,1.2439877604360194,0.04129390890337186
64030.68810626783,1.2538462150859857,0.040977396767699584
64033.17277487616,1.2635896104938582,0.04070528206118307
64035.657443484495,1.2732124130818208,0.04047902894675529
64038.14211209283,1.2827091462236384,0.04029989255382744
64040.62678070115,1.292074393873584,0.04016889804111947
64043.11144930949,1.3013028041664019,0.040086822926507656
64045.59611791782,1.3103890929864308,0.04005418343689974
64048.08078652615,1.3193280475023441,0.04007122548663304
64050.56545513448,1.3281145296663524,0.04013792069883504
64053.05012374281,1.3367434796729354,0.04025396765730429
64055.53479235114,1.3452099193760763,0.04041879833336965
64058.01946095948,1.3535089556618376,0.040631589393773045
64060.50412956781,1.3616357837730984,0.04089127788141009
64062.98879817614,1.3695856905848216,0.04119658058868429
64065.47346678447,1.3773540578264039,0.04154601632173846
64067.9581353928,1.384936365248502,0.04193793019256416
64070.44280400113,1.3923281937327057,0.042370519069495814
64072.927472609466,1.3995252283405626,0.0428418573619627
64075.41214121779,1.4065232612993763,0.04334992240073409
64077.896809826125,1.4133181949239575,0.04389261878837329
64080.38147843446,1.419906044469377,0.0444678012237349
64082.86614704279,1.4262829409148734,0.045073295437278005
64085.35081565112,1.432445133674544,0.04570691700140802
64087.835484259456,1.4383889932344867,0.04636648789497411
64090.32015286778,1.4441110137116553,0.047049850799029874
64092.804821476115,1.4496078153354495,0.04775488117962031
64095.28949008445,1.4548761468469171,0.04847949727351329
64097.77415869278,1.459912887815658,0.04922166813422262
64100.258827301106,1.4647150508708098,0.0499794199218237
64102.74349590944,1.4692797838456957,0.05075084063317127
64105.22816451777,1.4736043718329062,0.05153408347098298
64107.712833126105,1.4776862391491972,0.05232736904553524
64110.19750173444,1.481522951207067,0.053128986590846514
64112.68217034277,1.4851122162927366,0.05393729436347332
64115.1668389511,1.4884518872478312,0.05475071937472035
64117.65150755943,1.4915399630540513,0.05556775659032922
64120.13617616776,1.4943745903185495,0.05638696771383963
64122.620844776095,1.4969540646593946,0.05720697965391136
64125.10551338442,1.4992768319888443,0.05802648276043555
64127.59018199275,1.5013414896941277,0.05884422890018482
64130.074850601086,1.5031467877143327,0.059659029430488536
64132.55951920942,1.504691629511049,0.060469753118738145
64135.04418781775,1.505975072934637,0.06127532404597774
64137.528856426085,1.5069963309812506,0.06207471952469278
64140.01352503442,1.5077547724434501,0.06286696805397939
64142.49819364274,1.5082499224509365,0.06365114733042723
64144.982862251076,1.508481462902474,0.06442638232691571
64147.46753085941,1.508449232787586,0.06519184344903704
64149.95219946774,1.5081532283968717,0.06594674477450445
64152.43686807607,1.507593603422459,0.06669034237957132
64154.9215366844,1.5067706689458746,0.0674219327532954
64157.40620529273,1.5056848933151847,0.0681408512997048
64159.890873901066,1.504336901909046,0.06884647092636628
64162.3755425094,1.5027274767903827,0.06953820071727393
64164.86021111773,1.5008575562461217,0.07021548468648758
64167.34487972606,1.4987282342170807,0.07087780060974432
64169.82954833439,1.4963407596142453,0.07152465892963285
64172.31421694272,1.493696535524927,0.07215560173068528
64174.798885551056,1.490797118307331,0.07277020178015058
64177.28355415938,1.4876442165739947,0.0733680616304782
64179.768222767714,1.4842396900660075,0.07394881277913423
64182.25289137605,1.4805855484169503,0.07451211488222927
64184.73755998438,1.476683949808237,0.07505765501763222
64187.22222859271,1.4725371995166605,0.07558514699434794
64189.706897201046,1.4681477483544012,0.07609433070404147
64192.19156580937,1.4635181910032469,0.07658497151186797
64194.676234417704,1.4586512642433456,0.0770568596830487
64197.16090302604,1.4535498450782631,0.07750980984228549
64199.64557163437,1.4482169487572742,0.07794366046309713
64202.130240242695,1.4426557266960154,0.07835827338455238
64204.61490885103,1.4368694642974307,0.07875353335253064
64207.09957745936,1.4308615786738526,0.07912934758351528
64209.584246067694,1.4246356162723972,0.07948564534849036
64212.06891467603,1.4181952504045325,0.07982237757479625
64214.55358328436,1.4115442786830315,0.0801395164642226
64217.03825189269,1.4046866203655775,0.08043705512530765
64219.52292050102,1.397626313610302,0.08071500721817369
64222.00758910935,1.390367512641129,0.08097340661047568
64224.492257717684,1.3829144848295059,0.08121230704262122
64226.97692632601,1.3752716076904983,0.0814317818012097
64229.46159493434,1.3674433657978526,0.08163192339917556
64231.946263542675,1.359434347620077,0.08181284326133295
64234.43093215101,1.3512492422782072,0.08197467141439695
64236.91560075934,1.3428928362298878,0.08211755618006716
64239.400269367674,1.3343700098808322,0.08224166387039372
64241.88493797601,1.3256857341261565,0.0823471784841381
64244.36960658433,1.31684506682485,0.08243430140357343
64246.854275192665,1.3078531492090817,0.08250325109036374
64249.338943801,1.2987152022321384,0.08255426277997618
64251.82361240933,1.2894365228569384,0.08258758817364475
64254.30828101766,1.2800224802875175,0.08260349512709679
64256.79294962599,1.2704785121478799,0.0826022673352495
64259.27761823432,1.2608101206091578,0.08258420401209782
64261.762286842655,1.2510228684696767,0.08254961956504313
64264.24695545099,1.2411223751895557,0.08249884326296396
64266.73162405932,1.231114312883787,0.08243221889712923
64269.21629266765,1.2210044022765196,0.08235010443453192
64271.70096127598,1.2107984086194197,0.08225287166249266
64274.18562988431,1.200502137577327,0.0821409058243562
64276.670298492645,1.190121431085056,0.08201460524497566
64279.15496710097,1.1796621631768327,0.08187438094575267
64281.6396357093,1.169130235793638,0.08172065624824988
64284.12430431764,1.1585315745700033,0.08155386636573816
64286.60897292597,1.147872124604265,0.08137445798197744
64289.0936415343,1.1371578462157144,0.0811828888164607
64291.578310142635,1.1263947106911956,0.08097962717549337
64294.06297875096,1.1155886960250403,0.08076515148832256
64296.54764735929,1.1047457826553506,0.08053994982767383
64299.032315967626,1.0938719492003228,0.08030451941390579
64301.51698457596,1.0829731681970525,0.08005936610230777
64304.001653184285,1.0720554018470334,0.07980500385266502
64306.48632179262,1.0611245977713508,0.07954195418066133
64308.97099040095,1.0501866847786208,0.07927074559032077
64311.45565900928,1.0392475686487876,0.07899191298722091
64313.940327617616,1.02831312793761,0.07870599707167487
64316.42499622595,1.0173892098022,0.07841354371173707
64318.90966483428,1.006481625854046,0.07811510329541492
64321.39433344261,0.995596148040462,0.0778112300620552
64323.87900205094,0.9847385045585992,0.07750248141248904
64326.36367065927,0.9739143758053237,0.07718941719813065
64328.8483392676,0.963129390366017,0.0768725989887929
64331.33300787593,0.9523891210442375,0.07655258931977729
64333.817676484265,0.9416990809379352,0.07622995091819575
64336.3023450926,0.9310647195627012,0.07590524590946537
64338.78701370093,0.920491419026409,0.07557903500439982
64341.27168230926,0.9099844902580868,0.07525187666797231
64343.756350917596,0.8995491692934049,0.07492432627086204
64346.24101952592,0.8891906136211876,0.07459693522523106
64348.725688134255,0.8789138985909425,0.07427025010623316
64351.21035674259,0.868724013887921,0.07394481176137764
64353.69502535092,0.8586258600752641,0.07362115440967482
64356.179693959246,0.8486242452077017,0.07329980473326576
64358.66436256758,0.8387238815186797,0.07298128096402716
64361.14903117591,0.828929382184469,0.0726660919684357
64363.633699784245,0.8192452581660238,0.07235473633373773
64366.11836839258,0.809675915133225,0.07204770145928668
64368.60303700091,0.8002256504720149,0.07174546265652451
64371.087705609236,0.7908986503778094,0.0714484822622181
64373.57237421757,0.7816989870373078,0.07115720876869185
64376.0570428259,0.7726306159005965,0.0708720759760714
64378.541711434234,0.7636973730460382,0.07059350217082581
64381.02638004256,0.754902972639405,0.07032188933572447
64383.51104865089,0.7462510044898856,0.07005762239581254
64385.995717259226,0.7377449317047584,0.06980106850559532
64388.48038586756,0.729388088443855,0.06955257638209372
64390.96505447589,0.7211836777763342,0.06931247568871453
64393.449723084224,0.713134769641259,0.06908107647449233
64395.93439169255,0.7052442989129812,0.06885866867337209
64398.41906030088,0.6975150635736099,0.06864552166753742
64400.903728909216,0.689949722993342,0.0684418839186829
64403.38839751755,0.6825507963203153,0.0682479826709304
64405.873066125874,0.6753206609810595,0.06806402372810243
64408.35773473421,0.6682615512922856,0.06789019130809598
64410.84240334254,0.6613755571862708,0.06772664797640965
64413.32707195087,0.654664623048835,0.06757353465982363
64415.811740559206,0.6481305466730637,0.06743097074157953
64418.29640916754,0.6417749783271529,0.06729905423752187
64420.78107777587,0.635599419939124,0.06717786205312415
64423.2657463842,0.6296052243975474,0.06706745031980425
64425.75041499253,0.623793594969286,0.06696785480883667
64428.23508360086,0.6181655848350728,0.06687909141997812
64430.71975220919,0.6127220967420561,0.06680115674190075
64433.20442081752,0.6074638827745732,0.06673402868014214
64435.689089425854,0.6023915442429956,0.06667766714865418
64438.17375803419,0.5975055316898703,0.06663201481950429
64440.65842664252,0.5928061450146149,0.06659699792567855
64443.14309525085,0.5882935337151015,0.06657252711109435
64445.627763859186,0.5839676972471664,0.06655849832155171
64448.11243246751,0.5798284855006781,0.06655479373059435
64450.597101075844,0.5758755993918934,0.06656128269326579
64453.08176968418,0.5721085915722092,0.06657782272158384
64455.56643829251,0.5685268672514325,0.06660426047455288
64458.051106900835,0.5651296851358459,0.0666404327565801
64460.53577550917,0.5619161584796557,0.06668616751720932
64463.0204441175,0.5588852562491722,0.06674128484619049
64465.505112725834,0.556035804398167,0.0668055979576553
64467.98978133417,0.5533664872539509,0.06687891415719716
64470.4744499425,0.5508758490124989,0.06696103578685343
64472.959118550825,0.5485622953412699,0.06705176114225188
64475.44378715916,0.5464240950887836,0.06715088535755115
64477.92845576749,0.5444593820986473,0.0672582012534774
64480.413124375824,0.5426661571274607,0.06737350014473174
64482.89779298415,0.5410422898641128,0.06749657260319195
64485.38246159248,0.5395855210492025,0.06762720917386998
64487.867130200815,0.5382934646923121,0.06776520104106143
64490.35179880915,0.5371636103858183,0.06791034064262932
64492.83646741748,0.5361933257129338,0.06806242223063903
64495.321136025814,0.5353798587478302,0.06822124237714342
64497.80580463414,0.5347203406457082,0.06838660042437267
64500.29047324247,0.5342117883210443,0.06855829887878341
64502.775141850805,0.5338511072112645,0.06873614374892888
64505.25981045914,0.5336350941235216,0.06891994482756733
64507.74447906746,0.5335604401627071,0.06910951591850253
64510.2291476758,0.5336237337373255,0.06930467500912296
64512.71381628413,0.533821463641614,0.06950524439003948
64515.19848489246,0.5341500222106963,0.06971105072293347
64517.683153500795,0.5346057085463689,0.06992192505883602
64520.16782210913,0.5351847318106893,0.07013770280822507
64522.65249071746,0.5358832145848366,0.0703582236655361
64525.137159325786,0.5366971962901425,0.0705833314900062
64527.62182793412,0.537622636668437,0.0708128741454842
64530.10649654245,0.5386554193192382,0.07104670330176044
64532.59116515078,0.53979135529018,0.07128467419990277
64535.07583375911,0.5410261867182689,0.07152664538449977
64537.56050236744,0.5423555905184627,0.07177247840561682
64540.045170975776,0.5437751821168303,0.07202203749316552
64542.52983958411,0.5452805192251263,0.0722751892068752
64545.01450819244,0.5468671056535023,0.07253180206446369
64547.499176800775,0.5485303951582852,0.07279174615114092
64549.9838454091,0.550265795321609,0.07305489271344662
64552.46851401743,0.5520686714600261,0.07332111373999402
64554.953182625766,0.5539343505578577,0.07359028153239533
64557.4378512341,0.5558581252235637,0.07386226826892162
64559.922519842425,0.557835257664412,0.07413694556387664
64562.40718845076,0.559860983677071,0.07441418402518525
64564.89185705909,0.5619305166503897,0.07469385281312708
64567.37652566742,0.5640390515775311,0.07497581920253249
64569.861194275756,0.5661817690734634,0.07525994815106544
64572.34586288409,0.5683538393952613,0.0755461018759443
64574.830531492415,0.5705504264614493,0.07583413944131946
64577.31520010075,0.5727666918670642,0.07612391635862095
64579.79986870908,0.574997798891712,0.0764152842016943
64582.28453731741,0.5772389164964884,0.07670809023888
64584.76920592574,0.5794852233073122,0.07700217708364922
64587.25387453407,0.5817319115807821,0.07729738236555622
64589.738543142405,0.5839741911499526,0.07759353842302742
64592.22321175074,0.5862072933460388,0.07789047201927346
64594.70788035907,0.5884264748937971,0.0781880040826675
64597.1925489674,0.5906270217765477,0.07848594947264072
64599.67721757573,0.5928042530683776,0.07878411677207374
64602.16188618406,0.594953524729934,0.07908230810691103
64604.646554792394,0.5970702333650301,0.07938031899378081
64607.13122340073,0.5991498199350853,0.07967793821610748
64609.61589200905,0.601187773428162,0.07997494772901573
64612.100560617386,0.6031796344798065,0.08027112259344378
64614.58522922572,0.6051209989426711,0.08056623093945799
64617.06989783405,0.6070075214024973,0.08086003395883974
64619.554566442384,0.6088349186367652,0.08115228592679607
64622.03923505072,0.6105989730143139,0.0814427342526032
64624.52390365905,0.6122955358324788,0.08173111955877302
64627.008572267376,0.6139205305892291,0.08201717578837245
64629.49324087571,0.6154699561880166,0.08230063033993482
64631.97790948404,0.6169398900725517,0.08258120422936736
64634.46257809237,0.6183264912888619,0.08285861227807646
64636.9472467007,0.619626003472971,0.08313256332667143
64639.43191530903,0.6208347577606899,0.08340276047335668
64641.916583917366,0.621949175618416,0.0836689013360161
64644.4012525257,0.6229657715918698,0.08393067833733743
64646.88592113403,0.6238811559713701,0.08418777901168449
64649.370589742364,0.6246920373706919,0.08443988633295277
64651.85525835069,0.6253952252185233,0.08468667906230148
64654.33992695902,0.625987632159839,0.08492783211465653
64656.824595567356,0.6264662763657467,0.08516301694306275
64659.30926417569,0.6268282837498304,0.08539190193973695
64661.793932784014,0.6270708900897131,0.08561415285279277
64664.27860139235,0.627191443051679,0.08582943321761079
64666.76327000068,0.6271874041172678,0.0860374048018142
64669.24793860901,0.6270563504104568,0.0862377280628383
64671.732607217346,0.6267959764235652,0.08643006261712224
64674.21727582568,0.626404095641422,0.08661406771994648
64676.701944434004,0.625878642061939,0.08678940275503438
64679.18661304234,0.6252176716122754,0.08695572773298603
64681.67128165067,0.6244193634598957,0.08711270379771797
64684.155950259,0.6234820212170635,0.08725999374014881
64686.64061886733,0.6224040740383245,0.08739726251827414
64689.12528747566,0.6211840776102422,0.08752417778304365
64691.609956083994,0.6198207150327589,0.08764041040927287
64694.09462469233,0.6183127975914079,0.08774563503107503
64696.57929330066,0.6166592654203322,0.08783953058118554
64699.06396190899,0.6148591880554999,0.08792178083373364
64701.54863051732,0.6129117648777286,0.08799207494997963
64704.03329912565,0.6108163254459171,0.08805010802669933
64706.517967733984,0.608572329719697,0.0880955816467865
64709.00263634232,0.6061793681721461,0.08812820443189003
64711.48730495064,0.6036371617920481,0.08814769259688857
64713.971973558975,0.6009455619766764,0.08815377050596618
64716.45664216731,0.5981045503147944,0.0881461712302991
64718.94131077564,0.5951142382603468,0.08812463710726755
64721.425979383974,0.5919748666975897,0.08808892030131636
64723.91064799231,0.5886868053980274,0.08803878336641952
64726.39531660064,0.5852505523698617,0.08797399981050764
64728.879985208965,0.5816667331006456,0.08789435466189746
64731.3646538173,0.5779360996941196,0.08779964503823297
64733.84932242563,0.5740595299020893,0.08768968071806738
64736.33399103396,0.5700380260522903,0.08756428471574557
64738.81865964229,0.5658727138732815,0.08742329385992076
64741.30332825062,0.5615648412180416,0.08726655937636688
64743.787996858955,0.5571157766866965,0.08709394747571597
64746.27266546729,0.5525270081505395,0.08690533994680133
64748.75733407562,0.5478001411782335,0.08670063475643865
64751.24200268395,0.5429368973659892,0.08647974665643497
64753.72667129228,0.537939112573281,0.08624260779886164
64756.21133990061,0.5328087350654389,0.08598916836049106
64758.696008508945,0.5275478235655363,0.08571939717753858
64761.18067711728,0.5221585452165988,0.08543328239186201
64763.6653457256,0.5166431734567036,0.08513083210979155
64766.150014333936,0.511004085808367,0.08481207507495181
64768.63468294227,0.5052437615847961,0.08447706135639554
64771.1193515506,0.4993647795145341,0.08412586305350288
64773.604020158935,0.4933698152870991,0.0837585750190612
64776.08868876727,0.4872616390217666,0.08337531560221258
64778.57335737559,0.4810431126614968,0.08297622741262049
64781.058025983926,0.474717187294578,0.08256147810769864
64783.54269459226,0.4682869004065782,0.08213126120432936
64786.02736320059,0.4617553730646169,0.08168579691684358
64788.51203180892,0.4551258070368081,0.08122533302269382
64790.99670041725,0.4484014818491518,0.0807501457575564
64793.48136902558,0.4415857517830424,0.08026054074111325
64795.966037633916,0.4346820428151449,0.0797568539349799
64798.45070624225,0.4276938495032704,0.07923945263386879
64800.93537485058,0.42062473182034354,0.07870873649090337
64803.42004345891,0.413478311939678,0.07816513857772622
64805.90471206724,0.4062582709737652,0.07760912647957463
64808.38938067557,0.398968345670455,0.0770412034251596
64810.874049283906,0.3916123250681959,0.07646190945042058
64813.35871789223,0.38419404711428284,0.07587182259467373
64815.843386500565,0.37671739524819714,0.0752715601266981
64818.3280551089,0.3691862949538773,0.07466177979738572
64820.81272371723,0.3616047102832218,0.0740431811141408
64823.29739232556,0.353976640353845,0.07341650663113022
64825.782060933896,0.34630611582477255,0.07278254324730421
64828.26672954223,0.33859719535236793,0.07214212350273819
64830.751398150554,0.3308539620297969,0.07149612686100827
64833.23606675889,0.3230805198133409,0.07084548096309114
64835.72073536722,0.31528098993828557,0.07019116283527149
64838.205403975546,0.30745950732755856,0.069534200030135
64840.69007258388,0.2996202169961882,0.06887567167606623
64843.17474119221,0.29176727045483325,0.06821670940668006
64845.659409800544,0.2839048221149674,0.06755849813707503
64848.14407840888,0.27603702569955435,0.06690227664891024
64850.62874701721,0.2681680306612256,0.06624933794161815
64853.11341562554,0.26030197861206844,0.06560102930120645
64855.59808423387,0.2524429997673283,0.06495875203335325
64858.0827528422,0.24459520940623758,0.06432396080179652
64860.567421450534,0.23676270435305274,0.0636981625083989
64863.05209005887,0.22894955948118423,0.06308291464698262
64865.53675866719,0.22115982424335265,0.06247982305919356
64868.021427275526,0.2133975192305935,0.06189053901931064
64870.50609588386,0.2056666327634163,0.06131675557434841
64872.99076449219,0.19797111751727783,0.060760203067718704
64875.475433100524,0.1903148871858732,0.060222643780162184
64877.96010170886,0.18270181318456735,0.059705865629755564
64880.44477031718,0.17513572139694666,0.05921167488511344
64882.929438925516,0.16762038896713466,0.058741887862479705
64885.41410753385,0.16015954114056286,0.058298321599128164
64887.89877614218,0.15275684815573137,0.05788278352069985
64890.38344475051,0.14541592218963645,0.05749706015112838
64892.86811335884,0.13814031435918317,0.05714290494818842
64895.35278196717,0.13093351178160686,0.056822025384530565
64897.837450575505,0.12379893469543651,0.056536069433907946
64900.32211918384,0.11673993364523642,0.056286611660329645
64902.80678779217,0.1097597867318494,0.05607513914496763
64905.2914564005,0.10286169693071706,0.05590303751744267
64907.77612500883,0.09604878948013437,0.05577157738254716
64910.26079361716,0.08932410934212058,0.05568190144893154
64912.745462225495,0.08269061873729537,0.05563501266969803
64915.23013083382,0.07615119475617842,0.05563176369558775
64917.714799442154,0.06970862704878109,0.05567284791797405
64920.19946805049,0.06336561559433707,0.05575879234254655
64922.68413665882,0.05712476855278773,0.05588995248568484
64925.16880526715,0.050988600200013244,0.056066509426589056
64927.653473875485,0.044959528948252905,0.05628846908287039
64930.13814248382,0.039039875453382646,0.056555663707844823
64932.622811092144,0.03323186081053503,0.05686775553991428
64935.10747970048,0.027537604839329932,0.05722424247002934
64937.59214830881,0.021959124460388526,0.057624465537360926
64940.076816917135,0.016498332164104276,0.058067618017554154
64942.56148552547,0.011157034572726232,0.05855275583476711
64945.0461541338,0.005936931097416665,0.059078809008710986
64947.530822742134,0.0008396126907814811,0.059644593841109275
64950.01549135047,-0.004133439304153243,0.06024882555111412
64952.5001599588,-0.008980854207216935,0.0608901310855182
64954.98482856713,-0.013701372956480865,0.061567061853474186
64957.46949717546,-0.018293848964579987,0.062278106166367815
64959.95416578379,-0.022757248875509912,0.06302170119796177
64962.438834392124,-0.027090653221548282,0.06379624431541572
64964.92350300046,-0.031293256979567655,0.06460010366833577
64967.40817160878,-0.03536437002663803,0.06543162795661596
64969.892840217115,-0.03930341749457039,0.06628915532901081
64972.37750882545,-0.04310994002314621,0.06717102139196109
64974.86217743378,-0.04678359391212738,0.06807556633121059
64977.34684604211,-0.050324151171693365,0.06900114116837909
64979.83151465045,-0.05373149947193602,0.06994611318873935
64982.31618325877,-0.05700564199094019,0.07090887058861162
64984.800851867105,-0.060146697162160256,0.07188782639746764
64987.28552047544,-0.06315489832132422,0.07288142173525705
64989.77018908377,-0.06603059325296665,0.07388812846719697
64992.254857692096,-0.06877424363766754,0.07490645131872359
64994.73952630043,-0.07138642440000639,0.07593492951162747
64997.22419490876,-0.07386782295824029,0.0769721379800819
64999.708863517095,-0.0762192383764294,0.07801668822133065
65002.19353212543,-0.07844158041957955,0.07906722883242419
65004.67820073376,-0.08053586851298362,0.08012244577966061
65007.162869342086,-0.0825032306067318,0.08118106244300131
65009.64753795042,-0.08434490194619938,0.08224183947345275
65012.13220655875,-0.0860622237499769,0.08330357449716552
65014.616875167085,-0.08765664179618293,0.0843651016957783
65017.10154377541,-0.08912970491867425,0.08542529128894571
65019.58621238374,-0.0904830634143231,0.08648304894154468
65022.070880992076,-0.09171846736295375,0.08753731511445298
65024.55554960041,-0.0928377648614349,0.08858706437574426
65027.04021820874,-0.0938429001731791,0.08963130468572378
65029.524886817075,-0.09473591179540711,0.09066907666757844
65032.00955542541,-0.0955189304451065,0.09169945287311285
65034.49422403373,-0.09619417696584479,0.09272153705158546
65036.978892642066,-0.0967639601574317,0.09373446342765993
65039.4635612504,-0.09723067452995131,0.09473739599386213
65041.948229858725,-0.09759679798433764,0.09572952782125517
65044.43289846706,-0.09786488942167945,0.09671008039123555
65046.91756707539,-0.09803758628288162,0.09767830295084139
65049.40223568372,-0.09811760202126849,0.09863347189289538
65051.886904292056,-0.09810772351006325,0.09957489016190106
65054.37157290039,-0.09801080838707517,0.10050188668626019
65056.85624150872,-0.09782978233885241,0.10141381583679152
65059.34091011705,-0.09756763632663401,0.1023100569112554
65061.82557872538,-0.09722742375643018,0.10319001364467459
65064.31024733371,-0.09681225759580418,0.104053113744287
65066.794915942046,-0.0963253074397428,0.10489880844879487
65069.27958455037,-0.09576979652789545,0.10572657211057676
65071.764253158704,-0.09514899871616841,0.10653590180000833
65074.24892176704,-0.09446623540483759,0.10732631693075971
65076.73359037537,-0.09372487242615914,0.10809735890478177
65079.2182589837,-0.09292831689353169,0.10884859077615615
65081.702927592036,-0.09208001401566616,0.10957959693218908
65084.18759620036,-0.0911834438777804,0.1102899827910451
65086.672264808694,-0.09024211819288545,0.11097937451440862
65089.15693341703,-0.08925957702572865,0.11164741873431247
65091.64160202536,-0.08823938549235982,0.11229378229290045
65094.126270633686,-0.08718513043777218,0.11291815199413019
65096.61093924202,-0.08610041709469814,0.11352023436641491
65099.09560785035,-0.08498886572620536,0.11409975543505554
65101.580276458684,-0.08385410825493557,0.11465646050394111
65104.06494506702,-0.0826997848817687,0.11519011394501019
65106.54961367535,-0.08152954069680754,0.11570049899524563
65109.034282283676,-0.08034702228531969,0.11618741755986099
65111.51895089201,-0.07915587433182347,0.11665069002135174
65114.00361950034,-0.0779597362246389,0.11709015505328453
65116.488288108674,-0.07676223866409049,0.11750566943840006
65118.972956717,-0.07556700027710812,0.11789710789030383
65121.45762532533,-0.07437762424090083,0.11826436287799559
65123.942293933665,-0.07319769491850239,0.1186073444528013
65126.426962542,-0.07203077450912546,0.11892598007714959
65128.91163115033,-0.07088039971598732,0.11922021445447488
65131.396299758664,-0.06975007843410372,0.11949000936000195
65133.880968367,-0.06864328646126958,0.11973534347175743
65136.36563697532,-0.06756346423452683,0.11995621220140384
65138.850305583655,-0.06651401359480305,0.12015262752455902
65141.33497419199,-0.06549829458268899,0.12032461781003548
65143.819642800314,-0.06451962226750664,0.12047222764778415
65146.30431140865,-0.06358126361277068,0.12059551767506752
65148.78898001698,-0.06268643438000132,0.1206945644005435
65151.27364862531,-0.06183829607393044,0.12076946002593471
65153.758317233645,-0.06103995293131045,0.12082031226499687
65156.24298584198,-0.06029444895583581,0.12084724415941113
65158.72765445031,-0.059604765001510976,0.12085039389133224
65161.21232305864,-0.05897381590689267,0.12082991459235236
65163.69699166697,-0.05840444768246322,0.12078597414846642
65166.1816602753,-0.05789943475351367,0.12071875500102801
65168.666328883635,-0.05746147726054295,0.1206284539430725
65171.15099749196,-0.0570931984195125,0.12051528191105083
65173.635666100294,-0.05679714194405352,0.12037946377151468
65176.12033470863,-0.05657576953154632,0.12022123810262554
65178.60500331696,-0.05643145841527601,0.12004085697015615
65181.08967192529,-0.056366498984456434,0.11983858569765496
65183.574340533625,-0.056383092474075636,0.1196147026306912
65186.05900914195,-0.05648334872646731,0.1193694988947443
65188.543677750284,-0.05666928402611093,0.11910327814649987
65191.02834635862,-0.056942819009777865,0.11881635631838627
65193.51301496695,-0.057305776653346,0.11850906135586849
65195.997683575275,-0.05775988033689353,0.11818173294737494
65198.48235218361,-0.0583067519898592,0.11783472224646777
65200.96702079194,-0.058947910317299665,0.11746839158603009
65203.45168940027,-0.05968476910900428,0.11708311418396218
65205.93635800861,-0.06051863563255706,0.11667927384033382
65208.42102661694,-0.06145070911167558,0.11625726462541346
65210.905695225265,-0.0624820792909262,0.11581749055831368
65213.3903638336,-0.06361372508808244,0.11536036527592748
65215.87503244193,-0.06484651333484982,0.11488631169173869
65218.35970105026,-0.066181197607338,0.11439576164409525
65220.84436965859,-0.06761841714681786,0.11388915553359616
65223.32903826692,-0.06915869587158675,0.11336694194923565
65225.813706875255,-0.07080244148099578,0.11282957728272136
65228.29837548359,-0.07254994465196825,0.1122775253307502
65230.78304409192,-0.07440137832862777,0.11171125688472622
65233.26771270025,-0.07635679710586239,0.11113124930739282
65235.752381308586,-0.07841613670679441,0.11053798609618215
65238.23704991691,-0.0805792135549053,0.10993195643256108
65240.721718525245,-0.0828457244409278,0.1093136547172381
65243.20638713358,-0.08521524628464051,0.10868358009054334
65245.69105574191,-0.087687235991906,0.10804223593775779
65248.175724350236,-0.0902610304068275,0.10739012937890625
65250.66039295857,-0.09293584635918396,0.10672777074263995
65253.1450615669,-0.09571078080677385,0.1060556730238655
65255.629730175235,-0.09858481107275001,0.10537435132482315
65258.11439878357,-0.10155679517770078,0.10468432227928887
65260.5990673919,-0.10462547226595409,0.10398610345963266
65263.083736000226,-0.10778946312588891,0.10328021276661635
65265.56840460856,-0.111047270803824,0.10256716780177286
65268.05307321689,-0.11439728131066387,0.10184748522220859
65270.537741825225,-0.11783776442111257,0.10112168007804051
65273.02241043355,-0.12136687456441794,0.10039026513238511
65275.50707904188,-0.12498265180607906,0.09965375016414389
65277.991747650216,-0.1286830229196646,0.09891264125405223
65280.47641625855,-0.13246580254783116,0.09816744005418418
65282.96108486688,-0.13632869445148277,0.09741864304167472
65285.445753475215,-0.14026929284633233,0.09666674075726236
65287.93042208354,-0.14428508382551125,0.09591221702960477
65290.41509069187,-0.1483734468671679,0.09515554818638235
65292.899759300206,-0.15253165642565486,0.09439720225331143
65295.38442790854,-0.15675688360553283,0.09363763814273936
65297.869096516864,-0.16104619791638308,0.09287730483309124
65300.3537651252,-0.16539656910750422,0.0921166405414188
65302.83843373353,-0.16980486908076858,0.09135607189067317
65305.32310234186,-0.17426787388032833,0.09059601307437445
65307.807770950196,-0.17878226575734935,0.08983686502101512
65310.29243955853,-0.18334463530841008,0.0890790145609129
65312.777108166854,-0.18795148368551265,0.08832283359880555
65315.26177677519,-0.19259922487655048,0.0875686782950989
65317.74644538352,-0.1972841880536373,0.08681688825960036
65320.23111399185,-0.2020026199882221,0.08606778576125529
65322.71578260018,-0.20675068753076206,0.08532167495803078
65325.20045120851,-0.21152448015286865,0.08457884115100865
65327.685119816844,-0.21632001255032546,0.08383955006729048
65330.16978842518,-0.22113322730464471,0.0831040471760763
65332.65445703351,-0.22595999760129876,0.08237255704291906
65335.13912564184,-0.23079613000238655,0.08164528272696854
65337.623794250176,-0.23563736727176202,0.0809224052262035
65340.1084628585,-0.24047939125033443,0.08020408297593262
65342.593131466834,-0.24531782577932348,0.07949045140567874
65345.07780007517,-0.25014823966934413,0.07878162255963234
65347.5624686835,-0.2549661497129984,0.07807768478607827
65350.047137291825,-0.2597670237386492,0.07737870250080738
65352.53180590016,-0.2645462837031999,0.07668471602975262
65355.01647450849,-0.26929930882124176,0.07599574153589952
65357.501143116824,-0.27402143872862716,0.07531177103522939
65359.98581172516,-0.2787079766776814,0.07463277250659014
65362.47048033349,-0.2833541927620413,0.07395869009994238
65364.955148941815,-0.28795532716819283,0.073289444447345
65367.43981755015,-0.2925065934519376,0.07262493308082434
65369.92448615848,-0.29700318183672497,0.07196503096097752
65372.409154766814,-0.30144026253178524,0.07130959112004268
65374.89382337514,-0.3058129890674172,0.07065844542281638
65377.37849198347,-0.31011650164516463,0.07001140544873488
65379.863160591805,-0.3143459305000617,0.06936826349817339
65382.34782920014,-0.31849639927284434,0.0687287937258509
65384.83249780847,-0.32256302838950124,0.06809275340440137
65387.317166416804,-0.3265409384455063,0.06745988432063832
65389.80183502513,-0.3304252535926589,0.06682991430779392
65392.28650363346,-0.334211104925734,0.06620255891637962
65394.771172241795,-0.3378936338666006,0.06557752322728383
65397.25584085013,-0.3414679955433669,0.06495450381046988
65399.740509458454,-0.34492936216209535,0.06433319083351959
65402.22517806679,-0.3482729263687352,0.06371327032452233
65404.70984667512,-0.3514939045987414,0.06309442659493404
65407.19451528345,-0.35458754041202384,0.06247634482852442
65409.679183891785,-0.3575491078109573,0.061858713843856716
65412.16385250012,-0.36037391453888784,0.06124122903882185
65414.648521108444,-0.36305730535713965,0.06062359552723637
65417.13318971678,-0.3655946652976729,0.06000553147897099
65419.61785832511,-0.3679814228898632,0.05938677167694232
65422.10252693344,-0.3702130533581861,0.05876707130605346
65424.58719554177,-0.3722850817896376,0.05814620999153022
65427.0718641501,-0.3741930862678129,0.05752399610598461
65429.55653275843,-0.3759327009719287,0.056900271367143485
65432.04120136677,-0.37749961923853054,0.056274915750497076
65434.5258699751,-0.3788895965838945,0.05564785274367279
65437.01053858343,-0.38009845368473905,0.055019054971707566
65439.495207191765,-0.3811220793157368,0.05438855022446632
65441.97987580009,-0.3819564332413606,0.053756427919964773
65444.46454440842,-0.38259754906030147,0.05312284603794606
65446.94921301676,-0.3830415370006516,0.05248803855987871
65449.43388162509,-0.38328458666387927,0.05185232345018446
65451.918550233415,-0.3833229697156951,0.051216111212609806
65454.40321884175,-0.383153042522294,0.050579914051132706
65456.88788745008,-0.38277124872985235,0.049944355659127734
65459.37255605841,-0.38217412178619353,0.049310181650062464
65461.857224666746,-0.38135828740224187,0.048678270628887806
65464.34189327508,-0.380320465952353,0.04804964588383636
65466.826561883405,-0.3790574748116294,0.047425487650692884
65469.31123049174,-0.377566230628759,0.04680714586695104
65471.79589910007,-0.37584375153314414,0.0461961532875028
65474.2805677084,-0.3738871592748021,0.04559423877598691
65476.76523631673,-0.37169368129563335,0.045003340515344305
65479.24990492506,-0.36926065273102776,0.044425618795620396
65481.734573533395,-0.3665855183404883,0.04386346793644951
65484.21924214173,-0.3636658343659966,0.043319526787458935
65486.70391075006,-0.3604992703172464,0.04279668712378172
65489.18857935839,-0.35708361068253924,0.0422980991225953
65491.67324796672,-0.35341675656457794,0.041827172978989906
65494.15791657505,-0.34949672723974323,0.04138757560941156
65496.642585183385,-0.34532166164083106,0.04098322131677634
65499.12725379172,-0.3408898197615122,0.04061825527731116
65501.61192240004,-0.33619958398248145,0.04029702878202049
65504.096591008376,-0.3312494603182103,0.040024065353018806
65506.58125961671,-0.3260380795838931,0.03980401718191256
65509.06592822504,-0.32056419848192336,0.03964161181724465
65511.550596833375,-0.3148267006073948,0.03954158965721536
65514.03526544171,-0.3088245973722614,0.03950863355394555
65516.51993405003,-0.30255702884769603,0.03954729264728659
65519.004602658366,-0.29602326452428335,0.03966190333185195
65521.4892712667,-0.2892227039900082,0.03985651091109956
65523.97393987503,-0.28215487752558016,0.04013479589255985
65526.45860848336,-0.2748194466170836,0.040500008931929773
65528.94327709169,-0.2672162043857273,0.04095491808626439
65531.42794570002,-0.25934507593509504,0.041501771292996384
65533.912614308356,-0.2512061186152866,0.042142275925834055
65536.39728291669,-0.24279952220454382,0.04287759601936533
65538.88195152502,-0.23412560900842674,0.043708366466690386
65541.36662013335,-0.22518483387645372,0.04463472234159344
65543.85128874169,-0.21597778413695884,0.045656340611539996
65546.33595735,-0.2065051794501096,0.04677249097037986
65548.82062595834,-0.1967678715793618,0.04798209234534249
65551.30529456667,-0.18676684408265232,0.04928377178556076
65553.789963175,-0.17650321192246762,0.05067592284156877
65556.27463178334,-0.16597822099652293,0.05215676110302446
65558.75930039167,-0.15519324758899017,0.053724375184205087
65561.243969,-0.14414979774316827,0.055376772055864464
