# wavelength_AA flux_arb_scaled
# # 2011-04-06 Magellan/IMACS 300l/mm; digitized from Rest+2012 Fig.3 (arxiv eta03_spec.pdf)
# # Source: Rest et al. 2012 Nature 482, 375 Fig.3; vector-digitized from arXiv e-print
# # NOTE: Not author ASCII. Arbitrary flux scale (figure offsets). For line typing only.
4.604519000000000233e+03 3.663059662730283605e-02
4.605117000000000189e+03 2.532840834591087997e-02
4.606311999999999898e+03 9.097517717848635499e-02
4.607506999999999607e+03 3.568312521234870971e-01
4.614676999999999680e+03 1.500207777069846315e-01
4.618261999999999716e+03 2.995651018683451738e-01
4.620054000000000087e+03 1.681806756154546889e-02
4.621248999999999796e+03 9.020756011920383344e-02
4.628418999999999869e+03 2.287187285761591582e-01
4.634992000000000189e+03 4.295687495889115581e-01
4.637381999999999607e+03 1.677069905982406794e-01
4.642162000000000262e+03 2.390728167277522687e-01
4.645747000000000298e+03 5.713962944665755828e-01
4.649930000000000291e+03 1.410186205554664340e-01
4.652319999999999709e+03 1.844270550526463381e-01
4.654710000000000036e+03 7.727425608803528689e-02
4.655904999999999745e+03 1.527985249641261589e-01
4.657100000000000364e+03 1.401788102679768500e-01
4.658295000000000073e+03 1.518323765272766579e-01
4.659489999999999782e+03 3.517601588087249098e-02
4.660087000000000444e+03 3.075937784582754020e-01
4.661282000000000153e+03 3.031459987892777264e-01
4.663671999999999571e+03 5.969012893353919935e-02
4.669646999999999935e+03 3.447823151378415218e-01
4.670841999999999643e+03 5.053963725844123900e-02
4.672037999999999556e+03 1.500715385705673199e-01
4.673233000000000175e+03 5.591577672139980137e-02
4.674427999999999884e+03 1.638536770427503342e-01
4.675024999999999636e+03 1.149517890867768344e-01
4.676220000000000255e+03 1.254874883280763243e-01
4.677414999999999964e+03 2.680228652479152984e-01
4.683390000000000327e+03 1.824434333057700641e-01
4.684585000000000036e+03 1.875302358463102337e-01
4.685779999999999745e+03 1.145338579766166376e-01
4.691158000000000357e+03 1.911596375924426994e-01
4.692353000000000065e+03 1.273532320695220932e-01
4.694743000000000393e+03 2.031375093690739320e-01
4.697132999999999811e+03 7.039164699587363572e-02
4.698328000000000429e+03 1.316329368791038235e-01
4.700717999999999847e+03 2.635203766481675203e-01
4.701912999999999556e+03 1.993169083701138433e-01
4.702510000000000218e+03 3.065847652921789290e-01
4.703704999999999927e+03 2.367524812524468558e-01
4.704899999999999636e+03 3.201345318110746518e-01
4.708485999999999876e+03 2.321885156068050904e-01
4.709680999999999585e+03 1.984223891518750449e-01
4.710876000000000204e+03 2.025565794858543711e-01
4.712070999999999913e+03 3.206652648403069961e-01
4.717448000000000320e+03 3.740723784011112940e-02
4.719837999999999738e+03 1.663420873774725806e-01
4.722228000000000065e+03 1.633358331913203898e-02
4.724618000000000393e+03 1.510303548826765763e-01
4.725813000000000102e+03 3.294535793122932432e-02
4.727007999999999811e+03 1.014099187022168280e-01
4.729996000000000095e+03 5.193556100695406741e-02
4.732386000000000422e+03 3.573833344744503648e-02
4.735970999999999549e+03 2.581955620583862299e-01
4.737166000000000167e+03 2.373666877017930332e-01
4.738360999999999876e+03 2.802269048722845213e-01
4.739555999999999585e+03 9.693168251506900646e-02
4.741945999999999913e+03 1.835449440455061421e-01
4.743140999999999622e+03 1.079913466704560676e-01
4.744934000000000196e+03 2.622942197878570525e-01
4.746128999999999905e+03 1.820373463971121097e-01
4.749713999999999942e+03 2.338506518843272985e-01
4.750908999999999651e+03 2.298546439012110199e-01
4.752104000000000269e+03 2.736336327025421511e-01
4.753298999999999978e+03 2.296922091377480157e-01
4.754493999999999687e+03 3.621999764188110760e-02
4.756884000000000015e+03 1.759686031510536708e-01
4.757480999999999767e+03 1.906305965919958822e-01
4.758676000000000386e+03 1.023647869471586702e-01
4.759871000000000095e+03 1.790847561654098641e-01
4.761065999999999804e+03 9.919054094448043202e-02
4.765845999999999549e+03 2.671689547205415849e-01
4.769430999999999585e+03 1.999344988770319631e-01
4.770626000000000204e+03 2.469565428516755645e-01
4.771820999999999913e+03 1.609095469549783886e-01
4.772418999999999869e+03 1.700047656897316628e-01
4.773613999999999578e+03 3.377874681362040832e-01
4.776003999999999905e+03 1.452424053722189967e-02
4.777198999999999614e+03 3.427507525753599182e-01
4.779588999999999942e+03 8.999831255932555507e-02
4.784368999999999687e+03 2.529316605049043432e-01
4.785564000000000306e+03 2.880485899407183581e-01
4.786162000000000262e+03 4.514162252747224713e-01
4.792136999999999716e+03 2.805664386486901307e-01
4.798112000000000080e+03 3.378630454219821999e-01
4.799306999999999789e+03 3.921658892631096904e-01
4.801099000000000160e+03 4.663330680098720649e-02
4.803488999999999578e+03 4.265490422153614958e-01
4.805878999999999905e+03 1.455842782298937266e-01
4.808269000000000233e+03 2.719038152735775427e-01
4.809463999999999942e+03 3.965555759437853212e-01
4.810658999999999651e+03 1.274253422548365933e-02
4.813048999999999978e+03 4.309257566753439406e-01
4.813646999999999935e+03 3.559463210683695422e-01
4.818426999999999680e+03 3.900987940961204714e-01
4.819622000000000298e+03 3.088244473953478675e-01
4.822011999999999716e+03 4.310667590741843469e-01
4.823207000000000335e+03 3.939481595844425144e-01
4.824402000000000044e+03 2.857181022926962299e-01
4.825596999999999753e+03 3.041081991589589251e-01
4.827390000000000327e+03 4.051922548775124255e-01
4.829779999999999745e+03 7.792004707472077740e-02
4.833364999999999782e+03 4.567963128048484478e-01
4.835755000000000109e+03 2.521798357142914782e-01
4.836949999999999818e+03 2.549931155759397328e-01
4.838145000000000437e+03 1.118328160244441705e-01
4.840534999999999854e+03 3.301434460903083234e-01
4.841131999999999607e+03 1.974167600433514025e-01
4.842327000000000226e+03 3.610562480023187248e-01
4.844716999999999643e+03 2.306803539488164745e-01
4.845912000000000262e+03 2.884174522160822818e-01
4.847106999999999971e+03 1.550850198637103716e-01
4.848301999999999680e+03 3.549790446123299859e-01
4.850693000000000211e+03 2.075762648845458358e-01
4.851887999999999920e+03 3.013620364391584872e-01
4.853082999999999629e+03 1.530585333875862375e-01
4.854278000000000247e+03 4.764244107329238531e-01
4.858460000000000036e+03 3.430305013346570675e-01
4.859654999999999745e+03 4.005865525218137435e-01
4.860850000000000364e+03 3.928601850749959823e-01
4.863239999999999782e+03 2.557139198388087564e-01
4.864435000000000400e+03 2.986982191202791626e-01
4.866824999999999818e+03 4.442069715839558341e-02
4.872203000000000429e+03 3.879848861327159781e-01
4.873398000000000138e+03 3.776093656164984935e-01
4.876983000000000175e+03 2.459277893497411327e-01
4.879372999999999593e+03 3.643387838473062246e-01
4.880568000000000211e+03 5.761513763221515205e-02
4.883555000000000291e+03 3.121859445836854263e-01
4.885945999999999913e+03 2.218349914648074517e-01
4.887140999999999622e+03 3.842110979301711637e-01
4.890725999999999658e+03 3.257836519181864787e-01
4.893115999999999985e+03 4.049824433080386754e-01
4.894310999999999694e+03 3.340706449027903702e-01
4.895506000000000313e+03 3.471635636494454502e-01
4.896701000000000022e+03 3.951156594468345773e-01
4.900882999999999811e+03 1.047601356986467280e-01
4.902078000000000429e+03 2.925104698496001632e-01
4.903273000000000138e+03 2.780357275943163842e-01
4.904467999999999847e+03 2.321636991846096620e-01
4.905662999999999556e+03 2.356182579561805213e-01
4.906858000000000175e+03 2.468025682321419723e-01
4.908052999999999884e+03 3.077697494520270638e-01
4.910443000000000211e+03 1.494883526489667602e-01
4.913430999999999585e+03 3.680826795412963648e-01
4.914626000000000204e+03 1.973761513524854294e-01
4.915820999999999913e+03 2.002063515019951723e-01
4.917015999999999622e+03 2.246877519981307358e-01
4.918211000000000240e+03 1.949024052672427842e-01
4.921796000000000276e+03 4.186670081202246152e-01
4.924185999999999694e+03 1.836306735040000859e-01
4.924783999999999651e+03 3.276900043504982207e-01
4.925979000000000269e+03 3.252636350712654334e-01
4.927173999999999978e+03 9.557918750539950992e-02
4.929564000000000306e+03 3.292743073038604251e-01
4.930759000000000015e+03 2.859769826969653650e-01
4.933149000000000342e+03 7.081916626915596424e-02
4.934344000000000051e+03 2.499942985322771705e-01
4.936734000000000378e+03 1.964748640191018580e-01
4.938525999999999840e+03 3.538876860453106232e-01
4.939720999999999549e+03 2.664549185728182223e-01
4.942110999999999876e+03 3.883249839187170593e-01
4.943305999999999585e+03 2.955397653862714691e-01
4.945695999999999913e+03 4.097889330796844476e-01
4.946890999999999622e+03 2.832934250422498579e-01
4.948086000000000240e+03 4.982307137182742096e-01
4.950475999999999658e+03 2.833345977427104145e-01
4.952269000000000233e+03 3.361873729141713341e-01
4.953463999999999942e+03 3.350740179729330137e-01
4.954658999999999651e+03 3.615717527724768843e-01
4.957048999999999978e+03 2.328140022480580384e-01
4.958243999999999687e+03 2.892177818318968363e-01
4.959439000000000306e+03 1.694898249291689751e-01
4.960634000000000015e+03 2.326244950240177189e-01
4.961828999999999724e+03 1.774824049049961161e-01
4.963024000000000342e+03 1.957444715931124790e-01
4.964219000000000051e+03 2.572638182068542889e-01
4.965413999999999760e+03 4.022345885594518222e-01
4.966609000000000378e+03 2.508927658176833830e-01
4.967207000000000335e+03 3.098424847149701122e-01
4.968402000000000044e+03 4.430519629755549360e-01
4.969596999999999753e+03 3.658080288432152827e-01
4.970792000000000371e+03 3.703550742009964480e-01
4.971987000000000080e+03 3.761858053978137661e-01
4.973181999999999789e+03 3.240042016448301254e-01
4.975572000000000116e+03 4.013699618497668098e-01
4.976766999999999825e+03 3.703533821722100328e-01
4.977962000000000444e+03 3.816911030581096043e-01
4.979157000000000153e+03 3.811248374243687564e-01
4.980351999999999862e+03 3.360384743809969876e-01
4.980948999999999614e+03 4.236511609144084645e-01
4.982144000000000233e+03 3.874490770171252763e-01
4.983338999999999942e+03 4.564189903855542241e-01
4.989314000000000306e+03 2.067652190864199824e-01
4.990509000000000015e+03 2.421528731280062630e-01
4.992899999999999636e+03 4.552920992140272460e-01
4.994692000000000007e+03 3.645734118389754030e-01
4.997082000000000335e+03 1.907913393266733593e-01
5.000667000000000371e+03 3.641566087480052616e-01
5.003056999999999789e+03 1.993778214064132470e-01
5.004252000000000407e+03 2.605553782053666723e-01
5.005447000000000116e+03 2.153945658954068421e-01
5.007837000000000444e+03 3.100212757566991328e-01
5.008435000000000400e+03 2.888387673838153091e-01
5.010824999999999818e+03 2.051278992310940907e-01
5.012020000000000437e+03 3.598221950076743170e-01
5.013215000000000146e+03 2.970439789770926708e-01
5.014409999999999854e+03 3.861050421513860798e-01
5.015604999999999563e+03 2.930096183414923061e-01
5.016800000000000182e+03 3.371800298020026787e-01
5.017994999999999891e+03 4.413712143813857125e-01
5.019189999999999600e+03 4.090805370279140263e-01
5.021579999999999927e+03 2.110680482894107257e-01
5.023372000000000298e+03 3.673342388082554422e-01
5.024567000000000007e+03 2.802156246803777506e-01
5.025761999999999716e+03 3.041798283775696277e-01
5.026957999999999629e+03 2.625779166143225041e-01
5.029347999999999956e+03 3.727729833362989353e-01
5.030542999999999665e+03 2.894563578907334289e-01
5.032932999999999993e+03 5.318868583021085783e-01
5.035323000000000320e+03 3.528589325433770796e-01
5.035920000000000073e+03 2.700764241846158598e-01
5.037114999999999782e+03 3.849053937420583438e-01
5.038310000000000400e+03 3.458595734649758668e-01
5.039505000000000109e+03 4.915641203011356097e-01
5.040699999999999818e+03 3.988900116589748635e-01
5.043090000000000146e+03 4.878427849909590108e-01
5.046675000000000182e+03 2.956604634396775566e-01
5.047869999999999891e+03 2.547663837186062707e-01
5.049662999999999556e+03 3.559130445022438138e-01
5.050858000000000175e+03 3.489452699611836906e-01
5.052052999999999884e+03 5.032628073280633885e-01
5.054443000000000211e+03 1.908595844877121195e-01
5.055637999999999920e+03 1.916655541994796152e-01
5.056832999999999629e+03 3.581386263655286228e-01
5.058028000000000247e+03 2.528137824994747263e-01
5.059222999999999956e+03 2.597386923112878776e-01
5.060417999999999665e+03 8.987542317278611748e-01
5.062807999999999993e+03 3.359153029896594589e+00
5.068185999999999694e+03 1.397811835032491956e-01
5.069381000000000313e+03 2.524370240897750861e-01
5.070576000000000022e+03 2.331901966481622068e-01
5.072966000000000349e+03 1.609755360776352617e-01
5.075355999999999767e+03 2.949374031384284223e-01
5.076551000000000386e+03 3.592175767214493831e-01
5.077746000000000095e+03 3.554426604997145134e-01
5.078342999999999847e+03 4.056276702851286942e-01
5.079537999999999556e+03 3.993085067787314202e-01
5.080733000000000175e+03 3.811733422495695578e-01
5.083122999999999593e+03 1.334473557473723204e-01
5.084318000000000211e+03 2.102925350957933759e-01
5.085512999999999920e+03 3.995735912885498564e-01
5.086707999999999629e+03 3.899854281674528522e-01
5.087903000000000247e+03 3.428206897651842056e-01
5.090292999999999665e+03 3.934670593996019150e-01
5.091488000000000284e+03 3.099671308355445021e-01
5.092086000000000240e+03 3.468071095851783525e-01
5.094475999999999658e+03 5.512267473269556461e-01
5.095671000000000276e+03 5.939690864920184055e-01
5.096865999999999985e+03 4.416250186992973781e-01
5.098060999999999694e+03 4.675153151646389560e-01
5.099256000000000313e+03 4.551860654100998715e-01
5.100451000000000022e+03 3.801107481719139258e-01
5.101645999999999731e+03 3.854654552702490022e-01
5.104036000000000058e+03 3.970417522149842782e-01
5.105230999999999767e+03 5.099074043709839188e-01
5.107024000000000342e+03 4.330712491760886351e-01
5.108219000000000051e+03 5.306302449236497409e-01
5.110609000000000378e+03 2.728197668564398271e-01
5.114194000000000415e+03 3.786336070416700395e-01
5.116583999999999833e+03 4.519621865630298885e-01
5.118974000000000160e+03 2.303611245178434075e-01
5.119570999999999913e+03 2.562435248488501571e-01
5.120765999999999622e+03 6.187059002919603756e-02
5.121961000000000240e+03 1.293097813558210518e-01
5.125546000000000276e+03 4.537348687212423570e-01
5.129131000000000313e+03 5.468855654714808168e-01
5.132716999999999643e+03 2.329566966756839719e-01
5.133314000000000306e+03 2.443491264923327577e-01
5.134509000000000015e+03 2.905144398916261750e-01
5.135703999999999724e+03 2.056631443370893209e-01
5.138094000000000051e+03 3.580653051181323931e-01
5.139288999999999760e+03 3.562971350366828105e-01
5.141679000000000087e+03 5.026519849362900416e-01
5.144069000000000415e+03 4.234233010378840589e-01
5.145264000000000124e+03 5.212349730841658868e-01
5.147056999999999789e+03 3.629558323194865821e-01
5.149447000000000116e+03 4.841485221413606155e-01
5.150641999999999825e+03 4.635931924385152669e-01
5.153032000000000153e+03 3.507940934147688594e-01
5.155421999999999571e+03 4.579880650798413555e-01
5.156617000000000189e+03 4.365004275158685942e-01
5.157811999999999898e+03 6.065628567467804544e-01
5.160202000000000226e+03 4.079398359255907103e+00
5.160798999999999978e+03 3.958224281750680529e+00
5.164384000000000015e+03 3.735682368657542440e-01
5.165578999999999724e+03 4.454004989306277196e-01
5.166774000000000342e+03 4.365404721971390956e-01
5.167970000000000255e+03 4.066987245067146262e-01
5.170359999999999673e+03 4.446148335642936544e-01
5.171555000000000291e+03 3.682958751683420573e-01
5.173944999999999709e+03 4.796212171194165208e-01
5.175140000000000327e+03 4.854040075006285093e-01
5.175737000000000080e+03 5.574866898258408199e-01
5.180516999999999825e+03 3.358089224756852786e-01
5.181712000000000444e+03 3.128949046450513194e-01
5.184101999999999862e+03 3.642056775828015347e-01
5.185296999999999571e+03 3.520930075128800851e-01
5.186492000000000189e+03 3.898365296342785058e-01
5.189479999999999563e+03 3.050822437301432544e-01
5.190675000000000182e+03 3.305489689893708061e-01
5.191869999999999891e+03 2.816341088127041203e-01
5.194260000000000218e+03 3.748507946856003414e-01
5.195454999999999927e+03 3.198153023801015848e-01
5.196649999999999636e+03 3.713787516165725222e-01
5.199039999999999964e+03 2.775692916589544978e-01
5.200234999999999673e+03 3.334175217913655231e-01
5.201430000000000291e+03 3.080743146335214178e-01
5.203222999999999956e+03 4.610872978063369487e-01
5.204417999999999665e+03 7.056288861331401208e-01
5.205613000000000284e+03 1.955007713512474155e+00
5.210393000000000029e+03 3.413017356277331160e+00
5.211587999999999738e+03 1.051751637179432208e-02
5.215172999999999774e+03 2.993857468170215697e-01
5.216368000000000393e+03 3.830390859910162149e-01
5.216965000000000146e+03 3.722236379904195758e-01
5.218159999999999854e+03 3.966142329417028378e-01
5.219354999999999563e+03 4.608876384095799139e-01
5.220550000000000182e+03 4.190601228081893836e-01
5.222939999999999600e+03 5.585007790782956505e-01
5.224135000000000218e+03 4.763550375526950376e-01
5.225329999999999927e+03 4.765191643449444570e-01
5.226524999999999636e+03 5.107190141787043558e-01
5.227720000000000255e+03 4.164171738443389614e-01
5.230707999999999629e+03 4.836550137454214138e-01
5.231903000000000247e+03 4.785287305332071028e-01
5.236682999999999993e+03 2.846893487907617981e-01
5.239073000000000320e+03 3.931224495368379479e-01
5.240268000000000029e+03 3.199314883567456747e-01
5.241462999999999738e+03 3.852426714800820662e-01
5.243853000000000065e+03 6.837780263897563771e-01
5.244451000000000022e+03 6.785767299013594211e-01
5.248036000000000058e+03 4.372313839514534450e-01
5.249230999999999767e+03 4.443356488145910888e-01
5.250426000000000386e+03 3.776353100578857536e-01
5.251621000000000095e+03 4.252715604818746442e-01
5.254011000000000422e+03 6.750336216233163711e-01
5.255206000000000131e+03 7.211611463797211741e-01
5.259387999999999920e+03 5.445139051229981320e-01
5.260582999999999629e+03 5.251159231098290192e-01
5.261778000000000247e+03 4.793115758515646974e-01
5.262972999999999956e+03 5.032881877598551768e-01
5.265363000000000284e+03 2.992250040823440926e-01
5.267752999999999702e+03 4.409735876166580582e-01
5.268948000000000320e+03 4.347497417318759716e-01
5.270143000000000029e+03 5.209885008909944659e-01
5.273131000000000313e+03 3.197910499675007401e-01
5.274326000000000022e+03 3.454269781053360688e-01
5.276716000000000349e+03 4.858422429562221367e-01
5.279105999999999767e+03 3.163934561650609822e-01
5.280301000000000386e+03 2.952419683199218881e-01
5.281496000000000095e+03 4.804875358578870603e-01
5.282690999999999804e+03 4.573462221603232791e-01
5.283886000000000422e+03 4.270036339492202515e-01
5.285081000000000131e+03 4.787436181890383224e-01
5.286275999999999840e+03 4.267154250459919140e-01
5.288069000000000415e+03 5.028437481987122482e-01
5.289264000000000124e+03 4.217871092017482226e-01
5.290458999999999833e+03 4.500800865433181031e-01
5.291654000000000451e+03 5.929420250188703889e-01
5.292849000000000160e+03 5.867379194699253731e-01
5.295238999999999578e+03 5.631781106526050351e-01
5.297628999999999905e+03 4.472842909791259203e-01
5.298823999999999614e+03 5.021973932024312859e-01
5.300615999999999985e+03 3.677532979376074707e-01
5.301810999999999694e+03 3.821050861011023869e-01
5.303006000000000313e+03 3.790312338063976938e-01
5.304201000000000022e+03 3.365748475061822731e-01
5.306591000000000349e+03 3.656687184731612916e-01
5.307786000000000058e+03 3.114301717259051472e-01
5.308980999999999767e+03 3.860554093069943349e-01
5.310176999999999680e+03 3.798727361226728050e-01
5.311372000000000298e+03 4.096513147384168718e-01
5.312567000000000007e+03 4.908388039615045884e-01
5.313761999999999716e+03 4.883932583560293139e-01
5.314359000000000378e+03 4.613969390741887722e-01
5.316748999999999796e+03 4.835416478167546828e-01
5.319139000000000124e+03 2.919898889930836461e-01
5.320333999999999833e+03 3.237718296915419458e-01
5.321529000000000451e+03 3.808112480893495189e-01
5.323918999999999869e+03 2.465470718854447796e-01
5.325113999999999578e+03 2.527917861252557685e-01
5.331686999999999898e+03 3.984015793493940194e-01
5.334077000000000226e+03 5.430192796952972856e-01
5.336466999999999643e+03 5.142322299481936199e-01
5.337662000000000262e+03 5.173421788570005120e-01
5.338856999999999971e+03 3.727419628085542058e-01
5.340051999999999680e+03 3.915781912647453566e-01
5.341247000000000298e+03 3.800385549437086397e-01
5.341844000000000051e+03 4.082892315656261317e-01
5.343038999999999760e+03 3.604657299559788086e-01
5.346625000000000000e+03 5.009548800638565780e-01
5.349015000000000327e+03 4.475132788748412693e-01
5.351404999999999745e+03 1.975041815306317616e-01
5.355587000000000444e+03 5.041037456347439161e-01
5.356782000000000153e+03 5.341372565875897038e-01
5.357976999999999862e+03 5.271926064399394818e-01
5.359171999999999571e+03 4.818535670978461027e-01
5.360367000000000189e+03 5.579226692430534484e-01
5.361561999999999898e+03 5.506616097124066300e-01
5.365146999999999935e+03 1.933271264674054635e-01
5.366341999999999643e+03 3.089405503290976185e-02
5.367537000000000262e+03 3.096568425152046444e-02
5.370524999999999636e+03 2.931207282317780383e-01
5.375305000000000291e+03 6.399375605425312585e-01
5.378890000000000327e+03 6.044675611000229765e-01
5.382475000000000364e+03 2.756618112074518123e-01
5.385462999999999738e+03 4.595887243114695764e-01
5.389047999999999774e+03 3.797875706737734447e-01
5.390243000000000393e+03 2.828241690589115009e-01
5.392632999999999811e+03 3.613128723682068610e-01
5.395023000000000138e+03 1.644972119910548258e-01
5.399204999999999927e+03 5.435810332522743593e-01
5.400399999999999636e+03 5.693134070309158190e-01
5.402789999999999964e+03 3.627821173641159191e-01
5.405180000000000291e+03 2.736623971919058818e-01
5.409960000000000036e+03 5.176794565950251226e-01
5.411752999999999702e+03 4.739653288971608092e-01
5.412948000000000320e+03 4.904654296093768906e-01
5.414143000000000029e+03 5.422285382426048628e-01
5.416533000000000357e+03 3.748192101482601402e-01
5.418922999999999774e+03 5.716156941991696883e-01
5.420118000000000393e+03 6.121510638175937657e-01
5.422507999999999811e+03 5.506807860386491171e-01
5.424898000000000138e+03 2.836617233080183098e-01
5.426690999999999804e+03 3.230042126322594243e-01
5.429081000000000131e+03 5.423029875091920360e-01
5.430275999999999840e+03 4.432369581228323696e-01
5.431470999999999549e+03 4.595486796301990751e-01
5.432666000000000167e+03 3.684622579989724755e-01
5.433860999999999876e+03 4.141588794245230076e-01
5.436251000000000204e+03 5.861220209917936685e-01
5.437445999999999913e+03 5.470722526475446656e-01
5.438640999999999622e+03 5.574579253364779774e-01
5.439238000000000284e+03 6.123648234542349300e-01
5.441627999999999702e+03 5.923453028669802833e-01
5.444018000000000029e+03 5.108966772012424329e-01
5.445212999999999738e+03 5.187245663752246827e-01
5.448797999999999774e+03 3.766499852947937654e-01
5.449993000000000393e+03 3.765608717787269910e-01
5.452384000000000015e+03 4.342240847890010969e-01
5.452980999999999767e+03 4.389719175627302405e-01
5.455371000000000095e+03 4.671069722176000028e-01
5.456565999999999804e+03 4.716455574314508681e-01
5.457761000000000422e+03 4.686314901538537470e-01
5.458956000000000131e+03 5.258530836509622830e-01
5.463735999999999876e+03 2.464839028107643770e-01
5.464930999999999585e+03 2.508059083399976075e-01
5.466126000000000204e+03 3.488629245602608009e-01
5.467918999999999869e+03 2.961082870583924276e-01
5.477479000000000269e+03 5.379956462294384067e-01
5.479868999999999687e+03 5.019306166638264344e-01
5.481064000000000306e+03 4.840836610378937976e-01
5.482855999999999767e+03 6.242682459642781012e-01
5.484051000000000386e+03 5.882804857132306608e-01
5.485246000000000095e+03 5.655948917687165789e-01
5.487636999999999716e+03 6.356460115314472858e-01
5.490027000000000044e+03 5.662513989377142565e-01
5.493612000000000080e+03 4.456114385192924132e-01
5.494806999999999789e+03 4.721999788636876971e-01
5.495404000000000451e+03 5.367136524191877811e-01
5.497793999999999869e+03 4.678559769602355090e-01
5.498988999999999578e+03 4.582091568412218763e-01
5.501378999999999905e+03 4.958652574753399378e-01
5.502573999999999614e+03 5.100653270576840370e-01
5.504963999999999942e+03 4.827943351029038155e-01
5.506158999999999651e+03 5.072210266682901647e-01
5.507354000000000269e+03 5.836223304651646515e-01
5.509146999999999935e+03 5.343780886848081835e-01
5.510341999999999643e+03 5.411935806351211298e-01
5.512731999999999971e+03 4.141081185609412074e-01
5.513926999999999680e+03 4.739489726188947927e-01
5.516317000000000007e+03 4.467044891150973029e-01
5.518707000000000335e+03 5.364293915831268578e-01
5.521096999999999753e+03 3.940880339640919772e-01
5.522292000000000371e+03 4.532250040470380270e-01
5.522890000000000327e+03 4.316048242281560476e-01
5.524085000000000036e+03 3.556660082994769212e-01
5.526475000000000364e+03 5.073772573262047558e-01
5.527670000000000073e+03 4.491613149124793480e-01
5.528864999999999782e+03 4.643489652962964342e-01
5.530060000000000400e+03 6.058296442728146047e-01
5.531255000000000109e+03 5.991799711435366049e-01
5.533645000000000437e+03 5.280527210728607201e-01
5.536034999999999854e+03 4.783098948102075809e-01
5.537827000000000226e+03 4.476576653312527299e-01
5.540216999999999643e+03 4.950807201281959280e-01
5.541412000000000262e+03 5.291728441292429252e-01
5.543801999999999680e+03 6.838671399058231515e-01
5.546192000000000007e+03 5.136873966790771462e-01
5.549777000000000044e+03 6.628927510736275508e-01
5.550375000000000000e+03 6.013745324790766844e-01
5.551569999999999709e+03 6.292789072094446823e-01
5.553960000000000036e+03 7.817746935833165267e-01
5.555154999999999745e+03 8.030683118464860826e-01
5.558739999999999782e+03 6.285146742077332149e-01
5.559935000000000400e+03 6.341914307850178290e-01
5.561130000000000109e+03 6.076119145941474287e-01
5.562324999999999818e+03 4.897327811450056245e-01
5.564715000000000146e+03 6.216895940942990251e-01
5.566507999999999811e+03 5.020180381511076817e-01
5.567703000000000429e+03 5.150308675352217591e-01
5.570092999999999847e+03 4.386086953833192581e-01
5.571287999999999556e+03 5.053456947637231522e-01
5.573677999999999884e+03 7.299608240865067543e-01
5.579055000000000291e+03 5.496463924407608559e-01
5.580250000000000000e+03 5.949047784107177606e-01
5.581444999999999709e+03 5.824954392936376735e-01
5.582640000000000327e+03 5.907192632035620505e-01
5.585029999999999745e+03 6.588764387450787297e-01
5.586225000000000364e+03 6.580811852156225328e-01
5.587420000000000073e+03 6.727787112610732478e-01
5.588614999999999782e+03 6.130591192661212219e-01
5.589810000000000400e+03 6.446617049132550292e-01
5.592199999999999818e+03 5.134279522652125394e-01
5.592797999999999774e+03 5.555842854606964920e-01
5.595188000000000102e+03 4.795619961119044206e-01
5.596382999999999811e+03 4.968032054324211799e-01
5.598773000000000138e+03 5.837593847968367555e-01
5.601162999999999556e+03 4.451636149005775422e-01
5.602358000000000175e+03 4.870892681715597305e-01
5.604747999999999593e+03 3.698734100065603769e-01
5.608930999999999585e+03 6.304757355707950595e-01
5.611320999999999913e+03 5.425849923068710723e-01
5.612515999999999622e+03 5.980417997801028562e-01
5.613711000000000240e+03 5.903966497150161530e-01
5.614905999999999949e+03 6.157900537268474750e-01
5.617296000000000276e+03 5.575244784687303223e-01
5.618490999999999985e+03 6.464857119446447697e-01
5.620283000000000357e+03 4.979165603736595003e-01
5.621478000000000065e+03 5.201701229681292560e-01
5.623868000000000393e+03 6.266348302264033165e-01
5.625063000000000102e+03 6.130410709590696783e-01
5.626257999999999811e+03 5.804909491917333852e-01
5.628649000000000342e+03 4.508792881399417141e-01
5.631038999999999760e+03 4.273409116872448621e-01
5.632234000000000378e+03 5.282834009973624845e-01
5.633429000000000087e+03 5.246286188194391187e-01
5.634025999999999840e+03 5.573620437052673182e-01
5.636416000000000167e+03 8.321807951301112283e-01
5.637610999999999876e+03 8.205943460126592370e-01
5.641195999999999913e+03 6.700105521670529640e-01
5.642390999999999622e+03 6.421789346744866123e-01
5.644780999999999949e+03 4.971585314774973341e-01
5.645975999999999658e+03 5.189546822901309753e-01
5.648963999999999942e+03 6.916594964752977859e-01
5.650158999999999651e+03 7.066305671744972372e-01
5.652548999999999978e+03 5.950068641474777209e-01
5.653743999999999687e+03 5.977891234813821342e-01
5.654939000000000306e+03 5.991427465102425742e-01
5.658524000000000342e+03 8.037310231210321732e-01
5.660913999999999760e+03 7.294723917769259103e-01
5.662109000000000378e+03 7.843206328967653462e-01
5.663902000000000044e+03 7.388919160290097210e-01
5.665096999999999753e+03 6.426245022548195962e-01
5.666292000000000371e+03 6.900785775795075239e-01
5.667487000000000080e+03 6.798654918267539315e-01
5.668681999999999789e+03 6.154618001423486362e-01
5.669877000000000407e+03 6.507891051572309848e-01
5.671072000000000116e+03 6.308716703067371867e-01
5.674657000000000153e+03 3.966001327018187084e-01
5.677644000000000233e+03 5.798993031262016373e-01
5.678838999999999942e+03 5.462127020242180109e-01
5.680033999999999651e+03 6.655001674329703576e-01
5.681229000000000269e+03 6.538595733943637356e-01
5.682423999999999978e+03 5.981828021789423744e-01
5.683618999999999687e+03 6.042752338280061863e-01
5.686009000000000015e+03 7.513367877505983117e-01
5.687203999999999724e+03 7.049244381485371136e-01
5.688399000000000342e+03 5.926594562115949927e-01
5.690192000000000007e+03 6.596214954205468217e-01
5.691386999999999716e+03 5.757239400917617544e-01
5.694971999999999753e+03 6.618532813893809319e-01
5.696167000000000371e+03 6.741960673742095622e-01
5.698556999999999789e+03 6.026035093873627346e-01
5.700947000000000116e+03 6.901671270859788265e-01
5.702141999999999825e+03 6.089215448745699533e-01
5.703337000000000444e+03 6.370791599132541450e-01
5.705130000000000109e+03 4.842325595710690322e-01
5.708715000000000146e+03 5.690173019933526533e-01
5.713494999999999891e+03 7.419341837863742128e-01
5.714689999999999600e+03 7.360724320618121652e-01
5.715885000000000218e+03 7.580062012157133822e-01
5.717079999999999927e+03 8.392856240028443437e-01
5.717676999999999680e+03 7.981913208754196631e-01
5.718872000000000298e+03 6.615549203134367673e-01
5.720067000000000007e+03 6.768113798678871973e-01
5.722457000000000335e+03 5.145604835326924587e-01
5.723652000000000044e+03 5.167059760334362650e-01
5.724846999999999753e+03 5.086812475106743392e-01
5.726042000000000371e+03 5.177234493434630380e-01
5.730822000000000116e+03 6.723760084099872358e-01
5.732614999999999782e+03 6.113033573957693534e-01
5.737395000000000437e+03 8.012194883929000255e-01
5.738590000000000146e+03 8.459883140340860308e-01
5.740979999999999563e+03 7.026294831050234890e-01
5.743369999999999891e+03 5.856110282983983950e-01
5.744564999999999600e+03 6.135345793550088800e-01
5.747552999999999884e+03 7.844469710461252632e-01
5.749943000000000211e+03 7.933549385952192168e-01
5.751137999999999920e+03 7.276895574459976146e-01
5.753528000000000247e+03 7.916595257515712802e-01
5.754722999999999956e+03 7.600975487953034460e-01
5.755917999999999665e+03 8.062651182329787503e-01
5.759502999999999702e+03 7.551827691813484122e-01
5.760100000000000364e+03 7.166304573002051370e-01
5.761295000000000073e+03 7.726061536011670228e-01
5.762489999999999782e+03 7.527411716430405519e-01
5.766074999999999818e+03 6.389815642783984728e-01
5.767270000000000437e+03 6.054912385155990506e-01
5.768465000000000146e+03 6.272569328100834340e-01
5.770855999999999767e+03 7.936831921797180556e-01
5.772051000000000386e+03 7.498133978335346228e-01
5.773246000000000095e+03 7.530096402104318187e-01
5.777427999999999884e+03 7.530096402104318187e-01
5.778622999999999593e+03 7.671284924110439718e-01
5.779818000000000211e+03 7.175441528446864226e-01
5.781012999999999920e+03 7.457818572459107287e-01
5.782207999999999629e+03 6.963655925389700130e-01
5.784597999999999956e+03 7.530096402104318187e-01
5.785792999999999665e+03 7.530096402104318187e-01
5.786988000000000284e+03 7.671284924110439718e-01
5.787586000000000240e+03 6.053626443278572467e-01
5.789975999999999658e+03 7.376702712454630273e-01
5.791171000000000276e+03 7.077230537607066552e-01
5.792365999999999985e+03 7.077698665571219294e-01
5.793560999999999694e+03 7.617241524683180387e-01
5.795951000000000022e+03 6.847876035654483218e-01
5.798341000000000349e+03 7.629395931463154312e-01
5.800730999999999767e+03 7.235373188049667448e-01
5.801328000000000429e+03 7.340278972786373757e-01
5.803717999999999847e+03 8.150529517382611999e-01
5.806109000000000378e+03 8.630123796603905717e-01
5.807304000000000087e+03 8.441084700527552442e-01
5.809694000000000415e+03 7.601189811599269319e-01
5.810889000000000124e+03 7.646970470454528268e-01
5.812083999999999833e+03 7.345575022886787764e-01
5.813279000000000451e+03 6.086293879041742017e-01
5.816265999999999622e+03 7.482358629953163032e-01
5.817461000000000240e+03 7.497344364901845637e-01
5.821046000000000276e+03 7.033480313295097375e-01
5.823435999999999694e+03 7.355580553108449493e-01
5.824631000000000313e+03 6.954011361309069272e-01
5.828216000000000349e+03 8.818824486923038108e-01
5.828814000000000306e+03 8.499995502762764943e-01
5.831203999999999724e+03 9.126283037640874340e-01
5.833594000000000051e+03 7.605724448745956323e-01
5.834788999999999760e+03 7.710348228684980043e-01
5.838373999999999796e+03 6.747081880867948911e-01
5.839569000000000415e+03 6.596508239195060241e-01
5.841958999999999833e+03 7.210207079904771277e-01
5.843752000000000407e+03 8.607924378930587039e-01
5.844947000000000116e+03 8.618505198939514500e-01
5.846141999999999825e+03 8.710506444134411552e-01
5.847337000000000444e+03 8.488946554789684740e-01
5.848532000000000153e+03 7.931383589106015819e-01
5.849726999999999862e+03 8.390549440783425794e-01
5.853311999999999898e+03 6.418140204662892145e-01
5.854506999999999607e+03 6.455443799299915852e-01
5.855702000000000226e+03 6.259354583281586670e-01
5.856896999999999935e+03 5.637438122767495230e-01
5.857493999999999687e+03 5.657917311174971431e-01
5.858689000000000306e+03 5.923988837785394423e-01
5.859884000000000015e+03 6.524393972332509506e-01
5.861078999999999724e+03 6.466870633701882198e-01
5.862274000000000342e+03 6.854046300627709698e-01
5.863469000000000051e+03 6.368061792690999923e-01
5.864663999999999760e+03 6.518122185632115873e-01
5.865859000000000378e+03 7.005973565329464137e-01
5.867054000000000087e+03 6.767267784285833088e-01
5.871237000000000080e+03 9.287482620090328211e-01
5.874822000000000116e+03 7.755237752379571248e-01
5.876016999999999825e+03 7.901107554027166913e-01
5.877212000000000444e+03 7.604015499672014400e-01
5.879601999999999862e+03 6.095532356213722025e-01
5.880796999999999571e+03 6.353922072135365084e-01
5.881992000000000189e+03 5.953531660390281033e-01
5.883186999999999898e+03 5.987507598414687493e-01
5.884381999999999607e+03 6.194386317992224278e-01
5.884979999999999563e+03 6.148746661535806624e-01
5.886175000000000182e+03 6.347723606682373898e-01
5.888564999999999600e+03 8.360888176163516761e-01
5.889760000000000218e+03 8.221543965534214848e-01
5.892149999999999636e+03 8.552126909661756926e-01
5.893345000000000255e+03 8.502183859992751280e-01
5.895734999999999673e+03 8.791261337997857694e-01
5.898125000000000000e+03 7.039864901914558715e-01
5.898721999999999753e+03 7.149474526676558028e-01
5.899917000000000371e+03 7.408586174880253949e-01
5.902306999999999789e+03 7.163236360803306724e-01
5.903502000000000407e+03 7.361440612804228678e-01
5.908282000000000153e+03 6.105255881637701165e-01
5.914854999999999563e+03 8.715746093275296147e-01
5.917244999999999891e+03 7.752914032846689452e-01
5.918439999999999600e+03 8.468777571659664716e-01
5.919635000000000218e+03 8.356691944774041758e-01
5.920829999999999927e+03 8.818655284044432108e-01
5.922024999999999636e+03 8.668036521603905697e-01
5.925609999999999673e+03 7.152283294461438956e-01
5.926207999999999629e+03 7.430170822094632754e-01
5.929792999999999665e+03 7.967203838507241898e-01
5.930988000000000284e+03 7.916279412142319671e-01
5.933377999999999702e+03 8.626525415385515316e-01
5.935768000000000029e+03 8.115019473258833216e-01
5.936962999999999738e+03 9.002291168197240623e-01
5.939353000000000065e+03 6.214284576516480030e-01
5.941145000000000437e+03 7.066525635487161949e-01
5.942340000000000146e+03 6.859190068137381857e-01
5.944729999999999563e+03 8.010096768234271636e-01
5.945925000000000182e+03 7.990068787503084025e-01
5.947121000000000095e+03 8.093288183549667281e-01
5.949511000000000422e+03 7.359833185457453908e-01
5.953095999999999549e+03 8.069876145246324128e-01
5.954291000000000167e+03 8.054382801661823521e-01
5.956082999999999629e+03 7.959606629257764965e-01
5.957278000000000247e+03 8.104246889987480884e-01
5.958472999999999956e+03 8.451941885238207774e-01
5.959667999999999665e+03 8.093367144893015563e-01
5.960863000000000284e+03 8.141307960498496143e-01
5.963252999999999702e+03 8.858406680325305871e-01
5.966837999999999738e+03 8.181792569253341085e-01
5.968033000000000357e+03 8.663225519755499704e-01
5.969826000000000022e+03 8.170489816962351881e-01
5.971020999999999731e+03 8.274120940013540704e-01
5.972216000000000349e+03 8.285654936238628920e-01
5.973411000000000058e+03 8.550028793967028307e-01
5.974605999999999767e+03 8.458315193665759679e-01
5.976996000000000095e+03 7.841074372697196537e-01
5.978190999999999804e+03 7.744166244022681056e-01
5.979386000000000422e+03 8.071404611249750616e-01
5.981775999999999840e+03 6.927954118003505357e-01
5.982373999999999796e+03 7.757770155462733186e-01
5.983569000000000415e+03 7.337887572102053113e-01
5.984764000000000124e+03 7.533519940348138988e-01
5.987154000000000451e+03 8.932263736837517953e-01
5.988349000000000160e+03 8.707336710208499753e-01
5.989543999999999869e+03 8.752096511696159098e-01
5.990738999999999578e+03 8.586210009509285257e-01
5.993128999999999905e+03 8.755615931571192334e-01
5.995519000000000233e+03 7.602825439425808796e-01
5.997310999999999694e+03 8.377802823928321985e-01
5.999701000000000022e+03 7.819935293063160486e-01
6.000895999999999731e+03 7.969589599095607824e-01
6.002091000000000349e+03 7.588144269658627650e-01
6.004480999999999767e+03 8.225971440857779982e-01
6.005676000000000386e+03 7.907074775546059087e-01
6.008065999999999804e+03 8.758593902234688144e-01
6.009261000000000422e+03 8.672283513856955395e-01
6.009859000000000378e+03 8.497090853346662698e-01
6.011054000000000087e+03 8.557468080529808674e-01
6.012248999999999796e+03 8.469798429027264319e-01
6.013444000000000415e+03 8.492674658215007000e-01
6.014639000000000124e+03 8.333099423400192052e-01
6.015833999999999833e+03 9.028314570927085114e-01
6.017029000000000451e+03 8.616266080845944586e-01
6.018224000000000160e+03 8.971812089664057410e-01
6.019418999999999869e+03 8.830561526602451750e-01
6.021809000000000196e+03 8.355022476371782858e-01
6.023601999999999862e+03 9.434830126877766787e-01
6.024796999999999571e+03 9.079346159115138093e-01
6.025992000000000189e+03 9.569137731820509529e-01
6.027186999999999898e+03 9.421948147719776401e-01
6.028381999999999607e+03 9.635425779563009385e-01
6.029577000000000226e+03 8.658786764240025136e-01
6.030771999999999935e+03 9.189993561532583399e-01
6.031966999999999643e+03 9.023695332341095110e-01
6.033162000000000262e+03 9.781978032820992652e-01
6.035551999999999680e+03 9.122357530857181374e-01
6.036747000000000298e+03 9.116655393848107636e-01
6.037344000000000051e+03 9.036210705262108789e-01
6.038538999999999760e+03 9.100028390976930837e-01
6.039734000000000378e+03 8.844109037082965585e-01
6.040929000000000087e+03 8.964976293368316362e-01
6.043319000000000415e+03 8.383719284583630582e-01
6.044514000000000124e+03 8.909026541508735519e-01
6.046904000000000451e+03 8.397227314392470277e-01
6.048099000000000160e+03 8.291599597373711106e-01
6.050488999999999578e+03 6.980587493442369507e-01
6.051684000000000196e+03 7.116942453216266173e-01
6.055867000000000189e+03 8.850707949348661785e-01
6.058256999999999607e+03 8.375259140653250611e-01
6.059452000000000226e+03 9.107016469863431496e-01
6.060646999999999935e+03 8.478162691326431855e-01
6.065426999999999680e+03 9.453589086019391630e-01
6.066024999999999636e+03 9.083903356645635085e-01
6.068414999999999964e+03 1.035653460761281508e+00
6.069609999999999673e+03 1.000387068782697675e+00
6.070805000000000291e+03 9.751183108914416309e-01
6.074390000000000327e+03 1.264449593214457934e+00
6.076779999999999745e+03 1.490802436100540973e+00
6.077975000000000364e+03 1.350224172476596429e+00
6.079766999999999825e+03 8.079233064433326561e-01
6.080962000000000444e+03 7.612644846481000371e-01
6.085742000000000189e+03 3.723296717943469503e-01
6.088131999999999607e+03 3.165096421417041839e-01
6.090523000000000138e+03 3.952848623254423543e-01
6.091717999999999847e+03 4.112158773559420055e-01
6.092912999999999556e+03 3.365489030647959012e-01
6.093510000000000218e+03 4.077889550545430453e-01
6.098289999999999964e+03 1.280442085290851573e+00
6.101875000000000000e+03 1.206206578340155211e+00
6.104265000000000327e+03 9.975038517312251329e-01
6.105460000000000036e+03 1.006627834955341250e+00
6.107252999999999702e+03 9.956319038842291747e-01
6.109643000000000029e+03 9.970847926018731044e-01
6.112033000000000357e+03 8.835372528450857743e-01
6.114422999999999774e+03 8.573863839466877579e-01
6.116813000000000102e+03 9.100530359516803003e-01
6.119203000000000429e+03 8.718526660580412369e-01
6.120994999999999891e+03 9.683033829507232682e-01
6.122189999999999600e+03 9.629875925144677495e-01
6.124581000000000131e+03 9.201758801691770628e-01
6.125775999999999840e+03 9.173524481348112047e-01
6.128166000000000167e+03 7.987705587298528087e-01
6.130555999999999585e+03 8.559588756608356164e-01
6.131751000000000204e+03 8.376691725025464663e-01
6.134140999999999622e+03 9.602532739961695540e-01
6.134738000000000284e+03 8.779524298318444053e-01
6.135932999999999993e+03 8.874723477919026493e-01
6.137127999999999702e+03 8.827521514883462928e-01
6.138323000000000320e+03 9.196930879555500482e-01
6.139518000000000029e+03 9.099300818598923257e-01
6.144297999999999774e+03 9.525816154801018953e-01
6.146688000000000102e+03 8.756563467691398372e-01
6.149078000000000429e+03 8.631342057329876027e-01
6.149676000000000386e+03 7.703326309222759960e-01
6.150871000000000095e+03 7.856437994074765285e-01
6.155650999999999840e+03 8.966487839083878697e-01
6.159235999999999876e+03 9.513069537945915144e-01
6.161626000000000204e+03 8.732271574419305793e-01
6.163418999999999869e+03 9.411570371165174365e-01
6.165809000000000196e+03 8.948698976446261000e-01
6.168198999999999614e+03 1.034786578013215497e+00
6.169394000000000233e+03 9.850268314627017574e-01
6.170588999999999942e+03 9.880786873831866046e-01
6.172979000000000269e+03 9.613028958531320001e-01
6.174173999999999978e+03 9.689074372273518421e-01
6.176564000000000306e+03 8.671302137161038814e-01
6.178355999999999767e+03 9.175712838578107267e-01
6.180746000000000095e+03 8.800798740255375563e-01
6.185525999999999840e+03 7.860809068438792124e-01
6.189110999999999876e+03 9.040891984903582923e-01
6.190305999999999585e+03 9.050497068312539639e-01
6.192099000000000160e+03 1.025216463199170036e+00
6.193293999999999869e+03 9.807758911424837578e-01
6.195684000000000196e+03 1.011042338058213197e+00
6.196878999999999905e+03 1.029289176487255375e+00
6.198073999999999614e+03 1.011837027578073034e+00
6.199269000000000233e+03 9.719638052246004634e-01
6.200463999999999942e+03 9.758509593558120088e-01
6.202854000000000269e+03 7.957294189916792604e-01
6.204646999999999935e+03 8.234702309393933106e-01
6.205841999999999643e+03 8.288238100185365553e-01
6.207037000000000262e+03 8.011044304354468792e-01
6.209426999999999680e+03 9.199429442062934115e-01
6.210622000000000298e+03 8.538607599661016678e-01
6.211817000000000007e+03 8.599289392025646350e-01
6.213011999999999716e+03 8.910594488183836148e-01
6.214207000000000335e+03 8.437531440076799782e-01
6.216596999999999753e+03 9.096091604001328434e-01
6.217792000000000371e+03 8.944141778915764007e-01
6.218389000000000124e+03 9.134923664641769747e-01
6.220779000000000451e+03 8.710867410275442424e-01
6.221974000000000160e+03 8.449550484553887131e-01
6.223168999999999869e+03 8.552138189853666361e-01
6.225559000000000196e+03 9.173817766337704072e-01
6.227948999999999614e+03 8.821740416531040907e-01
6.230340000000000146e+03 9.160157453938113647e-01
6.231534999999999854e+03 9.045088216293049044e-01
6.234521999999999935e+03 1.023079430842356530e+00
6.235716999999999643e+03 1.024423465708095726e+00
6.236912000000000262e+03 1.015625480030097449e+00
6.239301999999999680e+03 1.034929272440841430e+00
6.242886999999999716e+03 9.236400271038691656e-01
6.244082000000000335e+03 9.429934523590048912e-01
6.245277000000000044e+03 9.213106674750379810e-01
6.245875000000000000e+03 9.301909985539600356e-01
6.248265000000000327e+03 8.708137603833909779e-01
6.249460000000000036e+03 8.839219073891202427e-01
6.251850000000000364e+03 9.147360076219426261e-01
6.254239999999999782e+03 1.030432987946642065e+00
6.256630000000000109e+03 9.662898686952923200e-01
6.257824999999999818e+03 9.759468409870226679e-01
6.260811999999999898e+03 9.020424076688016157e-01
6.262006999999999607e+03 9.070006160215999813e-01
6.263202000000000226e+03 8.931163918126561185e-01
6.265591999999999643e+03 9.770697840913822318e-01
6.266787999999999556e+03 9.499561508137075450e-01
6.269177999999999884e+03 1.056469926906776990e+00
6.270372999999999593e+03 1.039242817826143472e+00
6.271568000000000211e+03 1.044942698796837988e+00
6.272762999999999920e+03 1.037426706929089448e+00
6.275750000000000000e+03 9.278576908579614368e-01
6.276944999999999709e+03 9.049137805187728034e-01
6.278140000000000327e+03 9.262987683363901326e-01
6.280529999999999745e+03 8.377216253949146818e-01
6.282920000000000073e+03 8.838908868613755132e-01
6.286505000000000109e+03 9.765458191772937724e-01
6.287699999999999818e+03 9.483645157356050959e-01
6.289493000000000393e+03 9.898321932151565861e-01
6.290688000000000102e+03 9.715498221816067925e-01
6.293078000000000429e+03 9.933375128503110219e-01
6.296662999999999556e+03 9.047727781199332853e-01
6.297858000000000175e+03 8.919032071730397249e-01
6.299052999999999884e+03 8.151144287841551872e-01
6.301443000000000211e+03 8.880262052145448948e-01
6.302041000000000167e+03 8.616136358639012727e-01
6.305626000000000204e+03 9.579825713652558861e-01
6.306820999999999913e+03 9.258949374661131770e-01
6.309211000000000240e+03 9.987474928889907844e-01
6.310405999999999949e+03 9.526256082285398108e-01
6.311600999999999658e+03 9.562087611878524740e-01
6.312796000000000276e+03 9.482302814519094625e-01
6.315185999999999694e+03 9.828847230195290052e-01
6.316978000000000065e+03 8.967108249638773287e-01
6.319368000000000393e+03 9.636711721440427425e-01
6.321757999999999811e+03 8.704539222615519378e-01
6.324148000000000138e+03 9.482765302387292650e-01
6.326537999999999556e+03 9.682734904421685940e-01
6.327733000000000175e+03 9.715396700088909654e-01
6.328927999999999884e+03 1.008602432548691752e+00
6.330720999999999549e+03 9.038963072087460304e-01
6.335501000000000204e+03 7.011044011591733849e-01
6.336695999999999913e+03 6.825682258077128139e-01
6.342671000000000276e+03 9.539239583170546766e-01
6.343269000000000233e+03 9.394982848965680589e-01
6.345658999999999651e+03 9.589786123106591731e-01
6.346854000000000269e+03 8.783229841359956325e-01
6.348048999999999978e+03 8.965968950256142378e-01
6.350439000000000306e+03 9.967007020674341078e-01
6.351634000000000015e+03 1.008726514659670670e+00
6.357609000000000378e+03 7.766574345246279876e-01
6.358206000000000131e+03 8.165707015593710594e-01
6.360595999999999549e+03 7.636688575531138667e-01
6.364180999999999585e+03 9.737302832772636307e-01
6.366570999999999913e+03 9.138149799527219841e-01
6.367765999999999622e+03 9.058325521496115584e-01
6.368961000000000240e+03 8.274605988265548717e-01
6.374338999999999942e+03 9.521704524850846951e-01
6.375533999999999651e+03 9.367425340136454892e-01
6.377923999999999978e+03 1.026909055994841502e+00
6.380314000000000306e+03 1.041854182252654581e+00
6.383899000000000342e+03 9.871965763760464085e-01
6.385692000000000007e+03 9.148561416657541301e-01
6.388082000000000335e+03 8.568500108215015842e-01
6.392862000000000080e+03 1.054320486338865770e+00
6.394056999999999789e+03 1.047351019769019231e+00
6.398837000000000444e+03 9.444034763474018490e-01
6.399434000000000196e+03 9.432895573965680569e-01
6.400628999999999905e+03 1.025082228915475291e+00
6.401823999999999614e+03 1.024160637236659177e+00
6.403019000000000233e+03 1.000402297041772748e+00
6.404213999999999942e+03 1.014260576809329351e+00
6.405408999999999651e+03 1.004470498253094313e+00
6.406604000000000269e+03 1.031546342887880385e+00
6.412579999999999927e+03 9.008416312402838244e-01
6.413176999999999680e+03 9.008890080462936822e-01
6.414372000000000298e+03 8.709276903216531807e-01
6.416761999999999716e+03 9.383172488038864500e-01
6.417957000000000335e+03 8.814882059851480989e-01
6.421542000000000371e+03 1.017024223826586748e+00
6.422737000000000080e+03 9.976296258709895781e-01
6.428114999999999782e+03 8.243371136874593219e-01
6.432895000000000437e+03 1.004781267540137080e+00
6.435284999999999854e+03 8.595865853781816668e-01
6.436479999999999563e+03 8.840820861142022480e-01
6.437675000000000182e+03 8.666355773009737362e-01
6.438869999999999891e+03 7.373538618624673191e-01
6.440662000000000262e+03 8.066853053815208341e-01
6.444247999999999593e+03 7.372483920681354164e-01
6.447832999999999629e+03 8.904221179756284243e-01
6.449028000000000247e+03 8.912263956586095048e-01
6.451417999999999665e+03 7.890870779871406171e-01
6.452613000000000284e+03 8.254403164559809269e-01
6.453807999999999993e+03 8.164280071317451259e-01
6.455002999999999702e+03 8.299980779960733912e-01
6.455600000000000364e+03 8.763946353294640446e-01
6.456795000000000073e+03 8.760054687086666902e-01
6.460380000000000109e+03 8.445574216906610587e-01
6.463965000000000146e+03 9.895580845518123780e-01
6.465159999999999854e+03 1.013459683183920212e+00
6.467550000000000182e+03 1.003604179514623773e+00
6.469342999999999847e+03 1.037582937587003151e+00
6.470537999999999556e+03 1.032663645896285232e+00
6.471733000000000175e+03 1.013747328077553078e+00
6.476512999999999920e+03 8.450729264608183300e-01
6.478903000000000247e+03 8.319484231768239368e-01
6.481292999999999665e+03 9.815051555492821933e-01
6.482488000000000284e+03 9.696609540467511223e-01
6.483086000000000240e+03 9.866726114619579491e-01
6.485475999999999658e+03 1.025142577942178335e+00
6.486671000000000276e+03 9.944706081273864129e-01
6.489060999999999694e+03 8.937142419837362795e-01
6.490256000000000313e+03 8.697556783824982318e-01
6.491451000000000022e+03 8.830945053127292610e-01
6.492645999999999731e+03 9.136711575059059953e-01
6.493841000000000349e+03 8.524106912964342087e-01
6.496230999999999767e+03 9.219694306824175456e-01
6.496828000000000429e+03 9.161336233992418698e-01
6.500412999999999556e+03 1.338643927464693739e+00
6.501608000000000175e+03 1.282941775817481478e+00
6.503997999999999593e+03 1.082136875572357049e+00
6.507582999999999629e+03 9.616367895335837801e-01
6.508778000000000247e+03 9.130671032292765332e-01
6.509972999999999956e+03 9.464057104109251384e-01
6.510570999999999913e+03 8.892078053168210872e-01
6.512961000000000240e+03 9.041264231236523230e-01
6.515350999999999658e+03 8.540389869982343285e-01
6.518935999999999694e+03 8.955354289671495494e-01
6.523716000000000349e+03 1.067227845928647945e+00
6.525509000000000015e+03 1.005993324160562530e+00
6.527899000000000342e+03 1.050795990377469735e+00
6.529094000000000051e+03 1.038739721267083915e+00
6.530288999999999760e+03 1.012235782361991632e+00
6.532679000000000087e+03 9.223766456102664435e-01
6.533873999999999796e+03 9.448710403019537907e-01
6.535069000000000415e+03 9.230912457675852778e-01
6.537458999999999833e+03 1.039529334700586283e+00
6.539251000000000204e+03 1.010271900950953317e+00
6.541640999999999622e+03 1.009993280210846223e+00
6.544030999999999949e+03 9.602408657850718399e-01
6.546421000000000276e+03 1.054297361945455869e+00
6.548810999999999694e+03 1.075660353388854240e+00
6.550006999999999607e+03 1.073866802875613757e+00
6.551202000000000226e+03 1.055551155275938235e+00
6.552993999999999687e+03 9.622397157910222987e-01
6.555384000000000015e+03 1.007524046202365575e+00
6.556578999999999724e+03 9.805497232947448794e-01
6.557774000000000342e+03 9.852388990705565064e-01
6.558969000000000051e+03 9.815965251037299666e-01
6.561359000000000378e+03 1.082857115825630601e+00
6.562554000000000087e+03 1.155877746107924153e+00
6.563748999999999796e+03 1.155804424860527924e+00
6.566139000000000124e+03 1.058117962944415069e+00
6.566737000000000080e+03 1.051226893708324006e+00
6.569127000000000407e+03 1.144268736606657733e+00
6.570322000000000116e+03 1.055853464419050702e+00
6.573907000000000153e+03 1.136881338926650997e+00
6.577492000000000189e+03 1.059748514684597076e+00
6.578686999999999898e+03 1.027550898914359578e+00
6.579881999999999607e+03 1.043107975583136060e+00
6.582868999999999687e+03 9.593700349698375263e-01
6.584064000000000306e+03 1.010286565200432030e+00
6.585260000000000218e+03 1.006066081398364176e+00
6.587649999999999636e+03 9.215847761383830772e-01
6.588845000000000255e+03 9.343268809167248889e-01
6.590039999999999964e+03 9.134100210632549732e-01
6.591234999999999673e+03 9.313714706370452845e-01
6.593625000000000000e+03 1.057615994404546456e+00
6.594221999999999753e+03 1.050821370809260635e+00
6.595417000000000371e+03 1.059179429002880646e+00
6.596612000000000080e+03 1.121234584732212269e+00
6.597806999999999789e+03 1.066636199863116197e+00
6.601391999999999825e+03 1.122406032661771746e+00
6.603782000000000153e+03 1.076792320646738688e+00
6.604976999999999862e+03 1.117056965659390499e+00
6.607367000000000189e+03 1.057737820477143487e+00
6.610354999999999563e+03 9.976854628209306242e-01
6.611550000000000182e+03 1.003154663867122487e+00
6.613939999999999600e+03 1.005095420884751789e+00
6.616329999999999927e+03 9.594489963131884736e-01
6.621707999999999629e+03 1.146528723055260102e+00
6.626488000000000284e+03 9.210839356177045190e-01
6.627682999999999993e+03 9.484801377026537139e-01
6.628877999999999702e+03 9.572634591311732777e-01
6.632462999999999738e+03 1.025776524727361583e+00
6.634853000000000065e+03 1.123869073552132392e+00
6.635449999999999818e+03 1.074689692875241853e+00
6.641425000000000182e+03 1.155594613291054173e+00
6.647399999999999636e+03 1.070503613658490671e+00
6.648595000000000255e+03 1.072963823513444659e+00
6.650387999999999920e+03 9.964017769818935832e-01
6.651582999999999629e+03 1.064899614319007704e+00
6.652778000000000247e+03 1.052424850088865327e+00
6.653972999999999956e+03 9.779022622541315712e-01
6.655167999999999665e+03 9.849129015244386665e-01
6.657557999999999993e+03 1.100769496564624639e+00
6.658752999999999702e+03 1.097890791589914095e+00
6.659948000000000320e+03 1.085786581663922945e+00
6.661143000000000029e+03 1.092977139995150004e+00
6.662337999999999738e+03 1.054570342589610021e+00
6.663533000000000357e+03 1.083385592816481058e+00
6.665326000000000022e+03 1.161259525666836545e+00
6.667716000000000349e+03 1.053635778690100722e+00
6.668911000000000058e+03 1.089976608947842429e+00
6.670105999999999767e+03 1.079790595655665264e+00
6.671301000000000386e+03 1.024715058668896894e+00
6.673690999999999804e+03 1.086481441485404709e+00
6.676081000000000131e+03 1.048584508754068167e+00
6.677275999999999840e+03 1.074528386130969793e+00
6.680262999999999920e+03 9.753044340579091198e-01
6.681457999999999629e+03 9.733822893569277213e-01
6.682653000000000247e+03 1.005115161220588860e+00
6.683847999999999956e+03 1.075103675918235524e+00
6.685042999999999665e+03 1.042542837968587044e+00
6.687432999999999993e+03 9.220545961313160177e-01
6.688627999999999702e+03 9.346342661461948254e-01
6.691019000000000233e+03 6.630709781057602115e-01
6.691615999999999985e+03 6.642903668509259063e-01
6.698786000000000058e+03 1.122373320105241490e+00
6.701176000000000386e+03 1.311885056222499735e+00
6.702371000000000095e+03 1.301234299023747099e+00
6.705359000000000378e+03 1.195349957639097127e+00
6.707748999999999796e+03 1.149123167193909723e+00
6.710139000000000124e+03 9.347927528424904153e-01
6.711333999999999833e+03 9.486482125620705474e-01
6.713724000000000160e+03 1.014431471716722655e+00
6.716113999999999578e+03 1.099114692411842675e+00
6.717309000000000196e+03 1.100673614933413980e+00
6.719100999999999658e+03 1.156755345038302352e+00
6.720296000000000276e+03 1.152195327459828000e+00
6.721490999999999985e+03 1.153824751180819064e+00
6.723881000000000313e+03 1.039331367332614775e+00
6.726271999999999935e+03 1.147502203616848959e+00
6.728662000000000262e+03 1.087519783150460384e+00
6.729856999999999971e+03 1.078653552311422459e+00
6.731051999999999680e+03 1.111133736888934465e+00
6.732247000000000298e+03 1.100131601712273977e+00
6.734038999999999760e+03 1.063286546876281768e+00
6.735234000000000378e+03 1.105389863169802034e+00
6.740014000000000124e+03 1.055565255515822365e+00
6.741208999999999833e+03 1.059455793704605853e+00
6.742404000000000451e+03 1.072602857372415563e+00
6.743599000000000160e+03 1.120870798543205815e+00
6.745988999999999578e+03 1.396908374703619948e+00
6.747782000000000153e+03 1.342184779704354902e+00
6.751367000000000189e+03 4.945449110126052261e-01
6.752561999999999898e+03 5.980970727204475423e-01
6.754952000000000226e+03 1.047772898946347730e+00
6.756146999999999935e+03 9.615944888139322799e-01
6.757341999999999643e+03 9.909692365593993912e-01
6.758537000000000262e+03 2.055158333350708411e+00
6.873855999999999767e+03 1.143256339382989317e+00
6.875051000000000386e+03 1.204850699272912884e+00
6.875649000000000342e+03 1.248739669945339692e+00
6.877440999999999804e+03 1.214452962633894018e+00
6.879831000000000131e+03 1.366457496650208547e+00
6.882819000000000415e+03 1.242402458131889986e+00
6.884014000000000124e+03 1.259411295499119454e+00
6.885208999999999833e+03 1.344120460635625847e+00
6.887001000000000204e+03 1.143096160657907312e+00
6.887599000000000160e+03 1.197872208549540574e+00
6.888793999999999869e+03 1.282059100800744922e+00
6.889390999999999622e+03 1.256208849016673845e+00
6.892975999999999658e+03 1.118099255391613589e+00
6.893573999999999614e+03 1.145192020314260262e+00
6.895365999999999985e+03 1.278008383886879429e+00
6.896560999999999694e+03 1.101111286379412135e+00
6.897756000000000313e+03 1.137071410160286788e+00
6.898354000000000269e+03 1.207859126454556176e+00
6.898951000000000022e+03 1.185034786149583574e+00
6.900145999999999731e+03 1.127946862926575200e+00
6.900743999999999687e+03 1.139002015005199375e+00
6.901939000000000306e+03 1.150575491901958181e+00
6.903134000000000015e+03 1.122659836979683412e+00
6.907317000000000007e+03 1.210539864061295212e+00
6.909707000000000335e+03 1.134478658050422695e+00
6.910902000000000044e+03 1.145597543213322744e+00
6.913292000000000371e+03 1.248776330569037363e+00
6.913889000000000124e+03 1.246276076032812874e+00
6.914487000000000080e+03 1.214311960235053611e+00
6.916279000000000451e+03 1.510851849196349406e+00
6.916877000000000407e+03 1.490451622132228593e+00
6.920462000000000444e+03 1.238873450093731066e+00
6.923448999999999614e+03 1.162206497777443559e+00
6.924644000000000233e+03 1.165987618104727730e+00
6.925242000000000189e+03 1.204108462645421262e+00
6.927033999999999651e+03 1.116179366729013189e+00
6.929423999999999978e+03 1.263305781755071244e+00
6.930021999999999935e+03 1.259332334155769395e+00
6.931814000000000306e+03 1.191449831287192396e+00
6.933606999999999971e+03 1.261405069418712444e+00
6.935997000000000298e+03 1.080905078616094528e+00
6.936594000000000051e+03 1.093259144792829041e+00
6.940180000000000291e+03 1.032809724381483107e+00
6.940777000000000044e+03 1.034307733866755896e+00
6.942569999999999709e+03 1.113450688306667935e+00
6.943167000000000371e+03 1.091115344320870761e+00
6.943765000000000327e+03 1.093189207603004753e+00
6.945556999999999789e+03 1.127402029657458726e+00
6.947350000000000364e+03 1.078947965320200097e+00
6.947947000000000116e+03 1.087541215515083870e+00
6.950337000000000444e+03 1.119522815610298316e+00
6.951532000000000153e+03 1.112000055627405004e+00
6.952130000000000109e+03 1.133448212519702736e+00
6.953921999999999571e+03 1.265587764577891683e+00
6.954520000000000437e+03 1.251735688915884381e+00
6.956909999999999854e+03 1.129201784276247622e+00
6.958702000000000226e+03 1.208902544205969321e+00
6.960494999999999891e+03 1.054439492363486330e+00
6.961091999999999643e+03 1.055682569511656510e+00
6.963481999999999971e+03 1.172259404805115146e+00
6.967067000000000007e+03 1.073148818660722092e+00
6.967664999999999964e+03 1.089210683917345435e+00
6.969457000000000335e+03 1.172259404805115146e+00
6.970055000000000291e+03 1.163406146186771295e+00
6.970652000000000044e+03 1.166581520208640477e+00
6.972444999999999709e+03 1.237133480492049742e+00
6.973640000000000327e+03 1.222164665831232178e+00
6.974835000000000036e+03 1.131725163205882012e+00
6.976627999999999702e+03 1.220530730033478228e+00
6.978420000000000073e+03 1.128414990890722613e+00
6.979018000000000029e+03 1.175637822281313305e+00
6.979614999999999782e+03 1.160934656139909649e+00
6.980810000000000400e+03 1.133985149654484381e+00
6.981408000000000357e+03 1.147840045364469042e+00
6.982603000000000065e+03 1.137582402853681174e+00
6.983797999999999774e+03 1.076024139577860694e+00
6.986188000000000102e+03 1.117165255501699761e+00
6.988578000000000429e+03 1.046147987302119553e+00
6.989773000000000138e+03 1.076922042853671435e+00
6.990369999999999891e+03 1.075490586500650991e+00
6.991564999999999600e+03 1.072791800586860411e+00
6.994552999999999884e+03 1.181051750387161370e+00
6.995149999999999636e+03 1.163998356261897626e+00
6.996345000000000255e+03 1.164643583238987645e+00
6.996943000000000211e+03 1.162878233205515421e+00
6.997539999999999964e+03 1.147114165015242548e+00
6.999332999999999629e+03 1.189241169711768187e+00
7.000528000000000247e+03 1.185003201612243373e+00
7.001722999999999956e+03 1.102171060409090408e+00
7.003515000000000327e+03 1.178702086412896755e+00
7.004113000000000284e+03 1.176343398285107256e+00
7.005904999999999745e+03 1.100629622184976064e+00
7.006502999999999702e+03 1.112505972234441920e+00
7.008295000000000073e+03 1.167159066034287207e+00
7.010087999999999738e+03 1.100398378250878828e+00
7.011881000000000313e+03 1.170805952077876633e+00
7.013076000000000022e+03 1.131971635399054321e+00
7.015466000000000349e+03 1.184607266876301246e+00
7.017257999999999811e+03 1.204658936010491566e+00
7.018453000000000429e+03 1.222774360203814581e+00
7.019051000000000386e+03 1.219827974077661636e+00
7.025622999999999593e+03 1.046537153922916907e+00
7.026220999999999549e+03 1.060486239235325812e+00
7.028012999999999920e+03 1.120743332374654955e+00
7.028610999999999876e+03 1.118774938886852865e+00
7.030403000000000247e+03 1.148987804891023146e+00
7.032195999999999913e+03 1.114788519066858719e+00
7.033390999999999622e+03 1.091195433683411764e+00
7.035182999999999993e+03 1.137667004292985062e+00
7.036975999999999658e+03 1.033597645786199060e+00
7.037573000000000320e+03 1.043446945349947086e+00
7.039962999999999738e+03 1.095930294236447722e+00
7.041158000000000357e+03 1.090306554561126795e+00
7.041756000000000313e+03 1.093982769103674535e+00
7.044145999999999731e+03 1.149162647865584752e+00
7.045939000000000306e+03 1.104890714677909891e+00
7.048328999999999724e+03 1.185223165354432950e+00
7.050719000000000051e+03 1.028759571477213086e+00
7.051315999999999804e+03 1.035929261453412131e+00
7.053109000000000378e+03 1.066144947505558882e+00
7.054900999999999840e+03 1.025801341149557011e+00
7.056694000000000415e+03 1.091868297130674570e+00
7.057291000000000167e+03 1.088973799887294369e+00
7.057889000000000124e+03 1.107506027171588414e+00
7.059083999999999833e+03 1.100251735756085480e+00
7.059680999999999585e+03 1.086223125090730157e+00
7.062668999999999869e+03 1.189445905194883579e+00
7.063863999999999578e+03 1.199008123874593323e+00
7.068644000000000233e+03 8.970283623660639805e-01
7.071033999999999651e+03 7.679643546313652536e-01
7.071631000000000313e+03 7.791678412335691917e-01
7.073423999999999978e+03 8.724223157493531389e-01
7.075216000000000349e+03 7.928016451821724431e-01
7.078203999999999724e+03 9.828655466932874063e-01
7.080594000000000051e+03 1.042317798140039109e+00
7.081788999999999760e+03 1.080370397519693881e+00
7.082386999999999716e+03 1.076050084019247066e+00
7.084179000000000087e+03 1.032153217212486318e+00
7.085971999999999753e+03 1.066952045236517321e+00
7.088362000000000080e+03 1.028361944712485432e+00
7.088958999999999833e+03 1.023967745955046027e+00
7.090752000000000407e+03 9.305937014050460476e-01
7.093141999999999825e+03 8.455557186744453446e-01
7.093738999999999578e+03 8.389630105142984462e-01
7.096128999999999905e+03 9.167963346737879604e-01
7.097921999999999571e+03 1.031762922572498020e+00
7.098519000000000233e+03 1.031454973333431724e+00
7.099713999999999942e+03 9.994243044034210044e-01
7.100311999999999898e+03 1.024594360615489919e+00
7.102104000000000269e+03 1.136595386061803659e+00
7.103896999999999935e+03 1.085716080464503186e+00
7.104493999999999687e+03 1.097590738485183515e+00
7.107481999999999971e+03 1.036633709438015138e+00
7.109274000000000342e+03 9.806089443022569796e-01
7.111067000000000007e+03 1.025435298922169558e+00
7.112859000000000378e+03 1.006295069294079525e+00
7.117640000000000327e+03 1.140094501591408793e+00
7.119431999999999789e+03 1.062707873031444095e+00
7.120627000000000407e+03 1.102521310367808205e+00
7.122420000000000073e+03 1.015552158782700332e+00
7.124212000000000444e+03 1.048885689877989691e+00
7.124810000000000400e+03 1.016843740756071313e+00
7.125407000000000153e+03 1.020438173907292523e+00
7.128992000000000189e+03 1.067293271041709346e+00
7.129590000000000146e+03 1.064716875210111269e+00
7.130784999999999854e+03 1.070604571376059688e+00
7.131381999999999607e+03 1.102525258434975619e+00
7.131979999999999563e+03 1.094532678459149366e+00
7.133771999999999935e+03 1.040696270553382874e+00
7.135564999999999600e+03 1.051930213673736070e+00
7.137356999999999971e+03 9.886246486714940218e-01
7.137954999999999927e+03 9.985483975018292213e-01
7.138551999999999680e+03 1.032823824621367237e+00
7.140345000000000255e+03 9.450391151613706242e-01
7.140942000000000007e+03 9.606052159836728777e-01
7.142734999999999673e+03 1.051710249931546493e+00
7.144527000000000044e+03 9.686192283241235046e-01
7.145125000000000000e+03 9.776665062432714493e-01
7.146319999999999709e+03 1.016701610338041739e+00
7.146917000000000371e+03 9.953921998062016385e-01
7.147515000000000327e+03 9.288903924270632828e-01
7.148710000000000036e+03 9.399263681794449710e-01
7.149306999999999789e+03 1.011072794576362455e+00
7.149904999999999745e+03 1.008127536469399566e+00
7.151100000000000364e+03 9.686840894275903224e-01
7.151698000000000320e+03 9.841232880909371872e-01
7.156478000000000065e+03 1.140956308253116447e+00
7.157672999999999774e+03 1.114841535968822406e+00
7.158270000000000437e+03 1.067372796394654877e+00
7.158868000000000393e+03 1.072491183472534360e+00
7.161257999999999811e+03 1.128920907497759529e+00
7.163050000000000182e+03 1.035179128691584793e+00
7.164244999999999891e+03 1.054634639683480479e+00
7.164842999999999847e+03 1.078057958178724185e+00
7.165439999999999600e+03 1.040415957784489365e+00
7.166635000000000218e+03 1.045832141928718428e+00
7.167233000000000175e+03 1.090949525499835815e+00
7.167829999999999927e+03 1.068238551123529945e+00
7.169024999999999636e+03 1.039830515824507806e+00
7.170220000000000255e+03 1.091972074896220946e+00
7.173207999999999629e+03 9.773946536183082401e-01
7.174403000000000247e+03 1.021803077128059734e+00
7.176194999999999709e+03 9.381813224914052896e-01
7.180377999999999702e+03 1.177638364316050179e+00
7.180975000000000364e+03 1.174783911753940480e+00
7.182768000000000029e+03 1.041533260792895099e+00
7.184560000000000400e+03 1.146482474268440299e+00
7.185755000000000109e+03 1.111938014571916433e+00
7.187547999999999774e+03 1.135570580627037529e+00
7.192328000000000429e+03 9.787443285800021542e-01
7.194121000000000095e+03 9.171087959896162545e-01
7.195912999999999556e+03 9.916291277859690112e-01
7.196511000000000422e+03 9.855468483096219146e-01
7.198302999999999884e+03 9.311407907125435202e-01
7.198900999999999840e+03 9.377475991125745480e-01
7.200693000000000211e+03 1.029252515863556816e+00
7.201291000000000167e+03 1.023688561205343461e+00
7.202485999999999876e+03 1.025690231259271279e+00
7.203082999999999629e+03 1.049204355299367286e+00
7.203680999999999585e+03 1.044128268941140192e+00
7.205472999999999956e+03 1.008421385468581732e+00
7.209655999999999949e+03 1.100230303391461995e+00
7.212046000000000276e+03 1.001930763045194794e+00
7.212643000000000029e+03 1.023288678402234808e+00
7.214435999999999694e+03 9.440323580336560383e-01
7.215033000000000357e+03 9.524473811964062619e-01
7.216228000000000065e+03 9.984412356787109033e-01
7.216826000000000022e+03 9.904932124609171495e-01
7.218020999999999731e+03 9.932512193822207180e-01
7.218618000000000393e+03 1.026452208222600859e+00
7.219216000000000349e+03 1.011371719661902091e+00
7.220411000000000058e+03 9.933657133300783926e-01
7.223399000000000342e+03 1.068012947285386538e+00
7.223996000000000095e+03 1.061992144854933429e+00
7.225788999999999760e+03 1.024841396818256811e+00
7.227581000000000131e+03 1.040310487990157462e+00
7.230569000000000415e+03 9.790945785387190625e-01
7.231764000000000124e+03 9.856043772883484877e-01
7.232360999999999876e+03 1.021779952734650720e+00
7.232958999999999833e+03 1.019301694572644301e+00
7.234154000000000451e+03 9.908220300550114601e-01
7.234751000000000204e+03 1.007674636764326337e+00
7.235945999999999913e+03 1.031479225746032569e+00
7.236543999999999869e+03 1.022226084324579176e+00
7.237140999999999622e+03 1.027295966577257857e+00
7.240725999999999658e+03 1.122770382860373672e+00
7.241323999999999614e+03 1.093781981687726557e+00
7.241921000000000276e+03 1.094913948945611892e+00
7.243115999999999985e+03 1.121386303313363975e+00
7.243713999999999942e+03 1.119133648989500962e+00
7.244908999999999651e+03 1.109239792667720437e+00
7.245506000000000313e+03 1.117730957125844249e+00
7.246104000000000269e+03 1.111327192180142198e+00
7.248493999999999687e+03 1.033094549227139503e+00
7.249689000000000306e+03 1.046133887062235424e+00
7.250286000000000058e+03 1.036225366490975297e+00
7.252078999999999724e+03 9.810099551245574645e-01
7.252676000000000386e+03 9.875434422771913745e-01
7.254469000000000051e+03 1.049620594380741956e+00
7.257457000000000335e+03 9.894430265943592318e-01
7.258652000000000044e+03 9.585431969030420163e-01
7.259846999999999753e+03 1.019522222324429350e+00
7.262833999999999833e+03 9.319117918293988723e-01
7.270601999999999862e+03 1.125253717108737561e+00
7.277173999999999978e+03 9.850978966717169882e-01
7.277771999999999935e+03 1.001295124231225131e+00
7.279564000000000306e+03 1.015998290372628787e+00
7.281356999999999971e+03 1.055297350958026570e+00
7.283149000000000342e+03 9.695064154176229465e-01
7.283747000000000298e+03 9.733484487812056329e-01
7.285538999999999760e+03 1.040737443253844319e+00
7.286136999999999716e+03 1.036516959451775577e+00
7.287929000000000087e+03 1.066015225298627023e+00
7.289721999999999753e+03 1.032584684552935173e+00
7.292112000000000080e+03 1.103308667762929574e+00
7.292710000000000036e+03 1.108985988349808771e+00
7.296891999999999825e+03 1.010970144830007023e+00
7.297489999999999782e+03 1.015344039242012997e+00
7.298685000000000400e+03 1.056424242129553548e+00
7.299282000000000153e+03 1.046846231181173259e+00
7.299880000000000109e+03 1.041102921471636300e+00
7.301074999999999818e+03 1.066068242200590710e+00
7.302270000000000437e+03 9.877955545663166248e-01
7.303465000000000146e+03 9.904943404801080931e-01
7.306452000000000226e+03 1.049764416827558833e+00
7.308841999999999643e+03 9.683163551714164541e-01
7.311231999999999971e+03 1.029632094321232927e+00
7.313024999999999636e+03 1.009783468641372473e+00
7.313622000000000298e+03 1.009263451794452315e+00
7.314817000000000007e+03 9.944801962905067683e-01
7.316609999999999673e+03 1.017384061948424900e+00
7.317805000000000291e+03 9.421124693710547504e-01
7.319000000000000000e+03 9.482026449817375635e-01
7.319596999999999753e+03 9.581653104741514326e-01
7.322585000000000036e+03 9.161048589098781392e-01
7.323779999999999745e+03 9.207365057069631931e-01
7.325572000000000116e+03 9.677354252881968932e-01
7.326170000000000073e+03 9.543881382140355640e-01
7.327962000000000444e+03 9.950504099914150302e-01
7.329158000000000357e+03 9.561777406601077445e-01
7.335132999999999811e+03 1.288415488940436227e+00
7.336925000000000182e+03 1.149776854314930041e+00
7.337523000000000138e+03 1.162347500176283077e+00
7.338119999999999891e+03 1.223872486885977828e+00
7.339314999999999600e+03 1.184527177513761131e+00
7.340510000000000218e+03 1.000685993868238199e+00
7.341704999999999927e+03 1.012318691772509105e+00
7.342302999999999884e+03 1.002919471865857837e+00
7.344095000000000255e+03 9.084191001539263510e-01
7.346484999999999673e+03 9.833426988109605915e-01
7.347082999999999629e+03 9.810641000457120953e-01
7.348278000000000247e+03 9.824233631705263647e-01
7.348875000000000000e+03 9.876635763210028784e-01
7.349472999999999956e+03 1.009440550807394921e+00
7.350667999999999665e+03 1.006829186380883812e+00
7.351265000000000327e+03 1.008161377045120766e+00
7.353057999999999993e+03 1.052613793303310175e+00
7.353654999999999745e+03 1.033312820940543553e+00
7.355448000000000320e+03 1.076608453518652198e+00
7.356045000000000073e+03 1.075017382450145220e+00
7.358435000000000400e+03 1.010056449285525737e+00
7.359630000000000109e+03 1.027104767324431123e+00
7.360228000000000065e+03 1.032660825848308761e+00
7.362020000000000437e+03 9.822626204358488877e-01
7.363813000000000102e+03 1.094661836656485754e+00
7.366203000000000429e+03 9.859202226617496123e-01
7.368592999999999847e+03 9.954824413414593565e-01
7.370983000000000175e+03 9.053108432739049860e-01
7.371581000000000131e+03 9.193191495938268787e-01
7.372775999999999840e+03 9.024411624527202136e-01
7.373372999999999593e+03 9.060496958438246651e-01
7.373970999999999549e+03 9.387013393383263349e-01
7.375762999999999920e+03 8.393826336532459464e-01
7.376360999999999876e+03 8.611584801204461570e-01
7.377555999999999585e+03 8.998258499590425785e-01
7.378153000000000247e+03 8.829912915567783571e-01
7.380542999999999665e+03 8.264363574013842140e-01
7.381738000000000284e+03 8.260759552699497021e-01
7.384127999999999702e+03 8.669401424824680902e-01
7.386518000000000029e+03 7.502741936729426797e-01
7.387115999999999985e+03 7.585572385903791570e-01
7.391895999999999731e+03 8.789772352666114230e-01
7.393091000000000349e+03 8.878389540288855741e-01
7.393688000000000102e+03 8.860064868535655336e-01
7.394286000000000058e+03 8.848508311926757131e-01
7.395480999999999767e+03 8.783669768844335479e-01
7.396676000000000386e+03 9.144432866419522909e-01
7.398467999999999847e+03 8.385151868955844634e-01
7.399663999999999760e+03 8.415506865378041823e-01
7.400261000000000422e+03 8.581523089771847523e-01
7.400859000000000378e+03 8.505218231615785385e-01
7.403248999999999796e+03 8.784961350817708237e-01
7.405041000000000167e+03 9.011777809591174915e-01
7.406833999999999833e+03 8.719474196700618407e-01
7.407430999999999585e+03 9.004400564083878677e-01
7.408626000000000204e+03 8.907278111763128337e-01
7.409224000000000160e+03 8.751808866802521791e-01
7.411015999999999622e+03 9.177506389091352190e-01
7.412211000000000240e+03 8.697099936052739011e-01
7.413405999999999949e+03 8.971716208032844975e-01
7.414003999999999905e+03 8.798311457939842484e-01
7.414600999999999658e+03 8.407402047492738006e-01
7.415796000000000276e+03 8.659756860744041163e-01
7.417588999999999942e+03 9.551049944097362854e-01
7.418185999999999694e+03 9.251600329633609121e-01
7.418783999999999651e+03 9.418225684390408858e-01
7.419979000000000269e+03 9.590603937019857028e-01
7.420576000000000022e+03 9.418158003238961129e-01
7.421173999999999978e+03 9.563858602007950793e-01
7.422966000000000349e+03 9.978636898530632848e-01
7.423564000000000306e+03 9.632673412737657870e-01
7.424759000000000015e+03 9.638211986964080324e-01
7.426551000000000386e+03 1.084789412699328714e+00
7.427149000000000342e+03 1.077483796410648509e+00
7.431331000000000131e+03 9.495912366055101472e-01
7.434319000000000415e+03 8.693360552435507316e-01
7.436112000000000080e+03 8.357509758687315937e-01
7.440293999999999869e+03 1.004694410062451304e+00
7.441488999999999578e+03 8.865688044201380791e-01
7.442684000000000196e+03 9.177974517055496051e-01
7.443282000000000153e+03 9.098601446700680384e-01
7.444476999999999862e+03 9.151189701371915675e-01
7.445073999999999614e+03 9.529905224367363203e-01
7.446867000000000189e+03 8.379432811658906743e-01
7.447463999999999942e+03 8.732531018833169512e-01
7.448061999999999898e+03 8.997609888555766489e-01
7.449256999999999607e+03 8.717235078607039611e-01
7.450452000000000226e+03 9.551918518874211728e-01
7.451646999999999935e+03 9.334712783605656483e-01
7.452243999999999687e+03 9.244482528540185484e-01
7.453439000000000306e+03 9.297290746953610352e-01
7.454634000000000015e+03 8.475901012849043070e-01
7.457024000000000342e+03 9.243822637313616752e-01
7.458219000000000051e+03 9.211956095175848347e-01
7.460609000000000378e+03 8.431626259613391738e-01
7.461207000000000335e+03 8.510469160948570533e-01
7.463596999999999753e+03 9.735616444082513254e-01
7.464792000000000371e+03 9.634235719316803781e-01
7.465389000000000124e+03 9.573779530790309522e-01
7.467181999999999789e+03 9.935625526788589568e-01
7.468377000000000407e+03 9.584856679243154431e-01
7.470170000000000073e+03 1.022437023913242982e+00
7.474351999999999862e+03 8.409505803283430225e-01
7.476145000000000437e+03 8.765204094692293779e-01
7.477340000000000146e+03 8.149672222797663679e-01
7.478534999999999854e+03 8.283720383326551584e-01
7.479131999999999607e+03 8.297166372079898267e-01
7.480327000000000226e+03 7.925247164708517644e-01
7.480925000000000182e+03 8.129074592375165054e-01
7.482716999999999643e+03 9.094320613871902381e-01
7.483314999999999600e+03 9.082921979949709623e-01
7.485106999999999971e+03 9.200207775304534152e-01
7.485704999999999927e+03 9.181161171269272003e-01
7.487497000000000298e+03 8.454164083043922417e-01
7.488095000000000255e+03 8.612752301066857186e-01
7.489886999999999716e+03 9.904559878276231188e-01
7.490484999999999673e+03 9.848012276245583507e-01
7.491680000000000291e+03 9.635166335149145667e-01
7.494069999999999709e+03 1.047657840988894584e+00
7.494667000000000371e+03 1.031877980529951166e+00
7.495265000000000327e+03 1.034863283318184557e+00
7.496460000000000036e+03 1.051261862303236150e+00
7.497056999999999789e+03 1.042880679716207126e+00
7.501239999999999782e+03 8.881700276613617717e-01
7.503032000000000153e+03 9.254651621544498497e-01
7.505422999999999774e+03 8.293325466735508300e-01
7.507215000000000146e+03 9.138804050657842737e-01
7.508409999999999854e+03 9.685397029711779737e-01
7.510203000000000429e+03 9.068178769127035466e-01
7.511994999999999891e+03 9.586001618721731177e-01
7.513189999999999600e+03 8.860927803216558374e-01
7.514385000000000218e+03 9.029600512804503154e-01
7.514983000000000175e+03 9.389269431764697416e-01
7.517372999999999593e+03 8.365890941274347625e-01
7.519164999999999964e+03 9.659531549668640693e-01
7.519762999999999920e+03 9.548760065140200481e-01
7.521555000000000291e+03 1.043108539592731532e+00
7.522153000000000247e+03 1.040535527818705397e+00
7.525140000000000327e+03 1.007300698402604056e+00
7.526335000000000036e+03 1.029706543587820100e+00
7.528127999999999702e+03 9.995624867542840519e-01
7.529920000000000073e+03 1.041814137571384080e+00
7.530518000000000029e+03 1.011235229339825459e+00
7.534103000000000065e+03 1.080270567821315808e+00
7.534699999999999818e+03 1.075733110626655886e+00
7.536493000000000393e+03 1.029729103971634530e+00
7.537090000000000146e+03 1.031228241476098262e+00
7.539479999999999563e+03 9.669836004975840282e-01
7.541273000000000138e+03 9.989364361034356321e-01
7.543065999999999804e+03 8.834103506861303856e-01
7.543662999999999556e+03 8.874926521373360799e-01
7.544261000000000422e+03 8.996132183415923578e-01
7.546052999999999884e+03 8.157150990032118187e-01
7.546650999999999840e+03 8.245435411993602415e-01
7.552028000000000247e+03 8.955455811398662647e-01
7.553222999999999956e+03 8.401919874225853846e-01
7.555015999999999622e+03 9.584461872526404136e-01
7.555613000000000284e+03 9.530322591467932369e-01
7.556807999999999993e+03 9.401869406125005213e-01
7.558002999999999702e+03 9.714725528670431487e-01
7.561587999999999738e+03 9.256428251769879267e-01
7.563381000000000313e+03 9.534637264872420914e-01
7.563978000000000065e+03 9.521924488593045410e-01
7.564576000000000022e+03 9.596841883144522356e-01
7.566368000000000393e+03 9.101850141969940466e-01
7.568161000000000058e+03 9.440081056210551935e-01
7.569953000000000429e+03 8.649029398240326572e-01
7.571148000000000138e+03 9.779135424460383419e-01
7.572940999999999804e+03 9.216445611554906492e-01
7.573537999999999556e+03 9.266794748132571868e-01
7.575331000000000131e+03 9.424847157039915047e-01
7.577123999999999796e+03 9.151578867992711253e-01
7.578916000000000167e+03 9.513757629652248582e-01
7.579514000000000124e+03 9.267454639359140600e-01
7.581305999999999585e+03 8.304357494420715469e-01
7.582501000000000204e+03 8.792276555269502580e-01
7.586086000000000240e+03 7.970621736655116862e-01
7.592658999999999651e+03 9.462771162231833344e-01
7.593256000000000313e+03 9.392484286458238074e-01
7.593854000000000269e+03 9.168358153454629900e-01
7.595048999999999978e+03 9.283523272730906939e-01
7.595645999999999731e+03 9.520649826907527924e-01
7.597439000000000306e+03 8.801689875416043307e-01
7.598036000000000058e+03 9.054727140277734065e-01
7.599230999999999767e+03 9.446200560320194839e-01
7.601621000000000095e+03 8.452331051859003352e-01
7.602219000000000051e+03 8.473599853699980144e-01
7.604011000000000422e+03 8.773370953633081726e-01
7.606998999999999796e+03 8.134878251111405945e-01
7.608194000000000415e+03 8.105154945436012781e-01
7.608791000000000167e+03 8.379274888972201296e-01
7.609389000000000124e+03 8.375484744491394906e-01
7.611180999999999585e+03 7.501540596291311758e-01
7.611779000000000451e+03 7.536272307173490503e-01
7.613572000000000116e+03 8.242553322961319040e-01
7.614766999999999825e+03 8.660146027364845622e-01
7.615363999999999578e+03 8.647348649646158236e-01
7.617157000000000153e+03 8.941631936216420939e-01
7.618351999999999862e+03 7.839359783527308778e-01
7.619546999999999571e+03 8.097743859352997120e-01
7.620742000000000189e+03 9.076684033825044295e-01
7.622533999999999651e+03 8.552465315418977809e-01
7.623729000000000269e+03 8.716716189779312174e-01
7.624327000000000226e+03 9.076153864805407423e-01
7.624923999999999978e+03 8.934570536082526715e-01
7.626118999999999687e+03 8.567405929600022674e-01
7.627314000000000306e+03 9.466234181147328286e-01
7.628509000000000015e+03 9.152915570733712869e-01
7.629106999999999971e+03 8.903205962484639358e-01
7.630899000000000342e+03 9.597422813027742805e-01
7.633288999999999760e+03 9.064805991746789360e-01
7.633886999999999716e+03 9.197009840898848765e-01
7.636277000000000044e+03 8.332383131214085026e-01
7.637471999999999753e+03 8.355524444911655024e-01
7.638667000000000371e+03 8.729773011911863279e-01
7.640458999999999833e+03 7.926493625914261543e-01
7.641654000000000451e+03 7.455483572734324937e-01
7.642252000000000407e+03 7.530147162967901764e-01
7.646434000000000196e+03 9.046250076059489942e-01
7.647032000000000153e+03 9.181753381344401888e-01
7.647630000000000109e+03 9.177444348035859178e-01
7.649421999999999571e+03 9.107828643680742076e-01
7.651811999999999898e+03 9.957610620815664504e-01
7.653006999999999607e+03 9.756089992394034738e-01
7.655396999999999935e+03 8.868592693617483036e-01
7.655994999999999891e+03 8.980052269852247804e-01
7.656591999999999643e+03 8.749169301896246864e-01
7.657787000000000262e+03 8.803866952454129091e-01
7.659579999999999927e+03 9.700072559383015047e-01
7.660774999999999636e+03 9.385592089202958732e-01
7.661970000000000255e+03 9.477503092862598066e-01
7.663164999999999964e+03 1.039955725954676780e+00
7.664359999999999673e+03 1.033956919898442628e+00
7.665555000000000291e+03 9.769874386904593422e-01
7.668542000000000371e+03 9.978264652197701423e-01
7.669140000000000327e+03 9.869799966914278855e-01
7.670931999999999789e+03 9.235272251847979064e-01
7.672127000000000407e+03 9.521529681876286233e-01
7.676310000000000400e+03 8.134404483051307366e-01
7.678101999999999862e+03 8.974474214954151208e-01
7.678699999999999818e+03 8.747866439730964672e-01
7.679895000000000437e+03 8.413724595056706335e-01
7.680492000000000189e+03 8.599464235000207069e-01
7.682284999999999854e+03 9.137879074921455569e-01
7.683479999999999563e+03 8.447260605596733640e-01
7.684675000000000182e+03 8.513887059096445498e-01
7.686467999999999847e+03 8.682362365326019571e-01
7.687064999999999600e+03 8.574230445703863168e-01
7.687662999999999556e+03 8.698058752364845603e-01
7.689454999999999927e+03 9.466087538652541156e-01
7.691845000000000255e+03 8.827064667111228502e-01
7.692443000000000211e+03 9.014327132962192124e-01
7.693637999999999920e+03 9.050936995796918794e-01
7.694234999999999673e+03 8.906437737466044169e-01
7.696625000000000000e+03 9.631043425007073111e-01
7.697819999999999709e+03 9.486871292241501052e-01
7.699015000000000327e+03 9.940865175929465281e-01
7.702600000000000364e+03 8.615025259736155405e-01
7.703198000000000320e+03 8.941361211610647786e-01
7.704393000000000029e+03 9.151426585401969405e-01
7.706783000000000357e+03 8.242085194997175179e-01
7.707380000000000109e+03 8.056903924553076024e-01
7.709770000000000437e+03 9.067964445480800606e-01
7.710368000000000393e+03 8.836438506586086206e-01
7.712159999999999854e+03 8.276078053309436910e-01
7.713953000000000429e+03 9.269987042442302538e-01
7.714550000000000182e+03 9.226011214292189067e-01
7.715744999999999891e+03 8.946307575761940356e-01
7.716939999999999600e+03 9.620315962503349638e-01
7.718136000000000422e+03 9.414796506050624458e-01
7.719331000000000131e+03 8.300798593874008091e-01
7.720525999999999840e+03 8.432731718420294342e-01
7.721720999999999549e+03 8.932472420387798095e-01
7.723512999999999920e+03 8.368998634144766413e-01
7.725305999999999585e+03 8.947458155336471819e-01
7.727695999999999913e+03 7.810448651669226194e-01
7.730682999999999993e+03 9.085183658427098408e-01
7.731877999999999702e+03 9.047338614578528393e-01
7.732475999999999658e+03 9.088240590433942501e-01
7.734268000000000029e+03 9.576864663276927203e-01
7.734865999999999985e+03 9.416939742512990819e-01
7.736658000000000357e+03 8.480367968844282345e-01
7.738451000000000022e+03 8.841379230641424058e-01
7.739047999999999774e+03 8.757217718822012387e-01
7.740841000000000349e+03 9.058968492434829045e-01
7.742632999999999811e+03 8.475833331697595341e-01
7.743230999999999767e+03 8.526712637294897590e-01
7.745023000000000138e+03 9.554512963012857796e-01
7.746217999999999847e+03 8.625171792356658429e-01
7.747412999999999556e+03 8.268345481757073401e-01
7.748011000000000422e+03 8.424891985044808962e-01
7.750400999999999840e+03 9.094072449649948098e-01
7.751595999999999549e+03 9.059927308746935637e-01
7.753985999999999876e+03 8.223557479789640468e-01
7.755180999999999585e+03 7.783449512339410958e-01
7.756974000000000160e+03 8.545708480466576162e-01
7.757570999999999913e+03 8.473470131493048285e-01
7.759363999999999578e+03 8.137641898128666895e-01
7.761155999999999949e+03 8.349512102625133991e-01
7.762948999999999614e+03 7.925450208162843069e-01
7.764144000000000233e+03 8.088437701029578264e-01
7.765338999999999942e+03 8.097670538105603555e-01
7.768326000000000022e+03 8.631263095986527745e-01
7.769520999999999731e+03 8.566734758181544507e-01
7.771911000000000058e+03 7.744177524214590491e-01
7.776690999999999804e+03 8.698910406853839206e-01
7.779081000000000131e+03 7.860713186807588571e-01
7.780873999999999796e+03 8.232869278209014041e-01
7.782069000000000415e+03 7.823420872362474299e-01
7.784458999999999833e+03 8.499284850672612635e-01
7.785654000000000451e+03 8.566621956262476800e-01
7.787445999999999913e+03 8.832930366902953523e-01
7.788043999999999869e+03 8.776771931493092538e-01
7.789837000000000444e+03 8.945292358490295470e-01
7.791032000000000153e+03 8.378913922831170424e-01
7.799993999999999687e+03 1.962735125935592961e-01
7.801189000000000306e+03 2.093230026013710443e-01
7.801787000000000262e+03 2.149681746413154571e-01
7.805969000000000051e+03 9.566266092551245492e-02
7.806567000000000007e+03 1.056715752047461265e-01
7.810152000000000044e+03 1.944765780227468710e-01
7.811346999999999753e+03 2.261293605238678950e-01
7.814333999999999833e+03 3.161317557128144884e-01
7.820309000000000196e+03 6.682378700088404955e-01
7.823296999999999571e+03 4.757577513912103484e-01
7.824492000000000189e+03 4.845281005990367262e-01
7.826284999999999854e+03 4.357102500727716432e-01
7.828675000000000182e+03 3.886301131098059969e-01
7.829271999999999935e+03 3.831992647160982202e-01
7.831064999999999600e+03 4.078419719565067325e-01
7.832260000000000218e+03 4.021759315615343056e-01
7.832856999999999971e+03 3.978499779651336610e-01
7.835845000000000255e+03 4.556474252591034002e-01
7.837636999999999716e+03 4.207397433831676636e-01
7.839430000000000291e+03 4.941427721711146859e-01
7.840027000000000044e+03 4.910841481354850657e-01
7.841221999999999753e+03 5.079525471134704873e-01
7.841819999999999709e+03 5.075938370108223907e-01
7.842417000000000371e+03 4.658588189830705772e-01
7.843612000000000080e+03 4.706568486107869376e-01
7.844210000000000036e+03 5.147556308526866076e-01
7.844806999999999789e+03 5.052599653052283202e-01
7.846600000000000364e+03 4.644499230138654511e-01
7.848989999999999782e+03 5.502470626598183756e-01
7.850185000000000400e+03 5.503446363198154501e-01
7.851380000000000109e+03 5.094133319654492453e-01
7.852574999999999818e+03 5.219862338651841682e-01
7.854965000000000146e+03 5.886831885643166729e-01
7.855561999999999898e+03 5.802969298909301799e-01
7.857952000000000226e+03 4.773189299511626515e-01
7.866914999999999964e+03 9.643310633706123625e-01
7.869305000000000291e+03 8.918135296473783669e-01
7.872890000000000327e+03 7.977767738228314087e-01
7.874085000000000036e+03 8.240787972927847704e-01
7.875279999999999745e+03 8.152057983386029605e-01
7.877073000000000320e+03 7.735175931072664213e-01
7.878268000000000029e+03 8.144206969818643671e-01
7.880658000000000357e+03 7.521038408002853615e-01
7.881853000000000065e+03 7.478230079715135759e-01
7.882449999999999818e+03 7.602893120577256525e-01
7.884243000000000393e+03 8.360933296931145620e-01
7.886034999999999854e+03 7.357159779975459557e-01
7.886632999999999811e+03 7.501924122816152618e-01
7.887229999999999563e+03 7.800443121447564465e-01
7.888425000000000182e+03 7.675672918762330710e-01
7.891412999999999556e+03 7.106136029369194418e-01
7.892010000000000218e+03 7.141104624281435775e-01
7.893204999999999927e+03 7.106468795030460583e-01
7.893802999999999884e+03 7.162864114470366417e-01
7.895595999999999549e+03 7.772975854153596487e-01
7.897985999999999876e+03 9.652881876539360917e-01
7.898582999999999629e+03 9.547570004893994877e-01
7.900972999999999956e+03 9.343511333293248455e-01
7.902167999999999665e+03 9.363088106348147477e-01
7.902765999999999622e+03 9.263077924899159044e-01
7.905155999999999949e+03 7.658414225144358767e-01
7.906350999999999658e+03 7.686704946447546760e-01
7.906948000000000320e+03 7.862309333962445024e-01
7.907546000000000276e+03 7.752524866225893874e-01
7.909935999999999694e+03 7.231081075028988892e-01
7.911131000000000313e+03 7.261351470011891962e-01
7.916507999999999811e+03 8.951738988165249822e-01
7.917703000000000429e+03 8.855169265247946342e-01
7.918898000000000138e+03 9.084912933821325254e-01
7.922483000000000175e+03 7.884226746838081112e-01
7.924275999999999840e+03 7.197618385736364033e-01
7.926666000000000167e+03 8.355614686446912742e-01
7.927262999999999920e+03 8.203755102896606033e-01
7.927860999999999876e+03 8.002053991404451949e-01
7.930849000000000160e+03 8.969262766293040201e-01
7.933238999999999578e+03 8.013181900720880435e-01
7.933836000000000240e+03 8.024659495986430358e-01
7.935628999999999905e+03 8.309191056652940333e-01
7.936823999999999614e+03 7.821458118970623374e-01
7.938019000000000233e+03 7.849483755763992932e-01
7.938615999999999985e+03 7.951372089165529289e-01
7.941006000000000313e+03 7.057422520618077399e-01
7.942201000000000022e+03 7.150467183564384044e-01
7.943395999999999731e+03 6.723500639686008640e-01
7.946980999999999767e+03 7.559447461446779926e-01
7.949969000000000051e+03 9.111568027297973771e-01
7.951163999999999760e+03 9.499640469480423732e-01
7.954748999999999796e+03 7.916730619818599379e-01
7.955944000000000415e+03 7.929612598976589766e-01
7.957735999999999876e+03 8.670202318450082046e-01
7.960126000000000204e+03 7.669863619930135101e-01
7.960724000000000160e+03 7.726089736491434934e-01
7.962515999999999622e+03 8.073824212413835966e-01
7.963113999999999578e+03 8.006487106823971800e-01
7.964905999999999949e+03 7.344266520625559735e-01
7.967296999999999571e+03 8.405230610550606940e-01
7.969088999999999942e+03 7.513678082783430412e-01
7.970283999999999651e+03 8.619170730262037949e-01
7.972077000000000226e+03 7.007665594115533025e-01
7.972673999999999978e+03 7.503599231314366236e-01
7.973868999999999687e+03 7.501935403008062053e-01
7.974466999999999643e+03 7.239704781742029027e-01
7.976259000000000015e+03 7.609886839559703020e-01
7.978051999999999680e+03 7.147861459233828541e-01
7.980442000000000007e+03 8.194697108795141460e-01
7.981038999999999760e+03 8.044247549233229932e-01
7.985221999999999753e+03 7.602272710022361935e-01
7.985819000000000415e+03 7.657489249407971599e-01
7.987014000000000124e+03 7.586232277130360302e-01
7.987612000000000080e+03 7.694324716080842563e-01
7.988208999999999833e+03 7.999685151103950176e-01
7.989404000000000451e+03 7.850865579272623407e-01
7.990002000000000407e+03 7.548172909635564309e-01
7.991793999999999869e+03 8.224978783969945084e-01
7.992391999999999825e+03 8.051613514548616735e-01
7.994782000000000153e+03 7.443639371231798307e-01
7.995976999999999862e+03 7.516464290184501351e-01
7.997171999999999571e+03 8.389895189652802898e-01
7.998367000000000189e+03 8.232305268613657745e-01
7.998963999999999942e+03 7.867819707709102772e-01
7.999561999999999898e+03 7.916008687536546518e-01
8.000756999999999607e+03 7.972578849951013069e-01
8.001354999999999563e+03 7.862754901542778896e-01
8.003146999999999935e+03 8.424282854681823807e-01
8.005537000000000262e+03 7.275993159107398967e-01
8.010317000000000007e+03 8.062950107415325363e-01
8.011511999999999716e+03 8.164088308055035270e-01
8.012109999999999673e+03 8.104743218431398333e-01
8.013902000000000044e+03 7.673800406905737503e-01
8.014500000000000000e+03 7.735356414143179649e-01
8.016292000000000371e+03 7.851987958367390164e-01
8.017487000000000080e+03 7.499921888752627552e-01
8.019279999999999745e+03 7.283060199337239027e-01
8.021072000000000116e+03 7.645363043107753498e-01
8.022864999999999782e+03 6.672175766508372519e-01
8.023462000000000444e+03 6.866116105968380623e-01
8.025851999999999862e+03 7.755040349021191659e-01
8.026449999999999818e+03 7.764092703026701514e-01
8.027645000000000437e+03 7.628296112752206426e-01
8.029436999999999898e+03 6.928292523760717359e-01
8.030631999999999607e+03 7.526165255224670503e-01
8.031827000000000226e+03 7.482798557437542186e-01
8.034216999999999643e+03 7.918383167933003008e-01
8.035412000000000262e+03 8.502432024214714446e-01
8.036608000000000175e+03 8.450486740482183734e-01
8.037204999999999927e+03 8.442500364611902341e-01
8.037802999999999884e+03 8.501873654715303985e-01
8.039595000000000255e+03 8.009651200653937764e-01
8.041387999999999920e+03 8.287702291069782845e-01
8.043778000000000247e+03 6.883036393829140565e-01
8.046167999999999665e+03 7.240827160836786902e-01
8.047960000000000036e+03 7.518410123288488123e-01
8.049752999999999702e+03 6.854068861011528568e-01
8.050350000000000364e+03 6.860329367520003885e-01
8.052739999999999782e+03 7.620180014674993174e-01
8.054533000000000357e+03 7.195367987450884684e-01
8.056922999999999774e+03 8.051929359922018747e-01
8.059313000000000102e+03 7.578635067880883369e-01
8.059909999999999854e+03 7.549825457749959057e-01
8.061703000000000429e+03 7.865665191054835859e-01
8.062300000000000182e+03 7.848079371871552468e-01
8.064092999999999847e+03 7.745469106187954367e-01
8.066483000000000175e+03 7.017174795893286188e-01
8.068274999999999636e+03 7.110247659319357538e-01
8.068872999999999593e+03 6.915263902107930960e-01
8.070068000000000211e+03 6.991563120168047263e-01
8.071262999999999920e+03 8.076187412618391903e-01
8.072457999999999629e+03 7.887695405849539654e-01
8.074847999999999956e+03 6.897881126378981875e-01
8.075445999999999913e+03 6.641363922313932022e-01
8.076640999999999622e+03 6.665215888101645447e-01
8.077836000000000240e+03 7.121003322302854599e-01
8.079030999999999949e+03 6.936137897232157457e-01
8.079627999999999702e+03 7.006328891374540291e-01
8.081421000000000276e+03 7.631657609940543097e-01
8.082615999999999985e+03 7.335812016791134482e-01
8.083810999999999694e+03 7.516249966538266492e-01
8.084408000000000357e+03 7.414231910929798275e-01
8.085603000000000065e+03 7.195943277238150415e-01
8.086201000000000022e+03 7.311711886781457892e-01
8.086797999999999774e+03 7.304859170197852691e-01
8.087993000000000393e+03 7.149260203030314287e-01
8.089188000000000102e+03 7.337808610758704830e-01
8.090980999999999767e+03 6.672514172265584520e-01
8.091578000000000429e+03 6.690855764306649078e-01
8.092773000000000138e+03 6.905252731790314513e-01
8.093371000000000095e+03 6.845016507006018713e-01
8.094565999999999804e+03 6.662976770008075533e-01
8.095162999999999556e+03 6.694205981303076314e-01
8.095761000000000422e+03 6.742586724392936048e-01
8.096956000000000131e+03 6.685367950943810200e-01
8.097552999999999884e+03 6.703354216939798604e-01
8.099943000000000211e+03 7.597811394123068496e-01
8.101735999999999876e+03 6.840882316672036723e-01
8.102332999999999629e+03 6.924034251315758226e-01
8.103528000000000247e+03 7.295885777535700001e-01
8.104126000000000204e+03 7.093355571938371185e-01
8.104722999999999956e+03 6.613941775787592903e-01
8.105917999999999665e+03 6.663275695093613393e-01
8.106515999999999622e+03 6.972166830183663677e-01
8.107113000000000284e+03 6.966318050679793927e-01
8.108905999999999949e+03 5.996255387238695889e-01
8.111296000000000276e+03 7.101877756924244167e-01
8.113088999999999942e+03 6.346702749314774294e-01
8.113685999999999694e+03 6.594940292519959613e-01
8.114881000000000313e+03 6.538319369241909484e-01
8.115479000000000269e+03 6.422043151062775124e-01
8.117270999999999731e+03 6.902387563045895291e-01
8.118466000000000349e+03 6.750533619591543300e-01
8.122649000000000342e+03 7.279659221477228215e-01
8.123844000000000051e+03 7.073271190247654161e-01
8.125038999999999760e+03 6.037196843765775256e-01
8.126234000000000378e+03 6.161374836375888009e-01
8.127429000000000087e+03 6.557411094044800492e-01
8.130416000000000167e+03 5.674566874429958219e-01
8.131014000000000124e+03 5.764949412086171066e-01
8.132805999999999585e+03 6.658442132861388529e-01
8.133404000000000451e+03 7.100789218405196834e-01
8.135195999999999913e+03 6.216715457872474815e-01
8.135793999999999869e+03 6.464823278870728274e-01
8.136390999999999622e+03 6.464372071194439684e-01
8.137586000000000240e+03 6.135577037484178931e-01
8.138184000000000196e+03 6.259309462513957811e-01
8.139378999999999905e+03 6.412821594178668150e-01
8.139975999999999658e+03 6.324069044253031180e-01
8.141769000000000233e+03 6.472121563034667346e-01
8.142365999999999985e+03 6.367447022232060050e-01
8.144158999999999651e+03 7.026768599110333469e-01
8.145354000000000269e+03 6.440909272027521837e-01
8.146548999999999978e+03 6.598482272778811719e-01
8.149537000000000262e+03 7.169953715084025347e-01
8.150731999999999971e+03 7.168825695893303873e-01
8.153122000000000298e+03 6.508917549035864170e-01
8.155511999999999716e+03 7.370769331511457523e-01
8.157304000000000087e+03 7.242231544729236248e-01
8.158498999999999796e+03 7.337972173541356113e-01
8.159694000000000415e+03 7.254746917650241045e-01
8.160292000000000371e+03 7.268536952256754446e-01
8.160889000000000124e+03 7.272090212707515988e-01
8.163279000000000451e+03 6.548206457448548790e-01
8.164474000000000160e+03 6.557614137499125917e-01
8.166266999999999825e+03 7.240646677766271466e-01
8.166863999999999578e+03 7.172508678550997274e-01
8.167462000000000444e+03 7.029391243728753125e-01
8.168657000000000153e+03 7.109553927517069383e-01
8.169253999999999905e+03 7.082069739935246133e-01
8.171046999999999571e+03 6.928394045487884512e-01
8.171644000000000233e+03 6.977135754718775118e-01
8.175827000000000226e+03 6.275411936461443574e-01
8.176423999999999978e+03 6.228807823596964610e-01
8.178216999999999643e+03 6.904220594230814356e-01
8.180010000000000218e+03 6.473565427598790833e-01
8.180606999999999971e+03 6.514095157121255752e-01
8.182399999999999636e+03 6.811598938481022714e-01
8.184192000000000007e+03 6.548245938120222931e-01
8.185386999999999716e+03 7.120185508389580420e-01
8.186582000000000335e+03 6.998342515504258898e-01
8.187777000000000044e+03 6.429065070524995207e-01
8.188971999999999753e+03 6.562301057236554769e-01
8.190167000000000371e+03 7.275395308936314365e-01
8.191362000000000080e+03 7.183738109594592913e-01
8.195545000000000073e+03 5.704662426438291689e-01
8.196141999999999825e+03 5.989340629599597676e-01
8.198531999999999243e+03 6.642147895651477896e-01
8.199129999999999200e+03 6.678509594264250282e-01
8.202117000000000189e+03 7.204645945294529952e-01
8.202715000000000146e+03 7.530338926230317753e-01
8.203311999999999898e+03 7.382444330135387034e-01
8.205104999999999563e+03 6.593344145365094278e-01
8.205701999999999316e+03 6.596130352766165217e-01
8.208092000000000553e+03 7.336319625426952484e-01
8.209885000000000218e+03 6.952189610316059643e-01
8.211676999999999680e+03 7.497400765861375049e-01
8.212274999999999636e+03 7.410075160212006296e-01
8.214067999999999302e+03 6.639169924987982085e-01
8.214665000000000873e+03 6.720827234204005407e-01
8.215860000000000582e+03 7.087202227253008857e-01
8.216458000000000538e+03 7.060507653104686199e-01
8.218250000000000000e+03 6.750189573738376581e-01
8.218847999999999956e+03 6.806415690299676413e-01
8.221237999999999374e+03 5.928828040113574005e-01
8.222433000000000902e+03 6.150399209650210253e-01
8.223030000000000655e+03 6.378213965407457664e-01
8.223628000000000611e+03 6.344147785847802368e-01
8.224823000000000320e+03 6.182446234858485212e-01
8.225420000000000073e+03 6.201622561100679221e-01
8.227809999999999491e+03 7.210748529116317584e-01
8.229004999999999200e+03 7.055848933847022053e-01
8.229602999999999156e+03 7.014664953193934238e-01
8.230200000000000728e+03 7.114111125047566375e-01
8.231993000000000393e+03 6.772225428629035093e-01
8.234382999999999811e+03 7.331322500412076337e-01
8.234979999999999563e+03 7.120546474530611292e-01
8.236772999999999229e+03 7.081906177152594850e-01
8.240954999999999927e+03 5.958150898976271037e-01
8.243942999999999302e+03 6.529656181857204089e-01
8.245138000000000829e+03 6.462364197034968782e-01
8.245735000000000582e+03 6.494811669055948755e-01
8.249320999999999913e+03 7.755858162934465838e-01
8.249917999999999665e+03 7.650642172920312234e-01
8.250515999999999622e+03 7.453379816943641600e-01
8.252308000000000902e+03 7.690946298604641740e-01
8.256490999999999985e+03 6.337351470223726579e-01
8.258282999999999447e+03 6.714391884720960491e-01
8.259477999999999156e+03 7.021117222964843307e-01
8.261271000000000640e+03 6.113011013573883545e-01
8.261868000000000393e+03 6.166732927531795028e-01
8.263063000000000102e+03 6.713788394453930053e-01
8.263661000000000058e+03 6.514941171514294638e-01
8.264855999999999767e+03 6.107071992534756077e-01
8.265452999999999520e+03 6.291040642348830758e-01
8.266050999999999476e+03 6.495990449110244924e-01
8.267245999999999185e+03 6.421106895134478521e-01
8.268441000000000713e+03 6.368073072882909358e-01
8.269636000000000422e+03 6.415692403019042089e-01
8.270831000000000131e+03 6.753489029871220239e-01
8.272622999999999593e+03 6.544619356422067824e-01
8.274415999999999258e+03 6.872466854012122539e-01
8.276806000000000495e+03 6.430807860174647672e-01
8.277403000000000247e+03 6.559605091370741548e-01
8.279195999999999913e+03 7.038212353800155086e-01
8.279792999999999665e+03 6.978134051702555851e-01
8.281585999999999331e+03 6.437322171001040871e-01
8.283976000000000568e+03 6.740229164284343710e-01
8.285171000000000276e+03 6.734617268810518809e-01
8.287560999999999694e+03 6.266004256410866446e-01
8.288158999999999651e+03 6.408377198567238864e-01
8.288755999999999403e+03 6.674674329015806151e-01
8.289950999999999112e+03 6.670878544439045044e-01
8.290549000000000888e+03 6.591742358114274225e-01
8.291744000000000597e+03 6.647122460282544054e-01
8.292939000000000306e+03 6.137754114522264715e-01
8.294134000000000015e+03 6.207747705306267960e-01
8.294730999999999767e+03 6.399228962930525455e-01
8.295328999999999724e+03 6.342540358501027598e-01
8.297120999999999185e+03 6.112909491846716392e-01
8.297718999999999141e+03 6.245666070402231540e-01
8.298914000000000669e+03 6.225852413317278788e-01
8.299511000000000422e+03 6.185035038901176563e-01
8.301304000000000087e+03 6.371592492757951476e-01
8.301900999999999840e+03 6.161109751866069573e-01
8.303693999999999505e+03 6.446780611915210457e-01
8.304290999999999258e+03 6.114167233244369726e-01
8.305486000000000786e+03 6.166935970986120452e-01
8.306681000000000495e+03 6.980959739775309814e-01
8.308474000000000160e+03 6.357712216616171474e-01
8.310265999999999622e+03 7.230691908408193314e-01
8.310863999999999578e+03 7.137946170547424529e-01
8.313254000000000815e+03 6.516040990225242524e-01
8.315046000000000276e+03 6.025211639864407331e-01
8.315644000000000233e+03 5.809122643594664126e-01
8.316838999999999942e+03 5.831716867984724217e-01
8.319228999999999360e+03 5.954642759293138354e-01
8.319826999999999316e+03 5.917091000434160364e-01
8.321022000000000844e+03 5.960141852847886668e-01
8.324009000000000015e+03 6.883600403424505743e-01
8.325801999999999680e+03 6.371919618323254042e-01
8.326398999999999432e+03 6.485872116969515488e-01
8.327593999999999141e+03 6.687505547310221843e-01
8.328789000000000669e+03 6.464868399638357133e-01
8.329984000000000378e+03 6.569638822072176865e-01
8.331179000000000087e+03 5.930677991586348341e-01
8.332373999999999796e+03 6.235914344498478812e-01
8.332971999999999753e+03 6.219512945465455189e-01
8.336557000000000698e+03 5.321474307351650168e-01
8.337752000000000407e+03 6.128227992456656281e-01
8.338947000000000116e+03 5.965821429473141535e-01
8.339543999999999869e+03 5.718074574615918948e-01
8.341336999999999534e+03 6.440627267229839248e-01
8.341933999999999287e+03 6.255350115154536539e-01
8.342531999999999243e+03 5.733934524437405145e-01
8.343727000000000771e+03 5.993508660509299091e-01
8.344324000000000524e+03 6.499380146778346301e-01
8.345519000000000233e+03 6.421338139068577533e-01
8.346713999999999942e+03 6.179750268992671991e-01
8.349103999999999360e+03 6.340673486740389109e-01
8.350897000000000844e+03 6.605368829938145225e-01
8.353287000000000262e+03 5.971743530224413732e-01
8.354481999999999971e+03 6.194262235881247136e-01
8.355078999999999724e+03 6.147928847622532444e-01
8.356871999999999389e+03 5.453587914968451855e-01
8.358066999999999098e+03 5.927226252862753952e-01
8.359860000000000582e+03 5.279382271250030456e-01
8.360457000000000335e+03 5.444236635877404140e-01
8.361652000000000044e+03 5.578939047536906060e-01
8.362846999999999753e+03 4.936481357559854288e-01
8.364639999999999418e+03 5.904113139644957542e-01
8.365834999999999127e+03 5.819483499861402009e-01
8.367030000000000655e+03 5.267667791954435685e-01
8.368822000000000116e+03 5.930999477055705071e-01
8.370614999999999782e+03 5.254125921569876567e-01
8.371211999999999534e+03 5.294988416753607652e-01
8.373004999999999200e+03 5.619423656291742120e-01
8.373602000000000771e+03 5.468167563008465848e-01
8.375395000000000437e+03 4.708158993166779993e-01
8.375992000000000189e+03 4.737414170878029296e-01
8.377186999999999898e+03 4.832596430190747583e-01
8.379576999999999316e+03 4.234261210858605295e-01
8.380174999999999272e+03 4.344620968382431059e-01
8.382565000000000509e+03 5.485386775954763650e-01
8.384356999999999971e+03 5.252732817869336657e-01
8.384954999999999927e+03 5.399544515541183642e-01
8.386746999999999389e+03 6.032363281533559274e-01
8.388540000000000873e+03 5.590253080019795817e-01
8.391528000000000247e+03 4.665576268717206432e-01
8.392722999999999956e+03 4.763984662915374813e-01
8.395709999999999127e+03 6.109023465734697567e-01
8.396308000000000902e+03 6.043135864804902724e-01
8.398100000000000364e+03 5.244453157009472122e-01
8.398698000000000320e+03 5.267836994833041686e-01
8.404075000000000728e+03 6.584585076349176447e-01
8.404673000000000684e+03 6.596090872094491075e-01
8.405270000000000437e+03 6.414930990065306204e-01
8.406465000000000146e+03 6.433746350166469341e-01
8.407659999999999854e+03 7.245107993665564905e-01
8.408854999999999563e+03 7.085735802305075381e-01
8.410647999999999229e+03 6.119356121521670744e-01
8.411245000000000800e+03 6.156789438365617428e-01
8.411843000000000757e+03 6.109835639552017028e-01
8.414233000000000175e+03 5.209580443728452082e-01
8.416622999999999593e+03 5.617263499541520488e-01
8.420805000000000291e+03 6.599559531105949617e-01
8.423194999999999709e+03 5.804909491917333852e-01
8.424389999999999418e+03 6.007885265094987659e-01
8.424987999999999374e+03 5.887018008809636882e-01
8.429171000000000276e+03 4.654690883526786394e-01
8.430962999999999738e+03 4.434360535099939327e-01
8.432157999999999447e+03 4.975945108947099627e-01
8.433352999999999156e+03 5.269782827937028458e-01
8.433950999999999112e+03 5.120585369676815546e-01
8.434548000000000684e+03 5.057726500274100090e-01
8.436341000000000349e+03 5.641735875884128504e-01
8.438132999999999811e+03 5.460852358556671504e-01
8.438730999999999767e+03 5.465556198581955627e-01
8.440522999999999229e+03 6.044399246298510775e-01
8.441120999999999185e+03 6.295789603141752622e-01
8.442316000000000713e+03 6.189987043148423851e-01
8.443511000000000422e+03 5.789354107277340233e-01
8.445302999999999884e+03 5.015673944844154519e-01
8.446497999999999593e+03 5.158131488439838819e-01
8.448888000000000829e+03 6.139835309929138063e-01
8.450083000000000538e+03 6.326093838700366234e-01
8.451278000000000247e+03 6.170968639592935290e-01
8.451876000000000204e+03 6.277397250237104487e-01
8.452472999999999956e+03 6.602323178123201686e-01
8.453667999999999665e+03 6.425748694104287395e-01
8.455460999999999331e+03 5.883679072005119082e-01
8.458448000000000320e+03 6.045465224433739237e-01
8.460240999999999985e+03 5.857587988123826861e-01
8.463228999999999360e+03 6.863561142501408696e-01
8.465021000000000640e+03 6.455697603617824853e-01
8.467411000000000058e+03 6.830572221268882416e-01
8.468009000000000015e+03 6.774520947682143301e-01
8.470398999999999432e+03 6.405269505696811194e-01
8.473386000000000422e+03 5.398845143642940769e-01
8.473984000000000378e+03 5.487941739421744458e-01
8.476373999999999796e+03 6.375850765202910608e-01
8.478763999999999214e+03 6.043885997566729174e-01
8.479361000000000786e+03 6.152119438916052729e-01
8.480556000000000495e+03 6.476825403059960351e-01
8.481154000000000451e+03 6.454592144810922250e-01
8.482349000000000160e+03 6.464721757143561121e-01
8.483543999999999869e+03 7.100033445547415667e-01
8.485335999999999331e+03 6.164696852892550538e-01
8.485933999999999287e+03 6.229467714823533342e-01
8.487129000000000815e+03 6.644719779406313975e-01
8.487726000000000568e+03 6.511540193654283826e-01
8.490115999999999985e+03 5.678503661405560621e-01
8.491310999999999694e+03 5.617500383571574218e-01
8.494299000000000888e+03 6.427920131046409580e-01
8.494896000000000640e+03 6.139485623980016626e-01
8.496091000000000349e+03 5.263888927665529849e-01
8.496689000000000306e+03 5.464112334017841022e-01
8.498481999999999971e+03 6.518336509278350732e-01
8.499078999999999724e+03 6.169750378866956098e-01
8.500273999999999432e+03 6.416357934341565539e-01
8.500871999999999389e+03 6.279140039886765834e-01
8.501468999999999141e+03 5.873194133627395175e-01
8.503262000000000626e+03 6.602447260234187709e-01
8.503859000000000378e+03 6.439984296291134669e-01
8.505652000000000044e+03 5.430452241366836574e-01
8.509834000000000742e+03 7.162655430920086275e-01
8.510432000000000698e+03 7.099418675088475794e-01
8.512822000000000116e+03 5.628870817014002270e-01
8.514016999999999825e+03 5.816776253803679353e-01
8.514613999999999578e+03 6.224555191247960195e-01
8.515211999999999534e+03 6.131719211851924811e-01
8.518797000000000480e+03 4.877497234077248223e-01
8.520588999999999942e+03 5.456633566783386513e-01
8.521186999999999898e+03 5.345151430164802875e-01
8.522978999999999360e+03 4.879217463343090699e-01
8.523576999999999316e+03 4.902860745580523982e-01
8.524174000000000888e+03 4.923655779361402196e-01
8.525369000000000597e+03 4.872409867527114358e-01
8.525967000000000553e+03 4.906825733035899972e-01
8.528356999999999971e+03 6.537377473217658164e-01
8.529551999999999680e+03 6.341339018062912558e-01
8.530148999999999432e+03 6.185593408400587023e-01
8.532540000000000873e+03 6.788688868717551728e-01
8.533137000000000626e+03 6.740274285051972569e-01
8.534930000000000291e+03 7.039859261818603997e-01
8.536125000000000000e+03 7.028325265593524662e-01
8.542100000000000364e+03 5.465437756566933203e-01
8.543891999999999825e+03 7.273861202836942041e-01
8.545086999999999534e+03 8.146519409159607150e-01
8.547477000000000771e+03 5.655875596439772224e-01
8.548075000000000728e+03 6.074105631686048667e-01
8.549867000000000189e+03 6.724070289377319654e-01
8.554049999999999272e+03 5.719371796685246423e-01
8.556440000000000509e+03 5.466639097005048242e-01
8.558829999999999927e+03 5.992882609858449783e-01
8.559426999999999680e+03 5.901366412915560744e-01
8.560024999999999636e+03 5.932793027568941113e-01
8.561816999999999098e+03 6.273144617888100072e-01
8.563610000000000582e+03 5.546209570718243498e-01
8.564207000000000335e+03 5.570242019576472359e-01
8.567792999999999665e+03 6.820329807017175838e-01
8.568389999999999418e+03 6.728080397600315621e-01
8.570183000000000902e+03 6.021613258646016931e-01
8.571975000000000364e+03 6.445381868118715829e-01
8.574962999999999738e+03 6.103462331124465123e-01
8.577950000000000728e+03 5.671735546261258420e-01
8.579743000000000393e+03 5.019999898440561381e-01
8.582132999999999811e+03 5.929177726062695442e-01
8.583327999999999520e+03 5.834869681622780746e-01
8.584522999999999229e+03 6.446368884910596009e-01
8.585718000000000757e+03 6.441304078744272132e-01
8.588108000000000175e+03 7.050829248448335917e-01
8.589899999999999636e+03 7.880160237655546851e-01
8.590497999999999593e+03 7.578223340876268921e-01
8.591094999999999345e+03 7.715836042047818921e-01
8.592290000000000873e+03 8.227257382735198021e-01
8.592888000000000829e+03 8.043660979254054766e-01
8.595875000000000000e+03 6.716563321663091557e-01
8.597069999999999709e+03 6.732457112060297177e-01
8.598862999999999374e+03 6.286494725010243201e-01
8.599459999999999127e+03 6.297052984635351791e-01
8.602448000000000320e+03 6.852709597886708082e-01
8.604837999999999738e+03 5.856820935074136258e-01
8.606630999999999403e+03 6.479961296410152727e-01
8.608423000000000684e+03 5.922539333125325101e-01
8.609021000000000640e+03 6.067151393375276314e-01
8.610216000000000349e+03 6.230403970751829945e-01
8.610813000000000102e+03 6.133112315552464722e-01
8.611411000000000058e+03 5.954580718237645343e-01
8.612605999999999767e+03 6.063722215035491914e-01
8.613800999999999476e+03 6.765006105808444303e-01
8.615593000000000757e+03 5.948579656143033745e-01
8.616788000000000466e+03 6.179727708608853121e-01
8.617386000000000422e+03 6.413780410490774742e-01
8.619177999999999884e+03 5.772388698648951433e-01
8.619775999999999840e+03 5.931377363484591214e-01
8.621567999999999302e+03 6.385828094944798750e-01
8.622763000000000829e+03 5.853685041723943883e-01
8.624556000000000495e+03 7.464231361558333333e-01
8.625751000000000204e+03 6.987440210025974707e-01
8.626945999999999913e+03 5.537771987171673516e-01
8.628737999999999374e+03 7.019306752163734231e-01
8.631726000000000568e+03 5.145593555135015151e-01
8.632921000000000276e+03 4.754605183344562391e-01
8.634712999999999738e+03 6.356279632243966304e-01
8.635310999999999694e+03 6.341897387562314137e-01
8.635907999999999447e+03 6.063637613596188913e-01
8.637102999999999156e+03 6.084652611119256704e-01
8.637700999999999112e+03 6.210353429636823464e-01
8.639494000000000597e+03 5.913723863149868976e-01
8.641884000000000015e+03 6.800386427725291227e-01
8.642480999999999767e+03 6.723528840165773346e-01
8.644273999999999432e+03 6.539960637164403678e-01
8.646066000000000713e+03 7.193202190604708335e-01
8.647261000000000422e+03 7.562933040746093738e-01
8.650845999999999549e+03 6.684403494535748891e-01
8.651443999999999505e+03 6.723393477862886769e-01
8.652638999999999214e+03 6.925652958854442431e-01
8.653834000000000742e+03 6.509041631146841311e-01
8.656224000000000160e+03 7.291559823939293139e-01
8.657418999999999869e+03 7.210799289979892279e-01
8.662796000000000276e+03 5.649880174441106462e-01
8.664588999999999942e+03 7.090716007032096257e-01
8.666380999999999403e+03 6.136287689574331239e-01
8.666978999999999360e+03 6.210607233954741346e-01
8.668771000000000640e+03 6.405912476635524655e-01
8.671161000000000058e+03 7.347272691768820252e-01
8.673550999999999476e+03 7.165639041679527921e-01
8.675343999999999141e+03 6.594556765995118752e-01
8.675941999999999098e+03 6.674877372470140457e-01
8.676539000000000669e+03 6.876742046744936943e-01
8.677734000000000378e+03 6.796861367754303274e-01
8.679527000000000044e+03 6.279924013224311707e-01
8.680123999999999796e+03 6.463385054402559504e-01
8.680721999999999753e+03 6.346606867683561859e-01
8.683111999999999171e+03 5.757386043412413557e-01
8.684307000000000698e+03 5.764250040187928192e-01
8.684904000000000451e+03 5.636964354707396652e-01
8.692074000000000524e+03 2.538628403468417005e-01
8.693269000000000233e+03 2.494928940020031405e-01
8.694463999999999942e+03 3.054245975545262226e-01
8.695658999999999651e+03 2.974224294155778381e-01
8.701037000000000262e+03 8.103203472236071292e-01
8.702231999999999971e+03 7.676174887302193994e-01
8.705218999999999141e+03 7.073242989767880573e-01
8.705816999999999098e+03 7.121832416408029331e-01
8.707012000000000626e+03 7.108956077345993663e-01
8.711194999999999709e+03 5.848862759683628454e-01
8.711791999999999462e+03 6.005217499708948026e-01
8.712389999999999418e+03 6.048054028476430588e-01
8.716572000000000116e+03 7.041703573195432497e-01
8.718364999999999782e+03 5.929882738056893032e-01
8.718961999999999534e+03 6.050507470216244243e-01
8.720156999999999243e+03 6.197854977003682819e-01
8.721352000000000771e+03 5.712096072905117339e-01
8.723145000000000437e+03 5.910604890087540753e-01
8.729717000000000553e+03 3.507642009062150734e-01
8.730315000000000509e+03 3.480084500232925038e-01
8.732106999999999971e+03 2.895539315507305034e-01
8.735691999999999098e+03 9.080541029028399436e-02
8.736290000000000873e+03 9.758875369366215580e-02
8.739277000000000044e+03 1.490935459322155765e-01
8.740471999999999753e+03 1.669117370687844826e-01
8.745850000000000364e+03 5.872218397027433312e-01
8.747045000000000073e+03 5.986723625077132738e-01
8.748239999999999782e+03 6.994749774381823215e-01
8.749434999999999491e+03 6.903543782716381472e-01
8.750629999999999200e+03 6.625532172972210532e-01
8.752423000000000684e+03 6.506966075835922680e-01
8.753618000000000393e+03 6.543756421741164786e-01
8.754813000000000102e+03 6.816032053900542564e-01
8.756007999999999811e+03 7.113016946432573206e-01
8.756604999999999563e+03 7.096604267207640149e-01
8.758397999999999229e+03 6.554072157240273810e-01
8.759593000000000757e+03 6.717228852985615006e-01
8.760788000000000466e+03 6.718424553327775328e-01
8.761385000000000218e+03 6.668853749991709989e-01
8.762579999999999927e+03 6.419544588555341491e-01
8.763177999999999884e+03 6.461095175445406014e-01
8.764969999999999345e+03 6.971123412432254085e-01
8.766165000000000873e+03 6.442291095536152312e-01
8.768555000000000291e+03 6.644262931634070668e-01
8.769750000000000000e+03 6.720308345376277970e-01
8.772139999999999418e+03 6.051708810654359283e-01
8.772737999999999374e+03 6.205655229707494058e-01
8.773933000000000902e+03 6.236985962729661992e-01
8.774530000000000655e+03 6.023429369543071843e-01
8.776323000000000320e+03 6.426972594926212423e-01
8.777518000000000029e+03 5.798998671357971091e-01
8.778712999999999738e+03 5.995443213421376427e-01
8.780505999999999403e+03 6.390046886718083741e-01
8.781102999999999156e+03 6.270978821041923723e-01
8.782896000000000640e+03 6.417813079097589579e-01
8.783493000000000393e+03 6.156366431169102427e-01
8.784091000000000349e+03 6.174544460427506820e-01
8.785286000000000058e+03 6.539960637164403678e-01
8.785882999999999811e+03 6.419589709322970350e-01
8.786480999999999767e+03 6.179169339109451542e-01
8.787675999999999476e+03 6.430429973745761529e-01
8.788272999999999229e+03 6.423176810349451316e-01
8.789468000000000757e+03 6.045786709903087086e-01
8.790066000000000713e+03 6.047991987420946458e-01
8.790663000000000466e+03 5.968635837353986062e-01
8.791858000000000175e+03 5.500778597812105986e-01
8.792456000000000131e+03 5.570208179000752935e-01
8.794247999999999593e+03 6.195847102844203036e-01
8.795442999999999302e+03 5.623907532574845547e-01
8.798431000000000495e+03 6.657274632998992914e-01
8.799028000000000247e+03 6.511574034230003249e-01
8.800820999999999913e+03 6.198458467270713257e-01
8.802015999999999622e+03 6.417474673340368696e-01
8.804406000000000859e+03 5.843036540563577574e-01
8.806198000000000320e+03 5.675892296979050400e-01
8.809782999999999447e+03 6.438760395469209641e-01
8.810380999999999403e+03 6.464383351386349119e-01
8.810977999999999156e+03 6.440576506366264553e-01
8.812771000000000640e+03 6.946538234170569481e-01
8.813368000000000393e+03 6.911473757627124570e-01
8.816355999999999767e+03 5.513959502055634232e-01
8.816953999999999724e+03 5.883261704904549916e-01
8.817550999999999476e+03 5.855388350701931088e-01
8.818745999999999185e+03 5.797391244011205202e-01
8.822331000000000131e+03 6.950616023545013178e-01
8.823525999999999840e+03 6.888400125081002301e-01
8.825318999999999505e+03 6.085086898507681141e-01
8.825915999999999258e+03 6.106711026393725206e-01
8.827709000000000742e+03 7.203264121785908358e-01
8.828904000000000451e+03 6.667156081109677501e-01
8.830099000000000160e+03 6.850024912212804296e-01
8.832488999999999578e+03 5.410599103610218563e-01
8.833085999999999331e+03 5.704701907109965831e-01
8.834281000000000859e+03 5.672209314321356999e-01
8.835476000000000568e+03 5.033981696309499654e-01
8.837865999999999985e+03 6.513153261097004432e-01
8.840255999999999403e+03 5.359138868129695865e-01
8.842049000000000888e+03 5.370780026177897071e-01
8.843244000000000597e+03 5.357836005964413673e-01
8.844439000000000306e+03 4.954005135687644668e-01
8.846230999999999767e+03 4.667922548633898217e-01
8.848023999999999432e+03 5.011567954989946116e-01
8.849218999999999141e+03 4.646580425545527859e-01
8.852804000000000087e+03 2.835996822525288508e-01
8.855193999999999505e+03 2.018972522688802229e-01
8.857584000000000742e+03 1.171390182975775573e-01
8.861766999999999825e+03 5.224301094167307369e-01
8.863558999999999287e+03 6.622193236167692731e-01
8.864754000000000815e+03 6.034106071183211739e-01
8.867144000000000233e+03 6.834666930931190265e-01
8.870728999999999360e+03 5.926408438949488655e-01
8.873119000000000597e+03 6.757893944810975384e-01
8.873717000000000553e+03 6.621482584077540423e-01
8.877301999999999680e+03 5.884305122655968390e-01
8.877898999999999432e+03 5.848247989224688581e-01
8.879093999999999141e+03 5.925122497072070615e-01
8.880289000000000669e+03 5.374186644133862600e-01
8.882082000000000335e+03 4.815230574749662651e-01
8.884471999999999753e+03 5.591871787558471141e-01
8.885068999999999505e+03 5.426064246714945583e-01
8.888057000000000698e+03 6.023344768103768843e-01
8.891045000000000073e+03 6.933052764745548657e-01
8.891641999999999825e+03 7.045392195949071734e-01
8.897020000000000437e+03 6.047179813603626997e-01
8.897617000000000189e+03 6.005589746041879451e-01
8.899409999999999854e+03 6.231909876371437562e-01
8.900006999999999607e+03 6.335157472897785524e-01
8.901799999999999272e+03 5.975567515280939546e-01
8.902397000000000844e+03 6.091426366359513622e-01
8.904190000000000509e+03 6.767668231098538101e-01
8.905981999999999971e+03 5.477202996726111550e-01
8.906579999999999927e+03 5.600196569185964535e-01
8.907176999999999680e+03 5.978833130838072663e-01
8.908371999999999389e+03 5.970367346811737974e-01
8.909566999999999098e+03 4.965071003948580142e-01
8.910762000000000626e+03 5.016655321540079981e-01
8.913750000000000000e+03 6.158566068590998199e-01
8.914944999999999709e+03 6.288993287517676833e-01
8.916139999999999418e+03 5.410249417661097127e-01
8.917334999999999127e+03 5.486565556009068700e-01
8.918530000000000655e+03 6.184995558229502421e-01
8.919725000000000364e+03 6.153884788949524065e-01
8.920322000000000116e+03 6.166727287435840310e-01
8.920920000000000073e+03 6.273522504316995096e-01
8.922114999999999782e+03 6.248328195692325338e-01
8.923907999999999447e+03 5.919025553346237700e-01
8.925102999999999156e+03 7.030716666277845306e-01
8.927493000000000393e+03 8.284436675512649728e-01
8.928688000000000102e+03 8.620670995785690849e-01
8.929284999999999854e+03 8.337414096804689478e-01
8.932870000000000800e+03 5.642237844424000670e-01
8.934065000000000509e+03 5.900982886390719884e-01
8.935858000000000175e+03 5.378755121856269028e-01
8.936454999999999927e+03 5.515606410074083144e-01
8.937649999999999636e+03 5.868213928900383181e-01
8.938247999999999593e+03 5.784086257656690933e-01
8.940040000000000873e+03 5.082633164005132542e-01
8.941833000000000538e+03 5.545560959683575319e-01
8.944222999999999956e+03 5.301779092281719841e-01
8.945417999999999665e+03 5.370402139749010928e-01
8.947209999999999127e+03 4.933774111502131632e-01
8.947808000000000902e+03 5.039926357444581839e-01
8.951393000000000029e+03 5.997202923358901927e-01
8.953184999999999491e+03 5.769089242516107774e-01
8.953782999999999447e+03 6.037901855759972847e-01
8.954379999999999200e+03 5.896217005309933867e-01
8.955575000000000728e+03 5.849686213692848469e-01
8.956173000000000684e+03 6.256444293769529708e-01
8.956770000000000437e+03 6.167240536167613030e-01
8.957966000000000349e+03 5.829720274017153869e-01
8.959757999999999811e+03 6.628916230544366073e-01
8.960355999999999767e+03 6.447147218152187165e-01
8.962147999999999229e+03 6.408411039142958288e-01
8.965136000000000422e+03 5.038166647507056339e-01
8.965733000000000175e+03 4.809161831503603324e-01
8.966927999999999884e+03 4.814892168992441768e-01
8.968720999999999549e+03 5.813369635847713823e-01
8.969317999999999302e+03 5.704904950564291255e-01
8.969915999999999258e+03 5.604026194338453948e-01
8.971111000000000786e+03 5.762095523533661279e-01
8.973501000000000204e+03 5.060772152089034748e-01
8.974097999999999956e+03 5.092435650772468847e-01
8.978878000000000611e+03 5.916301387000659773e-01
8.983657999999999447e+03 4.851761476241032156e-01
8.989036000000000058e+03 6.218119841764915279e-01
8.989632999999999811e+03 6.191571910111388632e-01
8.992022999999999229e+03 5.864807310944417651e-01
8.993816000000000713e+03 5.860723881474019237e-01
8.994414000000000669e+03 5.918574345669957992e-01
8.995609000000000378e+03 6.105718369505899190e-01
8.996206000000000131e+03 6.074494798306844245e-01
8.998595999999999549e+03 3.892409355015793437e-01
8.999193999999999505e+03 4.211870029922870629e-01
