phase,AB_mag,AB_mag_err
-4121.013263966663,21.648710942945076,0.04658100455012536
-4118.620454342716,21.644793708959806,0.04560166580439594
-4116.227644718761,21.64101743946589,0.04464703165145409
-4113.8348350948145,21.637380584603903,0.04371684408642227
-4111.4420254708675,21.63388157047036,0.04281085066445749
-4109.049215846913,21.630518799338954,0.04192880370154419
-4106.656406222966,21.627290649917583,0.04107045945360649
-4104.263596599019,21.624195477642424,0.040235577274875214
-4101.870786975065,21.621231615010547,0.039423918757098025
-4099.477977351118,21.618397371952252,0.03863524685174859
-4097.085167727171,21.615691036244392,0.037869324978087
-4094.692358103217,21.613110873966072,0.03712591612073547
-4092.29954847927,21.610655129997845,0.03640478192116419
-4089.906738855323,21.60832202856558,0.03570568176828738
-4087.513929231369,21.606109773830237,0.035028371894289756
-4085.121119607422,21.604016550524598,0.03437260448255012
-4082.728309983475,21.602040524637907,0.03373812679535327
-4080.3355003595207,21.600179844149505,0.03312468032989365
-4077.9426907355737,21.59843263981234,0.03253200001169048
-4075.5498811116263,21.596797025987037,0.03195981343512108
-4073.157071487673,21.595271101527402,0.031407840161256875
-4070.7642618637256,21.593852950717945,0.030875791083414886
-4068.3714522397786,21.59254064426388,0.03036336787090679
-4065.978642615824,21.59133224033406,0.029870262501369187
-4063.5858329918774,21.590225785657196,0.029396156891619556
-4061.1930233679304,21.589219316671354,0.028940722636335688
-4058.800213743976,21.58831086072694,0.028503620862975698
-4056.407404120029,21.58749843734292,0.02808450221013989
-4054.014594496075,21.58678005951601,0.02768300693512861
-4051.621784872128,21.586153735082465,0.027298765154832576
-4049.228975248181,21.58561746813179,0.02693139722214046
-4046.836165624227,21.58516926047158,0.026580514238089475
-4044.44335600028,21.584807113142585,0.026245718697783377
-4042.050546376333,21.58452902798277,0.025926605265912797
-4039.6577367523782,21.58433300923908,0.025622761675534997
-4037.264927128432,21.584217065225257,0.02533376974162094
-4034.872117504485,21.584179210024082,0.02505920647887648
-4032.4793078805305,21.584217465231937,0.024798645311557715
-4030.086498256584,21.5843298617436,0.024551657361418986
-4027.6936886326366,21.584514441574836,0.024317812798641616
-4025.3008790086824,21.58476925972014,0.02409668223965359
-4022.9080693847354,21.58509238604287,0.023887838175103687
-4020.515259760789,21.585481907194662,0.02369085641097175
-4018.1224501368342,21.585935928560904,0.02350531750588778
-4015.7296405128873,21.58645257622874,0.0233308081880917
-4013.33683088894,21.587029998974003,0.023166922736174735
-4010.944021264986,21.58766637026312,0.023013264308702687
-4008.551211641039,21.588359890265934,0.022869446208999156
-4006.158402017092,21.589108787875208,0.02273509307273033
-4003.765592393138,21.589911322728288,0.02260984196743122
-4001.372782769191,21.59076578722637,0.02249334339471293
-3998.979973145244,21.591670508546585,0.0223852621874757
-3996.5871635212898,21.59262385064195,0.022285278296140063
-3994.194353897343,21.59362421622416,0.022193087459448202
-3991.801544273396,21.594670048724076,0.02210840175694615
-3989.4087346494416,21.59575983422456,0.02203095004170181
-3987.015925025494,21.59689210336041,0.021960478253138984
-3984.623115401548,21.598065433179926,0.021896749611094203
-3982.2303057775935,21.599278448962636,0.0218395446933134
-3979.8374961536465,21.60052982598774,0.021788661399560455
-3977.444686529699,21.601818291247785,0.021743914806382443
-3975.0518769057458,21.603142625102056,0.021705136917308177
-3972.6590672817983,21.60450166286429,0.021672176313891352
-3970.2662576578514,21.6058942963194,0.021644897713544227
-3967.873448033897,21.60731947516377,0.02162318144055727
-3965.48063840995,21.60877620836414,0.021606922817077417
-3963.0878287860032,21.610263565429893,0.021596031481115035
-3960.695019162049,21.611780677593888,0.021590430638901065
-3958.302209538102,21.613326738897136,0.021590056259112703
-3955.909399914155,21.614901007172776,0.021594856216638356
-3953.516590290201,21.616502804925002,0.021604789393654626
-3951.123780666254,21.618131520098895,0.021619824745869893
-3948.730971042307,21.619786606737335,0.021639940341812765
-3946.3381614183527,21.621467585521355,0.021665122383050243
-3943.9453517944057,21.623174044190712,0.021695364213154083
-3941.552542170459,21.62490563784173,0.02173066532317766
-3939.159732546505,21.626662089099625,0.02177103036123844
-3936.7669229225576,21.628443188163025,0.02181646815364031
-3934.3741132986106,21.63024879271873,0.02186699074472985
-3931.981303674656,21.632078827724875,0.021922612462383837
-3929.5884940507094,21.633933285061275,0.021983349015688634
-3927.195684426755,21.635812223045946,0.022049216630958907
-3924.802874802808,21.63771576581709,0.022120231231782823
-3922.4100651788617,21.63964410258033,0.02219640766827579
-3920.017255554907,21.641597486721214,0.022277759000130664
-3917.62444593096,21.64357623478331,0.02236429583746677
-3915.231636307013,21.645580725312804,0.022456025742807115
-3912.838826683059,21.647611397570433,0.022552952696823354
-3910.446017059112,21.649668750112262,0.022655076629795764
-3908.053207435165,21.651753339240997,0.0227623930199953
-3905.6603978112103,21.653865777329706,0.022874892559479342
-3903.267588187264,21.65600673102023,0.022992560887072924
-3900.874778563317,21.658176919298903,0.02311537838762112
-3898.4819689393626,21.660377111452153,0.023243320055914944
-3896.089159315416,21.66260812490508,0.023376355423090193
-3893.6963496914686,21.6648708229462,0.023514448542713624
-3891.3035400675144,21.667166112341654,0.02365755803324904
-3888.910730443567,21.66949494084248,0.023805637173150287
-3886.517920819621,21.671858294588624,0.023958634044443945
-3884.1251111956662,21.674257195413492,0.024116491720341953
-3881.7323015717193,21.676692698052875,0.024279148492184995
-3879.339491947772,21.679165887262442,0.024446538130862124
-3876.946682323818,21.681677874847598,0.024618590177732665
-3874.553872699871,21.684229796609966,0.02479523026006172
-3872.161063075924,21.68682280921458,0.024976380426019032
-3869.76825345197,21.68945808698186,0.025161959494368176
-3867.375443828023,21.692136818608446,0.025351883414130017
-3864.982634204076,21.694860203821122,0.025546065629707324
-3862.589824580122,21.69762944996757,0.025744417447165532
-3860.197014956175,21.700445768548143,0.02594684839765791
-3857.804205332228,21.70331037169245,0.026153266594257697
-3855.4113957082736,21.70622446858452,0.026363579078787395
-3853.018586084326,21.709189261840223,0.02657769215554183
-3850.62577646038,21.712205943840665,0.02679551170917066
-3848.2329668364255,21.71527569302485,0.027016943504277354
-3845.8401572124785,21.718399670145075,0.027241893464673192
-3843.447347588531,21.721579014488363,0.027470267930526
-3841.054537964578,21.72481484006692,0.027701973891972057
-3838.6617283406304,21.7281082317807,0.02793691919807035
-3836.2689187166834,21.731460241555055,0.028175012740278126
-3833.876109092729,21.734871884456176,0.028416164609891395
-3831.483299468782,21.738344134786956,0.02866028622916957
-3829.0904898448352,21.741877922166182,0.028907290456108136
-3826.697680220881,21.74547412759324,0.029157091663041347
-3824.304870596934,21.749133579501066,0.029409605789466123
-3821.912060972987,21.752857049799736,0.0296647503696935
-3819.519251349033,21.756645249913053,0.02992244453606892
-3817.126441725086,21.76049882681059,0.030182608998697513
-3814.733632101139,21.764418359037702,0.03044516600273756
-3812.3408224771847,21.768404352745897,0.03071003926445794
-3809.9480128532377,21.772457237726123,0.030977153887359988
-3807.555203229291,21.776577363447807,0.0312464362598038
-3805.162393605337,21.78076499510625,0.03151781393561925
-3802.7695839813896,21.7850203096814,0.03179121549930753
-3800.3767743574354,21.789343392011368,0.03206657041750064
-3797.983964733488,21.793734230883704,0.032343808878390036
-3795.5911551095414,21.798192715148627,0.032622861620929366
-3793.198345485587,21.802718629857743,0.03290365975563191
-3790.80553586164,21.807311652432883,0.033186134578843944
-3788.4127262376937,21.811971348869815,0.03347021738242238
-3786.019916613739,21.81669716998191,0.033755839260745976
-3783.627106989792,21.821488447689468,0.034042930917043995
-3781.234297365845,21.826344391361093,0.0343314224710444
-3778.841487741891,21.831264084213643,0.03462124326993513
-3776.448678117944,21.83624647977829,0.03491232170467044
-3774.055868493997,21.84129039844085,0.035204585033649045
-3771.6630588700423,21.84639452406496,0.035497959215771126
-3769.270249246096,21.851557400707627,0.035792368754896456
-3766.877439622149,21.856777429437727,0.03608773655769871
-3764.4846299981946,21.862052865268186,0.03638398380687216
-3762.091820374248,21.867381814214014,0.036681029851627106
-3759.6990107503007,21.8727622304892,0.0369787921173689
-3757.3062011263464,21.878191913855964,0.03727718603636295
-3754.913391502399,21.88366850714126,0.037576125001152705
-3752.520581878453,21.88918949393631,0.03787552034240208
-3750.1277722544983,21.894752196495652,0.0381752813327025
-3747.7349626305513,21.900353773853322,0.03847531521779619
-3745.342153006604,21.905991220175057,0.03877552727652095
-3742.94934338265,21.911661363365713,0.039075820910587734
-3740.556533758703,21.917360863952506,0.03937609776515137
-3738.163724134756,21.923086214265666,0.03967625788091896
-3735.770914510802,21.92883373793831,0.03997619987826845
-3733.378104886855,21.934599589748785,0.04027582117362884
-3730.985295262908,21.940379755829237,0.040575018228059964
-3728.592485638954,21.946170054264403,0.040873686827633385
-3726.199676015007,21.951966136105572,0.041171722394881115
-3723.80686639106,21.957763486825,0.04146902033019665
-3721.4140567671056,21.96355742823581,0.0417654763816325
-3719.0212471431582,21.969343120902877,0.04206098704112467
-3716.628437519212,21.97511556707021,0.0423554499646982
-3714.2356278952575,21.98086961412919,0.04264876441370149
-3711.8428182713105,21.98659995865234,0.04294083171361674
-3709.450008647363,21.992301151016,0.04323155572647564
-3707.05719902341,21.99796760063406,0.04352084333234028
-3704.6643893994624,22.003593581823708,0.043808604914800736
-3702.2715797755154,22.00917324032265,0.0440947548448998
-3699.878770151561,22.014700600474473,0.04437921195735685
-3697.485960527614,22.02016957309722,0.04466190001249767
-3695.0931509036673,22.025573964047197,0.04494274813683784
-3692.700341279713,22.030907483486697,0.04522169123485027
-3690.307531655766,22.036163755861203,0.04549867036413152
-3687.914722031819,22.04133633058784,0.04577363306593721
-3685.521912407865,22.046418693452168,0.04604653364286792
-3683.129102783918,22.051404278706404,0.04631733337548109
-3680.736293159971,22.056286481857143,0.04658600066968826
-3678.3434835360167,22.061058673125192,0.04685251112700418
-3675.9506739120698,22.06571421155497,0.04711684753013448
-3673.557864288115,22.070246459745288,0.047378999736946675
-3671.165054664169,22.07464879916692,0.04763896447658835
-3668.7722450402216,22.078914646026977,0.047896745042477776
-3666.3794354162674,22.083037467633396,0.04815235087798097
-3663.98662579232,22.08701079920693,0.04840579705190987
-3661.5938161683735,22.090828261081988,0.04865710362246423
-3659.201006544419,22.094483576231315,0.048906294889872935
-3656.808196920472,22.097970588043914,0.049153398539808796
-3654.4153872965258,22.101283278280228,0.04939844468158564
-3652.022577672571,22.10441578512292,0.04964146478712821
-3649.629768048624,22.107362421237383,0.049882490538830336
-3647.236958424677,22.11011769175178,0.05012155259646992
-3644.844148800723,22.112676312062653,0.050358679295421434
-3642.451339176776,22.11503322536967,0.05059389529037273
-3640.058529552829,22.11718361984084,0.05082722016060335
-3637.665719928875,22.11912294530828,0.051058666994486586
-3635.272910304928,22.12084692939452,0.05128824097231704
-3632.880100680981,22.122351592969974,0.051515937967635796
-3630.4872910570266,22.123633264843686,0.05174174318798798
-3628.09448143308,22.124688595592502,0.05196562987642505
-3625.7016718091327,22.12551457043724,0.05218755809503216
-3623.3088621851784,22.126108521079324,0.05240747361127824
-3620.916052561231,22.12646813641697,0.052625306907078666
-3618.523242937285,22.126591472066778,0.05284097232912983
-3616.1304333133303,22.12647695862393,0.053054367397271186
-3613.7376236893833,22.126123408602766,0.053265372285497596
-3611.344814065437,22.12553002200833,0.0534738494877302
-3608.952004441482,22.124696390499317,0.05367964367763021
-3606.559194817535,22.123622500112873,0.05388258176872608
-3604.166385193588,22.122308732532318,0.05408247317791742
-3601.773575569634,22.120755864889585,0.054279110292122165
-3599.380765945687,22.118965068105055,0.05447226913456089
-3596.98795632174,22.116937903778194,0.054661710223952886
-3594.595146697786,22.11467631965329,0.05484717961680945
-3592.202337073839,22.112182643694688,0.05502841012018728
-3589.809527449892,22.10945957681587,0.05520512265968719
-3587.4167178259377,22.106510184316345,0.05537702778524914
-3585.0239082019907,22.103337886088656,0.055543827295458106
-3582.6310985780437,22.09994644566583,0.055705215959635124
-3580.2382889540895,22.09633995818693,0.05586088331597366
-3577.8454793301426,22.09252283736425,0.05601051552341989
-3575.4526697061956,22.08849980154082,0.0561537972448508
-3573.059860082242,22.084275858931594,0.0562904135393706
-3570.6670504582944,22.07985629214431,0.05642005174220574
-3568.274240834347,22.075246642078383,0.05654240331168889
-3565.881431210393,22.070452691301544,0.056657165624127266
-3563.4886215864462,22.06548044700387,0.05676404369893253
-3561.0958119624993,22.06033612362803,0.05686275183817731
-3558.703002338545,22.055026125273237,0.056953015166679444
-3556.310192714598,22.04955702796774,0.05703457106077847
-3553.917383090644,22.043935561901165,0.05710717045607802
-3551.524573466697,22.03816859370498,0.05717057902655024
-3549.13176384275,22.03226310886368,0.05722457822949852
-3546.7389542187957,22.026226194335507,0.05726896621289947
-3544.3461445948487,22.020065021455316,0.05730355858357017
-3541.953334970902,22.01378682918662,0.05732818903641287
-3539.5605253469475,22.007398907784292,0.0573427098466331
-3537.1677157230006,22.000908582922854,0.05734699222831675
-3534.7749060990536,21.994323200339046,0.057340926564063435
-3532.3820964750994,21.98765011103167,0.05732442251150093
-3529.9892868511524,21.98089665705508,0.05729740899345277
-3527.5964772272055,21.974070157936655,0.05725983407929976
-3525.2036676032512,21.96717789774324,0.05721166476566562
-3522.8108579793043,21.960227112815478,0.05715288666499248
-3520.4180483553573,21.953224980183492,0.057083503610829894
-3518.025238731403,21.94617860667294,0.05700353718881328
-3515.632429107456,21.93909501870517,0.0569130262022879
-3513.239619483509,21.931981152790755,0.056812026081438684
-3510.846809859555,21.924843846712278,0.056700608244571876
-3508.454000235608,21.91768983138799,0.056578859419893185
-3506.061190611661,21.910525723404525,0.05644688093576677
-3503.6683809877068,21.903358018204738,0.0563047879870156
-3501.27557136376,21.896193083913253,0.05615270888435696
-3498.882761739813,21.889037155780372,0.055990784293560074
-3496.4899521158586,21.881896331223388,0.05581916647040357
-3494.0971424919117,21.87477656544239,0.05563801849697135
-3491.7043328679647,21.867683667586242,0.05544751352428071
-3489.3115232440105,21.860623297444047,0.05524783402572728
-3486.9187136200635,21.853600962636012,0.05503917106528531
-3484.5259039961165,21.846622016277273,0.05482172358391012
-3482.1330943721623,21.83969165508839,0.054595697707103874
-3479.7402847482153,21.832814917925663,0.05436130607614495
-3477.3474751242684,21.82599668470451,0.054118767205032184
-3474.954665500314,21.819241675690012,0.0538683048648164
-3472.561855876367,21.81255445112849,0.0536101474965912
-3470.16904625242,21.80593941119468,0.05334452765406719
-3467.776236628466,21.79940079623006,0.05307168147636153
-3465.383427004519,21.792942687248317,0.05279184819132077
-3462.990617380572,21.786569006684484,0.05250526964944274
-3460.597807756618,21.78028351936596,0.05221218988824949
-3458.204998132671,21.774089833683735,0.05191285472674494
-3455.812188508724,21.767991402943412,0.05160751138940707
-3453.4193788847697,21.761991526876745,0.05129640815903744
-3451.0265692608227,21.75609335329528,0.05097979405763963
-3448.633759636876,21.750299879868408,0.0506579185543831
-3446.2409500129215,21.744613956009715,0.0503310312996454
-3443.8481403889746,21.73903828485614,0.049999381884030844
-3441.4553307650276,21.733575425325224,0.04966321962120377
-3439.0625211410734,21.72822779423736,0.049322793353356625
-3436.6697115171264,21.722997668490276,0.0489783512780845
-3434.2769018931795,21.71788718727405,0.04863014079541252
-3431.884092269225,21.71289835431614,0.04827840837374681
-3429.4912826452783,21.70803304014644,0.04792339943349496
-3427.0984730213313,21.70329298437315,0.04756535824710595
-3424.705663397377,21.69867979796147,0.04720452785433098
-3422.31285377343,21.69419496550745,0.04684114999149599
-3419.920044149476,21.689839847500075,0.04647546503360559
-3417.527234525529,21.68561568256585,0.04610771194816425
-3415.134424901582,21.68152358968999,0.0457381282595799
-3412.7416152776277,21.67756457040975,0.045366950023110496
-3410.3488056536808,21.673739510975455,0.044994411807314394
-3407.955996029734,21.670049184475555,0.044620746684015104
-3405.5631864057796,21.666494252922597,0.04424618622485541
-3403.1703767818326,21.663075269297455,0.04387096050353769
-3400.7775671578856,21.65979267954944,0.04349529810288827
-3398.3847575339314,21.656646824550744,0.04311942612596201
-3395.9919479099844,21.65363794200372,0.04274357021041783
-3393.5991382860375,21.65076616829995,0.042367954545442205
-3391.2063286620833,21.648031540330663,0.04199280189057496
-3388.8135190381363,21.645433997248077,0.041618333595804274
-3386.4207094141893,21.642973382177672,0.041244769622348854
-3384.027899790235,21.640649443881856,0.040872328563613336
-3381.635090166288,21.63846183837552,0.0405012276658241
-3379.242280542341,21.63641013049431,0.040131682847891044
-3376.849470918387,21.634493795416866,0.03976390872011831
-3374.45666129444,21.63271222014223,0.03939811860139561
-3372.063851670493,21.631064704923972,0.03903452453454511
-3369.671042046539,21.629550464662877,0.03867333729956791
-3367.278232422592,21.628168630260035,0.03831476642454235
-3364.885422798645,21.62691824993243,0.03795902019396447
-3362.49261317469,21.62579829049342,0.03760630565438277
-3360.0998035507437,21.624807638600366,0.03725682861718663
-3357.7069939267967,21.623945101972105,0.03691079365843355
-3355.3141843028425,21.623209410578927,0.03656840411565862
-3352.9213746788955,21.622599217807892,0.03622986208160477
-3350.528565054949,21.622113101606423,0.03589536839482991
-3348.1357554309943,21.62174956560728,0.035565122627193635
-3345.7429458070474,21.62150704023802,0.03523932306820188
-3343.3501361831004,21.621383883818254,0.0349181667062026
-3340.957326559146,21.62137838364803,0.0346018492064387
-3338.564516935199,21.621488757090752,0.03429056488593956
-3336.171707311252,21.621713152654188,0.0339845066852083
-3333.778897687298,21.62204965107307,0.03368386613666857
-3331.386088063351,21.62249626639696,0.033388833329774076
-3328.993278439404,21.62305094708705,0.03309959687264109
-3326.60046881545,21.62371157712561,0.0328163438500417
-3324.207659191503,21.624475977141817,0.03253925977750581
-3321.814849567556,21.625341905557782,0.03226852855121384
-3319.4220399436017,21.626307059758556,0.03200433239330371
-3317.0292303196547,21.627369077289863,0.03174685179210802
-3314.636420695708,21.628525537087455,0.031496265436736684
-3312.2436110717535,21.62977396074177,0.031252750145347875
-3309.8508014478066,21.631111813801667,0.031016480786312167
-3307.4579918238596,21.632536507121017,0.030787630191373472
-3305.0651821999054,21.63404539825172,0.03056636905981
-3302.6723725759584,21.635635792886728,0.030352865852478348
-3300.279562952004,21.637304946356746,0.030147286674510033
-3297.8867533280572,21.639050065183778,0.02994979514536371
-3295.4939437041103,21.64086830869505,0.029760552254811792
-3293.101134080156,21.642756790700336,0.0295797162034118
-3290.708324456209,21.64471258123577,0.029407442225939915
-3288.315514832262,21.646732708377048,0.02924388239624975
-3285.922705208308,21.648814160124644,0.0290891854120365
-3283.529895584361,21.650953886363542,0.0289434963580224
-3281.137085960414,21.653148800899796,0.02880695644615353
-3278.7442763364597,21.65539578357592,0.028679702731541214
-3276.351466712513,21.65769168246681,0.028561867803028895
-3273.958657088566,21.660033316157914,0.028453579447486246
-3271.5658474646116,21.662417476106533,0.02835496028720038
-3269.1730378406646,21.664840929087376,0.02826612739003554
-3266.7802282167177,21.667300419722896,0.02818719185238441
-3264.3874185927634,21.669792673098414,0.028118258355342873
-3261.9946089688165,21.67231439746204,0.028059424694964124
-3259.6017993448695,21.674862287008725,0.028010781287918837
-3257.2089897209153,21.677433024747483,0.02797241065437797
-3254.8161800969683,21.68002328545026,0.02794438688044509
-3252.423370473022,21.68262973868082,0.02792677506296688
-3250.030560849067,21.68524905190109,0.027919630740064566
-3247.63775122512,21.687877893652328,0.027922999311205694
-3245.244941601173,21.690512936807906,0.027936915451102495
-3242.852131977219,21.693150861893823,0.027961402522124007
-3240.459322353272,21.69578836047284,0.027996471990278857
-3238.066512729325,21.698422138587592,0.028042122850114794
-3235.673703105371,21.70104892025731,0.028098341064108155
-3233.280893481424,21.7036654510226,0.028165099022244816
-3230.888083857477,21.706268501532147,0.028242355027568732
-3228.4952742335227,21.70885487116458,0.028330052813413893
-3226.1024646095757,21.711421391678535,0.02842812109792709
-3223.7096549856287,21.71396493088339,0.028536473181267525
-3221.3168453616745,21.716482396322608,0.02865500659056502
-3218.9240357377275,21.71897073896146,0.028783602777341304
-3216.5312261137806,21.721426956870392,0.02892212687165875
-3214.1384164898263,21.723848098894926,0.02907042749673104
-3211.7456068658794,21.726231268302747,0.029228336647185132
-3209.3527972419324,21.728573626398397,0.02939566963356798
-3206.959987617978,21.730872396095613,0.02957222509505323
-3204.567177994031,21.733124865437297,0.02975778508168094
-3202.1743683700843,21.73532839105298,0.02995211520682829
-3199.78155874613,21.73748040154336,0.030154964869968007
-3197.388749122183,21.739578400781646,0.030366067549179632
-3194.995939498236,21.741619971121473,0.03058514116230122
-3192.603129874282,21.743602776500964,0.030811888495054243
-3190.210320250335,21.745524565432877,0.031045997693990385
-3187.817510626388,21.747383173870972,0.03128714282165888
-3185.4247010024337,21.749176527942716,0.03153498447097203
-3183.0318913784868,21.750902646538957,0.03178917043540713
-3180.63908175454,21.752559643751574,0.03204933643139215
-3178.2462721305856,21.754145731150267,0.03231510686893706
-3175.8534625066386,21.75565921989036,0.03258609566639793
-3173.4606528826916,21.757098522643936,0.03286190710509941
-3171.0678432587374,21.75846215534702,0.033142136719399425
-3168.6750336347905,21.759748738756393,0.03342637221772894
-3166.282224010836,21.7609569998101,0.03371419443009746
-3163.8894143868893,21.762085772786374,0.0340051782775124
-3161.4966047629423,21.763134000256578,0.034298893758836616
-3159.103795138988,21.764100733828386,0.03459490695059728
-3156.710985515041,21.76498513467622,0.03489278101536677
-3154.318175891094,21.765786473856863,0.035192077214424175
-3151.92536626714,21.766504132408837,0.03549235592049173
-3149.532556643193,21.767137601235028,0.03579317762649045
-3147.139747019246,21.767686480768962,0.036094103946403375
-3144.746937395292,21.768150480425764,0.03639469860446219
-3142.354127771345,21.76852941783984,0.03669452840906694
-3139.961318147398,21.76882321789204,0.036993164208026834
-3137.5685085234436,21.769031911529854,0.037290181821873415
-3135.1756988994966,21.76915563438502,0.03758516295221986
-3132.7828892755497,21.769194625193588,0.037877696062346505
-3130.390079651595,21.769149224024268,0.03816737722738048
-3127.9972700276485,21.769019870321507,0.03845381095168052
-3125.6044604037015,21.768807100770395,0.03873661095126516
-3123.2116507797473,21.76851154699112,0.03901540089932268
-3120.8188411558003,21.768133933071162,0.039289815133102785
-3118.426031531854,21.767675072943998,0.03955949932071773
-3116.033221907899,21.76713586762341,0.039824111086596274
-3113.640412283952,21.766517302303033,0.04008332059459131
-3111.247602660005,21.76582044333096,0.04033681108796892
-3108.854793036051,21.76504643506955,0.0405842793857207
-3106.461983412104,21.764196496650868,0.04082543633488477
-3104.069173788157,21.76327191863821,0.04106000721877688
-3101.676364164203,21.762274059604415,0.04128773212123203
-3099.283554540256,21.761204342637622,0.04150836624717257
-3096.890744916309,21.76006425178511,0.04172168020002171
-3094.4979352923547,21.758855328445964,0.04192746021663855
-3092.1051256684077,21.757579167722966,0.042125508360649086
-3089.7123160444607,21.75623741474418,0.042315642675203755
-3087.3195064205065,21.754831760964336,0.04249769729632124
-3084.9266967965596,21.75336394045606,0.04267152252813465
-3082.5338871726126,21.751835726200504,0.04283698488146618
-3080.1410775486584,21.750248926386806,0.04299396707725289
-3077.7482679247114,21.748605380729433,0.04314236801644811
-3075.3554583007644,21.746906956811983,0.043282102718094684
-3072.96264867681,21.74515554646575,0.04341310222731363
-3070.5698390528632,21.74335306219097,0.04353531349501005
-3068.1770294289163,21.741501433628006,0.04364869923112353
-3065.784219804962,21.739602604085633,0.043753237733252744
-3063.391410181015,21.737658527132844,0.04384892269249983
-3060.998600557068,21.73567116326022,0.04393576297835607
-3058.605790933114,21.733642476616538,0.04401378240442273
-3056.212981309167,21.731574431825724,0.04408301947672536
-3053.8201716852127,21.729468990888723,0.04414352712632473
-3051.4273620612657,21.72732811017465,0.044195372427859224
-3049.034552437319,21.725153737504815,0.04423863630559209
-3046.6417428133645,21.722947809333025,0.0442734132284336
-3044.2489331894176,21.720712248025,0.044299810895333636
-3041.8561235654706,21.718448959239296,0.044317949912326036
-3039.4633139415164,21.716159829411882,0.04432796346240367
-3037.0705043175694,21.713846723345917,0.04432999696928255
-3034.6776946936225,21.71151148190799,0.04432420775599946
-3032.284885069668,21.709155919831854,0.044310764699153515
-3029.8920754457213,21.706781823630067,0.04428984787948013
-3027.4992658217743,21.704390949613877,0.04426164822930455
-3025.10645619782,21.701985022021304,0.044226367177296784
-3022.713646573873,21.699565731253067,0.04418421629080405
-3020.320836949926,21.69713473221571,0.04413541691590545
-3017.928027325972,21.69469364277117,0.04408019981519578
-3015.535217702025,21.692244042291776,0.04401880480317157
-3013.142408078078,21.689787470319178,0.04395148037895513
-3010.749598454124,21.687325425326083,0.04387848335596816
-3008.356788830177,21.68485936357898,0.04380007848804353
-3005.96397920623,21.682390698100125,0.043716538091330456
-3003.5711695822756,21.67992079772698,0.043628141661256725
-3001.1783599583287,21.67745098626708,0.04353517548368892
-2998.7855503343817,21.674982541746154,0.04343793223934246
-2996.3927407104275,21.672516695747447,0.0433367106004083
-2993.9999310864805,21.67005463283997,0.043231814818291546
-2991.6071214625335,21.66759749009327,0.04312355430128775
-2989.2143118385793,21.665146356676562,0.043012243180990936
-2986.8215022146323,21.66270227353975,0.04289819986618717
-2984.4286925906854,21.660266233173935,0.04278174658298099
-2982.035882966731,21.657839179449063,0.042663208899913894
-2979.643073342784,21.655422007526376,0.042542915236862766
-2977.2502637188372,21.653015563843077,0.0424211963565499
-2974.857454094883,21.650620646167077,0.04229838483759649
-2972.464644470936,21.648238003719353,0.04217481452813077
-2970.071834846989,21.645868337361538,0.04205081997910629
-2967.679025223035,21.643512299846602,0.04192673585664327
-2965.286215599088,21.641170496130293,0.04180289633289127
-2962.893405975141,21.638843483741038,0.041679634455122266
-2960.5005963511867,21.636531773206322,0.041557281493022125
-2958.1077867272397,21.6342358285333,0.04143616626440565
-2955.7149771032928,21.631956067741527,0.041316614439888155
-2953.3221674793385,21.62969286344591,0.04119894782737456
-2950.9293578553916,21.627446543487807,0.04108348363756616
-2948.5365482314446,21.62521739161235,0.04097053373205442
-2946.1437386074904,21.623005648190116,0.04086040385595953
-2943.7509289835434,21.620811510981405,0.04075339285745547
-2941.3581193595965,21.618635135941112,0.04064979189691876
-2938.965309735642,21.616476638062714,0.04054988364884807
-2936.5725001116953,21.614336092259524,0.04045394150007028
-2934.1796904877483,21.612213534281512,0.0403622287481342
-2931.786880863794,21.610108961666242,0.0402749978041365
-2929.394071239847,21.608022334722218,0.0401924894045405
-2927.0012616159,21.605953577543072,0.04011493183682627
-2924.608451991946,21.603902579051216,0.04004254018404185
-2922.215642367999,21.601869194069344,0.03997551559349706
-2919.822832744052,21.599853244418366,0.03991404457495098
-2917.4300231200978,21.59785452004036,0.03985829833369628
-2915.037213496151,21.595872780145132,0.039808432143903325
-2912.644403872197,21.593907754378897,0.03976458476748831
-2910.2515942482496,21.59195914401386,0.03972687792358306
-2907.858784624302,21.590026623157144,0.0396954158134145
-2905.4659750003484,21.588109839977847,0.0396702847050705
-2903.0731653764014,21.58620841795081,0.03965155258219995
-2900.6803557524545,21.584321957115712,0.039639268860223016
-2898.2875461285003,21.582450035350202,0.0396334641730668
-2895.8947365045533,21.58059220965573,0.039634150232853556
-2893.5019268806063,21.57874801745459,0.039641319764313815
-2891.109117256652,21.576916977896982,0.0396549465150304
-2888.716307632705,21.57509859317666,0.039674985341911516
-2886.323498008758,21.573292349853688,0.03970137237359791
-2883.930688384804,21.57149772018313,0.03973402524780409
-2881.537878760857,21.569714163448086,0.03977284342191093
-2879.14506913691,21.56794112729575,0.03981770855448112
-2876.752259512956,21.566178049075084,0.03986848495475399
-2874.359449889009,21.564424357174673,0.039925020096612564
-2871.966640265062,21.56267947235922,0.039987145193023294
-2869.5738306411076,21.560942809103395,0.040054675826503176
-2867.1810210171607,21.55921377692145,0.04012741263081051
-2864.7882113932137,21.557491781691116,0.04020514201876113
-2862.3954017692595,21.555776226970377,0.040287636950858935
-2860.0025921453125,21.554066515305557,0.040374657739283726
-2857.6097825213656,21.55236204952923,0.040465952881724825
-2855.2169728974113,21.550662234046428,0.040561259919533015
-2852.8241632734644,21.548966476107722,0.04066030631474772
-2850.4313536495174,21.547274187067472,0.04076281034068094
-2848.038544025563,21.545584783625955,0.04086848198091043
-2845.645734401616,21.543897689053708,0.04097702383177456
-2843.2529247776693,21.54221233439659,0.0410881320037214
-2840.860115153715,21.540528159660166,0.04120149701716233
-2838.467305529768,21.538844614971833,0.04131680468879843
-2836.074495905821,21.537161161719236,0.04143373700473965
-2833.681686281867,21.535477273663567,0.04155197297706368
-2831.28887665792,21.53379243802629,0.04167118948083421
-2828.896067033973,21.532106156547883,0.041791062068941044
-2826.5032574100187,21.53041794651724,0.04191126576246579
-2824.1104477860717,21.52872734177044,0.04203147581461531
-2821.717638162125,21.527033893657464,0.0421513684465924
-2819.3248285381706,21.525337171975735,0.042270621554057745
-2816.9320189142236,21.52363676586921,0.04238891538314115
-2814.5392092902766,21.521932284691825,0.042505933175218176
-2812.1463996663224,21.520223358834237,0.042621361779899336
-2809.753590042375,21.5185096405128,0.042734892235920516
-2807.3607804184285,21.51679080451972,0.042846220319807976
-2804.9679707944742,21.51506654893352,0.04295504706237253
-2802.5751611705273,21.513336595788935,0.043061079233245744
-2800.182351546573,21.51160069170535,0.04316402979381339
-2797.789541922626,21.509858608473216,0.04326361831900605
-2795.396732298679,21.508110143597577,0.043359571388529194
-2793.003922674725,21.506355120798325,0.04345162294817798
-2790.611113050778,21.504593390466567,0.04353951464197088
-2788.218303426831,21.50282483007664,0.0436229961158864
-2785.8254938028767,21.501049344553593,0.04370182529402963
-2783.43268417893,21.499266866595708,0.04377576862809696
-2781.039874554983,21.49747735695196,0.04384460132103452
-2778.6470649310286,21.495680804654324,0.04390810752579178
-2776.2542553070816,21.493877227204923,0.04396608052009818
-2773.8614456831347,21.492066670718025,0.04401832285818799
-2771.4686360591804,21.490249210017147,0.04406464650039546
-2769.0758264352335,21.48842494868748,0.04410487292154782
-2766.6830168112865,21.48659401908386,0.04413883319906798
-2764.2902071873323,21.48475658229485,0.0441663680816918
-2761.8973975633853,21.48291282806334,0.04418732803969204
-2759.5045879394384,21.481062974664184,0.04420157329748958
-2757.111778315484,21.479207268739593,0.044208973849510246
-2754.718968691537,21.477345985092988,0.04420940946013541
-2752.32615906759,21.475479426442043,0.04420276964857501
-2749.933349443636,21.473607923131805,0.0441889536594742
-2747.540539819689,21.471731832808864,0.044167870420042464
-2745.147730195742,21.469851540057412,0.044139438484482756
-2742.754920571788,21.467967455998384,0.04410358596647595
-2740.362110947841,21.46608001785268,0.04406025046045249
-2737.969301323894,21.464189688469617,0.04400937895237318
-2735.5764916999397,21.46229695582184,0.0439509277207156
-2733.1836820759927,21.46040233246792,0.0438848622283461
-2730.7908724520457,21.458506354983804,0.0438111570059362
-2728.3980628280915,21.45660958336463,0.04372979552756798
-2726.0052532041445,21.454712600398054,0.04364077007914671
-2723.6124435801976,21.452816011010476,0.04354408162022638
-2721.2196339562433,21.45092044158768,0.043439739639827835
-2718.8268243322964,21.44902653927115,0.0433277620068209
-2716.4340147083494,21.44713497123147,0.04320817481540041
-2714.041205084395,21.44524642392036,0.043081012226195495
-2711.648395460448,21.44336160230263,0.04294631630350475
-2709.2555858365013,21.441481229069556,0.042804136849142506
-2706.862776212547,21.43960604383504,0.04265453123336197
-2704.4699665886,21.437736802316085,0.042497564223294385
-2702.077156964653,21.435874275498797,0.04233330780932033
-2699.684347340699,21.434019248791483,0.0421618410297816
-2697.291537716752,21.43217252116615,0.04198324979440348
-2694.898728092805,21.43033490428966,0.04179762670678391
-2692.5059184688507,21.428507221646026,0.04160507088628972
-2690.113108844904,21.42669030765105,0.04140568778966859
-2687.720299220957,21.42488500676053,0.041199589032664276
-2685.3274895970026,21.42309217257338,0.04098689221191256
-2682.9346799730556,21.4213126669308,0.04076772072736147
-2680.5418703491086,21.419547359012597,0.04054220360543693
-2678.1490607251544,21.417797124431917,0.040310475323166325
-2675.7562511012075,21.416062844329364,0.0400726756334431
-2673.3634414772605,21.41434540446755,0.03982894939158267
-2670.9706318533063,21.41264569432715,0.039579446383327034
-2668.5778222293593,21.410964606205354,0.03932432115441143
-2666.1850126054123,21.4093030343176,0.0390637328417878
-2663.792202981458,21.407661873903546,0.03879784500659684
-2661.399393357511,21.406042020338017,0.03852682546894808
-2659.006583733557,21.404444368247724,0.03825084614453691
-2656.61377410961,21.4028698106345,0.03797008288314688
-2654.220964485663,21.401319238005712,0.037684715309015744
-2651.8281548617088,21.39979353751249,0.03739492666307666
-2649.435345237762,21.3982935920964,0.03710090364703625
-2647.042535613815,21.396820279645034,0.03680283626923646
-2644.6497259898606,21.395374472157094,0.03650091769225597
-2642.2569163659136,21.393957034917413,0.036195344082167735
-2639.8641067419667,21.392568825682318,0.03588631445935209
-2637.4712971180124,21.39121069387571,0.03557403055077888
-2635.0784874940655,21.38988347979628,0.03525869664363239
-2632.6856778701185,21.38858801383603,0.034940519440140705
-2630.2928682461643,21.387325115710535,0.03461970791348301
-2627.9000586222173,21.386095593701047,0.034296473164616766
-2625.5072489982704,21.384900243908707,0.03397102827984814
-2623.114439374316,21.38373984952106,0.033643588188996626
-2620.721629750369,21.382615180090983,0.03331436952396031
-2618.328820126422,21.38152699082814,0.032983590477485995
-2615.936010502468,21.38047602190309,0.032651470661969904
-2613.543200878521,21.379462997764143,0.03231823096807915
-2611.150391254574,21.378488626466922,0.031984093422981745
-2608.75758163062,21.377553599016753,0.0316492810480018
-2606.364772006673,21.376658588723902,0.03131401771548015
-2603.971962382726,21.375804250571576,0.030978528004630804
-2601.5791527587717,21.374991220596772,0.03064303705620677
-2599.1863431348247,21.374220115283922,0.03030777042577005
-2596.7935335108778,21.37349153097124,0.029972953935368557
-2594.4007238869235,21.37280604326987,0.02963881352345274
-2592.007914262977,21.372164206495658,0.02930557509286126
-2589.6151046390296,21.371566553113595,0.02897346435670834
-2587.2222950150754,21.37101359319484,0.028642706682059246
-2584.8294853911284,21.370505813886304,0.02831352693127265
-2582.4366757671814,21.370043678892753,0.02798614930091066
-2580.043866143227,21.36962762797138,0.027660797158180952
-2577.65105651928,21.369258076438843,0.02733769287487504
-2575.2582468953333,21.368935414690714,0.027017057658809955
-2572.865437271379,21.36866000773339,0.026699111382845985
-2570.472627647432,21.36843219472839,0.026384072411576052
-2568.079818023485,21.368252288549126,0.026072157425836545
-2565.687008399531,21.36812057535014,0.025763581245263893
-2563.294198775584,21.368037314148854,0.025458556649166325
-2560.901389151637,21.368002736419932,0.02515729419603988
-2558.5085795276827,21.368017045702278,0.024860002042153648
-2556.115769903736,21.368080417218867,0.024566885759674924
-2553.722960279789,21.368192997509425,0.02427814815488481
-2551.3301506558346,21.36835490407621,0.023993989087130227
-2548.9373410318876,21.36856622504298,0.023714605289215603
-2546.5445314079334,21.368827018827435,0.023440190190009428
-2544.1517217839864,21.369137313827274,0.023170933740147105
-2541.7589121600395,21.36949710812017,0.022907022241731325
-2539.3661025360852,21.369906369177926,0.022648638183042018
-2536.9732929121383,21.370365033595117,0.02239596007928695
-2534.5804832881913,21.37087300683255,0.022149162320474924
-2532.187673664237,21.371430162975923,0.021908415027530048
-2529.79486404029,21.372036344510036,0.021673883917763436
-2527.402054416343,21.37269136210904,0.02144573018080637
-2525.009244792389,21.373394994443114,0.02122411036609052
-2522.616435168442,21.37414698800207,0.02100917628288733
-2520.223625544495,21.374947056936453,0.020801074913831666
-2517.8308159205408,21.375794882916555,0.020599948342751414
-2515.438006296594,21.376690115010064,0.020405933697465833
-2513.045196672647,21.377632369578823,0.02021916310802702
-2510.6523870486926,21.37862123019539,0.020039763680693157
-2508.2595774247457,21.379656247580023,0.01986785748765448
-2505.8667678007987,21.380736939558822,0.01970356157226503
-2503.4739581768445,21.38186279104366,0.01954698796925317
-2501.0811485528975,21.38303325403465,0.019398243739046094
-2498.6883389289505,21.384247747646008,0.01925743101501323
-2496.2955293049963,21.385505658155893,0.019124647062107234
-2493.9027196810493,21.386806339081183,0.01899998434501789
-2491.5099100571024,21.388149111277933,0.018883530603628906
-2489.117100433148,21.389533263068326,0.018775368933256494
-2486.724290809201,21.390958050394968,0.01867557786685327
-2484.3314811852542,21.39242269700343,0.018584231456107922
-2481.9386715613,21.393926394653803,0.018501399348183477
-2479.545861937353,21.395468303362193,0.018427146854677886
-2477.153052313406,21.397047551673012,0.018361535009327194
-2474.760242689452,21.39866323696292,0.018304620610957556
-2472.367433065505,21.400314425777257,0.018256456248279068
-2469.974623441558,21.402000154199897,0.018217090303268114
-2467.5818138176037,21.403719428257258,0.018186566930131664
-2465.1890041936567,21.40547122435735,0.018164926007171053
-2462.7961945697098,21.407254489764693,0.018152203059270997
-2460.4033849457555,21.40906814311183,0.018148429149214343
-2458.0105753218086,21.410911074948192,0.018153630736564796
-2455.6177656978616,21.412782148327064,0.018167829503449504
-2453.2249560739074,21.41468019943134,0.018191042147203795
-2450.8321464499604,21.416604038238606,0.018223280140488598
-2448.4393368260135,21.41855244922629,0.018264549460155013
-2446.046527202059,21.420524192117274,0.01831485028676886
-2443.6537175781123,21.42251800266649,0.01837417667733783
-2441.2609079541653,21.424532593488955,0.018442516214355185
-2438.868098330211,21.426566654929527,0.018519849634796397
-2436.475288706264,21.428618855974573,0.01860615044315203
-2434.082479082317,21.43068784520596,0.018701384512961154
-2431.689669458363,21.43277225179718,0.018805509681567908
-2429.296859834416,21.434870686551772,0.018918475343032454
-2426.904050210469,21.43698174298398,0.019040222044208705
-2424.5112405865148,21.43910399844127,0.019170681088990754
-2422.118430962568,21.441236015268537,0.019309774155647687
-2419.725621338621,21.4433763420136,0.019457412931979355
-2417.3328117146666,21.44552351467329,0.019613498772762628
-2414.9400020907196,21.447676057979592,0.019777922383643523
-2412.5471924667654,21.449832486725057,0.01995056353525773
-2410.1543828428184,21.451991307126423,0.020131290810915588
-2407.7615732188715,21.454151018225595,0.020319961390778192
-2405.3687635949173,21.45631011332657,0.0205164208749438
-2402.9759539709703,21.45846708146711,0.02072050314741892
-2400.5831443470233,21.460620408923685,0.020932030282476085
-2398.190334723069,21.462768580747984,0.021150812494435452
-2395.797525099122,21.464910082333237,0.021376648131493613
-2393.404715475175,21.467043401008546,0.021609323713822008
-2391.011905851221,21.469167027659033,0.021848614015784106
-2388.619096227274,21.471279458369622,0.02209428219179652
-2386.226286603327,21.473379196090228,0.022346079945087142
-2383.833476979373,21.47546475231971,0.02260374773832426
-2381.440667355426,21.477534648806017,0.02286701504490911
-2379.047857731479,21.47958741925988,0.023135600639547112
-2376.6550481075246,21.48162161107898,0.023409212926554512
-2374.2622384835777,21.4836357870797,0.023687550304275027
-2371.8694288596307,21.48562852723334,0.023970301563897255
-2369.4766192356765,21.487598430403533,0.024257146320884045
-2367.0838096117295,21.48954411608146,0.024547755477215757
-2364.6909999877826,21.491464226115607,0.024841791712624017
-2362.2981903638283,21.493357426432397,0.025138910002961933
-2359.905380739882,21.49522240874413,0.025438758163882757
-2357.5125711159344,21.49705789224075,0.02574097741800188
-2355.11976149198,21.49886262526149,0.026045202983709985
-2352.726951868033,21.500635386942864,0.026351064683835815
-2350.3341422440863,21.502374988839197,0.026658187572374932
-2347.941332620132,21.504080276511875,0.02696619257748526
-2345.548522996185,21.5057501310836,0.027274697158987202
-2343.155713372238,21.507383470753936,0.02758331597861536
-2340.762903748284,21.50897925227233,0.02789166158124333
-2338.370094124337,21.510536472365057,0.02819934508534208
-2335.97728450039,21.512054169112414,0.028505976880924086
-2333.5844748764357,21.513531423272667,0.028811167333204452
-2331.1916652524887,21.51496735954926,0.02911452749023468
-2328.798855628542,21.5163611477981,0.029415669792764255
-2326.4060460045876,21.517712004171525,0.029714208784554597
-2324.0132363806406,21.519019192196,0.030009761821401623
-2321.6204267566936,21.520282023780663,0.03030194977712362
-2319.2276171327394,21.521499860153828,0.030590397744753934
-2316.8348075087924,21.522672112724972,0.030874735731207404
-2314.4419978848455,21.523798243869816,0.031154599343712775
-2312.0491882608912,21.52487776763624,0.03142963046629137
-2309.6563786369443,21.525910250369126,0.03169947792461505
-2307.2635690129973,21.52689531125233,0.03196379813760652
-2304.870759389043,21.527832622766283,0.03222225575416212
-2302.477949765096,21.52872191105989,0.03247452427344107
-2300.085140141149,21.529562956235708,0.03272028664722299
-2297.692330517195,21.530355592547608,0.03295923586286559
-2295.299520893248,21.531099708510318,0.03319107550548597
-2292.9067112692937,21.531795246920623,0.03341552029806353
-2290.513901645347,21.532442204790115,0.03363229661821007
-2288.1210920214,21.533040633189785,0.03384114299048352
-2285.7282823974456,21.533590637006807,0.034041810553172194
-2283.3354727734986,21.534092374614403,0.03423406349859647
-2280.9426631495517,21.534546057455593,0.03441767948607741
-2278.5498535255974,21.534951949542183,0.03459245002680793
-2276.1570439016505,21.535310366870338,0.034758180839990264
-2273.7642342777035,21.53562167675451,0.03491469217971443
-2271.3714246537493,21.53588629708157,0.035061819132150625
-2268.9786150298023,21.53610469548729,0.03519941188276018
-2266.5858054058554,21.536277388457485,0.03532733595334259
-2264.192995781901,21.536404940356334,0.035445472408841466
-2261.800186157954,21.536487962384605,0.03555371803395798
-2259.407376534007,21.536527111470548,0.03565198547972944
-2257.014566910053,21.536523089096594,0.035740203380334706
-2254.621757286106,21.536476640064926,0.035818316440499175
-2252.228947662159,21.53638855120521,0.03588628549397576
-2249.836138038205,21.536259650027926,0.03594408753366435
-2247.443328414258,21.53609080332671,0.035991715714031924
-2245.050518790311,21.535882915733325,0.03602917932657715
-2242.6577091663567,21.535636928228854,0.0360565037491536
-2240.2648995424097,21.535353816614837,0.03607373037004125
-2237.8720899184627,21.53503458994802,0.03608091648771227
-2235.4792802945085,21.534680288942486,0.036078135187285046
-2233.0864706705615,21.534291984342886,0.03606547519470901
-2230.6936610466146,21.53387077527253,0.03604304070974242
-2228.3008514226603,21.533417787559998,0.03601095121881822
-2225.9080417987134,21.53293417204806,0.03596934128889055
-2223.5152321747664,21.532421102888364,0.0359183603433609
-2221.122422550812,21.531879775825654,0.03585817242116549
-2218.7296129268652,21.531311406474863,0.035788955920081404
-2216.3368033029183,21.530717228594593,0.03571090332526894
-2213.943993678964,21.53009849236027,0.035624220924022565
-2211.551184055017,21.529456462640248,0.035529128507635704
-2209.15837443107,21.528792417277913,0.03542585906121136
-2206.765564807116,21.528107645382885,0.03531465844216532
-2204.372755183169,21.52740344563411,0.03519578504806766
-2201.979945559222,21.526681124597687,0.03506950947435084
-2199.5871359352677,21.525941995061984,0.03493611416229871
-2197.1943263113208,21.5251873743926,0.03479589303758644
-2194.801516687374,21.52441858290946,0.034649151139492136
-2192.4087070634196,21.523636942288277,0.03449620424075217
-2190.0158974394726,21.522843773988498,0.034337378457854124
-2187.6230878155257,21.52204039770951,0.03417300985138372
-2185.2302781915714,21.52122812987706,0.03400344401586455
-2182.8374685676245,21.52040828216137,0.033829035658331535
-2180.4446589436775,21.519582160028502,0.033650148164674244
-2178.0518493197233,21.518751061326302,0.033467153152607614
-2175.6590396957763,21.5179162749061,0.033280430009909455
-2173.2662300718293,21.51707907928125,0.033090365416370365
-2170.873420447875,21.51624074132343,0.03289735284772713
-2168.480610823928,21.5154025149975,0.0327017920596551
-2166.087801199981,21.514565640135547,0.03250408854973392
-2163.694991576027,21.51373134125071,0.032304652995171594
-2161.30218195208,21.512900826391192,0.03210390066394048
-2158.9093723281258,21.512075286034722,0.03190225079689349
-2156.516562704179,21.511255892023758,0.031700125958404435
-2154.123753080232,21.5104437965414,0.031497951353046866
-2151.7309434562776,21.50964013112813,0.031296154105913465
-2149.33813383233,21.508846005739226,0.031095162504275024
-2146.9453242083837,21.50806250784261,0.0308954051984694
-2144.5525145844294,21.507290701556965,0.030697310360189193
-2142.1597049604825,21.506531626829727,0.03050130479667387
-2139.7668953365355,21.505786298654492,0.030307813019748008
-2137.3740857125813,21.50505570632743,0.03011725626920399
-2134.9812760886343,21.50434081274211,0.029930051490634317
-2132.5884664646874,21.503642553722177,0.02974661026855977
-2130.195656840733,21.502961837391183,0.02956733771652859
-2127.802847216786,21.502299543578978,0.02939263132676827
-2125.410037592839,21.501656523263776,0.029222879782961682
-2123.017227968885,21.501033598049307,0.029058461740794576
-2120.624418344938,21.500431559676173,0.028899744582016076
-2118.231608720991,21.499851169566536,0.028747083148884398
-2115.838799097037,21.49929315840147,0.028600818467023587
-2113.44598947309,21.498758225729958,0.02846127646579429
-2111.053179849143,21.498247039608763,0.028328766706332456
-2108.6603702251887,21.497760236272292,0.028203581128344996
-2106.2675606012417,21.497298419831584,0.028085992827547028
-2103.8747509772948,21.496862162001513,0.027976254876239837
-2101.4819413533405,21.496452001855403,0.027874599199962376
-2099.0891317293936,21.496068445606145,0.027781235523298083
-2096.6963221054466,21.495711966412987,0.027696350397833223
-2094.3035124814924,21.495383004213174,0.027620106324887875
-2091.9107028575454,21.495081965577572,0.027552640984951055
-2089.5178932335984,21.494809223589538,0.02749406658478739
-2087.125083609644,21.49456511774621,0.027444469331924477
-2084.7322739856972,21.494349953881443,0.027403909044708363
-2082.3394643617503,21.494164004109745,0.027372418904360048
-2079.946654737796,21.494007506790368,0.027350005353531555
-2077.553845113849,21.493880666511018,0.027336648143774327
-2075.161035489902,21.49378365409043,0.027332300532172716
-2072.768225865948,21.493716606599236,0.02733688962521091
-2070.375416242001,21.493679627398528,0.027350316865797926
-2067.982606618054,21.493672786195567,0.027372458657324954
-2065.5897969940997,21.49369611911613,0.02740316711674765
-2063.196987370153,21.49374962879295,0.027442270946991473
-2060.804177746206,21.493833284469925,0.027489576417547974
-2058.4113681222516,21.49394702212152,0.027544868440961358
-2056.0185584983046,21.494090744587137,0.02760791173204179
-2053.6257488743577,21.494264321720014,0.027678452036085655
-2051.232939250403,21.494467590550393,0.027756217412120227
-2048.8401296264565,21.494700355462694,0.027840919557234518
-2046.4473200025025,21.49496238838643,0.02793225515836295
-2044.0545103785553,21.495253429000723,0.02802990725843309
-2041.6617007546083,21.495573184952228,0.028133546624563528
-2039.268891130654,21.495921332086358,0.028242833106910524
-2036.8760815067071,21.496297514691744,0.028357416977845724
-2034.48327188276,21.496701345757835,0.02847694024229867
-2032.090462258806,21.49713240724571,0.02860103791131666
-2029.697652634859,21.49759025037201,0.028729339232132563
-2027.304843010912,21.498074395906162,0.028861468869271573
-2024.9120333869575,21.498584334480903,0.02899704803240468
-2022.5192237630108,21.49911952691625,0.02913569554780684
-2020.126414139064,21.499679404557078,0.029277028871333023
-2017.7336045151096,21.500263369624456,0.029420665041784973
-2015.340794891163,21.500870795580987,0.02956622157441827
-2012.9479852672157,21.501501027510344,0.029713317295109187
-2010.5551756432617,21.502153382511306,0.029861573116341827
-2008.1623660193145,21.502827150106526,0.030010612756746248
-2005.7695563953675,21.50352159266642,0.030160063406372967
-2003.3767467714133,21.50423594584838,0.03030955634022768
-2000.9839371474663,21.5049694190518,0.030458727482885174
-1998.5911275235192,21.505721195889176,0.030607217927177105
-1996.1983178995652,21.506490434673694,0.030754674410063302
-1993.8055082756184,21.50727626892369,0.030900749748861204
-1991.4126986516712,21.508077807884437,0.03104510324100132
-1989.019889027717,21.508894137067582,0.031187401030427078
-1986.62707940377,21.50972431880871,0.03132731644367612
-1984.234269779823,21.51056739284349,0.03146453029856551
-1981.8414601558688,21.51142237690273,0.031598731188248276
-1979.448650531922,21.512288267326863,0.03172961574326531
-1977.055840907975,21.513164039700264,0.03185688887402899
-1974.6630312840207,21.51404864950577,0.031980263995995024
-1972.2702216600735,21.514941032799847,0.032099463239592826
-1969.8774120361268,21.51584010690882,0.03221421764679353
-1967.4846024121723,21.516744771146506,0.032324267356003626
-1965.0917927882256,21.517653907553637,0.03242936177678631
-1962.6989831642784,21.518566381659415,0.032529259755742876
-1960.3061735403244,21.519481043265518,0.03262372973469372
-1957.9133639163776,21.52039672725284,0.03271254990215352
-1955.5205542924305,21.521312254411267,0.03279550833892772
-1953.127744668476,21.522226432292655,0.032872403158511886
-1950.7349350445293,21.52313805608724,0.03294304264283729
-1948.3421254205823,21.524045909523693,0.03300724537378603
-1945.949315796628,21.524948765792765,0.03306484036077101
-1943.556506172681,21.525845388494773,0.033115667164574064
-1941.1636965487344,21.526734532610824,0.033159576017540174
-1938.77088692478,21.527614945497774,0.03319642794012786
-1936.378077300833,21.528485367906804,0.03322609485374755
-1933.985267676886,21.529344535025512,0.03324845968974145
-1931.592458052932,21.530191177543237,0.03326341649429356
-1929.1996484289848,21.53102402273936,0.03327087052901708
-1926.8068388050376,21.53184179559426,0.033270738366899644
-1924.4140291810836,21.532643219922456,0.033262947983264304
-1922.0212195571369,21.533427019527437,0.033247438841361616
-1919.6284099331897,21.534191919377687,0.03322416197218017
-1917.2356003092357,21.53493664680315,0.03319308004804724
-1914.8427906852885,21.53565993271146,0.033154167449566604
-1912.4499810613415,21.536360512823155,0.03310741032543569
-1910.0571714373873,21.537037128924894,0.03305280664467259
-1907.6643618134403,21.537688530139793,0.03299036624078166
-1905.2715521894936,21.538313474213744,0.032920110847382014
-1902.8787425655391,21.538910728816628,0.032842074124831235
-1900.485932941592,21.53947907285709,0.0327563016773761
-1898.093123317638,21.540017297809708,0.032662851060371374
-1895.700313693691,21.54052420905297,0.0325617917771103
-1893.307504069744,21.540998627216688,0.03245320526482419
-1890.9146944457896,21.541439389537267,0.03233718486941372
-1888.5218848218428,21.54184535121905,0.032213835808479245
-1886.129075197896,21.54221538680017,0.03208327512222682
-1883.7362655739416,21.542548391520963,0.03194563161182693
-1881.343455949995,21.542843282693084,0.031801045764813934
-1878.9506463260475,21.543099001067375,0.03164966966709547
-1876.5578367020937,21.54331451219845,0.03149166690115185
-1874.1650270781463,21.543488807803843,0.03132721242999047
-1871.7722174541996,21.543620907115667,0.03115649246639688
-1869.379407830245,21.543709858222428,0.03097970432701478
-1866.9865982062984,21.543754739398867,0.03079705627075904
-1864.5937885823512,21.543754660421424,0.030608767321011525
-1862.2009789583972,21.543708763867023,0.030415067071043526
-1859.8081693344504,21.543616226392768,0.030216195472025902
-1857.4153597105033,21.5434762599942,0.03001240260294245
-1855.022550086549,21.543288113239626,0.029803948421664894
-1852.629740462602,21.54305107247811,0.029591102496363233
-1850.236930838655,21.542764463018756,0.02937414371633613
-1847.8441212147009,21.542427650278714,0.029153359981282462
-1845.451311590754,21.54204004089765,0.028929047867917345
-1843.058501966807,21.541601083816154,0.028701512272733504
-1840.6656923428527,21.541110271315784,0.028471066029631672
-1838.2728827189055,21.540567140018428,0.028238029501009208
-1835.8800730949588,21.53997127184263,0.028002730140803046
-1833.4872634710048,21.539322294914744,0.027765502027896138
-1831.0944538470576,21.53861988443268,0.027526685368191403
-1828.7016442231104,21.53786376348016,0.02728662596357702
-1826.3088345991564,21.53705370378949,0.027045674645978242
-1823.9160249752097,21.536189526450933,0.026804186674622515
-1821.5232153512625,21.535271102566757,0.026562521094661222
-1819.130405727308,21.53429835384834,0.02632104005533587
-1816.7375961033613,21.53327125315466,0.026080108085953388
-1814.3447864794143,21.532189824970608,0.025840091328064363
-1811.95197685546,21.531054145823816,0.02560135672247811
-1809.5591672315131,21.52986434463873,0.025364271149996225
-1807.1663576075664,21.528620603026713,0.02512920052511505
-1804.773547983612,21.52732315551128,0.024896508842416176
-1802.380738359665,21.525972289687598,0.0246665571758907
-1799.9879287357107,21.524568346315476,0.024439702632095186
-1797.5951191117638,21.523111719345383,0.024216297258810006
-1795.2023094878168,21.52160285587697,0.02399668691168999
-1792.8094998638626,21.520042256049944,0.023781210082391604
-1790.4166902399156,21.518430472867127,0.023570196692677018
-1788.023880615969,21.516768111949727,0.02336396686013009
-1785.6310709920144,21.515055831225055,0.023162829642304414
-1783.2382613680677,21.513294340547045,0.02296708176733601
-1780.8454517441205,21.511484401249966,0.022777006360272113
-1778.4526421201665,21.50962682563613,0.02259287167557533
-1776.059832496219,21.507722476398246,0.02241492984737171
-1773.6670228722724,21.50577226597739,0.02224341567002762
-1771.274213248318,21.503777155857648,0.02207854542250301
-1768.8814036243712,21.50173815579866,0.021920515750569733
-1766.4885940004242,21.49965632300727,0.021769502621386178
-1764.09578437647,21.49753276124987,0.02162566036503443
-1761.702974752523,21.495368619906877,0.021489120817422713
-1759.310165128576,21.493165092970983,0.021359992578377954
-1756.9173555046218,21.49092341799106,0.021238360397856357
-1754.5245458806749,21.48864487496344,0.021124284701898324
-1752.131736256728,21.486330785172562,0.021017801268325007
-1749.7389266327737,21.483982509982987,0.020918921060227115
-1747.3461170088267,21.48160144958489,0.020827630223050474
-1744.9533073848795,21.479189041695083,0.02074389024863667
-1742.5604977609255,21.47674676021588,0.020667638306968484
-1740.1676881369783,21.474276113853985,0.020598787743676458
-1737.7748785130316,21.47177864470163,0.02053722873868385
-1735.3820688890771,21.46925592678234,0.020482829118773603
-1732.9892592651304,21.46670956456368,0.02043543531441913
-1730.5964496411834,21.464141191439154,0.020394873449030317
-1728.2036400172292,21.461552468181775,0.020360950546880988
-1725.8108303932822,21.458945081371578,0.020333455844422657
-1723.4180207693353,21.45632074179931,0.020312162188544952
-1721.025211145381,21.453681182848747,0.020296827504585377
-1718.632401521434,21.45102815885987,0.020287196316534063
-1716.2395918974871,21.44836344347502,0.020283001301937102
-1713.8467822735329,21.445688827970454,0.020283964864396865
-1711.453972649586,21.443006119575355,0.02028980070733566
-1709.061163025639,21.440317139780333,0.0203002153936865
-1706.6683534016847,21.43762372263766,0.020314909877464073
-1704.2755437777378,21.434927713055153,0.020333580994582327
-1701.8827341537908,21.43223096508556,0.020355922901862715
-1699.4899245298366,21.42953534021349,0.020381628454793504
-1697.0971149058896,21.426842705641633,0.020410390516256312
-1694.7043052819429,21.424154932577892,0.02044190319005726
-1692.3114956579884,21.42147389452527,0.02047586297466247
-1689.9186860340417,21.418801465576028,0.020511969834010237
-1687.5258764100945,21.41613951871148,0.020549928183622813
-1685.1330667861405,21.413489924109115,0.020589447791469154
-1682.7402571621933,21.410854547458236,0.02063024459410336
-1680.3474475382463,21.408235248285333,0.020672041429544374
-1677.954637914292,21.405633878290544,0.020714568689140088
-1675.5618282903451,21.403052279696254,0.020757564891314258
-1673.1690186663982,21.400492283608784,0.02080077718059662
-1670.776209042444,21.397955708394264,0.02084396175572668
-1668.383399418497,21.395444358069554,0.020886884230892057
-1665.99058979455,21.392960020708934,0.02092931993433482
-1663.5977801705958,21.390504466867455,0.02097105414864721
-1661.2049705466488,21.38807944802159,0.021011882297075853
-1658.812160922702,21.3856866950277,0.021051610080112637
-1656.4193512987476,21.3833279165991,0.021090053566535913
-1654.026541674801,21.381004797802042,0.02112703924291534
-1651.6337320508535,21.37871899857115,0.02116240402542733
-1649.2409224268995,21.37647215224473,0.021195995237608633
-1646.8481128029523,21.374265864120353,0.021227670557472274
-1644.4553031789983,21.372101710030872,0.021257297937171942
-1642.062493555051,21.369981234941452,0.02128475549817295
-1639.6696839311044,21.36790595156759,0.02130993140465779
-1637.27687430715,21.365877339014553,0.021332723717656397
-1634.8840646832032,21.363896841438414,0.021353040232180025
-1632.4912550592562,21.361965866728823,0.021370798299417917
-1630.098445435302,21.36008578521377,0.021385924635849138
-1627.705635811355,21.358257928386596,0.02139835512093578
-1625.312826187408,21.356483587655223,0.021408034584879516
-1622.9200165634538,21.35476401311407,0.02141491658775198
-1620.5272069395069,21.35310041233871,0.021418963191157298
-1618.13439731556,21.351493949203427,0.02142014472344095
-1615.7415876916057,21.349945742722134,0.021418439539321297
-1613.3487780676587,21.348456865912723,0.02141383377470531
-1610.9559684437118,21.347028344685206,0.02140632109733745
-1608.5631588197575,21.345661156754062,0.021395902453833382
-1606.1703491958106,21.34435623057506,0.021382585813557935
-1603.7775395718636,21.343114444307044,0.0213663859097291
-1601.3847299479094,21.34193662479917,0.021347323978064006
-1598.9919203239624,21.340823546604092,0.02132542749321027
-1596.5991107000154,21.339775931017684,0.021300729903162476
-1594.2063010760612,21.338794445146032,0.02127327036181124
-1591.8134914521142,21.337879701000354,0.021243093459735816
-1589.4206818281673,21.337032254620645,0.021210248953315903
-1587.027872204213,21.33625260522902,0.0211747914922135
-1584.635062580266,21.335541194413597,0.021136780345259877
-1582.2422529563191,21.33489840534406,0.02109627912475891
-1579.849443332365,21.33432456201998,0.021053355509217442
-1577.456633708418,21.33381992855317,0.021008080964511417
-1575.063824084471,21.333384708485333,0.020960530463489026
-1572.6710144605167,21.333019044142475,0.02091078220402767
-1570.2782048365698,21.332723016027558,0.020858917325576768
-1567.8853952126228,21.33249664225301,0.0208050196242213
-1565.4925855886686,21.332339878014817,0.020749175266335667
-1563.0997759647216,21.332252615109994,0.020691472500923142
-1560.706966340775,21.332234681499337,0.020632001370753907
-1558.3141567168204,21.332285840917482,0.020570853422464997
-1555.9213470928737,21.33240579253238,0.020508121415815008
-1553.5285374689263,21.332594170656357,0.02044389903232736
-1551.1357278449725,21.3328505445111,0.02037828058360731
-1548.742918221025,21.333174418048927,0.02031136071966451
-1546.350108597071,21.33356522983282,0.020243234137614037
-1543.957298973124,21.33402235297779,0.02017399529120305
-1541.5644893491772,21.334545095156166,0.020103738101639217
-1539.171679725223,21.335132698669547,0.02003255567027402
-1536.778870101276,21.335784340590155,0.01996053999373688
-1534.386060477329,21.336499132974414,0.019887781682179036
-1531.9932508533748,21.337276123151575,0.01981436968133277
-1529.6004412294278,21.33811429409034,0.019740390999155203
-1527.2076316054809,21.339012564846314,0.01966593043786156
-1524.8148219815266,21.33996979109329,0.019591070332212305
-1522.4220123575797,21.340984765741187,0.019515890294948834
-1520.0292027336327,21.34205621964361,0.019440466970314235
-1517.6363931096785,21.34318282239785,0.019364873796621232
-1515.2435834857315,21.344363183240112,0.019289180778857013
-1512.8507738617843,21.345595852038738,0.01921345427231144
-1510.4579642378303,21.346879320388055,0.019137756778246574
-1508.0651546138834,21.34821202280531,0.01906214675259009
-1505.6723449899364,21.349592338033222,0.018986678428638163
-1503.2795353659822,21.35101859045024,0.01891140165472246
-1500.8867257420352,21.352489051590638,0.018836361747751187
-1498.4939161180882,21.35400194177637,0.018761599363489513
-1496.101106494134,21.355555431862157,0.018687150384384524
-1493.708296870187,21.35714764509532,0.01861304582566285
-1491.31548724624,21.358776659091436,0.018539311760348082
-1488.9226776222858,21.360440507926555,0.018465969263751967
-1486.529867998339,21.362137184346473,0.018393034377889358
-1484.137058374392,21.363864642093258,0.018320518096154377
-1481.7442487504377,21.365620798348605,0.018248426368477507
-1479.3514391264907,21.367403536293452,0.018176760127059842
-1476.9586295025438,21.36921070778276,0.018105515332644744
-1474.5658198785895,21.3710401361338,0.018034683041163152
-1472.1730102546426,21.372889619025994,0.01796424949045024
-1469.7802006306956,21.374756931509776,0.017894196206594194
-1467.3873910067414,21.37663982912134,0.017824500129354832
-1464.9945813827944,21.378536051099726,0.017755133755956134
-1462.6017717588477,21.380443323702202,0.017686065302433142
-1460.2089621348932,21.382359363613055,0.017617258881611107
-1457.8161525109465,21.384281881440664,0.0175486746966683
-1455.4233428869993,21.386208585296963,0.01748026924915925
-1453.030533263045,21.388137184452866,0.017411995560277362
-1450.637723639098,21.390065393062557,0.0173438034040659
-1448.2449140151512,21.391990933949295,0.01727563955123131
-1445.852104391197,21.39391154244425,0.01720744802216422
-1443.45929476725,21.395824970269928,0.01713917034773945
-1441.066485143303,21.397728989458823,0.01707074583645612
-1438.6736755193488,21.399621396297533,0.017002111846468316
-1436.2808658954018,21.401500015286093,0.016933204061076984
-1433.8880562714548,21.403362703101866,0.016863956766262587
-1431.4952466475006,21.40520735255675,0.016794303128893195
-1429.1024370235536,21.407031896536264,0.016724175474278163
-1426.7096273996067,21.408834311908695,0.01665350556180144
-1424.3168177756525,21.410612623391994,0.016582224857436302
-1421.9240081517055,21.412364907366232,0.016510264802023614
-1419.5311985277583,21.414089295618947,0.016437557074275286
-1417.1383889038043,21.415783979010737,0.01636403384755881
-1414.745579279857,21.417447211048337,0.016289628039613303
-1412.3527696559104,21.419077311352535,0.016214273554437386
-1409.959960031956,21.42067266900825,0.016137905515705164
-1407.5671504080092,21.42223174578421,0.016060460491142
-1405.1743407840622,21.423753079210186,0.015981876707416187
-1402.781531160108,21.42523528549959,0.015902094255174016
-1400.388721536161,21.426677062305995,0.01582105528396053
-1397.9959119122068,21.428077191302442,0.01573870418683501
-1395.6031022882598,21.4294345405728,0.015654987774599862
-1393.2102926643129,21.43074806680528,0.015569855439603549
-1390.8174830403586,21.432016817278562,0.015483259309190487
-1388.4246734164117,21.433239931632055,0.015395154388895481
-1386.0318637924647,21.434416643412195,0.015305498695561323
-1383.6390541685105,21.435546281387854,0.015214253380596636
-1381.2462445445635,21.436628270628596,0.015121382843630701
-1378.8534349206166,21.437662133340602,0.015026854836857562
-1376.4606252966623,21.4386474894559,0.014930640560380603
-1374.0678156727154,21.439584056971626,0.014832714748889853
-1371.6750060487684,21.44047165203713,0.014733055750013263
-1369.2821964248142,21.441310188787547,0.014631645594675825
-1366.8893868008672,21.442099678923842,0.014528470059812471
-1364.4965771769205,21.442840231040115,0.01442351872374694
-1362.103767552966,21.44353204970019,0.014316785014557114
-1359.710957929019,21.444175434266416,0.014208266251708108
-1357.318148305072,21.44477077748484,0.014097963681205687
-1354.925338681118,21.445318563831684,0.01398588250451892
-1352.532529057171,21.445819367627244,0.013872031901460089
-1350.139719433224,21.446273850924126,0.013756425047179352
-1347.7469098092697,21.446682761177748,0.013639079123418243
-1345.3541001853227,21.447046928707724,0.013520015324105778
-1342.9612905613758,21.44736726395983,0.013399258855340618
-1340.5684809374216,21.44764475457857,0.013276838929789316
-1338.1756713134746,21.44788046230149,0.013152788755472234
-1335.7828616895276,21.44807551968667,0.013027145518873058
-1333.3900520655734,21.448231126685513,0.01289995036229462
-1330.9972424416264,21.448348547073344,0.01277124835531431
-1328.6044328176797,21.448429104750904,0.012641088460207587
-1326.2116231937252,21.448474179929896,0.012509523491130447
-1323.8188135697785,21.448485205216194,0.012376610066873291
-1321.426003945831,21.44846366160447,0.012242408556928722
-1319.033194321877,21.448411074398074,0.01210698302064126
-1316.64038469793,21.44832900906802,0.01197040113915474
-1314.2475750739832,21.44821906706502,0.011832734139863172
-1311.854765450029,21.448082881598353,0.011694056713086957
-1309.461955826082,21.44792211339514,0.011554446920645634
-1307.069146202135,21.44773844645352,0.011413986096019119
-1304.6763365781808,21.44753358380295,0.011272758735789474
-1302.2835269542338,21.447309243284344,0.011130852382030145
-1299.8907173302869,21.447067153362735,0.010988357495341258
-1297.4979077063326,21.44680904898443,0.01084536731821787
-1295.1050980823857,21.446536667490438,0.010701977728464292
-1292.7122884584314,21.446251744597227,0.010558287082359737
-1290.3194788344845,21.44595601045563,0.010414396047344641
-1287.9266692105375,21.44565118579804,0.01027040742395342
-1285.5338595865833,21.445338978183415,0.010126425956837506
-1283.1410499626363,21.44502107834925,0.009982558134687713
-1280.7482403386894,21.444699156678926,0.009838911978946147
-1278.3554307147351,21.444374859792315,0.0096955968212616
-1275.9626210907882,21.444049807266957,0.009552723069680627
-1273.5698114668412,21.443725588496388,0.009410401963670743
-1271.177001842887,21.44340375969187,0.009268745318142205
-1268.78419221894,21.4430858410328,0.009127865256754296
-1266.391382594993,21.442773313970868,0.008987873934897559
-1263.9985729710388,21.442467618692074,0.008848883252884824
-1261.605763347092,21.44217015174064,0.008711004560042016
-1259.212953723145,21.441882263807535,0.008574348350535369
-1256.8201440991909,21.441605257686614,0.008439023951994796
-1254.4273344752437,21.441340386400288,0.008305139208161741
-1252.0345248512967,21.441088851496126,0.008172800157030948
-1249.6417152273425,21.44085180151567,0.008042110706195591
-1247.2489056033955,21.440630330635756,0.007913172307337953
-1244.8560959794486,21.44042547748247,0.007786083632080352
-1242.4632863554943,21.4402382241174,0.007660940251664746
-1240.0704767315474,21.440069495195047,0.007537834323204666
-1237.6776671076004,21.439920157290366,0.007416854285482079
-1235.2848574836462,21.439791018394395,0.0072980845675303515
-1232.8920478596992,21.43968282757606,0.0071816053134353955
-1230.4992382357525,21.439596274807375,0.0070674921269520685
-1228.106428611798,21.439531990949256,0.006955815839698005
-1225.713618987851,21.439490547894454,0.006846642306706302
-1223.320809363904,21.43947245886408,0.006740032233140679
-1220.92799973995,21.439478178853516,0.006636041035887543
-1218.535190116003,21.439508105223442,0.006534718743525947
-1216.142380492056,21.43956257843121,0.0064361099379240715
-1213.7495708681015,21.439641882897508,0.00634025374027122
-1211.3567612441548,21.439746248002965,0.006247183843859856
-1208.9639516202078,21.439875849209038,0.006156928595281054
-1206.5711419962536,21.44003080929724,0.0060695111249534925
-1204.1783323723066,21.440211199720373,0.005984949527039541
-1201.7855227483597,21.440417042059373,0.005903257087862418
-1199.3927131244054,21.440648309578794,0.005824442560886731
-1196.9999035004585,21.440904928874126,0.005748510485275294
-1194.6070938765115,21.441186781603218,0.005675461543875059
-1192.2142842525573,21.441493706294843,0.005605292955414696
-1189.8214746286103,21.441825500226017,0.005537998894579648
-1187.4286650046631,21.442181921360497,0.005473570932625842
-1185.035855380709,21.44256269034008,0.005411998490270214
-1182.643045756762,21.442967492520324,0.005353269293810849
-1180.2502361328152,21.44339598004221,0.005297369824796426
-1177.857426508861,21.443847773930866,0.005244285753130125
-1175.464616884914,21.444322466212643,0.005194002343301178
-1173.071807260967,21.444819622041507,0.005146504823413709
-1170.6789976370128,21.445338781825605,0.0051017787070044346
-1168.2861880130658,21.445879463344966,0.0050598100581370625
-1165.8933783891189,21.44644116385099,0.005020585691098391
-1163.5005687651646,21.447023362138612,0.004984093297050932
-1161.1077591412177,21.447625520581752,0.0049503214913470235
-1158.7149495172707,21.44824708712303,0.004919259776729499
-1156.3221398933165,21.448887497208386,0.004890898419445092
-1153.9293302693695,21.44954617565767,0.0048652282371963815
-1151.5365206454226,21.45022253846218,0.004842240299951693
-1149.1437110214683,21.45091599450042,0.0048219255468099805
-1146.7509013975214,21.451625947163336,0.004804274324277145
-1144.3580917735671,21.45235179588078,0.004789275853495187
-1141.9652821496202,21.453092937540976,0.004776917636012657
-1139.5724725256732,21.45384876779513,0.0047671848095621324
-1137.179662901719,21.45461868223974,0.004760059466969854
-1134.786853277772,21.45540207746933,0.0047555199526297005
-1132.394043653825,21.456198351993024,0.0047535401519440985
-1130.0012340298708,21.457006907008385,0.0047540887896464325
-1127.608424405924,21.45782714702686,0.0047571287530470355
-1125.215614781977,21.458658480345456,0.00476261645578573
-1122.822805158023,21.45950031935969,0.004770501256892955
-1120.4299955340755,21.46035208071367,0.004780724948589467
-1118.0371859101288,21.461213185283622,0.004793221324670698
-1115.6443762861743,21.462083057991865,0.004807915839227507
-1113.2515666622276,21.46296112744871,0.004824725363271883
-1110.8587570382806,21.463846825420784,0.0048435580444309125
-1108.4659474143264,21.464739586124622,0.004864313272428019
-1106.0731377903794,21.465638845345318,0.004886881750692822
-1103.6803281664324,21.466544039380683,0.004911145672182321
-1101.2875185424782,21.46745460381216,0.004936978995440163
-1098.8947089185313,21.468369972104426,0.004964247815171927
-1096.5018992945843,21.469289574036566,0.004992810820150735
-1094.10908967063,21.470212833968322,0.005022519830159275
-1091.716280046683,21.471139168945847,0.005053220402920393
-1089.323470422736,21.472067986652107,0.005084752501524417
-1086.930660798782,21.47299868320804,0.005116951212770333
-1084.537851174835,21.473930640831167,0.00514964750698586
-1082.145041550888,21.474863225359396,0.005182669030292244
-1079.7522319269335,21.475795783648422,0.005215840920858092
-1077.3594223029868,21.47672764085187,0.005248986641406704
-1074.9666126790398,21.47765809759448,0.005281928821066679
-1072.5738030550856,21.478586427048782,0.005314490100510654
-1070.1809934311386,21.4795118719272,0.005346493975191773
-1067.7881838071917,21.480433641401742,0.005377765632381715
-1065.3953741832374,21.481350907964362,0.005408132778518599
-1063.0025645592905,21.48226280424188,0.005437426454125639
-1060.6097549353435,21.48316841977997,0.005465481834272923
-1058.2169453113893,21.484066797811323,0.005492139013140927
-1055.8241356874423,21.4849569320239,0.005517243771784892
-1053.4313260634954,21.48583776334575,0.005540648328631315
-1051.0385164395411,21.486708176763397,0.005562212072575482
-1048.6457068155942,21.487566998191546,0.005581802278840723
-1046.2528971916472,21.488412991412144,0.0055992948079328945
-1043.860087567693,21.48924485510149,0.005614574788141367
-1041.467277943746,21.490061219964637,0.005627537282069501
-1039.0744683197918,21.49086064599636,0.005638087937681653
-1036.6816586958448,21.491641619888703,0.005646143624181518
-1034.288849071898,21.492402552605355,0.005651633052965055
-1031.8960394479436,21.493141777142974,0.005654497383550441
-1029.503229823997,21.493857546500415,0.005654690814139406
-1027.1104202000497,21.494548031876214,0.005652181156032864
-1024.7176105760957,21.495211321115352,0.005646950390652075
-1022.3248009521484,21.49584541742573,0.005638995207296563
-1019.9319913282015,21.496448238385085,0.00562832751913614
-1017.5391817042472,21.497017615258514,0.005614974954052141
-1015.1463720803004,21.49755129264667,0.005598981316030751
-1012.7535624563534,21.498046928484136,0.005580407011688736
-1010.3607528323992,21.49850209440685,0.005559329435261939
-1007.9679432084522,21.498914276506955,0.005535843303925029
-1005.5751335845052,21.499280876492467,0.005510060933703559
-1003.182323960551,21.499599213268127,0.005482112444429576
-1000.789514336604,21.499866524952964,0.005452145880204546
-998.3967047126572,21.50007997134857,0.005420327229691883
-996.0038950887028,21.50023663687061,0.005386840328351632
-993.611085464756,21.500333533954866,0.005351886622390994
-991.2182758408088,21.50036760694687,0.00531568477200982
-988.8254662168548,21.500335736482636,0.005278470069455491
-986.4326565929076,21.50023474436557,0.00524049364573069
-984.0398469689608,21.50006139894274,0.005202021438713162
-981.6470373450064,21.499812420980714,0.005163332895261683
-979.2542277210596,21.4994844900391,0.0051247193808397476
-976.8614180971126,21.499074251336832,0.005086482272786266
-974.4686084731584,21.498578323103263,0.00504893071778752
-972.0757988492114,21.497993304403394,0.005012379040885837
-969.6829892252644,21.497315783423073,0.004977143802612505
-967.2901796013102,21.496542346196865,0.004943540512860403
-964.8973699773632,21.495669585757934,0.0049118800246753715
-962.5045603534164,21.49469411168578,0.0048824646481844865
-960.111750729462,21.49361256002438,0.004855584043457383
-957.7189411055152,21.492421603539647,0.004831510970490659
-955.3261314815682,21.491117962281777,0.0048104969932139295
-952.933321857614,21.489698414414836,0.004792768250866269
-950.540512233667,21.48815980727246,0.004778521422523481
-948.14770260972,21.48649906859552,0.004767920017261022
-945.7548929857658,21.484713217904847,0.004761091121944114
-943.3620833618188,21.482799377959047,0.004758122730014739
-940.9692737378718,21.480754786245285,0.004759061757801142
-938.5764641139176,21.478576806448675,0.004763912830273821
-936.1836544899706,21.476262939843977,0.004772637887574383
-933.7908448660236,21.473810836552023,0.0047851566290574065
-931.3980352420696,21.47121830660208,0.004801347775902515
-929.0052256181224,21.468483330740938,0.004821051099322415
-926.6124159941756,21.465604070929103,0.0048440701316747915
-924.2196063702212,21.462578880465088,0.004870175454399615
-921.8267967462745,21.459406313679466,0.004899108441121494
-919.4339871223274,21.456085135141407,0.004930585326649198
-917.0411774983731,21.45261432832303,0.004964301472964393
-914.6483678744262,21.44899310366834,0.004999935710227571
-912.2555582504792,21.445220906016914,0.00503715464322656
-909.862748626525,21.44129742133573,0.005075616829477316
-907.469939002578,21.43722258271621,0.005114976753084382
-905.0771293786312,21.432996575597674,0.005154888536610392
-902.6843197546768,21.428619842183338,0.00519500935066072
-900.2915101307299,21.424093085019482,0.0052350024965820445
-897.8987005067829,21.419417269713772,0.005274540151243462
-895.5058908828287,21.414593626774526,0.0053133057739133205
-893.1130812588817,21.409623652557766,0.005350996183853288
-890.7202716349275,21.404509109315047,0.005387323323598525
-888.3274620109805,21.399252024340885,0.005422015727162312
-885.9346523870336,21.39385468822427,0.0054548197150215486
-883.5418427630793,21.388319652214484,0.0054855003389779385
-881.1490331391324,21.382649724717453,0.0055138421002113676
-878.7562235151854,21.376847966943618,0.00553964946327567
-876.3634138912312,21.370917687734227,0.005562747187767976
-873.9706042672842,21.364862437597488,0.005582980498002402
-871.5777946433373,21.358686001990318,0.005600215109543279
-869.184985019383,21.352392393886326,0.005614337129812582
-866.7921753954361,21.34598584567368,0.005625252848498021
-864.3993657714891,21.339470800430007,0.005632888431970711
-862.0065561475349,21.332851902624657,0.005637189534570331
-859.6137465235879,21.32613398830044,0.0056381208383763605
-857.220936899641,21.31932207478888,0.005635665531918132
-854.8281272756867,21.312421350014787,0.005629824737283815
-852.4353176517398,21.305437161446058,0.005620616894167205
-850.0425080277928,21.298375004745402,0.005608077108538695
-847.6496984038386,21.291240512180337,0.005592256472868505
-845.2568887798916,21.284039440847508,0.005573221364130765
-842.8640791559446,21.276777660765486,0.005551052725122126
-840.4712695319904,21.269461142890012,0.005525845334014211
-838.0784599080434,21.262095947102907,0.005497707066384588
-835.6856502840965,21.25468821022385,0.00546675815339624
-833.2928406601422,21.247244134092504,0.005433130439109923
-830.9000310361953,21.239769973765064,0.005396966639321728
-828.5072214122483,21.23227202586652,0.005358419603614702
-826.1144117882941,21.224756617137704,0.005317651581681478
-823.7216021643471,21.217230093211967,0.005274833494254775
-821.3287925404002,21.209698807653652,0.0052301442082788654
-818.9359829164459,21.202169111287475,0.005183769815257242
-816.543173292499,21.19464734184411,0.0051359029109703655
-814.150363668552,21.187139813944075,0.005086741874048394
-811.7575540445978,21.17965280943934,0.005036490140219453
-809.3647444206508,21.17219256812815,0.00498535546838885
-806.9719347967039,21.164765278855754,0.004933549194134238
-804.5791251727496,21.157377071011098,0.004881285465759552
-802.1863155488027,21.150034006426402,0.004828780457673195
-799.7935059248557,21.14274207168346,0.004776251555740392
-797.4006963009015,21.135507170829086,0.004723916509292348
-795.0078866769545,21.128335118498654,0.004671992544839566
-792.6150770530076,21.121231633445,0.004620695437177138
-790.2222674290533,21.114202332468107,0.0045702385345969656
-787.8294578051064,21.107252724738895,0.004520831736364925
-785.4366481811521,21.100388206508715,0.004472680422447291
-783.0438385572052,21.093614056195268,0.004425984337798384
-780.6510289332582,21.086935429833538,0.004380936436185255
-778.258219309304,21.080357356880032,0.004337721691611998
-775.865409685357,21.073884736357275,0.004296515888710943
-773.47260006141,21.06752233332446,0.0042574844069248234
-771.0797904374558,21.06127477566029,0.004220781016692392
-768.6869808135089,21.055146551142858,0.004186546708991293
-766.2941711895619,21.049142004811156,0.004154908582232265
-763.9013615656077,21.04326533659315,0.004125978812369741
-761.5085519416607,21.037520599184365,0.004099853733011926
-759.1157423177137,21.03191169616156,0.004076613052031273
-756.7229326937595,21.026442380316006,0.004056319229596308
-754.3301230698125,21.021116252190936,0.004039017039575084
-751.9373134458656,21.01593675880799,0.004024733332035407
-749.5445038219113,21.010907192567984,0.00401347700912223
-747.1516941979644,21.006030690311842,0.004005239220341979
-744.7588845740174,21.001310232527153,0.003999993776429312
-742.3660749500632,20.99674864268766,0.003997697774042229
-739.9732653261162,20.992348586712357,0.003998292416862235
-737.5804557021693,20.988112572531982,0.004001704012704417
-735.187646078215,20.984042949751355,0.004007845121333871
-732.7948364542681,20.980141909396547,0.00401661582400823
-730.4020268303211,20.976411483736257,0.0040279050835889734
-728.0092172063669,20.97285354616814,0.004041592163306088
-725.6164075824199,20.96946981116089,0.004057548072890585
-723.223597958473,20.96626183424379,0.004075637012690876
-720.8307883345187,20.96323101203648,0.004095717789207314
-718.4379787105718,20.96037858231193,0.004117645179096651
-716.0451690866248,20.95770562408671,0.004141271222709459
-713.6523594626706,20.9552130577333,0.004166446432447035
-711.2595498387236,20.95290164510991,0.004193020905383038
-708.8667402147767,20.950771989703945,0.004220845333517035
-706.4739305908224,20.948824536786272,0.004249771908592321
-704.0811209668755,20.947059573573927,0.004279655121444694
-701.6883113429285,20.945477229399813,0.004310352458454516
-699.2955017189743,20.944077475888516,0.004341724999652017
-696.9026920950273,20.942860127138527,0.004373637924589893
-694.5098824710803,20.94182483991132,0.004405960933116396
-692.1170728471261,20.940971113828994,0.004438568588846337
-689.7242632231792,20.94029829158267,0.0044713405934128665
-687.3314535992322,20.939805559154628,0.0045041619995839855
-684.938643975278,20.939491946057995,0.00453692337112203
-682.545834351331,20.93935632559839,0.004569520896861993
-680.153024727384,20.939397415162727,0.004601856465979719
-677.7602151034298,20.9396137765412,0.004633837710839689
-675.3674054794828,20.940003816288936,0.004665378023152423
-672.9745958555359,20.940565786134883,0.004696396548550924
-670.5817862315816,20.941297783445712,0.004726818164012714
-668.1889766076347,20.942197751753675,0.004756573441934871
-665.7961669836877,20.94326348135765,0.004785598604059148
-663.4033573597335,20.944492610007536,0.004813835467872475
-661.0105477357865,20.945882623682447,0.0048412313875567
-658.6177381118396,20.947430857474085,0.004867739191092973
-656.2249284878853,20.949134496587103,0.004893317114643105
-653.8321188639384,20.95099057746852,0.004917928734922377
-651.4393092399914,20.952995989079284,0.00494154289989417
-649.0464996160372,20.955147474321,0.004964133657770934
-646.6536899920902,20.957441631631397,0.004985680183976276
-644.2608803681433,20.959874916762615,0.005006166705450291
-641.868070744189,20.962443644756256,0.005025582421409922
-639.4752611202421,20.965143992129576,0.005043921419441589
-637.0824514962878,20.967971999287368,0.005061182585604564
-634.6896418723409,20.970923573173703,0.0050773695070301435
-632.2968322483939,20.973994490178036,0.005092490365346745
-629.9040226244397,20.97718039930964,0.005106557819141635
-627.5112130004927,20.980476825654133,0.00511958887354434
-625.1184033765458,20.983879174125555,0.005131604734983646
-622.7255937525915,20.987382733526523,0.005142630649092071
-620.3327841286446,20.990982680928532,0.005152695719767109
-617.9399745046976,20.99467408638368,0.005161832707420664
-615.5471648807434,20.998451917977683,0.005170077804550669
-613.1543552567964,21.002311047233164,0.005177470386889171
-610.7615456328494,21.006246254870966,0.0051840527385892555
-608.3687360088952,21.010252236935273,0.005189869750153387
-605.9759263849483,21.014323611286922,0.005194968588114225
-603.5831167610013,21.018454924467633,0.005199398335846428
-601.1903071370471,21.022640658935295,0.005203209605334034
-598.7974975131001,21.026875240668655,0.005206454120188111
-596.4046878891531,21.03115304713748,0.005209184270797996
-594.0118782651989,21.035468415631218,0.005211452643069429
-591.6190686412519,21.039815651937136,0.005213311522885835
-589.226259017305,21.044189039355714,0.005214812379104848
-586.8334493933507,21.048582848038343,0.005216005328608406
-584.4406397694038,21.05299134462919,0.005216938587659061
-582.0478301454568,21.057408802190324,0.005217657914500518
-579.6550205215026,21.061829510385753,0.005218206048830499
-577.2622108975556,21.066247785896863,0.005218622154375934
-574.8694012736087,21.07065798303897,0.005218941271346825
-572.4765916496544,21.075054504544983,0.005219193785982185
-570.0837820257075,21.079431812479573,0.005219404924709625
-567.6909724017605,21.083784439244155,0.005219594280616829
-565.2981627778063,21.08810699863002,0.005219775379932184
-562.9053531538593,21.092394196874384,0.005219955296069655
-560.5125435299124,21.09664084367195,0.005220134318427897
-558.1197339059581,21.10084186309186,0.005220305682637772
-555.7269242820112,21.104992304348443,0.005220455368243724
-553.3341146580642,21.10908735237247,0.0052205619689689115
-550.94130503411,21.113122338128406,0.005220596639696809
-548.548495410163,21.117092748621978,0.0052205231232144884
-546.155685786216,21.120994236542824,0.005220297858551315
-543.7628761622618,21.124822629485813,0.005219870171499181
-541.3700665383149,21.128573938696135,0.005219182546622813
-538.9772569143606,21.13224436728355,0.005218170978820011
-536.5844472904137,21.135830317852818,0.005216765401287443
-534.1916376664667,21.139328399499313,0.0052148901856114
-531.7988280425125,21.1427354341209,0.005212464708721548
-529.4060184185655,21.14604846200021,0.0052094039805297455
-527.0132087946185,21.149264746614705,0.005205619325396096
-524.6203991706643,21.152381778635437,0.005201019109966996
-522.2275895467174,21.155397279079736,0.00519550950956236
-519.8347799227704,21.15830920158722,0.005188995305063538
-517.4419702988162,21.16111573379353,0.005181380702198891
-515.0491606748692,21.163815297781262,0.005172570165215013
-512.6563510509222,21.16640654959234,0.005162469257176993
-510.263541426968,21.168888377792257,0.005150985479494046
-507.87073180302104,21.171259901081473,0.005138029103744751
-505.4779221790741,21.17352046495531,0.0051235139894268
-503.08511255511985,21.175669637418974,0.005107358381895067
-500.6923029311729,21.177707203770254,0.005089485685408291
-498.29949330722593,21.179633160467425,0.005069825206913166
-495.9066836832717,21.18144770810564,0.005048312866917742
-493.51387405932473,21.183151243529643,0.005024891874471736
-491.1210644353778,21.18474435111599,0.004999513364026452
-488.72825481142354,21.18622779326216,0.004972136992512982
-486.3354451874766,21.187602500123816,0.004942731495654422
-483.9426355635296,21.188869558646168,0.004911275203025764
-481.5498259395754,21.190030200937613,0.0048777565118815515
-479.1570163156284,21.191085792037892,0.004842174320136805
-476.76420669168147,21.19203781713495,0.0048045384192285006
-474.3713970677272,21.192887868286817,0.004764869847761253
-471.9785874437802,21.19363763070715,0.0047232012069630975
-469.5857778198333,21.19428886867354,0.004679576938909521
-467.1929681958791,21.194843411119187,0.004634053568359998
-464.8001585719321,21.195303136968903,0.0045866999086865935
-462.4073489479851,21.195669960280433,0.004537597231899151
-460.0145393240309,21.19594581525197,0.004486839402111235
-457.621729700084,21.196132641156247,0.00443453297088247
-455.228920076137,21.196232367260883,0.004380797231769342
-452.8361104521828,21.196246897793397,0.004325764230049741
-450.4433008282358,21.196178097008413,0.00426957872197499
-448.0504912042889,21.196027774412936,0.004212398075966702
-445.6576815803346,21.1957976702041,0.004154392106022809
-443.2648719563877,21.195489440972462,0.004095742825146215
-440.8720623324407,21.195104645721614,0.004036644103889389
-438.47925270848646,21.194644732253924,0.003977301216342431
-436.0864430845395,21.194111023970006,0.003917930252938239
-433.69363346059254,21.193504707127833,0.0038587573766866654
-431.3008238366383,21.192826818606193,0.0038000178970398106
-428.90801421269134,21.192078234215177,0.0037419551337405316
-426.5152045887444,21.19125965759497,0.0036848190422996323
-424.12239496479015,21.190371609743153,0.003628864573427933
-421.7295853408432,21.189414419209132,0.0035743497415438854
-419.3367757168962,21.18838821299287,0.003521533382771004
-416.943966092942,21.187292908184823,0.0034706725912590493
-414.55115646899503,21.186128204381934,0.003422019834634045
-412.1583468450481,21.184893576914554,0.003375819764895729
-409.76553722109384,21.183588270917447,0.003332305760298773
-407.3727275971469,21.182211296277906,0.0032916962556319234
-404.9799179731999,21.18076142349266,0.0032541909419896665
-402.5871083492457,21.179237180464817,0.003219966940505986
-400.1942987252987,21.177636850270577,0.0031891750754669524
-397.80148910135176,21.175958469925508,0.003161936387873567
-395.4086794773975,21.17419983017784,0.0031383390383290734
-393.01586985345057,21.172358476355832,0.0031184357458317194
-390.6230602295036,21.170431710294636,0.0031022418951758635
-388.2302506055494,21.168416593365905,0.0030897344203863427
-385.8374409816024,21.16630995063217,0.0030808515360767354
-383.4446313576482,21.164108376144558,0.0030754933459321426
-381.0518217337012,21.161808239401065,0.0030735233115440786
-378.65901210975426,21.15940569297813,0.0030747705201328076
-376.2662024858,21.156896681345536,0.0030790326506230374
-373.87339286185306,21.15427695087024,0.0030860795076271303
-371.4805832379061,21.15154206101021,0.003095656974394988
-369.08777361395187,21.14868739669435,0.0031074912292694394
-366.6949639900049,21.145708181878785,0.003121293074973843
-364.30215436605795,21.142599494263745,0.0031367622441036518
-361.9093447421037,21.139356281148636,0.0031535915648151017
-359.51653511815675,21.13597337639572,0.003171470895117902
-357.1237254942098,21.132445518464934,0.0031900907595548735
-354.73091587025556,21.12876736947462,0.0032091456462644036
-352.3381062463086,21.12493353523447,0.003228336943858084
-349.94529662236164,21.120938586187947,0.003247375515273652
-347.5524869984074,21.116777079192847,0.0032659839193980426
-345.15967737446044,21.112443580059704,0.0032838983009516737
-342.7668677505135,21.107932686757845,0.003300869975182251
-340.37405812655925,21.103239053191466,0.003316666737027202
-337.9812485026123,21.098357413437824,0.0033310739250787865
-335.58843887866533,21.093282606332416,0.003343895269637099
-333.1956292547111,21.088009600277772,0.0033549535519013067
-330.80281963076413,21.082533518145862,0.003364091098364339
-328.4100100068172,21.07684966213685,0.0033711701311548406
-326.01720038286294,21.0709535384533,0.003376072991699397
-323.624390758916,21.06484088164289,0.0033787022517639213
-321.231581134969,21.058507678461556,0.0033789807229626743
-318.8387715110148,21.051950191105917,0.0033768513731130055
-316.4459618870678,21.045164979665135,0.003372277155495261
-314.05315226312086,21.03814892364246,0.0033652407551082292
-311.66034263916663,21.030899242400945,0.003355744254406684
-309.26753301521967,21.023413514392054,0.003343808719715098
-306.8747233912727,21.015689695031806,0.003329473708483574
-304.4819137673185,21.007726133097897,0.0033127966968043016
-302.0891041433715,20.99952158553048,0.003293852426035616
-299.69629451942455,20.991075230529365,0.003272732166992447
-297.3034848954703,20.98238667885471,0.0032495428999210745
-294.91067527152336,20.973455983249995,0.0032244064083615694
-292.5178656475764,20.964283645921707,0.003197458284982727
-290.12505602362216,20.954870624025627,0.0031688468476007256
-287.7322463996752,20.945218333125755,0.003138731963807821
-285.33943677572097,20.93532864860813,0.0031072837830450023
-282.946627151774,20.925203905049685,0.0030746813755009057
-280.55381752782705,20.91484689355789,0.003041111278048471
-278.1610079038728,20.904260857114636,0.0030067659485465527
-275.76819827992585,20.893449483973185,0.0029718421312892717
-273.3753886559789,20.88241689917256,0.002936539138322117
-270.98257903202466,20.87116765424852,0.002901057053730008
-268.5897694080777,20.859706715233514,0.0028655948709413468
-266.19695978413074,20.848039449049477,0.0028303485765604278
-263.8041501601765,20.83617160840929,0.00279550919821754
-261.41134053622955,20.82410931535107,0.002761260838279598
-259.0185309122826,20.811859043536572,0.0027277787198609973
-256.62572128832835,20.79942759945258,0.0026952272761229887
-254.2329116643814,20.78682210265696,0.0026637583180326974
-251.84010204043443,20.774049965213834,0.002633509319180365
-249.4472924164802,20.761118870464415,0.0026046018584603117
-247.05448279253324,20.74803675127852,0.0025771402620291105
-244.66167316858628,20.734811767929394,0.002551210484506775
-242.26886354463204,20.72145228573268,0.0025268792657317622
-239.87605392068508,20.707966852584093,0.0025041935932960053
-237.48324429673812,20.694364176525013,0.00248318049281441
-235.09043467278389,20.68065310345911,0.00246384715766811
-232.69762504883693,20.666842595134995,0.0024461814184195637
-230.30481542488997,20.65294170750086,0.002430152539975997
-227.91200580093573,20.638959569530016,0.0024157123226564033
-225.51919617698877,20.624905362605706,0.002402796472501134
-223.1263865530418,20.610788300543895,0.0023913261972046376
-220.7335769290876,20.596617610324714,0.002381209977500871
-218.34076730514064,20.582402513592264,0.002372345460074912
-215.94795768119369,20.568152208973224,0.0023646214172343104
-213.55514805723945,20.55387585525662,0.0023579197204033893
-211.1623384332925,20.539582555467106,0.0023521172787490468
-208.7695288093455,20.52528134185557,0.0023470879002839657
-206.37671918539127,20.510981161824237,0.002342704040104151
-203.9839095614443,20.496690864794534,0.002338838408341382
-201.59109993749735,20.482419190018945,0.002335365418415018
-199.1982903135431,20.46817475533328,0.002332162463792495
-196.80548068959615,20.453966046838364,0.0023291110183446314
-194.4126710656492,20.439801409495033,0.0023260975612792697
-192.01986144169496,20.42568903861304,0.0023230143324776686
-189.627051817748,20.411636972209077,0.0023197599277575455
-187.23424219380104,20.397653084205704,0.0023162397462556305
-184.8414325698468,20.383745078441144,0.0023123663038351096
-182.44862294589984,20.3699204834564,0.0023080594273076935
-180.05581332195288,20.356186648024135,0.002303246344502575
-177.66300369799865,20.34255073738347,0.002297861684903003
-175.2701940740517,20.32901973014257,0.002291847404892512
-172.87738445010473,20.315600415810383,0.002285152650703249
-170.4845748261505,20.302299392919426,0.002277733571033248
-168.09176520220353,20.28912306770063,0.002269553090093677
-165.69895557825657,20.276077653271404,0.002260580650627948
-163.30614595430234,20.26316916929967,0.002250791935223058
-160.91333633035538,20.250403442106354,0.0022401685731124
-158.52052670640842,20.237786105169608,0.002228697838573348
-156.12771708245418,20.225322599996286,0.0022163723460752803
-153.73490745850722,20.213018177326205,0.0022031897464316478
-151.34209783456026,20.200877898636186,0.00218915242744359
-148.94928821060603,20.18890663791311,0.002174267221827659
-146.55647858665907,20.17710908366573,0.0021585451246241313
-144.1636689627121,20.16548974114643,0.0021420010217596563
-141.77085933875787,20.154052934756645,0.0021246534309950623
-139.3780497148109,20.142802810610164,0.0021065242561104625
-136.98524009085668,20.131743339229914,0.0020876385548457017
-134.59243046690972,20.120878318356784,0.002068024320847677
-132.19962084296276,20.11021137584836,0.002047712279633789
-129.80681121900852,20.099745972648847,0.002026735698379309
-127.41400159506156,20.08948540581175,0.0020051302091661704
-125.0211919711146,20.079432811558107,0.001982933645171672
-122.62838234716035,20.06959116835541,0.0019601858891426633
-120.2355727232134,20.059963300002607,0.0019369287333782152
-117.84276309926643,20.050551878707875,0.0019132057503165804
-115.4499534753122,20.041359428147704,0.0018890621727197757
-113.05714385136524,20.03238832649623,0.001864544782324767
-110.6643342274183,20.02364080941468,0.0018397018057175582
-108.27152460346406,20.015118972992592,0.0018145828160589367
-105.8787149795171,20.00682477663258,0.001789238639167656
-103.48590535557014,19.998760045871308,0.001763721262318426
-101.0930957316159,19.990926475130838,0.0017380837439728508
-98.70028610766894,19.98332563039459,0.0017123801225041816
-96.30747648372198,19.975958951802813,0.0016866653218186626
-93.91466685976776,19.96882775616382,0.0016609950516118172
-91.5218572358208,19.96193323937714,0.0016354256998511007
-89.12904761187383,19.955276478765466,0.0016100142149264457
-86.7362379879196,19.948858435313195,0.0015848179747971394
-84.34342836397263,19.942679955809332,0.001559894640383492
-81.95061874002567,19.936741774893175,0.0015353019904251702
-79.55780911607144,19.931044517001784,0.001511097735082741
-77.16499949212448,19.92558869821848,0.001487339305703827
-74.77218986817752,19.92037472802169,0.0014640836184452756
-72.37938024422328,19.915402910934496,0.0014413868098602594
-69.98657062027632,19.910673448074903,0.0014193039431465617
-67.59376099632937,19.90618643860726,0.0013978886845234196
-65.20095137237513,19.901941881095958,0.001377192950189406
-62.80814174842817,19.897939674762213,0.0013572665254893543
-60.41533212448121,19.894179620645296,0.0013381566592896683
-58.022522500526975,19.890661422669822,0.001319907638096721
-55.629712876580015,19.88738468862077,0.0013025603460732657
-53.236903252633056,19.884348931028146,0.0012861518187805006
-50.84409362867882,19.881553567963543,0.0012707148000477356
-48.45128400473186,19.878997923750877,0.001256277312780968
-46.0584743807849,19.876681229593785,0.0012428622555905923
-43.665664756830665,19.874602624122467,0.0012304870377650421
-41.272855132883706,19.872761153862854,0.001219163265192596
-38.880045508936746,19.871155773631088,0.0012088964892733452
-36.48723588498251,19.869785346856684,0.0011996860296223653
-34.09442626103555,19.868648645837744,0.0011915248794549978
-31.701616637081315,19.867744351931833,0.0011843997000398657
-29.308807013134356,19.86707105568639,0.001178290907639066
-26.915997389187396,19.86662725691262,0.0011731728531055106
-24.52318776523316,19.866411364707055,0.001169014090986195
-22.1303781412862,19.866421697425313,0.0011657777318219355
-19.73756851733924,19.866656482612488,0.001163421868529815
-17.344758893385006,19.867113856895152,0.0011619000655060743
-14.951949269438046,19.867791865839955,0.0011611618974920349
-12.559139645491086,19.868688463784103,0.0011611535243979565
-10.16633002153685,19.869801513643278,0.0011618182881449628
-7.773520397589891,19.871128786702705,0.001163097318128606
-5.380710773642932,19.872667962397465,0.001164930133025494
-2.987901149688696,19.874416628088188,0.0011672552282000351
-0.5950915257417364,19.876372278838808,0.0011700106397989748
1.7977180982052232,19.878532317203064,0.001173134478594318
4.190527722159459,19.88089405302687,0.0011765654286088301
6.583337346106418,19.88345470327385,0.0011802432074344837
8.976146970053378,19.886211391881695,0.001184108986855485
11.368956594007614,19.88916114965724,0.001188105773845676
13.761766217954571,19.892300914218282,0.001192178753206626
16.154575841901533,19.895627529990808,0.001196275594045575
18.54738546585577,19.899137748270125,0.0012003467229580094
20.940195089802728,19.902828227354863,0.0012043455672103777
23.333004713749688,19.906695532763205,0.0012082287714380619
25.725814337703923,19.910736137540578,0.0012119563914271994
28.118623961650883,19.914946422668436,0.0012154920684333962
30.51143358559784,19.919322677584308,0.0012188031872813494
32.90424320955208,19.92386110082258,0.0012218610211803187
35.29705283349904,19.928557800786596,0.001224640865807012
37.689862457446,19.933408796662185,0.0012271221647765656
40.08267208140023,19.93841001948297,0.0012292886281546748
42.47548170534719,19.943557313357722,0.0012311283451455276
44.86829132929415,19.948846436870454,0.0012326338915663545
47.26110095324839,19.95427306466318,0.0012338024321468981
49.65391057719535,19.95983278921179,0.0012346358171009572
52.04672020114231,19.96552112280515,0.0012351406718042785
54.43952982509654,19.971333499736932,0.0012353284777469563
56.8323394490435,19.97726527871999,0.0012352156422587946
59.22514907299046,19.983311745532347,0.0012348235537796412
61.6179586969447,19.98946811590332,0.0012341786187219405
64.01076832089166,19.99572953864812,0.0012333122752144232
66.40357794483862,20.00209109905853,0.0012322609782656798
68.79638756879285,20.008547822556185,0.0012310661501787235
71.18919719273981,20.01509467861475,0.0012297740893898385
73.58200681668677,20.021726584956163,0.0012284358303676643
75.974816440641,20.02843841202488,0.001227106946841977
78.36762606458797,20.035224987743234,0.001225847290518865
80.76043568853493,20.04208110255002,0.001224720657627229
83.15324531248916,20.04900151472261,0.0012237943762703155
85.54605493643612,20.055980955981656,0.0012231388086588865
87.93886456038308,20.063014137376822,0.001222826763985456
90.33167418433732,20.070095755448758,0.0012229328200139048
92.72448380828428,20.077220498662506,0.001223532554407936
95.11729343223124,20.084383054104972,0.001224701690379859
97.51010305618549,20.091578114437297,0.0012265151653278567
99.90291268013245,20.09880038509138,0.0012290461355368158
102.2957223040794,20.106044591697994,0.0012323649345263525
104.68853192803364,20.113305487731466,0.0012365380069259387
107.0813415519806,20.12057786235455,0.00124162684344953
109.47415117592756,20.1278565484449,0.0012476869452988219
111.86696079988178,20.13513643078236,0.0012547668477599881
114.25977042382874,20.14241245437494,0.0012629072326246634
116.6525800477757,20.149679632898945,0.0012721401572290598
119.04538967172994,20.15693305722721,0.0012824884243379758
121.4381992956769,20.16416790401734,0.001293965112014859
123.83100891962386,20.171379444331045,0.0013065732763500953
126.22381854357808,20.178563052252983,0.0013203058329201386
128.61662816752505,20.185714213477084,0.0013351456156537043
131.0094377914793,20.192828533827132,0.0013510656049611244
133.40224741542625,20.199901747676606,0.001368029310975811
135.7950570393732,20.206929726233167,0.001385991292983235
138.18786666332744,20.213908485651533,0.0014048977927621949
140.5806762872744,20.22083419493874,0.0014246874577487204
142.97348591122136,20.227703183615933,0.001445292129545974
145.3662955351756,20.234511949100305,0.0014666376742002007
147.75910515912256,20.24125716377173,0.0014886448325450027
150.15191478306951,20.247935681689633,0.0015112300715322134
152.54472440702375,20.25454454492591,0.001534306420473728
154.9375340309707,20.26108098948144,0.0015577842792782596
157.33034365491767,20.26754245075573,0.001581572188876315
159.7231532788719,20.273926568539853,0.0016055775568637827
162.11596290281886,20.28023119150615,0.0016297073339231417
164.50877252676582,20.286454381169886,0.0016538686386947164
166.90158215072006,20.29259441530032,0.0016779693304769395
169.29439177466702,20.298649790762134,0.0017019185304341146
171.68720139861398,20.304619225770434,0.0017256270929552186
174.0800110225682,20.310501661545803,0.0017490080294290775
176.47282064651515,20.316296263359174,0.0017719768870911041
178.86563027046213,20.322002420959294,0.0017944520857843592
181.25843989441637,20.327619748379472,0.0018163552154933777
183.65124951836333,20.333148083122648,0.0018376112974405653
186.0440591423103,20.338587484728443,0.001858149011382864
188.43686876626452,20.343938232728206,0.0018779008915501432
190.82967839021148,20.34920082399768,0.0018968034934602415
193.22248801415844,20.354375969520493,0.0019147975336359945
195.61529763811268,20.359464590577726,0.0019318280040359433
198.00810726205964,20.364467814382884,0.0019478442628471729
200.4009168860066,20.369386969183566,0.0019628001031110464
202.79372650996083,20.37422357885373,0.001976653800521269
205.1865361339078,20.37897935700286,0.001989368141632938
207.57934575786203,20.38365620063074,0.002000910433624326
209.972155381809,20.388256183357427,0.0020112524966853515
212.36496500575595,20.392781548260576,0.0020203706400762703
214.75777462971016,20.397234700352872,0.002028245622852026
217.15058425365712,20.401618198733544,0.0020348626002412162
219.5433938776041,20.405934748448644,0.0020402110566573677
221.9362035015583,20.410187192095194,0.0020442847263228412
224.3290131255053,20.414378501204485,0.002047081502484045
226.72182274945223,20.418511767439725,0.0020486033362150176
229.1146323734065,20.422590193642854,0.0020488561257984133
231.50744199735345,20.426617084764825,0.0020478495976970898
233.9002516213004,20.430595838713025,0.002045597180109699
236.29306124525465,20.434529937148014,0.0020421158701322065
238.6858708692016,20.438422936261,0.002037426095511129
241.07868049314857,20.442278457562438,0.0020315515719840685
243.4714901171028,20.446100178709703,0.0020245191571806403
245.86429974104976,20.449891824400737,0.002016358702022653
248.25710936499672,20.453657157359416,0.0020071029005479363
250.64991898895096,20.457399969435343,0.001996787139030784
253.04272861289792,20.461124072839805,0.0019854493452285764
255.43553823684488,20.464833291537644,0.0019731298385408315
257.8283478607991,20.46853145281237,0.0019598711817934546
260.2211574847461,20.472222379020504,0.0019457180353007325
262.61396710869303,20.475909879548862,0.0019307170137799437
265.00677673264727,20.47959774298649,0.001914916546618175
267.3995863565942,20.483289729521662,0.001898366741883314
269.7923959805412,20.486989563571733,0.0018811192543860445
272.1852056044954,20.4907009266527,0.0018632271579973084
274.5780152284424,20.49442745049269,0.0018447448222842055
276.97082485238934,20.498172710393675,0.0018257277934406505
279.3636344763436,20.50194021884181,0.0018062326793200415
281.75644410029054,20.505733419367544,0.0017863170382632068
284.1492537242375,20.509555680654678,0.0017660392712424526
286.54206334819173,20.5134102908953,0.0017454585167134618
288.9348729721387,20.517300452388337,0.0017246345473671217
291.32768259608565,20.521229276376932,0.0017036276678383945
293.7204922200399,20.52519977811952,0.001682498612237742
296.11330184398685,20.529214872189147,0.0016613084402118507
298.5061114679338,20.533277367994046,0.00164011843006937
300.89892109188804,20.537389965512656,0.0016189899673719403
303.291730715835,20.541555251235486,0.001597984427240211
305.68454033978196,20.545775694306315,0.0015771630485516368
308.0773499637362,20.55005364285369,0.0015565867981202183
310.47015958768316,20.5543913205057,0.001536316222971229
312.8629692116301,20.558790823078887,0.0015164112888665523
315.25577883558435,20.56325411543296,0.0014969312034005115
317.6485884595313,20.567783028483788,0.0014779342222206312
320.04139808347827,20.572379256366073,0.001459477437293861
322.4342077074325,20.57704435373814,0.0014416165466172293
324.82701733137947,20.581779733221282,0.0014244056053836398
327.2198269553264,20.586586662967388,0.0014078967593583974
329.61263657928066,20.591466264346995,0.0013921399620878217
332.0054462032276,20.596419509752955,0.0013771826785263614
334.3982558271746,20.601447220513844,0.0013630695787151905
336.7910654511288,20.6065500649118,0.001349842226214658
339.1838750750758,20.611728556301678,0.0013375387670355337
341.57668469902274,20.61698305132724,0.0013261936257738716
343.96949432297697,20.622313748232106,0.001315837216438909
346.36230394692393,20.6277206852636,0.001306495676015842
348.7551135708709,20.63320373916876,0.0012981906290504856
351.1479231948251,20.638762623781876,0.001290938991436078
353.5407328187721,20.64439688870499,0.001284752821066966
355.93354244271904,20.650105918082836,0.001279639222108115
358.3263520666733,20.65588892947487,0.0012756003083740433
360.71916169062024,20.661744972828544,0.0012726332296431073
363.1119713145672,20.667672929557913,0.0012707302629463247
365.50478093852144,20.673671511734355,0.0012698789688390534
367.8975905624684,20.67973926139493,0.0012700624106854288
370.29040018641535,20.685874549977477,0.0012712594331174495
372.6832098103696,20.692075577890627,0.0012734449941225019
375.07601943431655,20.69834037422862,0.0012765905438995248
377.4688290582635,20.70466679664261,0.001280664442631784
379.86163868221774,20.711052531379398,0.0012856324087406233
382.2544483061647,20.71749509350157,0.0012914579890535016
384.64725793011894,20.72399182730225,0.001298103042494795
387.0400675540659,20.73053990692966,0.001305528229473206
389.43287717801286,20.737136337237025,0.001313693499885797
391.8256868019671,20.743777954874663,0.0013225585736377336
394.21849642591405,20.750461429640836,0.001332083408583022
396.611306049861,20.757183266110342,0.0013422286518397358
399.0041156738153,20.763939805558145,0.0013529560714371633
401.3969252977622,20.770727228197927,0.0013642289661155685
403.7897349217092,20.77754155575451,0.0013760125518408508
406.1825445456634,20.784378654389428,0.0013882743241854204
408.5753541696104,20.79123423799981,0.0014009843961025291
410.9681637935573,20.798103871909415,0.0014141158108409233
413.3609734175115,20.804982976971722,0.0014276448298201447
415.7537830414585,20.811866834102993,0.001441551195163112
418.1465926654055,20.81875058926446,0.0014558183663574962
420.5394022893597,20.825629258910045,0.0014704337302053417
422.9322119133067,20.83249773591587,0.0014853887827597561
425.3250215372536,20.83935079600701,0.0015006792815333895
427.7178311612078,20.84618310469378,0.001516305365715419
430.1106407851548,20.852989224729352,0.0015322716417075638
432.5034504091018,20.8597636240981,0.0015485872307902293
434.896260033056,20.86650068454098,0.0015652657753791484
437.289069657003,20.87319471062242,0.0015823254000633495
439.68187928094994,20.879839939339956,0.0015997886234276584
442.0746889049042,20.886430550274156,0.0016176822167402606
444.46749852885114,20.89296067627393,0.001636037005734305
446.8603081527981,20.899424414667575,0.0016548876121853966
449.25311777675233,20.905815838986346,0.001674272132617306
451.6459274006993,20.912129011183538,0.001694231752400656
454.03873702464625,20.918357994327234,0.0017148102946282745
456.4315466486005,20.924496865740256,0.0017360537045830221
458.82435627254745,20.930539730556962,0.0017580094721600127
461.2171658965017,20.936480735661394,0.0017807259963897395
463.60997552044864,20.942314083965897,0.0018042518980438543
466.0027851443956,20.94803404898665,0.0018286352881990103
468.39559476834984,20.953634989665083,0.0018539230024239358
470.7884043922968,20.95911136538243,0.0018801598119506072
473.18121401624376,20.964457751108725,0.0019073876245853415
475.574023640198,20.969668852623762,0.0019356446891749762
477.96683326414495,20.97473952174435,0.0019649648181189606
480.3596428880919,20.97966477148848,0.001995376642595637
482.75245251204615,20.984439791104045,0.002026902914825099
485.1452621359931,20.9890599608875,0.00205955987090248
487.53807175994007,20.993520866716228,0.00209335666639358
489.9308813838943,20.997818314216946,0.0021282948951853262
492.32369100784126,21.001948342491133,0.002164368200027644
494.7165006317882,21.005907237320834,0.0022015619808928165
497.10931025574246,21.009691543775848,0.002239853204898885
499.5021198796894,21.013298078147734,0.0022792103190851626
501.8949295036364,21.016723939136863,0.0023195932650360556
504.2877391275906,21.019966518221825,0.0023609535921730045
506.6805487515376,21.023023509145123,0.0024032346646960527
509.0733583754846,21.025892916452957,0.0024463719555356516
511.4661679994388,21.028573063032244,0.002490293419481554
513.8589776233857,21.031062596593703,0.0025349199367408156
516.2517872473327,21.033360495057106,0.0025801658176087543
518.6445968712869,21.035466070800368,0.0026259393586989662
521.0374064952339,21.037378973742584,0.0026721434411484204
523.4302161191808,21.039099193238556,0.0027186761614646626
525.8230257431351,21.040627058770497,0.002765431486064571
528.215835367082,21.041963239429876,0.002812299921084828
530.608644991029,21.043108742192437,0.002859169189670383
533.0014546149832,21.044064908995885,0.0029059249096139907
535.3942642389302,21.04483341263865,0.0029524512649152673
537.7870738628772,21.04541625152618,0.0029986316655408927
540.1798834868314,21.04581574329862,0.0030443493903346648
542.5726931107783,21.04603451738045,0.003089488208706006
544.9655027347253,21.046075506500856,0.0031339329773149857
547.3583123586795,21.04594193723748,0.0031775702085952684
549.7511219826265,21.045637319644506,0.003220288608462084
552.1439316065735,21.045165436028515,0.003261979581074228
554.5367412305277,21.044530328941526,0.0033025376989824816
556.9295508544747,21.04373628846315,0.0033418611374095284
559.3223604784216,21.042787838847083,0.003379852071811092
561.7151701023759,21.041689724608815,0.003416417038236199
564.1079797263228,21.040446896132973,0.003451467256304934
566.5007893502698,21.03906449487925,0.0034849189149738415
568.893598974224,21.037547838265212,0.003516693421488571
571.286408598171,21.035902404304643,0.003546717614215281
573.6792182221179,21.034133816076682,0.0035749239402450123
576.0720278460722,21.032247826101173,0.0036012505988887644
578.4648374700191,21.0302503006912,0.003625641652343697
580.8576470939661,21.028147204351797,0.003648047104994977
583.2504567179203,21.025944584290077,0.0036684229529246005
585.6432663418673,21.02364855509788,0.003686731205336364
588.0360759658142,21.021265283664437,0.003702939879680689
590.4288855897685,21.01880097437165,0.003717022972342004
592.8216952137154,21.016261854620804,0.003728960406789769
595.2145048376624,21.01365416073395,0.003738737961144483
597.6073144616166,21.010984124269307,0.003746347177082504
600.0001240855636,21.00825795878519,0.00375178525202484
602.3929337095105,21.005481847081782,0.0037550549165220846
604.7857433334648,21.002661928946658,0.0037561642986916354
607.1785529574117,20.99980428942416,0.003755126777520094
609.5713625813587,20.996914947625744,0.003751960826775309
611.9641722053129,20.993999846093573,0.003746689851170239
614.3569818292599,20.99106484072621,0.0037393420163649663
616.7497914532069,20.988115691271418,0.0037299500742565155
619.1426010771611,20.985158052387792,0.0037185511849171585
621.535410701108,20.982197465274215,0.003705186736434417
623.928220325055,20.97923934986267,0.003689902163759385
626.3210299490092,20.976288997567973,0.0036727467675808675
628.7138395729562,20.973351564585663,0.0036537735340855877
631.1066491969104,20.970432065726634,0.003633038956355865
633.4994588208574,20.96753536877675,0.0036106028580136754
635.8922684448044,20.96466618936639,0.003586528219591666
638.2850780687586,20.961829086335452,0.003560881007978529
640.6778876927056,20.9590284575769,0.003533730009141649
643.0706973166525,20.95626853634214,0.003505146664213174
645.4635069406067,20.953553387990368,0.0034752049088687216
647.8563165645537,20.950886907164087,0.0034439810158055097
650.2491261885007,20.948272815372167,0.003411553439981705
652.6419358124549,20.94571465896275,0.0033780026661486724
655.0347454364019,20.943215807467354,0.003343411058057801
657.4275550603488,20.94077945229855,0.0033078627085972568
659.8203646843031,20.93840860578359,0.003271443289972004
662.21317430825,20.936106100516916,0.0032342399029071833
664.605983932197,20.933874589015026,0.003196340923714897
666.9987935561512,20.93171654365781,0.003157835847947597
669.3916031800982,20.929634256901167,0.003118815129237936
671.7844128040451,20.9276298417465,0.0030793700118155283
674.1772224279994,20.925705232453154,0.0030395923550828974
676.5700320519463,20.923862185481624,0.002999574448601393
678.9628416758933,20.92210228065456,0.0029594088157317115
681.3556512998475,20.92042692252534,0.0029191880042226327
683.7484609237945,20.918837341943423,0.0028790043620250385
686.1412705477414,20.91733459780705,0.002838949796723038
688.5340801716957,20.915919578994906,0.0027991155171076926
690.9268897956426,20.914593006468937,0.002759591755647385
693.3196994195896,20.91335543554103,0.0027204674709216236
695.7125090435438,20.912207258297926,0.002681830029476027
698.1053186674908,20.91114870617836,0.0026437648670834413
700.4981282914378,20.910179852697972,0.002606355130010547
702.890937915392,20.909300616317925,0.002569681297616978
705.283747539339,20.908510763453535,0.0025338207884651074
707.6765571632859,20.90780991162015,0.00249884755304726
710.0693667872401,20.90719753271397,0.002464831657262423
712.4621764111871,20.90667295642551,0.002431838861832742
714.8549860351413,20.90623537378463,0.0023999302039260156
717.2477956590883,20.905883840835635,0.0023691615882710424
719.6406052830353,20.90561728244159,0.002339583396022153
722.0334149069895,20.905434496217257,0.0023112401203523912
724.4262245309365,20.905334156590012,0.002284170038348792
726.8190341548834,20.90531481898842,0.002258404929010634
729.2118437788376,20.90537492415798,0.0022339698470732177
731.6046534027846,20.905512802603646,0.0022108829618770432
733.9974630267316,20.90572667915858,0.0021891554696421038
736.3902726506858,20.906014677678478,0.0021687915861451352
738.7830822746328,20.906374825860436,0.002149788625164397
741.1758918985797,20.906805060185285,0.002132137165965858
743.568701522534,20.907303230981626,0.0021158213108808635
745.9615111464809,20.90786710760978,0.002100819031580392
748.3543207704279,20.908494383763017,0.0020871026001991057
750.7471303943821,20.909182682883202,0.0020746390991042258
753.1399400183291,20.90992956368707,0.0020633910009518583
755.532749642276,20.91073252579931,0.0020533168088076757
757.9255592662303,20.911589015487056,0.0020443717446559234
760.3183688901772,20.91249643149062,0.0020365084736073016
762.7111785141242,20.913452130943853,0.0020296778505028237
765.1039881380784,20.91445343537711,0.0020238296755571883
767.4967977620254,20.91549763679474,0.0020189134459384517
769.8896073859723,20.91658200381854,0.0020148790908382816
772.2824170099266,20.91770378788722,0.002011677678567529
774.6752266338735,20.918860229501746,0.002009262085326538
777.0680362578205,20.920048564505066,0.0020075876165849536
779.4608458817747,20.92126603038398,0.0020066125733763703
781.8536555057217,20.922509872580545,0.002006298757099988
784.2464651296686,20.92377735079897,0.002006611907724525
786.6392747536229,20.925065745293534,0.0020075220714482326
789.0320843775698,20.926372363122535,0.002009003894964915
791.4248940015168,20.927694544352345,0.0020110368444125224
793.817703625471,20.929029668195042,0.0020136053479253278
796.210513249418,20.93037515906274,0.0020166988614691694
798.603322873365,20.9317284925214,0.002020311858280581
800.9961324973192,20.93308720112611,0.0020244437428931826
803.3889421212662,20.93444888011998,0.0020290986912928246
805.7817517452131,20.93581119297857,0.0020342854194045357
808.1745613691673,20.937171876781402,0.0020400168827179647
810.5673709931143,20.93852874739255,0.0020463099105935737
812.9601806170613,20.939879704432293,0.0020531847795007517
815.3529902410155,20.941222736022038,0.0020606647303116864
817.7457998649625,20.94255592328507,0.0020687754355841657
820.1386094889094,20.94387744458654,0.002077544423721469
822.5314191128637,20.945185579496354,0.002087000467751496
824.9242287368106,20.94647871245944,0.0020971729473950223
827.3170383607576,20.94775533615895,0.002108091193846782
829.7098479847118,20.949014054558692,0.0021197838273666276
832.1026576086588,20.950253585612323,0.002132278098308946
834.4954672326057,20.951472763627752,0.0021455992424415002
836.88827685656,20.95267054127698,0.0021597698614578406
839.2810864805069,20.953845991242144,0.0021748093392658587
841.6738961044539,20.954998307491017,0.0021907333040960633
844.0667057284081,20.956126806175455,0.0022075531455496558
846.4595153523551,20.957230926148974,0.002225275594529003
848.852324976302,20.958310229100405,0.0022439023726062326
851.2451346002563,20.959364399302647,0.0022634299157160273
853.6379442242032,20.96039324297675,0.002283849175344199
856.0307538481502,20.96139668727368,0.0023051454985430573
858.4235634721044,20.96237477887712,0.00232729858630337
860.8163730960514,20.963327682232897,0.00235028252810608
863.2091827199984,20.96425567741156,0.0023740659088844177
865.6019923439526,20.965159157612693,0.0023986119832671775
867.9948019678995,20.966038626320433,0.002423878910852565
870.3876115918465,20.966894694121663,0.002449820045390288
872.7804212158007,20.967728075199073,0.0024763842701646223
875.1732308397477,20.96853958351296,0.0025035163715771006
877.5660404636947,20.96933012868648,0.002531157442829897
879.9588500876489,20.970100711610165,0.0025592453098131312
882.3516597115959,20.970852419782616,0.002587714971612043
884.7444693355501,20.971586422404737,0.002616499048600886
887.137278959497,20.972303965246077,0.002645528231658336
889.530088583444,20.973006365301973,0.00267473172676513
891.9228982073982,20.97369500526085,0.002704037689976722
894.3157078313452,20.974371327801634,0.0027333736484853625
896.7085174552922,20.975036829741057,0.00276266690423455
899.1013270792464,20.97569305605114,0.0027918449172300583
901.4941367031934,20.97634159376702,0.002820835666351098
903.8869463271404,20.976984065805247,0.0028495679860364585
906.2797559510946,20.97762212471259,0.0028779718777493806
908.6725655750416,20.978257446365205,0.0029059787955832504
911.0653751989884,20.978891723637403,0.0029335219057669264
913.4581848229428,20.97952666005933,0.0029605363201461402
915.8509944468896,20.980163963481992,0.0029869593040121305
918.2438040708366,20.980805339767812,0.0030127304588366466
920.6366136947908,20.981452486524315,0.0030377918806933687
923.0294233187378,20.982107086897596,0.0030620882952415397
925.4222329426848,20.982770803442282,0.0030855671702716635
927.815042566639,20.983445272083145,0.003108178806879566
930.207852190586,20.984132096183544,0.0031298764103802773
932.6006618145328,20.984832840734974,0.00315061614211723
934.9934714384872,20.985549026680946,0.0031703571533217715
937.386281062434,20.986282125388342,0.00318906160219122
939.7790906863812,20.987033553278035,0.00320669465535103
942.1719003103352,20.987804666626438,0.0032232244748476397
944.5647099342824,20.988596756548546,0.0032386221918136167
946.9575195582293,20.98941104417272,0.003252861867927019
949.3503291821836,20.990248676016552,0.003265920445764971
951.7431388061304,20.991110719572788,0.003277777689149455
954.1359484300774,20.991998159113557,0.0032884161145454492
956.5287580540316,20.992911891720755,0.003297820914579077
958.9215676779786,20.99385272354985,0.003305979874725137
961.3143773019328,20.9948213663338,0.003312883284200232
963.7071869258798,20.99581843413373,0.0033185238420907624
966.0999965498268,20.99684444034217,0.003322896559765065
968.492806173781,20.997899794944384,0.0033259986605723114
970.885615797728,20.998984802043417,0.003327829477899005
973.2784254216748,21.00009965765349,0.0033283903525842145
975.6712350456291,21.001244447766556,0.003327684530766387
978.064044669576,21.002419146696546,0.003325717063213413
980.4568542935232,21.0036236157052,0.003322494707185135
982.8496639174772,21.00485760191376,0.0033180258319278296
985.2424735414244,21.00612073750397,0.0033123203288721397
987.6352831653712,21.007412539211906,0.0033053895276421025
990.0280927893256,21.008732408118085,0.0032972461189752357
992.4209024132724,21.01007962973654,0.003287904085685594
994.8137120372194,21.01145337440601,0.0032773786427605545
997.2065216611736,21.012852697985423,0.0032656861877588196
999.5993312851206,21.014276542856205,0.003252844262580598
1001.9921409090676,21.015723739233103,0.0032388715277581934
1004.3849505330218,21.017193006785323,0.003223787750338001
1006.7777601569688,21.018682956568902,0.0032076138064478267
1009.1705697809156,21.020192093271458,0.003190371699573678
1011.56337940487,21.021718817769216,0.003172084595554744
1013.9561890288168,21.023261429996545,0.00315277687525168
1016.3489986527638,21.024818132126736,0.0031324742057530094
1018.741808276718,21.026387032063013,0.0031112036309420524
1021.134617900665,21.02796614723733,0.0030889936821133883
1023.527427524612,21.02955340871435,0.0030658745092272464
1025.9202371485662,21.031146665596644,0.0030418780332609405
1028.3130467725132,21.032743689726683,0.00301703811991464
1030.70585639646,21.034342180680056,0.0029913907747803835
1033.0986660204144,21.03593977104321,0.002964974359802035
1035.4914756443611,21.037534031968356,0.0029378298306056215
1037.8842852683083,21.03912247899644,0.002910000993950408
1040.2770948922623,21.04070257813853,0.00288153478415146
1042.6699045162095,21.042271752204165,0.002852481556882467
1045.0627141401565,21.043827387364452,0.002822895398215523
1047.4555237641107,21.045366839935884,0.0027928344461297773
1049.8483333880577,21.046887443370018,0.0027623612209766247
1052.2411430120046,21.048386515432387,0.0027315429604924816
1054.6339526359588,21.049861365552907,0.002700451953970555
1057.0267622599058,21.05130930232858,0.0026691658690151136
1059.4195718838528,21.052727641158086,0.0026377680629450888
1061.812381507807,21.05411371198636,0.0026063478694534846
1064.205191131754,21.055464867136223,0.0025750008494031967
1066.598000755701,21.056778489202763,0.0025438289928686394
1068.9908103796552,21.058051998985217,0.002512940857593121
1071.383620003602,21.05928286342976,0.002482451627084203
1073.776429627549,21.060468603556245,0.002452483069703822
1076.1692392515033,21.06160680234045,0.0024231633784681716
1078.5620488754505,21.06269511252321,0.002394626870017056
1080.9548584993972,21.063731264317155,0.0023670135206708305
1083.3476681233517,21.064713072981302,0.002340468317916746
1085.7404777472984,21.065638446233518,0.0023151404073410158
1088.1332873712454,21.06650539147121,0.002291182018422417
1090.5260969951996,21.067312022770214,0.0022687471579190886
1092.9189066191466,21.068056567632617,0.002247990067156869
1095.3117162430935,21.06873737345471,0.002229063449353302
1097.7045258670478,21.069352913686885,0.002212116485216372
1100.0973354909947,21.0699017936584,0.00219729266881275
1102.4901451149417,21.0703827560411,0.002184727510529739
1104.882954738896,21.070794685927414,0.0021745461686583467
1107.275764362843,21.071136615499555,0.0021668610842464743
1109.66857398679,21.071407728268692,0.0021617697039531467
1112.061383610744,21.071607362864547,0.0021593523810419174
1114.454193234691,21.07173501635809,0.0021596705441005466
1116.847002858638,21.071790347102123,0.002162765215947419
1119.2398124825922,21.071773177076995,0.0021686559513191626
1121.6326221065392,21.071683493730827,0.0021773402422877153
1124.0254317304862,21.071521451306566,0.0021887934164766852
1126.4182413544404,21.07128737165037,0.002202969027259603
1128.8110509783874,21.0709817444987,0.002219799709710034
1131.2038606023343,21.07060522724407,0.002239198453484275
1133.5966702262886,21.070158644182012,0.0022610602260473007
1135.9894798502355,21.069642985244542,0.0022852638678471505
1138.3822894741895,21.06905940422768,0.0023116741757799697
1140.7750990981367,21.068409216523662,0.002340144092017018
1143.1679087220837,21.06769389637013,0.0023705169212915847
1145.560718346038,21.06691507363152,0.002402628509536581
1147.9535279699849,21.06607453012973,0.0024363093289373034
1150.3463375939318,21.06517419554303,0.0024713864275723715
1152.739147217886,21.06421614289445,0.0025076852147581344
1155.131956841833,21.063202583652128,0.002545031064952579
1157.52476646578,21.062135862465844,0.0025832507331782603
1159.9175760897342,21.06101845156506,0.0026221735830883994
1162.3103857136812,21.059852944845165,0.00266163263492794
1164.703195337628,21.058642051669203,0.0027014654449554615
1167.0960049615824,21.057388590413147,0.0027415148305597395
1169.488814585529,21.056095481783437,0.002781629456671128
1171.8816242094765,21.05476574193543,0.002821664299385008
1174.2744338334303,21.05340247542179,0.0028614810022788806
1176.6672434573777,21.05200886799965,0.0029009481399790973
1179.0600530813244,21.050588179324787,0.0029399414022606637
1181.452862705279,21.049143735561238,0.002978343710568111
1183.8456723292256,21.047678921933368,0.0030160452773778973
1186.2384819531726,21.046197175247315,0.0030529436174069956
1188.6312915771268,21.044701976407232,0.003088943518355587
1191.0241012010738,21.043196842951428,0.0031239569776419737
1193.4169108250208,21.041685321631377,0.0031579031105402563
1195.809720448975,21.040170981056534,0.0031907080341804926
1198.202530072922,21.038657404425557,0.0032223047310854444
1200.595339696869,21.037148182363698,0.00325263289522243
1202.9881493208231,21.03564690588483,0.003281638763019917
1205.38095894477,21.034157159494526,0.00330927493129385
1207.773768568717,21.03268251444997,0.003335500163692673
1210.1665781926713,21.031226522190302,0.003360279186930902
1212.5593878166185,21.02979270795,0.0033835824778719998
1214.9521974405725,21.028384564566153,0.0034053860423057564
1217.3450070645197,21.027005546489377,0.003425671186134974
1219.7378166884664,21.025659064006412,0.003444424279573732
1222.1306263124206,21.02434847768143,0.00346163651488136
1224.5234359363676,21.0230770930215,0.0034773036580854574
1226.9162455603146,21.021848155370712,0.003491425795143317
1229.3090551842688,21.020664845036016,0.0035040070729311402
1231.7018648082158,21.019530272647074,0.0035150554354849623
1234.0946744321627,21.01844747475104,0.003524582355892821
1236.487484056117,21.017419409642525,0.0035326025642903576
1238.880293680064,21.01644895342796,0.003539133772396972
1241.2731033040109,21.01553889632284,0.0035441963951112084
1243.665912927965,21.014691939179507,0.0035478132696997555
1246.058722551912,21.01391069024275,0.003550009373177506
1248.451532175859,21.013197662129443,0.00355081153854087
1250.8443417998133,21.01255526902847,0.003550248170573784
1253.2371514237602,21.011985824116373,0.003548348962030415
1255.6299610477072,21.01149153718388,0.0035451446110694577
1258.0227706716614,21.011074512468284,0.00354066654091328
1260.4155802956084,21.010736746686263,0.0035349466227722276
1262.808389919555,21.0104801272616,0.0035280169032044324
1265.2011995435096,21.01030643074199,0.0035199093371380366
1267.5940091674563,21.01021732139945,0.003510655527914448
1269.9868187914035,21.010214350008148,0.0035002864757950245
1272.3796284153575,21.010298952794226,0.003488832336471851
1274.7724380393047,21.01047245055144,0.0034763221912315068
1277.1652476632516,21.01073604791739,0.0034627838304957474
1279.558057287206,21.011090832804413,0.003448243552579081
1281.9508669111528,21.01153777597986,0.0034327259795483415
1284.3436765350998,21.012077730790523,0.003416253892190141
1286.736486159054,21.012711433026006,0.0033988480861156787
1289.129295783001,21.013439500916334,0.0033805272511285784
1291.522105406948,21.014262435259024,0.0033613078760265447
1293.9149150309022,21.0151806196712,0.0033412041810266004
1296.3077246548492,21.01619432096261,0.003320228080099633
1298.700534278796,21.01730368962563,0.0032983891754873023
1301.0933439027503,21.01850876043836,0.0032756947867437023
1303.4861535266973,21.019809453177675,0.0032521500166873473
1305.8789631506445,21.021205573438753,0.003227757856675425
1308.2717727745985,21.022696813558237,0.00320251933372622
1310.6645823985457,21.02428275363825,0.003176433702053091
1313.0573920224924,21.02596286266886,0.00314949868173847
1315.4502016464469,21.0277364997465,0.003121710747392186
1317.8430112703936,21.029602915386505,0.0030930654698757046
1320.2358208943406,21.031561252927705,0.0030635579143940095
1322.6286305182948,21.033610550027323,0.003033183098629665
1325.0214401422418,21.035749740244796,0.003001936514921106
1327.4142497661887,21.037977654712932,0.0029698147210498564
1329.807059390143,21.04029302389518,0.0029368160047032483
1332.19986901409,21.042694479427787,0.002902941127381099
1334.592678638037,21.04518055604571,0.0028681941542643085
1336.9854882619911,21.04774969359143,0.002832583377402919
1339.378297885938,21.05040023910526,0.0027961223404824745
1341.771107509885,21.053130448996615,0.0027588309743916605
1344.1639171338393,21.055938491294903,0.0027207368536668803
1346.5567267577862,21.05882244797919,0.0026818765847280573
1348.9495363817332,21.06178031738552,0.0026422973372970428
1351.3423460056874,21.0648100166908,0.0026020585304641916
1353.7351556296344,21.067909384471825,0.00256123368412403
1356.1279652535814,21.071076183338448,0.0025199124446552115
1358.5207748775356,21.07430810263901,0.002478202790072961
1360.9135845014823,21.077602761236577,0.0024362334137988024
1363.3063941254295,21.080957710354294,0.0023941562766351837
1365.6992037493835,21.084370436487486,0.0023521493023312278
1368.0920133733307,21.087838364380545,0.002310419171788612
1370.4848229972777,21.09135886006609,0.0022692041428911494
1372.877632621232,21.094929233963605,0.002228776785623844
1375.2704422451789,21.098546744034493,0.0021894464743577153
1377.6632518691258,21.102208598990725,0.0021515614208671963
1380.05606149308,21.10591196155295,0.0021155099647848993
1382.448871117027,21.10965395175471,0.00208172076804188
1384.841680740974,21.113431650288636,0.002050661496617206
1387.2344903649282,21.117242101889826,0.0020228355330286717
1389.6272999888752,21.121082318752293,0.001998776269112117
1392.0201096128294,21.124949283973063,0.0019790386079256168
1394.4129192367764,21.128839955018883,0.001964187481699117
1396.805728860723,21.132751267209937,0.001954783483709732
1399.1985384846776,21.136680137214785,0.0019513661051059822
1401.5913481086243,21.14062346655048,0.0019544355160564407
1403.9841577325717,21.14457814508157,0.001964434247810591
1406.3769673565257,21.14854105451159,0.001981730406963972
1408.769776980473,21.152509071860063,0.002006604081282587
1411.1625866044196,21.15647907291881,0.0020392383230649473
1413.555396228374,21.160447935679773,0.0020797155485894054
1415.9482058523208,21.164412543727963,0.0021280194825294427
1418.3410154762678,21.168369789592063,0.0021840420673295566
1420.733825100222,21.172316578045642,0.0022475942063339763
1423.126634724169,21.176249829351715,0.0023184189149813477
1425.519444348116,21.18016648244373,0.002396205433739707
1427.9122539720702,21.1840634980358,0.002480603055431402
1430.3050635960171,21.187937861655314,0.0025712337459970398
1432.697873219964,21.191786586591384,0.002667702997992677
1435.0906828439183,21.19560671675246,0.0027696086795149337
1437.4834924678653,21.199395329426988,0.002876547889877307
1439.8763020918122,21.203149537941222,0.0029881219970438948
1442.2691117157665,21.206866494208622,0.0031039401198250946
1444.6619213397134,21.210543391165636,0.0032236213477401777
1447.0547309636604,21.214177465089225,0.003346795982839172
1449.4475405876146,21.21776599779192,0.003473106056947973
1451.8403502115616,21.221306318690534,0.003602205337439808
1454.2331598355086,21.224795806745494,0.0037337589925840035
1456.6259694594628,21.228231892268198,0.0038674430486404683
1459.0187790834098,21.23161205859421,0.004002943737381348
1461.4115887073567,21.23493384362125,0.004139956805168582
1463.804398331311,21.238194841210902,0.004278186832977482
1466.197207955258,21.24139270245423,0.004417346600080035
1468.590017579212,21.2445251368019,0.004557156511621417
1470.982827203159,21.247589913059873,0.004697344101220399
1473.375636827106,21.250584860253028,0.0048376436132812894
1475.7684464510603,21.25350786835893,0.0049777956651747965
1478.1612560750073,21.256356888915448,0.005117546986482109
1480.5540656989542,21.259129935505864,0.005256650230557552
1482.9468753229085,21.26182508412633,0.005394863852498335
1485.3396849468554,21.264440473440526,0.005531952047032431
1487.7324945708024,21.26697430492778,0.0056676847396026474
1490.1253041947566,21.269424842930377,0.005801837623935527
1492.5181138187036,21.271790414607267,0.005934192239603778
1494.9109234426503,21.27406940980129,0.006064536083364786
1497.3037330666048,21.276260280827593,0.006192662748422319
1499.6965426905515,21.278361542191057,0.006318372086160569
1502.089352314499,21.280371770241487,0.006441470385258373
1504.482161938453,21.282289602774565,0.006561770563531968
1506.8749715624,21.28411373858779,0.00667909236819181
1509.2677811863468,21.285842936999863,0.006793262580621378
1511.660590810301,21.287476017342673,0.006904115222061417
1514.053400434248,21.289011858434673,0.007011491756997775
1516.446210058195,21.29044939804447,0.007115241291318913
1518.8390196821492,21.291787632353348,0.007215220762582574
1521.2318293060962,21.29302561542508,0.0073112951200802224
1523.6246389300431,21.29416245869149,0.007403337492585243
1526.0174485539974,21.295197330461356,0.007491229341960612
1528.4102581779443,21.29612945546031,0.007574860601009207
1530.8030678018913,21.296958114408824,0.007654129794208033
1533.1958774258455,21.297682643644695,0.007728944140141894
1535.5886870497925,21.298302434796177,0.0077992196346844305
1537.9814966737397,21.298816934511144,0.007864881114145385
1540.3743062976937,21.299225644246928,0.007925862297802384
1542.7671159216409,21.29952812012516,0.007982105809389484
1545.1599255455876,21.29972397285495,0.008033563177300557
1547.5527351695418,21.29981286772684,0.00808019481340306
1549.9455447934888,21.29979452467994,0.008121969970514203
1552.3383544174358,21.29966871844277,0.008158866678744292
1554.73116404139,21.299435278748795,0.008190871661012001
1557.123973665337,21.299094090625758,0.008217980228195983
1559.516783289284,21.29864509475781,0.008240196154483698
1561.9095929132382,21.29808828791849,0.008257531533597614
1564.3024025371851,21.297423723471585,0.008270006616657919
1566.695212161132,21.296651511936687,0.008277649632583544
1569.0880217850863,21.29577182161488,0.00828049659194977
1571.4808314090333,21.294784879269898,0.008278591075369992
1573.8736410329802,21.293690970859,0.00827198400747411
1576.2664506569345,21.292490442307518,0.008260733417666477
1578.6592602808814,21.291183700320108,0.008244904188870505
1581.0520699048284,21.28977121322156,0.008224567795524818
1583.4448795287826,21.288253511819377,0.008199802032113748
1585.8376891527296,21.286631190279778,0.008170690733576942
1588.2304987766763,21.284904907008773,0.008137323488914815
1590.6233084006308,21.283075385529315,0.008099795349355869
1593.0161180245775,21.281143415345568,0.00805820653244034
1595.4089276485247,21.279109852784885,0.008012662123341348
1597.801737272479,21.276975621808365,0.007963271774786992
1600.194546896426,21.274741714780525,0.007910149406853018
1602.5873565203729,21.272409193188643,0.007853412907917478
1604.980166144327,21.269979188302777,0.007793183837994341
1607.372975768274,21.267452901767328,0.00772958713563652
1609.765785392221,21.264831606115244,0.007662750829517881
1612.1585950161752,21.262116645196514,0.007592805755761654
1614.5514046401222,21.259309434512783,0.007519885281999658
1616.9442142640692,21.256411461450252,0.007444125039062486
1619.3370238880234,21.253424285403845,0.007365662661132084
1621.7298335119704,21.25034953778577,0.007284637535083131
1624.122643135917,21.2471889219123,0.0072011905596489675
1626.5154527598716,21.243944212763424,0.007115463914935387
1628.9082623838185,21.24061725661035,0.007027600842723948
1631.3010720077657,21.2372099705066,0.006937745437857799
1633.6938816317197,21.233724341639405,0.006846042450915659
1636.086691255667,21.230162426538413,0.006752637102247134
1638.479500879621,21.22652635013972,0.006657674907316423
1640.872310503568,21.222818304704052,0.006561301513177077
1643.2651201275148,21.21904054858827,0.006463662545766809
1645.657929751469,21.215195404870737,0.006364903467567367
1648.050739375416,21.21128525983116,0.006265169445049106
1650.443548999363,21.207312561286678,0.006164605225153508
1652.8363586233172,21.203279816786587,0.006063355019941707
1655.2291682472642,21.199189591668663,0.005961562398358071
1657.6219778712111,21.195044506980686,0.005859370183913486
1660.0147874951654,21.190847237271573,0.005756920356925412
1662.4075971191123,21.18660050825698,0.005654353959779649
1664.8004067430593,21.182307094364567,0.005551811003500059
1667.1932163670135,21.177969816165163,0.00544943037374368
1669.5860259909605,21.173591537695938,0.005347349734147645
1671.9788356149074,21.16917516368235,0.005245705424768162
1674.3716452388617,21.16472363666615,0.005144632353193554
1676.7644548628086,21.16023993404678,0.005044263875701281
1679.1572644867556,21.15572706504371,0.004944731665706592
1681.5500741107098,21.151188067587903,0.004846165566569662
1683.9428837346568,21.14662600515026,0.004748693425750654
1686.3356933586035,21.142043963515157,0.004652440907194407
1688.728502982558,21.13744504750751,0.00455753127882995
1691.121312606505,21.132832377681503,0.004464085172118442
1693.514122230452,21.12820908697905,0.004372220310716144
1695.906931854406,21.123578317366444,0.004282051205596358
1698.299741478353,21.118943216456938,0.004193688814345382
1700.6925511023,21.114306934127242,0.00410724016291123
1703.0853607262543,21.109672619135697,0.004022807928823589
1705.4781703502013,21.105043415749527,0.0039404899858210265
1707.8709799741482,21.100422460388348,0.0038603789109926913
1710.2637895981024,21.095812878291035,0.0037825614568933724
1712.6565992220494,21.091217780212578,0.003707117992703247
1715.0494088459964,21.086640259157086,0.0036341219202507885
1717.4422184699506,21.08208338715326,0.0035636390726756072
1719.8350280938976,21.077550212077877,0.003495727105507671
1722.2278377178518,21.073043754532424,0.0034304348919591793
1724.6206473417988,21.068567004778274,0.0033678019361430113
1727.0134569657455,21.064122919734494,0.0033078578196155724
1729.4062665897,21.059714420042955,0.0032506216979365085
1731.799076213647,21.055344387204386,0.003196101864757714
1734.191885837594,21.051015660788778,0.0031442954010700423
1736.584695461548,21.046731035723575,0.0030951879266794915
1738.977505085495,21.042493259662237,0.0030487534694884355
1741.370314709442,21.038305030435573,0.0030049544659307976
1743.7631243333965,21.034168993588207,0.0029637419027864474
1746.1559339573432,21.030087740001832,0.002925055606812057
1748.5487435812902,21.026063803606675,0.0028888246843000462
1750.9415532052444,21.02209965918264,0.002854968108045713
1753.3343628291914,21.01819772025093,0.0028233954444904876
1755.7271724531383,21.0143603370568,0.002794007709363475
1758.1199820770926,21.01058979464405,0.0027666983361407547
1760.5127917010395,21.006888311021527,0.002741354238383485
1762.9056013249865,21.003258035421425,0.0027178569446199997
1765.2984109489407,20.99970104664967,0.0026960837830615186
1767.6912205728877,20.996219351527802,0.002675909093046453
1770.0840301968346,20.992814883426043,0.0026572054407452968
1772.4768398207889,20.989489500887,0.0026398448180854034
1774.8696494447358,20.986244986339464,0.0026236998060745445
1777.2624590686828,20.983083044901313,0.002608644686365035
1779.655268692637,20.980005303271046,0.0025945564879478683
1782.048078316584,20.97701330870688,0.002581315958989267
1784.440887940531,20.974108528092557,0.0025688084569162615
1786.8336975644852,20.97129234708902,0.0025569247527867166
1789.2265071884322,20.968566069371068,0.002545561748538327
1791.619316812379,20.965930915947894,0.0025346231079454917
1794.0121264363331,20.963388024566854,0.0025240198039273806
1796.4049360602803,20.96093844919952,0.0025136705861791863
1798.7977456842273,20.958583159609105,0.0025035023740680616
1801.1905553081815,20.956323040998665,0.0024934505802574674
1803.5833649321285,20.95415889373926,0.0024834593707504546
1805.9761745560752,20.952091433177465,0.0024734818668874343
1808.3689841800297,20.950121289521697,0.0024634802944759485
1810.7617938039768,20.9482490078068,0.0024534260846334017
1813.1546034279236,20.946475047936577,0.0024432999301522954
1815.5474130518776,20.944799784803852,0.0024330918002883977
1817.9402226758248,20.94322350848791,0.002422800915884873
1820.3330322997715,20.941746424529132,0.0024124356856605592
1822.725841923726,20.94036865428073,0.002402013603399621
1825.118651547673,20.939090235337744,0.002391561104652623
1827.51146117162,20.93791112204318,0.0023811133804518764
1829.904270795574,20.936831186071704,0.0023707141445348926
1832.297080419521,20.93585021709108,0.002360415349576989
1834.689890043468,20.934967923501585,0.0023502768471233854
1837.0826996674225,20.934183933253912,0.0023403659853136207
1839.4755092913692,20.933497794746014,0.002330757138031026
1841.868318915316,20.932908977799187,0.0023215311590857267
1844.2611285392704,20.932416874714228,0.002312774755314088
1846.6539381632176,20.932020801407873,0.0023045797732046316
1849.0467477871643,20.93171999863034,0.002297042394942918
1851.4395574111184,20.931513633264355,0.0022902622415859313
1853.8323670350655,20.93140079970625,0.0022843413834442864
1856.2251766590125,20.931380521329675,0.002279383260833287
1858.6179862829667,20.93145175203227,0.0022754915217969964
1861.0107959069137,20.93161337786582,0.0022727687874499396
1863.403605530861,20.931864218750047,0.002271315359754891
1865.796415154815,20.93220303027045,0.0022712278908941295
1868.189224778762,20.932628505560032,0.002272598037384971
1870.5820344027088,20.933139277265127,0.0022755111256329962
1872.974844026663,20.933733919594935,0.00228004485824449
1875.36765365061,20.934410950454563,0.0022862680918710417
1877.760463274557,20.935168833660878,0.002294239717470996
1880.1532728985112,20.93600598124048,0.002304007672295424
1882.5460825224584,20.936920755808824,0.002315608109861544
1884.9388921464051,20.93791147302921,0.0023290647495366372
1887.3317017703591,20.93897640415011,0.00234438842152956
1889.7245113943063,20.940113778619157,0.002361576816324005
1892.1173210182608,20.941321786771624,0.00238061444041597
1894.5101306422075,20.942598582590993,0.0024014727730525013
1896.9029402661545,20.943942286539016,0.0024241106120184764
1899.2957498901087,20.94535098845204,0.0024484745908098927
1901.6885595140557,20.94682275050029,0.0024744998449934105
1904.0813691380024,20.948355610206377,0.002502110802492188
1906.4741787619569,20.949947583518785,0.0025312220708822546
1908.866988385904,20.95159666793586,0.0025617393945594757
1911.2597980098508,20.95330084567543,0.00259356065567669
1913.652607633805,20.95505808688483,0.0026265768947152566
1916.045417257752,20.95686635288552,0.0026606733293506875
1918.438226881699,20.95872359944645,0.0026957303534530896
1920.8310365056532,20.960627780079697,0.0027316245014957514
1923.2238461296,20.962576849351475,0.002768229367048942
1925.616655753547,20.964568766201758,0.002805416467217031
1928.009465377501,20.966601497264683,0.0028430560478291582
1930.4022750014483,20.968673020182283,0.002881017826664681
1932.7950846253952,20.97078132690324,0.0029191716740892522
1935.1878942493497,20.972924426958667,0.002957388232158818
1937.5807038732964,20.975100350705915,0.0029955394744766812
1939.9735134972432,20.977307152532102,0.0030334992100112157
1942.3663231211976,20.979542914008036,0.0030711435346348903
1944.7591327451448,20.981805746983557,0.00310835123446453
1947.1519423690916,20.984093796615202,0.0031450041452139397
1949.5447519930456,20.9864052443167,0.003180987471666051
1951.9375616169928,20.988738310623127,0.003216190071221663
1954.3303712409397,20.991091257959415,0.003250504705231714
1956.723180864894,20.993462393303993,0.0032838282614707113
1959.115990488841,20.995850070738392,0.0033160619508158487
1961.508800112788,20.99825269387393,0.0033471114808181403
1963.901609736742,21.000668718146734,0.0033768872085334217
1966.294419360689,21.003096652972573,0.0034053042746486446
1968.687228984636,21.00553506375333,0.003432282720655549
1971.0800386085905,21.007982573727315,0.003457747590550393
1973.4728482325372,21.010437865655952,0.003481629018297436
1975.8656578564917,21.01289968333994,0.00350386230209462
1978.2584674804384,21.0153668329582,0.003524387966318598
1980.6512771043856,21.017838184224,0.003543151811852014
1983.0440867283396,21.020312671352517,0.003560104955405215
1985.4368963522863,21.022789293835217,0.0035752038583565806
1987.8297059762335,21.02526711701694,0.003588410345534234
1990.222515600188,21.027745272472345,0.0035996916143583363
1992.6153252241347,21.03022295817847,0.0036090202347042605
1995.0081348480817,21.03269943848217,0.0036163741398425736
1997.400944472036,21.035174043860316,0.0036217366088119587
1999.7937540959829,21.03764617047276,0.0036250962405943916
2002.1865637199296,21.04011527950813,0.0036264469204708083
2004.579373343884,21.04258089632343,0.00362578777898457
2006.972182967831,21.045042609379124,0.003623123143935854
2009.364992591778,21.047500068972543,0.003618462485908622
2011.757802215732,21.049952985772585,0.00361182035782665
2014.1506118396792,21.052401129159882,0.0036032163291007105
2016.543421463626,21.054844325377367,0.0035926749149533
2018.9362310875804,21.05728245549644,0.0035802255015229727
2021.329040711527,21.059715453205108,0.0035659022674106064
2023.7218503354743,21.062143302425,0.0035497441023026608
2026.1146599594283,21.064566034764507,0.0035317945233676457
2028.5074695833755,21.06698372681627,0.0035121015900636686
2030.9002792073225,21.069396497307714,0.0034907178180502846
2033.2930888312767,21.071804504113512,0.0034677000927930773
2035.6858984552237,21.07420794113996,0.003443109583471154
2038.0787080791704,21.076607035091037,0.003417011657709118
2040.4715177031248,21.079002042126845,0.003389475797541827
2042.864327327072,21.081393244425012,0.0033605755169658653
2045.2571369510188,21.08378094665656,0.003330388281242751
2047.649946574973,21.08616547238722,0.003298995427966487
2050.04275619892,21.088547160416127,0.003266482089709363
2052.435565822867,21.0909263610636,0.003232937117790023
2054.828375446821,21.093303432419916,0.003198453006441862
2057.221185070768,21.095678736567066,0.0031631258162991985
2059.613994694715,21.098052635785884,0.0031270550957447243
2062.0068043186693,21.100425488760212,0.003090343798213368
2064.3996139426163,21.10279764679052,0.0030530981930578975
2066.7924235665632,21.105169450028914,0.0030154277670189807
2069.1852331905175,21.107541223747504,0.0029774451127655473
2071.5780428144644,21.10991327465183,0.002939265800325533
2073.9708524384114,21.112285887251286,0.0029010082265501012
2076.3636620623656,21.114659320297847,0.0028627934371148966
2078.7564716863126,21.117033803304338,0.002824744914890474
2081.1492813102595,21.119409533153693,0.0027869883279280894
2083.542090934214,21.12178667080959,0.00274965122984821
2085.9349005581607,21.124165338139306,0.002712862705096816
2088.3277101821077,21.12654561485907,0.0026767529514616127
2090.720519806062,21.12892753561182,0.0026414527925252163
2093.113329430009,21.131311087186994,0.002607093113390107
2095.506139053956,21.13369620589195,0.0025738042141732415
2097.89894867791,21.136082775083676,0.002541715077584194
2100.291758301857,21.13847062286953,0.0025109525492643093
2102.684567925804,21.140859519985614,0.0024816404327320895
2105.0773775497582,21.143249177859985,0.0024538985045292412
2107.470187173705,21.145639246868864,0.0024278414596029334
2109.862996797652,21.148029314792446,0.0024035778017793778
2112.2558064216064,21.15041890547714,0.002381208699287102
2114.648616045554,21.15280747771039,0.0023608268302590836
2117.0414256695003,21.155194424313855,0.002342515247649532
2119.4342352934545,21.15757907146012,0.0023263462965867226
2121.8270449174015,21.159960678217736,0.002312380619451871
2124.2198545413485,21.16233843632894,0.0023006662844212897
2126.6126641653027,21.164711470223626,0.002291238071775553
2129.0054737892497,21.167078837272832,0.002284116948552116
2131.3982834131966,21.16943952828433,0.0022793097564260535
2133.791093037151,21.17179246824222,0.0022768091301289214
2136.183902661098,21.174136517292148,0.002276593654898445
2138.576712285045,21.17647047197243,0.0022786282618375998
2140.969521908999,21.178793066691682,0.0022828648505636953
2143.362331532946,21.181102975451726,0.002289243119704092
2145.7551411569,21.183398813814875,0.002297691578348525
2148.147950780847,21.18567914111313,0.0023081287059512332
2150.540760404794,21.187942462896466,0.00232046422475608
2152.9335700287484,21.190187233616463,0.0023346004474531197
2155.3263796526953,21.192411859540726,0.0023504336636137936
2157.7191892766423,21.19461470189266,0.002367855530932093
2160.1119989005965,21.196794080210157,0.0023867544412063137
2162.5048085245435,21.19894827591622,0.002407016835726882
2164.8976181484904,21.201075536093235,0.0024285284500212188
2167.2904277724447,21.20317407745185,0.0024511754730892786
2169.6832373963916,21.205242090484674,0.002474845611297001
2172.0760470203386,21.20727774379356,0.0024994290514977024
2174.468856644293,21.20927918857899,0.002524819321739663
2176.86166626824,21.211244563278527,0.0025509140509202325
2179.2544758921867,21.213171998341018,0.0025776156310135566
2181.647285516141,21.215059621121426,0.0026048317870531992
2184.040095140088,21.21690556088157,0.0026324760609891954
2186.432904764035,21.21870795388008,0.002660468215928406
2188.825714387989,21.220464948534705,0.0026887345672308932
2191.218524011936,21.22217471063922,0.0027172082466091316
2193.611333635883,21.223835428616667,0.002745829404771041
2196.0041432598373,21.225445318789717,0.0027745453574038754
2198.3969528837843,21.227002630648748,0.0028033106785210708
2200.789762507731,21.228505652097663,0.0028320872443063014
2203.1825721316854,21.229952714657003,0.0028608442298219427
2205.5753817556324,21.231342198603947,0.0028895580601495533
2207.9681913795794,21.232672538028158,0.002918212316915968
2210.3610010035336,21.233942225783014,0.0029467976005187716
2212.753810627481,21.235149818310944,0.0029753113480280586
2215.1466202514275,21.236293940322927,0.0030037576063230804
2217.5394298753818,21.237373289311236,0.0030321467599494657
2219.9322394993287,21.238386639875923,0.003060495213103939
2222.325049123283,21.23933284784554,0.003088825025298251
2224.71785874723,21.24021085417332,0.0031171635005225336
2227.110668371177,21.241019688591244,0.0031455427301299594
2229.503477995131,21.241758473004325,0.0031739990902125365
2231.896287619078,21.242426424609736,0.0032025726948908158
2234.289097243025,21.24302285872554,0.0032313068077101893
2236.6819068669793,21.24354719131529,0.0032602472141973894
2239.074716490926,21.243998941196363,0.003289441559521386
2241.467526114873,21.24437773192088,0.003318938656154659
2243.8603357388274,21.244683293319717,0.003348787767387555
2246.2531453627744,21.244915462701897,0.003379037873407315
2248.6459549867213,21.24507418570281,0.0034097369275332048
2251.0387646106756,21.245159516776713,0.003440931110870144
2253.4315742346225,21.245171619330584,0.00347266409421604
2255.8243838585695,21.245110765497923,0.0035049763164591917
2258.2171934825237,21.244977335553088,0.0035379042888233386
2260.6100031064707,21.24477181696835,0.003571479934304759
2263.0028127304176,21.244494803117355,0.00360572997130801
2265.395622354372,21.24414699163084,0.0036406753499496542
2267.788431978319,21.243729182411375,0.00367633074871689
2270.181241602266,21.24324227531625,0.0037127041381777013
2272.57405122622,21.242687267518345,0.00374979641728442
2274.966860850167,21.242065250557026,0.0037876011264548403
2277.359670474114,21.241377407091697,0.0038261042402744153
2279.752480098068,21.240625007372618,0.0038652840411375895
2282.145289722015,21.239809405443978,0.0039051110737526374
2284.538099345962,21.238932035096052,0.003945548178992934
2286.9309089699163,21.237994405583528,0.003986550604311513
2289.3237185938633,21.23699809712833,0.004028066186712694
2291.7165282178103,21.23594475622561,0.004070035603338254
2294.1093378417645,21.23483609077269,0.004112392683821256
2296.5021474657115,21.233673865040462,0.00415506477800094
2298.8949570896584,21.232459894507784,0.004197973172108101
2301.2877667136127,21.231196040578975,0.004241033546326928
2303.6805763375596,21.229884205205458,0.004284156466555897
2306.0733859615066,21.228526325431474,0.004327247903311071
2308.466195585461,21.227124367884837,0.004370209770937224
2310.859005209408,21.225680323232567,0.004412940480673194
2313.2518148333547,21.22419620062145,0.00445533550155829
2315.644624457309,21.22267402212304,0.004497287923676938
2318.037434081256,21.22111581720214,0.004538689018817774
2320.430243705203,21.21952361722706,0.004579428794195457
2322.823053329157,21.217899450039916,0.004619396535464203
2325.215862953104,21.216245334603645,0.004658481335863901
2327.608672577051,21.21456327574277,0.004696572608848446
2330.0014822010053,21.212855258993176,0.004733560582101085
2332.394291824952,21.21112324557619,0.004769336771313166
2334.787101448899,21.209369167510822,0.00480379443252991
2337.1799110728534,21.207594922877604,0.004836828992283653
2339.5727206968004,21.205802371246396,0.004868338455052598
2341.9655303207473,21.20399332927974,0.004898223787887077
2344.3583399447016,21.202169566522443,0.00492638928232236
2346.7511495686485,21.20033280138741,0.004952742893880007
2349.1439591925955,21.19848469734644,0.004977196559640393
2351.5367688165497,21.196626859334508,0.004999666494524964
2353.9295784404967,21.19476083037471,0.005020073467008843
2356.3223880644437,21.192888088430475,0.0050383430550809
2358.715197688398,21.191010043490877,0.005054405883314525
2361.108007312345,21.1891280348942,0.0050681978419398
2363.500816936292,21.18724332889386,0.005079660288831245
2365.893626560246,21.185357116470577,0.005088740235325002
2368.286436184193,21.18347051139364,0.005095390516729899
2370.67924580814,21.181584548533614,0.005099569948423872
2373.072055432094,21.179700182428146,0.005101243468337272
2375.464865056041,21.17781828610222,0.0051003822666077165
2377.857674679988,21.17593965014305,0.0050969639031250005
2380.2504843039424,21.174064982029922,0.005090972413631539
2382.6432939278893,21.172194905718335,0.005082398404964934
2385.0361035518363,21.17032996147746,0.00507123913997938
2387.4289131757905,21.1684706059793,0.005057498612588913
2389.8217227997375,21.166617212637824,0.005041187613287021
2392.2145324236844,21.164770072195175,0.00502232378544727
2394.6073420476387,21.16292939355261,0.0050009316725735005
2397.0001516715856,21.161095304842355,0.0049770427565961695
2399.39296129554,21.159267854736832,0.0049506954871973655
2401.785770919487,21.15744701399099,0.004921935302036451
2404.178580543434,21.155632677213124,0.004890814637600176
2406.571390167388,21.153824664858966,0.004857392930314354
2408.964199791335,21.152022725443835,0.0048217366073305375
2411.357009415282,21.150226537966457,0.004783919066298521
2413.749819039236,21.14843571453858,0.0047440206432103026
2416.142628663183,21.146649803213183,0.004702128567195014
2418.53543828713,21.144868291004098,0.004658336900932778
2420.9282479110843,21.143090607089512,0.004612746465064764
2423.3210575350313,21.141316126190944,0.00456546474470787
2425.7138671589782,21.13954417211916,0.004516605775853314
2428.1066767829325,21.13777402147801,0.004466290009075297
2430.499486406879,21.136004907516575,0.004414644147598466
2432.8922960308264,21.13423602411954,0.004361800956338499
2435.2851056547806,21.13246652992552,0.004307899038109455
2437.6779152787276,21.13069555256232,0.004253082572727023
2440.0707249026746,21.12892219298771,0.004197501014268081
2442.463534526629,21.127145529924075,0.004141308741289172
2444.856344150576,21.125364624374733,0.004084664654419484
2447.2491537745227,21.12357852420908,0.004027731715344832
2449.641963398477,21.12178626880395,0.003970676420995891
2452.034773022424,21.119986893727642,0.003913668206661336
2454.427582646371,21.118179435452895,0.0038568787718268054
2456.820392270325,21.11636293608509,0.003800481323011937
2459.213201894272,21.114536448091414,0.003744649728581497
2461.606011518219,21.112699039016384,0.003689557581719192
2463.9988211421733,21.110849796169422,0.003635377169445701
2466.39163076612,21.108987831269822,0.003582278347830932
2468.784440390067,21.107112285033963,0.003530427326423206
2471.1772500140214,21.10522233169058,0.003479985368450598
2473.5700596379684,21.103317183408976,0.0034311074174669894
2475.9628692619226,21.10139609462571,0.00338394066574066
2478.3556788858696,21.099458366255462,0.0033386230847131473
2480.7484885098165,21.097503349771745,0.0032952819429502714
2483.1412981337708,21.09553045114363,0.0032540323419963726
2485.5341077577177,21.09353913461524,0.0032149758049380634
2487.9269173816647,21.091528926314567,0.0031781989559247097
2490.319727005619,21.089499417679427,0.0031437723309605792
2492.712536629566,21.087450268688478,0.0031117493605805
2495.105346253513,21.085381210885977,0.0030821655631848863
2497.498155877467,21.083292050189634,0.0030550379838080797
2499.890965501414,21.081182669471847,0.0030303649067743585
2502.283775125361,21.07905303090518,0.0030081258624128078
2504.676584749315,21.076903178063773,0.0029882819380674746
2507.069394373262,21.074733237773895,0.0029707763927355416
2509.462203997209,21.072543421706634,0.0029555355634222685
2511.8550136211634,21.07033402770799,0.0029424700405867024
2514.2478232451103,21.068105440861874,0.0029314760805038186
2516.6406328690573,21.06585813428243,0.002922437214662304
2519.0334424930115,21.06359266963399,0.002915226010914132
2521.4262521169585,21.061309697377087,0.0029097059381656414
2523.8190617409055,21.0590099567405,0.0029057332860019268
2526.2118713648597,21.05669427542036,0.0029031590925591246
2528.604680988806,21.054363569008324,0.002901831037833095
2530.9974906127536,21.05201884015161,0.002901595264977834
2533.390300236708,21.04966117744917,0.0029022980984680182
2535.783109860655,21.047291754088807,0.002903787634810797
2538.1759194846018,21.044911826231143,0.002905915188294152
2540.568729108556,21.042522731147297,0.002908536580701777
2542.961538732503,21.040125885117757,0.0029115132697318017
2545.35434835645,21.037722781100904,0.0029147133158409673
2547.747157980404,21.03531498618026,0.002918012191334433
2550.139967604351,21.0329041388003,0.002921293438676932
2552.532777228298,21.030491945800918,0.002924449187326115
2554.9255868522523,21.02808017926168,0.002927380539909351
2557.3183964761993,21.02567067316709,0.0029299978393980716
2559.7112061001462,21.02326531990446,0.0029322208292787196
2562.1040157241005,21.020866066606455,0.0029339787185382418
2564.4968253480474,21.01847491135067,0.002935210162846511
2566.8896349719944,21.016093899228377,0.0029358631726179546
2569.2824445959486,21.013725118295227,0.0029358949577930407
2571.6752542198956,21.011370695416243,0.0029352717182469486
2574.0680638438425,21.009032792017734,0.002933968387805954
2576.460873467797,21.006713599758463,0.002931968338863605
2578.8536830917437,21.0044153361324,0.002929263053731014
2581.2464927156907,21.002140240015,0.0029258517679683293
2583.639302339645,20.999890567164947,0.0029217410901914765
2586.032111963592,20.997668585692786,0.002916944602136524
2588.424921587539,20.99547657150752,0.0029114824421460268
2590.817731211493,20.993316803752055,0.002905380874718211
2593.21054083544,20.991191560237827,0.002898671848268984
2595.603350459387,20.98910311288839,0.0028913925429273728
2597.9961600833412,20.987053723201583,0.0028835849098301637
2600.388969707288,20.985045637739198,0.002875295203189724
2602.781779331235,20.98308108365244,0.0028665735062171965
2605.1745889551894,20.98116226425138,0.002857473251904634
2607.5673985791364,20.979291354625826,0.0028480507396234324
2609.9602082030833,20.977470497324287,0.002838364648528111
2612.3530178270375,20.97570179809787,0.002828475548820681
2614.7458274509845,20.973987321714826,0.002818445412082021
2617.1386370749315,20.972329087851186,0.0028083371220206962
2619.5314466988857,20.97072906706267,0.0027982139872330214
2621.9242563228327,20.969189176842256,0.0027881392577967508
2624.3170659467796,20.96771127776763,0.0027781756477787732
2626.709875570734,20.966297169742244,0.0027683848660298464
2629.102685194681,20.964948588333243,0.0027588271579022947
2631.495494818628,20.963667201209393,0.002749560860783236
2633.888304442582,20.962454604681575,0.0027406419765670233
2636.281114066529,20.96131232034834,0.0027321237643742288
2638.673923690476,20.960241791848595,0.002724056356934835
2641.06673331443,20.95924438172335,0.0027164864041124346
2643.459542938377,20.95832136838832,0.0027094567470048276
2645.852352562324,20.95747394321881,0.00270300612591623
2648.2451621862783,20.956703207748568,0.002697168925267127
2650.6379718102253,20.956010170983706,0.0026919749581691293
2653.0307814341795,20.955395746833247,0.002687449292954988
2655.4235910581265,20.95486075165742,0.0026836121234304943
2657.8164006820734,20.954405901935097,0.0026804786839987305
2660.2092103060277,20.9540318120517,0.002678059210156874
2662.602019929974,20.953738992209008,0.002676358944146344
2664.9948295539216,20.95352784645839,0.0026753781848288145
2667.387639177876,20.953398670859077,0.0026751123801296837
2669.780448801823,20.953351651763317,0.0026755522597382156
2672.1732584257697,20.953386864230442,0.002676684005106492
2674.566068049724,20.95350427057192,0.0026784894532625747
2676.958877673671,20.953703719029857,0.0026809463304990093
2679.351687297618,20.953984942591564,0.002684028511660422
2681.744496921572,20.954347557943137,0.0026877063005166686
2684.137306545519,20.954791064564986,0.0026919467266187523
2686.530116169466,20.955314843972978,0.0026967138540130017
2688.9229257934203,20.955918159108705,0.0027019690973201552
2691.3157354173673,20.95660015388281,0.0027076715408753133
2693.708545041314,20.95735985287571,0.002713778256928209
2696.1013546652684,20.95819616120012,0.002720244619231675
2698.4941642892154,20.95910786453006,0.0027270246087732065
2700.8869739131624,20.960093629301586,0.0027340711088245
2703.2797835371166,20.961152003090106,0.002741336186933506
2705.6725931610636,20.962281415169983,0.0027487713619539084
2708.0654027850105,20.963480177261975,0.0027563278546290423
2710.4582124089648,20.964746484474155,0.0027639568206989733
2712.8510220329117,20.966078416442322,0.0027716095658623947
2715.2438316568587,20.96747393867583,0.002779237742333762
2717.636641280813,20.968930904114774,0.0027867935270155185
2720.02945090476,20.97044705490455,0.0027942297816132525
2722.422260528707,20.972020024393757,0.0028015001952735106
2724.815070152661,20.973647339361115,0.00280855941050578
2727.207879776608,20.97532642247712,0.0028153631333342195
2729.6006894005623,20.977054595005747,0.002821868228744691
2731.993499024509,20.97882907975117,0.002828032802605595
2734.386308648456,20.980647004254358,0.0028338162712832913
2736.7791182724104,20.982505404243387,0.0028391794202504697
2739.1719278963574,20.98440122734139,0.002844084452971139
2741.5647375203043,20.986331337034926,0.0028484950313676684
2743.9575471442586,20.988292516905155,0.002852376309160925
2746.3503567682055,20.990281475123062,0.0028556949593272255
2748.7431663921525,20.992294849209596,0.0028584191968834046
2751.1359760161067,20.994329211059934,0.0028605187981726714
2753.5287856400537,20.99638107223056,0.0028619651177348043
2755.9215952640006,20.998446889486523,0.0028627311038108344
2758.314404887955,21.00052307060475,0.0028627913134336423
2760.707214511902,21.002605980428402,0.002862121928002012
2763.100024135849,21.004691947165526,0.002860700770144257
2765.492833759803,21.00677726892394,0.0028585073225956027
2767.88564338375,21.00885822047272,0.0028555227497361673
2770.278453007697,21.010931060219196,0.0028517299223441476
2772.671262631651,21.012992037388546,0.0028471134460386943
2775.064072255598,21.0150373993916,0.0028416596937794877
2777.456881879545,21.01706339936478,0.002835356842724814
2779.8496915034993,21.019066303864392,0.0028281949156370298
2782.2425011274463,21.021042400695702,0.0028201658269458017
2784.6353107513933,21.02298800685602,0.0028112634334774623
2787.0281203753475,21.02489947656884,0.002801483589773992
2789.4209299992945,21.02677320938494,0.0027908242078292463
2791.8137396232414,21.028605658324942,0.0027792853209778045
2794.2065492471957,21.030393338035967,0.002766869151582239
2796.5993588711426,21.032132832934447,0.002753580182064084
2798.9921684950896,21.033820805305428,0.0027394252287641515
2801.384978119044,21.035454003328095,0.0027244135179782312
2803.7777877429908,21.037029268996157,0.002708556763482617
2806.1705973669377,21.038543545901394,0.0026918692447341678
2808.563406990892,21.03999388684788,0.0026743678848686744
2810.956216614839,21.041377461264283,0.002656072327518652
2813.349026238786,21.042691562381798,0.0026370050114083486
2815.74183586274,21.04393361414502,0.0026171912415681314
2818.134645486687,21.04510117782399,0.002596659255944502
2820.527455110634,21.046191958295907,0.002575440286097508
2822.9202647345883,21.047203809966092,0.0025535686105473705
2825.3130743585352,21.04813474229894,0.0025310815992899104
2827.705883982482,21.048982924930897,0.002508019747844143
2830.0986936064364,21.04974669233909,0.0024844266991497477
2832.4915032303834,21.050424548041214,0.0024603492514462836
2834.8843128543303,21.05101516830413,0.0024358373502393347
2837.2771224782846,21.05151740534106,0.0024109440622634877
2839.6699321022315,21.05193028997944,0.0023857255292840636
2842.0627417261785,21.052253033784353,0.0023602408994514946
2844.4555513501327,21.05248503062491,0.0023345522338026684
2846.8483609740797,21.05262585767406,0.002308724385452896
2849.2411705980267,21.052675275834872,0.002282824848923002
2851.633980221981,21.052633229589723,0.0022569235770603926
2854.026789845928,21.052499846271537,0.0022310927630190113
2856.419599469875,21.05227543475942,0.0022054065849118425
2858.812409093829,21.051960483603974,0.002179940910922222
2861.205218717776,21.05155565859064,0.0021547729630087354
2863.598028341723,21.051061799752205,0.002129980937781281
2865.990837965677,21.05047991784452,0.002105643583805895
2868.383647589624,21.049811190302115,0.0020818397353488554
2870.776457213571,21.049056956692894,0.0020586478036547567
2873.169266837526,21.04821871369355,0.002036145228010513
2875.5620764614723,21.047298109609585,0.0020144078903397596
2877.9548860854193,21.046296938465535,0.0019935094985903
2880.3476957093735,21.045217133693168,0.0019735209459813986
2882.7405053333205,21.044060761446776,0.001954509654912999
2885.133314957267,21.042830013575905,0.0019365389161603457
2887.5261245812217,21.041527200287266,0.0019196672356090179
2889.9189342051686,21.040154742528184,0.0019039477022143407
2892.3117438291156,21.03871516412462,0.00188942739191383
2894.70455345307,21.037211083707312,0.0018761468227359392
2897.097363077017,21.035645206459588,0.0018641394763162051
2899.490172700971,21.034020315720387,0.0018534314002490169
2901.882982324918,21.032339264475908,0.0018440409042389978
2904.275791948865,21.030604966772604,0.0018359783607929119
2906.668601572819,21.028820389083766,0.0018292461183685468
2909.061411196766,21.026988541661197,0.001823838531544604
2911.454220820713,21.02511246990211,0.0018197421090462922
2913.8470304446673,21.02319524576093,0.0018169357766935322
2916.2398400686143,21.02123995923386,0.0018153912485495303
2918.6326496925612,21.019249709943004,0.0018150734962262141
2921.0254593165155,21.017227598845558,0.0018159413033259923
2923.4182689404624,21.015176720091887,0.0018179478898946928
2925.8110785644094,21.013100153054783,0.0018210415901935386
2928.2038881883636,21.0110009545509,0.0018251665665297058
2930.5966978123106,21.008882151273582,0.0018302635419338669
2932.9895074362576,21.006746732454538,0.001836270535313335
2935.382317060212,21.00459764277078,0.0018431235840404136
2937.7751266841587,21.00243777551126,0.001850757440782995
2940.1679363081057,21.00026996601614,0.0018591062334386967
2942.56074593206,20.998096985400426,0.0018681040792760866
2944.953555556007,20.995921534572084,0.001877685646623907
2947.346365179954,20.99374623855338,0.0018877866595915433
2949.739174803908,20.99157364111306,0.001898344343234769
2952.131984427855,20.989406199715553,0.001909297808356376
2954.524794051802,20.987246280792373,0.001920588376535807
2956.9176036757563,20.985096155339807,0.0019321598471950063
2959.310413299703,20.98295799484596,0.001943958709426773
2961.70322292365,20.980833867549187,0.0019559343019650175
2964.0960325476044,20.978725735029414,0.001968038925123628
2966.4888421715514,20.976635449132765,0.00198022790880964
2968.8816517954983,20.974564749229266,0.001992459640809074
2971.274461419453,20.972515259803092,0.0020046955595161738
2973.6672710433995,20.970488488373803,0.0020169001151930086
2976.0600806673465,20.968485823746786,0.0020290407036344755
2978.4528902913007,20.966508534590705,0.0020410875759501587
2980.8456999152477,20.964557768339283,0.0020530137278527744
2983.238509539202,20.962634550414272,0.0020647947716563933
2985.631319163149,20.960739783766595,0.002076408793899462
2988.024128787096,20.958874248731767,0.0020878362012696273
2990.41693841105,20.957038603196075,0.002099059557263245
2992.809748034997,20.955233383069274,0.002110063411825997
2995.202557658944,20.953459003059766,0.002120834126003271
2997.595367282898,20.951715757747685,0.002131359693451595
2999.988176906845,20.950003822951427,0.0021416295605397235
3002.380986530792,20.948323257382782,0.002151634446588253
3004.7737961547464,20.94667400458568,0.002161366165698529
3007.1666057786933,20.945055895153526,0.002170817451519766
3009.5594154026403,20.943468649219497,0.0021799817861778356
3011.9522250265945,20.941911879214423,0.002188853234531949
3014.3450346505415,20.940385092886267,0.00219742628482373
3016.7378442744885,20.938887696574973,0.0022056956967089745
3019.1306538984427,20.937418998736355,0.0022136563575940013
3021.5234635223896,20.93597821370814,0.0022213031481260175
3023.9162731463366,20.934564465710835,0.0022286308175763344
3026.309082770291,20.93317679307603,0.002235633869845324
3028.701892394238,20.931814152693907,0.0022423064606680167
3031.0947020181848,20.930475424671435,0.002248642306558614
3033.487511642139,20.92915941719221,0.0022546346059262815
3035.880321266086,20.92786487156835,0.0022602759727120107
3038.273130890033,20.926590467474107,0.0022655583828065187
3040.665940513987,20.92533482835062,0.0022704731333826945
3043.058750137934,20.92409652697017,0.0022750108152255403
3045.451559761881,20.922874091147953,0.0022791612980032
3047.8443693858353,20.92166600958863,0.002282913728334282
3050.2371790097823,20.920470737854206,0.002286256540419767
3052.629988633729,20.919286704439067,0.002289177478893754
3055.0227982576835,20.91811231693761,0.0022916636334682832
3057.4156078816304,20.91694596828877,0.0022937014848490394
3059.8084175055774,20.91578604308153,0.0022952769613280707
3062.2012271295316,20.91463092390459,0.0022963755053709675
3064.5940367534786,20.913478997723047,0.0022969821494596547
3066.9868463774255,20.912328662264017,0.002297081600379406
3069.37965600138,20.91117833239292,0.002296658331113317
3071.7724656253267,20.910026446461764,0.0022956966794311128
3074.1652752492737,20.908871472609977,0.0022941809522540203
3076.558084873228,20.907711914998444,0.002292095534855065
3078.950894497175,20.906546319956973,0.0022894250039184397
3081.343704121122,20.905373282025252,0.0022861542435183343
3083.736513745076,20.904191449867405,0.002282268563040642
3086.129323369023,20.90299953204024,0.0022777538161281702
3088.52213299297,20.90179630259534,0.002272596519716233
3090.914942616924,20.90058060649552,0.0022667839722950774
3093.307752240871,20.899351364826668,0.0022603043705391413
3095.700561864818,20.898107579785872,0.0022531469235061705
3098.0933714887724,20.896848339428214,0.0022453019636690455
3100.4861811127194,20.89557282215439,0.00223676105406947
3102.8789907366663,20.89428030092288,0.0022275170909640623
3105.2718003606205,20.892970147170715,0.002217564401404415
3107.6646099845675,20.891641834428356,0.0022068988352050654
3110.0574196085145,20.890294941614954,0.002195517850894673
3112.4502292324687,20.888929156001762,0.0021834205952438314
3114.8430388564157,20.88754427583259,0.002170607976061793
3117.2358484803626,20.88614021259153,0.00215708272801837
3119.628658104317,20.884716992909954,0.0021428494712953765
3122.021467728264,20.883274760105646,0.002127914762938461
3124.414277352211,20.881813775349194,0.0021122871408321728
3126.807086976165,20.88033441845398,0.002095977160297461
3129.199896600112,20.878837188287488,0.0020789974232912492
3131.592706224059,20.877322702803948,0.002061362600323291
3133.985515848013,20.875791698699164,0.0020430894451447567
3136.37832547196,20.87424503069068,0.0020241968023525314
3138.771135095907,20.87268367042744,0.0020047056080453856
3141.1639447198613,20.871108705035127,0.001984638883680959
3143.5567543438083,20.869521335304505,0.0019640217232749215
3145.9495639677552,20.867922873531754,0.0019428812740778518
3148.3423735917095,20.866314741021014,0.0019212467108523118
3150.7351832156564,20.8646984652608,0.001899149203805688
3153.1279928396107,20.86307567678695,0.0018766218802182234
3155.5208024635576,20.86144810574607,0.0018536997797294669
3157.9136120875046,20.85981757817439,0.0018304198031570105
3160.306421711459,20.858186012007607,0.001806820654666261
3162.699231335406,20.856555412838638,0.0017829427769618308
3165.0920409593527,20.854927869440242,0.0017588282790957715
3167.484850583307,20.85330554907039,0.0017345208563259436
3169.877660207254,20.851690692578714,0.001710065701335934
3172.270469831201,20.85008560933245,0.0016855094059698484
3174.663279455155,20.848492671980775,0.0016608998525005907
3177.056089079102,20.846914311076326,0.0016362860932650429
3179.448898703049,20.845353009572694,0.0016117182173939696
3181.8417083270033,20.843811297216764,0.0015872472032132968
3184.2345179509502,20.842291744854265,0.001562924754797347
3186.627327574897,20.840796958666708,0.0015388031210884679
3189.020137198851,20.839329574357656,0.0015149348960030833
3191.4129468227984,20.837892251305387,0.0014913727979858557
3193.805756446746,20.83648766669896,0.0014681694276258816
3196.1985660706996,20.835118509673517,0.0014453770022184703
3198.5913756946466,20.833787475460582,0.0014230470665170239
3200.9841853185935,20.832497259567774,0.0014012301794520921
3203.376994942548,20.831250552002302,0.001379975577262708
3205.7698045664947,20.830050031550847,0.0013593308143265116
3208.1626141904417,20.828898360128807,0.0013393413839458113
3210.555423814396,20.827798177209978,0.001320050322500512
3212.948233438343,20.826752094347516,0.001301497801609111
3215.34104306229,20.825762689796033,0.001283720714210578
3217.733852686244,20.82483250324371,0.0012667522618457698
3220.126662310191,20.823964030662825,0.0012506215515757796
3222.519471934138,20.8231597192857,0.0012353532120754067
3224.912281558092,20.82242196271291,0.0012209670392080525
3227.305091182039,20.821753096159604,0.0012074776818086395
3229.6979008059934,20.82115539184471,0.0011948943784080676
3232.0907104299404,20.820631054527794,0.0011832207550738878
3234.4835200538873,20.820182217197022,0.00117245469352309
3236.8763296778416,20.81981093691159,0.0011625882770246027
3239.2691393017885,20.819519190800946,0.0011536078196298404
3241.6619489257355,20.81930887222311,0.0011454939818110342
3244.0547585496897,20.819181787083522,0.0011382219729745395
3246.4475681736367,20.819139650315524,0.0011317618385959967
3248.8403777975836,20.81918408252338,0.0011260788271689644
3251.233187421538,20.819316606788277,0.001121133829799265
3253.625997045485,20.81953864563727,0.001116883883416093
3256.018806669432,20.819851518175476,0.0011132827271759717
3258.411616293386,20.82025643738087,0.0011102814008450011
3260.804425917333,20.82075450756165,0.0011078288737524625
3263.19723554128,20.82134672197536,0.0011058726932417964
3265.590045165234,20.822033960609563,0.001104359642433151
3267.982854789181,20.822816988123208,0.00110323639826245
3270.375664413128,20.823696451948468,0.001102450182340779
3272.7684740370823,20.82467288055222,0.0011019493987369645
3275.1612836610293,20.825746681857083,0.001101684254504769
3277.5540932849763,20.8269181418217,0.001101607360364873
3279.9469029089305,20.82818742318001,0.001101674310391429
3282.3397125328775,20.82955456433961,0.0011018442408216342
3284.7325221568244,20.831019478439696,0.00110208036904446
3287.1253317807787,20.832581952568688,0.0011023505145394818
3289.5181414047256,20.834241647142374,0.0011026276039143136
3291.910951028673,20.83599809544359,0.0011028901622265638
3294.303760652627,20.837850703324577,0.001103122792549224
3296.6965702765738,20.839798749073047,0.0011033166451071598
3299.0893799005207,20.841841383444358,0.0011034698763942685
3301.482189524475,20.843977629860852,0.0011035880974214346
3303.874999148422,20.846206384781198,0.0011036848085672593
3306.267808772369,20.848526418241647,0.001103781816561457
3308.660618396323,20.850936374572033,0.0011039096267159824
3311.05342802027,20.853434773289063,0.001104107800875819
3313.446237644217,20.856020010170063,0.0011044252684867593
3315.8390472681713,20.858690358510245,0.0011049205749996808
3318.2318568921182,20.861443970566413,0.0011056620484755357
3320.624666516065,20.86427887919073,0.0011067278620550426
3323.0174761400194,20.86719299965779,0.0011082059671627595
3325.4102857639664,20.87018413168815,0.0011101938702810855
3327.8030953879133,20.873249961671867,0.001112798225358657
3330.1959050118676,20.876388065095135,0.001116134214935626
3332.5887146358145,20.879595909172977,0.0011203246963556348
3334.9815242597615,20.88287085569107,0.0011254990955902443
3337.3743338837157,20.88621016405924,0.0011317920404462821
3339.7671435076627,20.889610994578835,0.001139341737326631
3342.1599531316097,20.893070411926153,0.0011482881109221997
3344.552762755564,20.8965853888531,0.0011587707432776581
3346.945572379511,20.900152810106423,0.0011709266662954267
3349.338382003458,20.90376947656566,0.0011848880778965473
3351.731191627412,20.907432109599885,0.0012007800649282481
3354.124001251359,20.911137355641955,0.0012187184231621407
3356.516810875306,20.914881790978992,0.001238807665130559
3358.90962049926,20.91866192675635,0.001261139299172959
3361.302430123207,20.922474214191713,0.0012857904482762412
3363.695239747154,20.926315049994937,0.0013128228565239064
3366.0880493711084,20.93018078198842,0.0013422823064619456
3368.4808589950553,20.934067714921134,0.0013741984452758942
3370.8736686190023,20.937972116469503,0.0014085849940698421
3373.2664782429565,20.941890223415562,0.001445440295198261
3375.6592878669035,20.945818247993117,0.001484748138983066
3378.0520974908504,20.949752384390663,0.0015264788039108961
3380.4449071148047,20.953688815398596,0.001570590243163099
3382.8377167387516,20.957623719187144,0.0016170293543108622
3385.2305263626986,20.961553276200487,0.0016657332765716442
3387.623335986653,20.965473676150694,0.0017166306699425479
3390.0161456106,20.96938112509441,0.001769642941210308
3392.4089552345467,20.973271852574015,0.0018246853923384028
3394.801764858501,20.977142118803428,0.001881668276173269
3397.194574482448,20.980988221878277,0.0019404977523247604
3399.587384106395,20.984806504988875,0.002001076742396097
3401.980193730349,20.98859336361334,0.002063305688293952
3404.373003354296,20.99234525266784,0.002127083220494385
3406.7658129782503,20.996058693590033,0.002192306744994683
3409.1586226021973,20.999730281331022,0.0022588729584993167
3411.551432226144,21.003356691231193,0.002326678301513633
3413.9442418500985,21.006934685754427,0.0023956193585476997
3416.3370514740454,21.010461121055606,0.002465593213856494
3418.7298610979924,21.013932953355987,0.00253649777017228
3421.122670721946,21.017347245101252,0.0026082320367551543
3423.5154803458936,21.020701170877512,0.0026806963920770585
3425.908289969841,21.023992023061176,0.002753792825336916
3428.301099593795,21.027217217178904,0.00282742516010922
3430.6939092177417,21.030374296955106,0.0029014992625079707
3433.0867188416887,21.033460939025623,0.002975923235548648
3435.479528465643,21.036474957296797,0.0030506076006905397
3437.87233808959,21.03941430693134,0.0031254654670362226
3440.265147713537,21.04227708794346,0.0032004126882194442
3442.657957337491,21.045061548387412,0.0032753680066386955
3445.050766961438,21.047766087125645,0.003350253184461793
3447.443576585385,21.05038925616463,0.003424993120606843
3449.8363862093393,21.052929762548224,0.0034995159528060436
3452.229195833286,21.055386469800947,0.0035737531437679123
3454.622005457233,21.057758398915496,0.003647639550480287
3457.0148150811874,21.06004472888119,0.003721113475704198
3459.4076247051344,21.062244796752008,0.003794116700791748
3461.8004343290813,21.064358097255884,0.0038665944991028997
3464.1932439530356,21.06638428194844,0.0039384956293998
3466.5860535769825,21.068323157916847,0.004009772308805856
3468.9788632009295,21.0701746860423,0.004080380165092753
3471.3716728248837,21.07193897883058,0.004150278168268627
3473.7644824488307,21.07361629782345,0.004219428541669375
3476.1572920727776,21.075207050604824,0.004287796652988869
3478.550101696732,21.076711787417853,0.004355350885915467
3480.942911320679,21.078131197410453,0.004422062493280009
3483.335720944633,21.07946610452914,0.004487905432855945
3485.72853056858,21.080717463081363,0.0045528561871799825
3488.121340192527,21.081886352988892,0.004616893568972806
3490.514149816481,21.082973974755163,0.004679998513942136
3492.906959440428,21.08398164417079,0.004742153862925659
3495.299769064375,21.0849107867821,0.0048033441355123255
3497.6925786883294,21.085762932148096,0.004863555297380394
3500.0853883122763,21.08653970791184,0.004922774523742769
3502.4781979362233,21.08724283371215,0.004980989961343507
3504.8710075601775,21.087874114961778,0.005038190491505962
3507.2638171841245,21.08843543651839,0.0050943654967642625
3509.6566268080715,21.088928756273578,0.005149504633585504
3512.0494364320257,21.089356098685805,0.005203597613665335
3514.4422460559726,21.089719548281757,0.005256633996185908
3516.8350556799196,21.090021243150353,0.00530860299334138
3519.227865303874,21.090263368452586,0.005359493291302617
3521.620674927821,21.090448149969923,0.005409292888631151
3524.013484551768,21.090577847712268,0.005457988953987639
3526.406294175722,21.090654749606255,0.0055055677047760624
3528.799103799669,21.090681165282604,0.005552014308144526
3531.191913423616,21.090659419980927,0.005597312805569539
3533.58472304757,21.090591848588453,0.005641446061972953
3535.977532671517,21.0904807898282,0.00568439574012081
3538.370342295464,21.090328580610652,0.0057261423007922
3540.7631519194183,21.090137550561945,0.005766665028974657
3543.1559615433653,21.089910016739797,0.005805942086111971
3545.548771167312,21.08964827854755,0.005843950588209926
3547.9415807912665,21.0893546128552,0.0058806667093786414
3550.3343904152134,21.089031269335024,0.005916065810216701
3552.7272000391604,21.08868046601816,0.005950122590236548
3555.1200096631146,21.08830438507745,0.0059828112633829806
3557.5128192870616,21.087905168840596,0.006014105755523847
3559.9056289110085,21.08748491603649,0.006043979922694586
3562.2984385349628,21.087045678276787,0.0060724077887358745
3564.6912481589097,21.08658945677359,0.006099363800879763
3567.0840577828567,21.086118199293203,0.006124823101765478
3569.476867406811,21.085633797345242,0.006148761816284516
3571.869677030758,21.085138083605266,0.006171157351622191
3574.262486654705,21.08463282956866,0.006191988708804604
3576.655296278659,21.084119743432545,0.006211236804033091
3579.048105902606,21.083600468202153,0.006228884798069294
3581.440915526553,21.0830765800172,0.006244918431894799
3583.8337251505072,21.082549586693666,0.006259326366861335
3586.226534774454,21.082020926475614,0.006272100527507969
3588.619344398401,21.081491966991457,0.006283236445212489
3591.0121540223554,21.080964004408784,0.0062927336007837075
3593.4049636463023,21.080438262781378,0.006300595764068902
3595.7977732702493,21.07991589358202,0.006306831328583658
3598.1905828942035,21.079397975414352,0.0063114536390983566
3600.5833925181505,21.078885513896928,0.006314481310014345
3602.9762021420975,21.07837944171255,0.0063159385322627834
3605.369011766052,21.077880618815758,0.0063158553663022
3607.761821389998,21.077389832791464,0.006314268018664157
3610.1546310139456,21.076907799357507,0.006311219099281451
3612.5474406379,21.076435163004163,0.006306757856670655
3614.940250261847,21.075972497763416,0.006300940387779665
3617.333059885794,21.07552030810105,0.006293829819099659
3619.725869509748,21.075079029924577,0.006285496455374076
3622.118679133695,21.07464903170026,0.006276017891970321
3624.511488757642,21.074230615672356,0.006265479086719845
3626.904298381596,21.073824019178144,0.006253972386765877
3629.297108005543,21.073429416052143,0.006241597505736565
3631.68991762949,21.073046918113313,0.006228461446330957
3634.082727253444,21.07267657672894,0.00621467836328025
3636.4755368773913,21.072318384449435,0.0062003693615428936
3638.8683465013382,21.071972276707967,0.006185662224621968
3641.261156125293,21.071638133579473,0.006170691068022047
3643.653965749239,21.071315781593466,0.006155595913138088
3646.0467753731864,21.071004995595413,0.006140522177338467
3648.4395849971406,21.070705500651474,0.006125620076647153
3650.832394621088,21.07041697399181,0.006111043938329099
3653.2252042450345,21.070139046987542,0.006096951421814002
3655.618013868989,21.06987130715692,0.006083502647784523
3658.010823492936,21.06961330019625,0.006070859236935071
3660.40363311689,21.069364532031347,0.006059183261821887
3662.796442740837,21.069124470885512,0.0060486361173949866
3665.189252364784,21.06889254936011,0.006039377318161032
3667.582061988738,21.06866816652414,0.006031563232436491
3669.974871612685,21.068450690009076,0.006025345766692991
3672.367681236632,21.068239458105896,0.006020871015544951
3674.7604908605863,21.068033781860716,0.0060182778952777944
3677.153300484533,21.06783294716633,0.0060176967809406024
3679.54611010848,21.06763621684651,0.006019248168706385
3681.9389197324344,21.06744283273037,0.006023041386395563
3684.3317293563814,21.067252017714218,0.006029173375579871
3686.724538980328,21.067062977808373,0.006037727568519391
3689.1173486042826,21.06687490416666,0.006048772882209402
3691.5101582282296,21.066686975096268,0.006062362850074467
3693.902967852177,21.066498358046058,0.006078534909324417
3696.295777476131,21.066308211571172,0.006097309858793005
3698.6885871000777,21.066115687272298,0.006118691498308062
3701.0813967240247,21.065919931707697,0.006142666456465153
3703.474206347979,21.06572008827654,0.006169204209263898
3705.867015971926,21.065515299071873,0.006198257287623327
3708.259825595873,21.065304706702047,0.0062297616675039726
3710.652635219827,21.065087456079034,0.006263637332421793
3713.045444843774,21.06486269617267,0.006299788994697202
3715.438254467721,21.064629581729562,0.006338106958947525
3717.831064091675,21.064387274955646,0.0063784681091997785
3720.223873715622,21.06413494716152,0.006420736999595559
3722.616683339569,21.063871780369595,0.00646476702798822
3725.0094929635234,21.06359696888226,0.006510401671716789
3727.4023025874703,21.06330972081046,0.00655747576545627
3729.7951122114177,21.063009259561838,0.006605816802154656
3732.187921835371,21.062694825287945,0.006655246239577377
3734.5807314593185,21.06236567628997,0.006705580796776819
3736.9735410832727,21.062021090382412,0.006756633726798528
3739.36635070722,21.061660366214323,0.00680821605397217
3741.759160331166,21.061282824547682,0.006860137766201446
3744.151969955121,21.06088780949251,0.00691220895462622
3746.544779579068,21.06047468969841,0.006964240894862527
3748.937589203015,21.060042859502254,0.007016047065694817
3751.330398826969,21.059591740031703,0.007067444102540343
3753.723208450916,21.059120780264323,0.007118252684271663
3756.116018074863,21.05862945804212,0.007168298353024155
3758.508827698817,21.058117281041167,0.00721741226745441
3760.901637322764,21.05758378769631,0.007265431890577946
3763.294446946711,21.0570285480806,0.007312201613799197
3765.687256570666,21.056451164739393,0.007357573319088153
3768.080066194612,21.055851273478964,0.007401406881475841
3770.4728758185593,21.055228544109397,0.007443570614140963
3772.8656854425135,21.054582681141714,0.007483941658387231
3775.258495066461,21.05391342443904,0.007522406320763583
3777.6513046904074,21.053220549821717,0.007558860359479338
3780.0441143143617,21.052503869626197,0.007593209222134263
3782.4369239383086,21.05176323321758,0.007625368236620568
3784.829733562256,21.05099852745576,0.0076552627568820236
3787.22254318621,21.0502096771149,0.0076828282650282355
3789.6153528101568,21.049396645256333,0.007708010431128842
3792.008162434104,21.048559433554537,0.0077307651318344285
3794.400972058058,21.04769808257628,0.0077510584288071616
3796.793781682005,21.04681267201272,0.007768866507787306
3799.186591305952,21.04590332086439,0.007784175579011449
3801.579400929906,21.044970187579025,0.007796981739547541
3803.972210553853,21.04401347014209,0.007807290798060465
3806.3650201778,21.04303340612002,0.007815118062408661
3808.7578298017543,21.042030272656113,0.007820488090458523
3811.150639425701,21.041004386419033,0.007823434404459782
3813.543449049648,21.03995610350394,0.007823999169325302
3815.9362586736024,21.0388858192863,0.007822232835209665
3818.3290682975494,21.0377939682284,0.007818193744803569
3820.721877921496,21.036681023638604,0.0078119477058771645
3823.1146875454506,21.035547497383597,0.007803567529702537
3825.5074971693975,21.034393939553674,0.007793132536140895
3827.900306793345,21.03322093808119,0.007780728026355792
3830.2931164172983,21.032029118312664,0.007766444724320469
3832.6859260412457,21.03081914253449,0.007750378188544566
3835.0787356651927,21.029591709452777,0.007732628195704172
3837.471545289147,21.028347553627697,0.007713298098182474
3839.864354913094,21.027087444862623,0.007692494157845404
3842.257164537041,21.025812187548635,0.007670324858762319
3844.649974160995,21.024522619964916,0.007646900201940142
3847.042783784942,21.023219613535563,0.007622330985560588
3849.435593408889,21.021904072043505,0.007596728074600622
3851.828403032843,21.02057693080216,0.007570201664146835
3854.22121265679,21.019239155785694,0.007542860541099181
3856.614022280737,21.017891742718536,0.007514811349348962
3859.0068319046914,21.016535716125148,0.007486157863877302
3861.3996415286383,21.015172128340943,0.0074570002795140335
3863.7924511525857,21.01380205848527,0.0074274345203538625
3866.185260776539,21.01242661139756,0.007397551576012358
3868.5780704004865,21.011046916537815,0.007367436871001187
3870.9708800244334,21.009664126852332,0.007337169673491696
3873.363689648388,21.00827941760617,0.007306822549654388
3875.7564992723346,21.0068939851834,0.007276460869538063
3878.1493088962816,21.005509045856513,0.007246142370115168
3880.542118520236,21.004125834526306,0.007215916780688358
3882.934928144183,21.002745603433674,0.0071858255152743335
3885.3277377681297,21.001369620844674,0.007155901435912974
3887.720547392084,20.99999916971035,0.007126168690088267
3890.113357016031,20.998635546302875,0.007096642624580075
3892.506166639978,20.997280058829396,0.007067329777154281
3894.898976263932,20.995934026025267,0.0070382279465424375
3897.291785887879,20.994598775728207,0.007009326340170899
3899.684595511826,20.99327564343492,0.006980605798122988
3902.07740513578,20.99196597084187,0.006952039090874832
3904.4702147597272,20.990671104371827,0.006923591287442504
3906.863024383674,20.989392393687712,0.006895220189755423
3909.255834007629,20.98813119019555,0.006866876828361911
3911.6486436315754,20.98688884553802,0.006838506013935054
3914.0414532555296,20.985666710080306,0.006810046938572832
3916.4342628794766,20.984466131389944,0.00678143382051317
3918.827072503424,20.983288452712117,0.0067525965856802895
3921.219882127378,20.98213501144221,0.006723461579353757
3923.6126917513247,20.98100713759714,0.0066939523013231144
3926.005501375272,20.979906152286986,0.0066639901580087665
3928.398310999226,20.978833366188613,0.0066334952253259616
3930.791120623173,20.97779007802277,0.006602387016408049
3933.18393024712,20.976777573036138,0.006570585248719112
3935.576739871074,20.975797121489972,0.006538010605630397
3937.969549495021,20.974849977156676,0.0065045854880182085
3940.362359118968,20.97393737582579,0.0064702347520303695
3942.7551687429223,20.973060533820917,0.006434886429758925
3945.147978366869,20.972220646528818,0.006398472430094091
3947.540787990816,20.97141888694219,0.006360929217615855
3949.9335976147704,20.97065640421732,0.006322198467902511
3952.326407238718,20.969934322248125,0.006282227698110792
3954.719216862664,20.969253738257613,0.006240970872140117
3957.1120264866186,20.968615721408234,0.006198388980061643
3959.5048361105655,20.968021311432217,0.006154450591826607
3961.897645734513,20.967471517283155,0.00610913238551027
3964.2904553584663,20.96696731580999,0.006062419650551653
3966.6832649824137,20.966509650454586,0.006014306766512239
3969.0760746063606,20.96609942997398,0.005964797657940883
3971.468884230315,20.96573752718846,0.005913906225817426
3973.861693854262,20.965424777756585,0.005861656755904335
3976.254503478209,20.965161978978195,0.005808084304041185
3978.647313102163,20.9649498886265,0.005753235058034106
3981.04012272611,20.96478922381033,0.005697166675269255
3983.432932350057,20.96468065986761,0.005639948594517052
3985.825741974011,20.964624829291044,0.005581662319587351
3988.218551597958,20.96462232068717,0.005522401671527239
3990.611361221912,20.96467367776978,0.005462273004877615
3993.0041708458593,20.964779398388742,0.005401395382188852
3995.3969804698063,20.964939933595332,0.005339900699435847
3997.789790093761,20.96515568674516,0.005277933753247283
4000.182599717707,20.96542701263973,0.005215652238935995
4002.5754093416544,20.965754216707765,0.005153226666245746
4004.9682189656087,20.966137554227426,0.00509084017752039
4007.361028589555,20.96657722959055,0.005028688250767836
4009.7538382135026,20.967073395610047,0.004966978267908165
4012.146647837457,20.967626152871695,0.004905928926528856
4014.539457461404,20.968235549131457,0.004845769471893176
4016.9322670853503,20.96890157875967,0.004786738725017427
4019.325076709305,20.969624182233236,0.004729083882632537
4021.717886333252,20.970403245677197,0.004673059066118459
4024.110695957199,20.971238600456996,0.004618923599365503
4026.503505581153,20.972130022822732,0.004566940000406149
4028.8963152051,20.973077233606848,0.004517371678804986
4031.289124829047,20.974079897976583,0.004470480340448501
4033.6819344530018,20.975137625242688,0.004426523113612584
4036.074744076948,20.976249968725785,0.00438574942475486
4038.467553700895,20.977416425681945,0.004348397668952692
4040.8603633248495,20.978636437288905,0.004314691737425807
4043.253172948797,20.979909388694445,0.004284837481958612
4045.6459825727434,20.981234609128485,0.004259019211809579
4048.0387921966976,20.982611372080484,0.004237396331123041
4050.4316018206446,20.984038895543534,0.004220100232339845
4052.824411444591,20.985516342326857,0.004207231562049601
4055.2172210685458,20.987042820438173,0.004198857969249916
4057.6100306924927,20.988617383537424,0.004195012431648529
4060.00284031644,20.99023903146343,0.004195692234038214
4062.395649940394,20.99190671083491,0.004200858645272326
4064.788459564341,20.993619315727262,0.004210437309031189
4067.181269188288,20.99537568842662,0.004224319331063336
4069.574078812242,20.99717462026239,0.0042423630146762445
4071.966888436189,20.999014852519558,0.004264396169436205
4074.359698060136,21.000895077432062,0.004290218897424828
4076.7525076840902,21.00281393925821,0.004319606748123369
4079.145317308037,21.004770035439154,0.004352314127524048
4081.538126931984,21.006761917841427,0.004388077848887626
4083.9309365559384,21.008788094084196,0.004426620720638306
4086.323746179886,21.01084702895181,0.004467655079651753
4088.716555803832,21.01293714589235,0.004510886193999528
4091.1093654277865,21.01505682860217,0.004556015476331086
4093.5021750517335,21.01720442269681,0.004602743466192777
4095.894984675681,21.019378237468125,0.00465077255542871
4098.287794299635,21.021576547727328,0.004699809444758344
4100.680603923582,21.023797595733473,0.004749567331125451
4103.073413547529,21.026039593206733,0.00479976783440915
4105.466223171483,21.02830072342538,0.004850142678617615
4107.85903279543,21.03057914340525,0.004900435146964066
4110.251842419377,21.032872986160342,0.004950401332647474
4112.644652043331,21.03518036304253,0.00499981120795159
4115.037461667278,21.037499366158464,0.005048449533946522
4117.430271291225,21.03982807086125,0.005096116631782955
4119.823080915179,21.042164538314182,0.005142629034712397
4122.215890539126,21.044506818123494,0.0051878200377278375
4124.608700163073,21.04685295103686,0.005231540159229061
4127.001509787027,21.049200971703932,0.005273657526614779
4129.394319410974,21.05154891149484,0.005314058195179773
4131.787129034921,21.053894801372515,0.005352646407264214
4134.1799386588755,21.056236674813924,0.005389344796317459
4136.572748282822,21.05857257077539,0.00542409453835135
4138.965557906769,21.06090053669666,0.005456855451280771
4141.358367530724,21.06321863153798,0.005487606040751546
4143.751177154671,21.065524928844283,0.00551634348939112
4146.143986778618,21.0678175198304,0.0055430835848069996
4148.536796402572,21.07009451648043,0.0055678605802794625
4150.929606026519,21.07235405465483,0.005590726980801844
4153.322415650466,21.07459429719795,0.005611753246028619
4155.71522527442,21.07681343703886,0.005631027400762721
4158.108034898367,21.079009700277922,0.005648654542897208
4160.500844522314,21.081181349251587,0.005664756238272816
4162.893654146268,21.08332668556746,0.005679469791722429
4165.286463770215,21.085444053101792,0.005692947383774421
4167.679273394162,21.08753184095147,0.005705355063063353
4170.072083018116,21.089588486332282,0.005716871585573681
4172.464892642063,21.091612477415477,0.00572768709345134
4174.85770226601,21.09360235609457,0.005738001628329369
4177.250511889964,21.095556720674303,0.005748023476959604
4179.643321513911,21.097474228473832,0.005757967350459098
4182.036131137858,21.099353598336535,0.005768052402646665
4184.428940761813,21.10119361303847,0.005778500097702988
4186.8217503857595,21.1029931215884,0.005789531942677192
4189.214560009714,21.104751041412058,0.005801367105956777
4191.607369633661,21.106466360413705,0.0058142199486197095
4194.000179257608,21.108138138908608,0.00582829750120746
4196.392988881562,21.109765511420015,0.005843796923718972
4198.785798505509,21.111347688334995,0.005860902991089574
4201.178608129456,21.112883957413665,0.0058797856498386935
4203.57141775341,21.114373685146855,0.005900597693553219
4205.964227377357,21.11581631795786,0.005923472605219016
4208.357037001304,21.117211383244285,0.0059485226129060145
4210.749846625258,21.118558490256568,0.005975837001872642
4213.142656249205,21.119857330810415,0.006005480720870079
4215.535465873159,21.12110767983081,0.006037493313421829
4217.928275497106,21.12230939572594,0.006071888196490012
4220.321085121053,21.12346242058994,0.0061086522995737235
4222.713894745008,21.124566780234048,0.006147746067461616
4225.1067043689545,21.125622584046052,0.00618910381999428
4227.4995139929015,21.12663002467909,0.006232634452923519
4229.892323616856,21.1275893775708,0.006278222455609586
4232.285133240803,21.128501000294932,0.006325729214308912
4234.67794286475,21.129365331747774,0.00637499456443372
4237.070752488704,21.13018289117254,0.006425838551502799
4239.463562112651,21.130954277025197,0.00647806335861401
4241.856371736598,21.13168016568593,0.006531455358016807
4244.249181360552,21.13236131002076,0.0065857872456071545
4246.641990984499,21.132998537798457,0.006640820219607229
4249.034800608446,21.133592749968216,0.006696306168132254
4251.4276102324,21.134144918803973,0.00675198983439013
4253.820419856347,21.1346560859217,0.006807610932736861
4256.213229480294,21.1351273601763,0.006862906193394542
4258.606039104248,21.13555991544491,0.0069176113181584915
4260.998848728195,21.13595498830394,0.0069714628336877615
4263.391658352142,21.136313875607144,0.007024199832921088
4265.7844679760965,21.136637931972253,0.007075565598602434
4268.177277600043,21.1369285671841,0.007125309105950631
4270.57008722399,21.137187243521765,0.00717318640401174
4272.962896847945,21.13741547301791,0.007218961877283646
4275.355706471892,21.137614814658033,0.0072624093908409135
4277.748516095839,21.13778687152757,0.007303313323407198
4280.141325719793,21.137933287914883,0.007341469493698562
4282.53413534374,21.13805574637764,0.00737668598595897
4284.926944967687,21.138155964780477,0.0074087838809610874
4287.319754591641,21.1382356933114,0.007437597898871298
4289.712564215588,21.138296711484273,0.00746297696040073
4292.105373839535,21.138340825134563,0.007484784672510461
4294.498183463489,21.138369863415353,0.007502899744736568
4296.890993087436,21.138385675800183,0.007517216341908453
4299.283802711383,21.13839012909935,0.007527644378717763
4301.676612335337,21.13838510449564,0.007534109761223611
4304.069421959284,21.13837249460549,0.007536554580007785
4306.462231583231,21.138354200571104,0.0075349372593014104
4308.855041207185,21.138332129188722,0.007529232666005629
4311.247850831132,21.138308190078032,0.00751943218210767
4313.640660455079,21.13828429289728,0.0075055437435890575
4316.033470079034,21.138262344608307,0.00748759184848388
4318.4262797029805,21.138244246795505,0.007465617536288692
4320.8190893269275,21.13823189304219,0.007439678340456083
4323.211898950882,21.138227166367702,0.0074098482152025955
4325.604708574829,21.13823193672816,0.0073762174373040385
4327.997518198776,21.138248058583432,0.007338892482961704
4330.39032782273,21.1382773685326,0.007297995879158755
4332.783137446677,21.138321683019953,0.007253666028223358
4335.175947070624,21.13838279611317,0.00720605700347839
4337.568756694578,21.138462477354985,0.007155338312997651
4339.961566318525,21.13856246968957,0.007101694627497178
4342.354375942472,21.138684487464467,0.007045325467299615
4344.747185566426,21.138830214508523,0.006986444842146201
4347.139995190373,21.13900130228641,0.006925280836366332
4349.53280481432,21.13919936812966,0.006862075130558499
4351.925614438274,21.139425993544275,0.006797082449558389
4354.318424062221,21.13968272259451,0.006730569925064294
4356.711233686168,21.13997106036252,0.006662816359917016
4359.1040433101225,21.1402924714831,0.006594111379805005
4361.4968529340695,21.14064837875289,0.0065247544571217135
4363.889662558016,21.141040161812946,0.006455053791015193
4366.282472181971,21.14146915590382,0.006385325027452806
4368.675281805918,21.1419366506919,0.006315889803566325
4371.068091429865,21.142443889165733,0.006247074101814372
4373.460901053819,21.142992066601103,0.006179206401825752
4375.853710677766,21.14358232959333,0.006112615621324226
4378.246520301713,21.144215775155473,0.006047628842489382
4380.639329925667,21.144893449880747,0.005984568826577815
4383.032139549614,21.14561634916773,0.005923751327650425
4385.424949173561,21.146385416506817,0.005865482225737973
4387.817758797515,21.14720154282612,0.00581005451054625
4390.210568421462,21.14806556589546,0.005757745158356478
4392.603378045409,21.148978269786696,0.005708811956649508
4394.996187669363,21.14994038438884,0.005663490342284871
4397.38899729331,21.15095258497641,0.005621990328984783
4399.781806917257,21.15201549182942,0.005584493607335842
4402.174616541211,21.15312966990359,0.0055511509046441004
4404.567426165158,21.15429562854912,0.005522079691826136
4406.960235789105,21.155513821276852,0.005497362319594678
4409.35304541306,21.156784645570152,0.005477044656242043
4411.745855037007,21.158108442741383,0.0054611352845841555
4414.1386646609535,21.159485497831636,0.005449605296836033
4416.531474284908,21.16091603955241,0.005442388704432938
4418.924283908855,21.162400240268227,0.005439383456678445
4421.317093532802,21.16393821601902,0.005440453039097583
4423.709903156756,21.16553002658128,0.005445428601294707
4426.102712780703,21.167175675566952,0.005454111546307306
4428.49552240465,21.168875110559373,0.005466276500056667
4430.888332028604,21.170628223285245,0.005481674571158929
4433.281141652551,21.172434849821993,0.005500036808217182
4435.673951276505,21.174294770839925,0.005521077763524354
4438.066760900452,21.17620771187843,0.0055444990780864675
4440.459570524399,21.17817334365583,0.005569993012229008
4442.852380148353,21.180191282412455,0.005597245857633783
4445.2451897723,21.18226109028641,0.005625941179437814
4447.637999396247,21.184382275721916,0.0056557628500786775
4450.030809020202,21.18655429390989,0.00568639784908066
4452.4236186441485,21.188776547260545,0.005717538814339586
4454.8164282680955,21.19104838590809,0.005748886340316879
4457.20923789205,21.193369108247214,0.005780151026678242
4459.602047515997,21.195737961501667,0.005811055287259951
4461.994857139944,21.198154142324736,0.005841334933907543
4464.387666763898,21.200616797431973,0.0058707405528484365
4466.780476387845,21.20312502426615,0.005899038693036733
4469.173286011799,21.205677871694835,0.00592601288660747
4471.566095635746,21.208274340740747,0.005951464521338576
4473.958905259693,21.210913385345325,0.005975213584164081
4476.351714883647,21.21359391316557,0.0059970992933721
4478.744524507594,21.216314786405015,0.006016980635409983
4481.137334131541,21.219074822678696,0.0060347368202439125
4483.530143755495,21.221872795913022,0.0060502676671701965
4485.922953379442,21.224707437280568,0.006063493930749668
4488.315763003389,21.227577436170705,0.006074357574442796
4490.7085726273435,21.23048144119614,0.006082821997256904
4493.1013822512905,21.23341806123606,0.006088872216600018
4495.494191875237,21.236385866516297,0.006092515008352187
4497.887001499192,21.239383389727053,0.006093779002998408
4500.279811123139,21.242409127178462,0.006092714734524669
4502.672620747086,21.24546153999471,0.006089394636591419
4505.06543037104,21.24853905534689,0.00608391297828436
4507.458239994987,21.251640067725013,0.0060763857295640464
4509.851049618934,21.254762940249766,0.006066950344280026
4512.243859242888,21.257906006024022,0.006055765446443995
4514.636668866835,21.261067569524506,0.006043010403325693
4517.029478490782,21.264245908033942,0.006028884766954407
4519.422288114736,21.267439273113613,0.0060136075638722595
4521.815097738683,21.270645892116633,0.005997416411615478
4524.20790736263,21.273863969741836,0.00598056643954306
4526.600716986584,21.277091689628314,0.005963328991525331
4528.993526610531,21.280327215990255,0.005945990088783606
4531.386336234478,21.283568695292253,0.00592884863315263
4533.7791458584325,21.286814257964373,0.005912214334391016
4536.171955482379,21.290062020156675,0.005896405350105997
4538.564765106326,21.29331008553288,0.005881745633626207
4540.957574730281,21.296556547102202,0.0058685619936737965
4543.350384354228,21.299799489088766,0.005857180880100253
4545.7431939781745,21.30303698883783,0.005847924921885909
4548.136003602129,21.30626711875759,0.005841109256803748
4550.528813226076,21.30948794829555,0.005837037705919951
4552.921622850023,21.3126975459483,0.005835998859709299
4555.314432473977,21.315893981303027,0.005838262155058542
4557.707242097924,21.319075327109452,0.00584407403265717
4560.100051721871,21.322239661380483,0.0058536542712800755
4562.492861345825,21.325385069519577,0.005867192598215339
4564.885670969772,21.32850964647301,0.005884845672896734
4567.278480593719,21.331611498904905,0.005906734533291255
4569.671290217673,21.334688747392665,0.005932942581854526
4572.06409984162,21.337739528640466,0.005963514170484549
4574.456909465567,21.340761997708196,0.005998453822894363
4576.849719089521,21.34375433025324,0.006037726109517722
4579.242528713468,21.34671472478204,0.006081256166208473
4581.635338337415,21.34964140490871,0.006128930825076947
4584.0281479613695,21.352532621617428,0.006180600305474811
4586.4209575853165,21.355386655525358,0.006236080396577006
4588.8137672092635,21.35820181914279,0.00629515505100242
4591.206576833218,21.36097645912696,0.006357579301912739
4593.599386457165,21.363708958526015,0.006423082413828751
4595.992196081112,21.366397739009354,0.0064913711797086465
4598.385005705066,21.36904126308063,0.006562133282727707
4600.777815329013,21.371638036269417,0.006635040649912621
4603.17062495296,21.374186609297777,0.006709752735292215
4605.563434576914,21.376685580217632,0.00678591968161635
4607.956244200861,21.379133596514784,0.006863185321193103
4610.349053824808,21.38152935717575,0.006941189987366845
4612.741863448762,21.38387161471308,0.0070195731180637206
4615.134673072709,21.386159177145036,0.007097975641529789
4617.527482696656,21.388390909925796,0.0071760421415513285
4619.92029232061,21.390565737821746,0.007253422805231545
4622.313101944557,21.39268264672997,0.007329775160719645
4624.705911568504,21.394740685434932,0.007404765615457924
4627.0987211924585,21.39673896729937,0.0074780708074739894
4629.491530816405,21.39867667188557,0.007549378783439594
4631.884340440352,21.400553046503177,0.007618390017594539
4634.277150064307,21.402367407680018,0.007684818285516944
4636.669959688254,21.404119142552204,0.007748391406177284
4639.0627693122005,21.40580771017041,0.0078088518649298
4641.455578936155,21.407432642718796,0.007865957329097837
4643.848388560102,21.408993546643657,0.007919481066778858
4646.241198184049,21.410490103689018,0.007969212278395728
4648.634007808003,21.411922071836223,0.00801495634949323
4651.02681743195,21.413289286145286,0.008056535032255441
4653.419627055897,21.41459165949563,0.008093786562333208
4655.812436679851,21.415829183224204,0.008126565716725237
4658.205246303798,21.417001927659143,0.008154743817728412
4660.598055927745,21.41811004254761,0.008178208687362586
4662.990865551699,21.419153757376222,0.008196864556082147
4665.383675175646,21.420133381583312,0.008210631929199023
4667.776484799593,21.42104930466219,0.00821944741399462
4670.169294423547,21.42190199615476,0.00822326351026492
4672.562104047494,21.42269200553546,0.008222048366717917
4674.954913671441,21.423419961985577,0.00821578550555703
4677.347723295396,21.424086574057984,0.008204473517324708
4679.7405329193425,21.424692629233306,0.008188125728086875
4682.1333425432895,21.425238993368037,0.008166769840892776
4684.526152167244,21.425726610035877,0.008140447553430482
4686.918961791191,21.426156499763675,0.008109214153769926
4689.311771415145,21.426529759163525,0.008073138096060885
4691.704581039092,21.426847559963015,0.008032300558061766
4694.097390663039,21.427111147935598,0.007986794982370558
4696.490200286993,21.42732184173357,0.007936726603232422
4698.88300991094,21.42748103162604,0.007882211960802056
4701.275819534887,21.427590178144744,0.007823378404727094
4703.668629158841,21.4276508106407,0.007760363588918358
4706.061438782788,21.427664525754608,0.007693314959336029
4708.454248406735,21.427632985804483,0.007622389236596113
4710.847058030689,21.427557917093836,0.007547751895139639
4713.239867654636,21.427441108144,0.0074695766406564805
4715.632677278583,21.427284407854163,0.007388044887343367
4718.0254869025375,21.427089723593063,0.0073033452364911515
4720.4182965264845,21.426859019226058,0.007215672957758389
4722.811106150439,21.42659431308148,0.00712522947430503
4725.203915774386,21.42629767586037,0.007032221852833748
4727.596725398333,21.425971228493484,0.006936862299304391
4729.989535022287,21.42561713994966,0.006839367660895523
4732.382344646234,21.425237624999607,0.006739958934482443
4734.775154270181,21.42483494193896,0.006638860781586523
4737.167963894135,21.424411390274958,0.006536301049420418
4739.560773518082,21.423969308380325,0.006432510297229428
4741.953583142029,21.42351107111851,0.006327721326755358
4744.346392765983,21.42303908744401,0.006222168715138864
4746.73920238993,21.422555797981662,0.00611608834812068
4749.132012013877,21.42206367258844,0.006009716950843233
4751.524821637831,21.421565207901406,0.005903291613081204
4753.917631261778,21.42106292487536,0.005797049305100414
4756.310440885725,21.420559366313356,0.005691226379887635
4758.7032505096795,21.420057094393524,0.0055860580569492176
4761.096060133626,21.419558688195096,0.00548177788248255
4763.488869757573,21.419066741226743,0.005378617160334821
4765.881679381528,21.418583858959853,0.005276804348051621
4768.274489005475,21.418112656369594,0.005176564412271531
4770.667298629422,21.417655755486162,0.005078118138036131
4773.060108253376,21.417215782958422,0.004981681387135862
4775.452917877323,21.416795367632407,0.004887464301680003
4777.84572750127,21.416397138146426,0.004795670450424047
4780.238537125224,21.41602372054477,0.004706495917431414
4782.631346749171,21.415677735911654,0.00462012833510301
4785.024156373118,21.415361798026964,0.004536745866688516
4787.416965997072,21.415078511045035,0.004456516146997231
4789.809775621019,21.41483046719796,0.004379595194038006
4792.202585244966,21.414620244524112,0.004306126308702441
4794.59539486892,21.41445040462308,0.004236238984040353
4796.988204492867,21.4143234904376,0.004170047849949337
4799.381014116814,21.41424202406316,0.004107651682912685
4801.773823740768,21.414208504585716,0.004049132513322924
4804.166633364715,21.41422540594791,0.003994554864639033
4806.559442988662,21.4142951748439,0.00394396515871249
4808.952252612617,21.414420228643024,0.0038973913199149765
4811.3450622365635,21.414602953342115,0.003854842606920371
4813.7378718605105,21.414845701546536,0.0038163096953130263
4816.130681484465,21.415150790479487,0.00378176502658307
4818.523491108412,21.41552050001943,0.0037511634301223306
4820.916300732359,21.415957070765163,0.0037244430148792506
4823.309110356313,21.416462702127994,0.0037015263171467777
4825.70191998026,21.41703955045068,0.003682321681143171
4828.094729604207,21.41768972715227,0.0036667248403782628
4830.487539228161,21.418415296898285,0.003654620660736599
4832.880348852108,21.419218275795668,0.003645885001326113
4835.273158476055,21.42010062961164,0.0036403866465083198
4837.665968100009,21.421064272015684,0.003637989262366936
4840.058777723956,21.422111062843978,0.003638553332792681
4842.451587347903,21.423242806385574,0.0036419380342982777
4844.844396971857,21.424461249689337,0.003648003013912932
4847.237206595804,21.425768080891153,0.003656610040832809
4849.630016219751,21.427164927560558,0.0036676245091837173
4852.0228258437055,21.42865335506607,0.0036809167760057863
4854.4156354676525,21.4302348649587,0.0036963633249760598
4856.808445091599,21.431910893373075,0.0037138477521064337
4859.201254715554,21.43368280944554,0.003733261574609605
4861.594064339501,21.435551913748828,0.0037545048681145916
4863.986873963448,21.4375194367432,0.0037774867405467316
4866.379683587402,21.43958653724349,0.0038021256531600802
4868.772493211349,21.441754300902055,0.003828349600635897
4871.165302835296,21.444023738707795,0.003856096162936994
4873.55811245925,21.446395785501032,0.0038853124417350883
4875.950922083197,21.448871298504887,0.003915954894050418
4878.343731707144,21.45145105587329,0.003947989075168933
4880.736541331098,21.45413575525643,0.003981389302166913
4883.129350955045,21.456926012384287,0.00401613824850848
4885.522160578992,21.45982235966936,0.004052226479293233
4887.914970202946,21.462825244829588,0.004089651935834353
4890.307779826893,21.465935029533025,0.004128419377407077
4892.70058945084,21.469151988065846,0.004168539787286627
4895.093399074794,21.47247630602541,0.004210029749485029
4897.486208698741,21.475908079040714,0.004252910802088503
4899.879018322688,21.479447311522414,0.004297208772584193
4902.271827946643,21.483093915445203,0.004342953100252346
4904.66463757059,21.486847709165264,0.0043901761503460845
4907.0574471945365,21.490708416276313,0.004438912524605013
4909.450256818491,21.49467566450747,0.004489198372422957
4911.843066442438,21.49874898466692,0.00454107070687432
4914.235876066385,21.502927809635565,0.004594566729652422
4916.628685690339,21.507211473415005,0.004649723168834032
4919.021495314286,21.511599210234653,0.004706575633248016
4921.414304938233,21.51609015372344,0.004765157987053638
4923.807114562187,21.520683336151027,0.00482550174793355
4926.199924186134,21.52537768774493,0.004887635512061775
4928.592733810081,21.530172036089372,0.004951584408747704
4930.985543434035,21.53506510561245,0.005017369587351344
4933.378353057982,21.540055517168504,0.005085007738698639
4935.771162681929,21.545141787722905,0.005154510652894968
4938.163972305883,21.550322330146642,0.005225884815023911
4940.55678192983,21.555595453128554,0.005299131039833542
4942.949591553785,21.560959361213484,0.005374244146121438
4945.3424011777315,21.566412154974344,0.005451212671135042
4947.7352108016785,21.57195183132734,0.005530018624964586
4950.128020425633,21.577576283998525,0.005610637284549769
4952.52083004958,21.58328330415122,0.005693037026625892
4954.913639673527,21.589070581183545,0.0057771791987095535
4957.306449297481,21.59493570370513,0.005863018026972703
4959.699258921428,21.600876160702626,0.0059505005597305285
4962.092068545375,21.606889342903692,0.0060395666451501335
4964.484878169329,21.612972544348594,0.0061301489417088665
4966.877687793276,21.619122964179,0.006222172959938531
4969.270497417223,21.625337708653397,0.006315557134025897
4971.663307041177,21.63161379339786,0.006410212921851627
4974.056116665124,21.63794814590129,0.0065060449322132665
4976.448926289078,21.64433760826347,0.006602951078045092
4978.841735913025,21.65077894020385,0.00670082275459365
4981.234545536972,21.657268822338754,0.006799545041685485
4983.6273551609265,21.663803859733893,0.006898996929325165
4986.0201647848735,21.67038058573798,0.006999051566053878
4988.41297440882,21.67699546610366,0.00709957652963055
4990.805784032775,21.683644903399266,0.007200434119727939
4993.198593656722,21.690325241715584,0.007301481672451534
4995.591403280669,21.697032771669896,0.007402571896615767
4997.984212904623,21.70376373570815,0.007503553231750377
5000.37702252857,21.710514333705376,0.007604270227895092
5002.769832152517,21.717280728862935,0.007704563947271732
5005.162641776471,21.724059053899165,0.007804272387901138
5007.555451400418,21.730845417528993,0.007903230929231798
5009.948261024365,21.737635911226267,0.008001272799789964
5012.341070648319,21.744426616260462,0.008098229566803132
5014.733880272266,21.75121361099784,0.008193931647590115
5017.126689896213,21.757992978455537,0.008288208842486822
5019.519499520167,21.764760814094338,0.008380890888805517
5021.912309144114,21.771513233834614,0.008471808035278989
5024.305118768061,21.77824638227775,0.008560791636151126
5026.6979283920155,21.784956441113017,0.008647674763943333
5029.090738015962,21.791639637688228,0.008732292839663177
5031.483547639909,21.798292253720852,0.008814484279025188
5033.876357263864,21.804910634123083,0.008894091152975
5036.269166887811,21.811491195914268,0.008970959860604531
5038.6619765117575,21.818030437191208,0.009044941812266515
5041.054786135712,21.824524946125123,0.009115894120449951
5043.447595759659,21.830971409953445,0.009183680295740754
5045.840405383606,21.83736662393272,0.009248170944935352
5048.23321500756,21.843707500217516,0.009309244468137792
5050.626024631507,21.849991076629685,0.009366787751458272
5053.018834255454,21.85621452528178,0.00942069685166645
5055.411643879408,21.862375161017095,0.009470877669025296
5057.804453503355,21.868470449629257,0.009517246604255465
5060.197263127302,21.874498015824344,0.009559731195469661
5062.590072751256,21.880455650888017,0.00959827073074294
5064.982882375203,21.886341320021526,0.009632816831816363
5067.37569199915,21.89215316931103,0.00966333400437316
5069.768501623104,21.897889532295434,0.009689800150154264
5072.161311247051,21.903548936099842,0.00971220703615673
5074.554120870998,21.909130107103355,0.00973056071607053
5076.9469304949525,21.9146319761115,0.009744881899037865
5079.3397401188995,21.92005368300608,0.009755206260843748
5081.7325497428465,21.925394580848163,0.00976158469257946
5084.125359366801,21.93065423941138,0.00976408348186814
5086.518168990748,21.935832448126998,0.009762784421745486
5088.910978614695,21.940929218424287,0.009757784842328974
5091.303788238649,21.945944785453424,0.00974919756050156
5093.696597862596,21.95087960918123,0.009737150742901704
5096.089407486543,21.95573437485378,0.009721787677694672
5098.482217110497,21.960509992823077,0.009703266450687897
5100.875026734444,21.965207597738498,0.00968175952172229
5103.267836358391,21.969828547107806,0.00965745319740679
5105.660645982345,21.97437441923478,0.009630546996799438
5108.053455606292,21.9788470105452,0.009601252907011578
5110.446265230239,21.98324833231535,0.009569794526394775
5112.839074854193,21.98758060682043,0.009536406093682774
5115.23188447814,21.991846262923506,0.00950133140239864
5117.624694102087,21.996047931128167,0.00946482260095544
5120.0175037260415,22.000188438120485,0.009427138880199522
5122.410313349988,22.004270800828543,0.009388545051683468
5124.803122973935,22.008298220029534,0.009349310021763807
5127.19593259789,22.012274073536155,0.00930970516864993
5129.588742221837,22.016201908995875,0.009270002631733599
5131.9815518457835,22.02008543633758,0.009230473525063924
5134.374361469738,22.023928519901062,0.009191386089374797
5136.767171093685,22.027735170285435,0.009153003799846973
5139.159980717632,22.031509535953237,0.00911558344945253
5141.552790341586,22.035255894626506,0.009079373230474183
5143.945599965533,22.038978644511392,0.009044610839230064
5146.33840958948,22.04268229538721,0.009011521631109265
5148.731219213434,22.046371459595257,0.008980316854887187
5151.124028837381,22.05005084296151,0.008951191996256692
5153.516838461328,22.053725235686922,0.008924325261010734
5155.909648085282,22.05739950323674,0.00889987622792523
5158.302457709229,22.06107857725962,0.008877984700105894
5160.695267333176,22.064767446565504,0.008858769781420939
5163.08807695713,22.068471148188873,0.008842329201607869
5165.480886581077,22.072194758563473,0.008828738909782008
5167.873696205024,22.075943384831007,0.00881805295143373
5170.266505828979,22.07972215630596,0.0088103036390435
5172.6593154529255,22.083536216115334,0.00880550202079425
5175.0521250768725,22.087390713031066,0.008803638646467249
5177.444934700827,22.091290793510165,0.008804684623992653
5179.837744324774,22.095241593955834,0.008808592955083835
5182.230553948721,22.099248233210965,0.008815300133808069
5184.623363572675,22.10331580529331,0.00882472798798642
5187.016173196622,22.107449372379353,0.008836785740434712
5189.408982820569,22.1116539580431,0.008851372264782439
5191.801792444523,22.115934540752832,0.008868378509598311
5194.19460206847,22.12029604762852,0.008887690064077663
5196.587411692424,22.124743348460022,0.008909189839240137
5198.980221316371,22.129281249985272,0.008932760839649825
5201.373030940318,22.133914490426044,0.008958289002494194
5203.765840564272,22.138647734277583,0.00898566608286524
5206.158650188219,22.1434855673471,0.009014792566410683
5208.551459812166,22.148432492035518,0.009045580592672107
5210.9442694361205,22.153492922855126,0.009077956874558145
5213.3370790600675,22.158671182175432,0.009111865600996681
5215.729888684014,22.163971496188793,0.009147271311056786
5218.122698307969,22.169397991086147,0.009184161728357662
5220.515507931916,22.174954689433108,0.009222550544366829
5222.908317555863,22.180645506736216,0.009262480138277174
5225.301127179817,22.186474248188027,0.009304024219197614
5227.693936803764,22.1924446055802,0.009347290373715064
5230.086746427718,22.198560154373347,0.009392422498214176
5232.479556051665,22.204824350911196,0.009439603090886544
5234.872365675612,22.211240529768666,0.009489055373179222
5237.265175299566,22.217811901220546,0.009541045204607475
5239.657984923513,22.224541548820298,0.009595882748817359
5242.05079454746,22.231432427076573,0.00965392384246181
5244.443604171414,22.238487359216066,0.009715571012762887
5246.836413795361,22.245709035021232,0.009781274084500002
5249.229223419308,22.25310000873196,0.009851530313602933
5251.6220330432625,22.260662696999777,0.009926883982915344
5254.014842667209,22.268399376884357,0.010007925396899127
5256.407652291156,22.27631218388211,0.010095289216515257
5258.800461915111,22.284403109976495,0.010189652084227764
5261.193271539058,22.292674001700995,0.010291729502021363
5263.586081163005,22.301126558205628,0.010402271943186372
5265.978890786959,22.309762329318197,0.010522060200816398
5268.371700410906,22.31858271359239,0.010651900002345237
5270.764510034853,22.32758895633545,0.010792615948522351
5273.157319658807,22.336782147607828,0.010945044865820385
5275.550129282754,22.34616322018901,0.011110028691165156
5277.942938906701,22.355732947503707,0.011288407034913529
5280.335748530655,22.365491941503226,0.011481009589721345
5282.728558154602,22.37544065049752,0.011688648567397503
5285.121367778549,22.385579356934947,0.011912111350975163
5287.514177402503,22.395908175126184,0.012152153544287161
5289.90698702645,22.406427048910412,0.012409492586099987
5292.299796650397,22.41713574926341,0.012684802071151639
5294.692606274351,22.4280338718459,0.01297870688788358
5297.085415898298,22.439120834494176,0.013291779245034446
5299.478225522245,22.450395874653946,0.013624535618920675
5301.8710351462,22.461858046760447,0.013977434613661003
5304.2638447701465,22.473506219568335,0.014350875690260738
5306.6566543940935,22.485339073437025,0.014745198689550154
5309.049464018048,22.497355097577213,0.015160684050240784
5311.442273641995,22.50955258726578,0.015597553607308379
5313.835083265942,22.52192964103928,0.0160559718477222
5316.227892889896,22.534484157874772,0.016536047499512804
5318.620702513843,22.54721383437048,0.017037835335292236
5321.01351213779,22.560116161940066,0.017561338081176672
5323.406321761744,22.573188424034328,0.018106508335325986
5325.799131385691,22.58642769340778,0.018673250415406312
5328.191941009638,22.59983082944831,0.01926142207029732
5330.584750633592,22.613394475589732,0.019870836006921015
5332.977560257539,22.627115056829197,0.020501261197880434
5335.370369881486,22.640988777374037,0.021152423948743906
5337.76317950544,22.655011618442575,0.021824008715350986
5340.155989129387,22.669179336247705,0.022515658671123612
5342.548798753334,22.68348746019251,0.023226976032315366
5344.9416083772885,22.69793129130957,0.023957522155175135
5347.3344180012355,22.712505900977295,0.024706817423838855
5349.727227625182,22.72720612994991,0.02547434095115781
5352.120037249137,22.742026587737154,0.026259530117055382
5354.512846873084,22.75696165237356,0.027061779970540795
5356.905656497031,22.7720054706187,0.027880442522536852
5359.298466120985,22.787151958629966,0.028714825956938576
5361.691275744932,22.802394803152104,0.029564193787502586
5364.084085368879,22.81772746326922,0.03042776398798035
5366.476894992833,22.833143172764025,0.031304708122522076
5368.86970461678,22.84863494313204,0.03219415050298963
5371.262514240727,22.86419556729755,0.03309516739928745
5373.655323864681,22.879817624078207,0.03400678632824751
5376.048133488628,22.895493483444707,0.03492798544602938
5378.440943112575,22.911215312622264,0.03585769306843112
5380.833752736529,22.92697508307718,0.03679478734264908
5383.226562360476,22.942764578431355,0.03773809609349258
5385.619371984423,22.958575403345385,0.03868639686609949
5388.012181608377,22.97439899340613,0.03963841718624227
5390.404991232324,22.99022662605192,0.040592835058257094
5392.797800856271,23.006049432565003,0.041548279719468506
5395.190610480226,23.021858411152998,0.04250333266828664
5397.583420104173,23.037644441137502,0.04345652898182263
5399.9762297281195,23.053398298260483,0.04440635893672125
5402.369039352074,23.069110671111076,0.04535126994493981
5404.761848976021,23.0847721786677,0.04628966881375502
5407.154658599968,23.100373388941936,0.047219924336714555
5409.547468223922,23.115904838699485,0.04814037021923159
5411.940277847869,23.131357054224555,0.049049308339592694
5414.333087471816,23.146720573083872,0.04994501234264246
5416.72589709577,23.16198596683241,0.050825731559954325
5419.118706719717,23.177143864595067,0.05168969524661614
5421.511516343664,23.192184977444086,0.052535117120961074
5423.904325967618,23.20710012348126,0.05336020018974137
5426.297135591565,23.221880253521476,0.05416314183739028
5428.689945215512,23.23651647726463,0.05494213915442436
5431.082754839466,23.251000089828295,0.055695394476237545
5433.475564463413,23.26532259850706,0.05642112110052586
5435.86837408736,23.279475749611926,0.05711754914828856
5438.2611837113145,23.293451555236288,0.057782931531152874
5440.6539933352615,23.30724231978604,0.05841554998543544
5443.046802959208,23.32084066610795,0.05901372113214433
5445.439612583163,23.3342395610425,0.05957580252131552
5447.83242220711,23.347432340228682,0.0601001986191687
5450.225231831064,23.360412731983683,0.060585366697365584
5452.618041455011,23.373174880084918,0.061029822585471426
5455.010851078958,23.385713365282687,0.061432146250428525
5457.403660702912,23.398023225378438,0.06179098717048892
5459.796470326859,23.410099973710373,0.062105069475611695
5462.189279950806,23.421939615898808,0.06237319683213508
5464.58208957476,23.433538664713602,0.06259425705590764
5466.974899198707,23.44489415294069,0.06276722644585143
5469.367708822654,23.456003644140395,0.06289117383817988
5471.760518446608,23.466865241204935,0.06296526439104652
5474.153328070555,23.477477592642686,0.0629887631195574
5476.5461376945095,23.487839896536055,0.06296103821221895
5478.9389473184565,23.49795190213707,0.06288156417179679
5481.331756942403,23.50781390908953,0.06274992483634825
5483.724566566358,23.517426764283478,0.0625658163499093
5486.117376190305,23.526791856371087,0.06232905016683654
5488.510185814252,23.535911107991534,0.06203955618961461
5490.902995438206,23.544786965773717,0.06169738615701403
5493.295805062153,23.553422388201955,0.06130271741764087
5495.6886146861,23.561820831449598,0.0608558572448179
5498.081424310054,23.569986233299723,0.060357247870746256
5500.474233934001,23.577922995286468,0.059807472443636926
5502.867043557948,23.5856359632036,0.0592072621398327
5505.259853181902,23.59313040613646,0.05855750469578395
5507.652662805849,23.60041199418176,0.05785925466171685
5510.045472429796,23.607486775026725,0.05711374572179017
5512.43828205375,23.614361149562548,0.056322405474203335
5514.831091677697,23.621041846708163,0.055486873119990066
5517.223901301644,23.627535897622952,0.054609020571572096
5519.616710925598,23.63385060948208,0.053690977559896304
5522.009520549545,23.63999353898651,0.052735161391657445
5524.402330173492,23.64597246577311,0.05174431208024685
5526.795139797447,23.651795365885643,0.05072153364019591
5529.187949421394,23.65747038545537,0.0496703423814743
5531.5807590453405,23.6630058147353,0.04859472304838352
5533.973568669295,23.668410062618904,0.047499193588032965
5536.366378293242,23.67369163176457,0.04638887915854346
5538.759187917189,23.678859094436216,0.04526959563236582
5541.151997541143,23.683921069157158,0.04414794222090678
5543.54480716509,23.688886198265063,0.043031401817963916
5545.937616789037,23.69376312644156,0.04192844607428039
5548.330426412991,23.698560480280566,0.040848639894701874
5550.723236036938,23.70328684894726,0.03980273682868962
5553.116045660885,23.70795076596797,0.03880275262413587
5555.508855284839,23.712560692183057,0.03786199917481017
5557.901664908786,23.71712499988261,0.036995055769878556
5560.294474532733,23.721651958138025,0.036217650172356175
5562.687284156687,23.726149719332177,0.0355464206889649
5565.080093780634,23.730626306884314,0.03499853490855928
5567.472903404581,23.735089604159196,0.034591154175387245
5569.8657130285355,23.739547344542796,0.03434075678650962
5572.2585226524825,23.744007102661886,0.03426236556614719
5574.6513322764295,23.748476286721253,0.03436875990876852
5577.044141900384,23.752962131925972,0.0346697769138522
5579.436951524331,23.7574716949563,0.03517180847656428
5581.829761148278,23.76201184945551,0.03587757472578649
5584.222570772232,23.766589282494625,0.03678620389817587
5586.615380396179,23.77121049197079,0.037893590274060744
5589.008190020126,23.77588178490022,0.03919295440639433
5591.40099964408,23.780609276561535,0.04067550689588886
5593.793809268027,23.785398890449652,0.042331120546937946
5596.186618891974,23.790256358997098,0.044148938292105956
5598.579428515928,23.795187225021987,0.04611787429879999
5600.972238139875,23.800196843863738,0.04822699341555245
5603.365047763822,23.805290386165936,0.05046577427753249
5605.757857387776,23.810472841270414,0.05282427290991059
5608.150667011723,23.815749021185688,0.05529320806236323
5610.54347663567,23.821123565096226,0.0578639891846783
5612.9362862596245,23.82660094437982,0.06052870513377753
5615.329095883571,23.832185468103244,0.06328008798502426
5617.721905507518,23.837881288966386,0.06611146265810254
5620.114715131473,23.84369240967093,0.06901668991882233
5622.50752475542,23.849622689685745,0.07199010782618248
5624.9003343793665,23.855675852390508,0.07502647483564792
5627.293144003321,23.86185549257363,0.07812091644354305
5629.685953627268,23.868165084268867,0.08126887635182825
5632.078763251215,23.87460798891257,0.08446607253501984
5634.471572875169,23.881187463807905,0.08770845821616581
5636.864382499116,23.887906670883574,0.09099218753599624
5639.257192123063,23.89476868573598,0.09431358557936005
5641.650001747017,23.901776506946586,0.09766912236885472
5644.042811370964,23.90893306566619,0.10105539042336209
5646.435620994911,23.916241235463094,0.10446908549185334
5648.828430618865,23.923703842429134,0.10790699009819174
5651.221240242812,23.931323675543123,0.11136595956577236
5653.614049866759,23.939103497291477,0.1148429102251782
5656.006859490713,23.9470460545469,0.11833480954175993
5658.39966911466,23.9551540897083,0.1218386679320526
5660.792478738607,23.963430352108045,0.1253515320669838
5663.185288362562,23.971877609691504,0.12887047948518565
5665.5780979865085,23.980498660977972,0.1323926143625997
5667.9709076104555,23.98929634731372,0.13591506430442388
5670.36371723441,23.998273565427635,0.13943497804165134
5672.756526858357,24.00743328030643,0.14294952392981544
5675.149336482304,24.016778538402306,0.1464558891588731
5677.542146106258,24.026312481194587,0.149951279594292
5679.934955730205,24.036038359124994,0.15343292017757046
5682.327765354152,24.045959545930707,0.15689805582211067
5684.720574978106,24.056079553401705,0.16034395274606605
5687.113384602053,24.0664020465932,0.16376790018929768
5689.506194226,24.076930859526165,0.16716721246545566
5691.899003849954,24.087670011413252,0.17053923130361365
5694.291813473901,24.098623723452146,0.17388132843700796
5696.684623097855,24.109796436233815,0.17719090839883217
5699.077432721802,24.121192827816614,0.1804654114864542
5701.470242345749,24.132817832524704,0.1837023168578291
5703.8630519697035,24.144676660536305,0.1868991457247094
5706.2558615936505,24.15677481833237,0.19005346460856382
5708.648671217597,24.169118130089213,0.19316288862669198
5711.041480841552,24.181712760101412,0.19622508477603928
5713.434290465499,24.19456523633991,0.19923777518446784
5715.827100089446,24.207682475254366,0.20219874029908289
5718.2199097134,24.221071807947936,0.20510582198329372
5720.612719337347,24.234741007865573,0.20795692649497086
5723.005528961294,24.248698320153608,0.21075002731983047
5725.398338585248,24.2629524928679,0.2134831678353135
5727.791148209195,24.277512810232192,0.216154463783258
5730.183957833149,24.292389128169315,0.21876210553085354
5732.576767457096,24.307591912359197,0.22130436010308363
5734.969577081043,24.323132279109867,0.223779572972806
5737.362386704997,24.33902203936171,0.22618616959889648
5739.755196328944,24.35527374619192,0.22852265670795613
5742.148005952891,24.371900746231727,0.2307876233210166
5744.5408155768455,24.388917235464923,0.2329797415339832
5746.933625200792,24.40633831994216,0.23509776706986585
5749.326434824739,24.424180082019515,0.23714053963161771
5751.719244448694,24.4424596528153,0.23910698309852024
5754.112054072641,24.46119529168067,0.2409961056256894
5756.504863696588,24.48040647359748,0.24280699972779532
5758.897673320542,24.500113985552098,0.24453884245464816
5761.290482944489,24.520340033097252,0.2461908958000416
5763.683292568436,24.541108358503454,0.2477625075276143
5766.07610219239,24.56244437212368,0.24925311265148234
5768.468911816337,24.584375298867098,0.2506622358796707
5770.861721440284,24.606930341987297,0.2519894954156579
5773.254531064238,24.630140866778497,0.2532346086307226
5775.647340688185,24.65404060722241,0.25439740026732255
5778.040150312132,24.67866589918286,0.2554778140299471
5780.432959936086,24.704055944410662,0.2564759286756908
5782.825769560033,24.73025311043293,0.25739198005407554
5785.21857918398,24.75730327239567,0.25822639099341493
5787.611388807934,24.785256204151228,0.25897981152812466
5790.004198431881,24.814166027392787,0.25965317276077876
5792.397008055828,24.844091729526873,0.2602477587338074
5794.789817679783,24.87509776332621,0.26076530215031635
5797.1826273037295,24.90725474438069,0.26120811178689035
5799.5754369276765,24.940640266140765,0.26157924219688383
5801.968246551631,24.97533985716706,0.26188272011877417
5804.361056175578,25.011448111421178,0.2621238473304894
5806.753865799525,25.049070030519427,0.2623096071795717
5809.146675423479,25.0883226274621,0.2624492126261868
5811.539485047426,25.129336855392495,0.262554848789605
5813.932294671373,25.17225994370983,0.26264268479875796
5816.325104295327,25.217258249247504,0.2627342614046991
5818.717913919274,25.264520764993378,0.26285840713121644
5821.110723543221,25.3142634770193,0.263053904042168
5823.503533167175,25.36673482808231,0.2633732257082008
5825.896342791122,25.422222643157276,0.26388782185907284
5828.289152415069,25.481063012784226,0.2646956530598912
5830.681962039023,25.543651838145472,0.2659320255844842
5833.07477166297,25.610460055982482,0.26778530539179246
5835.467581286917,25.68205404692879,0.27051990168122697
5837.8603909108715,25.759123500268473,0.27451016963682656
5840.2532005348185,25.842520263389282,0.2802908756789764
5842.646010158765,25.933313819987994,0.28863315213983115
5845.03881978272,26.032872743958237,0.30066065988501417
5847.431629406667,26.1429882449332,0.3180319445218904
5849.824439030614,26.266068946195322,0.34323939705894174
5852.217248654568,26.40546267969686,0.38013332124340315
5854.610058278515,26.566019809651735,0.43492827832469705
5857.002867902462,26.7551546940915,0.5183606422468743
5859.395677526416,26.98504983306709,0.6509525120317398
5861.788487150363,27.277895137867027,0.8781917560117105
5864.18129677431,27.681161699623196,1.3269440194640385
5866.574106398264,28.331380140247667,2.540029364603212
5868.966916022211,30.200217024199553,15.034229509238767
6124.997545784798,28.84647317672588,17.70549316467723
6127.390355408752,27.696627313651994,6.0028529477976855
6129.783165032699,27.148842272644583,3.541115049066211
6132.175974656646,26.785356662099062,2.473720761379023
6134.5687842806,26.512884838975943,1.8779159614762888
6136.961593904547,26.29493175643203,1.4980280628580105
6139.354403528494,26.113388484777154,1.234925633938933
6141.747213152448,25.957940329379582,1.0421161467141293
6144.140022776395,25.822150286479484,0.8949020687923721
6146.532832400342,25.701730188988435,0.7789497006151063
6148.925642024296,25.59367945334048,0.6853695864082734
6151.318451648243,25.49581629440629,0.6083563040838618
6153.71126127219,25.406504608961082,0.5439581651678801
6156.104070896145,25.32448602985658,0.48939237683631753
6158.4968805200915,25.248772008863124,0.44264293753629996
6160.8896901440385,25.178571890145943,0.40221385014305305
6163.282499767993,25.113243467286587,0.3669718899261273
6165.67530939194,25.05225808420521,0.336043170249896
6168.068119015887,24.995175430352724,0.3087431832443211
6170.460928639841,24.94162496825693,0.28452831548477525
6172.853738263788,24.891292003595662,0.2629615134753539
6175.246547887735,24.843907071424066,0.2436874946584161
6177.639357511689,24.799237734280098,0.22641453392733057
6180.032167135636,24.75708216312014,0.21090086505563496
6182.424976759583,24.717264055511333,0.1969443758753581
6184.817786383537,24.679628570262885,0.18437469048044897
6187.210596007484,24.644039044038795,0.17304700612118332
6189.603405631431,24.610374316275696,0.16283723777147346
6191.996215255385,24.578526532140476,0.1536381508785453
6194.389024879332,24.54839932470053,0.14535625209502806
6196.781834503279,24.519906300535627,0.13790927124782132
6199.1746441272335,24.492969770128713,0.13122411335128317
6201.56745375118,24.467519677203295,0.1252351922430276
6203.960263375135,24.443492690896996,0.11988308074549826
6206.353072999082,24.42083143209798,0.11511342838273567
6208.745882623029,24.399483811002764,0.11087610823227458
6211.138692246983,24.37940245742281,0.10712456079378095
6213.53150187093,24.36054422885937,0.10381530600756915
6215.924311494877,24.34286978413055,0.10090759591516568
6218.317121118831,24.326343212532112,0.0983631809920966
6220.709930742778,24.310931710269276,0.09614616380646313
6223.102740366725,24.296605297310684,0.0942229149955441
6225.495549990679,24.283336568965925,0.09256202891092183
6227.888359614626,24.271100477416624,0.09113429962742274
6230.281169238573,24.25987413919885,0.08991270206117039
6232.673978862527,24.249636665262422,0.08887236726970647
6235.066788486474,24.24036901075326,0.0879905451754623
6237.4595981104285,24.232053842097034,0.08724655159921717
6239.852407734375,24.22467541932461,0.08662169939239235
6242.245217358322,24.218219491882564,0.08609921552974652
6244.638026982277,24.212673206426977,0.08566414731088007
6247.030836606224,24.208025025316584,0.08530326143575728
6249.423646230171,24.20426465470455,0.08500493982511034
6251.816455854125,24.201382981286894,0.08475907581264579
6254.209265478072,24.199372016901396,0.08455697388657613
6256.602075102019,24.198224850287215,0.08439125561540271
6258.994884725973,24.19793560542063,0.08425577384171554
6261.38769434992,24.19849940592915,0.08414553671626393
6263.780503973867,24.19991234516927,0.08405664270469672
6266.173313597821,24.202171461621713,0.08398622733736796
6268.566123221768,24.20527471932498,0.08393242218877886
6270.958932845715,24.20922099312522,0.08389432635588143
6273.351742469669,24.214010058576168,0.08387199053872897
6275.744552093616,24.219642586374672,0.08386641369693276
6278.137361717563,24.2261201412661,0.08387955213998752
6280.530171341517,24.233445185403095,0.08391434079464229
6282.922980965464,24.24162108618808,0.08397472625482251
6285.315790589411,24.250652128679768,0.0840657110473454
6287.708600213366,24.26054353269235,0.08419340831998245
6290.1014098373125,24.27130147476922,0.0843651058689033
6292.4942194612595,24.28293311526971,0.08458933806105934
6294.887029085214,24.29544663086596,0.08487596377768705
6297.279838709161,24.308851252814087,0.08523624802191947
6299.672648333108,24.323157311438543,0.08568294432931449
6302.065457957062,24.338376287347554,0.08623037465161332
6304.458267581009,24.354520869995135,0.08689450303105377
6306.851077204956,24.371605024306415,0.08769299925487319
6309.24388682891,24.389644066210217,0.08864528890710577
6311.636696452857,24.408654748059284,0.08977258695136477
6314.029506076804,24.42865535508652,0.09109791330999652
6316.422315700758,24.449665814236084,0.0926460909187556
6318.815125324705,24.471707816932895,0.09444372942527093
6321.207934948652,24.4948049576256,0.09651920093398507
6323.600744572606,24.518982890248626,0.09890261772869734
6325.993554196553,24.544269505133496,0.10162582536456455
6328.3863638205,24.570695129349573,0.10472242750467456
6330.7791734444545,24.598292754000383,0.1082278610116196
6333.1719830684015,24.627098292665785,0.11217954086692679
6335.564792692348,24.657150875980697,0.11661709448501116
6337.957602316303,24.688493188328206,0.12158270419059562
6340.35041194025,24.72117185383045,0.12712157556550224
6342.743221564197,24.755237880321175,0.1332825487400477
6345.136031188151,24.790747171837392,0.1401188702700086
6347.528840812098,24.8277611224995,0.14768914573837033
6349.921650436045,24.86634730758315,0.15605849831399254
6352.314460059999,24.90658029130204,0.16529996679083783
6354.707269683946,24.948542575582668,0.1754961887678801
6357.100079307893,24.99232572023287,0.18674143144099756
6359.492888931847,25.038031672867756,0.1991440551947211
6361.885698555794,25.085774357382952,0.212829525696304
6364.278508179741,25.135681583568683,0.22794413143339387
6366.671317803695,25.18789735890082,0.24465962006098046
6369.064127427642,25.242584708486547,0.263179045354771
6371.456937051589,25.299929143245908,0.28374422742782357
6373.849746675543,25.360142963671063,0.3066453882972151
6376.24255629949,25.423470652910595,0.33223375824932333
6378.635365923437,25.490195707680623,0.3609382963671261
6381.028175547392,25.560649392971065,0.3932881974908141
6383.4209851713385,25.635222109688275,0.42994367912178816
6385.8137947952855,25.714378370823397,0.471738846788089
6388.20660441924,25.798676854529408,0.5197425640824188
6390.599414043187,25.888797750712314,0.5753468236643403
6392.992223667134,25.985580836123116,0.6403983028910941
6395.385033291088,26.09007976238893,0.7173999133665465
6397.777842915035,26.20364161966942,0.8098300228523363
6400.170652538982,26.32802736174798,0.9226681437808296
6402.563462162936,26.465601188813853,1.0633017070283162
6404.956271786883,26.61964247522576,1.243180512781108
6407.34908141083,26.79488974212526,1.4810526857640551
6409.741891034784,26.998560631446043,1.8098801082999438
6412.134700658731,27.242455942403687,2.2934557065139125
6414.527510282678,27.54791377278263,3.07344813831879
6416.920319906632,27.960036694967755,4.54042364028034
6419.313129530579,28.605385923752067,8.308557301611504
6421.705939154526,30.283221349886738,39.3203334128171
6598.7738513267905,30.54082488286571,20.861562929928454
6601.166660950737,29.594548106878182,8.778876780661694
6603.559470574684,29.111970273304063,5.669241957211581
6605.952280198639,28.790742275107984,4.25192236297195
6608.345089822586,28.55281788123227,3.4460687863542208
6610.7378994465325,28.366084930252818,2.9296956808523418
6613.130709070487,28.21417233447243,2.573145533637301
6615.523518694434,28.087596196835083,2.314161451968989
6617.916328318381,27.980370435877397,2.1191427037043704
6620.309137942335,27.88847609661606,1.9683723878936563
6622.701947566282,27.809086277968333,1.8495307230273097
6625.094757190229,27.740139052376765,1.7545357010463307
6627.487566814183,27.680086267823107,1.6778768208285457
6629.88037643813,27.627737915482474,1.6156789422378832
6632.273186062077,27.582161529436792,1.565148596272196
6634.665995686031,27.542614828704927,1.5242322752305097
6637.058805309978,27.508499261428568,1.4913979109499773
6639.451614933925,27.47932714994084,1.4654908948389842
6641.844424557879,27.454697952694005,1.445636817388723
6644.237234181826,27.434280799492157,1.4311744170616758
6646.630043805773,27.417801445993085,1.421608625169597
6649.022853429728,27.40503240909021,1.4165773408258997
6651.4156630536745,27.395785438752053,1.415827836772144
6653.8084726776215,27.389905740219675,1.4192001087012758
6656.201282301576,27.387267534130373,1.4266153859388806
6658.594091925523,27.38777066139148,1.4380686191467893
6660.98690154947,27.391338023602046,1.453624169461166
6663.379711173424,27.39791371041927,1.473414215396563
6665.772520797371,27.407461710464013,1.4976396151489495
6668.165330421318,27.419965137353472,1.5265731435945085
6670.558140045272,27.435425931078118,1.5605651882936364
6672.950949669219,27.453865019944857,1.600052156090736
6675.343759293166,27.475322951992347,1.645568029898738
6677.73656891712,27.499861029258753,1.6977597449106003
6680.129378541067,27.52756300579089,1.7574073516000626
6682.522188165014,27.558537443394126,1.82545033679052
6684.914997788968,27.592920861401492,1.9030220388908092
6687.307807412915,27.630881872917925,1.9914949028537465
6689.700617036862,27.67262657727308,2.0925405061728877
6692.0934266608165,27.71840558757951,2.2082100607401043
6694.486236284763,27.768523230186968,2.3410438048169606
6696.87904590871,27.823349686598004,2.494221933067209
6699.271855532665,27.883337202570775,2.6717764913375546
6701.664665156612,27.949042039242222,2.8788948131283867
6704.057474780559,28.021154718854657,3.122363974291825
6706.450284404513,28.100542561306806,3.411238881054518
6708.84309402846,28.18831096432469,3.7578769949829747
6711.235903652414,28.28589422762056,4.1795977419189665
6713.628713276361,28.395194773856325,4.7014554577297485
6716.021522900308,28.518805357355767,5.361107014711394
6718.414332524262,28.660381659972067,6.217885606096593
6720.807142148209,28.825306697629745,7.371033949121017
6723.199951772156,29.02197299134956,9.000065000512647
6725.59276139611,29.26453259887206,11.466522095801164
6727.985571020057,29.579748346433814,15.623124099870877
6730.378380644004,30.028551128578393,24.077015152738333
6732.771190267958,30.811486826773397,50.48132507213773
