mjd,muJyas2,muJyas2_err
53048.89697880924,2.7226582956363927,0.2517433638519983
53051.407567174494,2.723986671135208,0.24608832740441905
53053.918155539744,2.725315808605046,0.24053664957589402
53056.428743904995,2.7266466872260935,0.235090004785682
53058.939332270245,2.727980286173988,0.22975010879145844
53061.449920635496,2.729317584630735,0.22451871542814844
53063.960509000746,2.730659366619875,0.2193972888900197
53066.471097366,2.732005598922342,0.21438597015864105
53068.981685731254,2.733356034434337,0.2094845793318376
53071.492274096505,2.734710426059337,0.20469297484042498
53074.002862461755,2.7360684320192377,0.2000110495847809
53076.513450827006,2.737427565127291,0.19543854527971166
53079.024039192256,2.7387832104031986,0.19097506005105813
53081.53462755751,2.740130661717558,0.18662024438873853
53084.04521592276,2.74146521297007,0.18237381665776894
53086.55580428801,2.7427821579949523,0.17823556987748873
53089.06639265326,2.744076834715088,0.17420535486895913
53091.57698101851,2.745345257306326,0.1702827575412125
53094.08756938376,2.7465839686574327,0.16646718447504524
53096.59815774901,2.747789525630651,0.16275814074720027
53099.10874611426,2.74895848505912,0.15915524712657075
53101.61933447951,2.7500874036322784,0.15565824975130815
53104.12992284476,2.7511728380122804,0.15226702846829798
53106.64051121001,2.752211344710304,0.14898160471141877
53109.15109957527,2.75319948015931,0.14580214726768514
53111.66168794052,2.7541338006449223,0.14272897705130536
53114.17227630577,2.7550108623727283,0.1397625692628638
53116.68286467102,2.7558272213973396,0.13690355332840803
53119.19345303627,2.7565794336369436,0.13415271001287446
53121.70404140152,2.7572640548587515,0.1315109650011159
53124.21462976677,2.7578776406826364,0.12897937915426808
53126.72521813202,2.7584167465720384,0.12655913407040004
53129.23580649727,2.7588779278194124,0.12425151354246523
53131.74639486252,2.7592577395353146,0.12205787994708038
53134.25698322777,2.759552736644764,0.1199796455803213
53136.76757159302,2.7597594425769785,0.11801814102170703
53139.278159958274,2.7598748723466997,0.1161736870513131
53141.788748323524,2.7598961373314523,0.11444573953177188
53144.299336688775,2.7598200442735106,0.11283357155445238
53146.809925054025,2.7596430334415345,0.11133633899093506
53149.32051341928,2.759361033226014,0.10995272357217573
53151.83110178453,2.7589740455478022,0.10867867250922073
53154.341690149784,2.758484232115734,0.10750860889887935
53156.852278515034,2.757893769980001,0.10643690917339525
53159.362866880285,2.7572048327438097,0.1054579696106797
53161.873455245535,2.756419232614462,0.10456600533382213
53164.384043610786,2.755538096471355,0.1037548721339918
53166.894631976036,2.754562474503473,0.10301855122239456
53169.40522034129,2.7534934166842504,0.10235125471387577
53171.91580870654,2.752331972776119,0.1017474696404595
53174.42639707179,2.751079113018932,0.10120198573213254
53176.93698543704,2.749731561358203,0.10070941057772544
53179.44757380229,2.748279737723351,0.10026394586332339
53181.95816216754,2.7467135508850333,0.09986014311149732
53184.46875053279,2.7450229094320093,0.09949299963260949
53186.97933889805,2.7431977215164807,0.09915798354343185
53189.4899272633,2.74122789514513,0.09885105060715042
53192.00051562855,2.739103337888082,0.09856865645344554
53194.5111039938,2.736813957002596,0.09830776083766868
53197.02169235905,2.7343496594112366,0.09806582793417089
53199.5322807243,2.731700351650943,0.09784081988730133
53202.04286908955,2.728855939778441,0.09763118712479149
53204.5534574548,2.725806329464831,0.09743585284252143
53207.06404582005,2.7225414259155514,0.09725419435190819
53209.5746341853,2.7190511317094206,0.09708601945405798
53212.08522255055,2.7153246966117877,0.09693150059097332
53214.5958109158,2.7113507358189963,0.09679106801732733
53217.10639928105,2.7071242943929974,0.09666531977068983
53219.6169876463,2.7026431696649524,0.09655507726170615
53222.12757601155,2.6979037087460256,0.09646128398524134
53224.6381643768,2.692902625498391,0.09638450507955681
53227.14875274206,2.6876371663311147,0.0963239406133766
53229.65934110731,2.682113329792628,0.09627780469888199
53232.16992947256,2.6763417091278825,0.0962441937213972
53234.68051783781,2.670330332723097,0.09622106151378215
53237.19110620306,2.6640820219563466,0.09620580486332382
53239.70169456831,2.6575956029901135,0.0961950737694529
53242.212282933564,2.6508727739837923,0.09618558080158815
53244.722871298814,2.643915539360023,0.09617429630334574
53247.233459664065,2.6367259030012065,0.0961584779617932
53249.744048029315,2.62930586827315,0.09613568579485086
53252.254636394566,2.6216575267972075,0.09610379108809602
53254.765224759816,2.613786333495227,0.0960608640348868
53257.27581312507,2.605702063185163,0.09600514666196418
53259.78640149032,2.5974147739980253,0.09593520689551528
53262.29698985557,2.5889345236937515,0.095849954133712
53264.807578220825,2.580271369552065,0.09574864051755294
53267.318166586076,2.5714353684379603,0.09563086094774369
53269.828754951326,2.562436576845357,0.09549655084375881
53272.33934331658,2.553285050933482,0.09534598149975684
53274.84993168183,2.5439908464613836,0.09517975312097135
53277.36052004708,2.5345640189189,0.09499878600324649
53279.87110841233,2.5250146234830027,0.0948043086684298
53282.38169677758,2.5153527075308375,0.09459784330388313
53284.89228514283,2.5055878819184727,0.09438107404868062
53287.40287350808,2.4957292240287643,0.0941556180843282
53289.91346187333,2.485785810080415,0.09392325864426498
53292.42405023858,2.4757667161975405,0.09368600382034503
53294.93463860383,2.4656810168671655,0.09344606065777904
53297.44522696908,2.455535939476249,0.09320540021735217
53299.95581533433,2.445329579004465,0.09296474266999945
53302.46640369958,2.435061899595894,0.09272443119623155
53304.97699206484,2.4247441560437437,0.09248456612622902
53307.48758043009,2.414389477278746,0.09224479125177888
53309.99816879534,2.4040094388328725,0.09200419505156182
53312.50875716059,2.393618173082359,0.09176173171905548
53315.01934552584,2.383231831001467,0.09151633958323764
53317.52993389109,2.372867936894181,0.09126695983247642
53320.04052225634,2.362544096133206,0.0910127227738282
53322.55111062159,2.352277783167665,0.09075292242643948
53325.06169898684,2.3420861432932725,0.0904866629094883
53327.57228735209,2.3319829301217396,0.0902126690565581
53330.082875717344,2.3219752730292385,0.08992930712127377
53332.593464082594,2.3120694605349854,0.08963512108472786
53335.104052447845,2.3022717814274074,0.08932892239419363
53337.614640813095,2.292588524705934,0.08900980308718102
53340.125229178346,2.283025979602826,0.08867714545179059
53342.635817543596,2.273590435670485,0.08833062829886701
53345.146405908854,2.264288182661403,0.08797023052098471
53347.656994274104,2.2551255107064208,0.08759623046333838
53350.167582639355,2.2461084911992657,0.08720908551239669
53352.678171004605,2.2372410872186492,0.08680859638232853
53355.188759369856,2.228524105032534,0.0863941599561195
53357.699347735106,2.219957552734968,0.08596538759965006
53360.20993610036,2.2115414382379868,0.0855222183975344
53362.72052446561,2.2032757697821808,0.08506493014211174
53365.23111283086,2.19516055593931,0.08459414711123046
53367.74170119611,2.1871958056107133,0.08411084348460833
53370.25228956136,2.17938187194477,0.08361630155772012
53372.76287792661,2.1717199768954742,0.08311167064192883
53375.27346629186,2.1642128804014646,0.08259786258843245
53377.78405465711,2.15686734465271,0.08207596108653821
53380.29464302236,2.1496922932128655,0.08154733132432418
53382.80523138762,2.1426988291641464,0.08101353391811736
53385.31581975287,2.135901582223596,0.08047590911427854
53387.82640811812,2.129316572623793,0.07993577701934593
53390.33699648337,2.122959841071861,0.07939483948866427
53392.84758484862,2.1168474290898303,0.0788552008927576
53395.35817321387,2.1109953784325626,0.07831936743099947
53397.86876157912,2.105419731713482,0.07779024386007086
53400.37934994437,2.100136531982571,0.07727111985342357
53402.88993830962,2.0951618229591986,0.07676564979092097
53405.40052667487,2.0905110773383058,0.07627772344448931
53407.91111504012,2.086193907620327,0.0758105151335789
53410.42170340537,2.082216216747838,0.07536685220616234
53412.93229177062,2.078580378285551,0.07494920009280079
53415.44288013587,2.075278510026692,0.07455822838163359
53417.953468501124,2.0723003400562447,0.07419433242666817
53420.464056866374,2.069635569721868,0.07385816935477714
53422.97464523163,2.06727370016597,0.07355060814156023
53425.48523359688,2.065204140271817,0.07327277116320906
53427.99582196213,2.063416299097298,0.07302606168144479
53430.50641032738,2.0618995969198295,0.072812147504756
53433.016998692634,2.06064423758653,0.07263292563973908
53435.527587057884,2.0596419367452654,0.07249034629964086
53438.038175423135,2.0588875931862276,0.07238396600531641
53440.548763788385,2.058369783262606,0.07231050900175995
53443.059352153636,2.058070763712749,0.07226632795830971
53445.569940518886,2.057972053895355,0.07224799930327268
53448.08052888414,2.0580550232261885,0.07225234705084366
53450.59111724939,2.0583013243740425,0.07227657465342327
53453.10170561464,2.058692915001302,0.07231830548544418
53455.61229397989,2.0592129795986693,0.0723754326449385
53458.12288234514,2.059845102892723,0.07244626751020601
53460.633470710396,2.060572873422643,0.0725296666986658
53463.14405907565,2.061379899212625,0.07262504502587391
53465.6546474409,2.0622501666657627,0.07273232365463493
53468.16523580615,2.0631680064252578,0.07285193182411308
53470.6758241714,2.0641177462384803,0.07298484585845404
53473.18641253665,2.0650823933974607,0.073132548083404
53475.6970009019,2.0660426555841696,0.07329697890421914
53478.20758926715,2.066978923845454,0.07348038661919064
53480.7181776324,2.0678715070680482,0.07368529686982064
53483.22876599765,2.0687006988737267,0.07391459854728114
53485.7393543629,2.069445639877813,0.0741714110245228
53488.24994272815,2.070083387181512,0.07445893753208827
53490.7605310934,2.0705951763738994,0.07478020651084503
53493.27111945865,2.070972037516185,0.07513500427343943
53495.7817078239,2.071205098895007,0.07551993943245076
53498.29229618915,2.0712842868524604,0.07593156051932107
53500.80288455441,2.0711986529058777,0.07636660469437512
53503.31347291966,2.07093626819551,0.07682202360941058
53505.82406128491,2.070483566742041,0.07729496350447543
53508.33464965016,2.069826581515372,0.07778285747232101
53510.84523801541,2.0689506542985328,0.07828344596890718
53513.35582638066,2.067837836280887,0.07879466286148445
53515.86641474591,2.066480474641139,0.07931392018975754
53518.37700311116,2.064885194071394,0.0798381940809296
53520.887591476414,2.063061755761737,0.08036474591052675
53523.398179841664,2.061019645894703,0.08089127085027416
53525.908768206915,2.058767456539499,0.0814159067714381
53528.419356572165,2.0563136182099697,0.08193725672223288
53530.929944937416,2.053666560917918,0.08245439682207563
53533.440533302666,2.050834714231314,0.08296687685593485
53535.95112166792,2.047826504414843,0.08347471548090374
53538.46171003317,2.0446497318298498,0.083978380550659
53540.972298398425,2.041310799035273,0.08447876140872536
53543.482886763675,2.0378159188803693,0.08497717709735143
53545.993475128926,2.034171303810581,0.08547536127067966
53548.504063494176,2.0303831650680877,0.08597543944871137
53551.01465185943,2.0264564218814485,0.08647985637099811
53553.52524022468,2.0223925971449717,0.08699120243953098
53556.03582858993,2.018193230470388,0.08751225852748831
53558.54641695518,2.01385953668796,0.08804601175616587
53561.05700532043,2.009388896243763,0.08859491108913835
53563.56759368568,2.0047742975657457,0.08916066485279672
53566.07818205093,2.0000057737051975,0.08974494622114121
53568.58877041618,1.9950745384339825,0.09034950441797313
53571.09935878143,1.989982503502688,0.0909751757328692
53573.60994714668,1.984736976410204,0.09162187540806312
53576.12053551193,1.9793446909097838,0.09228958604818722
53578.63112387719,1.9738129830366233,0.09297840231665912
53581.14171224244,1.9681497511883208,0.09368853058067833
53583.65230060769,1.9623629939524108,0.09441991138811662
53586.16288897294,1.9564639364325558,0.0951709131336678
53588.67347733819,1.9504634412151063,0.09593900223906689
53591.18406570344,1.9443706531528733,0.09672164655670894
53593.69465406869,1.9381945237328182,0.09751649457490749
53596.20524243394,1.9319428171002073,0.09832138696035021
53598.71583079919,1.9256224406672118,0.09913436178087603
53601.22641916444,1.919239848099096,0.09995365445113562
53603.73700752969,1.9128014373054611,0.10077773583230215
53606.24759589494,1.906313606094045,0.10160532160063065
53608.758184260194,1.8997827521525323,0.10243537250917392
53611.268772625444,1.8932152730885718,0.10326709287331637
53613.779360990695,1.8866175664115872,0.10409992598258326
53616.289949355945,1.8799960295473284,0.10493354632758582
53618.8005377212,1.8733570598742517,0.10576785066890133
53621.31112608645,1.8667070547780895,0.10660294564928699
53623.821714451704,1.8600522850611014,0.10743912787041279
53626.332302816954,1.8533977672814217,0.10827681277482405
53628.842891182205,1.8467478007914906,0.10911654383750215
53631.353479547455,1.8401066751284816,0.1099590082575745
53633.864067912706,1.8334784380604106,0.11080495126966323
53636.374656277956,1.8268666564945306,0.1116551125979242
53638.88524464321,1.8202751790377079,0.1125097931873609
53641.39583300846,1.8137104311863368,0.11336679610544856
53643.90642137371,1.8071793653398345,0.1142229079019861
53646.41700973896,1.80068866918009,0.1150749869148457
53648.92759810421,1.7942450304508384,0.11592001047703111
53651.43818646946,1.7878551370704372,0.1167550917293724
53653.94877483471,1.7815256769827101,0.11757749334956522
53656.45936319996,1.7752633382988279,0.11838463891920588
53658.96995156522,1.76907464281976,0.11917411875360732
53661.48053993047,1.762964800280315,0.11994368374829323
53663.99112829572,1.7569383988156915,0.12069125837402774
53666.50171666097,1.7510000077800214,0.1214149548021872
53669.01230502622,1.745153237876366,0.12211305973267712
53671.52289339147,1.7394001900011062,0.12278402815612172
53674.03348175672,1.733742832495409,0.1234265068117349
53676.54407012197,1.7281831339005294,0.12403933756618163
53679.05465848722,1.7227230629887345,0.124621557519684
53681.56524685247,1.7173645910716004,0.12517239735650565
53684.07583521772,1.712109843192593,0.12569122703140012
53686.58642358297,1.706960981920929,0.12617743725976013
53689.09701194822,1.7019200988197554,0.12663057094060148
53691.60760031347,1.6969892856941442,0.12705036186754923
53694.11818867872,1.6921706345747225,0.12743673562920393
53696.62877704398,1.6874662377413188,0.12778980750368749
53699.13936540923,1.68287818772842,0.12810988222651987
53701.64995377448,1.6784085773197148,0.12839745075024378
53704.16054213973,1.6740594995571882,0.1286531897442368
53706.67113050498,1.669832913717073,0.1288779410766675
53709.18171887023,1.665728751268034,0.12907247444010841
53711.692307235484,1.6617454822217042,0.12923748003091096
53714.202895600734,1.657881608277421,0.1293737835633325
53716.713483965985,1.6541356322841239,0.12948238893995861
53719.224072331235,1.6505060573526862,0.12956447909154584
53721.734660696486,1.6469913868395452,0.12962141449964582
53724.245249061736,1.643590124354887,0.1296547319611389
53726.75583742699,1.6403007737690132,0.129666142137087
53729.26642579224,1.6371218391868751,0.12965752582427964
53731.77701415749,1.6340518249580782,0.12963092990609795
53734.28760252274,1.6310892356705153,0.12958856215053619
53736.798190887996,1.6282325761549146,0.12953278434730434
53739.308779253246,1.6254797540022992,0.12946602575164168
53741.8193676185,1.6228246858154307,0.12939034446006933
53744.32995598375,1.6202593615380465,0.12930768989551983
53746.840544349,1.6177759190741199,0.1292201239680793
53749.35113271425,1.6153693306750938,0.12912963232934968
53751.8617210795,1.613037271405119,0.12903814296412294
53754.37230944475,1.610777548105034,0.12894768910110216
53756.88289781,1.6085879677830235,0.12886041070957818
53759.39348617525,1.606466337609163,0.12877854614652778
53761.9040745405,1.6044103775911935,0.1287044032440176
53764.41466290575,1.60241839669834,0.12863962036091187
53766.925251271,1.6004901150245132,0.12858473960228411
53769.43583963625,1.5986238246114226,0.12854013134034864
53771.9464280015,1.596817598456255,0.1285060959898373
53774.45701636675,1.5950690102126828,0.12848250760593738
53776.96760473201,1.5933750911917741,0.12846901280352205
53779.47819309726,1.5917327942097472,0.12846530054611902
53781.98878146251,1.5901390725593956,0.12847117618050827
53784.49936982776,1.5885908796717558,0.12848656946184078
53787.00995819301,1.5870851690706331,0.12851154212398047
53789.52054655826,1.585618894367144,0.12854629293138853
53792.03113492351,1.5841890092578979,0.12859116078811647
53794.54172328876,1.582792467524996,0.12864662719270817
53797.05231165401,1.5814262094099831,0.1287133117483106
53799.562900019264,1.5800865765486378,0.12879182842370349
53802.073488384514,1.578767906408757,0.12888270123008655
53804.584076749765,1.5774632254615426,0.12898654418290056
53807.094665115015,1.5761655078240437,0.12910410603691208
53809.605253480266,1.5748677276133094,0.12923626882379824
53812.115841845516,1.5735628590191482,0.1293840423317629
53814.626430210774,1.5722438761222293,0.12954855671581245
53817.137018576024,1.570903770646055,0.1297310494809753
53819.647606941275,1.5695378732248173,0.1299323229994612
53822.158195306525,1.568146174490721,0.1301522061301729
53824.668783671776,1.5667292171615372,0.1303904988596554
53827.179372037026,1.5652882862123079,0.1306469802782882
53829.68996040228,1.5638276778699947,0.1309210419116413
53832.20054876753,1.5623524516595353,0.13121205972732033
53834.71113713278,1.5608676671363355,0.13151952519624346
53837.22172549803,1.5593783837866795,0.1318430484517098
53839.73231386328,1.557889661136869,0.13218236101651087
53842.24290222853,1.5564065586731886,0.13253731649859338
53844.75349059378,1.5549341129681125,0.13290788659559064
53847.26407895903,1.5534762755250995,0.13329406697625404
53849.77466732428,1.5520356298220577,0.13369580758006971
53852.28525568953,1.5506149901502795,0.1341130812848974
53854.79584405479,1.5492167210813932,0.1345457716412854
53857.30643242004,1.5478426166313284,0.13499360368961322
53859.81702078529,1.5464938024888397,0.13545611440751537
53862.32760915054,1.5451709394328645,0.1359324557897861
53864.83819751579,1.543875732773813,0.1364215927958724
53867.34878588104,1.54261002154999,0.13692244660562747
53869.85937424629,1.5413754362330323,0.13743399434289466
53872.36996261154,1.5401724476307663,0.1379551875138567
53874.88055097679,1.53900093258153,0.13848498542583548
53877.39113934204,1.5378604245397582,0.13902240786967363
53879.90172770729,1.536750204179043,0.13956654759606027
53882.41231607254,1.5356692778095749,0.14011656566874126
53884.92290443779,1.5346167764655547,0.14067169454864173
53887.433492803044,1.5335926781144735,0.14123104744799655
53889.944081168294,1.5325975286480116,0.14179369331378724
53892.45466953355,1.5316316959263077,0.14235864540420343
53894.9652578988,1.5306954493648846,0.14292479829139718
53897.47584626405,1.5297890752144667,0.14349114682408987
53899.9864346293,1.528912834064613,0.14405680692687242
53902.497022994554,1.528067019366972,0.14462102004738447
53905.007611359804,1.5272522805066728,0.14518310944967622
53907.518199725055,1.5264694600996336,0.1457425031820345
53910.028788090305,1.52571940273765,0.14629875953243723
53912.539376455556,1.5250029481162528,0.14685155875257613
53915.049964820806,1.5243209229543027,0.1474006880747951
53917.56055318606,1.5236740922523495,0.14794603980165144
53920.07114155131,1.5230628102251558,0.14848752959225084
53922.58172991656,1.522487258175488,0.149025145737791
53925.09231828181,1.5219476168838355,0.14955898417913052
53927.60290664706,1.5214440672054934,0.1500892427468591
53930.11349501231,1.520976790074883,0.15061621438170622
53932.62408337757,1.5205456582916668,0.15114021935388292
53935.13467174282,1.5201483744640427,0.15166124378626075
53937.64526010807,1.5197812491942386,0.15217888080668357
53940.15584847332,1.5194422840058905,0.1526925346151269
53942.66643683857,1.519129984014853,0.1532014946581098
53945.17702520382,1.5188432187292165,0.15370493642593355
53947.68761356907,1.5185811682595158,0.15420174097301487
53950.19820193432,1.5183446815119623,0.15469064335373633
53952.70879029957,1.5181346665676756,0.15517034718153275
53955.21937866482,1.5179515251468274,0.15563959555736046
53957.72996703007,1.5177956454290324,0.1560972165056569
53960.24055539532,1.5176674944925708,0.15654211901071963
53962.75114376057,1.5175675678037805,0.15697327017227028
53965.26173212582,1.5174960615249802,0.15738969664905383
53967.77232049107,1.5174526350992892,0.15779038266189213
53970.28290885633,1.517435899481825,0.15817425623050493
53972.79349722158,1.5174442038169218,0.15854030367872393
53975.30408558683,1.5174758772463974,0.15888755914965658
53977.81467395208,1.5175295509779971,0.1592150959714095
53980.32526231733,1.5176062420341623,0.15952194402643508
53982.83585068258,1.5177079010227317,0.159807175366035
53985.34643904783,1.5178364807579783,0.16006995866428644
53987.85702741308,1.5179939341105637,0.16030955927714288
53990.367615778334,1.5181822139784344,0.16052533851166775
53992.878204143584,1.518403273592412,0.16071675317012643
53995.388792508835,1.5186592742957146,0.16088332741513348
53997.899380874085,1.5189529769522778,0.16102460044470718
54000.409969239336,1.51928724980462,0.16114018887108456
54002.920557604586,1.5196649611789326,0.1612297986465447
54005.43114596984,1.5200889519437624,0.16129321815000394
54007.94173433509,1.5205620157030353,0.16133013574528154
54010.452322700345,1.5210882949904772,0.16133993018620488
54012.962911065595,1.5216727347551569,0.16132195261279692
54015.473499430846,1.5223195201670023,0.161275540948839
54017.984087796096,1.523030814176309,0.16119989934321352
54020.49467616135,1.5238088940968737,0.16109412728118824
54023.0052645266,1.524656236242663,0.16095730304437264
54025.51585289185,1.5255754257377703,0.16078857702174937
54028.0264412571,1.526569049428872,0.1605871953856452
54030.53702962235,1.5276396943427244,0.16035250384499283
54033.0476179876,1.528789837075692,0.16008393845641847
54035.55820635285,1.530020864351627,0.1597809272872728
54038.0687947181,1.5313335506534713,0.15944293924409095
54040.57938308335,1.5327289782762819,0.1590695252256076
54043.0899714486,1.5342085706388389,0.15866030735086692
54045.60055981385,1.5357736572914291,0.15821501020040352
54048.1111481791,1.537425395791729,0.15773346533884067
54050.62173654436,1.5391642039203361,0.157215579151085
54053.13232490961,1.5409902848381307,0.15666136883905865
54055.64291327486,1.5429038418706114,0.15607097800825692
54058.15350164011,1.544905078534839,0.1554446807062695
54060.66409000536,1.5469941985408013,0.15478288261654283
54063.17467837061,1.5491714057891386,0.1540861249279171
54065.68526673586,1.551436904375464,0.1533550861841721
54068.19585510111,1.5537908985874083,0.1525905845219888
54070.70644346636,1.5562335929067785,0.15179358069722457
54073.21703183161,1.5587651920099006,0.150965178797765
54075.72762019686,1.5613859007678457,0.15010662952055737
54078.238208562114,1.5640959242466579,0.14921933115599448
54080.748796927364,1.5668955205810562,0.14830482172932521
54083.259385292615,1.5697854570594245,0.14736466364441858
54085.769973657865,1.57276641175622,0.1464003991609075
54088.28056202312,1.5758389213788178,0.14541369118889655
54090.79115038837,1.5790035670115685,0.14440634130684282
54093.301738753624,1.5822610063462434,0.14338025798709442
54095.812327118874,1.5856117944226753,0.14233737840227495
54098.322915484125,1.5890564251653814,0.14127973458035667
54100.833503849375,1.592595392107114,0.1402095248757488
54103.344092214626,1.5962291889843527,0.13912911702076003
54105.854680579876,1.5999583097429877,0.13804104853508223
54108.36526894513,1.6037832485390027,0.13694802698074882
54110.87585731038,1.607704499736883,0.1358529287147895
54113.38644567563,1.6117225579093883,0.13475879577005578
54115.89703404088,1.615837917847557,0.1336688317416901
54118.40762240613,1.6200510745504744,0.13258639589559634
54120.91821077138,1.624362112434028,0.13151493788569932
54123.42879913663,1.6287677967502532,0.1304574498263887
54125.93938750188,1.6332642980269156,0.12941646087263897
54128.44997586714,1.6378491192990623,0.1283943643284831
54130.96056423239,1.6425186945816677,0.127393559075536
54133.47115259764,1.6472692382885725,0.1264165507139578
54135.98174096289,1.652096964968223,0.1254659639186709
54138.49232932814,1.6569980893655156,0.12454453573868349
54141.00291769339,1.6619688263672288,0.12365510421919058
54143.51350605864,1.6670053920515784,0.12280059504754241
54146.02409442389,1.672104379911616,0.12198361427520583
54148.53468278914,1.6772623026372457,0.1212056012798555
54151.04527115439,1.682473682845739,0.12046708255174399
54153.55585951964,1.687734014922171,0.1197681341519551
54156.06644788489,1.693037661294511,0.1191085682960268
54158.57703625014,1.6983772194871563,0.11848807556491614
54161.08762461539,1.7037451986398082,0.11790643332703034
54163.59821298064,1.7091341369596194,0.11736352132221034
54166.108801345894,1.7145367654666188,0.11685928145095063
54168.61938971115,1.719945893761178,0.11639376078426084
54171.1299780764,1.7253543313709088,0.11596714012077944
54173.64056644165,1.7307548745156964,0.11557970052678476
54176.1511548069,1.7361403658469499,0.11523179276922729
54178.66174317215,1.741504158675525,0.11492379870960014
54181.172331537404,1.746841242264054,0.11465587136712829
54183.682919902654,1.752146919920051,0.11442808620616145
54186.193508267905,1.7574168259634462,0.11424048633225481
54188.704096633155,1.762646958559344,0.11409318563092247
54191.214684998406,1.7678333214462327,0.11398642274416872
54193.725273363656,1.7729719180315442,0.11392055474147507
54196.23586172891,1.7780586487995151,0.11389594626763734
54198.74645009416,1.7830917164283164,0.11391256890225718
54201.25703845941,1.788071596246482,0.11396988434010429
54203.76762682466,1.7929998354666168,0.11406605870335328
54206.278215189915,1.797878797928206,0.11419859298274586
54208.788803555166,1.8027106124482088,0.11436485879526564
54211.29939192042,1.807497215391777,0.11456227892309871
54213.80998028567,1.812240566505352,0.11478842899743191
54216.32056865092,1.816942625449883,0.11504106278580348
54218.83115701617,1.8216053517953696,0.11531812407770542
54221.34174538142,1.8262305788002777,0.11561774636640611
54223.85233374667,1.8308191271780743,0.11593811574699425
54226.36292211192,1.8353716254423489,0.11627747551972718
54228.87351047717,1.8398889724630862,0.1166342284299885
54231.38409884242,1.844372489568741,0.117006906441106
54233.89468720767,1.8488239118159981,0.1173941528816118
54236.40527557292,1.8532467691729835,0.11779435325401974
54238.91586393817,1.857645141408284,0.1182059688573968
54241.42645230342,1.8620231083768886,0.11862768557623603
54243.93704066867,1.8663847498828545,0.1190584132240661
54246.44762903393,1.8707341363897285,0.11949728394877573
54248.95821739918,1.8750743394557503,0.1199435764938279
54251.46880576443,1.8794065551819585,0.12039664604978904
54253.97939412968,1.8837317729303322,0.12085604112215677
54256.48998249493,1.8880509820355655,0.1213215125750118
54259.00057086018,1.8923651763107046,0.12179300060418595
54261.51115922543,1.8966759043869388,0.12227040961617557
54264.02174759068,1.900985800099079,0.1227533894700368
54266.53233595593,1.9052976229486376,0.12324170576008646
54269.042924321184,1.9096141245615854,0.12373526841577837
54271.553512686434,1.913937027432894,0.1242337555113326
54274.064101051685,1.918266541448702,0.12473626859756394
54276.574689416935,1.9226031987561782,0.12524184232241703
54279.085277782186,1.926947232576822,0.12574963013368662
54281.595866147436,1.9312979608857859,0.12625883896770662
54284.10645451269,1.9356558923782359,0.12676856971871409
54286.617042877944,1.940022441551264,0.1272778146283972
54289.127631243195,1.944399162679474,0.12778548769019704
54291.638219608445,1.9487876571256493,0.128290569479604
54294.148807973696,1.9531893937328277,0.12879210540038594
54296.659396338946,1.9576048317230743,0.12928882398595629
54299.1699847042,1.9620330568004647,0.12977932788665628
54301.68057306945,1.9664728840261887,0.1302623429316864
54304.1911614347,1.970923128481445,0.1307367529707557
54306.70174979995,1.9753826052674412,0.1312016021728008
54309.2123381652,1.9798501295072128,0.13165609763233893
54311.72292653045,1.9843245163374377,0.13209960866446668
54314.2335148957,1.9888045809057076,0.13253166548362935
54316.74410326095,1.9932891383759852,0.1329519585996975
54319.2546916262,1.9977770039067764,0.13336033513074738
54321.76527999145,2.0022669926802337,0.13375679480550584
54324.27586835671,2.006757919862139,0.13414148569292897
54326.78645672196,2.011248600631916,0.13451469837585728
54329.29704508721,2.0157378501553467,0.13487685919130338
54331.80763345246,2.0202244836009413,0.1352285227977054
54334.31822181771,2.024706976102607,0.13557032722453763
54336.82881018296,2.029181983314629,0.1359027045292161
54339.33939854821,2.0336468155255716,0.13622587349687187
54341.84998691346,2.038099090936157,0.13654010822826695
54344.36057527871,2.042535568263702,0.136845699797707
54346.87116364396,2.046951778260336,0.1371428229987546
54349.38175200921,2.0513448455058096,0.13743133528099397
54351.89234037446,2.0557117530261166,0.13771041884927357
54354.40292873971,2.0600481592628057,0.13797891123500108
54356.913517104964,2.0643487503984943,0.13823561293460965
54359.424105470214,2.068608161451266,0.13847941016829357
54361.93469383547,2.072821196903533,0.13870925655503646
54364.44528220072,2.0769835265818983,0.13892405683115636
54366.95587056597,2.081091095595184,0.1391227720251217
54369.46645893122,2.085139848990366,0.13930446882732678
54371.977047296474,2.0891257317089185,0.13946832286663421
54374.487635661724,2.093045339818673,0.13961353406179813
54376.998224026975,2.096898746246552,0.13973895926787164
54379.508812392225,2.1006871795307234,0.13984341964311964
54382.019400757476,2.104411868819625,0.13992585533379306
54384.529989122726,2.1080740331888137,0.1399853276498564
54387.04057748798,2.1116745526587692,0.14002095682036314
54389.55116585323,2.115213892219117,0.14003190782326463
54392.06175421848,2.118692491410229,0.14001747305638165
54394.57234258373,2.122110789637418,0.1399770794332931
54397.08293094898,2.125469226167297,0.13991028906379488
54399.59351931423,2.128768264052269,0.13981679482120496
54402.10410767948,2.1320088814181872,0.13969627832297485
54404.61469604474,2.1351925528206266,0.13954841764934608
54407.12528440999,2.138320776058208,0.13937302373833318
54409.63587277524,2.1413951482027187,0.13916998770622707
54412.14646114049,2.144417383140535,0.13893927222051652
54414.65704950574,2.1473892013518707,0.13868097996480233
54417.16763787099,2.150312219035186,0.13839532107812577
54419.67822623624,2.153187616814648,0.1380824913612767
54422.18881460149,2.156016461377476,0.13774279265161601
54424.69940296674,2.158799819300839,0.1373766767119651
54427.20999133199,2.1615387570645908,0.13698474511599662
54429.72057969724,2.1642343410530884,0.13656775088233525
54432.23116806249,2.1668876375342734,0.13612659697878168
54434.74175642774,2.1694997127015085,0.13566233686393392
54437.25234479299,2.172071632639927,0.13517617168322524
54439.76293315824,2.1746044633446218,0.1346694486305855
54442.2735215235,2.1770992707288315,0.13414365765807093
54444.78410988875,2.1795571206102977,0.1336004276172643
54447.294698254,2.1819790515116892,0.13304151585018698
54449.80528661925,2.184365483336933,0.13246866036819036
54452.3158749845,2.186716750379219,0.1318834385239448
54454.82646334975,2.1890334964721205,0.1312874598046347
54457.337051715,2.1913163274402905,0.13068241806675954
54459.847640080254,2.1935671663268295,0.13006972570730382
54462.358228445504,2.19578922663095,0.12945004360309784
54464.868816810755,2.197984728825759,0.1288238590726477
54467.379405176005,2.2001558487791044,0.1281917654212418
54469.889993541256,2.2023047623133607,0.12755446871710244
54472.400581906506,2.204433645179961,0.1269127921815051
54474.91117027176,2.2065446731048723,0.1262676752896297
54477.42175863701,2.2086400217667688,0.12562017322542565
54479.932347002265,2.210721866780659,0.12497145629069645
54482.442935367515,2.212792546250057,0.1243227039217092
54484.953523732765,2.2148548733257485,0.12367426491981666
54487.464112098016,2.216911537652777,0.1230256884456284
54489.974700463266,2.2189653495333914,0.1223764708421307
54492.48528882852,2.221019124117447,0.12172624053572467
54494.99587719377,2.2230756765693513,0.12107477041245365
54497.50646555902,2.2251378220425977,0.12042198973983648
54500.01705392427,2.2272083757216024,0.1197679908579001
54502.52764228952,2.2292901527671347,0.11911303705368816
54505.03823065477,2.231385968392715,0.11845756839439398
54507.54881902002,2.2334986378518806,0.11780220486112876
54510.05940738527,2.235630976378161,0.11714774955122724
54512.56999575052,2.2377857993142243,0.11649518842401235
54515.08058411577,2.23996592200092,0.11584568997047977
54517.59117248102,2.2421741598554945,0.11520060025090453
54520.10176084628,2.244413328306109,0.11456143913773253
54522.61234921153,2.246686233072978,0.11392983863136504
54525.12293757678,2.2489960879684077,0.1133070664529497
54527.63352594203,2.251346616896626,0.11269410401129454
54530.14411430728,2.2537415656261146,0.11209205072852059
54532.65470267253,2.256184589026816,0.11150206445262575
54535.16529103778,2.2586792794027133,0.11092537927277135
54537.67587940303,2.26122926835842,0.11036327022012075
54540.18646776828,2.2638371932516748,0.1098161831781459
54542.69705613353,2.2665039129360594,0.10928392368926843
54545.20764449878,2.269230154099205,0.10876638443584023
54547.718232864034,2.272017496965418,0.10826334064865464
54550.228821229284,2.274871134708519,0.10777376027318185
54552.739409594535,2.277798632872873,0.10729631840386515
54555.249997959785,2.280807820505288,0.10682981616876808
54557.760586325036,2.2839065267471597,0.10637323525924637
54560.27117469029,2.287102581045474,0.10592575182231594
54562.781763055544,2.29040381298546,0.10548674810634945
54565.292351420794,2.293818052392453,0.10505581937912807
54567.802939786045,2.297353129411931,0.10463278069569763
54570.313528151295,2.301016874363995,0.10421766985476487
54572.824116516545,2.304817165080749,0.10381074228313018
54575.334704881796,2.308763817702129,0.1034123041234972
54577.845293247046,2.3128693791368278,0.10302263706234023
54580.3558816123,2.3171477318101097,0.10264209644366346
54582.86646997755,2.321613289808738,0.10227118940930434
54585.3770583428,2.3262804477999453,0.10191061298282783
54587.88764670805,2.331162583977857,0.10156072130690455
54590.3982350733,2.3362716572446516,0.1012212706896146
54592.90882343855,2.341619426100806,0.10089178224133295
54595.4194118038,2.347217602582532,0.10057179535301637
54597.93000016906,2.3530779925058596,0.10026101082203025
54600.44058853431,2.359212913113879,0.09995912779025758
54602.95117689956,2.365633521319978,0.09966570683262765
54605.46176526481,2.3723456665356935,0.09937943433917397
54607.97235363006,2.3793538013596844,0.09909893578055635
54610.48294199531,2.386662378990877,0.09882307838542168
54612.99353036056,2.3942752109133494,0.09855091096494865
54615.50411872581,2.4021934138872894,0.09828144090675091
54618.01470709106,2.4104167600098663,0.09801378666204934
54620.52529545631,2.4189441513026395,0.09774724177941292
54623.03588382156,2.427774429047531,0.09748139873779472
54625.54647218681,2.4369064351922134,0.09721616859121883
54628.05706055206,2.44633901234738,0.09695178501386696
54630.56764891731,2.4560710037922036,0.09668881014061563
54633.07823728256,2.466101253452507,0.09642813320132812
54635.588825647814,2.476428610641051,0.09617096656348476
54638.09941401307,2.4870518673378683,0.09591867270685744
54640.61000237832,2.497969222035863,0.09567254842799329
54643.12059074357,2.5091789837711076,0.09543411406562893
54645.63117910882,2.520680682985926,0.09520509363683538
54648.14176747407,2.5324741951123997,0.09498747288876636
54650.652355839324,2.5445593962485873,0.09478351192262512
54653.162944204574,2.55693616313647,0.0945957255426461
54655.673532569825,2.5696044238366085,0.09442679635263522
54658.184120935075,2.5825643463456345,0.09427930445139371
54660.694709300325,2.59581548350252,0.09415577762566693
54663.205297665576,2.609352852901793,0.09405773200699291
54665.71588603083,2.623166030673019,0.09398576291891092
54668.22647439608,2.6372419235340203,0.09394018341794962
54670.73706276133,2.651568159213639,0.09392097751943884
54673.24765112658,2.6661324460001197,0.09392782801501735
54675.75823949183,2.6809170097258175,0.09396012053086793
54678.268827857086,2.6959016922919545,0.09401719455953046
54680.779416222336,2.7110648029483855,0.09409839594026889
54683.29000458759,2.7263814754696796,0.09420250038837456
54685.80059295284,2.741826584126102,0.09432765835510161
54688.31118131809,2.7573752883035922,0.09447216713507767
54690.82176968334,2.773002751011518,0.09463454861356639
54693.33235804859,2.788685115694534,0.09481349435268377
54695.84294641384,2.804399746848503,0.09500768698269121
54698.35353477909,2.820123625031556,0.09521598720039462
54700.86412314434,2.8358337251702324,0.09543752151364013
54703.37471150959,2.85150702217652,0.09567168417729971
54705.88529987484,2.86712048354093,0.09591813486002053
54708.39588824009,2.8826502604351845,0.09617666201949461
54710.90647660534,2.898071004427038,0.09644692819542126
54713.41706497059,2.913357217636076,0.09672875157657936
54715.92765333585,2.928483603973291,0.0970221357174884
54718.4382417011,2.9434276211250108,0.0973265860029587
54720.94883006635,2.958168717290391,0.0976413063997368
54723.4594184316,2.972686384615372,0.09796571580589489
54725.97000679685,2.9869601146347122,0.09829945708928357
54728.4805951621,3.000969447384705,0.09864238648410267
54730.99118352735,3.0146953288349323,0.09899442598260468
54733.5017718926,3.0281214641872793,0.09935532526745111
54736.01236025785,3.041232243995182,0.0997248008255952
54738.522948623104,3.0540121486701537,0.10010264648843255
54741.033536988354,3.0664455391670344,0.10048870244502371
54743.544125353605,3.0785186123284802,0.10088260717360319
54746.054713718855,3.090224248575396,0.10128317655127149
54748.565302084105,3.101558439740984,0.1016889274361325
54751.075890449356,3.112518339583403,0.10209842108047285
54753.58647881461,3.123101114502788,0.10251036464626376
54756.097067179864,3.133303438171424,0.10292336232769565
54758.607655545115,3.143121471952327,0.10333534913846776
54761.118243910365,3.1525508021877613,0.10374403971531644
54763.628832275615,3.1615867874097603,0.10414728825194508
54766.139420640866,3.1702234406911884,0.10454303748423593
54768.650009006116,3.178456055438346,0.10492914825196356
54771.16059737137,3.1862840945464086,0.10530293647786616
54773.67118573662,3.1937083797515697,0.10566155036901986
54776.18177410187,3.2007298119442567,0.10600230122960476
54778.69236246712,3.20734929151331,0.10632271673288227
54781.20295083237,3.213567717954902,0.10662055020628772
54783.71353919762,3.2193859898711708,0.1068937864700183
54786.22412756287,3.224805004974769,0.10714064780046235
54788.73471592812,3.2298256600929562,0.10735959698419764
54791.24530429337,3.23444885116578,0.10754933822423235
54793.75589265862,3.2386754732574445,0.10770881858264576
54796.26648102388,3.24250642053903,0.1078372269984916
54798.77706938913,3.245942586314868,0.1079339930220529
54801.28765775438,3.2489848636541865,0.10799878238103294
54803.79824611963,3.2516345235944755,0.10803147513042298
54806.30883448488,3.253893852528563,0.10803212577019888
54808.81942285013,3.255765304549641,0.10800100378588237
54811.33001121538,3.257251381279275,0.10793859075539602
54813.84059958063,3.2583551147472463,0.10784550547367422
54816.35118794588,3.259079921837838,0.10772251539838161
54818.86177631113,3.259430749756575,0.10757035567728601
54821.37236467638,3.259416292748938,0.10738947641804096
54823.88295304163,3.259047743908013,0.10718030845073802
54826.393541406884,3.2583365251339274,0.10694342831292901
54828.904129772134,3.2572938857920235,0.10667949259107465
54831.414718137385,3.255931955332926,0.10638908420532751
54833.92530650264,3.254263427159458,0.10607273915432766
54836.43589486789,3.2523012245437712,0.10573113391845002
54838.94648323314,3.2500583843211643,0.10536507652374187
54841.457071598394,3.2475478746418958,0.10497537792559374
54843.967659963644,3.244782596913865,0.10456298813406759
54846.478248328895,3.2417754521084134,0.10412903924789928
54848.988836694145,3.238538058390759,0.10367476072896847
54851.499425059395,3.235074026863913,0.1032009629936138
54854.010013424646,3.2313845081407635,0.10270818064173311
54856.520601789896,3.2274730447607,0.10219664569012793
54859.03119015515,3.2233438245348225,0.10166666405967219
54861.5417785204,3.2190010348895157,0.10111873490242644
54864.05236688565,3.2144488628291583,0.10055355656217044
54866.5629552509,3.209691494819708,0.09997203051851086
54869.07354361615,3.2047331169378594,0.09937526301857504
54871.5841319814,3.1995779152457544,0.09876456404309478
54874.09472034666,3.194230195646014,0.09814135792321342
54876.60530871191,3.188693720381707,0.09750680468943353
54879.11589707716,3.182974052739155,0.09686113755660301
54881.62648544241,3.1770793703981326,0.0962040413646393
54884.13707380766,3.171017864791793,0.09553531927529203
54886.64766217291,3.164797726138204,0.09485502134555614
54889.15825053816,3.158427144975576,0.0941634642795521
54891.66883890341,3.1519148572842823,0.09346121831886771
54894.17942726866,3.145271081062674,0.09274906275523903
54896.69001563391,3.138506250172213,0.09202806414378945
54899.20060399916,3.1316306105436524,0.0912995999666521
54901.71119236441,3.124652395126759,0.09056525426290223
54904.22178072966,3.1175789922708645,0.08982683615147133
54906.73236909491,3.1104179464673507,0.08908648162279256
54909.24295746016,3.103176802287635,0.08834667344535589
54911.75354582541,3.095863104055752,0.08761023884053604
54914.26413419067,3.0884843959574937,0.08688034253095703
54916.77472255592,3.0810482232409413,0.08616047471004898
54919.28531092117,3.073562855766795,0.08545428921458968
54921.79589928642,3.0660386537201703,0.08476542230973826
54924.30648765167,3.058486355264904,0.08409772702880876
54926.81707601692,3.0509166971951345,0.08345528804002214
54929.327664382174,3.0433383957843034,0.08284176758722239
54931.838252747424,3.0357540902450637,0.08225910682639473
54934.348841112675,3.02816534201429,0.08170845748308445
54936.859429477925,3.020573791617153,0.08119051859677609
54939.370017843175,3.0129803562535926,0.08070603045943352
54941.880606208426,3.0053849805917707,0.0802557438840138
54944.391194573676,2.9977910057659756,0.07983993813595046
54946.90178293893,2.9902028227770643,0.07945767733384514
54949.41237130418,2.9826224943572015,0.07910758068629715
54951.922959669435,2.9750521541609487,0.07878819463166543
54954.433548034685,2.9674941699886404,0.07849802259631904
54956.944136399936,2.9599509225772636,0.07823583594106048
54959.454724765186,2.9524247971130535,0.07800072115701406
54961.96531313044,2.9449186793681292,0.07779207672206549
54964.47590149569,2.93743640710818,0.07760961171593064
54966.98648986094,2.9299819281859527,0.07745334371977304
54969.49707822619,2.9225580200472905,0.07732271370348782
54972.00766659144,2.915166382554162,0.07721563180703817
54974.51825495669,2.907811307653901,0.0771297662124231
54977.02884332194,2.9004977919903467,0.07706310208848953
54979.53943168719,2.893233165232232,0.07701391240557963
54982.05002005244,2.88602541443106,0.07698089796711581
54984.56060841769,2.8788821658054076,0.07696320334035968
54987.07119678294,2.871810147746146,0.07696037610079709
54989.5817851482,2.8648159514777944,0.07697245107778064
54992.09237351345,2.857906168428599,0.07699996568305105
54994.6029618787,2.851087391070905,0.07704394840145028
54997.11355024395,2.8443666328748805,0.07710575469469316
54999.6241386092,2.8377517823537346,0.07718644103025132
55002.13472697445,2.83125073202973,0.07728715327051587
55004.6453153397,2.8248713873690576,0.07740945954847336
55007.15590370495,2.8186226755497046,0.07755509232857083
55009.6664920702,2.812515374214854,0.0777255637486446
55012.17708043545,2.806560409240774,0.07792259880560704
55014.6876688007,2.80076870679477,0.07814826085211987
55017.198257165954,2.7951511934152222,0.07840491566215994
55019.708845531204,2.7897187959897565,0.07869519277193522
55022.219433896455,2.7844825795764336,0.07902187473803439
55024.730022261705,2.779454471427016,0.07938659704446677
55027.240610626955,2.7746450791310053,0.0797885848710817
55029.75119899221,2.7700626980263223,0.0802265115830725
55032.26178735746,2.7657089973508846,0.08069837019594453
55034.772375722714,2.7615808074078814,0.08120152408737126
55037.282964087965,2.7576751562701247,0.08173297461213408
55039.793552453215,2.7539883709032438,0.08228972123475564
55042.304140818465,2.750515247040312,0.08286892657738457
55044.814729183716,2.7472479139250936,0.08346788073233317
55047.325317548966,2.7441783770991606,0.08408413144360295
55049.83590591422,2.741298857188667,0.08471553089655566
55052.34649427947,2.738601644807204,0.08536028048141114
55054.85708264472,2.7360785422715708,0.08601686291912959
55057.36767100997,2.733718155504903,0.08668393295824618
55059.87825937522,2.7315078956089565,0.08736039969683931
55062.38884774047,2.7294349643198075,0.08804538289584095
55064.89943610572,2.727486538620724,0.08873824793886567
55067.41002447097,2.725650591906742,0.08943863730718997
55069.92061283623,2.723916096270841,0.09014632362905146
55072.43120120148,2.7222730657085776,0.09086095596656757
55074.94178956673,2.7207111124007497,0.09158220579507759
55077.45237793198,2.7192195852912846,0.09230996681762846
55079.96296629723,2.717787947287434,0.09304433955480099
55082.47355466248,2.7164057464469806,0.09378549241165114
55084.98414302773,2.715063048144657,0.09453346204206953
55087.49473139298,2.7137525245889265,0.09528725697512416
55090.00531975823,2.7124698002880905,0.09604489724680582
55092.51590812348,2.711211101664958,0.09680439426654072
55095.02649648873,2.7099727284257824,0.0975639422147015
55097.53708485398,2.708751838123135,0.09832184622646309
55100.04767321923,2.707546656943123,0.09907648639788705
55102.55826158448,2.706355891270505,0.09982638870472983
55105.068849949734,2.7051782701018965,0.10057027041382684
55107.57943831499,2.704012758698809,0.10130694934455749
55110.09002668024,2.702859618635557,0.10203506266370413
55112.60061504549,2.7017232160760614,0.10275298790457751
55115.11120341074,2.70060894972994,0.10345917113426735
55117.62179177599,2.6995212979418284,0.10415211437001531
55120.13238014124,2.6984633549843693,0.1048303343380336
55122.642968506494,2.697436685380538,0.10549218249029038
55125.153556871745,2.6964420642348585,0.10613544605099597
55127.664145236995,2.695479354943018,0.10675788204458699
55130.174733602245,2.6945464372638526,0.10735724032225562
55132.685321967496,2.6936400146587403,0.10793135825244186
55135.195910332746,2.692756745393126,0.10847819099975102
55137.706498698,2.6918932633016084,0.10899582094408725
55140.21708706325,2.6910461538718664,0.10948251724768554
55142.7276754285,2.6902115879120174,0.10993670585732966
55145.23826379375,2.689386822871711,0.1103568635042984
55147.748852159,2.6885704940214055,0.11074147182629408
55150.259440524256,2.6877618176431497,0.11108915182706675
55152.77002888951,2.6869598149933154,0.11139866899070035
55155.28061725476,2.686161160685515,0.11166883885532158
55157.79120562001,2.685362424565028,0.11189858850992394
55160.30179398526,2.684560530462477,0.11208702235507459
55162.81238235051,2.68375240691239,0.11223344914902864
55165.32297071576,2.6829349824256497,0.11233738434801588
55167.83355908101,2.6821051854822144,0.11239855061584732
55170.34414744626,2.6812599445438536,0.11241687723397749
55172.85473581151,2.6803961880268616,0.11239250021333114
55175.36532417676,2.679510844294782,0.1123257599594414
55177.87591254201,2.678600841682055,0.11221720194122176
55180.38650090726,2.6776631105058186,0.112067571389452
55182.89708927251,2.6766948895183305,0.11187778336014337
55185.40767763776,2.675694051227765,0.11164888421180878
55187.91826600302,2.6746585397104354,0.11138210555448784
55190.42885436827,2.6735861554770963,0.1110788327629297
55192.93944273352,2.6724748671804264,0.11074051164899196
55195.45003109877,2.671322870141239,0.11036871328665267
55197.96061946402,2.6701293356099995,0.10996504071016726
55200.47120782927,2.6688950065754398,0.1095309208773313
55202.98179619452,2.6676210604309745,0.10906784506292923
55205.49238455977,2.666309140055091,0.10857744191390634
55208.002972925024,2.664962330047274,0.10806140738436672
55210.513561290274,2.6635864314048376,0.10752135189642557
55213.024149655525,2.6621885550521256,0.10695877089391449
55215.534738020775,2.6607746329391375,0.10637463515526699
55218.045326386025,2.6593503986514406,0.1057696726634188
55220.555914751276,2.657921791091212,0.10514473844927535
55223.066503116526,2.656494772872975,0.10450085954578277
55225.577091481784,2.655075271217356,0.1038392358159184
55228.087679847034,2.6536689499407657,0.10316119608687573
55230.598268212285,2.652281354432489,0.10246823120028437
55233.108856577535,2.650918029510649,0.10176201726018862
55235.619444942786,2.6495844568135,0.10104440206098636
55238.130033308036,2.6482844789425144,0.10031686572100763
55240.64062167329,2.6470198305132726,0.09957991203392925
55243.15121003854,2.6457918642026925,0.09883384083073823
55245.66179840379,2.6446018900433046,0.09807913536051356
55248.17238676904,2.643451218170412,0.09731650599789658
55250.68297513429,2.6423411587929877,0.09654689956270096
55253.19356349954,2.6412730221991296,0.09577151312482053
55255.70415186479,2.640248118773343,0.0949917990461761
55258.21474023004,2.6392675510942354,0.09420945847395187
55260.72532859529,2.6383284501789603,0.09342615444921908
55263.23591696055,2.637423759300873,0.09264343739780978
55265.7465053258,2.636546349971468,0.09186308629231081
55268.25709369105,2.635689637649193,0.09108711018428853
55270.7676820563,2.6348479885527922,0.0903177505174241
55273.27827042155,2.6340177901547577,0.0895574378312087
55275.7888587868,2.6331957217371382,0.08880885428642397
55278.29944715205,2.632378295862509,0.0880748758567286
55280.8100355173,2.6315643667094264,0.08735819559604897
55283.32062388255,2.630756255815868,0.08666132319117835
55285.8312122478,2.629958430668921,0.08598625405387188
55288.34180061305,2.6291740135566215,0.08533478103208386
55290.8523889783,2.6284055552569043,0.08470876462608781
55293.36297734355,2.6276514286983,0.08410914133189691
55295.873565708804,2.6269081361861026,0.08353540947676262
55298.384154074054,2.626171820284071,0.0829868501972196
55300.894742439305,2.6254374782947707,0.0824626186048522
55303.405330804555,2.624700311873312,0.08196200717483555
55305.91591916981,2.623956039773475,0.08148421930703452
55308.42650753506,2.623199920017214,0.08102855501255168
55310.93709590031,2.622426907066256,0.08059453666314201
55313.447684265564,2.621631464960956,0.08018186597440158
55315.958272630814,2.6208080046817486,0.07979056799133497
55318.468860996065,2.619951115222648,0.07942089031714415
55320.979449361315,2.61905650170047,0.07907303374107391
55323.490037726566,2.618124694283324,0.07874688494752195
55326.000626091816,2.617159129945776,0.07844221272332014
55328.51121445707,2.6161628462368753,0.07815901416015188
55331.02180282232,2.6151364541074145,0.07789736263860958
55333.53239118757,2.614077631231339,0.07765745573914358
55336.04297955282,2.6129795370070497,0.07743956003482438
55338.55356791807,2.611834650806486,0.07724407762925295
55341.06415628332,2.6106392971905734,0.07707092750479934
55343.57474464858,2.609390369572793,0.07692005155062825
55346.08533301383,2.608084668381707,0.07679177267398997
55348.59592137908,2.6067192841255746,0.07668675275904321
55351.10650974433,2.60529245924954,0.07660559075148114
55353.61709810958,2.603801943489316,0.07654853026155946
55356.12768647483,2.6022476647231088,0.07651570602237219
55358.63827484008,2.6006342228683934,0.07650726622280135
55361.14886320533,2.598966568184551,0.07652353337070829
55363.65945157058,2.5972485497561593,0.07656510146629616
55366.17003993583,2.595482501463266,0.076632658384099
55368.68062830108,2.593668023142527,0.07672671454970782
55371.19121666633,2.5918033252510213,0.07684781074461555
55373.70180503158,2.589886214955186,0.07699678181554781
55376.21239339683,2.58791142784321,0.07717456229267185
55378.72298176208,2.5858689911547117,0.07738139762647231
55381.23357012734,2.5837468668614747,0.07761694319844249
55383.74415849259,2.581531876256122,0.0778808281395586
55386.25474685784,2.5792155081603596,0.07817232306871202
55388.76533522309,2.5767955322367015,0.07849013886673033
55391.27592358834,2.5742709879577887,0.0788330742654094
55393.78651195359,2.5716400268320285,0.07920019708936474
55396.29710031884,2.5688998426012404,0.07959080990917344
55398.80768868409,2.5660452777483442,0.08000409295531807
55401.318277049344,2.5630710984296456,0.08043906556162003
55403.828865414594,2.5599722707484034,0.08089496730434714
55406.339453779845,2.556742898050288,0.0813712315608828
55408.850042145095,2.5533758818246497,0.08186721860776437
55411.360630510346,2.5498709326238895,0.08238117229484689
55413.871218875596,2.546234102348535,0.08291037892274444
55416.38180724085,2.5424717814712494,0.08345200603389338
55418.8923956061,2.5385902680282015,0.0840034899779418
55421.40298397135,2.53459585982273,0.08456256121669753
55423.913572336605,2.5304950012796326,0.0851272365989676
55426.424160701856,2.52629600171349,0.08569564238967642
55428.934749067106,2.522010570479324,0.08626576305398524
55431.44533743236,2.517651276757533,0.08683563325828034
55433.95592579761,2.5132303235513973,0.08740352866719167
55436.46651416286,2.508758247749938,0.08796787785662578
55438.97710252811,2.504243750918249,0.08852711594529769
55441.48769089336,2.499691661731049,0.08907952746706238
55443.99827925861,2.495105345828051,0.08962353585127136
55446.50886762386,2.490488145299423,0.09015783848202602
55449.01945598911,2.4858418978083137,0.0906812860379926
55451.53004435436,2.4811657572572585,0.09119278150287422
55454.04063271961,2.4764586830279995,0.09169145104494661
55456.55122108486,2.47172050275276,0.09217658440402124
55459.06180945011,2.466951848953613,0.09264760546459273
55461.57239781537,2.462154241013195,0.09310401040657443
55464.08298618062,2.4573322002979694,0.09354503244180983
55466.59357454587,2.4524962944269646,0.09396886578603925
55469.10416291112,2.447660430443648,0.0943731946996697
55471.61475127637,2.442837709299056,0.0947556734079654
55474.12533964162,2.4380407770077,0.09511385870484028
55476.63592800687,2.4332832759973826,0.09544530818959136
55479.14651637212,2.428578986568027,0.0957477272785011
55481.65710473737,2.42394194289227,0.09601881852647615
55484.16769310262,2.4193862448009895,0.09625645786867629
55486.67828146787,2.414925951801706,0.09645875477919587
55489.188869833124,2.410573871420638,0.09662400481137652
55491.699458198374,2.4063413484036573,0.09675068333086631
55494.210046563625,2.4022396450600354,0.09683750829471499
55496.720634928875,2.398280021858227,0.0968834440484759
55499.23122329413,2.394473520493193,0.09688766353419187
55501.74181165938,2.390829647243663,0.09684935858894454
55504.252400024634,2.387356428334897,0.09676777099647976
55506.762988389884,2.3840616313100327,0.09664236414325783
55509.273576755135,2.3809522802839638,0.0964727044897372
55511.784165120385,2.3780362130710273,0.09625842807399096
55514.294753485636,2.375320686682244,0.09599933064528915
55516.805341850886,2.3728126886780956,0.09569544743180707
55519.31593021614,2.3705192070046905,0.09534708275541011
55521.82651858139,2.368447230102902,0.09495481115659672
55524.33710694664,2.3666037468938157,0.09451948177108536
55526.84769531189,2.3649958259338746,0.09404219030059865
55529.35828367714,2.3636309446956147,0.09352418735904242
55531.86887204239,2.3625168449507328,0.09296695481204702
55534.37946040764,2.3616613178382977,0.09237223732479073
55536.89004877289,2.361072273517493,0.09174198462636751
55539.40063713814,2.3607574693014612,0.09107836106035914
55541.9112255034,2.3607248738699127,0.09038367469544602
55544.42181386865,2.3609835799361463,0.08966024887487686
55546.9324022339,2.361543450409954,0.08891056471206521
55549.44299059915,2.3624143829292734,0.08813737745111479
55551.9535789644,2.363606275831444,0.08734372096868429
55554.46416732965,2.3651273635114194,0.08653274051283291
55556.9747556949,2.366981824616232,0.08570686787223146
55559.48534406015,2.3691741029761033,0.08486837334093797
55561.9959324254,2.371708668782958,0.08401980001999265
55564.50652079065,2.374589838396787,0.08316392291293276
55567.0171091559,2.3778214142475917,0.08230352040071401
55569.52769752115,2.381408073979401,0.08144148601542323
55572.0382858864,2.3853547652370253,0.08058097316588071
55574.54887425165,2.3896657429313564,0.07972537613129246
55577.059462616904,2.394341719123986,0.07887816836340522
55579.57005098216,2.3993809469486678,0.07804198353090426
55582.08063934741,2.4047818793885654,0.07721800728476036
55584.59122771266,2.4105433227086905,0.07640721197832612
55587.10181607791,2.4166557209100574,0.07561012123616784
55589.61240444316,2.423101218577358,0.07482684192977529
55592.122992808414,2.4298615526931826,0.07405777192813703
55594.633581173664,2.4369184608367505,0.07330369073895487
55597.144169538915,2.4442536813148763,0.07256578722619647
55599.654757904165,2.451848953089211,0.07184568107499853
55602.165346269416,2.4596860155143077,0.07114543517530218
55604.675934634666,2.4677466086432105,0.0704675585420395
55607.18652299992,2.476012472732691,0.06981499917942602
55609.69711136517,2.484463816450443,0.06919073621552055
55612.20769973042,2.4930755477689672,0.06859670603886549
55614.71828809567,2.5018210563866887,0.06803436512310701
55617.228876460926,2.5106734372966457,0.06750485416716721
55619.739464826176,2.5196058663568692,0.06700942972647053
55622.25005319143,2.5285924817872,0.06654950995856448
55624.76064155668,2.537607840829878,0.06612683856993756
55627.27122992193,2.546627342264401,0.06574345454674092
55629.78181828718,2.5556286883947905,0.06540143347982096
55632.29240665243,2.5645899731025565,0.06510316945944959
55634.80299501768,2.573489416099619,0.0648505832183154
55637.31358338293,2.582306448282907,0.06464417414591005
55639.82417174818,2.591024088105769,0.0644836372312842
55642.33476011343,2.5996269321767613,0.06436807097936209
55644.84534847868,2.608097827003803,0.06429655043453239
55647.35593684393,2.6164207379697473,0.06426832781326862
55649.86652520918,2.624582164833555,0.06428261480592182
55652.37711357443,2.632573538190627,0.06433820021125335
55654.88770193968,2.640385800790682,0.06443405107742628
55657.39829030493,2.648009479853499,0.06456941474871629
55659.90887867019,2.6554353309766157,0.0647436997681742
55662.41946703544,2.662651456812455,0.06495664121802755
55664.93005540069,2.6696448330185376,0.06520802275565427
55667.44064376594,2.6764014966465766,0.06549636861891626
55669.95123213119,2.682905543508241,0.06581982714815601
55672.46182049644,2.689140485439566,0.06617679264500924
55674.97240886169,2.695092919988383,0.0665654649862275
55677.48299722694,2.7007533963769674,0.06698365033784864
55679.993585592194,2.706115267596033,0.06742925003806165
55682.504173957444,2.711174678293901,0.06790040878874529
55685.014762322695,2.7159274424666364,0.06839562089423763
55687.525350687945,2.720369796745217,0.068913497747418
55690.035939053196,2.7244982318406983,0.0694529103230911
55692.546527418446,2.728308443183778,0.0700130359498956
55695.0571157837,2.7317970975200296,0.07059268954240766
55697.567704148954,2.734964961580772,0.07119018939864391
55700.078292514205,2.737814292215262,0.07180403859445995
55702.588880879455,2.7403474649545387,0.07243286729492016
55705.099469244706,2.742568805224437,0.07307534486510639
55707.610057609956,2.744485105282365,0.07373039190197023
55710.12064597521,2.746103042671166,0.07439730174876245
55712.63123434046,2.747428657938144,0.0750756702390713
55715.14182270571,2.7484708386618877,0.07576490087394279
55717.65241107096,2.7492400102637475,0.07646435505786615
55720.16299943621,2.749746617519122,0.0771737452524645
55722.67358780146,2.750001168518793,0.07789302942559793
55725.18417616671,2.7500145611411426,0.07862181245712853
55727.69476453196,2.7497979694016976,0.07935948137419468
55730.20535289721,2.7493642299014027,0.08010505815062263
55732.71594126246,2.7487264132214477,0.0808569606513273
55735.22652962772,2.747895168722607,0.0816135181804839
55737.73711799297,2.746882095845649,0.08237305175286394
55740.24770635822,2.745699416162097,0.08313401376448142
55742.75829472347,2.744360530807171,0.08389489771111266
55745.26888308872,2.7428796551248524,0.08465431251100923
55747.77947145397,2.7412712701188866,0.08541110021765932
55750.29005981922,2.739549857826205,0.0861644000220386
55752.80064818447,2.737730186971021,0.08691359110823088
55755.31123654972,2.73582830063242,0.08765807650914739
55757.82182491497,2.733860893684323,0.0883973431346049
55760.33241328022,2.7318450952734565,0.089131012890706
55762.84300164547,2.72979738425056,0.08985852486312415
55765.35359001072,2.7277329718199326,0.0905789527116274
55767.864178375974,2.725666934304172,0.09129117405996053
55770.374766741224,2.723613708629273,0.0919941528757408
55772.885355106475,2.7215873235472827,0.09268691853600006
55775.39594347173,2.71960073657101,0.09336848149702205
55777.90653183698,2.717665543736075,0.09403798779246496
55780.41712020223,2.7157932196059846,0.09469478253677482
55782.927708567484,2.7139952431898564,0.09533837972520363
55785.438296932734,2.7122831301094266,0.09596831765736583
55787.948885297985,2.7106698813222465,0.0965839054610069
55790.459473663235,2.709167959888873,0.09718360840640455
55792.970062028486,2.7077847488690168,0.09776560379227393
55795.480650393736,2.706526997861147,0.09832820033841053
55797.99123875899,2.7053987769122614,0.09886970024595479
55800.50182712424,2.7044024653641827,0.09938834928287141
55803.01241548949,2.7035413182857155,0.09988233501203334
55805.52300385474,2.702819484144129,0.10034987628347698
55808.03359221999,2.702242387320439,0.1007890975094021
55810.54418058524,2.7018155946316256,0.10119827161988323
55813.05476895049,2.701544496256247,0.1015758492327466
55815.56535731575,2.701433526879555,0.10192036207056021
55818.075945681,2.701486800255225,0.10223050378420646
55820.58653404625,2.7017084302678995,0.10250517312630113
55823.0971224115,2.7021025311405538,0.10274347386743474
55825.60771077675,2.702673223167949,0.10294470566317777
55828.118299142,2.703424699098832,0.10310830060057376
55830.62888750725,2.704361201489519,0.1032338395411264
55833.1394758725,2.7054868349296157,0.10332107791105977
55835.65006423775,2.7068046508757106,0.10336979973418231
55838.160652603,2.708316940594159,0.103379803682057
55840.67124096825,2.7100259350045235,0.10335104229932214
55843.1818293335,2.7119323857295967,0.10328319185707475
55845.69241769875,2.7140330580405134,0.10317508461007666
55848.203006064,2.716324064276705,0.10302558175014
55850.71359442925,2.7188015171668667,0.10283373299535889
55853.22418279451,2.721461529843509,0.10259878516835869
55855.73477115976,2.724300215846597,0.10232018957086673
55858.24535952501,2.727313689108996,0.10199761031142994
55860.75594789026,2.730497993332392,0.1016309171082584
55863.26653625551,2.7338484640167735,0.10122009686493962
55865.77712462076,2.7373600282298867,0.10076530259871977
55868.28771298601,2.7410276068803796,0.10026692146183959
55870.798301351264,2.7448459407678456,0.09972549101170561
55873.308889716514,2.748809425826039,0.09914162257726306
55875.819478081765,2.752912419371569,0.09851616183378717
55878.330066447015,2.757149278993893,0.09785021451786646
55880.840654812266,2.761514362617163,0.0971451532248998
55883.351243177516,2.7660020284056372,0.09640262368688958
55885.86183154277,2.7706066348073364,0.095624548067061
55888.37241990802,2.775322465786303,0.09481311456842512
55890.883008273275,2.7801431505395158,0.09397050303958009
55893.393596638525,2.7850623492558952,0.09309887704494256
55895.904185003776,2.790073793959891,0.09220067712260349
55898.414773369026,2.795171216905146,0.09127864923113399
55900.92536173428,2.8003483504980977,0.0903358492687376
55903.43595009953,2.8055989273307205,0.08937564534825607
55905.94653846478,2.810916680165974,0.08840171636836013
55908.45712683003,2.816295341919613,0.08741805099549808
55910.96771519528,2.8217287114930514,0.08642888161295215
55913.47830356053,2.8272120769169646,0.0854380346763173
55915.98889192578,2.832744780519789,0.08444870912151554
55918.49948029103,2.8383268004527054,0.08346394992924673
55921.01006865628,2.843956529221032,0.08248670293655179
55923.52065702153,2.8496321851616813,0.08151983690765131
55926.03124538678,2.8553520911427768,0.08056650138595592
55928.54183375203,2.861114570114296,0.07963015345862931
55931.05242211728,2.866917945118985,0.07871455338561589
55933.56301048254,2.872760543414188,0.07782374961043372
55936.07359884779,2.878642534997198,0.0769615873025673
55938.58418721304,2.8845693412877154,0.07613084111192159
55941.09477557829,2.8905479255445243,0.07533402230509212
55943.60536394354,2.8965833030270005,0.07457320231955553
55946.11595230879,2.902674263023073,0.07384958548514914
55948.62654067404,2.908815966686234,0.07316411420932198
55951.13712903929,2.9150053605153516,0.07251747683791246
55953.64771740454,2.9212401270578994,0.0719104787866957
55956.15830576979,2.927517946329317,0.07134397533109352
55958.668894135044,2.9338364930554235,0.07081884179887349
55961.179482500294,2.9401934417473967,0.07033623236753608
55963.690070865545,2.946586475156437,0.06989757546542541
55966.200659230795,2.953014406515649,0.06950425329520157
55968.711247596046,2.9594783562661178,0.0691569953871911
55971.2218359613,2.9659780387025876,0.06885560099448298
55973.732424326554,2.9725129057831055,0.06859905451856409
55976.243012691804,2.97908210334208,0.06838563498153805
55978.753601057055,2.9856832056007647,0.06821321017124343
55981.264189422305,2.9923142226251116,0.06807963691856819
55983.774777787556,2.9989749596970796,0.06798292065580096
55986.285366152806,3.005667570298101,0.06792103354759668
55988.79595451806,3.01239612491554,0.06789197001259605
55991.30654288331,3.0191647124956944,0.06789368207615658
55993.81713124856,3.025976846256526,0.0679233004175142
55996.32771961381,3.0328358244842093,0.06797803491425247
55998.83830797906,3.039744789683027,0.06805519477107765
56001.34889634431,3.0467046836711233,0.06815103145716221
56003.85948470956,3.053711305336037,0.06826086480614642
56006.37007307481,3.060757492647099,0.06838019055203387
56008.88066144007,3.0678359254234238,0.06850494857697201
56011.39124980532,3.0749373960861703,0.06863148197081825
56013.90183817057,3.0820474733773153,0.06875642343844635
56016.41242653582,3.0891508299973793,0.06887686803795166
56018.92301490107,3.096232143616362,0.0689904022585266
56021.43360326632,3.103277616100968,0.0690947707720295
56023.94419163157,3.11027712894429,0.06918740745344844
56026.45477999682,3.1172211087505275,0.06926607998930331
56028.96536836207,3.1241010295379965,0.06932837303462042
56031.47595672732,3.130911598516832,0.06937125824181303
56033.98654509257,3.1376473453856306,0.06939192059168423
56036.49713345782,3.144302625543787,0.06938800519458345
56039.00772182307,3.1508708150868188,0.06935758819635372
56041.51831018832,3.15734464237903,0.06929913499302054
56044.02889855357,3.1637172137998277,0.06921140541875491
56046.539486918824,3.1699817132612225,0.0690936029717623
56049.050075284074,3.1761313244205667,0.06894539902911291
56051.56066364933,3.18215923072421,0.06876692348879146
56054.07125201458,3.188058616298804,0.06855873773405591
56056.58184037983,3.193822811343125,0.06832131584845809
56059.09242874508,3.199444504469284,0.0680544518526849
56061.603017110334,3.204912919056369,0.06775789478235014
56064.113605475584,3.210216214254615,0.0674314972066335
56066.624193840835,3.2153426835502614,0.06707547417490528
56069.134782206085,3.220281416353828,0.06669038966515292
56071.645370571336,3.2250224220988457,0.06627705171034323
56074.155958936586,3.2295581782018417,0.06583565368584275
56076.66654730184,3.233881884945731,0.06536570066238714
56079.17713566709,3.237986513762735,0.06486699939485353
56081.68772403234,3.241865035488445,0.06433978423747783
56084.19831239759,3.2455104816835956,0.06378472708871914
56086.70890076284,3.2489168556639925,0.06320288553989628
56089.219489128096,3.2520789392947336,0.06259571795847732
56091.73007749335,3.254991408139176,0.06196500058172185
56094.2406658586,3.2576485263380164,0.061312550490316274
56096.75125422385,3.260044475107861,0.06064052746530355
56099.2618425891,3.2621734427775664,0.059951477802063766
56101.77243095435,3.2640299183840398,0.05924815411023174
56104.2830193196,3.265616273507476,0.05853251214769298
56106.79360768485,3.26694610445702,0.05780469892480279
56109.3041960501,3.2680341595987557,0.05706467245840374
56111.81478441535,3.2688949520379538,0.056312685411060485
56114.3253727806,3.26954212327837,0.05554886451919269
56116.83596114585,3.269993020701804,0.054772470925149995
56119.3465495111,3.2702710406738333,0.05398217538501008
56121.85713787635,3.2703997845674166,0.05317694514216205
56124.3677262416,3.2703987554559717,0.05235501961691643
56126.87831460686,3.2702833845687564,0.05151400284876575
56129.38890297211,3.2700688830955187,0.05065206683306127
56131.89949133736,3.2697703584562987,0.04976808235731094
56134.41007970261,3.2694018665642943,0.04886164543398005
56136.92066806786,3.268976851235493,0.04793316069299129
56139.43125643311,3.268508751731133,0.04698391611226505
56141.94184479836,3.2680113952665124,0.04601609436086719
56144.45243316361,3.2674991428866633,0.0450327563119556
56146.96302152886,3.2669843550247606,0.04403783963613495
56149.473609894114,3.2664767510068486,0.04303609349607437
56151.984198259364,3.2659853929435485,0.042032772035434714
56154.494786624615,3.2655213142206776,0.04103347252716681
56157.005374989865,3.2650944516644813,0.04004408429024242
56159.515963355116,3.264705974397657,0.039068094880580086
56162.026551720366,3.2643494966723665,0.03810602284736529
56164.53714008562,3.26401933787929,0.03715872824094525
56167.04772845087,3.2637127783018514,0.036227179486939716
56169.558316816125,3.2634244269429473,0.03531284121979718
56172.068905181375,3.2631465287777246,0.034418539686535625
56174.579493546626,3.2628711211291375,0.03354870058251775
56177.090081911876,3.2625910556380404,0.03270900333050178
56179.60067027713,3.2623035540573255,0.03190494000852446
56182.11125864238,3.262007646702841,0.03114297799147366
56184.62184700763,3.261703833402862,0.030431162428403255
56187.13243537288,3.2613938230642816,0.02977887552318549
56189.64302373813,3.2610842519206926,0.029194461874690335
56192.15361210338,3.2608002654160373,0.028679041541886142
56194.66420046863,3.260570505983196,0.028230789762397665
56197.17478883388,3.260423653846374,0.02784857870963456
56199.68537719913,3.2603831532615004,0.02753116383559387
56202.19596556438,3.2604603106883587,0.027273110899903134
56204.70655392963,3.2606732603453565,0.02706417250933093
56207.21714229489,3.261042018828448,0.026894511203069515
56209.72773066014,3.2615866171981907,0.026752729968922098
56212.23831902539,3.2623250775941415,0.02662412371503724
56214.74890739064,3.2632749659824185,0.02649587519806127
56217.25949575589,3.2644526994263288,0.026358081252277506
56219.77008412114,3.265868647475145,0.02620375324820487
56222.28067248639,3.267536004190333,0.026028416736825228
56224.79126085164,3.269471422448987,0.02583046221167781
56227.30184921689,3.271691421545256,0.025611631949480504
56229.81243758214,3.2742059883471484,0.025376473992439356
56232.32302594739,3.2770179230865324,0.02513217437820487
56234.83361431264,3.280128867714666,0.02488869209429693
56237.344202677894,3.283536754155648,0.024657059436660547
56239.854791043144,3.287222540064249,0.02444503993205198
56242.365379408395,3.291160170454532,0.02425928623181362
56244.87596777365,3.29529671871569,0.0241026899452687
56247.3865561389,3.299570442235563,0.023976963384416666
56249.89714450415,3.3039150815166067,0.023883860982469987
56252.407732869404,3.308274323105252,0.023822879306693596
56254.918321234654,3.3126289393403567,0.02378904870593496
56257.428909599905,3.3169792090920964,0.02377473988677147
56259.939497965155,3.321315393317491,0.023769877653259507
56262.450086330406,3.3256249921396375,0.023763793036972684
56264.960674695656,3.3298947786388453,0.023748006050595648
56267.47126306091,3.334111617063172,0.02371628648542907
56269.98185142616,3.338264800782781,0.023663075152792198
56272.49243979141,3.342348350408429,0.023583551563253764
56275.00302815666,3.3463540921438835,0.02347513657570179
56277.51361652191,3.350271770808831,0.02333772276573509
56280.02420488716,3.3540960789250676,0.023172540916622752
56282.53479325241,3.357824686616368,0.022981065523229177
56285.04538161766,3.3614494402427226,0.022766079603801802
56287.55596998292,3.3649562541322666,0.022527718376701217
56290.06655834817,3.3683312238645158,0.022258826404476673
56292.57714671342,3.371563613814942,0.021952751406839638
56295.08773507867,3.3746428299491527,0.021605408415153148
56297.59832344392,3.377558472808232,0.021215466239028914
56300.10891180917,3.380303230944264,0.020783828145551894
56302.61950017442,3.3828781156553305,0.020313464411947528
56305.13008853967,3.3852889830814092,0.01980952971950945
56307.64067690492,3.3875299665232887,0.01927570662481301
56310.15126527017,3.389591253158869,0.01871400699143979
56312.66185363542,3.391464128246298,0.01812988813126915
56315.17244200067,3.393159394268878,0.017531192884194684
56317.68303036592,3.39472006590222,0.01692697171790991
56320.19361873117,3.3961924133473076,0.016331026196736965
56322.70420709642,3.3976208100211807,0.01576115642454776
56325.21479546168,3.3990343914483674,0.015231075946064987
56327.72538382693,3.4004630026611267,0.014751498485415302
56330.23597219218,3.401927222163067,0.014336786861965852
56332.74656055743,3.403431112819817,0.014003389039627391
56335.25714892268,3.4049345522216754,0.013768660314149556
56337.76773728793,3.406400475942064,0.013647518873138397
56340.278325653184,3.4077878179668915,0.01365037744078657
56342.788914018434,3.409053844283335,0.013779380488764953
56345.299502383685,3.4102260852232575,0.014021448431387999
56347.810090748935,3.4113841342477826,0.014345277258400076
56350.320679114186,3.4125805716903415,0.014719579202841645
56352.831267479436,3.4138416767891613,0.015119602265215686
56355.34185584469,3.4151822525600437,0.015527640298799888
56357.85244420994,3.4165803474606946,0.01592731885899703
56360.36303257519,3.4179909586673602,0.016306008654012782
56362.873620940445,3.419361063162796,0.016657751498496905
56365.384209305696,3.4206371278269216,0.016981478225758267
56367.894797670946,3.4217627732432447,0.017276096726589408
56370.4053860362,3.4226659924024716,0.017540809544605258
56372.91597440145,3.4232626587472623,0.01777830688591332
56375.4265627667,3.4234786119050113,0.017991692938485033
56377.93715113195,3.4232846672530286,0.018182973799785784
56380.4477394972,3.422658143666922,0.018357529145315393
56382.95832786245,3.4215775073389523,0.01852421668586993
56385.4689162277,3.4200193490833044,0.018691382268133935
56387.97950459295,3.417978430399671,0.018862026735542225
56390.4900929582,3.4155338163254783,0.019034734994791823
56393.00068132345,3.4127474142587744,0.019204499644214335
56395.5112696887,3.4096764309506398,0.019367257200225498
56398.02185805395,3.406375905731693,0.019521909892937273
56400.53244641921,3.402896481224161,0.019668495585810016
56403.04303478446,3.399267708948173,0.019805130444533563
56405.55362314971,3.39550000296731,0.019930342256115386
56408.06421151496,3.39160426548915,0.02004565087731429
56410.57479988021,3.387601970694959,0.020154747761551118
56413.08538824546,3.3835097522533033,0.02026245569953294
56415.59597661071,3.3793516170117073,0.020373678883201435
56418.10656497596,3.375160018535098,0.020493004385666105
56420.61715334121,3.370967349212151,0.020622937935246933
56423.12774170646,3.3668211377807893,0.02076028747322863
56425.63833007171,3.362781723437365,0.020895501418523973
56428.148918436964,3.3589072001632303,0.021019918185693237
56430.659506802214,3.355258901079651,0.021127390706685935
56433.170095167465,3.351895521831466,0.02121371776587649
56435.680683532715,3.3488620543212164,0.02127231013501139
56438.191271897966,3.3461941711138934,0.02129583688488924
56440.701860263216,3.3439236979029374,0.02127969942780795
56443.212448628474,3.3420783961337293,0.02122199032980968
56445.723036993724,3.3406791780435015,0.021121559625799338
56448.233625358975,3.3397416482785047,0.020978437288058645
56450.744213724225,3.3392751071369275,0.020795291901189422
56453.254802089476,3.3392870181414764,0.020575731298240373
56455.765390454726,3.3398018816951662,0.020322180037995945
56458.27597881998,3.3408540913951583,0.020038621095544103
56460.78656718523,3.3424785403040005,0.01973222445771777
56463.29715555048,3.3446978996216785,0.019410993997727218
56465.80774391573,3.34752281269175,0.019083216378807097
56468.31833228098,3.350963387216325,0.018759022796143922
56470.82892064623,3.3550243790377863,0.01844936178527724
56473.33950901148,3.3597275357460603,0.018161870786186037
56475.85009737673,3.365095354063669,0.01790463315285253
56478.36068574198,3.371132339176256,0.017688421862447994
56480.87127410724,3.377802069298923,0.017524912953927926
56483.38186247249,3.385028510761913,0.017425426769319578
56485.89245083774,3.3927269896375947,0.01739945973443315
56488.40303920299,3.400832941493718,0.017453489708321678
56490.91362756824,3.409295547695365,0.01758753515475047
56493.42421593349,3.4180915047609233,0.017789123779297717
56495.93480429874,3.42722120607732,0.0180376196653405
56498.44539266399,3.4366852025777916,0.018314998398833143
56500.95598102924,3.44648447947111,0.0186077587508595
56503.46656939449,3.4565948171075433,0.018905802693077185
56505.97715775974,3.4669613523583394,0.019200605150217504
56508.48774612499,3.4775328723480925,0.019487426020324345
56510.99833449024,3.488262226455845,0.019765696798556893
56513.50892285549,3.499102472094819,0.02003772940093171
56516.019511220744,3.510015761683462,0.020305534338442264
56518.530099586,3.5210000255319756,0.020570947148137963
56521.04068795125,3.53207247031969,0.0208367311374896
56523.5512763165,3.5432497140136547,0.021105045701070187
56526.06186468175,3.554556829156354,0.021377822978284205
56528.572453047,3.566031517984811,0.021657972201154778
56531.083041412254,3.5777269813843304,0.02194882323242936
56533.593629777504,3.5896857370389625,0.02225242864927741
56536.104218142755,3.6019751708954573,0.022567651954102628
56538.614806508005,3.614695873373421,0.02288904374090876
56541.125394873256,3.6278641650715144,0.023207776703454495
56543.635983238506,3.641464887870825,0.023515902900510352
56546.14657160376,3.6554821083555,0.023807541182967837
56548.65715996901,3.6699021237000125,0.024079021286590167
56551.16774833426,3.684719898737967,0.024327888131424478
56553.67833669951,3.699923442749423,0.024552438795608394
56556.18892506476,3.7154991057941515,0.02475302850230921
56558.69951343001,3.731438128863374,0.024931136530873657
56561.21010179527,3.747735449622269,0.025087831352880473
56563.72069016052,3.764391017568414,0.025223051989065045
56566.23127852577,3.7814205438044155,0.02533581744040503
56568.74186689102,3.7988481659267563,0.02542651460137467
56571.25245525627,3.8167089123744518,0.02549581921683873
56573.76304362152,3.8350543358537834,0.02554383288356561
56576.27363198677,3.853927437623497,0.025570849443458506
56578.78422035202,3.8733788407989778,0.025577619090558366
56581.29480871727,3.893480235885363,0.025564196330481775
56583.80539708252,3.914313366753049,0.025530105420615193
56586.31598544777,3.935964300238993,0.0254759489937549
56588.82657381302,3.9585279227467254,0.025402954837269166
56591.33716217827,3.982098982378375,0.025313573211737286
56593.84775054352,4.006761987868231,0.02520974215072039
56596.35833890877,4.032588686211966,0.02509225653278991
56598.86892727403,4.059631788579281,0.02496250977702247
56601.37951563928,4.0879315151833,0.02482243492576187
56603.89010400453,4.117519826562784,0.024673681568134598
56606.40069236978,4.148424768249242,0.024517534524164615
56608.91128073503,4.180651176979154,0.02435531068910732
56611.42186910028,4.21420541920088,0.02418861630698593
56613.93245746553,4.249090196623001,0.024017606368057384
56616.44304583078,4.285274682275485,0.023837133027628635
56618.953634196034,4.322694398171734,0.023640446662604193
56621.464222561284,4.361276886833366,0.023422268389766066
56623.974810926535,4.4009422199451365,0.023177823538194496
56626.485399291785,4.441603071521968,0.02290272059954631
56628.995987657036,4.483156966976821,0.022594423763651537
56631.506576022286,4.525496248184936,0.02225291570950237
56634.01716438754,4.568524863745552,0.021879800539662403
56636.527752752794,4.6121766498545185,0.021476468087414012
56639.038341118045,4.656354697828647,0.021044236436298696
56641.548929483295,4.7009678766771685,0.020586212354101564
56644.059517848546,4.745974294637563,0.020106475550674446
56646.570106213796,4.791335221583722,0.01961130161316296
56649.08069457905,4.837005543522537,0.019108475106044628
56651.5912829443,4.882949935592478,0.018605417877180182
56654.10187130955,4.929131341414177,0.01810889964217551
56656.6124596748,4.975505177048035,0.01762568480402984
56659.12304804005,5.022048226092011,0.01716165545841904
56661.6336364053,5.068680904339999,0.016721334220099204
56664.14422477055,5.115249821101315,0.016308995295589688
56666.6548131358,5.161571107222699,0.015929299823307277
56669.16540150105,5.207470959983766,0.015587624269172342
56671.6759898663,5.252762529300526,0.01528800175740034
56674.18657823155,5.297289450420067,0.015027389065425037
56676.6971665968,5.340928875491954,0.014800775634686807
56679.20775496206,5.383540764130885,0.014605296343288568
56681.71834332731,5.425040089641698,0.014439192369835133
56684.22893169256,5.465335097280331,0.014301275039975575
56686.73952005781,5.5043430423829705,0.01419024383698768
56689.25010842306,5.541996581363492,0.014106431221849975
56691.76069678831,5.5781284586992115,0.014051518906280685
56694.27128515356,5.612498050555587,0.01402522028110312
56696.78187351881,5.644896873622201,0.014022415270807154
56699.29246188406,5.675182333914563,0.014038615584828868
56701.80305024931,5.703215739078587,0.0140734485466415
56704.31363861456,5.728932479643845,0.014127450196067471
56706.824226979814,5.752313127159141,0.014200067439360281
56709.334815345064,5.773372906784061,0.014291711202216185
56711.845403710315,5.792168576233962,0.014404782539696322
56714.355992075565,5.80872719346371,0.014541398820032888
56716.86658044082,5.82304228330031,0.014699524890893883
56719.37716880607,5.835138776383246,0.014870973620269474
56721.887757171324,5.845053222612478,0.015049376993573194
56724.398345536574,5.852824096800759,0.015231919804956995
56726.908933901825,5.858507263357751,0.015418432061619011
56729.419522267075,5.862174374618917,0.015609255566455389
56731.930110632326,5.863865882132814,0.015806567471119855
56734.440698997576,5.863584626924421,0.016015221160875844
56736.95128736283,5.861341532814549,0.016239930637741477
56739.46187572808,5.857158826654995,0.01648330222578122
56741.97246409333,5.851047025469597,0.016746502308533674
56744.48305245858,5.843006699054968,0.017031538059772214
56746.99364082383,5.83305313665187,0.01733805486217087
56749.50422918908,5.821265353355557,0.017659126257194718
56752.01481755433,5.80772882635938,0.017983836332897088
56754.52540591959,5.792532198131084,0.01830347817232681
56757.03599428484,5.7757638081675395,0.018611934415474863
56759.54658265009,5.757529664319009,0.018903307740492085
56762.05717101534,5.73796257621143,0.01917050109315861
56764.56775938059,5.717194565222599,0.01940669074259075
56767.07834774584,5.695368414977565,0.019606594363215917
56769.58893611109,5.672643430298194,0.019766502094006714
56772.09952447634,5.649182910914533,0.01988326801176411
56774.61011284159,5.625152874388732,0.019955572942297512
56777.12070120684,5.600728600984439,0.019984385613201698
56779.63128957209,5.576129853259772,0.01997069871140718
56782.14187793734,5.551554551930167,0.019913938036207463
56784.65246630259,5.5271384383086115,0.01981302386385306
56787.16305466784,5.503003854188137,0.019668569684292255
56789.67364303309,5.4792840591399,0.019482696989539052
56792.18423139834,5.456113034393638,0.019258577780444024
56794.694819763594,5.433611022250261,0.019000691919849714
56797.20540812885,5.4118703456479125,0.018713774230950036
56799.7159964941,5.390940786084684,0.018402359522217415
56802.22658485935,5.370838860879303,0.018070090551411195
56804.7371732246,5.351544583842042,0.01771991663622118
56807.24776158985,5.333038644763292,0.017356727384651816
56809.758349955104,5.315318315930199,0.016987134239745755
56812.268938320354,5.298397318227217,0.01661875670411903
56814.779526685605,5.282248221177724,0.016259744520671394
56817.290115050855,5.266838789902977,0.015917875354927002
56819.800703416106,5.252170248219045,0.015594809216079478
56822.311291781356,5.238258058290739,0.015288955418303562
56824.82188014661,5.225121567258611,0.01500192102918584
56827.33246851186,5.212756989058107,0.014739187356531642
56829.84305687711,5.201128134940518,0.014507870336830344
56832.35364524236,5.190233065535722,0.014315390948969275
56834.864233607615,5.18009808610077,0.014169835717849208
56837.374821972866,5.170748810982332,0.014078159807338536
56839.885410338116,5.162254962382576,0.01403922429349413
56842.39599870337,5.154645826565684,0.01404313209838589
56844.90658706862,5.1479201474867295,0.014081600855771384
56847.41717543387,5.142048919457011,0.014151774654182426
56849.92776379912,5.136950902058743,0.01425458912450328
56852.43835216437,5.132500156993046,0.014392113061547763
56854.94894052962,5.128556017880328,0.014569171248111037
56857.45952889487,5.124978399195243,0.014792666172780035
56859.97011726012,5.1216703511963715,0.015066647971377835
56862.48070562537,5.118581812581397,0.015391670475719592
56864.99129399062,5.115711658258078,0.01576849179353275
56867.50188235587,5.113063762215461,0.01619939512122685
56870.01247072112,5.11062928881438,0.01668473938705339
56872.52305908638,5.108402146957815,0.01721847890715448
56875.03364745163,5.106364883664355,0.017795222879427103
56877.54423581688,5.104496919899248,0.018414126300500634
56880.05482418213,5.102761618327349,0.019076926642333084
56882.56541254738,5.101078468549531,0.019783481392719553
56885.07600091263,5.09935117646819,0.020531561559229267
56887.58658927788,5.097510330379009,0.0213189510306481
56890.09717764313,5.095504357930622,0.02214392547266349
56892.60776600838,5.093300768581685,0.02300552847329709
56895.11835437363,5.090877379407175,0.023903527950650982
56897.628942738884,5.088210507528856,0.024839290696173594
56900.139531104134,5.085263197455788,0.025813800724807108
56902.650119469385,5.081987808604026,0.026824923897565668
56905.160707834635,5.078346080961637,0.027868670945555826
56907.671296199886,5.074291107681347,0.02894041695075198
56910.18188456514,5.069776233256562,0.03003605696609082
56912.692472930394,5.064760500190459,0.03115030721655907
56915.203061295644,5.059230030688923,0.0322758616247112
56917.713649660895,5.05319635932392,0.03340358923188098
56920.224238026145,5.046676641679369,0.03452370896063758
56922.734826391395,5.039696357496723,0.03562690552909743
56925.245414756646,5.032274522964144,0.0367041351998179
56927.756003121896,5.024420133064268,0.037746999972809975
56930.26659148715,5.016142507753102,0.038748313440829775
56932.7771798524,5.007454594277078,0.03970205598414476
56935.28776821765,4.99837020310224,0.040603377909031534
56937.7983565829,4.988903143821517,0.04144855469873528
56940.30894494815,4.979067225358449,0.042234919507070944
56942.8195333134,4.968876255603391,0.04296079206218791
56945.33012167865,4.958344100450631,0.04362540075261048
56947.8407100439,4.94748590386007,0.04422865710610489
56950.35129840915,4.936323055269895,0.04477077766348551
56952.86188677441,4.924880890772329,0.04525213595343853
56955.37247513966,4.9131760010741345,0.04567301215768868
56957.88306350491,4.901214571949822,0.04603339909523975
56960.39365187016,4.888998794103827,0.04633301534687448
56962.90424023541,4.8765316285862355,0.046571784843412865
56965.41482860066,4.863823112784303,0.04674937006689841
56967.92541696591,4.850893178532715,0.046864763750925555
56970.43600533116,4.837759296016884,0.04691668210057578
56972.94659369641,4.824436626309762,0.04690381217308913
56975.45718206166,4.810943210919504,0.04682501392503804
56977.96777042691,4.7972986227832735,0.046679563576918805
56980.47835879216,4.783524141545058,0.046467181733280204
56982.98894715741,4.769641090082587,0.046188214404691695
56985.499535522664,4.755671756982338,0.04584362417379247
56988.010123887914,4.741639284970006,0.04543500501689244
56990.52071225317,4.727566941874102,0.0449646498662285
56993.03130061842,4.713478005578509,0.0444356294293175
56995.54188898367,4.699395753908902,0.04385180198919377
56998.05247734892,4.685343841323629,0.04321772793112632
57000.563065714174,4.671350613651157,0.04253756129078869
57003.073654079424,4.657438350819575,0.0418141953450234
57005.584242444675,4.6436180765522295,0.041050006679336226
57008.094830809925,4.629898852901533,0.040248015293403924
57010.605419175175,4.6162885051599005,0.03941205090166219
57013.116007540426,4.602794812300999,0.03854709211715981
57015.62659590568,4.589424864936518,0.037659349568577215
57018.13718427093,4.576179469455383,0.03675554210267342
57020.64777263618,4.563070615049583,0.03584231657098053
57023.15836100143,4.550110413681978,0.03492665376520832
57025.66894936668,4.537303462027921,0.03401654889120442
57028.179537731936,4.524663248434081,0.03312093367061315
57030.690126097186,4.512208463769639,0.03224986520782653
57033.20071446244,4.499964037677273,0.03141466452537011
57035.71130282769,4.487966073967982,0.030627669199295188
57038.22189119294,4.47627744282363,0.02990022517364471
57040.73247955819,4.464961040590424,0.029242646240777107
57043.24306792344,4.454081543604843,0.02866565661518257
57045.75365628869,4.443714249297045,0.028180610416691683
57048.26424465394,4.433930117404088,0.027797851486665838
57050.77483301919,4.42479520876077,0.027524946352340263
57053.28542138444,4.4163608012895565,0.027367190576152972
57055.79600974969,4.408669660799205,0.027326763368339693
57058.30659811494,4.401771785953315,0.027399461056119432
57060.81718648019,4.395689586908702,0.027574312044256564
57063.32777484544,4.3904156893222535,0.027837065315231585
57065.83836321069,4.385943649564069,0.028174298316750675
57068.34895157594,4.382267880848303,0.028572993936806974
57070.8595399412,4.379387658889755,0.02902052304578362
57073.37012830645,4.377286342292791,0.029505661819279123
57075.8807166717,4.375941474325373,0.030019638976696322
57078.39130503695,4.375333232437697,0.030556008182131375
57080.9018934022,4.375451307701951,0.03110956866951497
57083.41248176745,4.376290825413889,0.03167599934680389
57085.9230701327,4.377848883916158,0.03225210811353674
57088.433658497954,4.380133566010045,0.03283501652361651
57090.944246863204,4.3831573273055255,0.033422076473769796
57093.454835228455,4.386931667642784,0.034011118335286826
57095.965423593705,4.391475674579851,0.0346004292958126
57098.476011958955,4.3968154303224765,0.03518803812634586
57100.986600324206,4.402969424794719,0.03577050172005569
57103.49718868946,4.409938751894515,0.036341954303936524
57106.00777705471,4.417718542055809,0.03689567055821537
57108.518365419965,4.42629887376097,0.03742487470770093
57111.028953785215,4.435669708866044,0.03792240813051933
57113.539542150465,4.445814626626088,0.038381189479157245
57116.050130515716,4.456718459896365,0.03879495146047752
57118.560718880966,4.468377042940119,0.03915763479355648
57121.07130724622,4.480796211289999,0.03946368228459768
57123.58189561147,4.493984043932869,0.039708559247508046
57126.09248397672,4.507948585342092,0.039888778294292625
57128.60307234197,4.522698856599163,0.04000185001505611
57131.11366070722,4.538245710587944,0.04004623458326028
57133.62424907247,4.554600189898338,0.04002149227412197
57136.13483743772,4.571773338975618,0.039928286198254885
57138.64542580297,4.589776286702545,0.03976834784573783
57141.15601416822,4.608620771497954,0.03954441776762426
57143.66660253347,4.628319084760733,0.039260090967235796
57146.17719089873,4.648886071750894,0.03891768810888418
57148.68777926397,4.670334227033891,0.0385183152938404
57151.19836762923,4.692674867401365,0.03806397774688608
57153.70895599448,4.715919607057003,0.037557837100853676
57156.21954435973,4.740081969313906,0.03700419636738468
57158.73013272498,4.765174878353719,0.03640853435476915
57161.24072109023,4.7912129980977625,0.035777428837980886
57163.75130945548,4.818218731728848,0.03511834935695073
57166.26189782073,4.846225039073033,0.034438384666573785
57168.77248618598,4.875276198232314,0.033745043873394644
57171.28307455123,4.905420039605815,0.03304723198213904
57173.79366291648,4.936711861693766,0.03235418059173467
57176.304251281734,4.9692149145994335,0.03167565245037868
57178.814839646984,5.002993364818394,0.031023095313082217
57181.325428012235,5.038118200493045,0.030408689499040683
57183.83601637749,5.074682009522803,0.029842001006116545
57186.346604742736,5.112778189592063,0.02933200827211964
57188.85719310799,5.152506829996128,0.028888095155514854
57191.367781473244,5.193967272294685,0.028519190990734286
57193.878369838494,5.23723054403672,0.028233036426315805
57196.388958203745,5.282335497504391,0.028035441688339158
57198.899546568995,5.329298067190393,0.027930199448618884
57201.410134934245,5.378117573040072,0.027917339989808828
57203.920723299496,5.4287676309468225,0.02798940929554449
57206.431311664746,5.481215787527617,0.028134076944604455
57208.94190003,5.535486785462126,0.028339606749912174
57211.45248839525,5.591611886280589,0.028596047112852085
57213.9630767605,5.649596152594313,0.02889464799339161
57216.47366512575,5.709393139346503,0.02922704027525738
57218.984253491,5.770947524055373,0.029587106057084665
57221.49484185625,5.834202266589273,0.02997133460799021
57224.0054302215,5.89909702190198,0.030377817295731316
57226.51601858676,5.965563537552953,0.03080455230635632
57229.02660695201,6.033527636900544,0.03125058496241789
57231.53719531726,6.1029171457048506,0.03171635410146619
57234.04778368251,6.173641883768141,0.032202124967880136
57236.55837204776,6.245596592663787,0.032707737317915514
57239.06896041301,6.318684417870827,0.03323232559947971
57241.57954877826,6.392808312550187,0.033774852940341174
57244.09013714351,6.467842248501256,0.0343335347391661
57246.60072550876,6.543612698442303,0.03490487774230797
57249.11131387401,6.619922212557867,0.0354828808469224
57251.62190223926,6.696575243840925,0.03605975100246735
57254.13249060451,6.773378209909424,0.036628346729209185
57256.64307896976,6.850162013317458,0.03718173153302875
57259.15366733501,6.926812616176903,0.03771303560387119
57261.66425570026,7.003221044666134,0.03821644501903027
57264.17484406552,7.079278405522928,0.0386873052004062
57266.68543243077,7.154877208871767,0.03912210257791917
57269.19602079602,7.229909025249071,0.039518363557701705
57271.70660916127,7.304265475599095,0.039874500767301035
57274.21719752652,7.377835994353518,0.0401900391688609
57276.72778589177,7.450501892832108,0.04046546540863093
57279.238374257024,7.5221406045602635,0.040702160384537306
57281.748962622274,7.592629769816995,0.04090238510674557
57284.259550987525,7.661853309022263,0.04106890104279493
57286.770139352775,7.729707785008941,0.04120425615104735
57289.280727718025,7.796104887107504,0.04131107032872817
57291.791316083276,7.861037578433752,0.041391364850704285
57294.301904448526,7.924529899901245,0.04144741688847495
57296.81249281378,7.986602789009339,0.041481778205029664
57299.32308117903,8.047262026044336,0.04149586388590916
57301.833669544285,8.106503031951434,0.041488403042674274
57304.34425790953,8.164320840547589,0.041456553654004316
57306.854846274786,8.220710177669389,0.04139769998912527
57309.365434640036,8.275665683842817,0.041309733976490084
57311.87602300529,8.329186788978404,0.04119038382573733
57314.38661137054,8.38126538976212,0.04103639820581809
57316.89719973579,8.431886553538789,0.04084434736824447
57319.40778810104,8.481038551501115,0.040611273196715945
57321.91837646629,8.528710283047985,0.04033430681428068
57324.42896483154,8.574880562286125,0.04001115037497552
57326.93955319679,8.619523049026611,0.03964040667335782
57329.45014156204,8.662610788887832,0.03922164534557959
57331.96072992729,8.704113297339063,0.03875541485410788
57334.47131829254,8.744016190787079,0.03824280211399665
57336.98190665779,8.782348561799154,0.037684679722971626
57339.49249502304,8.819142377964454,0.03708281139514746
57342.00308338829,8.854426957623218,0.03644019156784832
57344.51367175355,8.888228016148787,0.035761042188367204
57347.0242601188,8.920567217923235,0.0350507626130416
57349.53484848405,8.951465405767522,0.03431559597601768
57352.0454368493,8.980937983229524,0.03356246582458986
57354.55602521455,9.008977561752545,0.03279796915657777
57357.0666135798,9.035564567588153,0.03202856246134086
57359.57720194505,9.060678417095914,0.03126201005805051
57362.0877903103,9.084282642346807,0.030506231764502626
57364.59837867555,9.10628781071864,0.02976785085434041
57367.108967040804,9.126576841110364,0.029054012530377628
57369.619555406054,9.145032730768435,0.028372898098006513
57372.130143771305,9.161537673557177,0.027730604358882128
57374.640732136555,9.175972696160898,0.027132208741679847
57377.151320501805,9.188216306036338,0.026583742715757475
57379.661908867056,9.198160171275958,0.026091512024440575
57382.17249723231,9.205725339590572,0.025661496824030863
57384.683085597564,9.210808423231356,0.025297958074841607
57387.193673962815,9.213291205582209,0.02500364009240313
57389.704262328065,9.21306794998236,0.024778993229294097
57392.214850693315,9.21002899762243,0.02461866671954006
57394.725439058566,9.20406834851019,0.024511153194409906
57397.236027423816,9.19505252095405,0.02444416471519209
57399.74661578907,9.182983330858406,0.024406416780097646
57402.25720415432,9.16794728091918,0.024388406914267014
57404.76779251957,9.15006445243489,0.024382021183909006
57407.27838088482,9.129475677269511,0.024381012840204414
57409.78896925007,9.106321689323522,0.024382026900418137
57412.29955761532,9.080735820578411,0.02438432384012696
57414.81014598057,9.052811476838542,0.024386807257164238
57417.32073434582,9.022604266181588,0.024387848527562057
57419.83132271108,8.990139390691184,0.02438666335460063
57422.34191107632,8.955407130531967,0.024383454716297975
57424.85249944158,8.918364154873416,0.024379568254674498
57427.36308780683,8.878945458040107,0.02437758928536913
57429.87367617208,8.837074677983765,0.024381852362107513
57432.38426453733,8.792682777100708,0.024398563543854467
57434.89485290258,8.745763189450372,0.02443333721631727
57437.40544126783,8.696327220844978,0.024488695890187828
57439.91602963308,8.644374030991457,0.0245666976254095
57442.42661799833,8.589879578124965,0.024669740480792606
57444.93720636358,8.532800783694256,0.024800576670057518
57447.44779472883,8.473082643933594,0.024961801962235425
57449.95838309408,8.410654595820233,0.025154945650272993
57452.46897145933,8.345572192338295,0.025380841229162163
57454.979559824584,8.27801603951957,0.02563760564230863
57457.490148189834,8.208178654778749,0.02591682664790881
57460.000736555085,8.136247975169681,0.02620785288880756
57462.51132492034,8.062407837016508,0.02650149814565369
57465.02191328559,7.986837105941959,0.02679028112515342
57467.53250165084,7.909721054835245,0.027068067165155144
57470.04309001609,7.831239711260423,0.027329377982041755
57472.553678381344,7.751568875624798,0.027570199362496908
57475.064266746595,7.670880704652518,0.027788121924946157
57477.574855111845,7.589364446001127,0.02798054339248744
57480.085443477095,7.507243198109791,0.02814378093097112
57482.596031842346,7.424753624247387,0.02827492468616353
57485.106620207596,7.3421362524386495,0.028371948820868884
57487.61720857285,7.259639746043831,0.028432922951106936
57490.1277969381,7.17750653391704,0.02845673386367517
57492.63838530335,7.095906202215701,0.02844203353740958
57495.1489736686,7.014970931690186,0.02838774830110816
57497.65956203385,6.934837089851499,0.02829365699261869
57500.170150399106,6.855646688723937,0.028159929817928232
57502.68073876436,6.777553980355151,0.02798633190315971
57505.19132712961,6.700728711206466,0.02777315791837868
57507.70191549486,6.625348835601471,0.027522177651301733
57510.21250386011,6.551589479553513,0.027236062117660907
57512.72309222536,6.479571613366716,0.02691629212561996
57515.23368059061,6.40936770173721,0.02656406993572901
57517.74426895586,6.34104352814029,0.02618230118206509
57520.25485732111,6.274638049711939,0.025775093177030025
57522.76544568636,6.210180674563162,0.025348363322742352
57525.27603405161,6.1477084793150425,0.024910128028270914
57527.78662241686,6.087263416964561,0.02446919869835016
57530.29721078211,6.028892735717818,0.02403247945338735
57532.80779914736,5.972672458665329,0.023606348950533634
57535.31838751261,5.918667028250638,0.023197665000418737
57537.82897587787,5.866907755902503,0.022813690611924765
57540.33956424311,5.817414245611872,0.022462117425606082
57542.85015260837,5.770202533953125,0.022151638529118032
57545.36074097362,5.7252560532069765,0.021890437102449107
57547.87132933887,5.682518238667399,0.02168371520816395
57550.38191770412,5.641932685102802,0.0215296421303505
57552.89250606937,5.603432145551778,0.021424269444037997
57555.40309443462,5.566955182701349,0.02136527645752375
57557.913682799874,5.532442470546812,0.021351386208592154
57560.424271165124,5.49978736625053,0.021381340706879203
57562.934859530375,5.4688372554956,0.02145322054410522
57565.445447895625,5.439437358290888,0.021565657454678564
57567.956036260875,5.411428656138014,0.021716286246394188
57570.466624626126,5.38468121655751,0.021898703786645327
57572.977212991376,5.359088369063102,0.022101956687689574
57575.487801356634,5.334543216216844,0.022316418070579932
57577.99838972188,5.310940800351091,0.02253498938371847
57580.508978087135,5.288168046274222,0.022751825220666322
57583.019566452385,5.266097848536447,0.022961834985394246
57585.530154817636,5.2446102180401795,0.023162110689753438
57588.040743182886,5.223598873009905,0.02335201618845714
57590.55133154814,5.202933663735166,0.023531395795111335
57593.06191991339,5.182462356169708,0.0236986065298195
57595.57250827864,5.162056818662677,0.023851396497942195
57598.08309664389,5.141620687500108,0.023986263547366264
57600.59368500914,5.121069522574544,0.024099253916860325
57603.10427337439,5.100324097264092,0.024186804000606358
57605.61486173964,5.079303607926704,0.024247759941483295
57608.12545010489,5.057924070104491,0.024283667018619608
57610.63603847014,5.036095047078561,0.024297836063742334
57613.14662683539,5.0137416985526215,0.024293976325484426
57615.65721520064,4.990840195314377,0.024275836881758734
57618.1678035659,4.967411834833911,0.02424750538117913
57620.67839193115,4.9434870936966036,0.024214547952263375
57623.1889802964,4.919096775556682,0.024184470623885297
57625.69956866165,4.894274173537269,0.02416635985282813
57628.2101570269,4.869073025765829,0.024166228351979825
57630.72074539215,4.843586964532733,0.024186146912203544
57633.2313337574,4.817929809913039,0.024227109391157107
57635.74192212265,4.792227791738696,0.024290401994585806
57638.2525104879,4.766605053271633,0.024376565646542926
57640.76309885315,4.741165963700041,0.024483354293869435
57643.2736872184,4.716002308297902,0.02460731626524934
57645.784275583654,4.691195575753227,0.024744228473127884
57648.294863948904,4.666802193474723,0.024885953881369088
57650.805452314155,4.642858504274045,0.025022918821458254
57653.316040679405,4.61938156629185,0.025145313329401293
57655.82662904466,4.596385076612933,0.025244837557478163
57658.337217409906,4.573882190408767,0.025315386973947168
57660.84780577516,4.5518868234721594,0.02535339418108583
57663.358394140414,4.53041110175036,0.02535809511258553
57665.868982505664,4.509457250291234,0.025331284740270285
57668.379570870915,4.489020271526897,0.025277146317556645
57670.890159236165,4.469092268001987,0.025202218937821555
57673.400747601416,4.449642063626015,0.025114239899105516
57675.911335966666,4.430651227270573,0.025020491218556724
57678.42192433192,4.412119261032785,0.024927941625411135
57680.93251269717,4.394045797176659,0.02484023641696144
57683.44310106242,4.376423850597348,0.024758148342320475
57685.95368942767,4.3592315393616445,0.024681065240760358
57688.46427779292,4.342439695930807,0.02460713048341411
57690.97486615817,4.326018766296329,0.024530532309074076
57693.48545452343,4.309938602877082,0.024442013311365585
57695.99604288867,4.294165762941702,0.024331391630327423
57698.50663125393,4.278672713597189,0.024189679813371976
57701.01721961918,4.26343554216146,0.024010215915117424
57703.52780798443,4.24843228442478,0.02378910257666527
57706.03839634968,4.233637650555465,0.02352508118174941
57708.54898471493,4.2190175354189705,0.023219602760898354
57711.05957308018,4.204555813339539,0.022876543969655654
57713.57016144543,4.190259634051472,0.02250196525139779
57716.08074981068,4.176104208629113,0.022103672803422562
57718.59133817593,4.16203417579527,0.021690874225868958
57721.10192654118,4.148000052275165,0.02127431679195967
57723.61251490643,4.133981406266685,0.020862114799759905
57726.12310327168,4.119980464864057,0.020454186940804153
57728.63369163693,4.1059909469763625,0.020047863202522283
57731.14428000218,4.091987489940948,0.019639605895126443
57733.654868367434,4.07797589342772,0.019226469642422514
57736.16545673269,4.0639629842480645,0.01880580884235977
57738.67604509794,4.049934912385652,0.018376601412488806
57741.18663346319,4.035848891580827,0.01793885044221294
57743.69722182844,4.021708771586418,0.01749099818906777
57746.20781019369,4.007592115201987,0.017029638023121373
57748.71839855894,3.9935926710022613,0.016552661260109798
57751.228986924194,3.9797933190711774,0.016059926999849337
57753.739575289444,3.9662546705221757,0.015553466818991437
57756.250163654695,3.9530248820083216,0.015039628183613063
57758.760752019945,3.9401451803860255,0.0145299541111616
57761.271340385196,3.927611887687817,0.014037395328626627
57763.781928750446,3.915348558803089,0.013571669043550028
57766.2925171157,3.9032617330085486,0.013143604499764872
57768.80310548095,3.891233599439147,0.012766460965375105
57771.3136938462,3.8791957750800066,0.012455601607642874
57773.824282211455,3.8671245812583948,0.012227862377463419
57776.3348705767,3.8550124415778555,0.012099423268047626
57778.845458941956,3.842873371875612,0.012081077354515263
57781.35604730721,3.830747886793688,0.012173572330643213
57783.86663567246,3.8187122636591084,0.012358402626301952
57786.37722403771,3.8068452083389275,0.012606245878846957
57788.88781240296,3.795217632839922,0.01288821434940727
57791.39840076821,3.7838870766572654,0.013183816064740976
57793.90898913346,3.7728528542866115,0.013478611890663543
57796.41957749871,3.762096116988687,0.01376203721191879
57798.93016586396,3.7516014278517105,0.01402851050799123
57801.44075422921,3.741314855753444,0.014277162378254816
57803.95134259446,3.7311031033750623,0.014507272193800215
57806.46193095971,3.720790822757408,0.014716940062525873
57808.97251932496,3.710159992799163,0.014905995006457288
57811.48310769022,3.6989976059412584,0.015076162423573711
57813.99369605546,3.687119088601321,0.015228746421619869
57816.50428442072,3.674336263909936,0.01536630859489653
57819.01487278597,3.6604556352831423,0.015492882038694918
57821.52546115122,3.6452762947883457,0.015611859708597823
57824.03604951647,3.6286550818476826,0.01572443075436964
57826.54663788172,3.6106053036637604,0.015828885827149256
57829.05722624697,3.591269144555554,0.015919770594648476
57831.56781461222,3.5708365415921435,0.015988783668003704
57834.07840297747,3.549481175490655,0.016028438199847592
57836.58899134272,3.527372856042348,0.01603457073308852
57839.099579707974,3.5046681883977726,0.01600500114371893
57841.610168073224,3.481508059077896,0.01593818263826797
57844.120756438475,3.458057699492201,0.015835631980810016
57846.631344803725,3.434488132945262,0.01570173146352039
57849.141933168976,3.4109726150054485,0.015541147120470071
57851.652521534226,3.387663486180827,0.015359748845912962
57854.163109899484,3.364682811195962,0.015165888831890866
57856.673698264734,3.3421299403416924,0.01496829470753549
57859.184286629985,3.3200817870674655,0.014773014916366995
57861.694874995235,3.298638893291354,0.01458909538020057
57864.205463360486,3.2778922737343237,0.014428518304194737
57866.716051725736,3.2579294120369013,0.014305275135333232
57869.22664009099,3.2388317913282663,0.014234464836501053
57871.73722845624,3.220600147615187,0.014230732605182112
57874.24781682149,3.203250300110085,0.01430451571481873
57876.75840518674,3.186786602891516,0.014456712281062113
57879.26899355199,3.171189187094569,0.014671362374654606
57881.77958191724,3.156396975449752,0.014925921702448969
57884.29017028249,3.142325669148704,0.015199761936959108
57886.80075864774,3.1288996411603875,0.015476657861810596
57889.31134701299,3.1161157434689812,0.01574278769484907
57891.82193537825,3.1040238355635665,0.01598658988254742
57894.3325237435,3.0926861295010895,0.016201153256660918
57896.84311210875,3.0821774060023017,0.01638421237063657
57899.353700474,3.072569636045955,0.016535178898693322
57901.86428883925,3.0639241368626244,0.01665274059392063
57904.3748772045,3.0563354314072058,0.016737787756896355
57906.88546556975,3.04990296982578,0.016794021310703833
57909.396053935,3.0446904112468474,0.016825173283576442
57911.90664230025,3.0407377075462136,0.016837613369781138
57914.4172306655,3.038086180196842,0.016842306276086728
57916.92781903075,3.0367690675429913,0.016852826349704943
57919.438407396,3.0367978303984273,0.016879454782233683
57921.94899576125,3.0381407986860722,0.016928706333426847
57924.4595841265,3.0407344721606933,0.01700575402975518
57926.970172491754,3.0445110537984874,0.017115888408308733
57929.48076085701,3.0494069735868834,0.01726551935573793
57931.991349222255,3.0553581330459565,0.017462001066457025
57934.50193758751,3.0622692917240784,0.01771311517557893
57937.01252595276,3.0700004374375567,0.01802461001847551
57939.52311431801,3.078386295819655,0.018395431588104704
57942.033702683264,3.087280190549791,0.018815533126148358
57944.544291048514,3.096568211505655,0.019273162287391645
57947.054879413765,3.106163968332112,0.019758532978778866
57949.565467779015,3.1160106838215142,0.020262567146235286
57952.076056144266,3.12607545733772,0.020775219380392333
57954.586644509516,3.136342017314746,0.02128776082898365
57957.09723287477,3.1467998409971187,0.021794328569649232
57959.60782124002,3.157443434200104,0.022291618009632107
57962.11840960527,3.1682701039671883,0.02277619209028639
57964.62899797052,3.17927996290382,0.023245043706441905
57967.13958633577,3.190467301144963,0.023697086306318255
57969.65017470102,3.2018076063977787,0.024131989077907857
57972.16076306628,3.21327337573166,0.024549238364593738
57974.67135143153,3.2248394768394064,0.024949380539029495
57977.18193979678,3.2364752686116844,0.025334592377598067
57979.69252816203,3.248147509613773,0.025707189258421387
57982.20311652728,3.2598180115019204,0.026067538740460656
57984.71370489253,3.2714637074968778,0.026414302041066002
57987.22429325778,3.2830637306906283,0.026745071595146445
57989.73488162303,3.2945928726549027,0.027057818746464818
57992.24546998828,3.3060300889483187,0.027350254854349044
57994.75605835353,3.3173570661165286,0.027620062740222766
57997.26664671878,3.328558779474406,0.027866102115368118
57999.77723508403,3.3396243053357466,0.02808796687248092
58002.28782344928,3.3505530075053684,0.02828534229900663
58004.79841181453,3.361350478968234,0.028457578113756106
58007.30900017978,3.372009870945476,0.028603849250938958
58009.81958854504,3.3825121407062397,0.028723347198122147
58012.33017691029,3.392845830989245,0.028814829862139683
58014.84076527554,3.403001415921608,0.028877870878658434
58017.35135364079,3.4129739533818793,0.02891325301548149
58019.86194200604,3.422769072938536,0.02892237877851267
58022.37253037129,3.432389198380406,0.02890704638235262
58024.88311873654,3.441838623926742,0.028868911311318877
58027.39370710179,3.4511316536809318,0.028809565298403915
58029.904295467044,3.460285023174947,0.028732123527485297
58032.414883832294,3.4693178746674675,0.02864122296475176
58034.925472197545,3.4782523052126635,0.02854251522513447
58037.436060562795,3.487104416155489,0.028440393246034326
58039.946648928046,3.495895223430125,0.028336267277885588
58042.457237293296,3.504651795126847,0.02823115843250698
58044.96782565855,3.513398878087173,0.028124880748782565
58047.478414023804,3.522157834348036,0.028015971212943223
58049.98900238905,3.5309399261604995,0.02790193410074778
58052.499590754305,3.539746468570229,0.027779460149491283
58055.010179119556,3.548573143183603,0.02764464584389822
58057.520767484806,3.557415336874328,0.02749243296851012
58060.03135585006,3.5662683537648263,0.02731808663483082
58062.54194421531,3.5751308440958383,0.02711858101592376
58065.05253258056,3.584002177864022,0.026892295004537357
58067.56312094581,3.592885466729058,0.02663876113034569
58070.07370931106,3.6017878192069475,0.026359222783001558
58072.58429767631,3.6107208922330756,0.026056364963911175
58075.09488604156,3.6196809493994806,0.0257334525958816
58077.60547440681,3.628639673202997,0.02539371953365401
58080.11606277206,3.637569161161082,0.025041297819952842
58082.62665113731,3.646441289631184,0.024681327977973004
58085.13723950256,3.655225778464228,0.024319043173355485
58087.64782786781,3.663884001376573,0.02395814516270651
58090.15841623307,3.6723760495660827,0.02359793326308208
58092.66900459832,3.680661576159764,0.02323608208156083
58095.17959296357,3.6887018476845697,0.022870143331095716
58097.69018132882,3.696462557374616,0.022497916330755492
58100.20076969407,3.70392118988093,0.022117245309606078
58102.71135805932,3.7110664543506573,0.021726508757155944
58105.22194642457,3.7178881538275164,0.02132621918551926
58107.73253478982,3.724379131163005,0.020918683731200014
58110.24312315507,3.730532790592406,0.02050658450056035
58112.75371152032,3.736318717332324,0.02009300373901291
58115.26429988557,3.741698116689804,0.0196834340014809
58117.774888250824,3.7466457445625565,0.019285592000741873
58120.285476616074,3.751152271674073,0.01890978085928057
58122.796064981325,3.7552080764289713,0.018566079625952844
58125.306653346575,3.75881408778514,0.018260426537724462
58127.81724171183,3.7619826103182277,0.01799473810817971
58130.32783007708,3.7647021629964,0.01776804369405443
58132.838418442334,3.766970477241557,0.017578563403316892
58135.349006807584,3.768808177788742,0.017422715701006442
58137.859595172835,3.7702314599519013,0.017295658957224368
58140.370183538085,3.771231666454696,0.017193249587848233
58142.880771903336,3.7718158898642287,0.017111712666802892
58145.391360268586,3.7720026076422073,0.01704535748506117
58147.90194863384,3.771839044726221,0.016984632009431525
58150.41253699909,3.771372244140366,0.016920377327940057
58152.92312536434,3.7706209984535235,0.01684574485562324
58155.43371372959,3.7695987666375004,0.016756406770516593
58157.94430209484,3.7683339672221337,0.01665026963244359
58160.45489046009,3.7668685055105016,0.01652822379576561
58162.96547882534,3.765196035383269,0.016393413697514687
58165.4760671906,3.763233121484518,0.016249589262885243
58167.98665555584,3.7608765926997876,0.016102972296487845
58170.4972439211,3.758042853034567,0.015961537329001668
58173.00783228635,3.754678812867496,0.015830792262766916
58175.5184206516,3.750686504354235,0.015713778640202528
58178.02900901685,3.745986074587563,0.01561359429511993
58180.5395973821,3.7405273916665465,0.015534346631888012
58183.05018574735,3.7342586729791947,0.015479844826056502
58185.5607741126,3.7271252603677567,0.015452988710319781
58188.07136247785,3.719094178864907,0.015455438159236475
58190.5819508431,3.7101696734316647,0.015485003388392052
58193.09253920835,3.7004508572863415,0.01553126327409575
58195.6031275736,3.6900673661148176,0.01558071439639454
58198.11371593885,3.679143857792951,0.015624147338184985
58200.6243043041,3.667794622539077,0.01565636564871678
58203.13489266936,3.6561221400042996,0.01567524588772538
58205.645481034604,3.6442060707486235,0.01568040670952031
58208.15606939986,3.632106092002232,0.01567303371601532
58210.66665776511,3.619860397895536,0.01565531747502002
58213.17724613036,3.6074741050942976,0.015630865809167584
58215.68783449561,3.5949570359662175,0.015603690117483292
58218.19842286086,3.5823364387033507,0.015577845062989093
58220.709011226114,3.5696701244451106,0.015559255908644444
58223.219599591364,3.557023485278478,0.01555468376805867
58225.730187956615,3.5444490998634137,0.01557050353145481
58228.240776321865,3.53197768468317,0.01561105410570506
58230.751364687116,3.5196286998871074,0.015676423216341325
58233.261953052366,3.5074054537981283,0.015762360243588243
58235.77254141762,3.4953173635003623,0.015862273060021484
58238.28312978287,3.4833838963822927,0.015967883877352106
58240.79371814812,3.4716412866546307,0.01607181112872759
58243.30430651337,3.4601253418804845,0.016168991241062202
58245.814894878626,3.448868243249308,0.016256154605337348
58248.325483243876,3.437882904021535,0.016332429137426493
58250.83607160913,3.4271340474952012,0.016398142174712017
58253.34665997438,3.416561941499822,0.016454198128138774
58255.85724833963,3.406121648848057,0.01650381950699363
58258.36783670488,3.3957650492084213,0.016552795419373396
58260.87842507013,3.385428523295559,0.016604945104182308
58263.38901343538,3.3750548633688595,0.016660286862535886
58265.89960180063,3.364635713514872,0.016715948072407248
58268.41019016588,3.354197107022628,0.01676781984434625
58270.92077853113,3.3437953894608654,0.016811657387672155
58273.43136689638,3.3334916972671635,0.016842954026181307
58275.94195526163,3.323349656362552,0.01685736599335586
58278.45254362688,3.313454537455982,0.01685027555643185
58280.96313199213,3.303852932214795,0.016817018948945456
58283.47372035739,3.2945543861715123,0.016754895316769096
58285.98430872263,3.2855750696762698,0.016665293594833375
58288.49489708789,3.27693715703208,0.01655159812101787
58291.00548545314,3.2686663033091463,0.016419097242450147
58293.51607381839,3.2607916825800203,0.016276626697665757
58296.02666218364,3.2533359416993335,0.016134622330031118
58298.53725054889,3.246356195071712,0.015999311811467676
58301.04783891414,3.239911547731026,0.01587776474828818
58303.55842727939,3.2340413879428525,0.015780426428987422
58306.06901564464,3.228772632894106,0.01571936912700388
58308.579604009894,3.2241375243347647,0.01570610879100414
58311.090192375144,3.2201497602545714,0.015750599301137008
58313.600780740395,3.2168138932902366,0.015860825914557525
58316.111369105645,3.214125046011759,0.016038932883462833
58318.621957470896,3.2120904244220583,0.01627529677472166
58321.13254583615,3.2107204524509143,0.016551422964821733
58323.6431342014,3.2100113824623975,0.016851299852257133
58326.153722566654,3.2099585110336193,0.017163924942188453
58328.664310931905,3.2105513911228627,0.017481691163155684
58331.174899297155,3.211761247686809,0.017797493933657208
58333.685487662406,3.213558841700433,0.018105479713027214
58336.196076027656,3.2159019888786133,0.018402936386000143
58338.70666439291,3.2187460499990266,0.018690323121918463
58341.21725275816,3.2220524583826773,0.018967862300449573
58343.72784112341,3.225768895354122,0.019236251158928547
58346.23842948866,3.2298180640209466,0.019496717805745696
58348.74901785391,3.2341007195645943,0.019750123993167668
58351.25960621916,3.238505647983402,0.019996923102234943
58353.77019458441,3.2429162815678865,0.02023792286647444
58356.28078294966,3.2472144496277906,0.020476330448707617
58358.79137131491,3.2512856652901974,0.020716018075947883
58361.30195968016,3.2550514956346888,0.0209585521899769
58363.81254804542,3.2584899729675953,0.021201838461943987
58366.32313641067,3.2615988193288104,0.0214410582704085
58368.83372477592,3.2643786474945955,0.02167316206391825
58371.34431314117,3.2668377842055634,0.02189713015792531
58373.85490150642,3.269001959997695,0.02211249340819089
58376.36548987167,3.270915675617289,0.022318915618141248
58378.87607823692,3.2726288739941083,0.022516063314409782
58381.38666660217,3.274198504805099,0.022703348717041865
58383.89725496742,3.275702887563966,0.02287887162781492
58386.40784333267,3.277208545478061,0.023039924267473134
58388.91843169792,3.278769633034244,0.023184847261093832
58391.42902006317,3.2804357692657504,0.02331265769950467
58393.93960842842,3.2822252838523127,0.023420726642164227
58396.450196793674,3.284103073820006,0.023504520191722087
58398.960785158924,3.286007310729474,0.023560293136811794
58401.47137352418,3.2878707539639436,0.023586089927403867
58403.98196188943,3.2896278186235577,0.023580320262100652
58406.49255025468,3.2912217441771645,0.023542000013404882
58409.00313861993,3.292603782916558,0.023471985701390908
58411.513726985184,3.2937562894876464,0.023371398483526633
58414.024315350434,3.2946911627077498,0.02324092690305152
58416.534903715685,3.2954353631357662,0.023080618312742114
58419.045492080935,3.2960376550327055,0.02289056020929668
58421.556080446186,3.2965446824673563,0.022672884099252617
58424.066668811436,3.297009954607347,0.02243113763318441
58426.57725717669,3.2974858230445534,0.0221685862879613
58429.08784554194,3.297988020189223,0.02188687418535437
58431.59843390719,3.298501685872907,0.021585141801851365
58434.10902227244,3.2990027398627717,0.021263324455804734
58436.61961063769,3.299450661521405,0.02092191555797473
58439.130199002946,3.299803781323135,0.020561504732473618
58441.64078736819,3.300005655211862,0.020183348107906087
58444.15137573345,3.299992589803878,0.019790365646584523
58446.6619640987,3.2996906801126897,0.01938637866905256
58449.17255246395,3.2990037854760885,0.018975083781460022
58451.6831408292,3.297825242043473,0.018559411885501136
58454.19372919445,3.2960416625719517,0.018142128860256
58456.7043175597,3.2935341234551743,0.017725829364367986
58459.21490592495,3.2902082333603175,0.01731336156640745
58461.7254942902,3.286023124761414,0.016907476181946258
58464.23608265545,3.280977366724983,0.016512920542800923
58466.7466710207,3.2752440425101668,0.016134428241124793
58469.25725938595,3.269108654698357,0.015775387299331832
58471.7678477512,3.2628452067729086,0.01544119190416399
58474.27843611645,3.256707106367685,0.015137364212255918
58476.7890244817,3.250884654058609,0.014869084060004877
58479.29961284695,3.245513047091663,0.01464192217918688
58481.81020121221,3.240696336288238,0.014460282585834748
58484.32078957746,3.2364698264282197,0.01432625536640029
58486.83137794271,3.2327573384391144,0.014236818219690334
58489.34196630796,3.22944407351315,0.014178189150499664
58491.85255467321,3.22641784226289,0.014135431586078776
58494.36314303846,3.22356940433383,0.01409872880191943
58496.87373140371,3.2207958297804,0.01406187441590333
58499.384319768964,3.2180101519916207,0.014018092188100136
58501.894908134214,3.215148142859107,0.013964199230109282
58504.405496499465,3.212190655467566,0.013902969478187742
58506.916084864715,3.2091796491877176,0.013841836254961182
58509.426673229966,3.206116506305989,0.013789383236825742
58511.937261595216,3.2029249282786623,0.013753629363925185
58514.44784996047,3.199533385457471,0.013742807182225954
58516.95843832572,3.1958447656652424,0.013761081855032857
58519.469026690975,3.191826097550802,0.013802459765618022
58521.979615056225,3.187526521516702,0.013859231232429435
58524.490203421476,3.1829891868692357,0.01392821323152355
58527.000791786726,3.178212547383737,0.014007249303700148
58529.51138015198,3.1732044625844082,0.014092963553729247
58532.02196851723,3.167977834455087,0.014182032904055777
58534.53255688248,3.162514334442676,0.014273758982909085
58537.04314524773,3.156792347843293,0.014370868925672745
58539.55373361298,3.15078947506845,0.014478244331274228
58542.06432197823,3.144516893677064,0.01460032374843802
58544.57491034348,3.138006364017201,0.01474040656439392
58547.08549870873,3.1312653538770974,0.014896727779813325
58549.59608707398,3.1243269448750652,0.015061552155362352
58552.10667543923,3.117242891312344,0.015228455286028245
58554.61726380448,3.1100556239834987,0.015395439946918714
58557.12785216974,3.1028216858394444,0.015564220745350152
58559.63844053498,3.0956751082558185,0.0157371671294247
58562.14902890024,3.088775117183104,0.01591512167646453
58564.65961726549,3.0822768304497004,0.01609902696207146
58567.17020563074,3.076336437370628,0.01629194363287626
58569.68079399599,3.0711020309245214,0.01649817680750927
58572.19138236124,3.066707130637951,0.01672269590803632
58574.70197072649,3.0632752417586744,0.016971032495565707
58577.21255909174,3.0609062616713345,0.017247138881495917
58579.72314745699,3.0596836701552093,0.017551722267610044
58582.23373582224,3.059655361350451,0.017882252240220504
58584.74432418749,3.06081964342593,0.018232631556709653
58587.254912552744,3.0631652125448454,0.018597329879186695
58589.765500917994,3.0666770591342356,0.018970975004517554
58592.276089283245,3.0713191242684843,0.019348295908769235
58594.786677648495,3.077053946821252,0.01972298557336202
58597.297266013746,3.083863017731346,0.020089100145933143
58599.807854379,3.0917281509027816,0.02044282375295361
58602.318442744254,3.1006212314241566,0.020782292242627894
58604.829031109504,3.1104953457252122,0.02110507904749468
58607.339619474755,3.121287264570128,0.02140864387545877
58609.850207840005,3.1329330189619213,0.021692564321396504
58612.360796205256,3.1453578639775515,0.02195797702975937
58614.871384570506,3.1584686439018697,0.022206628144925866
58617.38197293576,3.1721716927713715,0.02244028681863994
58619.89256130101,3.186395522323437,0.022659214802847695
58622.40314966626,3.2010540403425694,0.02286237747766662
58624.91373803151,3.216039312654175,0.02304684321963113
58627.42432639676,3.2312343021621928,0.02320904874215099
58629.93491476201,3.2465120631968603,0.023345960240831853
58632.44550312726,3.2617409283993766,0.023456106499062292
58634.95609149251,3.276804286055267,0.023539126541090014
58637.46667985777,3.291594985406846,0.023593026433938624
58639.97726822302,3.30602909240406,0.023614051636722182
58642.48785658827,3.3200216230470687,0.023598919770518322
58644.99844495352,3.3334683864959516,0.023545206283501964
58647.50903331877,3.3462692145840265,0.02345211768983305
58650.01962168402,3.3583562443382107,0.023319948091418394
58652.53021004927,3.3696729033254087,0.02315051050427064
58655.04079841452,3.380156567611266,0.02294679407468097
58657.55138677977,3.3897331999614835,0.022712185004328676
58660.06197514502,3.3983372733346187,0.02244969862423404
58662.57256351027,3.405902107770089,0.02216379564149188
58665.08315187552,3.4123651925765444,0.021861164361556676
58667.59374024077,3.4176919881720096,0.021547277931097855
58670.10432860602,3.4218610766984057,0.021225584126549926
58672.61491697127,3.424846184121634,0.02090133920155807
58675.12550533653,3.426624298915158,0.020581531383747832
58677.636093701774,3.427189394584275,0.02027274906865872
58680.14668206703,3.42655110755004,0.019981362302528376
58682.65727043228,3.424734554515453,0.019714802312545576
58685.16785879753,3.42176541214576,0.01948165423206641
58687.67844716278,3.417663444648497,0.01928822783887795
58690.189035528034,3.412431560218465,0.01913692262197909
58692.699623893284,3.4060532666626386,0.01902774755884827
58695.210212258535,3.398543376242742,0.018959712313837702
58697.720800623785,3.3899880470708013,0.01892756179651174
58700.231388989036,3.3804955591913313,0.018923490815605258
58702.741977354286,3.370163283718284,0.01894027443299197
58705.25256571954,3.3590843596030027,0.018973238617937795
58707.76315408479,3.347359210369177,0.01901941659690992
58710.27374245004,3.335096032707952,0.019074497236344103
58712.784330815295,3.3224032253492624,0.019136141814559207
58715.29491918054,3.309350921190344,0.019204581910048257
58717.805507545796,3.2959803713019937,0.019279762932396877
58720.31609591105,3.2823282931931317,0.019360516239948455
58722.8266842763,3.2684246650896966,0.019445369639948275
58725.33727264155,3.2543170374119654,0.019533868096791526
58727.8478610068,3.240061725868145,0.019624722968184957
58730.35844937205,3.225713512088987,0.019715719281495094
58732.8690377373,3.2113016303774202,0.01980529411049542
58735.37962610255,3.1968507467536256,0.0198940037134509
58737.8902144678,3.182397505850531,0.01998218007539204
58740.40080283305,3.1679978300235234,0.02006906857418313
58742.9113911983,3.1537281931668986,0.02015304972158294
58745.42197956355,3.139654405415058,0.02023087418819386
58747.9325679288,3.125813834660221,0.02029959373903962
58750.44315629405,3.112250557518564,0.020357045588890482
58752.9537446593,3.099025530202198,0.020399236206255954
58755.46433302456,3.08618470372312,0.020421739958135492
58757.97492138981,3.0737451165623497,0.020420861998987502
58760.48550975506,3.0617229872441385,0.020393699508072852
58762.99609812031,3.050145387504017,0.02033857738545613
58765.50668648556,3.039038196497131,0.02025186908277713
58768.01727485081,3.0284062373975758,0.020128213563147274
58770.52786321606,3.0182430385320913,0.01996456797291145
58773.03845158131,3.008531600513379,0.01975979377230024
58775.54903994656,2.999246568462695,0.019513338690977242
58778.059628311814,2.9903628146857955,0.01922733720589793
58780.570216677064,2.981855730431562,0.018906081601309643
58783.080805042315,2.973704620875651,0.018555045259216304
58785.591393407565,2.9658873474400025,0.018178422408197125
58788.101981772816,2.9583858778642025,0.017776989111196413
58790.612570138066,2.951161718927324,0.01735201243754747
58793.123158503324,2.9441654702532105,0.016906248864153206
58795.63374686857,2.937344802368898,0.01644296581257833
58798.144335233825,2.930645092856139,0.01596802416188862
58800.654923599075,2.92400662379805,0.01548946424111606
58803.165511964326,2.9173555549350567,0.015011885553063676
58805.676100329576,2.9106228918535635,0.014540677589533259
58808.18668869483,2.9037256587562297,0.014081957539487516
58810.69727706008,2.8965988675045082,0.013643345958991982
58813.20786542533,2.8892281646694755,0.013234336874494006
58815.71845379058,2.8816011608869303,0.012863696129526184
58818.22904215583,2.873725880519487,0.012538489367722632
58820.73963052108,2.86569422140019,0.012262837692667504
58823.25021888633,2.857649959361879,0.012030114099001298
58825.76080725158,2.849659630068345,0.01182564012920496
58828.27139561683,2.8417606463699485,0.011640964920299549
58830.78198398209,2.83398262609262,0.011475036938218913
58833.29257234733,2.8263595022144727,0.01132897265759149
58835.80316071259,2.8189313467592,0.011206196283246157
58838.31374907784,2.8116688542359043,0.01111477522527837
58840.82433744309,2.8045381255215034,0.011065639321259894
58843.33492580834,2.797503802459687,0.011066406854779266
58845.84551417359,2.7904860679409467,0.011112497890107927
58848.35610253884,2.7833882545819506,0.01119647625146827
58850.86669090409,2.776091286272276,0.01131161845588102
58853.37727926934,2.76847741092206,0.011444935273339337
58855.88786763459,2.7605098847780027,0.011581610192191701
58858.39845599984,2.752195590699557,0.011713674131283967
58860.90904436509,2.743576149106957,0.011840515926926929
58863.41963273034,2.734753378725145,0.011965352926279385
58865.930221095594,2.725846358691342,0.01209194748261076
58868.440809460844,2.7169381318381056,0.012224526371333118
58870.951397826095,2.7081164863775484,0.012369015318050512
58873.46198619135,2.699466866120929,0.012530717610736024
58875.9725745566,2.691028611443471,0.012709655026925858
58878.48316292185,2.6828627747599967,0.012905969872931612
58880.993751287104,2.6750522164802533,0.013120920444537195
58883.504339652354,2.667669807211496,0.013353852062745399
58886.014928017605,2.6607948066084646,0.01360505424476245
58888.525516382855,2.6544679482467473,0.013875557579806984
58891.036104748106,2.6486582959332736,0.014167274060857835
58893.546693113356,2.6433330195432063,0.01448363948462665
58896.05728147861,2.6384876298106974,0.01482922097489643
58898.56786984386,2.6341013293422293,0.01520922464034297
58901.07845820911,2.6301485135481926,0.01563009108581429
58903.58904657436,2.626616737281438,0.01609904093368051
58906.09963493961,2.6235457774528186,0.01662084915330543
58908.61022330486,2.62096986558754,0.017196754046234632
58911.12081167012,2.618906263654935,0.017820226144698883
58913.63140003537,2.6173832713357115,0.018482192378903393
58916.14198840062,2.6164001297438517,0.01917507499770075
58918.65257676587,2.615904742735438,0.01989315655176255
58921.16316513112,2.6158335839863867,0.020630022610984337
58923.67375349637,2.616110557806678,0.021377935426678214
58926.18434186162,2.6166818699502983,0.022130126085670106
58928.69493022687,2.6175314289794187,0.022881122154226524
58931.20551859212,2.6186537804569525,0.023625754162447683
58933.71610695737,2.6200547281405306,0.024358845004953406
58936.22669532262,2.6217409315286204,0.025077053995067215
58938.73728368787,2.623718563831062,0.02577804151054081
58941.24787205312,2.6259750689278007,0.026458872503333782
58943.75846041837,2.62849792808629,0.02711723206902727
58946.26904878362,2.6312858111377864,0.02775194301022766
58948.77963714888,2.634343376936158,0.02836245865712133
58951.29022551412,2.6376802039067115,0.028946512191594054
58953.80081387938,2.641298382597597,0.029499888873649734
58956.31140224463,2.6451950417431362,0.03001703376868587
58958.82199060988,2.649366132020077,0.030492689145096764
58961.33257897513,2.6538075797952843,0.030923143459696587
58963.84316734038,2.6585176258195133,0.03130589068866647
58966.35375570563,2.663499527033764,0.03163884842791612
58968.864344070884,2.6687559030701777,0.03192108865139696
58971.374932436134,2.674287727933006,0.03215310523015107
58973.885520801385,2.6800958912190254,0.03233705775123702
58976.396109166635,2.686181283136648,0.0324767554434321
58978.906697531886,2.6925448876118026,0.03257739994942632
58981.417285897136,2.699187883466948,0.03264430455650705
58983.92787426239,2.706099715491291,0.03268249957987028
58986.43846262764,2.7132596884764553,0.032697019242595264
58988.94905099289,2.72065723558444,0.03269235956620923
58991.459639358145,2.728291815983539,0.03267342559910892
58993.970227723396,2.7361648029438754,0.03264569137930022
58996.480816088646,2.744277040295799,0.03261230238303222
58998.9914044539,2.752627811231747,0.03257524308264266
59001.50199281915,2.7612169139503635,0.03253749737257235
59004.0125811844,2.770045331970323,0.03250281926720635
59006.52316954965,2.779122631807695,0.03247327446171187
59009.0337579149,2.788466304773465,0.032449192410300545
59011.54434628015,2.7980941524074296,0.03243142285822218
59014.0549346454,2.8080200282711303,0.03242091337778884
59016.56552301065,2.818234546430176,0.03241739305812365
59019.0761113759,2.8287208879046375,0.032421372815792895
59021.58669974115,2.839462223884766,0.03243473534065637
59024.0972881064,2.850438400033454,0.032460237089079524
59026.60787647165,2.86162739260908,0.03249857468436949
59029.11846483691,2.8730192696966697,0.03254871753173873
59031.62905320216,2.884603957325453,0.03261045934415928
59034.13964156741,2.8963682862377027,0.03268439002871453
59036.65022993266,2.9082973070035223,0.03277091905962943
59039.16081829791,2.920371321713901,0.032869167769428616
59041.67140666316,2.9325690535479225,0.03297845433325307
59044.18199502841,2.9448674848827068,0.03309702225568962
59046.69258339366,2.957240433024708,0.03322067826533169
59049.20317175891,2.969647591235116,0.03334396002917761
59051.71376012416,2.9820517882627655,0.03346077265874098
59054.22434848941,2.9944463086394535,0.03356527003728361
59056.734936854664,3.006829057907453,0.03365201803941211
59059.245525219914,3.019187867103028,0.033714947486085396
59061.756113585165,3.0315046634932514,0.033748641575613775
59064.266701950415,3.043761250053649,0.033749221986344
59066.77729031567,3.055939429512364,0.03371438272682039
59069.287878680916,3.068021004408365,0.03364339493090642
59071.798467046174,3.079988818641141,0.03353687876089514
59074.309055411424,3.0918334318266716,0.033395774360794106
59076.819643776675,3.1035492977662216,0.0332216985947208
59079.330232141925,3.1151368945429567,0.033015698121748135
59081.840820507176,3.1266105298127513,0.032778154606743055
59084.351408872426,3.1379909277602565,0.03251013103198022
59086.86199723768,3.149300608871272,0.032212767819985715
59089.37258560293,3.1605574297718704,0.03188542755390195
59091.88317396818,3.171777640847722,0.031526925922683635
59094.39376233343,3.182989814784378,0.031134342751446855
59096.90435069868,3.1942262668162584,0.030705223572264854
59099.41493906393,3.205519368784735,0.030238621953739324
59101.92552742918,3.216904306813376,0.029734900712501074
59104.43611579443,3.228420345170889,0.029195670425925902
59106.94670415968,3.240107181452913,0.028624257146612833
59109.45729252494,3.252006323338719,0.028024930785419934
59111.96788089019,3.264148772937915,0.027401910145404555
59114.47846925544,3.276541511522737,0.026758409819541997
59116.98905762069,3.2891866930076503,0.026098932093602083
59119.49964598594,3.3020866601727903,0.025429671315375296
59122.01023435119,3.3152521215670276,0.024756695889958012
59124.52082271644,3.328724113467615,0.02408473883488992
59127.03141108169,3.342551010166062,0.02341997253396668
59129.54199944694,3.3567773200411466,0.02276834795000446
59132.05258781219,3.37142976935138,0.02213380065458461
59134.56317617744,3.386521143482611,0.021521860280409925
59137.07376454269,3.4020564424426993,0.02093974425513911
59139.58435290794,3.418032131245127,0.020395425608956658
59142.09494127319,3.4344420874112984,0.019896147330782345
59144.605529638444,3.451290508193779,0.0194470715396714
59147.1161180037,3.468579856096767,0.019051744270135586
59149.62670636895,3.486288848798722,0.01871040913344542
59152.1372947342,3.504353894677479,0.018415968456227574
59154.64788309945,3.522699123423081,0.018161487968954136
59157.1584714647,3.541245584085118,0.017944100183045503
59159.669059829954,3.5599252926185727,0.017762871991350373
59162.179648195204,3.5786477639339864,0.01761678368845946
59164.690236560455,3.5972961356746964,0.017507863741342316
59167.200824925705,3.615774949983461,0.017441457247147234
59169.711413290956,3.6340246771724196,0.017424209142838192
59172.222001656206,3.6520105483286898,0.017462138791239753
59174.73259002146,3.6697174911059847,0.017559528753859445
59177.24317838671,3.6871384086844046,0.017717423546011638
59179.75376675196,3.7042803295553313,0.017931270628466497
59182.26435511721,3.721145816918579,0.018186700828073006
59184.774943482465,3.737733387373737,0.01846893471813238
59187.28553184771,3.7540477209788605,0.018766507078994153
59189.796120212966,3.770091990591027,0.019071774927488544
59192.30670857822,3.7858559398227953,0.01937822275626988
59194.81729694347,3.801327317924006,0.019680385898549087
59197.32788530872,3.8164958656416275,0.019975089106892614
59199.83847367397,3.8313468000560533,0.020260757482747485
59202.34906203922,3.8458596082928125,0.020537066927850595
59204.85965040447,3.8600156822940335,0.020804151027026326
59207.37023876972,3.873792829195736,0.021063709561604988
59209.88082713497,3.887158207653556,0.021318601868839458
59212.39141550022,3.900063718072488,0.021571568515983568
59214.90200386547,3.9124647460266715,0.021827313404991503
59217.41259223072,3.9243491689121583,0.022090390736584097
59219.92318059597,3.9357295575464377,0.022364029976639423
59222.43376896123,3.9466221737752676,0.02265095218257671
59224.94435732647,3.9570380378499976,0.022953008493936423
59227.45494569173,3.966993350361008,0.023270779344505867
59229.96553405698,3.976523142744554,0.023604440847255277
59232.47612242223,3.985670034540817,0.023955549089856518
59234.98671078748,3.9944943935843185,0.02432558432284839
59237.49729915273,4.003071499435464,0.024713780576880263
59240.00788751798,4.011455941114036,0.025115255917233258
59242.51847588323,4.019667539745569,0.025522873525832403
59245.02906424848,4.027706842854968,0.025928962026140364
59247.539652613734,4.035567744540458,0.0263263829075629
59250.050240978984,4.043245620781818,0.02670961028053924
59252.560829344235,4.050746559034451,0.027073466097612846
59255.071417709485,4.0580753608373925,0.027413913449249906
59257.582006074736,4.0652359295781935,0.027728589174007917
59260.092594439986,4.072218451270601,0.02801530519125074
59262.60318280524,4.078992093418492,0.028271635382118177
59265.113771170494,4.0855237384093925,0.028495345482651212
59267.624359535745,4.091785180964507,0.028684425206923443
59270.134947900995,4.097746766241471,0.02883572719806753
59272.645536266245,4.103397439197579,0.028944745448341212
59275.156124631496,4.108734619541792,0.02900747872464773
59277.666712996746,4.113767789356643,0.029019934532017136
59280.177301362,4.118516661925241,0.02897725735040152
59282.68788972725,4.123000096384203,0.02887560867346627
59285.1984780925,4.12723107304555,0.02871269455855933
59287.70906645775,4.131213742068212,0.028487783518497987
59290.219654823,4.134951523064956,0.028201926182352816
59292.73024318825,4.138447847704811,0.02785796715122997
59295.2408315535,4.14170855966222,0.02745905821996176
59297.75141991875,4.14474476538453,0.027006938014859788
59300.262008284,4.147568178806978,0.026504755445854594
59302.77259664926,4.1501874283349025,0.025956950245282592
59305.2831850145,4.152606804840616,0.025369141537988932
59307.79377337976,4.154823027296516,0.024748480832147358
59310.30436174501,4.156825466925511,0.024103519591913806
59312.81495011026,4.158608075755183,0.023443401369552
59315.32553847551,4.160165248118574,0.022772395884234974
59317.83612684076,4.161465467419475,0.022093120790830846
59320.34671520601,4.162466810608748,0.021409608528530893
59322.85730357126,4.16311180323828,0.02072734661739893
59325.36789193651,4.163329365605023,0.020053095810354013
59327.87848030176,4.163040058570914,0.019395858103587734
59330.38906866701,4.16214425227372,0.01876672465862255
59332.89965703226,4.160539507561225,0.01817422742261262
59335.410245397514,4.158185855133297,0.017622211621905078
59337.920833762764,4.155084450943832,0.01711534981190365
59340.43142212802,4.151238314865623,0.0166587168761104
59342.942010493265,4.146609860152239,0.016257227816672878
59345.45259885852,4.141147456422914,0.01591722621890361
59347.96318722377,4.134789471689146,0.01564621523175869
59350.473775589024,4.127464482342475,0.015448124991103034
59352.984363954274,4.119144041789696,0.01532022216660445
59355.494952319525,4.109808006964158,0.015254468548315444
59358.005540684775,4.099423239254975,0.015243790344213238
59360.516129050025,4.08797192844213,0.015282528247577627
59363.026717415276,4.075465078363777,0.015366194895124386
59365.53730578053,4.06192260957323,0.015491798127986317
59368.04789414578,4.047380352858454,0.01565706365338496
59370.55848251103,4.0319297827081755,0.015857748667466334
59373.06907087628,4.015747584402561,0.016084401406712984
59375.57965924153,3.999005097837653,0.016328038404709477
59378.09024760678,3.981827918498311,0.016582055371185032
59380.60083597203,3.964271821452712,0.016841729981912672
59383.11142433729,3.9463623927076696,0.01710215570189469
59385.62201270254,3.928102941630641,0.017359481685175447
59388.13260106779,3.909501218731748,0.017613261040273148
59390.64318943304,3.890579928760417,0.017865881102482946
59393.15377779829,3.871395466499962,0.01812080666045702
59395.66436616354,3.852049314067699,0.018380194971980398
59398.17495452879,3.8326695701107383,0.01864498485159428
59400.68554289404,3.8133748049731366,0.018913252197255623
59403.19613125929,3.79423294600565,0.01918079052154523
59405.70671962454,3.775297829997726,0.019445040319925246
59408.21730798979,3.7566270140814595,0.019705737898524135
59410.72789635504,3.738293862203136,0.019962588223195275
59413.23848472029,3.7203834878164344,0.020213929973338457
59415.74907308554,3.7029859118629247,0.020457654834872076
59418.25966145079,3.686213811626658,0.020690557262174926
59420.77024981605,3.670175280305557,0.020909104638472793
59423.280838181294,3.6549518035026267,0.021110474925913957
59425.79142654655,3.640621233629645,0.021294432609077277
59428.3020149118,3.6272364633332472,0.021462066143538874
59430.81260327705,3.6148218550151796,0.02161305336425497
59433.3231916423,3.603391859916883,0.02174585728880428
59435.83378000755,3.5929477488971315,0.021859789274878614
59438.344368372804,3.5834831655956805,0.021955536806702557
59440.854956738054,3.5749795755837113,0.022034349374534946
59443.365545103305,3.5673933919752017,0.022097053797041317
59445.876133468555,3.5606670772540383,0.022144691252770295
59448.386721833805,3.5547452124301344,0.022177829376279087
59450.897310199056,3.549539169995114,0.02219555101624063
59453.40789856431,3.5449423514073715,0.022195366079825276
59455.91848692956,3.5408255845541134,0.022174562793874905
59458.429075294815,3.5370534643298015,0.022131937645654638
59460.93966366006,3.5334791025379673,0.02206668037899369
59463.450252025315,3.529969419236295,0.021977302702652274
59465.960840390566,3.52642842620844,0.021862063608235706
59468.471428755816,3.5227694022178184,0.021719427804284718
59470.98201712107,3.518931794038508,0.021549346425967366
59473.49260548632,3.514943893882446,0.02135121925887495
59476.00319385157,3.5109051618055673,0.021124611265165686
59478.51378221682,3.5068971291475464,0.020870692001004408
59481.02437058207,3.502947405562736,0.020591919247808038
59483.53495894732,3.499074795821798,0.020291671517459885
59486.04554731257,3.4952722196176182,0.01997338057727631
59488.55613567782,3.491513966291677,0.01964161864800078
59491.06672404307,3.487752778120921,0.019301255995930286
59493.57731240832,3.483958442520816,0.01895510498673749
59496.08790077357,3.4801121664931998,0.018604162118403888
59498.59848913882,3.4761833468219265,0.018248953653320604
59501.10907750408,3.472125408530701,0.01788981156878383
59503.61966586933,3.4678829732583836,0.01752621867240656
59506.13025423458,3.4633982283703517,0.017158423589557846
59508.64084259983,3.4586231257999316,0.01678936195032031
59511.15143096508,3.4535227615269832,0.016422625863513562
59513.66201933033,3.4480782692189678,0.016063037357398974
59516.17260769558,3.4422791915303605,0.01571626754453961
59518.68319606083,3.4361209431517636,0.015387579409828362
59521.19378442608,3.4295925078040455,0.015081020392503046
59523.70437279133,3.422693802800495,0.014798057682390675
59526.214961156584,3.415470465202816,0.014535083436393339
59528.725549521834,3.407997201604303,0.014286778909874386
59531.236137887085,3.400361439329572,0.014047084181021012
59533.746726252335,3.392644305014983,0.013811043595314076
59536.257314617586,3.384942700737156,0.013574795623065412
59538.76790298284,3.3773328530369326,0.013337718880021006
59541.278491348094,3.3698462001339067,0.013102897647966258
59543.789079713344,3.36248187138699,0.012876903686046125
59546.299668078595,3.355166241832194,0.012667089746380082
59548.810256443845,3.3478547328850254,0.01248170404914997
59551.320844809095,3.3405608519387897,0.01232861744045558
59553.831433174346,3.3333390932530165,0.012209910373604308
59556.342021539596,3.3262768837157637,0.01212240573472709
59558.85260990485,3.3194826155668125,0.012062013516696843
59561.3631982701,3.31310393626336,0.012026528423252603
59563.87378663535,3.3073093286075164,0.01201331207516165
59566.3843750006,3.3022075532499002,0.012017499316172506
59568.89496336585,3.2978287418882246,0.012035754071275821
59571.4055517311,3.294183613965288,0.012068934396319994
59573.91614009635,3.2912003218661994,0.012122305187847994
59576.42672846161,3.2886807264294475,0.012203110590531651
59578.93731682685,3.2864203427452594,0.012319404241493854
59581.44790519211,3.284262218658114,0.01247875040410377
59583.95849355736,3.2821014830260538,0.012682233542382822
59586.46908192261,3.2799477526568808,0.012921803153488808
59588.97967028786,3.277863737544976,0.013184155073329448
59591.49025865311,3.2759181906003505,0.013458936371228788
59594.00084701836,3.274160732398741,0.013739502788819916
59596.51143538361,3.2725742664770223,0.014018016004506856
59599.02202374886,3.2710719616443384,0.014284024180542088
59601.53261211411,3.269590880954638,0.014529243791372786
59604.04320047936,3.2681330020423047,0.014748391291136266
59606.55378884461,3.2667353612487204,0.01493760638835932
59609.06437720986,3.2654536468326114,0.015093364691198832
59611.57496557511,3.2643387427087873,0.01521403251819904
59614.085553940364,3.2634363015386043,0.015299818448961442
59616.596142305614,3.262774692469975,0.01535132394046434
59619.10673067087,3.2623470389808062,0.015371209686572946
59621.61731903612,3.2621244324345753,0.015366873084273973
59624.12790740137,3.262088426054106,0.015348554612572618
59626.63849576662,3.2622417393140495,0.015324177171596714
59629.149084131874,3.2625951431982685,0.015300015226714562
59631.659672497124,3.2632009534863755,0.015282501827920708
59634.170260862375,3.2641241731034825,0.015277788883709087
59636.680849227625,3.265390694316011,0.015293453261464016
59639.191437592875,3.26700450835051,0.015338494054696375
59641.702025958126,3.2689342162921093,0.01542222638756438
59644.212614323376,3.271123598329723,0.01555105603443312
59646.72320268863,3.2734546789433807,0.015724636981899697
59649.23379105388,3.2757913905661553,0.015934753218130808
59651.74437941913,3.278044139224221,0.01617114979105176
59654.25496778438,3.2801624422427267,0.016422189013882586
59656.765556149636,3.2821739637875,0.016674789879669024
59659.276144514886,3.2841117962962016,0.016916201032569095
59661.78673288014,3.2860454343026504,0.017136829491830586
59664.29732124539,3.2880639573559165,0.017331033292160233
59666.80790961064,3.2902583347749896,0.017495708685561526
59669.31849797589,3.292715144227259,0.017627026124930653
59671.82908634114,3.295496558654122,0.017723157188693484
59674.33967470639,3.298656564875273,0.017785505841373044
59676.85026307164,3.3021991448185872,0.01781637702701868
59679.36085143689,3.306093141261954,0.017820284220169458
59681.87143980214,3.310306026338367,0.017805961513377922
59684.38202816739,3.3148052986362018,0.01778455550798389
59686.89261653264,3.3195475925604114,0.017765162370285206
59689.40320489789,3.3245000084280036,0.0177566654029368
59691.91379326314,3.3296779851661995,0.01776916530566906
59694.4243816284,3.335121709125815,0.01781196798890287
59696.93496999364,3.3408370698452927,0.01789336011373731
59699.4455583589,3.3468535658321343,0.018021166807118467
59701.95614672415,3.3532136301510036,0.018202244517083223
59704.4667350894,3.359960669411521,0.018440003849333992
59706.97732345465,3.3671342675879714,0.018728518375832687
59709.4879118199,3.3747490975947585,0.019056657694043896
59711.99850018515,3.3828244805336,0.01941503818416512
59714.5090885504,3.3913887990638614,0.019796577172157413
59717.019676915654,3.4004558308661217,0.020195486413104726
59719.530265280904,3.410025018674787,0.020605132498206443
59722.040853646155,3.4201152875830303,0.021020254670577252
59724.551442011405,3.4307403888669796,0.021436179371008415
59727.062030376655,3.441902789112646,0.021848092273967043
59729.572618741906,3.4535750549694058,0.02225110928046374
59732.083207107156,3.4657206250121817,0.02264217236147295
59734.59379547241,3.4782978128641844,0.023020042601002377
59737.104383837664,3.491230853716843,0.023382690037580443
59739.614972202915,3.504421061137691,0.023728460801558868
59742.125560568165,3.5177757719065994,0.024057546073391264
59744.636148933416,3.531205441337079,0.024370378801177196
59747.146737298666,3.5446308039827272,0.02466663334830667
59749.65732566392,3.557953921495937,0.024944839463253942
59752.16791402917,3.5710758122149855,0.025202887992633226
59754.67850239442,3.583909160050098,0.02543789319717238
59757.18909075967,3.5963637833483517,0.025648269547283453
59759.69967912492,3.6083498221705668,0.02583463878375379
59762.21026749017,3.6198116313898936,0.025998803832790796
59764.72085585542,3.630781412124634,0.026142448650134625
59767.23144422067,3.641308050660882,0.02626826296451205
59769.74203258592,3.651450548612047,0.02637988692172663
59772.25262095117,3.661269223968702,0.026481601689453505
59774.76320931643,3.6707972895064245,0.026575187267909674
59777.27379768168,3.68004180553595,0.026659877474741314
59779.78438604693,3.6890036099740655,0.026734886760112684
59782.29497441218,3.6976819352566963,0.026800422017128255
59784.80556277743,3.706065842518001,0.02685541097407195
59787.31615114268,3.714140863768989,0.026896125039339705
59789.82673950793,3.7219124628027203,0.02691799170574024
59792.33732787318,3.729394233552739,0.026917790621174602
59794.84791623843,3.7366128655849025,0.026893472506263543
59797.35850460368,3.7436160754878074,0.026843042352592817
59799.86909296893,3.750458487396827,0.026765278249956177
59802.37968133418,3.757187326787971,0.026660387521423586
59804.890269699434,3.7638400559371803,0.026528463037916016
59807.400858064684,3.770450414333027,0.026370190017585535
59809.911446429935,3.7770471089170314,0.026187443190979497
59812.42203479519,3.7836564315948635,0.025983717039432665
59814.932623160435,3.790281553810928,0.02576143998371775
59817.44321152569,3.796877376793418,0.025521537700660377
59819.95379989094,3.8033776513766497,0.025265907455628085
59822.464388256194,3.809709274180932,0.02499641860267214
59824.974976621445,3.815825546218548,0.024713696930102478
59827.485564986695,3.8217128880060045,0.02441755005277904
59829.996153351945,3.8273650202609133,0.02410889630311839
59832.506741717196,3.8327890328437206,0.02378965577624859
59835.017330082446,3.837998390692519,0.023461276521911968
59837.5279184477,3.8430125653685536,0.023125775401094322
59840.03850681295,3.847860741441764,0.022785594604942935
59842.5490951782,3.8525509320024867,0.022443133827450074
59845.05968354345,3.8570836357976077,0.02210035785349168
59847.5702719087,3.861474281962728,0.021758420550133648
59850.080860273956,3.8657520180859137,0.021418528940221507
59852.5914486392,3.8699451209395193,0.021082098789295692
59855.10203700446,3.8740790072952223,0.02075225430157838
59857.61262536971,3.8781711767078377,0.020433256925428814
59860.12321373496,3.8822083244886016,0.0201277318280746
59862.63380210021,3.886190192148206,0.01983847283297052
59865.14439046546,3.8901301298392355,0.019568961790006997
59867.65497883071,3.8940351492201444,0.019322897850842582
59870.16556719596,3.8979075717143132,0.019103638215816794
59872.67615556121,3.90174462601135,0.018913910106627338
59875.18674392646,3.905539816849341,0.018756059794570616
59877.69733229171,3.9092888179930014,0.018629664038758303
59880.20792065696,3.9129910186165944,0.018528136589192522
59882.71850902221,3.916663418749522,0.018439494364764764
59885.22909738746,3.920319753466174,0.018352586967109518
59887.73968575271,3.923977880360326,0.01825987477977117
59890.25027411796,3.927678108389955,0.01815627209926729
59892.76086248322,3.9314543736400083,0.01803782952721168
59895.27145084847,3.93533524061786,0.017904046124882812
59897.78203921372,3.939358097501099,0.01775746586716497
59900.29262757897,3.9435776358586736,0.01760243768212687
59902.80321594422,3.9480566121164884,0.01744416401460084
59905.31380430947,3.9528334833448753,0.017288863998274156
59907.824392674724,3.957910039491253,0.017141869392780954
59910.334981039974,3.9632657834736165,0.017003556367811454
59912.845569405225,3.968865496950457,0.01687025591901805
59915.356157770475,3.974671443516854,0.016739498359532957
59917.866746135725,3.980642233043909,0.016611545614975708
59920.377334500976,3.9867245361674577,0.01648667547032768
59922.887922866226,3.9928401844226755,0.016365680449415734
59925.39851123148,3.998913254821673,0.016249963213777276
59927.90909959673,4.004893711709883,0.016141744308945685
59930.419687961985,4.0107570056279656,0.016044267742185193
59932.93027632723,4.016482598235598,0.015960122872255324
59935.440864692486,4.022040699550416,0.015891519215406078
59937.951453057736,4.027415721226134,0.015839714793857453
59940.46204142299,4.032625237188768,0.015800256395686458
59942.97262978824,4.037687759293476,0.015765492080387376
59945.48321815349,4.042626691749319,0.015729889765102378
59947.99380651874,4.0474705684464425,0.015691055203555185
59950.50439488399,4.0522768175869714,0.01564683616511893
59953.01498324924,4.057078896017629,0.015596385107174414
59955.52557161449,4.061882650043117,0.015542713838093594
59958.03615997974,4.066697623144137,0.015491161373718343
59960.54674834499,4.071569011954125,0.015447771999948713
59963.05733671024,4.076530847742106,0.01541869636020365
59965.56792507549,4.081591892405413,0.015411120793027224
59968.07851344075,4.086751269438537,0.015430479854943538
59970.58910180599,4.091984782760846,0.015471968642846109
59973.09969017125,4.097278469358571,0.015527303207835333
59975.6102785365,4.102652518427931,0.015590197512416245
59978.12086690175,4.108135934497113,0.015655724845950514
59980.631455267,4.113752528617624,0.01571848049185349
59983.14204363225,4.119483463844517,0.015774217679545892
59985.6526319975,4.125282055352727,0.015821983488950347
59988.16322036275,4.1311297670181375,0.015863513143950035
59990.673808728,4.137025177347823,0.015902803588623872
59993.18439709325,4.142949893619516,0.01594464208333879
59995.694985458504,4.148878632768174,0.015995013864514247
59998.205573823754,4.154787723819027,0.01605870687971365
60000.716162189005,4.1606480553455185,0.016135322276819075
60003.226750554255,4.166444848695392,0.016223173210143563
60005.737338919505,4.172172773411148,0.016322344259871054
60008.247927284756,4.177826908126008,0.01643455767976723
60010.75851565001,4.183426676725503,0.016562983424067406
60013.269104015264,4.189017886354122,0.01671095920042659
60015.779692380514,4.194661209883634,0.016882246035688674
60018.290280745765,4.2004141645738855,0.017081686608949695
60020.800869111015,4.206342411285732,0.017314371851539653
60023.311457476266,4.212511522055138,0.01758234847543172
60025.822045841516,4.218996924406383,0.01788393675836697
60028.33263420677,4.225860833423212,0.018210815948096835
60030.84322257202,4.2331557615616475,0.018553056864801458
60033.35381093727,4.240914978799992,0.01890206976017737
60035.86439930252,4.2491398324782494,0.019250828118330284
60038.37498766777,4.25781059829751,0.019591692171871993
60040.88557603302,4.266895197622944,0.019916101503429946
60043.39616439827,4.276327671017498,0.020215659719397806
60045.90675276352,4.286026374378707,0.0204825489113884
60048.41734112878,4.295932727865875,0.020708635535397125
60050.92792949403,4.306016301823547,0.020885530715568104
60053.43851785928,4.316254607431688,0.02100686528861859
60055.94910622453,4.326643127607895,0.02106825807612281
60058.45969458978,4.337182644796485,0.021068211106897505
60060.97028295503,4.347876209561946,0.021008575630493645
60063.48087132028,4.358736493595643,0.020893945516434104
60065.99145968553,4.369782986537757,0.02073100180306406
60068.50204805078,4.381022111338098,0.020527774283729237
60071.01263641603,4.392407457344234,0.02029307881846334
60073.52322478128,4.403886540909298,0.020035524276637705
60076.03381314653,4.415419138997095,0.01976415369305904
60078.54440151178,4.426957083924208,0.019489209847262833
60081.05498987703,4.438449028064497,0.01922193439455995
60083.565578242284,4.449834763247054,0.01897294414090566
60086.07616660754,4.461045522708446,0.01875330388764487
60088.586754972785,4.4719985908595845,0.01857616020600272
60091.09734333804,4.4825827984604985,0.018453553164905667
60093.60793170329,4.4927106307586655,0.018390930655369696
60096.11852006854,4.502287578652613,0.01838695008383434
60098.62910843379,4.511203422676772,0.018439498546446075
60101.139696799044,4.519330316805281,0.018546741220159892
60103.650285164294,4.526535456767306,0.018706648578761195
60106.160873529545,4.532751320308307,0.018916632975488967
60108.671461894795,4.537936972250463,0.019174866307181647
60111.182050260046,4.542075154706254,0.019479567507898726
60113.692638625296,4.545187286217697,0.019822894179758205
60116.20322699055,4.547324910934549,0.020190144201834938
60118.7138153558,4.548562219366431,0.02056796264586124
60121.22440372105,4.54896986064341,0.0209467253401681
60123.7349920863,4.548581650535198,0.02131998748234581
60126.24558045155,4.547399870898516,0.0216845567877375
60128.756168816806,4.545418608169712,0.02204091313884212
60131.26675718206,4.542629131503418,0.022393097040616518
60133.77734554731,4.539019573770929,0.022746899472930463
60136.28793391256,4.5346035030524945,0.023106621726122403
60138.79852227781,4.529408706410322,0.023473936641320338
60141.30911064306,4.52346729853889,0.023847943730872206
60143.81969900831,4.5168334763729945,0.024226811822050696
60146.33028737356,4.509564697742462,0.02460897288844573
60148.84087573881,4.501706723240204,0.02499299165684399
60151.35146410406,4.4932818250817945,0.025376344031518804
60153.86205246931,4.4843058857368305,0.02575554315870145
60156.37264083456,4.474803974328097,0.026126616243695857
60158.88322919981,4.464833648118656,0.02648315419217365
60161.39381756506,4.454484834743198,0.02681776497936393
60163.90440593031,4.443851909425575,0.027124747014605943
60166.41499429557,4.433029495063238,0.02740029496627156
60168.92558266082,4.4221120516886,0.02764133732066768
60171.43617102607,4.411176140361931,0.027844704018423212
60173.94675939132,4.400275944295572,0.02800826673124689
60176.45734775657,4.389456714707194,0.028131468299966107
60178.96793612182,4.378761040221434,0.02821413482788887
60181.47852448707,4.368230179825332,0.028256665146817565
60183.98911285232,4.357905397424474,0.02826118058719658
60186.49970121757,4.347828614758328,0.028230597336144338
60189.010289582824,4.338040640315739,0.028167135285895883
60191.520877948074,4.328577117063105,0.028072518272411664
60194.031466313325,4.3194659183500335,0.02794795687079364
60196.542054678575,4.310732548095984,0.027795758977966187
60199.052643043826,4.302396744838916,0.027617865375656057
60201.563231409076,4.294483051489806,0.027415159952252827
60204.073819774334,4.28700786436093,0.02718729277411496
60206.58440813958,4.2799813843739685,0.026934535345256295
60209.094996504835,4.273415376446792,0.026658489277978346
60211.605584870085,4.267321338280453,0.026361238553539248
60214.116173235336,4.26170894196548,0.026046020559399308
60216.626761600586,4.256572204947588,0.025715729043087103
60219.13734996584,4.2518945685369545,0.02537238886849005
60221.64793833109,4.247663460671902,0.02501806833098986
60224.15852669634,4.243859044538112,0.02465429559906635
60226.66911506159,4.240451180987293,0.024283643994414388
60229.17970342684,4.237405863837921,0.023908172210266494
60231.69029179209,4.234698736050632,0.0235288652176859
60234.20088015734,4.2323132479941705,0.02314726885713138
60236.71146852259,4.230229863343993,0.022764202442985958
60239.22205688784,4.228421393956523,0.022378850459868586
60241.73264525309,4.22685381458723,0.02198944663456052
60244.24323361834,4.225485266011674,0.021594964130967724
60246.7538219836,4.224267398647498,0.021195671509854765
60249.26441034885,4.22315271635307,0.02079231026668185
60251.7749987141,4.222092328913277,0.020385897560233776
60254.28558707935,4.22103904519463,0.01997632547932886
60256.7961754446,4.2199802071700105,0.019564035188104515
60259.30676380985,4.218924537330167,0.019151345267762895
60261.8173521751,4.217885725462111,0.01874266574901191
60264.32794054035,4.2168915339862,0.01834248841175983
60266.8385289056,4.215961040653383,0.01795381873372535
60269.34911727085,4.215101208508713,0.0175803716608202
60271.8597056361,4.214293603145052,0.017225902289337642
60274.37029400135,4.213485389947891,0.016892109709025167
60276.880882366604,4.212609137059189,0.016581377905830346
60279.391470731854,4.211585236189421,0.016297604285097116
60281.902059097105,4.210337396827526,0.016045223837422053
60284.41264746236,4.208829950919608,0.01582815271905961
60286.92323582761,4.2070393122849055,0.01565005456148095
60289.43382419286,4.204946744182962,0.015514949080956736
60291.944412558114,4.202539101417642,0.015424691056767905
60294.455000923364,4.19984513806412,0.015375025143892562
60296.965589288615,4.196914992120583,0.015357409711606824
60299.476177653865,4.193806125433184,0.015364689542331101
60301.986766019116,4.1906395385740325,0.015388742253408963
60304.497354384366,4.187561629340053,0.01541968068787256
60307.00794274962,4.184697104152292,0.015449341633833862
60309.51853111487,4.182179680559784,0.015472957711503572
60312.02911948012,4.180153022520244,0.015489428175998476
60314.53970784537,4.17872027377598,0.015499522054685659
60317.05029621062,4.177948780474253,0.01550399810684084
60319.56088457587,4.177911824153853,0.015504437324608388
60322.07147294113,4.178636526688933,0.015501009298741313
60324.58206130637,4.180069604772143,0.015489194641549643
60327.09264967163,4.1821321285679005,0.01546315088543643
60329.60323803688,4.184742882556748,0.015420147696757973
60332.11382640213,4.1878363261930645,0.015359963344861286
60334.62441476738,4.191396104492014,0.015282973367109627
60337.13500313263,4.195444444703753,0.015189687840048323
60339.64559149788,4.199983218666603,0.015081847662633619
60342.15617986313,4.205005156050902,0.014962672106436072
60344.66676822838,4.210498070133326,0.014837046150433332
60347.17735659363,4.21645772154443,0.014711048937656452
60349.68794495888,4.222841235634405,0.01459131255617232
60352.19853332413,4.2295835519908,0.014481804395631999
60354.70912168938,4.2365905832266435,0.014380716351772382
60357.21971005463,4.243752983165905,0.014285192821341587
60359.73029841989,4.250986636179732,0.014195682674481553
60362.24088678513,4.25824007607298,0.014115280619197201
60364.75147515039,4.26551838008163,0.014046678350300336
60367.26206351564,4.272822128907137,0.013992721832407176
60369.77265188089,4.280133253079839,0.013957853281605152
60372.28324024614,4.287440514162881,0.013947208554596465
60374.79382861139,4.294715243042447,0.013964620607643035
60377.30441697664,4.301913287927164,0.014009577009163944
60379.815005341894,4.308973493593612,0.014077733128790532
60382.325593707144,4.315867672557943,0.01416346567732085
60384.836182072395,4.32262090605218,0.014257646352918568
60387.346770437645,4.329302687430754,0.014349056238024755
60389.857358802896,4.33600926422514,0.014429272421585674
60392.367947168146,4.342837770527694,0.014495526495660866
60394.8785355334,4.349879108718596,0.014549099605460492
60397.38912389865,4.35718605747752,0.014593172583168878
60399.8997122639,4.3647714059916325,0.014631018461908105
60402.410300629155,4.372626019874588,0.01466674976139209
60404.920888994406,4.380737800674979,0.014703153929385123
60407.431477359656,4.389065140334424,0.014738144104375506
60409.94206572491,4.397530591813847,0.014768037028340687
60412.45265409016,4.406064405178768,0.014792474433547921
60414.96324245541,4.414642254647333,0.014812826829677312
60417.47383082066,4.423298576788511,0.014831466956536195
60419.98441918591,4.432091024980764,0.014851173220998251
60422.49500755116,4.441053140901204,0.014877138560829051
60425.00559591641,4.450194185235887,0.014915787792918111
60427.51618428166,4.459520185133442,0.014976070319386074
60430.02677264691,4.46900953684235,0.015067139977700412
60432.53736101216,4.4786402816243935,0.015197565474961428
60435.04794937741,4.488405916898046,0.015374972589144031
60437.55853774266,4.4982755211531185,0.015602467108507493
60440.06912610792,4.5082049809093405,0.015876022593418904
60442.57971447316,4.518182045241701,0.016187486628091358
60445.09030283842,4.528207877374371,0.01652478277038037
60447.60089120367,4.53829113933898,0.016875862938418078
60450.11147956892,4.548452836606884,0.017227180835032642
60452.62206793417,4.558675512147602,0.017567071149262686
60455.13265629942,4.568920450168662,0.017885857576390458
60457.64324466467,4.57915136119118,0.01817691740616778
60460.15383302992,4.5893334049033,0.0184364532282849
60462.66442139517,4.599429315130692,0.01866372282832486
60465.17500976042,4.609408712378354,0.018860453762165545
60467.685598125674,4.619246559421299,0.01902838973809548
60470.196186490924,4.628912925079931,0.019169562735008007
60472.706774856175,4.6383766902145,0.019288441124724744
60475.217363221425,4.647602348530199,0.0193921139649334
60477.72795158668,4.656558710383251,0.019488324506781268
60480.238539951926,4.665213839471107,0.019585545506851088
60482.749128317184,4.673528227787756,0.019693286573141566
60485.259716682434,4.681486111134291,0.019819110424878543
60487.770305047685,4.689097387017682,0.019967890211411373
60490.280893412935,4.696383071743185,0.020145146262233692
60492.791481778186,4.703369265585934,0.020357662541611123
60495.302070143436,4.7100716548739,0.020613079288139453
60497.81265850869,4.716510292957537,0.020919133105678004
60500.32324687394,4.72272103252908,0.021282911251248492
60502.83383523919,4.72871924933861,0.021708701438040934
60505.34442360444,4.734518744575325,0.02219476393191536
60507.85501196969,4.740139194007497,0.0227292083132047
60510.36560033494,4.7455992116447305,0.023298095499721626
60512.87618870019,4.750918231089599,0.023889843375856742
60515.38677706544,4.756114089355833,0.024495509125182665
60517.89736543069,4.761191284975212,0.025107049027841652
60520.40795379595,4.766144485358382,0.025717490491912513
60522.9185421612,4.770967871925677,0.026322576930655442
60525.42913052645,4.775657679580036,0.026920353676227287
60527.9397188917,4.780227793555241,0.027509079809676054
60530.45030725695,4.784715456538834,0.028086251368362482
60532.9608956222,4.7891714392462745,0.02865032326417694
60535.47148398745,4.793648075152305,0.029200106482021666
60537.9820723527,4.798166490989388,0.029732834290931716
60540.49266071795,4.802737636942766,0.030246367018283888
60543.0032490832,4.807371979666641,0.03073969603374728
60545.51383744845,4.812078763859972,0.03121122241519587
60548.0244258137,4.816862427225715,0.031657027484813645
60550.53501417895,4.821721563304891,0.03207127791928406
60553.0456025442,4.826667887260555,0.03244628615942235
60555.556190909454,4.831721577676944,0.03277402374069115
60558.06677927471,4.836902988696238,0.033047758177948756
60560.57736763996,4.842232449533185,0.03326217197433765
60563.08795600521,4.847729287663242,0.03341334317751416
60565.59854437046,4.853411408825195,0.0334986794493058
60568.10913273571,4.859297492395854,0.033516940506261625
60570.619721100964,4.865407141827745,0.03346829226144711
60573.130309466214,4.871761524351314,0.03335420882955023
60575.640897831465,4.87838991364697,0.03317652558584397
60578.151486196715,4.885326505071134,0.03293816291796589
60580.662074561966,4.892602272593649,0.032643390730377655
60583.172662927216,4.900234813459974,0.03229744475444709
60585.68325129247,4.908235642280488,0.031906910427919724
60588.19383965772,4.9166063061056775,0.031479120370084594
60590.70442802297,4.925339928109679,0.031022179184822633
60593.21501638822,4.93443275298705,0.030545678091298135
60595.725604753476,4.943883314170307,0.03006063341016648
60598.23619311872,4.953689795336686,0.02957849971051608
60600.74678148398,4.963826228340622,0.02910755361815038
60603.25736984923,4.974245662626345,0.028653226376336705
60605.76795821448,4.984894214823726,0.028219539333211544
60608.27854657973,4.995730900147464,0.027808239870692145
60610.78913494498,5.006715046649333,0.027420539092455894
60613.29972331023,5.017798324290197,0.02705871393326673
60615.81031167548,5.028930251020938,0.026726625893857284
60618.32090004073,5.040053885662928,0.02642846667239233
60620.83148840598,5.051101208431646,0.02616782275019349
60623.34207677123,5.061984947533347,0.02594571305435641
60625.85266513648,5.072622236795723,0.02576180152902658
60628.36325350173,5.0829328242107294,0.025615198539331516
60630.87384186698,5.092837245960254,0.025502617258377304
60633.38443023223,5.102257439342793,0.025419583586892086
60635.89501859748,5.1111209281370975,0.025361451362069645
60638.40560696274,5.1193716446287,0.025322883535534458
60640.91619532799,5.126957190746907,0.025299789410916255
60643.42678369324,5.1338225591462106,0.02529051269226604
60645.93737205849,5.139912229216861,0.025295745823306105
60648.44796042374,5.145188998882077,0.025316225232185782
60650.95854878899,5.149653453321662,0.02535119630674325
60653.46913715424,5.153327829000773,0.025398439433021308
60655.97972551949,5.156238021678291,0.025455791165709552
60658.490313884744,5.158388678275514,0.02552114776463189
60661.000902249994,5.159764183830703,0.0255912388955014
60663.511490615245,5.160339470516192,0.025662804168480956
60666.022078980495,5.16007540904684,0.02573367115430897
60668.532667345746,5.1589331782306544,0.025802628342596987
60671.043255710996,5.156865078024566,0.025869823277987192
60673.55384407625,5.153812274686061,0.025937034948334593
60676.064432441504,5.149708710305276,0.02600733069190994
60678.575020806755,5.14450250932714,0.02608426970832414
60681.085609172005,5.138163479830837,0.026170781555109476
60683.596197537256,5.13069032371277,0.026268144637937894
60686.106785902506,5.122083719266811,0.02637727671282634
60688.61737426776,5.112314752928796,0.026497526862653994
60691.12796263301,5.101357636944158,0.026627235647852653
60693.63855099826,5.089227721182397,0.02676509460759597
60696.14913936351,5.075962011498632,0.026910369481893077
60698.65972772876,5.061601411027368,0.027061790635502805
60701.17031609401,5.046191784582334,0.02721843441226041
60703.68090445926,5.029780454933643,0.02738000406221197
60706.19149282451,5.0124474026379175,0.027545113293760606
60708.70208118976,4.994271479197778,0.02771036128023281
60711.21266955501,4.9753205634478945,0.02787054769802745
60713.72325792027,4.955647190799937,0.0280196439655505
60716.23384628551,4.93529702728847,0.028152248775380796
60718.74443465077,4.9143293994129635,0.02826415331401038
60721.25502301602,4.892812530742958,0.02835237490470025
60723.76561138127,4.870820077019744,0.028415313074446395
60726.27619974652,4.848427681659814,0.028452499710082676
60728.78678811177,4.825711520621553,0.0284637776936283
60731.29737647702,4.8027444031322375,0.028447462614598094
60733.80796484227,4.779606713273097,0.028401251484387387
60736.31855320752,4.7563853651518,0.028323432150414284
60738.82914157277,4.733153749257326,0.028211373832175386
60741.33972993802,4.709997117053717,0.028061663970036274
60743.85031830327,4.687018184748013,0.027871478131014312
60746.360906668524,4.664307010243647,0.027638250675339884
60748.871495033774,4.6419263167190365,0.027359044062947202
60751.382083399025,4.619936240022071,0.02703250803405751
60753.892671764275,4.598393488180591,0.02665915991703365
60756.40326012953,4.5773451119312085,0.026241171286470938
60758.91384849478,4.5568330929090735,0.025782280993206508
60761.424436860034,4.536898108432069,0.0252867689776989
60763.935025225284,4.517586939182365,0.024759636099414544
60766.445613590535,4.498945281258784,0.024204458417558458
60768.956201955785,4.481009916053154,0.023625386226584437
60771.466790321036,4.463817543757614,0.02302898377224875
60773.977378686286,4.447410580090946,0.022423098688743492
60776.48796705154,4.431832835340174,0.021815495417193777
60778.99855541679,4.417124928746489,0.021215069786980012
60781.50914378204,4.403314727836914,0.020632258341847225
60784.01973214729,4.390402218530653,0.02007510068983492
60786.53032051254,4.378366582386661,0.019550279473336617
60789.04090887779,4.367176324543834,0.019064990470115825
60791.55149724304,4.356806704425253,0.018627586263040865
60794.0620856083,4.347259754227707,0.01824710012230943
60796.57267397355,4.33854680400691,0.01793141791099157
60799.0832623388,4.33068626797467,0.01768871396776091
60801.59385070405,4.3236729425843805,0.017522513669248854
60804.1044390693,4.317470075271558,0.017426461746259683
60806.61502743455,4.3120439171325415,0.017389329806311173
60809.1256157998,4.307349986163899,0.017399789059315645
60811.63620416505,4.303329570684582,0.01744834737444697
60814.1467925303,4.299922536243685,0.017527140024856676
60816.65738089555,4.297074692265596,0.017632088996740482
60819.1679692608,4.294730559166055,0.017763687606201232
60821.67855762605,4.292832539504161,0.01792632151539893
60824.1891459913,4.2913389024270145,0.0181254567072069
60826.69973435655,4.290233940933831,0.01836400097875835
60829.2103227218,4.28950121649541,0.018642623780652564
60831.72091108706,4.289089294092264,0.01895945950050867
60834.231499452304,4.2889368242176715,0.019306438961744304
60836.74208781756,4.288994557748083,0.019672255927207557
60839.25267618281,4.289209228561958,0.020047275472383705
60841.76326454806,4.289532154951303,0.020424664611159507
60844.27385291331,4.289953101062565,0.020797935941394195
60846.78444127856,4.290486405181582,0.02115954018014193
60849.295029643814,4.291147656469548,0.021503151876629253
60851.805618009064,4.291938747250242,0.021824246584904367
60854.316206374315,4.292836900007387,0.022119658241348854
60856.826794739565,4.2938305498391856,0.022386989423808866
60859.337383104816,4.2949126179664745,0.022626145014313297
60861.847971470066,4.296076422280748,0.022839248234444075
60864.35855983532,4.297307001776062,0.023028871442645323
60866.86914820057,4.2985788712103385,0.02319894570391552
60869.379736565825,4.299863315536641,0.023355305010414187
60871.89032493107,4.301133385801222,0.023504496887972376
60874.400913296326,4.302357557637151,0.023652539845299927
60876.911501661576,4.303489033190999,0.023803716895575724
60879.42209002683,4.304475105454912,0.02395827486839071
60881.93267839208,4.3052735505771125,0.024113410691191422
60884.44326675733,4.3058590275468305,0.024264446123102346
60886.95385512258,4.306213554504211,0.02440384547062259
60889.46444348783,4.3063221207412425,0.02452272888937572
60891.97503185308,4.3061694392963545,0.02461321856326583
60894.48562021833,4.305740056686773,0.024668867276031906
60896.99620858358,4.305020643070748,0.024684961921418995
60899.50679694883,4.304005558078643,0.02465838495123079
60902.01738531408,4.302703471461427,0.02458652503309696
60904.52797367933,4.301136655267328,0.024467159799464934
60907.03856204458,4.299329460860463,0.024299976190821516
60909.54915040983,4.297310960129835,0.024086696441721397
60912.05973877509,4.295120221853722,0.02383000781371718
60914.57032714034,4.292795248329639,0.023533171527858436
60917.08091550559,4.290383502258919,0.02320039247286643
60919.59150387084,4.287941422080621,0.022836367157576243
60922.10209223609,4.285524707454897,0.022444329721510267
60924.61268060134,4.283151611311041,0.02202605847998326
60927.12326896659,4.280824480636511,0.021583899995107212
60929.63385733184,4.278550251736306,0.021119542754434128
60932.14444569709,4.276347626175266,0.02063483882064511
60934.65503406234,4.274246272922028,0.020132243931767303
60937.165622427594,4.272280034318101,0.019615973224938372
60939.676210792844,4.270478127364186,0.019092607809231766
60942.186799158095,4.268844583333703,0.018569951413249106
60944.697387523345,4.267369031484122,0.018057737351519033
60947.207975888596,4.266045160446083,0.017566760257920717
60949.71856425385,4.264855845540296,0.017105422130094097
60952.2291526191,4.263756455911789,0.016681553127212992
60954.739740984354,4.262692785487161,0.016303320117622814
60957.250329349605,4.26163639157312,0.01597804499472716
60959.760917714855,4.260569847829174,0.015708081504807975
60962.271506080106,4.259437077329494,0.015493382937459098
60964.782094445356,4.258179862430552,0.015335925569342908
60967.29268281061,4.256780306168366,0.015239437263206902
60969.80327117586,4.255281135905534,0.015207755441543961
60972.31385954111,4.253745180321857,0.015244010822717861
60974.82444790636,4.252236794214696,0.01535041189586539
60977.33503627161,4.250829685683129,0.015524103923279057
60979.84562463686,4.249588493999909,0.015750804644700335
60982.35621300211,4.248511811165372,0.016007732745463576
60984.86680136736,4.247577925561927,0.016274096516221418
60987.37738973262,4.246758296299959,0.01653380585334803
60989.88797809786,4.2460367875755765,0.016774523996089103
60992.39856646312,4.245425055545638,0.01698623729878841
60994.90915482837,4.24494216000312,0.01716284718864786
60997.41974319362,4.244611629284918,0.017302422117068485
60999.93033155887,4.2444489343615714,0.01740533898011059
61002.44091992412,4.244448205106892,0.017473102710199428
61004.95150828937,4.244567455607466,0.01750893106042064
61007.46209665462,4.24476176949247,0.017518164589481328
61009.97268501987,4.2450221870603855,0.01750554094832101
61012.48327338512,4.245356382132741,0.017473982480611813
61014.99386175037,4.245770694222301,0.01742752897708478
61017.50445011562,4.246278008751688,0.017372362063806757
61020.01503848087,4.246894268813776,0.01731401395440424
61022.52562684612,4.247624241361336,0.0172552666320539
61025.036215211374,4.248488205164904,0.017196911645542042
61027.546803576624,4.249509762506932,0.01713863911775347
61030.05739194188,4.250727284277673,0.017081891762914223
61032.56798030713,4.252169694314944,0.01703049979991011
61035.07856867238,4.253827376727713,0.01698810204513274
61037.58915703763,4.255672815037542,0.016957655299417618
61040.099745402884,4.257704210613156,0.016943374511736102
61042.610333768134,4.259951967804227,0.016948586676143615
61045.120922133385,4.26248014398152,0.01697544248246802
61047.631510498635,4.265385545208119,0.017025141937524968
61050.142098863886,4.268761172192171,0.01709753653751749
61052.652687229136,4.272699323104462,0.017190819123250368
61055.16327559439,4.2772451036726125,0.01729828694330406
61057.67386395964,4.28237134963274,0.017405824071289617
61060.18445232489,4.288007840455975,0.017499538378085287
61062.69504069014,4.294079075829359,0.017568212815067114
61065.20562905539,4.30052808317123,0.017603656933533416
61067.716217420646,4.307319179584738,0.017600073114504605
61070.2268057859,4.314431180006068,0.017554856884492147
61072.73739415115,4.321860790631035,0.017469029887047596
61075.2479825164,4.329624916841567,0.01734596330438635
61077.75857088165,4.337736239249352,0.017187896020585087
61080.2691592469,4.346182570967358,0.016996773940494807
61082.77974761215,4.3549134238564875,0.016775378174723448
61085.2903359774,4.363873022899497,0.016526419842552424
61087.80092434265,4.373007440066431,0.01625419859576231
61090.3115127079,4.382266569940839,0.01596653242461938
61092.82210107315,4.391597482725047,0.01567222689073608
61095.3326894384,4.400951443676604,0.015378794357486764
61097.84327780365,4.410270688356832,0.015095028827062212
61100.3538661689,4.419460750359576,0.014830771428413743
61102.86445453415,4.428423449979164,0.014595647504288572
61105.37504289941,4.437063589168247,0.014398824110006977
61107.88563126465,4.445277187041938,0.01424969114812012
61110.39621962991,4.452980879868846,0.014155697656144847
61112.90680799516,4.460118044549745,0.014117504660796712
61115.41739636041,4.466656708056689,0.014125211645542193
61117.92798472566,4.472595949440802,0.01416733428542185
61120.43857309091,4.477952642249875,0.01423477512759134
61122.94916145616,4.482724311761558,0.014322579804829375
61125.45974982141,4.486906386096962,0.014429006389943315
61127.970338186664,4.4905128620011965,0.014554370078996622
61130.480926551914,4.493581139598973,0.014702083994309176
61132.991514917165,4.496168734214734,0.014876377348314757
61135.502103282415,4.498367804219015,0.015078376306432622
61138.012691647666,4.500301312771626,0.015305733839288536
61140.523280012916,4.502066335408017,0.01555592680928625
61143.03386837817,4.503713312049513,0.015827093394383342
61145.54445674342,4.505273471324472,0.01611859041506901
61148.055045108675,4.506770992127713,0.016432410865375523
61150.565633473925,4.508247878460679,0.016771164823204652
61153.076221839176,4.509788299212232,0.017137106758668346
61155.586810204426,4.511491886805743,0.017530904459198974
61158.09739856968,4.513443912757793,0.01795140502886066
61160.60798693493,4.51568148554361,0.01839737414066633
61163.11857530018,4.518202469393145,0.01886687361215811
61165.62916366543,4.520983183916542,0.019357571915233424
61168.13975203068,4.5239955346041825,0.019869228664921062
61170.65034039593,4.527205721184146,0.02040358859637012
61173.16092876118,4.530565511609893,0.020962258151952157
61175.67151712643,4.534006617090199,0.021545980560031607
61178.18210549168,4.53746765111282,0.022152885947950684
61180.69269385693,4.540937354788184,0.02277776112573734
61183.20328222218,4.5444298998772865,0.023414314590005876
61185.71387058744,4.547956851800336,0.024056705829180534
61188.22445895269,4.551522987887438,0.024700503348134676
61190.73504731794,4.555125244980445,0.0253421154097232
61193.24563568319,4.558745994057972,0.02597865103934671
61195.75622404844,4.562354470763239,0.026608097562863944
61198.26681241369,4.565914819177124,0.027228917174287593
61200.77740077894,4.569408617920999,0.02783945622447345
61203.28798914419,4.5728254429704975,0.02843764111697732
61205.79857750944,4.576150592052727,0.029019759616138834
61208.30916587469,4.579372977132152,0.029580426914176818
61210.81975423994,4.582484060731076,0.03011303665194977
61213.33034260519,4.585472837716225,0.030610774636723452
61215.840930970444,4.588327500649029,0.031068044897344087
61218.351519335694,4.591032731521409,0.03148048552353234
61220.862107700945,4.5935648240556475,0.031844487017088155
61223.3726960662,4.595898660074454,0.03215760540609968
61225.883284431446,4.598008919798303,0.03241879070912648
61228.3938727967,4.599868686505943,0.03262822437926892
61230.904461161954,4.601458790823472,0.032786630536634484
61233.415049527204,4.602773143878949,0.0328952568908728
61235.925637892455,4.6038101824815385,0.03295607970283523
61238.436226257705,4.604581183593837,0.03297005894075513
61240.946814622956,4.6051039831509115,0.03293692231012067
61243.457402988206,4.6053887725756795,0.032856107407543314
61245.96799135346,4.605442209234752,0.032727366842467964
61248.47857971871,4.605269136183779,0.032550999654734826
61250.98916808396,4.604876212317322,0.03232789802203732
61253.49975644921,4.604270899850235,0.03206019318835285
61256.01034481446,4.60346028969434,0.031750658760589114
61258.52093317971,4.6024460540065775,0.03140138292797135
61261.03152154497,4.601235333961085,0.031014826002616017
61263.54210991021,4.599840606606449,0.030594472690834915
61266.05269827547,4.59827654583205,0.030144928014335774
61268.56328664071,4.5965653050661786,0.029672149101181558
61271.07387500597,4.594729605858447,0.02918386307424621
61273.58446337122,4.592791065850179,0.028688198615967678
61276.09505173647,4.59076788877428,0.028192858775286024
61278.60564010172,4.588666171446675,0.02770525610261965
61281.11622846697,4.58648693147552,0.02723111559688608
61283.62681683222,4.584240147683886,0.02677560808991627
61286.13740519747,4.581935967144091,0.02634458874602982
61288.64799356272,4.579586859457777,0.02594513589550795
61291.15858192797,4.57720767131832,0.02558598541014764
61293.66917029322,4.574814453313593,0.025277248785355807
61296.17975865847,4.5724366499634925,0.025027346214360088
61298.69034702373,4.570118757947057,0.024841033019134644
61301.20093538897,4.567872366751544,0.024718342884611253
61303.71152375423,4.565691452415194,0.02465410014172412
61306.222112119474,4.563561114890035,0.024641700905312758
61308.73270048473,4.561451972724171,0.02467468416489827
61311.24328884998,4.5593326970411,0.024747303578178288
61313.75387721523,4.557164347090293,0.024854562975755303
61316.26446558048,4.554898184840567,0.02499150722870298
61318.775053945734,4.552491074427962,0.0251539031242166
61321.285642310984,4.549914727045689,0.025338204804618316
61323.796230676235,4.5471409507918,0.02554240824640222
61326.306819041485,4.544150617984997,0.02576583781729573
61328.817407406736,4.540932551986771,0.02600778305372215
61331.327995771986,4.537480821540157,0.026266727760209593
61333.83858413724,4.533800177596277,0.02653841364574281
61336.34917250249,4.5298987526475685,0.02681633490275967
61338.85976086774,4.525788859566092,0.027093643027632182
61341.370349232995,4.521482892159838,0.027364907615733985
61343.88093759824,4.516987202934615,0.02762683191771649
61346.391525963496,4.512304497278819,0.02787847365423035
61348.90211432875,4.507439340319252,0.028120894365506993
61351.412702694,4.502400368015515,0.028356606525688218
61353.92329105925,4.497205261373892,0.028589044877727773
61356.4338794245,4.491876951884478,0.028823202373912064
61358.94446778975,4.486436001752736,0.029065266181337764
61361.455056155,4.480918042099802,0.02932007681297239
61363.96564452025,4.475357029848965,0.029587976148746618
61366.4762328855,4.469774616736686,0.02986487077339249
61368.98682125075,4.4641931280784775,0.03014435992700022
61371.497409616,4.458629125758307,0.030419809470324032
61374.00799798125,4.453098295725795,0.030684964249019373
61376.5185863465,4.447610913855897,0.030934026272702784
61379.02917471176,4.442168998699344,0.031162220208054193
61381.539763077,4.4367691633988215,0.0313659009349927
61384.05035144226,4.431409260286273,0.03154254819176437
61386.56093980751,4.426088832082314,0.031690937353271505
61389.07152817276,4.420806693742634,0.03181151658763245
61391.58211653801,4.415560604134953,0.03190635008074857
61394.09270490326,4.410353444283828,0.03197800340215302
61396.60329326851,4.40520431753248,0.03202777970335399
61399.11388163376,4.400143991108052,0.032056651869464436
61401.62446999901,4.395204855391057,0.03206697606257488
61404.13505836426,4.390419174946146,0.03206269942148511
61406.645646729514,4.385818852388184,0.03204934683116737
61409.156235094764,4.381430180059397,0.03203323144600097
61411.666823460015,4.377272448669828,0.032020213970293136
61414.177411825265,4.373354545212351,0.032015319862413225
61416.68800019052,4.369661598349921,0.03202323675445322
61419.198588555766,4.3661734337802045,0.032048408383514124
61421.709176921024,4.362883455767587,0.032093890588292796
61424.21976528627,4.359781396915423,0.03216056283989074
61426.730353651525,4.356855393943533,0.032245479868389985
61429.240942016775,4.354103634614148,0.032343644562036714
61431.751530382026,4.351522551394737,0.03244893850471958
61434.262118747276,4.349107436662052,0.032555333291499206
61436.77270711253,4.346855601586867,0.03265755281894288
61439.28329547778,4.344763913628412,0.03275040558416539
61441.79388384303,4.342819783341838,0.03282832692281225
61444.30447220828,4.341001653345302,0.032886382902116214
61446.81506057353,4.339286262693349,0.032921335500536886
61449.32564893878,4.337648039290798,0.03293173379467071
61451.83623730403,4.336062891015899,0.03291791504873606
61454.34682566928,4.334508021638612,0.0328818033759712
61456.85741403453,4.33296361824614,0.03282532378920706
61459.36800239979,4.3314161423331825,0.03275102338835525
61461.87859076503,4.329852682669298,0.032663234171016894
61464.38917913029,4.32826032799494,0.03256811352432074
61466.89976749554,4.326625666086329,0.03247343952427216
61469.41035586079,4.324930063667125,0.03238729089709514
61471.92094422604,4.323155863305146,0.032316028904209544
61474.43153259129,4.321294079309155,0.03226459271820016
61476.94212095654,4.31934648601964,0.03223747622000106
61479.45270932179,4.317316968343221,0.03223973379923071
61481.96329768704,4.31521926370624,0.03227549975067133
61484.47388605229,4.3130704226205125,0.03234411841915226
61486.98447441754,4.31088538244876,0.032442026432003085
61489.49506278279,4.308679162892076,0.032564578087452146
61492.00565114804,4.306457879833033,0.03270731078533929
61494.516239513294,4.304227397587965,0.03286702816707191
61497.02682787855,4.3019980125827715,0.0330417234624567
61499.537416243795,4.299786683157436,0.033230144483267575
61502.04800460905,4.297610176494345,0.033430803882182045
61504.5585929743,4.295485376322176,0.033642369833148986
61507.06918133955,4.293430429301225,0.033863180613388354
61509.579769704804,4.291460727879894,0.0340916975719776
61512.090358070054,4.289594416564796,0.034327267832114164
61514.600946435305,4.28784786570759,0.034569608488799516
61517.111534800555,4.286233707462088,0.0348184041325397
61519.622123165806,4.284769039659295,0.03507330583624672
61522.132711531056,4.283473996227258,0.0353341267520105
61524.64329989631,4.282371670327848,0.035601467299389435
61527.15388826156,4.2814873276802246,0.03587705927372713
61529.66447662681,4.280844489745505,0.03616342110162785
61532.17506499206,4.280444168514805,0.03646186433546361
61534.685653357315,4.280270739196567,0.036772387744934416
61537.19624172256,4.2802935183863156,0.037093642551273495
61539.706830087816,4.280476015730528,0.03742400050657427
61542.21741845306,4.2807871456607245,0.03776209798503583
61544.72800681832,4.281199007804389,0.038107494747254875
61547.23859518357,4.2816891813708935,0.0384605427541478
61549.74918354882,4.282239688785921,0.03882120193100352
61552.25977191407,4.282842840933881,0.03918861940681059
61554.77036027932,4.283493428767542,0.03956260612921746
61557.28094864457,4.2841862837994995,0.03994346439427415
61559.79153700982,4.28491639362619,0.04033083445733796
61562.30212537507,4.285682390123839,0.040724359542758895
61564.81271374032,4.286487426987151,0.04112264200689592
61567.32330210557,4.287318856005186,0.04152274382296545
61569.83389047082,4.288162244867635,0.04191987243560614
61572.34447883607,4.289013825458824,0.04230742856928379
61574.85506720132,4.289872470342743,0.042679271470363704
61577.36565556658,4.290737052074292,0.04303014363534701
61579.87624393182,4.291606443227465,0.04335573161975629
61582.38683229708,4.2924795163771705,0.04365268807792223
61584.89742066233,4.293355144102861,0.04391862118232629
61587.40800902758,4.294232198989448,0.044152058740186524
61589.91859739283,4.295108896083548,0.044352169624374174
61592.42918575808,4.295980219874764,0.04451710154214613
61594.93977412333,4.296845774049871,0.044644161949228336
61597.450362488584,4.297711489794892,0.04472991983493315
61599.960950853834,4.298584107258648,0.0447715360210545
61602.471539219085,4.299470366451715,0.04476710062609671
61604.982127584335,4.300377007464704,0.04471566857593296
61607.492715949586,4.3013107704682625,0.04461729233860971
61610.003304314836,4.302278395625763,0.04447303475617568
61612.51389268009,4.303286623195163,0.04428496079342996
61615.024481045344,4.30434219352901,0.044056139067901685
61617.53506941059,4.305451970722061,0.04379059117905817
61620.045657775845,4.306629841597896,0.04349266287651953
61622.556246141095,4.30788873189158,0.043165740230631855
61625.066834506346,4.309224562937743,0.04281217460715139
61627.577422871596,4.310628871855442,0.04243437173336704
61630.08801123685,4.31209297512396,0.04203570610011907
61632.5985996021,4.313608189324441,0.041620599810194704
61635.10918796735,4.315165831132617,0.04119455270741786
61637.6197763326,4.316757217275153,0.04076411927442144
61640.13036469785,4.318373896203411,0.04033679524522135
61642.6409530631,4.320007365357014,0.0399201380035559
61645.15154142835,4.321647275064606,0.03951994476056783
61647.6621297936,4.3232812677451875,0.03914038783459065
61650.17271815885,4.3248928601969965,0.038785514230289
61652.68330652411,4.326462294251542,0.038459447490255164
61655.19389488935,4.327970153783099,0.038166506328023424
61657.70448325461,4.329403183393879,0.037908563151298494
61660.21507161985,4.330762425859575,0.0376834585887748
61662.72565998511,4.332054520826205,0.037486625650967026
61665.23624835036,4.333287925066543,0.03731163396056234
61667.74683671561,4.334470309207973,0.03715188690028991
61670.25742508086,4.335609293062589,0.03700181093184998
61672.76801344611,4.336712701871875,0.03685707175578517
61675.27860181136,4.337793275743024,0.03671445991663361
61677.78919017661,4.338868804668891,0.03657191932582672
61680.29977854186,4.339956295691081,0.036428347207182195
61682.81036690711,4.341071817820193,0.036283658532784584
61685.320955272364,4.3422319978126325,0.03613882383190606
61687.831543637614,4.343454719552483,0.03599354496668442
61690.34213200287,4.34474587043951,0.035845765425390475
61692.852720368115,4.346101804243517,0.035693569173235073
61695.36330873337,4.347510051607969,0.03553578811104728
61697.873897098616,4.348953239445109,0.03537225286080675
61700.384485463874,4.350412798798061,0.035203819012942034
61702.895073829124,4.351868432451738,0.03503233845413823
61705.405662194375,4.353296164888889,0.034860056784653336
61707.916250559625,4.354678699368378,0.03468921171888611
61710.426838924875,4.355996291269548,0.03452077040911188
61712.937427290126,4.357223723171046,0.03435583633454267
61715.44801565538,4.358341067680158,0.03419588621044008
61717.95860402063,4.359351568240527,0.034040055601899676
61720.46919238588,4.360262569898623,0.033886151486904284
61722.97978075113,4.361074660038867,0.03373194345645481
61725.49036911638,4.361780671068118,0.03357537025874917
61728.00095748163,4.362368452246301,0.0334153075855561
61730.51154584688,4.362816033361014,0.03325135088527374
61733.02213421214,4.363098840956809,0.03308421924327484
61735.53272257738,4.36319694010308,0.03291496130085678
61738.04331094264,4.363093763982761,0.032745551666297515
61740.55389930789,4.362772841443075,0.032579317625090864
61743.06448767314,4.36221880892117,0.0324209790552689
61745.57507603839,4.361422102214419,0.03227575959796003
61748.08566440364,4.360390041234496,0.032146356548819505
61750.59625276889,4.359126709838165,0.03203195397271614
61753.10684113414,4.357622147319489,0.031929435769593895
61755.61742949939,4.3558561773679685,0.03183571888738033
61758.12801786464,4.353806278901175,0.0317489425547958
61760.63860622989,4.351453945455432,0.031668523627591365
61763.14919459514,4.348786068480024,0.031594859971359204
61765.65978296039,4.345798732012554,0.031527754743683765
61768.17037132564,4.34249330352759,0.031467286873360506
61770.6809596909,4.338886067213025,0.031413860233176986
61773.191548056144,4.33501097431872,0.0313682665623217
61775.7021364214,4.330907733383356,0.03133172443163178
61778.212724786645,4.326611698517809,0.03130333298091995
61780.7233131519,4.322168883198174,0.031279397290582545
61783.23390151715,4.317620755522512,0.03125524013461106
61785.7444898824,4.313004166993778,0.0312270034296569
61788.255078247654,4.308356150489999,0.03119236785112398
61790.765666612904,4.303714910987765,0.031150343516587926
61793.276254978155,4.299114951005322,0.03110048639398163
61795.786843343405,4.294578431916307,0.03104269215845512
61798.297431708655,4.290123992192093,0.030977757948868697
61800.808020073906,4.285766603497905,0.03090679928842287
61803.31860843916,4.281504879749264,0.030830348262198194
61805.82919680441,4.277320257038809,0.030747963770240735
61808.339785169665,4.273195806599688,0.03065896971094903
61810.85037353491,4.269107118656393,0.030561447568558157
61813.360961900165,4.265019283076981,0.03045367201853573
61815.87155026541,4.2608991382294334,0.03033526199433112
61818.382138630666,4.2567171413393226,0.030206947997244677
61820.89272699592,4.252437682182062,0.03007092402588608
61823.40331536117,4.248020384839037,0.029930706628380124
61825.91390372642,4.243433867406566,0.02978948499568155
61828.42449209167,4.238650338709704,0.02965079946283263
61830.93508045692,4.233656457348843,0.02951832858906561
61833.44566882217,4.22846121423936,0.029394110188854506
61835.95625718742,4.22309188003419,0.029278539151659927
61838.46684555267,4.217594116693363,0.02917120021822354
61840.97743391792,4.212021206156351,0.029070767294482592
61843.48802228317,4.206428799720015,0.028976424547666163
61845.99861064842,4.200873588182731,0.028888520531135133
61848.50919901367,4.195402825775091,0.028807289382487326
61851.01978737893,4.190060135704698,0.028732886431023542
61853.53037574417,4.184885935144848,0.028664893179595013
61856.04096410943,4.1799038285062124,0.028600592831072674
61858.55155247468,4.175120704523579,0.028537244538348952
61861.06214083993,4.170534624994616,0.02847347029943595
61863.57272920518,4.166136010440823,0.02840875792626304
61866.08331757043,4.161914362186508,0.02834298558160766
61868.59390593568,4.157860914245248,0.028277722020417326
61871.10449430093,4.153957096452359,0.028215342704809077
61873.61508266618,4.150172368739732,0.028158600779679445
61876.125671031434,4.146470542735187,0.028111301697997814
61878.636259396684,4.142818344349507,0.028078385839086402
61881.146847761935,4.139183830178808,0.02806630102890213
61883.657436127185,4.135537264352024,0.028083129690131287
61886.168024492436,4.13185513013741,0.0281369082933017
61888.67861285769,4.128116606647382,0.028235334625629948
61891.18920122294,4.124295631379937,0.028384165203802773
61893.699789588194,4.12037035576941,0.02858632289829035
61896.210377953445,4.116330310760532,0.028842029883304903
61898.720966318695,4.112176569818985,0.029149723690800877
61901.231554683945,4.10793334725895,0.029505224751875656
61903.742143049196,4.103628620447125,0.029903850816119314
61906.252731414446,4.099288556462852,0.030341763499905628
61908.7633197797,4.0949405311839655,0.030815018160446232
61911.27390814495,4.090610186060076,0.03131798300037089
61913.7844965102,4.086313876949134,0.03184270531282277
61916.29508487545,4.08206485046685,0.03237976510421136
61918.8056732407,4.0778724021110975,0.03291868430925649
61921.31626160595,4.073740323360653,0.033448759960721
61923.8268499712,4.0696679587981635,0.03396028847343299
61926.33743833646,4.065653823420689,0.034445199770174226
61928.8480267017,4.0616969743769005,0.03489703614627503
61931.35861506696,4.057799032027106,0.035310501373060944
61933.8692034322,4.0539620009258215,0.035681652293067745
61936.37979179746,4.050187860004371,0.03600798360776697
61938.89038016271,4.046481639496051,0.036287741656127706
61941.40096852796,4.042853128907154,0.0365194945350992
61943.91155689321,4.039318711023952,0.03670272091819563
61946.42214525846,4.0358945569823845,0.036838145209176394
61948.93273362371,4.032588755695542,0.03692717210571989
61951.44332198896,4.02940389998912,0.036971500706715565
61953.95391035421,4.026342555229348,0.03697402152484275
61956.46449871946,4.023407373395457,0.036938955213005366
61958.97508708471,4.020603769226,0.036871715031819664
61961.48567544996,4.017934203526238,0.036778225394821396
61963.996263815214,4.015378866548417,0.036663241936682085
61966.506852180464,4.012909045784909,0.036531534638090356
61969.01744054572,4.010503755649552,0.036388215105530794
61971.528028910965,4.008150518937327,0.03623821938609646
61974.03861727622,4.005837598677317,0.03608591459665675
61976.54920564147,4.003563072896213,0.03593452485574591
61979.059794006724,4.001314981927862,0.03578592976390119
61981.570382371974,3.9990783120301785,0.03564096909725543
61984.080970737225,3.996838144114008,0.03550144371063923
61986.591559102475,3.9945786196767585,0.0353702219431795
61989.102147467725,3.9922828432027018,0.03525028605200458
61991.612735832976,3.9899371586798225,0.035144523994829424
61994.123324198226,3.987528438497975,0.035056105958755815
61996.63391256348,3.985046491183425,0.03498867259537887
61999.14450092873,3.982487857887463,0.034945415878827935
62001.65508929398,3.979851050338766,0.03492931934061765
62004.16567765923,3.9771271342760883,0.03494197421516439
62006.676266024486,3.974295674415771,0.034982617167920345
62009.18685438973,3.9713044014642946,0.03504885142379361
62011.69744275499,3.968097795615904,0.0351360015161921
62014.20803112024,3.964623952866532,0.03523872822018319
62016.71861948549,3.9608312607742846,0.03535242355846443
62019.22920785074,3.956668554630596,0.03547348563948015
62021.73979621599,3.9520846927771345,0.03559955937515176
62024.25038458124,3.9470305452123284,0.035729218406197
62026.76097294649,3.941466798481997,0.035860366116603995
62029.27156131174,3.935355034598615,0.03599034741298787
62031.78214967699,3.9286628203553846,0.036115741438434545
62034.29273804224,3.921383982509724,0.03623191813133452
62036.80332640749,3.913529909099452,0.036334285785550854
62039.31391477274,3.905139042530209,0.03641709961515758
62041.82450313799,3.896261617599521,0.03647433425248427
62044.33509150325,3.886948266241234,0.036501219919061925
62046.84567986849,3.877249619399663,0.036494394702852574
62049.35626823375,3.8672163072042167,0.03645195866236526
62051.866856598994,3.8568989576306194,0.03637340068331897
62054.37744496425,3.8463477679761127,0.03625883989043402
62056.8880333295,3.8356141828699037,0.03610906895427868
62059.39862169475,3.824759492301382,0.03592535402557953
62061.90921006,3.81385060492903,0.035709804550427396
62064.41979842525,3.8029545828467235,0.035465910937881144
62066.930386790504,3.7921384783112444,0.03519849302329522
62069.440975155754,3.7814680176088586,0.03491278813159918
62071.951563521005,3.771001322660595,0.03461200360608908
62074.462151886255,3.76079576779739,0.03429814552746301
62076.972740251505,3.750904851651285,0.0339730762452966
62079.483328616756,3.7413740669144318,0.033639014181192174
62081.993916982006,3.7322483155003283,0.033299451492514905
62084.50450534726,3.723570956644835,0.032959097638290163
62087.015093712514,3.715373383136466,0.03262268165925146
62089.52568207776,3.7076893601042684,0.032294186750450475
62092.036270443015,3.7005625380552374,0.03197615331312308
62094.546858808266,3.6940386537171435,0.03167130692179847
62097.057447173516,3.6881636301986873,0.03138310277309424
62099.56803553877,3.682973862007202,0.031115218231340284
62102.07862390402,3.6784778571354764,0.030868825729161387
62104.58921226927,3.6746752467151964,0.030643055024246635
62107.09980063452,3.671562140516471,0.030436033204622924
62109.61038899977,3.6691316409705905,0.030245771002884357
62112.12097736502,3.6673686056165025,0.03007121854918056
62114.63156573027,3.666254239404225,0.02991234733959869
62117.14215409552,3.6657729207072407,0.029769832982412807
62119.65274246077,3.6658984506793786,0.029643282326508976
62122.16333082602,3.666592466062866,0.029530839544554658
62124.67391919128,3.6678264357324224,0.029429944455929873
62127.18450755652,3.6695715303940233,0.02933851963927184
62129.69509592178,3.671796206792351,0.029255229000216345
62132.20568428703,3.6744607500731945,0.029178415522180836
62134.71627265228,3.6775157141382806,0.029107060583296637
62137.22686101753,3.680906874651555,0.029041191618871216
62139.73744938278,3.684576010040473,0.028981976718949046
62142.24803774803,3.688458815042395,0.028930435722523608
62144.75862611328,3.6924879907164723,0.02888638333506265
62147.26921447853,3.696599474060349,0.028849080759342456
62149.77980284378,3.7007518516220443,0.02881752528998924
62152.29039120903,3.704927407707146,0.02879113317984598
62154.800979574284,3.7091271567478543,0.028769029726381547
62157.311567939534,3.7133541374932975,0.02874951167693936
62159.822156304785,3.717598461342277,0.028729915162841953
62162.33274467004,3.7218373786236043,0.028705360495387345
62164.843333035285,3.7260588394128717,0.0286702714597217
62167.35392140054,3.7302377610176336,0.028619485945172798
62169.864509765786,3.73433508555172,0.02854887865814965
62172.375098131044,3.7383012622012757,0.028455127462866228
62174.885686496295,3.742083297111094,0.028335783955799426
62177.396274861545,3.745628202916123,0.028189640918046863
62179.906863226795,3.748876647063298,0.02801613754799657
62182.417451592046,3.751772647316102,0.027814920095215624
62184.928039957296,3.7542455118964426,0.027584377759602433
62187.43862832255,3.7562048455001786,0.027321443001284067
62189.9492166878,3.757554719108157,0.027023246647404894
62192.45980505305,3.758193798305001,0.026688054375141997
62194.9703934183,3.75802764960099,0.02631579723432357
62197.48098178355,3.756976837699767,0.025907740580665795
62199.9915701488,3.754975989490049,0.025467085444486507
62202.50215851405,3.7519996853807243,0.024998801113127033
62205.01274687931,3.748048914834726,0.024509860885668304
62207.52333524455,3.7431235816620756,0.024009724742152433
62210.03392360981,3.7372378190630116,0.023509429848653004
62212.54451197506,3.730435699573718,0.02302146821037724
62215.05510034031,3.722797160386108,0.022558753707411235
62217.56568870556,3.714421220938675,0.022134783892269742
62220.07627707081,3.705416321987286,0.02176367017167764
62222.58686543606,3.6959089086740278,0.021456229069982888
62225.09745380131,3.686015813029371,0.02122058660761355
62227.60804216656,3.6758397019002587,0.021062434970447137
62230.11863053181,3.665481007890776,0.020986979045514262
62232.62921889706,3.655029965506401,0.021000787997969218
62235.13980726231,3.644567949930206,0.021111648657896116
62237.65039562756,3.6341791673912667,0.021323422072611422
62240.16098399281,3.623932884336682,0.021631431622370686
62242.67157235807,3.613894506757788,0.022023567564737407
62245.182160723314,3.6040892307573813,0.02248050841739054
62247.69274908857,3.5945242275433884,0.02298080534778812
62250.20333745382,3.5852018026321275,0.02350396600193232
62252.71392581907,3.5761227295938625,0.024032853534065306
62255.22451418432,3.5672885490021145,0.02455411045103716
62257.735102549574,3.558705303745228,0.0250577341454691
62260.245690914824,3.5503787392262893,0.025535588886466922
62262.756279280075,3.5423174780298723,0.025980753350996318
62265.266867645325,3.534532581023086,0.026387977993616092
62267.777456010575,3.5270437969302293,0.026753356157039086
62270.288044375826,3.5198602191812824,0.027074143537310726
62272.798632741076,3.5129940776087096,0.02734883011724955
62275.30922110633,3.5064588440654916,0.027577465946312284
62277.81980947158,3.5002570766500867,0.02776148856217018
62280.330397836835,3.494388011051342,0.02790395905694734
62282.84098620208,3.4888591405106126,0.028008707846606154
62285.351574567336,3.483682084843167,0.028078765131262794
62287.86216293258,3.478845990553964,0.028116993869049436
62290.37275129784,3.474303206196055,0.02812535508466063
62292.88333966309,3.4699656481388956,0.02810448428801337
62295.39392802834,3.4657293610507622,0.028055543712820215
62297.90451639359,3.4614946540095843,0.02798128587978837
62300.41510475884,3.457168644235935,0.027885586673198622
62302.92569312409,3.452662156894803,0.027773983881938483
62305.43628148934,3.447880592662841,0.02765366857361547
62307.94686985459,3.4427177745383233,0.027532393542759572
62310.45745821984,3.4370666447794065,0.027419052353368646
62312.96804658509,3.4308089800179005,0.027323764346841046
62315.47863495034,3.4238233930664137,0.02725740237677937
62317.9892233156,3.416012832778506,0.02722936810104528
62320.49981168084,3.4072955878218636,0.027247316571047835
62323.0104000461,3.397598948213272,0.02731748527031939
62325.52098841134,3.386863714957144,0.027445521871610642
62328.0315767766,3.3750473848049296,0.027637044939035002
62330.54216514185,3.362131486137514,0.027897013777124335
62333.0527535071,3.3481151925693666,0.028227012056016503
62335.56334187235,3.3330007374752313,0.02862090271804506
62338.0739302376,3.3168202376691625,0.029066748853315144
62340.58451860285,3.299659150186926,0.02954771383137259
62343.0951069681,3.281617789529264,0.030046342833591987
62345.605695333354,3.262796748080291,0.030547020025220455
62348.116283698604,3.243296615430154,0.031036378202214446
62350.626872063855,3.2232179804705083,0.03150348749123466
62353.137460429105,3.202661431161687,0.031939918034371115
62355.648048794355,3.181727553717792,0.03233972772563121
62358.158637159606,3.1605169327231124,0.03269940654025334
62360.66922552486,3.139130154508166,0.03301776189372011
62363.17981389011,3.117666809237562,0.033295753800892954
62365.690402255364,3.0962154073058628,0.03353577158688806
62368.200990620615,3.0748575265170075,0.03374175059217335
62370.711578985865,3.053673020505812,0.033919333887082785
62373.222167351116,3.0327260076301172,0.034074718309694635
62375.732755716366,3.01206917851232,0.034214112379610626
62378.24334408162,2.9917591845151037,0.03434401958980194
62380.75393244687,2.971854622766841,0.03447033598203314
62383.26452081212,2.9524119953857735,0.034598243736162854
62385.77510917737,2.9334828479913995,0.03473294544481577
62388.28569754262,2.915118298817106,0.03488010083897474
62390.79628590787,2.8973581385544094,0.03504551892845823
62393.30687427312,2.880211235911702,0.03523382099572784
62395.81746263837,2.863681651710067,0.0354468091924199
62398.32805100363,2.8477787869342137,0.03568262311030102
62400.83863936887,2.8324868652998703,0.035935702461477495
62403.34922773413,2.8177818723925157,0.036198559405181074
62405.85981609937,2.8036404935555765,0.03646413323024406
62408.37040446463,2.7900413879397092,0.03672648697680763
62410.88099282988,2.7769696911564097,0.036980911225565787
62413.39158119513,2.764411906056921,0.037224108904522164
62415.90216956038,2.7523537860251963,0.0374542377226512
62418.41275792563,2.7407783756934805,0.03767067366001348
62420.92334629088,2.7296678016282385,0.03787408453702799
62423.43393465613,2.7190041548310546,0.03806649899469589
62425.94452302138,2.7087681379634887,0.03825113175087826
62428.45511138663,2.698930822109105,0.03843170311765457
62430.96569975188,2.6894508886907715,0.038611718624519266
62433.476288117134,2.68028291745577,0.038794612064749
62435.98687648239,2.6713706431910396,0.038981086059320165
62438.497464847635,2.6626638845773414,0.0391684868295229
62441.00805321289,2.65412406224641,0.03935291925388292
62443.518641578135,2.6457166157197207,0.03953037665977292
62446.02922994339,2.637411497271387,0.03969741742373122
62448.53981830864,2.6291815383010544,0.03985053191553996
62451.050406673894,2.6210015444958117,0.03998487778393634
62453.560995039144,2.6128451058175415,0.040095812312168584
62456.071583404395,2.6046834026637953,0.0401790928131218
62458.582171769645,2.5964877485093893,0.04023138955391089
62461.092760134896,2.5882357672671787,0.04025018280831529
62463.603348500146,2.5799120220617624,0.040233497051448706
62466.1139368654,2.5715046221303055,0.040179924838773556
62468.62452523065,2.5630012930487283,0.040089022722042136
62471.1351135959,2.5543902823192184,0.03996111723194916
62473.64570196115,2.5456606628504233,0.03979751791270734
62476.1562903264,2.53680197144422,0.0396006765124306
62478.666878691656,2.5278060346390703,0.03937365193144219
62481.1774670569,2.5186678206155193,0.03911968717074966
62483.68805542216,2.5093799186724937,0.038842164422133
62486.19864378741,2.499931617112452,0.03854495660006858
62488.70923215266,2.4903150929749245,0.038232911907839055
62491.21982051791,2.480524435723055,0.0379118664407002
62493.73040888316,2.470554029559935,0.037588785959464126
62496.24099724841,2.4604026165616233,0.03727120617942473
62498.75158561366,2.4500808391021565,0.03696665690940591
62501.26217397891,2.439623295387719,0.03668178082937218
62503.77276234416,2.4290736750263022,0.0364227978863931
62506.28335070941,2.418471853212395,0.03619392887518296
62508.79393907466,2.407831059914315,0.03599584657292994
62511.30452743991,2.397153935962706,0.0358255663708921
62513.81511580516,2.3864228511520196,0.035676741412179684
62516.32570417042,2.375609301205259,0.03554229227022226
62518.83629253566,2.364685739768902,0.03541529157011359
62521.34688090092,2.353627182164928,0.035289643629945175
62523.85746926617,2.342412872138084,0.03516001491244598
62526.36805763142,2.3310254128118686,0.03502138241882636
62528.87864599667,2.319454872082133,0.034868834313579046
62531.38923436192,2.3077042491349857,0.03469731812770162
62533.89982272717,2.2957851739483885,0.034502517860378015
62536.41041109242,2.2837177717883606,0.034280340116120196
62538.920999457674,2.2715188936854247,0.034027506640845334
62541.431587822924,2.2592081483162474,0.03374198987218191
62543.942176188175,2.2468094295763876,0.03342332408515846
62546.452764553425,2.2343496608373243,0.033072696891439185
62548.963352918676,2.2218618214246817,0.03269292606967188
62551.473941283926,2.2093837996944785,0.03228808376248238
62553.984529649184,2.196964555128943,0.03186247023574749
62556.49511801443,2.184659257531166,0.03142131540561531
62559.005706379685,2.17252809216734,0.030971133899352608
62561.51629474493,2.1606348615023308,0.030519863451012434
62564.026883110186,2.149046170990914,0.030076972860056447
62566.537471475436,2.137830115039833,0.029653171622366737
62569.04805984069,2.127065991051495,0.02925758513841392
62571.55864820594,2.1168219529208727,0.0288961280811246
62574.06923657119,2.107133799639996,0.028572850954520636
62576.57982493644,2.0979894883348607,0.028290608804720018
62579.09041330169,2.0893549519532826,0.02805191748162715
62581.60100166694,2.0811959850543644,0.02785806077713798
62584.11159003219,2.073468846094329,0.027709243721626742
62586.62217839744,2.0661180321476422,0.027604273023385393
62589.13276676269,2.059077606361825,0.02753955094170472
62591.64335512794,2.0522798681631684,0.02750985683249031
62594.15394349319,2.045661585056223,0.0275103957349685
62596.66453185845,2.0391629068471957,0.02753734729506749
62599.17512022369,2.032731530518504,0.027587054268166877
62601.68570858895,2.026328813517466,0.02765530308404887
62604.1962969542,2.0199349258255097,0.02773678810884881
62606.70688531945,2.013541244152293,0.027825876465459243
62609.2174736847,2.0071420336171286,0.02791635321749438
62611.72806204995,2.0007180476968642,0.028001848606915028
62614.2386504152,1.9942369429918472,0.028076970373546808
62616.74923878045,1.9876674756378634,0.028137992805013317
62619.2598271457,1.980986690374266,0.028182999131582526
62621.77041551095,1.9741820946946973,0.028211805887326784
62624.2810038762,1.9672480796944,0.028225630040186227
62626.791592241454,1.960175844549667,0.028226509209919176
62629.302180606704,1.952949934580829,0.028217823620168
62631.812768971955,1.945549870535615,0.028203544629620804
62634.32335733721,1.937950046849437,0.028187426069096227
62636.833945702456,1.930134589165391,0.028173340266773983
62639.34453406771,1.922092061213334,0.02816605295885048
62641.855122432964,1.9138068110769382,0.02817101917665625
62644.365710798214,1.9052660303423181,0.028193630012800775
62646.876299163465,1.896449626739468,0.02823768811716298
62649.386887528715,1.8873484224895947,0.02830405156902022
62651.897475893966,1.8779455550247803,0.028390865786220854
62654.408064259216,1.8682253833248978,0.0284930041651898
62656.91865262447,1.8581964826444164,0.028603348817548266
62659.42924098972,1.8478717353427783,0.028715833041085985
62661.93982935497,1.837268513525487,0.028825548675557526
62664.45041772022,1.8264093403267907,0.02892917808443362
62666.96100608547,1.815314504696289,0.029025230083000394
62669.47159445072,1.8040019311447395,0.029113648772434404
62671.98218281598,1.7924868168483954,0.029195202962727027
62674.49277118122,1.7807796327979304,0.029271518518686302
62677.00335954648,1.7688930638250895,0.029344630301356905
62679.51394791172,1.7568449086102191,0.029415314188232768
62682.02453627698,1.7446551915199962,0.029484490812031795
62684.53512464223,1.732343549010693,0.029553881047006344
62687.04571300748,1.719927831145469,0.02962489893449538
62689.55630137273,1.7074203194497386,0.0296979189355376
62692.06688973798,1.6948368471930735,0.029772254598043085
62694.57747810323,1.6822037424135488,0.02984663601424054
62697.08806646848,1.6695594535558484,0.029920277975801622
62699.59865483373,1.6569441136380192,0.029992605062473796
62702.10924319898,1.64439655613387,0.030064019489833976
62704.61983156423,1.6319627098273486,0.030135271497993523
62707.13041992948,1.6196974928316195,0.030205512442753983
62709.64100829473,1.607638587243855,0.030271868368562847
62712.15159665998,1.5958013458293863,0.030329923381502248
62714.66218502524,1.5842005999729736,0.030375735934981787
62717.172773390485,1.5728475598589284,0.030406662086453543
62719.68336175574,1.5617314185510622,0.030420224848421207
62722.19395012099,1.5508292620943394,0.03041312473291398
62724.70453848624,1.5401166990050115,0.030382115027844797
62727.21512685149,1.5295739878201857,0.030324019787591756
62729.725715216744,1.5191892210714286,0.030236176294024326
62732.236303581994,1.508957503383499,0.030117324030053436
62734.746891947245,1.4988762313904544,0.029967762571216035
62737.257480312495,1.4889447639862965,0.02978879768856196
62739.768068677746,1.4791632169354898,0.029583363452487164
62742.278657042996,1.469532100003562,0.029356665494693478
62744.78924540825,1.460054379880603,0.029115664118472856
62747.2998337735,1.4507338722542045,0.028868855757379016
62749.81042213875,1.4415739133655734,0.02862684481376842
62752.321010504005,1.4325778366692248,0.02840232469962518
62754.83159886925,1.4237432119552977,0.02820915329932142
62757.342187234506,1.4150405381515156,0.02805810847067178
62759.85277559976,1.406424974789843,0.02795435223762432
62762.36336396501,1.397849164204672,0.027899483706381456
62764.87395233026,1.389268260798417,0.0278934796485412
62767.38454069551,1.3806425888615195,0.02793628069590019
62769.89512906076,1.3719357308000326,0.028028754130716177
62772.40571742601,1.3631107124383561,0.028171589555894088
62774.91630579126,1.3541133193066344,0.02836120956769528
62777.42689415651,1.3448950907331891,0.028590593317962237
62779.93748252176,1.3354018191457726,0.028849148182435468
62782.44807088701,1.3255783240892924,0.029123967777354206
62784.95865925226,1.3153733222279698,0.029403237937647476
62787.46924761751,1.3047342083300464,0.029676958419814017
62789.97983598277,1.2936128337896662,0.029936773103847063
62792.49042434801,1.2819835766858887,0.03017541968128446
62795.00101271327,1.269843844434945,0.030386986963407553
62797.51160107851,1.257204904963146,0.03056682718515565
62800.02218944377,1.2440776141374954,0.03071223159834382
62802.53277780902,1.2304731652402552,0.03082218994469922
62805.04336617427,1.2164086454868084,0.03089700853552112
62807.55395453952,1.2019077591248788,0.030937871790712945
62810.06454290477,1.18700235983124,0.030946645399518833
62812.57513127002,1.1717415898747277,0.03092580860463993
62815.08571963527,1.1561755146831274,0.030879059577774443
62817.596308000524,1.1403510204982013,0.03081146574031112
62820.106896365774,1.1243218833697028,0.030728763681950683
62822.617484731025,1.1081503494060598,0.030635995444588986
62825.128073096275,1.0919069345691241,0.030536272050053635
62827.63866146153,1.0756768580758944,0.03043090442072152
62830.149249826776,1.059547295968514,0.030321121991014385
62832.659838192034,1.0435984917567112,0.030207441760455
62835.17042655728,1.027897332329303,0.03008879833435281
62837.681014922535,1.0124995245714672,0.029963621972383562
62840.191603287785,0.9974589218618348,0.029830905896077908
62842.702191653036,0.9828356773941778,0.029690440419669947
62845.212780018286,0.9686918530496769,0.029543054159166426
62847.72336838354,0.9550893486011773,0.029389795369578992
62850.23395674879,0.9420862732222304,0.02923145389148051
62852.74454511404,0.9297407430567546,0.02906868930688462
62855.25513347929,0.9180918851343449,0.028901978619070182
62857.76572184454,0.9071612810948864,0.02873164020014402
62860.27631020979,0.8969750033138553,0.028558907712001837
62862.78689857504,0.8875591321557295,0.028385393822215426
62865.29748694029,0.8789076011162251,0.02821215655797999
62867.80807530554,0.8709972454817034,0.028040010187762626
62870.3186636708,0.8638066495404928,0.02787100956186738
62872.82925203604,0.8573236831507529,0.02770851691601889
62875.3398404013,0.8515456010936759,0.027557295527311534
62877.85042876655,0.8464862563123461,0.027421916130001514
62880.3610171318,0.8421473919661366,0.027304824499270533
62882.87160549705,0.8385177806194406,0.027207365027944505
62885.3821938623,0.8355825513563104,0.027130060216290056
62887.89278222755,0.8333336757204961,0.02707287485776223
62890.4033705928,0.8317570797516964,0.02703413160276666
62892.91395895805,0.8307910027797334,0.027008842092982665
62895.4245473233,0.8303487201919779,0.026990886026578793
62897.93513568855,0.8303248109295964,0.026974582390626594
62900.4457240538,0.8305903155123815,0.026955174445289408
62902.95631241905,0.831006312277168,0.02692976883241886
62905.466900784304,0.8314326347317547,0.026897287476386266
62907.97748914956,0.831726431264542,0.026857145152393645
62910.488077514805,0.8317489774199203,0.026808938363487536
62912.99866588006,0.8313825353980064,0.02675268801104065
62915.509254245306,0.8305074457312003,0.026689094493815884
62918.01984261056,0.8290128009393811,0.026619154124230566
62920.530430975814,0.8267941169906408,0.02654420424275464
62923.041019341064,0.8237458830117248,0.026466771101330992
62925.551607706315,0.8197735634457786,0.026390508123896896
62928.062196071565,0.8148267418255273,0.02631840914861536
62930.572784436816,0.8088851240172517,0.026252634735391942
62933.083372802066,0.8019524500705302,0.02619557267855565
62935.59396116732,0.7940522931021405,0.026149708803175766
62938.10454953257,0.7852029584246338,0.026118242631134325
62940.61513789782,0.7754108655499294,0.026104903404464957
62943.12572626307,0.764671016484499,0.026110286353791888
62945.636314628326,0.7529997311066836,0.026131354523517673
62948.14690299357,0.7404536857502535,0.02616349298949878
62950.65749135883,0.7271604234119877,0.026200922024895584
62953.16807972407,0.7132682440569624,0.026239289031947974
62955.67866808933,0.6989251276245341,0.02627634680562849
62958.18925645458,0.6842614758061245,0.0263103391115432
62960.69984481983,0.6693890143651515,0.026339809635366748
62963.21043318508,0.6544190228451043,0.02636437533039107
62965.72102155033,0.6394609280396253,0.02638521424247046
62968.23160991558,0.6246293713338673,0.026405378800452142
62970.74219828083,0.6100471724930685,0.026429670873718936
62973.25278664608,0.5958143217721954,0.026463048100275284
62975.76337501133,0.5819762252504006,0.026507881239839975
62978.27396337658,0.5685715877771145,0.026565198088251515
62980.78455174183,0.5556170022246079,0.026634523118790367
62983.29514010708,0.5431229055684526,0.026715941622919858
62985.80572847233,0.5311066957801813,0.026810859452484147
62988.31631683759,0.5195897107896599,0.026921040941180124
62990.82690520283,0.5085834607234574,0.027048841430488704
62993.33749356809,0.4980890519291279,0.027197867626670914
62995.84808193334,0.48811210171697894,0.02737316987669563
62998.35867029859,0.47866487738792785,0.027580580490636792
63000.86925866384,0.4697644708721782,0.027825210061140686
63003.37984702909,0.4614230728147959,0.028110427212854137
63005.89043539434,0.4536407320389344,0.028437573199966804
63008.401023759594,0.44641879666824025,0.028806487974402096
63010.911612124844,0.43975907048297813,0.029216070173647087
63013.422200490095,0.43365909211570397,0.029666140387017606
63015.932788855345,0.4281024502706714,0.030157653404499628
63018.443377220596,0.42306557507254183,0.03069218816395911
63020.953965585846,0.41852085446589626,0.0312712767145443
63023.4645539511,0.4144321138446685,0.031895682164422
63025.975142316354,0.410766705244896,0.03256553244171309
63028.4857306816,0.4074988889042288,0.033281007274857714
63030.996319046855,0.4046055411163252,0.03404210475381398
63033.506907412106,0.402054971375037,0.03484745887267771
63036.017495777356,0.3998136883310508,0.03569445894422273
63038.52808414261,0.3978466998669319,0.03657692223203773
63041.03867250786,0.3961213959264569,0.03748562647952588
63043.54926087311,0.3946061936148908,0.03840952835155995
63046.05984923836,0.39327492198208347,0.039336008028941015
63048.57043760361,0.3921031476347707,0.040253114591977265
63051.08102596886,0.3910664381692186,0.04115000494655434
63053.59161433411,0.3901404909265693,0.04201697419326457
63056.10220269936,0.3893042631316348,0.04284498583629277
63058.61279106461,0.3885421650338685,0.043625540265377946
63061.12337942986,0.3878444179354119,0.044351019280539764
63063.63396779512,0.3872022140058107,0.04501484759185668
63066.14455616036,0.3866067456183373,0.0456114948407618
63068.65514452562,0.3860492051462643,0.04613643440616159
63071.16573289086,0.38552078509383136,0.046586101474330156
63073.67632125612,0.3850126780307619,0.0469578519631839
63076.18690962137,0.38451607659226283,0.047249926622135154
63078.69749798662,0.38402217660768656,0.047461412307240276
63081.20808635187,0.38352291395131033,0.047592180666103504
63083.71867471712,0.3830121220817091,0.04764278936358132
63086.22926308237,0.38248401278906385,0.047614280350844564
63088.73985144762,0.3819327477540355,0.04750828317289625
63091.25043981287,0.3813544865770382,0.047327061152481066
63093.76102817812,0.3807462779150228,0.0470730253523831
63096.271616543374,0.38010458062490216,0.04674850815702495
63098.782204908624,0.3794277847628109,0.04635624046643623
63101.292793273875,0.37871458534209523,0.04589929930586747
63103.803381639125,0.3779608251352329,0.0453812271628461
63106.31397000438,0.3771567525982391,0.044806076820174415
63108.824558369626,0.37628883906290866,0.04417847546693739
63111.335146734884,0.37533790146699175,0.043503338400523915
63113.845735100134,0.37428361107595265,0.0427863267853602
63116.356323465385,0.37310631811851636,0.04203340501944024
63118.866911830635,0.3717881483316887,0.0412510200765058
63121.377500195886,0.370311404185486,0.0404466067866406
63123.888088561136,0.3686593233724125,0.039628206893512624
63126.39867692639,0.36681614455301315,0.03880354747390538
63128.90926529164,0.36476165377825964,0.0379801604279954
63131.41985365689,0.36247514307615347,0.03716477503636683
63133.93044202214,0.3599366197886411,0.036363929281195986
63136.44103038739,0.35711760164122097,0.035584353861055774
63138.95161875264,0.35398814237851184,0.03483284718348811
63141.46220711789,0.35052540196920745,0.0341158202025405
63143.97279548315,0.34671175950643374,0.033440252815149805
63146.48338384839,0.3425365097136819,0.032813175703984974
63148.99397221365,0.33800486852851463,0.032240822785611474
63151.5045605789,0.33312889336957596,0.031728301255330715
63154.01514894415,0.3279233951907372,0.03127813712608611
63156.5257373094,0.3224001622002106,0.030890798850119916
63159.03632567465,0.31657431201892905,0.03056454026740009
63161.5469140399,0.31047537905396894,0.03029488376774349
63164.05750240515,0.30414663365809247,0.030076983450285824
63166.5680907704,0.2976365184877068,0.029906700863349185
63169.07867913565,0.2910010943887755,0.02978048975796045
63171.5892675009,0.2842983079026453,0.02969549641963199
63174.09985586615,0.277586602489464,0.029650548134361094
63176.6104442314,0.27093100565252826,0.029645446205999532
63179.12103259665,0.2644031321397051,0.029680089467180953
63181.63162096191,0.2580644193221815,0.02975296616629704
63184.142209327154,0.2519617482321337,0.029859556519955418
63186.65279769241,0.24612471714499407,0.029994424793886604
63189.163386057655,0.24057227496814448,0.030151594502876793
63191.67397442291,0.23531863731477642,0.030324572572444
63194.18456278816,0.23037547273997916,0.03050796496239971
63196.69515115341,0.22575164304180362,0.030697451124161917
63199.205739518664,0.2214520065213037,0.0308897106296559
63201.716327883914,0.21747747007611906,0.031082694759200814
63204.226916249165,0.2138273471937282,0.031274371759124585
63206.737504614415,0.21049500184017234,0.03146163837561974
63209.248092979666,0.20746391033753753,0.03164143486196158
63211.758681344916,0.20471583036123775,0.03180980854012261
63214.26926971017,0.202225458342582,0.03196066447175545
63216.77985807542,0.19995395578735042,0.032087376284827836
63219.29044644067,0.19787484568951186,0.03218279230602777
63221.80103480592,0.19597131203045137,0.03224065354455403
63224.311623171176,0.1942275777546456,0.032255937095990034
63226.82221153642,0.19263179525296437,0.0322248339983207
63229.33279990168,0.19117679333066917,0.03214485201960373
63231.84338826693,0.1898552744605695,0.032014806623195016
63234.35397663218,0.18865663070755545,0.031833367684141516
63236.86456499743,0.18756839730485808,0.03159949774526726
63239.37515336268,0.1865750745200785,0.03131326541374992
63241.88574172793,0.1856587325455621,0.0309748685795433
63244.39633009318,0.1848062993158237,0.030584940238614064
63246.90691845843,0.1840214316980564,0.03014471412284957
63249.41750682368,0.18331290454807458,0.029656547836475453
63251.92809518893,0.182689724402735,0.029124507943515322
63254.43868355418,0.1821609961480135,0.028554550072296
63256.94927191943,0.18173582780582365,0.02795478098964688
63259.45986028468,0.18142354879819322,0.027335360001441593
63261.97044864994,0.18122468754881993,0.026706265241438112
63264.48103701518,0.18111991853220388,0.026076102153000536
63266.99162538044,0.1810858218523208,0.025453390096142288
63269.50221374569,0.18110287557647098,0.024847210412637204
63272.01280211094,0.18115385131386574,0.02426778740188382
63274.52339047619,0.18121997438720427,0.02372752368737615
63277.03397884144,0.18129291635705158,0.023239371730669336
63279.54456720669,0.18140391865745187,0.022812271291891752
63282.05515557194,0.18159967919928022,0.022452288718599934
63284.56574393719,0.18191960144758923,0.02216051284019681
63287.076332302444,0.18238259640929755,0.021935212655296056
63289.586920667694,0.18299868784379214,0.02177532850017396
63292.097509032945,0.18376674354658462,0.021680165241402174
63294.608097398195,0.18466717909905128,0.021649697048445955
63297.118685763446,0.1856798723238171,0.021685523578866404
63299.6292741287,0.18679506050466443,0.021789084946719037
63302.13986249395,0.1880073059874121,0.02195953224621494
63304.650450859204,0.18931020362651907,0.02219526351598072
63307.16103922445,0.1907023724343162,0.022492237281974647
63309.671627589705,0.19215785444248468,0.022843802856347652
63312.182215954956,0.19363858574070036,0.023243107684934886
63314.692804320206,0.19508235855028033,0.02368222387058167
63317.20339268546,0.19642446929356083,0.02415398917669884
63319.71398105071,0.1976100715692155,0.024653750047775518
63322.22456941596,0.19860491988947615,0.025178884583494956
63324.73515778121,0.19939433554554853,0.025729239867303064
63327.24574614646,0.19997355061059352,0.02630730753868626
63329.75633451171,0.20033714598685037,0.026916944306297288
63332.26692287696,0.20047301187878475,0.027562405716488884
63334.77751124221,0.20036699197953567,0.028248325201306008
63337.28809960747,0.20004188985330984,0.02897718189911779
63339.79868797271,0.1995607468415983,0.02974978580851112
63342.30927633797,0.19899001374142244,0.03056634204294008
63344.81986470321,0.19838438797160052,0.03142656848779345
63347.33045306847,0.19778897041396704,0.03233090721755457
63349.84104143372,0.19722853790881345,0.033279221771654786
63352.35162979897,0.19670826790388674,0.034270869304748215
63354.86221816422,0.19622284765500808,0.03530532757020184
63357.37280652947,0.1957655900841928,0.03638251423722042
63359.88339489472,0.1953296047868207,0.03750310525547728
63362.39398325997,0.19490777184182662,0.038668309265399596
63364.90457162522,0.19449216082284693,0.03987680137570276
63367.41515999047,0.1940697077079676,0.04112295549180568
63369.92574835572,0.19362276773790654,0.04239811483712867
63372.43633672097,0.19314652585853764,0.0436905188646764
63374.946925086224,0.19264006628873176,0.044988180684653614
63377.457513451474,0.1921025067294977,0.046279886870726795
63379.96810181673,0.19153296482272708,0.04755529073119984
63382.478690181975,0.19093055812936655,0.04880495599672827
63384.98927854723,0.1902944041394221,0.05002034968353344
63387.49986691248,0.1896236202746877,0.05119384076151693
63390.010455277734,0.18891732387510274,0.05231866075185136
63392.521043642984,0.18817463220239006,0.05338888086584767
63395.031632008235,0.187394662436418,0.05439936284402768
63397.542220373485,0.1865765316742909,0.05534572965963916
63400.052808738736,0.18571935693762498,0.0562243249266257
63402.563397103986,0.18482225514162565,0.0570321820814452
63405.07398546924,0.18388434313237667,0.05776699283531248
63407.58457383449,0.18290473765409843,0.058427081909426255
63410.09516219974,0.18188255536733777,0.05901138229883167
63412.60575056499,0.18081691282714019,0.05951941978392109
63415.11633893024,0.17970692650396813,0.05995128444644656
63417.626927295496,0.1785517127618732,0.06030762252411611
63420.13751566074,0.17735045819426887,0.060589576331259706
63422.648104026,0.17610469567443943,0.06079833097006313
63425.15869239124,0.17481868862887495,0.06093529876517735
63427.6692807565,0.17349685629596934,0.061002418086825834
63430.17986912175,0.17214361789956456,0.06100216297848194
63432.690457487,0.17076339257255313,0.06093755171750343
63435.20104585225,0.1693605443360866,0.060812140972496494
63437.7116342175,0.16793731153620683,0.06062975622088919
63440.22222258275,0.1664931783270731,0.06039443044346691
63442.732810948,0.16502744550780335,0.06011072158361004
63445.24339931325,0.16353941382703852,0.05978374454224583
63447.7539876785,0.16202838399021857,0.059419157417291285
63450.26457604375,0.16049398732707232,0.059023093555275706
63452.775164409,0.15893752593910904,0.058601550457419875
63455.28575277426,0.15736297334660776,0.05815983836529762
63457.7963411395,0.1557790200895397,0.057702831952475366
63460.30692950476,0.1541978238237789,0.05723470111322008
63462.817517870004,0.1526319155236706,0.05675988659093252
63465.32810623526,0.15109373162704287,0.05628333573464373
63467.83869460051,0.149591602057626,0.055810007267534205
63470.34928296576,0.14812798743878375,0.05534466470462572
63472.85987133101,0.14670374120760243,0.05489235545381552
63475.37045969626,0.14531802205965505,0.054457864739502766
63477.881048061514,0.14397386698328773,0.05404596311431785
63480.391636426764,0.14267484577612777,0.053661782933347654
63482.902224792015,0.14142184452794027,0.05331034493625332
63485.412813157265,0.14020857102877926,0.05299556741915376
63487.923401522516,0.13903438416309655,0.052719264264871855
63490.433989887766,0.1379147808329435,0.05248108760051799
63492.94457825302,0.1368684970366303,0.05228035655527203
63495.45516661827,0.1359154175443109,0.05211629222917482
63497.965754983525,0.1350737777829636,0.05198806303189122
63500.47634334877,0.1343594851641683,0.05189469736290057
63502.986931714026,0.13378827941778582,0.05183532241262991
63505.497520079276,0.13337307576148305,0.05180859219793609
63508.00810844453,0.1331220745414612,0.05181300079699993
63510.51869680978,0.13304410138516687,0.05184608006944152
63513.02928517503,0.13314770862780279,0.051903893707483766
63515.53987354028,0.13344098108154867,0.05198171361765892
63518.05046190553,0.13392700601252727,0.05207364345041062
63520.56105027078,0.1346044740275829,0.05217307942636952
63523.07163863603,0.13546784593199845,0.05227343689024118
63525.58222700128,0.1365081495096092,0.05236833636014924
63528.09281536653,0.1377163081051549,0.052452075359494824
63530.60340373178,0.13908324520889437,0.05251966835868368
63533.11399209703,0.14059988478402374,0.052566858732518366
63535.62458046229,0.1422571511429851,0.052590112950233525
63538.13516882753,0.14404582980205305,0.05258639904677163
63540.64575719279,0.14594696057611145,0.05255133671190679
63543.15634555804,0.14793407250544988,0.05247949583279098
63545.66693392329,0.14998506345727947,0.05236557711338465
63548.17752228854,0.1520784417516552,0.05220496849074519
63550.68811065379,0.15419271557766479,0.051993864192151094
63553.19869901904,0.15630639337177854,0.051729294031712225
63555.70928738429,0.15839798354136292,0.05140915488677683
63558.21987574954,0.16044599418819416,0.05103223235542585
63560.73046411479,0.16242893364687916,0.05059822587474071
63563.24105248004,0.1643253100628499,0.050107765960177145
63565.751640845294,0.16611363110132515,0.04956244171089938
63568.262229210544,0.1677708588540554,0.048964680317014314
63570.772817575795,0.1692685372545384,0.0483174447916632
63573.28340594105,0.17057702300371602,0.04762463502452573
63575.793994306296,0.1716666723950766,0.046891231413115915
63578.30458267155,0.17250784108182415,0.04612333705175742
63580.8151710368,0.1730708844261244,0.04532819931098961
63583.325759402054,0.17332615706254728,0.04451423127594565
63585.836347767305,0.1732440110645257,0.043690994980885384
63588.346936132555,0.17279342730762437,0.04286883670951069
63590.857524497806,0.17194020371243823,0.0420569539488292
63593.368112863056,0.1706567216606345,0.04126346424747051
63595.87870122831,0.16892228316282853,0.04049622908232358
63598.38928959356,0.16671368037350476,0.03976339005149906
63600.89987795881,0.16400697440258227,0.03907390626860758
63603.41046632406,0.16077883257821668,0.038437571468120685
63605.92105468931,0.15702507257810794,0.037862732849564845
63608.43164305456,0.15276812488446012,0.03735456254320954
63610.94223141981,0.14803567674243823,0.036916162165053064
63613.45281978506,0.14285191503586248,0.0365481363054603
63615.96340815032,0.13723627192666754,0.03625084272800246
63618.47399651556,0.13121320580830798,0.03602490506500703
63620.98458488082,0.12482638575602323,0.03586968605471243
63623.49517324607,0.1181323835044168,0.035783488764398054
63626.00576161132,0.1111916727386415,0.035764064707973824
63628.51634997657,0.10406829824205488,0.03580931913414249
63631.02693834182,0.096827176224906,0.03591793816661337
63633.53752670707,0.08953289710916579,0.03608930862853267
63636.04811507232,0.08225387707352638,0.03632109822197721
63638.55870343757,0.07505873189074919,0.03660764442124032
63641.06929180282,0.06799890520051122,0.036940726587132745
63643.57988016807,0.06112282135291025,0.03730949526348234
63646.09046853332,0.05447692220332101,0.03770340055764242
63648.60105689857,0.04810861207079142,0.03811330419936316
63651.11164526382,0.04206568229710683,0.03853167292977347
63653.62223362908,0.036395920848008245,0.038952681830927025
63656.132821994324,0.031144269072683528,0.0393719735158731
63658.64341035958,0.026343580004322575,0.03978602459075223
63661.15399872483,0.02200780999555718,0.04019203937113803
63663.66458709008,0.018137125145585742,0.040588031401000334
63666.17517545533,0.014735565157025121,0.040973248704314576
63668.685763820584,0.011809218494818197,0.041348072355605704
63671.196352185834,0.009359854433569126,0.04171363127021595
63673.706940551085,0.00738651717256289,0.042071816193826446
63676.217528916335,0.005897272072616033,0.04242475118136339
63678.728117281586,0.0049075093265855685,0.04277420823953853
63681.238705646836,0.004432112516951747,0.043121832946699336
63683.74929401209,0.00448602253345598,0.043469903849951766
63686.25988237734,0.005074965076346416,0.043820915362199626
63688.77047074259,0.006193369714310393,0.0441771872852581
63691.281059107845,0.007815950229996815,0.04453972559229098
63693.79164747309,0.009909202315611765,0.044909018136797825
63696.302235838346,0.012443337123841047,0.045284731916120195
63698.81282420359,0.015385430364403874,0.04566597732840155
63701.32341256885,0.018701435037655756,0.046052221062446684
63703.8340009341,0.02235337914316915,0.04644295299193295
63706.34458929935,0.026297617034288123,0.04683757667168214
63708.8551776646,0.03049683486460708,0.047234550632007245
63711.36576602985,0.034920211364806164,0.04763155665521432
63713.8763543951,0.039552551173983375,0.048024601346389875
63716.38694276035,0.04438833008680376,0.048408657790079836
63718.8975311256,0.04942131706047803,0.04877860660589331
63721.40811949085,0.05463681345281657,0.049129273575078736
63723.9187078561,0.06001895779627375,0.04945577173825554
63726.42929622135,0.06555272494733799,0.04975369906047577
63728.9398845866,0.07122265946236439,0.05001912331838104
63731.45047295185,0.07700688662589528,0.05024709709312226
63733.96106131711,0.08287576510338113,0.050431782144868396
63736.47164968235,0.08879372396040708,0.0505674172556047
63738.98223804761,0.0947245423158165,0.050648826055025624
63741.49282641286,0.10063379432540387,0.050671343972102725
63744.00341477811,0.1064905604289379,0.050630668597646145
63746.51400314336,0.11226435546996072,0.05052318102811532
63749.02459150861,0.11792552427505143,0.050345901401579574
63751.53517987386,0.12344534968724474,0.050096491575463926
63754.04576823911,0.12879516367684118,0.049773386958367215
63756.556356604364,0.1339462974574417,0.04937581948077261
63759.066944969614,0.13886835472658277,0.04890368837439561
63761.577533334865,0.14352554446668364,0.04835727314494071
63764.088121700115,0.14788102460443042,0.04773764294597513
63766.598710065366,0.15189795236801729,0.04704680324949516
63769.109298430616,0.15553948425804265,0.04628774315104643
63771.619886795874,0.15876877619302832,0.045464504254714794
63774.13047516112,0.16154898289823905,0.04458225048158626
63776.641063526375,0.16384325810940936,0.04364735041878334
63779.151651891625,0.16561475466005504,0.04266745134164369
63781.662240256876,0.16682662410312332,0.04165158118641592
63784.172828622126,0.16744201668188907,0.040610217148376
63786.68341698738,0.16742408156278543,0.0395553625053503
63789.19400535263,0.16673621267545968,0.03850057063774654
63791.70459371788,0.1653547675482514,0.03746020634109951
63794.21518208313,0.16328147479362087,0.03644776818491386
63796.72577044838,0.16052030943683349,0.03547636542445883
63799.23635881363,0.15708172231097706,0.03455927392011716
63801.74694717888,0.15298187172447797,0.03370970995449473
63804.25753554413,0.14823740554857068,0.032941305541397015
63806.76812390938,0.14286657245247625,0.03226791622359418
63809.27871227464,0.13688803013064899,0.03170016873379469
63811.78930063988,0.1303281073051039,0.031243350969140275
63814.29988900514,0.12322062972816639,0.030898168985133267
63816.81047737038,0.11561544990399852,0.03066074255815582
63819.32106573564,0.10756119026336819,0.030525151925039625
63821.83165410089,0.09910952480277047,0.030484666915670183
63824.34224246614,0.09031317650806159,0.030532101468484917
63826.85283083139,0.08124242664780468,0.030658089671996996
63829.36341919664,0.07198368012905121,0.030850029372780086
63831.87400756189,0.06262989877723157,0.031093355455139856
63834.38459592714,0.053275319398380816,0.03137197648614008
63836.89518429239,0.04400011996040121,0.031671019213485786
63839.40577265764,0.03487541916547343,0.031977629278300716
63841.91636102289,0.025973821291700006,0.03228097588815147
63844.426949388144,0.017362294194754213,0.03257241390095269
63846.9375377534,0.00909844326088205,0.03284536204670682
63849.448126118645,0.0012317897926550359,0.03309509446149556
63851.9587144839,-0.006193115463247523,0.03331894318230047
63854.469302849146,-0.013142740790499374,0.03351586920918341
63856.9798912144,-0.019581522821681574,0.03368571063485817
63859.490479579654,-0.02547415130538866,0.03382873356873295
63862.001067944904,-0.030784665432292968,0.03394477133286555
63864.511656310155,-0.035485301952576265,0.03403387756358624
63867.022244675405,-0.03955813306674827,0.03409645136050824
63869.532833040656,-0.042989407867366936,0.03413366974746929
63872.043421405906,-0.045775226994010154,0.03414744278584369
63874.55400977116,-0.04791710030895047,0.03414029861534339
63877.06459813641,-0.049415939414757304,0.03411564640271193
63879.57518650166,-0.050273826069314964,0.034077768974218034
63882.08577486691,-0.05049758958466555,0.03403154780137178
63884.59636323216,-0.05008784177334746,0.03398176083301207
63887.10695159741,-0.0490401390416082,0.03393297793214764
63889.617539962666,-0.047365498219733126,0.03388852987621492
63892.12812832791,-0.045088900602422655,0.03384931566223433
63894.63871669317,-0.04224328073905781,0.03381462275152142
63897.14930505842,-0.03887947334442288,0.03378342143460823
63899.65989342367,-0.03505200881045312,0.033755133637078875
63902.17048178892,-0.030817071266938,0.03372936883418596
63904.68107015417,-0.026241159765049815,0.033705881422981254
63907.19165851942,-0.02139328414341435,0.03368468119868308
63909.70224688467,-0.01633256406057626,0.03366606737607386
63912.21283524992,-0.011114516586530954,0.03365034433651502
63914.72342361517,-0.0057913121418096125,0.03363713373327931
63917.23401198042,-0.0004065895336680114,0.033624960929424824
63919.74460034567,0.005004084552638233,0.033611085258016475
63922.25518871092,0.0104094342677854,0.0335914058417642
63924.76577707617,0.01576531818136573,0.03356094488394706
63927.27636544143,0.02101797319483012,0.03351474406917239
63929.78695380667,0.026112642779480666,0.03344844227089405
63932.29754217193,0.030995106033515185,0.0333586632156251
63934.808130537174,0.035612125298939645,0.03324266185907124
63937.31871890243,0.03991157276323065,0.03309892155619625
63939.82930726768,0.04384616398601793,0.03292725108170258
63942.33989563293,0.04736900734133087,0.03272823550143706
63944.85048399818,0.05044035582416484,0.032502046769629464
63947.361072363434,0.053049587237183005,0.0322482124833158
63949.871660728684,0.05521254942868836,0.03196643938809339
63952.382249093935,0.05695872459909879,0.03165718456098521
63954.892837459185,0.058317164293839596,0.031321689753307846
63957.403425824436,0.059313413134077564,0.03096170100929669
63959.914014189686,0.05996946041705087,0.03058008734996975
63962.42460255494,0.06030991789884865,0.030180398894754303
63964.935190920194,0.06037035578629002,0.0297663082825253
63967.44577928544,0.06018685417075176,0.02934204307308802
63969.956367650695,0.05978153849719092,0.028911936772960004
63972.46695601594,0.059173116518650204,0.028480385720940277
63974.977544381196,0.05838987257448025,0.028052670152585647
63977.488132746446,0.05745890806429088,0.027634607394969226
63979.9987211117,0.056408769683912396,0.02723082332920348
63982.50930947695,0.055275337042985484,0.026845016884197596
63985.0198978422,0.054100856970762834,0.026478666926708076
63987.53048620745,0.05290302085631993,0.026131525544693123
63990.0410745727,0.05168384615672039,0.025803370767932043
63992.55166293795,0.05045158104621805,0.025493751540416623
63995.0622513032,0.049201548245036975,0.025201961686297656
63997.57283966845,0.047939019328623544,0.024927132127524603
64000.0834280337,0.046673460114107,0.024669575745498367
64002.59401639895,0.045411680490360595,0.02443165649003984
64005.1046047642,0.04416211364150513,0.024217977349464327
64007.61519312946,0.04293754106220149,0.02403446478899178
64010.1257814947,0.041744009882677346,0.02388632043210082
64012.63636985996,0.040610487485537305,0.02377657629318858
64015.14695822521,0.03957463809638284,0.02370590747002528
64017.65754659046,0.038659447305690264,0.02367423997755493
64020.16813495571,0.03786652168491855,0.023682447679069088
64022.67872332096,0.03718750679399818,0.02373269926233903
64025.18931168621,0.036616068915463984,0.02382714333410489
64027.69990005146,0.03621336864307523,0.02396747450659851
64030.21048841671,0.03605796617921442,0.024155921607061395
64032.72107678196,0.036223256844095886,0.024395994292400695
64035.231665147214,0.036783683055546135,0.024692533041941626
64037.742253512464,0.037815814779605716,0.025050460200164312
64040.252841877715,0.039330661777057685,0.025471504401680622
64042.763430242965,0.04131578537635505,0.025951683839351473
64045.27401860822,0.04379193159547867,0.026481206184984153
64047.784606973466,0.04676983013632707,0.027047023722718416
64050.295195338724,0.05021582142217085,0.027634992849000256
64052.805783703974,0.05407436122186482,0.028231433094629298
64055.316372069225,0.058283283142372966,0.028823740118495932
64057.826960434475,0.06278068211395293,0.02940062207372758
64060.337548799725,0.06751274899579585,0.029952343311669127
64062.848137164976,0.07242821328691207,0.03047151966416878
64065.35872553023,0.07748246775008738,0.03095274347476956
64067.86931389548,0.08264770440291613,0.03139184529090394
64070.37990226073,0.08790704687999096,0.03178641944843466
64072.89049062598,0.09324725152691826,0.03213613241248301
64075.40107899123,0.09865508663642686,0.03244282061313612
64077.91166735648,0.10411732074862812,0.03271039545791294
64080.42225572173,0.10962072254915256,0.0329447307105221
64082.93284408699,0.11515232057445246,0.033153462466990656
64085.44343245223,0.12070472902269103,0.03334476923781146
64087.95402081749,0.12628105259500444,0.0335262367457871
64090.46460918273,0.13189477735431865,0.033705088142782225
64092.97519754799,0.1375410373439081,0.03388808120841875
64095.48578591324,0.1431950093829073,0.034081377463154115
64097.99637427849,0.14883351282333024,0.034291186935202465
64100.50696264374,0.15443566310568713,0.03452324557948654
64103.01755100899,0.159983557954547,0.03477993162837265
64105.52813937424,0.16545309423236176,0.0350610649421447
64108.03872773949,0.17083664727397263,0.03536322700118041
64110.54931610474,0.17611132844467647,0.03567957183652557
64113.05990446999,0.18124962359433994,0.03600237884882879
64115.57049283524,0.1862227987148799,0.03632335906623061
64118.08108120049,0.19100410901592113,0.03663475268356504
64120.59166956574,0.19556705572176725,0.036930195461414406
64123.102257930994,0.19988513906719163,0.03720490025634428
64125.61284629625,0.2039318593160715,0.03745575508315731
64128.123434661495,0.20768071571365,0.03768136496982025
64130.63402302675,0.2111052069813013,0.03788208589654111
64133.144611392,0.21417883120011538,0.038059994859770706
64135.65519975725,0.21687508566537872,0.03821885684300837
64138.165788122504,0.21916746671195142,0.03836403928752458
64140.676376487754,0.221029469917994,0.03850240110531587
64143.186964853005,0.22243430696653377,0.038642034526907953
64145.697553218255,0.22336278483999195,0.03879055078042333
64148.208141583505,0.22381358790880768,0.0389541511365317
64150.718729948756,0.2237934441627658,0.03913807730981281
64153.22931831401,0.22330589154307745,0.03934721745934339
64155.73990667926,0.22235188708464193,0.039586648656272184
64158.25049504451,0.22093234659405425,0.03986186671340628
64160.76108340976,0.2190534147375729,0.04017718863812111
64163.271671775015,0.21674514171900228,0.04053206824585855
64165.78226014026,0.2140458475041669,0.040922400069211204
64168.292848505516,0.21099277117173187,0.04134039109002375
64170.80343687077,0.20761507513816468,0.0417766574705071
64173.31402523602,0.20394090726040304,0.04222235118725481
64175.82461360127,0.19999841498793103,0.04266944328971846
64178.33520196652,0.19581573159666732,0.043110838797144044
64180.84579033177,0.19142002501757815,0.043540337875971766
64183.35637869702,0.18683401749876793,0.04395231985653265
64185.86696706227,0.1820737856614869,0.04434175754012529
64188.37755542752,0.17714597699705337,0.04470404873872185
64190.88814379277,0.17205347784874903,0.045035335383499
64193.39873215802,0.1667991165923013,0.04533283542763271
64195.90932052327,0.1613871912995819,0.04559471788067941
64198.41990888852,0.15582908793294337,0.04581970721270913
64200.93049725378,0.1501383390132105,0.0460073738953972
64203.44108561902,0.14432825124822557,0.04615786563203939
64205.95167398428,0.13841020925610792,0.04627181118194139
64208.46226234952,0.13239488988983794,0.04635061522174085
64210.97285071478,0.1262916615269205,0.046396104252716744
64213.48343908003,0.12010481700417586,0.04640986406793629
64215.99402744528,0.11384139592701104,0.04639325227750335
64218.50461581053,0.10751440055173589,0.04634670488547777
64221.01520417578,0.10113393715073471,0.046270878185208184
64223.52579254103,0.09470602407236584,0.04616678143677275
64226.036380906284,0.08823834707436617,0.0460359164957884
64228.546969271534,0.08174392723594792,0.04587991978632498
64231.057557636785,0.07523654987744521,0.04570104860233549
64233.568146002035,0.06873024640663061,0.04550205043805564
64236.078734367286,0.06223622811376117,0.04528609558148451
64238.589322732536,0.05576572104473598,0.04505649768329667
64241.09991109779,0.049331715621519834,0.044815502395929414
64243.610499463044,0.04294545575976372,0.044564191499971
64246.12108782829,0.03661759338865522,0.04430287756464798
64248.631676193545,0.03036183532094583,0.044030768090731046
64251.142264558795,0.02419627533527091,0.04374720473618349
64253.652852924046,0.0181476319412468,0.043452034055397104
64256.163441289296,0.012242161290487275,0.043145574944847685
64258.67402965455,0.006501581345219165,0.0428282069200114
64261.1846180198,0.0009473533136770129,0.04250095680860117
64263.69520638505,-0.004394966177642345,0.04216515215769398
64266.2057947503,-0.009497635641309898,0.041822395300985846
64268.71638311555,-0.01434061679901788,0.04147444573077052
64271.2269714808,-0.018922893068520352,0.041122469106928454
64273.73755984605,-0.023254753483342938,0.04076669380104079
64276.2481482113,-0.02735165251942817,0.04040647884917933
64278.75873657655,-0.03123178410169203,0.04003984361860444
64281.26932494181,-0.034911327267764136,0.03966510244258987
64283.77991330705,-0.038401957412133925,0.03928115056300953
64286.29050167231,-0.04171345322902198,0.03888763365681265
64288.80109003756,-0.04485193916843855,0.03848467693889431
64291.31167840281,-0.0478218097705394,0.038073414253831865
64293.82226676806,-0.050620191206689924,0.037655594505313014
64296.33285513331,-0.05324031769123394,0.03723359895962
64298.84344349856,-0.05567315408552531,0.03680987181258812
64301.35403186381,-0.05790705277468078,0.036386400978180564
64303.86462022906,-0.05994725124037359,0.03596494718595357
64306.37520859431,-0.061808314712834544,0.03554704616260495
64308.88579695956,-0.06350537069374695,0.035133718646439896
64311.39638532481,-0.0650535806780681,0.034726729250685706
64313.906973690064,-0.066470575024141,0.03432863868883317
64316.417562055314,-0.06777772051282227,0.03394304224673578
64318.92815042057,-0.0689997530716937,0.03357363997629179
64321.438738785815,-0.07015769319696119,0.03322381993914028
64323.94932715107,-0.07126267485728022,0.032896733770228864
64326.459915516316,-0.07232284412020817,0.03259581175060764
64328.970503881574,-0.07335277777747251,0.032324207889468604
64331.481092246824,-0.07437962567200884,0.032084201583094545
64333.991680612075,-0.07541927535203286,0.03187708282280348
64336.502268977325,-0.07645801542093977,0.03170085581168918
64339.012857342575,-0.07747004779957933,0.031551248619742546
64341.523445707826,-0.07843846732430393,0.031422525218155146
64344.034034073076,-0.07935514835116919,0.031308452796348064
64346.54462243833,-0.08021258350345306,0.03120397340251143
64349.05521080358,-0.0809887912182603,0.031104846666136127
64351.56579916883,-0.08164741320069879,0.031007207062975363
64354.07638753408,-0.08215937556815334,0.030908226412138404
64356.58697589933,-0.08249899839574937,0.03080659001518426
64359.09756426458,-0.082660100524663,0.030701766475993278
64361.60815262984,-0.0826542840077309,0.030593727215632967
64364.11874099508,-0.0824927480716724,0.030482281075061055
64366.62932936034,-0.0821872824744787,0.030366164866822695
64369.13991772559,-0.08175362732436042,0.030244212147100075
64371.65050609084,-0.08120554997731233,0.030115520984027918
64374.16109445609,-0.08055441467149649,0.02998034304883281
64376.67168282134,-0.0798121494035513,0.029840647467985072
64379.18227118659,-0.07898832931823563,0.029698599825625893
64381.69285955184,-0.07807834628329147,0.02955589463298927
64384.20344791709,-0.07706482530920766,0.029414430856227167
64386.71403628234,-0.0759245365006791,0.029276103041702
64389.22462464759,-0.07464509117926355,0.029143304324165974
64391.73521301284,-0.07322061585728079,0.029019738317301425
64394.24580137809,-0.07162760000210255,0.02890934582541093
64396.75638974334,-0.06980462477076799,0.02881355519338636
64399.2669781086,-0.06769127433653921,0.028732222021589107
64401.777566473844,-0.06522880477132276,0.028663060448839216
64404.2881548391,-0.06236518424702808,0.028603694394908126
64406.79874320435,-0.05904918198939413,0.02855334273962249
64409.3093315696,-0.05522903805831447,0.028511547759979744
64411.81991993485,-0.05085705389501527,0.02847782540635964
64414.3305083001,-0.04589236917672679,0.028452376889872937
64416.841096665354,-0.04028716427274048,0.02843602579553727
64419.351685030604,-0.033988981682341546,0.028430544400014225
64421.862273395855,-0.026949086648528464,0.02843903280479928
64424.372861761105,-0.019129165913909674,0.02846479922425653
64426.883450126355,-0.010504007863346487,0.028509387820270914
64429.394038491606,-0.0010519305942580104,0.028573339105430084
64431.904626856856,0.009236766491085291,0.028655060863804604
64434.41521522211,0.0203687139764952,0.028753281280175957
64436.925803587364,0.032342173595679924,0.02886795528583941
64439.43639195261,0.04513304482679814,0.028999418451345176
64441.946980317865,0.058692047372460365,0.029148541894614757
64444.45756868311,0.07295127079123631,0.029317275008681098
64446.968157048366,0.08782814812730066,0.02950875166232122
64449.47874541362,0.10324460949050263,0.02972733548021258
64451.98933377887,0.11915159574709833,0.029977693819874706
64454.49992214412,0.13547583657782525,0.030263487204761217
64457.01051050937,0.15207785554230213,0.030585812776675627
64459.52109887462,0.1687866086140275,0.030944594859969036
64462.03168723987,0.18540011486038566,0.03133849012497028
64464.54227560512,0.2017035607714206,0.03176595456959282
64467.05286397037,0.21746981493197381,0.032224750829998004
64469.56345233562,0.23245869297534227,0.03271204539258366
64472.07404070087,0.24643105221912265,0.03322465933932518
64474.58462906613,0.25917960540391505,0.03375857278917002
64477.09521743137,0.2705045444890857,0.03431011600010743
64479.60580579663,0.28021140809869394,0.034876281137135506
64482.11639416187,0.2881815937580541,0.035452436551119286
64484.62698252713,0.2944322087569162,0.036031256401144414
64487.13757089238,0.2990684445248917,0.036603580892919305
64489.64815925763,0.3021892850520089,0.03715812283135358
64492.15874762288,0.3038890683092177,0.03768406544256302
64494.66933598813,0.30426209059078246,0.038171877572954316
64497.17992435338,0.303402645397,0.03861341294784277
64499.69051271863,0.30140509468037635,0.039001932793371
64502.20110108388,0.2983651686226949,0.03933192655780829
64504.711689449134,0.29437982162926346,0.03959913915634013
64507.222277814384,0.2895460502477363,0.03980077025957933
64509.732866179635,0.28396085021086037,0.03993548747640567
64512.243454544885,0.27772121340967715,0.0400034386835884
64514.754042910135,0.27092413196805865,0.04000625277332463
64517.26463127539,0.26366659614723176,0.03994706431489791
64519.775219640636,0.25604559562634677,0.0398305223337635
64522.285808005894,0.24815811845473945,0.03966279778472588
64524.796396371145,0.2401011527981609,0.039451591739672755
64527.306984736395,0.23197168647311628,0.039206121726930845
64529.817573101645,0.2238661542069167,0.038937032774537056
64532.328161466896,0.21586720028426498,0.03865531931881408
64534.838749832146,0.20803133520530537,0.038371253454706995
64537.3493381974,0.20038961141835898,0.03809493099561082
64539.85992656265,0.19296405349450652,0.037836869007512375
64542.3705149279,0.18577399977948517,0.0376082427255292
64544.88110329315,0.17883867328055203,0.037421116678769725
64547.3916916584,0.17217198759317398,0.037287648458762396
64549.90228002365,0.1657512699603103,0.037217176100275536
64552.4128683889,0.1595153248636052,0.037215318666544234
64554.92345675416,0.15339817682979628,0.03728300260063948
64557.4340451194,0.14733646210515872,0.03741777985252526
64559.94463348466,0.14127046545036137,0.037616446882181485
64562.4552218499,0.1351412965450436,0.03787568045379408
64564.96581021516,0.12888201817986555,0.038192244927163034
64567.47639858041,0.12242919333220925,0.03856234235848596
64569.98698694566,0.11577712740108836,0.038979371699289056
64572.49757531091,0.10894117061980069,0.03943454000782541
64575.00816367616,0.10194774862611666,0.03991707401706308
64577.51875204141,0.09482501124148257,0.040415392264113635
64580.02934040666,0.08760062474175356,0.040918823758288175
64582.53992877191,0.08030306868022308,0.04141771355058922
64585.05051713716,0.07296095084166154,0.041903724212283694
64587.56110550241,0.06560287863248959,0.042369915834306625
64590.07169386766,0.05825745975016616,0.04281072898635746
64592.58228223292,0.05095335183432326,0.04322192763355227
64595.092870598164,0.04372047501965426,0.043600277121220776
64597.60345896342,0.03658154331787955,0.04394297672488659
64600.114047328665,0.029550047402153723,0.044247664258590856
64602.62463569392,0.022639330782112665,0.044512151450812255
64605.13522405917,0.01586373090685811,0.04473499035050106
64607.645812424424,0.009237584949005395,0.044915765210280026
64610.156400789674,0.0027738542485167272,0.04505481440202287
64612.666989154925,-0.00351794422022067,0.04515272736575171
64615.177577520175,-0.00962899552541785,0.04521084143973765
64617.688165885425,-0.01555084039864596,0.045230877273015044
64620.198754250676,-0.02127260758425109,0.04521489305862556
64622.709342615926,-0.026782964604535664,0.04516565465614235
64625.21993098118,-0.0320752576662926,0.04508623975404158
64627.73051934643,-0.03714625391876325,0.04497931293819543
64630.24110771168,-0.0419923505423867,0.044846876177712346
64632.75169607693,-0.04661136511276709,0.044689514988826
64635.262284442186,-0.05100002909603063,0.044507905042590536
64637.77287280743,-0.0551517186613637,0.04430297649260643
64640.28346117269,-0.05905848753172904,0.04407609878027618
64642.79404953794,-0.06271166237274883,0.04382885633780868
64645.30463790319,-0.066102166492783,0.04356347302016963
64647.81522626844,-0.06921927128860261,0.043282432538092705
64650.32581463369,-0.07205171180976322,0.04298828311573506
64652.83640299894,-0.0745879691967275,0.0426834793872619
64655.34699136419,-0.07681673888146179,0.0423693538584131
64657.85757972944,-0.07872670837696205,0.042046308422145406
64660.36816809469,-0.08031307135388488,0.041714094885457326
64662.87875645994,-0.0815784860169515,0.04137157250851978
64665.38934482519,-0.08252933808398666,0.041017760830851284
64667.89993319044,-0.08317297515895916,0.04065215691840852
64670.41052155569,-0.08351681890053442,0.04027487698789281
64672.92110992095,-0.083567279689305,0.039886503679882446
64675.43169828619,-0.08333198913896922,0.039488457390016274
64677.94228665145,-0.08282753235835116,0.03908253900855851
64680.4528750167,-0.08207466272870079,0.03867056190139354
64682.96346338195,-0.08109561359742656,0.03825378886936259
64685.4740517472,-0.07991820690222085,0.037832509697478506
64687.98464011245,-0.07856234145583585,0.03740615959166652
64690.4952284777,-0.07705009001074359,0.03697373867971957
64693.00581684295,-0.07541344303172082,0.03653372473687572
64695.516405208204,-0.07368126229266636,0.036084790765125434
64698.026993573454,-0.07187811570474878,0.035626275020522194
64700.537581938705,-0.0700276785355527,0.035158387210398545
64703.048170303955,-0.06815653934609145,0.034681907410694
64705.558758669205,-0.06629551728838123,0.03419875441917882
64708.069347034456,-0.06447329816910496,0.03371164157604948
64710.57993539971,-0.06270034769113408,0.03322350311306776
64713.09052376496,-0.06098390538318199,0.03273692669841622
64715.601112130214,-0.05932822985232633,0.03225307269090982
64718.11170049546,-0.057734733942197636,0.03177303846863618
64720.622288860715,-0.05619588955596555,0.03129836181256296
64723.132877225966,-0.05469342539436184,0.030831322372149816
64725.643465591216,-0.053207354692858644,0.030375217848336123
64728.15405395647,-0.05172112086438574,0.02993471061234735
64730.66464232172,-0.05021609465711663,0.029515758846473707
64733.17523068697,-0.04868344576243544,0.029123933640797465
64735.68581905222,-0.04712569195544347,0.028764224013093243
64738.19640741747,-0.04555944458115846,0.02844107727913439
64740.70699578272,-0.04401091890758835,0.02815868486092142
64743.21758414797,-0.04251813603332266,0.027920466830478538
64745.72817251322,-0.04112984270614106,0.027728616828402206
64748.23876087847,-0.03988162174937315,0.02758369418561634
64750.74934924372,-0.038773802865762264,0.027482602069112138
64753.25993760898,-0.03778762342699338,0.027420106295655448
64755.77052597422,-0.03691336819611024,0.0273891954961117
64758.28111433948,-0.03614387710695155,0.027383101094111337
64760.79170270473,-0.03546143350740749,0.027396488752353256
64763.30229106998,-0.03485179132258054,0.027424519539148866
64765.81287943523,-0.03432373236864805,0.02746276999959837
64768.32346780048,-0.033901190414326265,0.02750660097133525
64770.83405616573,-0.03360194910783321,0.027552151271071804
64773.34464453098,-0.033435741264838725,0.027596887565771656
64775.85523289623,-0.03338011057894619,0.02763929453365157
64778.36582126148,-0.033411892160074785,0.027678051466384617
64780.87640962673,-0.033519684184284415,0.027709875544934915
64783.386997991984,-0.03369338273478206,0.02773088094810699
64785.897586357234,-0.03391901808208786,0.027736982424915457
64788.408174722485,-0.03417510571307503,0.027725254273124098
64790.91876308774,-0.03443969112231571,0.02769478896501164
64793.429351452985,-0.034701599113759585,0.027645551293926852
64795.93993981824,-0.03496356687537627,0.02757781264252331
64798.45052818349,-0.03521754697430879,0.027492114000747504
64800.961116548744,-0.03543538274243474,0.027390239539307016
64803.471704913994,-0.035554358502849936,0.02727512277503894
64805.982293279245,-0.03549189885961823,0.027151114141098703
64808.492881644495,-0.035177739220671356,0.027023056088499017
64811.003470009746,-0.03456366423051804,0.02689472594827187
64813.514058374996,-0.03360507186152972,0.026769563069347246
64816.02464674025,-0.03226411521609407,0.026649649407184003
64818.5352351055,-0.030524828959642036,0.026536707285702177
64821.04582347075,-0.028387349360855296,0.02643321960271047
64823.556411836,-0.025841170747298747,0.026341588322113575
64826.06700020125,-0.022859363059978932,0.026264267441208678
64828.577588566506,-0.019406838342547417,0.026204712059140316
64831.08817693175,-0.015452421414011042,0.026167202902530644
64833.59876529701,-0.010977413388900459,0.026155246849001303
64836.10935366225,-0.005971312668407336,0.02617181117474416
64838.61994202751,-0.0004318838327890262,0.02621791027592642
64841.13053039276,0.00562557291414123,0.026291334551416592
64843.64111875801,0.01219904840036179,0.026388468251033588
64846.15170712326,0.019302743903608643,0.026503882013175085
64848.66229548851,0.026938856026390567,0.026631586835609327
64851.17288385376,0.03509208021569066,0.026766467678550267
64853.68347221901,0.04373911922448315,0.026905309712505446
64856.19406058426,0.052852724242256954,0.02704718954251604
64858.70464894951,0.06240542093291879,0.02719389060546847
64861.21523731476,0.0723645436228253,0.0273493673146131
64863.72582568001,0.08266173442825675,0.02751718882169275
64866.23641404526,0.0931973255937919,0.027699869933928586
64868.74700241051,0.10384988866280764,0.02789878821681869
64871.25759077577,0.11448096774984151,0.02811517414411295
64873.768179141014,0.12495086656417698,0.02835221200484055
64876.27876750627,0.13512310467194766,0.0286143988700534
64878.78935587152,0.1448711798293516,0.02890646825277293
64881.29994423677,0.15409103489946574,0.02923334664232169
64883.81053260202,0.16269905486842617,0.029599349157134504
64886.32112096727,0.17062217614147812,0.030008443766576815
64888.831709332524,0.17778792115859687,0.030464996431504614
64891.342297697774,0.18412623487529345,0.030973301544170936
64893.852886063025,0.18959125055698678,0.03153498499446259
64896.363474428275,0.194165594279184,0.03214915771563503
64898.874062793526,0.19784783279465046,0.032810507286526285
64901.384651158776,0.20065057268948294,0.03350928965820006
64903.89523952403,0.20260197430616245,0.03423432894153893
64906.40582788928,0.20374739106046036,0.03497321182208563
64908.916416254535,0.20413479319540784,0.03571453208460423
64911.42700461978,0.20381215575616807,0.03644865728375244
64913.937592985036,0.2028274525073357,0.03716788461189507
64916.448181350286,0.20122865500161424,0.037866495489133505
64918.95876971554,0.19906373444246128,0.038540799554089795
64921.46935808079,0.1963806597632356,0.03918910654032447
64923.97994644604,0.19322739954805002,0.039811714322543795
64926.49053481129,0.18965192110044882,0.0404108572590146
64929.00112317654,0.1857021905016154,0.040990648351458846
64931.51171154179,0.18142617330886424,0.04155701566850373
64934.02229990704,0.17687183455564082,0.042117587654419815
64936.53288827229,0.17208713805302978,0.04268158139241766
64939.04347663754,0.1671200476703234,0.04325962904657898
64941.55406500279,0.1620185183128342,0.04386357021771497
64944.06465336804,0.1568270061397925,0.04450578120407682
64946.5752417333,0.15158459218218923,0.0451970430814364
64949.08583009854,0.146332689357223,0.04594660688013377
64951.5964184638,0.14111246506217867,0.04676276360629368
64954.10700682904,0.13596005935687572,0.04765306762841607
64956.6175951943,0.13091042180894874,0.04862474766034826
64959.12818355955,0.1259985399665311,0.04968458350005388
64961.6387719248,0.12126346462173387,0.050835797972204735
64964.14936029005,0.11674512518220581,0.05207576331103339
64966.6599486553,0.11246470882906578,0.0533974787630389
64969.17053702055,0.10842396410589572,0.05478971346280336
64971.6811253858,0.10461529090389377,0.05624011066208152
64974.19171375105,0.10103092568169814,0.05773650400416872
64976.702302116304,0.09766310531995259,0.05926713408858945
64979.212890481554,0.09450406722316984,0.0608207745672304
64981.723478846805,0.09154604927607579,0.06238682004884631
64984.23406721206,0.0887812897854019,0.06395533438361974
64986.744655577306,0.08620202745805727,0.0655170663561061
64989.25524394256,0.08380050145933637,0.06706344886708289
64991.76583230781,0.08156895131105557,0.06858658315654091
64994.276420673064,0.07949961698614061,0.07007921425686518
64996.787009038315,0.07758473866852,0.07153469813917696
64999.297597403565,0.0758165570005076,0.07294697346150822
65001.808185768816,0.07418731298821513,0.07431052300426783
65004.318774134066,0.07268924778327346,0.0756203473569596
65006.82936249932,0.07131460295931902,0.07687192978926104
65009.33995086457,0.07005562030826695,0.07806120815853321
65011.85053922982,0.0689045419494505,0.07918454937299181
65014.36112759507,0.06785361009679036,0.08023872574366898
65016.87171596032,0.06689506734255701,0.0812208891061853
65019.38230432557,0.06602115640271222,0.08212855825813263
65021.89289269082,0.06522412020422053,0.08295959793079775
65024.40348105607,0.06449620176863391,0.08371220596984809
65026.91406942133,0.06382964439399075,0.08438489674022098
65029.42465778657,0.06321669143653708,0.08497649635300697
65031.93524615183,0.06264958637621021,0.08548613090617534
65034.44583451708,0.062120572838466614,0.0859132171604065
65036.95642288233,0.06162189447786659,0.08625745923500878
65039.46701124758,0.061145795036281925,0.08651884376434388
65041.97759961283,0.06068451835017186,0.08669763590458898
65044.48818797808,0.06023030818323605,0.08679438049798041
65046.99877634333,0.05977540841558948,0.08680989677440089
65049.50936470858,0.059312062861863524,0.08674528009999395
65052.01995307383,0.05883251536579337,0.08660190669524889
65054.53054143908,0.058329009712906554,0.08638143032301435
65057.04112980433,0.05779378963052295,0.08608578949622743
65059.55171816958,0.05721909877320286,0.08571720791813173
65062.06230653483,0.056597180759126786,0.08527819907542465
65064.57289490009,0.05592027900274843,0.08477157238884377
65067.083483265335,0.0551806368821417,0.084200433925159
65069.59407163059,0.05437049762986135,0.0835681912561843
65072.104659995835,0.053481928538531065,0.08287854312992454
65074.61524836109,0.05250300704210531,0.08213505832849442
65077.12583672634,0.05141814913076814,0.08134107320999959
65079.636425091594,0.05021168819803279,0.08050021551382786
65082.147013456844,0.04886795720085502,0.0796164555067545
65084.657601822095,0.047371288848808035,0.07869412460618211
65087.168190187345,0.04570601869636448,0.07773792396344877
65089.678778552596,0.04385885219744523,0.07675277615672026
65092.189366917846,0.041823087667580694,0.07574355557114132
65094.6999552831,0.03959316038162797,0.07471545945007914
65097.21054364835,0.037163505163334776,0.07367408041852785
65099.7211320136,0.03452855629802798,0.07262540838470102
65102.231720378855,0.03168269615707686,0.07157580740471292
65104.7423087441,0.028618812073545996,0.07053164389195406
65107.252897109356,0.02532869278365979,0.06949855792105775
65109.7634854746,0.021804262840305455,0.06848158006984663
65112.27407383986,0.01803512552578468,0.06748477109529881
65114.78466220511,0.014009999671543483,0.0665119992299233
65117.29525057036,0.009717604172692518,0.06556746591320717
65119.80583893561,0.0051496499036147725,0.06465542557055917
65122.31642730086,0.00030643359787063673,0.06377961472125461
65124.82701566611,-0.004809704034414608,0.06294385681904004
65127.33760403136,-0.010191471883445047,0.06215170783117962
65129.84819239661,-0.01582467500702478,0.061406419466635796
65132.35878076186,-0.02169373634387739,0.060711388312832244
65134.86936912711,-0.027781212847912684,0.0600700178694872
65137.37995749236,-0.034062875172821805,0.059484726595333666
65139.89054585761,-0.04051114231697284,0.05895632642541725
65142.40113422286,-0.04709948835079558,0.05848305935076539
65144.91172258812,-0.05380317338858731,0.058062550576932236
65147.42231095336,-0.06059880441171117,0.05769215934621434
65149.93289931862,-0.06746089278021827,0.057369287337468725
65152.44348768387,-0.07435700474889018,0.05709122217078991
65154.95407604912,-0.08125352748902515,0.056855424753022424
65157.46466441437,-0.08811865613097325,0.05665918009299479
65159.97525277962,-0.09492388309445232,0.05649962679240195
65162.48584114487,-0.10164193218224682,0.056373441856083215
65164.99642951012,-0.10824537969892845,0.056275859346979255
65167.507017875374,-0.11470322085369844,0.05620126982761602
65170.017606240624,-0.12098912041983567,0.0561433979518351
65172.528194605875,-0.1270853689929936,0.05609510424174488
65175.038782971125,-0.13297587595297955,0.05604947155623913
65177.549371336376,-0.13864595320774242,0.055999839273841
65180.059959701626,-0.14408105870825239,0.055940198147871156
65182.570548066884,-0.14926664966333192,0.05586526282584542
65185.08113643213,-0.15418818287434988,0.05577049179867963
65187.591724797385,-0.15883111448783893,0.05565208434164985
65190.102313162635,-0.1631810577091528,0.05550692007850414
65192.612901527886,-0.16722631885204464,0.055331522861887486
65195.123489893136,-0.17095843683637213,0.05512153368122721
65197.63407825839,-0.17437045100086834,0.05487274808523119
65200.14466662364,-0.1774558035613154,0.054581567658300446
65202.65525498889,-0.18020793616597075,0.05424515742380857
65205.16584335414,-0.18262227169179823,0.053861311953889754
65207.67643171939,-0.1847031803772552,0.05342796452645415
65210.18702008464,-0.18645755579927936,0.05294368314535955
65212.69760844989,-0.1878922909963876,0.052407894286733904
65215.20819681514,-0.18901427825767314,0.05182091164865371
65217.71878518039,-0.18983040930470452,0.051183970869039835
65220.22937354565,-0.19034836650826037,0.0504992225686539
65222.73996191089,-0.19058264791965485,0.04976953502867805
65225.25055027615,-0.1905512296652887,0.04899865868539617
65227.76113864139,-0.1902721151272999,0.04819140160179081
65230.27172700665,-0.1897633071639575,0.04735366897882942
65232.7823153719,-0.1890428081533173,0.046492488346848264
65235.29290373715,-0.18812858920136932,0.04561602729470691
65237.8034921024,-0.18703780198120512,0.04473358444492921
65240.31408046765,-0.18578633105789777,0.043855431392976506
65242.8246688329,-0.1843855380284367,0.04299127847572645
65245.33525719815,-0.1828440838435199,0.042149584656850765
65247.8458455634,-0.18117402754432987,0.041338254174217576
65250.35643392865,-0.17939299378485885,0.04056509574747756
65252.8670222939,-0.17751632553699892,0.03983799502433811
65255.377610659154,-0.17555649210407864,0.03916549233782634
65257.888199024404,-0.17352605464111548,0.03855560613391475
65260.398787389655,-0.17143431901058648,0.038013076691338285
65262.90937575491,-0.16928970863227732,0.0375404300121023
65265.419964120156,-0.1670841103186831,0.03713772375073071
65267.93055248541,-0.1647945737640839,0.0368038815383064
65270.441140850664,-0.16239795908040833,0.03653823380753995
65272.951729215914,-0.15987484160723398,0.03633964329904084
65275.462317581165,-0.15721183278219542,0.03620628491542325
65277.972905946415,-0.1543977922774502,0.03613630399336201
65280.483494311666,-0.1514238373711123,0.03612831332775034
65282.994082676916,-0.14828100336308125,0.03618121079285295
65285.50467104217,-0.1449528889497742,0.036293885811844444
65288.01525940742,-0.14143494854215533,0.03646403590575701
65290.52584777267,-0.13775375435943715,0.0366868456015339
65293.03643613792,-0.13394908676855266,0.036956505409754876
65295.54702450317,-0.1300706008914858,0.037265856814576025
65298.05761286842,-0.12616605876246467,0.037607262600877225
65300.56820123368,-0.12228383193723857,0.03797382965884639
65303.07878959892,-0.11847453244263306,0.03835934325312079
65305.58937796418,-0.11478550874744542,0.03875808779234064
65308.09996632943,-0.1112595602608053,0.03916530559534583
65310.61055469468,-0.10792518753441982,0.03957696699255582
65313.12114305993,-0.10480539246054832,0.0399893765103608
65315.63173142518,-0.10192302627547178,0.040398689421180474
65318.14231979043,-0.09929030903731473,0.040800081396088504
65320.65290815568,-0.09692289159283973,0.04118867354377531
65323.16349652093,-0.09484698387677781,0.04155987369802171
65325.67408488618,-0.09308890861575492,0.04190964467249253
65328.18467325143,-0.0916735130304005,0.0422345738341581
65330.69526161668,-0.09062536494457163,0.04253199458110678
65333.20584998193,-0.08996913320152089,0.04280020727902296
65335.71643834718,-0.08972913456091192,0.04303837562862549
65338.22702671244,-0.08991785465332214,0.04324555426016957
65340.73761507768,-0.0905245449685026,0.04341915054543166
65343.24820344294,-0.09153085100115277,0.04355571197178294
65345.758791808184,-0.09291499223036226,0.04365204008697322
65348.26938017344,-0.09465475470642559,0.043705703518776444
65350.77996853869,-0.09672578639583662,0.043714904978279956
65353.29055690394,-0.09909961200901307,0.04367803562215674
65355.80114526919,-0.10175010151579045,0.04359390009323264
65358.311733634444,-0.10465049665072002,0.04346173912752736
65360.822321999694,-0.10776689171325415,0.04328108629886672
65363.332910364945,-0.11106611319701187,0.04305178273670977
65365.843498730195,-0.11452140366600361,0.04277388749398949
65368.354087095446,-0.1181126594892703,0.0424478037166811
65370.864675460696,-0.12181923711614218,0.042074280199797816
65373.37526382595,-0.1256213026063051,0.04165443820792916
65375.8858521912,-0.12950051597726997,0.041189925040069936
65378.39644055645,-0.13344030227744952,0.04068308885743796
65380.907028921705,-0.1374190285569057,0.040136486870148105
65383.41761728695,-0.14140336256241426,0.03955311314399634
65385.928205652206,-0.14534986711805686,0.03893596309656733
65388.43879401746,-0.14921661117114127,0.03828756127108064
65390.94938238271,-0.15296209524967708,0.03761064994070724
65393.45997074796,-0.15655372201581486,0.0369079659202094
65395.97055911321,-0.15996321188868023,0.036183099936066644
65398.48114747846,-0.1631622038257774,0.035440749146483375
65400.99173584371,-0.1661219140223693,0.03468685593116348
65403.50232420896,-0.16881590972479898,0.03392889358212062
65406.01291257421,-0.17122072022175416,0.03317598042707264
65408.52350093946,-0.1733220666355919,0.032438668281783635
65411.03408930471,-0.17510658194078133,0.03172903737891699
65413.54467766996,-0.17655812232987955,0.031060689573257062
65416.05526603521,-0.17767810120858485,0.030447586415994085
65418.56585440047,-0.17848004431289155,0.029901672067461433
65421.07644276571,-0.17898147404775955,0.02943094689752206
65423.58703113097,-0.17920032223628368,0.029040904991776407
65426.09761949622,-0.17914799197751563,0.028736540067103668
65428.60820786147,-0.17883787101891357,0.028523018834124315
65431.11879622672,-0.1782839389052242,0.02840576074544385
65433.62938459197,-0.1775048771087313,0.02838882246132507
65436.13997295722,-0.17650334374047816,0.02847139035427051
65438.65056132247,-0.1752749093575403,0.028647101582611554
65441.16114968772,-0.173841992567759,0.028904873417434723
65443.67173805297,-0.17224463340244256,0.029230192304534917
65446.182326418224,-0.17051409353371128,0.029607852039438238
65448.692914783474,-0.16866648744326085,0.030023592833364303
65451.203503148725,-0.16672295588068664,0.030463977884407575
65453.714091513975,-0.16471430484671146,0.03091674077745265
65456.22467987923,-0.1626690978591796,0.03137157001887458
65458.735268244476,-0.16061667287431192,0.03181998289509418
65461.245856609734,-0.15858404463506304,0.03225563998250053
65463.75644497498,-0.15659000701270998,0.03267406774213439
65466.267033340235,-0.15465093024249654,0.03307261934516628
65468.777621705485,-0.1527822640055092,0.03345034723113966
65471.288210070736,-0.15099884856317658,0.03380721043783143
65473.798798435986,-0.14930479871327407,0.03414222167177404
65476.30938680124,-0.14769093060749583,0.03445341292020798
65478.81997516649,-0.14615029487322317,0.034739181611881095
65481.33056353174,-0.14467579733900493,0.034999218827574556
65483.84115189699,-0.1432605383288319,0.03523462798918567
65486.35174026224,-0.14189933948682665,0.03544779840247274
65488.86232862749,-0.14059202769203694,0.035642027172127506
65491.37291699274,-0.13934075390716316,0.03582144602148266
65493.883505358,-0.138146293364116,0.035990212609529275
65496.39409372324,-0.13699755720153917,0.036151368893311185
65498.9046820885,-0.13587548543000594,0.036306850633005344
65501.41527045374,-0.1347609011354507,0.03645734714233037
65503.925858819,-0.13363726800889708,0.03660230112036384
65506.43644718425,-0.13249652604281437,0.036740690257286476
65508.9470355495,-0.13133986793400254,0.03687103324686104
65511.45762391475,-0.1301779245131911,0.03698982198673629
65513.96821228,-0.1290210508373093,0.03709170881145681
65516.47880064525,-0.12786972381582018,0.03717010632898717
65518.9893890105,-0.12671369420422707,0.037217394900779195
65521.49997737575,-0.1255376421759138,0.0372267414821487
65524.010565741,-0.1243227197410306,0.03719242821647624
65526.52115410625,-0.12305357037985232,0.03710987508238797
65529.0317424715,-0.121716674984782,0.03697607870959616
65531.54233083675,-0.12029837562295143,0.03678985780536455
65534.052919202004,-0.11878471545060165,0.03655224747520291
65536.56350756726,-0.11716173768218141,0.03626675920467289
65539.0740959325,-0.11541548521199729,0.035939622836463625
65541.58468429776,-0.11353196029085666,0.035580044368994104
65544.095272663,-0.1114899171225261,0.035200175030081625
65546.60586102826,-0.10925231751753017,0.03481502222002919
65549.1164493935,-0.10677631528233178,0.034443074949734656
65551.62703775876,-0.10401985576027073,0.03410609064988639
65554.13762612402,-0.10095575710874982,0.03382714025202352
65556.64821448927,-0.09755585959646851,0.03363031071492083
65559.15880285451,-0.09378812411159743,0.03354083098876213
65561.66939121977,-0.08962832768156659,0.033585990186070336
65564.17997958502,-0.085054124268936,0.03379536523528081
65566.69056795027,-0.08004351583076641,0.034199713112396356
65569.20115631552,-0.0745992514421232,0.03482657298708999
65571.71174468077,-0.06876699335407466,0.035696663272512544
65574.22233304603,-0.0626114661572501,0.03682380736467805
65576.73292141127,-0.056184392306022346,0.03821432420743439
65579.24350977653,-0.049517647887114435,0.03986943816211376
65581.75409814177,-0.04264285319368355,0.04178734228983326
65584.26468650703,-0.03559020286775194,0.04396414489910135
65586.77527487227,-0.028391255269525573,0.04639471606036319
65589.28586323753,-0.02108433298417367,0.04907307281787717
65591.79645160277,-0.013709285412915051,0.05199298324332007
65594.30703996803,-0.00630043979617767,0.05514740597266074
65596.81762833329,0.0011157292246934958,0.058528057056933605
65599.32821669853,0.0085213700712643,0.06212467723178447
