ID,x,y,bsize,mjd,zpt,fluxADU,flux_err,X2norm,Npix,Nmask,Jyas2,Jyas2_err,SB,SB_err,fitsfile,skip,imID,filter,CONVOL00,PHOTNORM,KSUM00,FSIG00,FSCAT00,FWHM,M5SIGMA,SKYADU,muJyas2,muJyas2_err
90,3909,1392,3,56255.308881,30.236,-10.04,6.18,1.18,9,9,-4.024e-07,2.478e-07,,,ec0915.121124.155041_ooi_r_N22_210220.966731_ooi_r_v1_N22.diff.fits,0x0000,5,r,TEMPLATE,t,1.0071,1.472,0.171,3.801,23.073,1522.0,-0.4024,0.2478
90,3909,1392,3,56341.294876,30.236,14.98,5.2,1.26,9,9,6.006e-07,2.086e-07,,,ec0915.130218.178888_ooi_r_N22_210220.966731_ooi_r_v1_N22.diff.fits,0x0000,21,r,TEMPLATE,t,1.0603,1.495,0.201,4.05,23.064,1463.0,0.6006,0.2086
90,3909,1392,3,56488.985316,30.236,-12.14,6.49,1.04,9,9,-4.869e-07,2.601e-07,,,ec0915.130715.219199_ooi_r_N22_210220.966731_ooi_r_v1_N22.diff.fits,0x0000,52,r,TEMPLATE,t,1.0379,1.525,0.247,3.708,22.936,1835.0,-0.48690000000000005,0.2601
90,3909,1392,3,56489.010229,30.236,-10.29,5.88,1.37,9,9,-4.127e-07,2.357e-07,,,ec0915.130716.219211_ooi_r_N22_210220.966731_ooi_r_v1_N22.diff.fits,0x0000,58,r,TEMPLATE,t,1.0247,1.472,0.211,3.821,22.909,1840.0,-0.41269999999999996,0.2357
90,3909,1392,3,56612.303937,30.236,1.67,7.56,1.37,9,9,6.694e-08,3.029e-07,,,ec0915.131116.254781_ooi_r_N22_210220.966731_ooi_r_v1_N22.diff.fits,0x0000,66,r,TEMPLATE,t,1.0162,1.484,0.154,5.577,22.256,3289.0,0.06694,0.3029
90,3909,1392,3,56703.184694,30.236,-16.41,9.29,1.45,9,9,-6.581e-07,3.725e-07,,,ec0915.140215.285237_ooi_r_N22_210220.966731_ooi_r_v1_N22.diff.fits,0x0000,118,r,TEMPLATE,t,0.9816,1.413,0.126,5.263,22.201,3907.0,-0.6581,0.3725
90,3909,1392,3,56703.190316,30.236,-1.51,8.68,0.43,9,9,-6.057e-08,3.48e-07,,,ec0915.140215.285240_ooi_r_N22_210220.966731_ooi_r_v1_N22.diff.fits,0x0000,123,r,TEMPLATE,t,0.9933,1.409,0.098,5.266,22.22,3795.0,-0.060570000000000006,0.348
90,3909,1392,3,56852.005984,30.236,-23.94,9.64,2.22,9,9,-9.596e-07,3.866e-07,,,ec0915.140714.336064_ooi_r_v1_N22_210220.966731_ooi_r_v1_N22.diff.fits,0x0000,160,r,TEMPLATE,t,0.8798,1.315,0.108,5.359,22.233,2925.0,-0.9596000000000001,0.3866
90,3909,1392,3,56998.343496,30.236,-25.89,7.72,1.14,9,9,-1.038e-06,3.094e-07,,,ec0915.141207.384694_ooi_r_v1_N22_210220.966731_ooi_r_v1_N22.diff.fits,0x0000,177,r,TEMPLATE,t,1.0147,1.495,0.154,4.523,22.543,2540.0,-1.038,0.3094
90,3909,1392,3,57053.237528,30.236,-44.71,6.14,2.34,9,9,-1.793e-06,2.46e-07,,,ec0915.150131.404891_ooi_r_v1_N22_210220.966731_ooi_r_v1_N22.diff.fits,0x0000,193,r,TEMPLATE,t,1.0019,1.831,0.271,3.403,23.08,1513.0,-1.793,0.246
90,3909,1392,3,57056.25738,30.236,-66.35,8.29,0.38,9,9,-2.66e-06,3.323e-07,,,ec0915.150203.405990_ooi_r_ls9_N22_210220.966731_ooi_r_v1_N22.diff.fits,0x0000,199,r,TEMPLATE,t,0.9718,1.363,0.165,3.473,22.622,2699.0,-2.66,0.3323
90,3909,1392,3,57056.265651,30.236,-53.61,8.71,1.21,9,9,-2.149e-06,3.492e-07,,,ec0915.150203.405994_ooi_r_ls9_N22_210220.966731_ooi_r_v1_N22.diff.fits,0x0000,205,r,TEMPLATE,t,0.973,1.409,0.186,3.692,22.597,2632.0,-2.149,0.34919999999999995
90,3909,1392,3,57090.189029,30.236,-99.12,8.14,1.77,9,9,-3.974e-06,3.265e-07,,,ec0915.150309.419767_ooi_r_v1_N22_210220.966731_ooi_r_v1_N22.diff.fits,0x0000,224,r,TEMPLATE,t,0.9716,1.362,0.244,3.103,22.909,2398.0,-3.974,0.3265
90,3909,1392,3,57198.957095,30.236,-82.29,7.63,1.23,9,9,-3.299e-06,3.06e-07,,,ec0915.150625.453950_ooi_r_v1_N22_210220.966731_ooi_r_v1_N22.diff.fits,0x0000,257,r,TEMPLATE,t,0.9621,1.065,0.117,4.828,22.323,2652.0,-3.299,0.306
90,3909,1392,3,57198.962738,30.236,-53.49,7.17,2.7,9,9,-2.145e-06,2.875e-07,,,ec0915.150625.453953_ooi_r_v1_N22_210220.966731_ooi_r_v1_N22.diff.fits,0x0000,261,r,TEMPLATE,t,0.9604,1.262,0.13,5.309,22.369,2091.0,-2.1449999999999996,0.2875
90,3909,1392,3,57199.002336,30.236,-51.38,8.54,1.0,9,9,-2.06e-06,3.426e-07,,,ec0915.150626.453974_ooi_r_v1_N22_210220.966731_ooi_r_v1_N22.diff.fits,0x0000,265,r,TEMPLATE,t,0.9562,1.013,0.127,5.025,22.357,2533.0,-2.06,0.3426
90,3909,1392,3,57387.337417,30.236,-10.08,7.34,1.47,9,9,-4.04e-07,2.943e-07,,,ec0915.151231.507218_ooi_r_v1_N22_210220.966731_ooi_r_v1_N22.diff.fits,0x0000,275,r,TEMPLATE,t,0.9762,1.377,0.225,3.359,22.924,1914.0,-0.404,0.2943
90,3909,1392,3,57388.331676,30.236,-26.56,6.95,1.03,9,9,-1.065e-06,2.787e-07,,,ec0915.160101.507559_ooi_r_v1_N22_210220.966731_ooi_r_v1_N22.diff.fits,0x0000,281,r,TEMPLATE,t,0.9824,1.316,0.184,3.604,22.939,1651.0,-1.065,0.27869999999999995
90,3909,1392,3,57452.203767,30.236,-11.98,7.85,0.53,9,9,-4.805e-07,3.146e-07,,,ec0915.160305.523436_ooi_r_v1_N22_210220.966731_ooi_r_v1_N22.diff.fits,0x0000,296,r,TEMPLATE,t,1.0021,1.333,0.287,2.788,23.156,2014.0,-0.4805,0.31460000000000005
90,3909,1392,3,57545.097186,30.236,-10.29,6.69,2.02,9,9,-4.125e-07,2.682e-07,,,ec0915.160606.546815_ooi_r_v1_N22_210220.966731_ooi_r_v1_N22.diff.fits,0x0000,317,r,TEMPLATE,t,0.9788,1.027,0.151,7.481,22.155,1667.0,-0.41250000000000003,0.2682
90,3909,1392,3,57545.101308,30.236,2.64,7.13,1.18,9,9,1.058e-07,2.858e-07,,,ec0915.160606.546817_ooi_r_v1_N22_210220.966731_ooi_r_v1_N22.diff.fits,0x0000,320,r,TEMPLATE,t,0.7702,1.293,0.159,6.992,22.166,1129.0,0.10579999999999999,0.2858
90,3909,1392,3,57545.102798,30.236,-19.94,7.52,1.59,9,9,-7.993e-07,3.017e-07,,,ec0915.160606.546818_ooi_r_v1_N22_210220.966731_ooi_r_v1_N22.diff.fits,0x0000,321,r,TEMPLATE,t,0.7102,1.262,0.154,8.035,21.968,1062.0,-0.7993,0.3017
90,3909,1392,3,57566.037228,30.236,-24.19,7.33,0.58,9,9,-9.697e-07,2.938e-07,,,ec0915.160627.549000_ooi_r_v1_N22_210220.966731_ooi_r_v1_N22.diff.fits,0x0000,331,r,TEMPLATE,t,0.9119,1.089,0.137,4.828,22.574,1681.0,-0.9697,0.2938
90,3909,1392,3,57778.252702,30.236,-65.09,5.05,0.65,9,9,-2.61e-06,2.024e-07,,,ec0915.170125.612774_ooi_r_v1_N22_210220.966731_ooi_r_v1_N22.diff.fits,0x0000,353,r,TEMPLATE,t,0.8913,1.665,0.267,4.73,22.895,917.0,-2.61,0.20240000000000002
90,3909,1392,3,57778.256835,30.236,-39.36,6.29,1.18,9,9,-1.578e-06,2.524e-07,,,ec0915.170125.612776_ooi_r_v1_N22_210220.966731_ooi_r_v1_N22.diff.fits,0x0000,358,r,TEMPLATE,t,0.8911,1.389,0.2,4.09,22.945,1070.0,-1.578,0.2524
90,3909,1392,3,57782.268868,30.236,-42.21,6.52,1.41,9,9,-1.692e-06,2.615e-07,,,ec0915.170129.614187_ooi_r_v1_N22_210220.966731_ooi_r_v1_N22.diff.fits,0x0000,361,r,TEMPLATE,t,0.9276,1.416,0.212,3.598,23.017,1309.0,-1.6920000000000002,0.2615
90,3909,1392,3,57782.272997,30.236,-37.79,6.38,0.7,9,9,-1.515e-06,2.56e-07,,,ec0915.170129.614189_ooi_r_v1_N22_210220.966731_ooi_r_v1_N22.diff.fits,0x0000,364,r,TEMPLATE,t,0.9311,1.367,0.195,3.979,22.944,1238.0,-1.515,0.256
90,3909,1392,3,57830.199155,30.236,-47.17,7.12,0.88,9,9,-1.891e-06,2.855e-07,,,ec0915.170318.631347_ooi_r_v1_N22_210220.966731_ooi_r_v1_N22.diff.fits,0x0000,388,r,TEMPLATE,t,0.9378,1.609,0.265,3.229,23.078,1554.0,-1.891,0.28550000000000003
90,3909,1392,3,57830.199155,30.236,-48.55,6.85,0.87,9,9,-1.946e-06,2.746e-07,,,ec0915.170318.631347_ooi_r_vx_N22_210220.966731_ooi_r_v1_N22.diff.fits,0x0000,389,r,TEMPLATE,t,0.9057,1.676,0.226,3.23,23.149,1241.0,-1.9460000000000002,0.2746
90,3909,1392,3,57847.12133,30.236,-44.76,7.34,0.81,9,9,-1.795e-06,2.943e-07,,,ec0915.170404.636944_ooi_r_v1_N22_210220.966731_ooi_r_v1_N22.diff.fits,0x0000,392,r,TEMPLATE,t,0.9508,1.286,0.215,4.069,22.797,1660.0,-1.795,0.2943
90,3909,1392,3,57847.12133,30.236,-45.48,6.27,1.1,9,9,-1.823e-06,2.514e-07,,,ec0915.170404.636944_ooi_r_vx_N22_210220.966731_ooi_r_v1_N22.diff.fits,0x0000,393,r,TEMPLATE,t,0.9283,1.652,0.208,4.079,23.004,1022.0,-1.823,0.2514
90,3909,1392,3,57848.989641,30.236,-63.94,6.94,0.95,9,9,-2.563e-06,2.782e-07,,,ec0915.170405.637487_ooi_r_v1_N22_210220.966731_ooi_r_v1_N22.diff.fits,0x0000,399,r,TEMPLATE,t,1.1422,1.527,0.227,3.644,22.877,2276.0,-2.5629999999999997,0.2782
90,3909,1392,3,57872.964702,30.236,-42.61,8.49,0.94,9,9,-1.708e-06,3.402e-07,,,ec0915.170429.645090_ooi_r_v1_N22_210220.966731_ooi_r_v1_N22.diff.fits,0x0000,409,r,TEMPLATE,t,0.9656,1.604,0.287,2.711,23.063,2087.0,-1.708,0.3402
90,3909,1392,3,57873.969197,30.236,-53.31,7.05,0.71,9,9,-2.137e-06,2.828e-07,,,ec0915.170430.645614_ooi_r_v1_N22_210220.966731_ooi_r_v1_N22.diff.fits,0x0000,418,r,TEMPLATE,t,0.9647,1.711,0.317,3.173,23.166,1430.0,-2.137,0.2828
90,3909,1392,3,57873.973357,30.236,-46.82,6.66,1.63,9,9,-1.877e-06,2.67e-07,,,ec0915.170430.645616_ooi_r_v1_N22_210220.966731_ooi_r_v1_N22.diff.fits,0x0000,421,r,TEMPLATE,t,0.965,1.519,0.265,3.308,23.12,1463.0,-1.877,0.267
90,3909,1392,3,57935.017948,30.236,-52.42,6.86,0.52,9,9,-2.102e-06,2.75e-07,,,ec0915.170701.657443_ooi_r_v1_N22_210220.966731_ooi_r_v1_N22.diff.fits,0x0000,464,r,TEMPLATE,t,0.9659,1.508,0.265,3.119,23.049,1661.0,-2.102,0.275
90,3909,1392,3,57935.017948,30.236,-52.8,6.3,0.84,9,9,-2.117e-06,2.526e-07,,,ec0915.170701.657443_ooi_r_vx_N22_210220.966731_ooi_r_v1_N22.diff.fits,0x0000,465,r,TEMPLATE,t,0.9377,1.852,0.336,3.125,23.201,1133.0,-2.117,0.25260000000000005
90,3909,1392,3,57937.023681,30.236,-52.62,7.13,1.14,9,9,-2.11e-06,2.86e-07,,,ec0915.170703.658353_ooi_r_v1_N22_210220.966731_ooi_r_v1_N22.diff.fits,0x0000,473,r,TEMPLATE,t,0.9498,1.222,0.135,4.219,22.672,2063.0,-2.1100000000000003,0.286
90,3909,1392,3,57950.992196,30.236,-37.52,6.78,0.4,9,9,-1.504e-06,2.719e-07,,,ec0915.170716.659070_ooi_r_v1_N22_210220.966731_ooi_r_v1_N22.diff.fits,0x0000,478,r,TEMPLATE,t,0.9372,1.128,0.12,8.837,22.066,1554.0,-1.504,0.2719
90,3909,1392,3,58143.321395,30.236,-24.25,6.98,2.0,9,9,-9.724e-07,2.8e-07,,,ec0915.180125.715497_ooi_r_v1_N22_210220.966731_ooi_r_v1_N22.diff.fits,0x0000,486,r,TEMPLATE,t,0.9124,1.212,0.179,4.154,22.864,1319.0,-0.9724,0.28
90,3909,1392,3,58188.054672,30.236,-13.79,6.48,0.58,9,9,-5.529e-07,2.597e-07,,,ec0915.180311.728978_ooi_r_v1_N22_210220.966731_ooi_r_v1_N22.diff.fits,0x0000,504,r,TEMPLATE,t,0.894,1.134,0.15,4.884,22.58,1475.0,-0.5529000000000001,0.2597
90,3909,1392,3,58188.058831,30.236,-4.95,6.99,0.8,9,9,-1.984e-07,2.802e-07,,,ec0915.180311.728980_ooi_r_v1_N22_210220.966731_ooi_r_v1_N22.diff.fits,0x0000,507,r,TEMPLATE,t,0.8949,1.386,0.213,4.747,22.716,1199.0,-0.1984,0.2802
90,3909,1392,3,58225.983353,30.236,-4.39,7.87,0.79,9,9,-1.762e-07,3.156e-07,,,ec0915.180417.736456_ooi_r_v1_N22_210220.966731_ooi_r_v1_N22.diff.fits,0x0000,510,r,TEMPLATE,t,0.9032,0.991,0.131,4.534,22.501,1884.0,-0.1762,0.3156
90,3909,1392,3,58232.980215,30.236,-0.6,8.6,0.75,9,9,-2.422e-08,3.448e-07,,,ec0915.180424.738616_ooi_r_v1_N22_210220.966731_ooi_r_v1_N22.diff.fits,0x0000,516,r,TEMPLATE,t,0.9303,1.069,0.154,3.827,22.535,2562.0,-0.024220000000000002,0.3448
90,3909,1392,3,58246.000597,30.236,-23.21,10.24,1.22,9,9,-9.305e-07,4.107e-07,,,ec0915.180508.743627_ooi_r_v1_N22_210220.966731_ooi_r_v1_N22.diff.fits,0x0000,522,r,TEMPLATE,t,0.6285,1.048,0.104,4.719,22.108,1922.0,-0.9305,0.4107
90,3909,1392,3,58261.077132,30.236,2.2,7.34,1.2,9,9,8.807e-08,2.944e-07,,,ec0915.180523.750066_ooi_r_v1_N22_210220.966731_ooi_r_v1_N22.diff.fits,0x0000,528,r,TEMPLATE,t,0.9239,1.439,0.215,3.316,22.959,1737.0,0.08807,0.2944
90,3909,1392,3,58261.085404,30.236,-10.03,8.0,0.91,9,9,-4.022e-07,3.209e-07,,,ec0915.180523.750070_ooi_r_v1_N22_210220.966731_ooi_r_v1_N22.diff.fits,0x0000,534,r,TEMPLATE,t,0.9285,1.385,0.199,3.295,22.934,1769.0,-0.4022,0.3209
90,3909,1392,3,58313.983799,30.236,-9.37,6.24,0.46,9,9,-3.758e-07,2.502e-07,,,ec0915.180714.755611_ooi_r_v1_N22_210220.966731_ooi_r_v1_N22.diff.fits,0x0000,543,r,TEMPLATE,t,1.0702,1.044,0.187,4.706,22.699,1894.0,-0.3758,0.2502
90,3909,1392,3,58313.992096,30.236,-6.06,6.15,0.62,9,9,-2.431e-07,2.465e-07,,,ec0915.180714.755615_ooi_r_v1_N22_210220.966731_ooi_r_v1_N22.diff.fits,0x0000,549,r,TEMPLATE,t,1.0693,1.395,0.245,4.235,22.963,1427.0,-0.2431,0.2465
90,3909,1392,3,58483.307844,30.236,-26.39,7.18,1.32,9,9,-1.058e-06,2.877e-07,,,ec0915.181231.807721_ooi_r_v1_N22_210220.966731_ooi_r_v1_N22.diff.fits,0x0000,558,r,TEMPLATE,t,1.0532,1.074,0.185,3.676,22.939,1881.0,-1.058,0.2877
90,3909,1392,3,58514.167879,30.236,-23.91,6.51,0.5,9,9,-9.588e-07,2.61e-07,,,ec0915.190131.818095_ooi_r_v1_N22_210220.966731_ooi_r_v1_N22.diff.fits,0x0000,566,r,TEMPLATE,t,0.9454,1.257,0.234,3.441,23.096,1460.0,-0.9588,0.261
90,3909,1392,3,58542.169323,30.236,-7.34,6.11,0.98,9,9,-2.942e-07,2.451e-07,,,ec0915.190228.828457_ooi_r_v1_N22_210220.966731_ooi_r_v1_N22.diff.fits,0x0000,572,r,TEMPLATE,t,0.9989,1.28,0.218,3.975,23.015,1388.0,-0.29419999999999996,0.24509999999999998
90,3909,1392,3,58572.174539,30.236,-8.18,8.3,1.67,9,9,-3.281e-07,3.327e-07,,,ec0915.190330.843679_ooi_r_v1_N22_210220.966731_ooi_r_v1_N22.diff.fits,0x0000,590,r,TEMPLATE,t,1.184,1.153,0.195,4.114,22.315,4416.0,-0.3281,0.3327
90,3909,1392,3,58572.188386,30.236,,,,0,0,,,,,ec0915.190330.843680_ooi_r_v1_N22_210220.966731_ooi_r_v1_N22.diff.fits,0x0000,591,r,TEMPLATE,t,1.3795,1.166,0.086,4.293,22.668,3679.0,,
90,3909,1392,3,58572.192189,30.236,8.61,4.66,0.64,9,9,3.451e-07,1.869e-07,,,ec0915.190330.843681_ooi_r_v1_N22_210220.966731_ooi_r_v1_N22.diff.fits,0x0000,592,r,TEMPLATE,t,2.2148,1.363,0.171,4.287,23.099,4218.0,0.34509999999999996,0.1869
90,3909,1392,3,58572.195989,30.236,0.18,5.62,0.27,9,9,7.193e-09,2.254e-07,,,ec0915.190330.843682_ooi_r_v1_N22_210220.966731_ooi_r_v1_N22.diff.fits,0x0000,593,r,TEMPLATE,t,1.8544,1.235,0.172,4.959,22.755,4228.0,0.007193000000000001,0.2254
90,3909,1392,3,58572.199807,30.236,1.7,7.04,1.83,9,9,6.801e-08,2.821e-07,,,ec0915.190330.843683_ooi_r_v1_N22_210220.966731_ooi_r_v1_N22.diff.fits,0x0000,594,r,TEMPLATE,t,1.2969,1.278,0.167,4.807,22.543,3354.0,0.06801,0.2821
90,3909,1392,3,58578.203234,30.236,-10.56,6.52,0.55,9,9,-4.232e-07,2.613e-07,,,ec0915.190405.846166_ooi_r_v1_N22_210220.966731_ooi_r_v1_N22.diff.fits,0x0000,610,r,TEMPLATE,t,1.027,1.167,0.188,3.851,22.965,1590.0,-0.42319999999999997,0.2613
90,3909,1392,3,58639.019927,30.236,-25.5,25.87,0.99,9,9,-1.022e-06,1.037e-06,,,ec0915.190605.862063_ooi_r_v1_N22_210220.966731_ooi_r_v1_N22.diff.fits,0x0000,616,r,TEMPLATE,t,0.1963,1.161,0.092,4.327,21.15,1063.0,-1.022,1.037
90,3909,1392,3,58818.259286,30.236,27.53,5.47,0.66,9,9,1.104e-06,2.194e-07,23.793,0.215869,ec0915.191201.912642_ooi_r_v1_N22_210220.966731_ooi_r_v1_N22.diff.fits,0x0000,630,r,TEMPLATE,t,0.9881,1.685,0.231,4.503,23.057,974.0,1.1039999999999999,0.21939999999999998
90,3909,1392,3,58818.267605,30.236,15.74,6.31,0.91,9,9,6.309e-07,2.53e-07,,,ec0915.191201.912646_ooi_r_v1_N22_210220.966731_ooi_r_v1_N22.diff.fits,0x0000,637,r,TEMPLATE,t,0.9956,1.347,0.219,3.608,23.067,1255.0,0.6309,0.253
90,3909,1392,3,58840.27635,30.236,22.1,5.67,0.82,9,9,8.861e-07,2.273e-07,24.031,0.278535,ec0915.191223.921760_ooi_r_v1_N22_210220.966731_ooi_r_v1_N22.diff.fits,0x0000,643,r,TEMPLATE,t,1.012,1.784,0.289,3.543,23.357,863.0,0.8861,0.2273
90,3909,1392,3,58840.284643,30.236,15.17,6.3,1.68,9,9,6.082e-07,2.527e-07,,,ec0915.191223.921764_ooi_r_v1_N22_210220.966731_ooi_r_v1_N22.diff.fits,0x0000,649,r,TEMPLATE,t,1.0145,1.539,0.314,3.163,23.323,1132.0,0.6082,0.2527
90,3909,1392,3,58840.35915,30.236,-1.59,8.58,2.64,9,9,-6.361e-08,3.44e-07,,,ec0915.191223.921800_ooi_r_v1_N22_210220.966731_ooi_r_v1_N22.diff.fits,0x0000,655,r,TEMPLATE,t,1.0255,1.567,0.23,2.762,23.076,2238.0,-0.06361,0.34400000000000003
90,3909,1392,3,58848.298971,30.236,-0.56,5.13,0.79,9,9,-2.255e-08,2.056e-07,,,ec0915.191231.923829_ooi_r_v1_N22_210220.966731_ooi_r_v1_N22.diff.fits,0x0000,661,r,TEMPLATE,t,1.0472,1.745,0.27,3.524,23.424,884.0,-0.02255,0.20559999999999998
90,3909,1392,3,58848.307254,30.236,20.26,6.22,1.29,9,9,8.125e-07,2.493e-07,24.126,0.333142,ec0915.191231.923833_ooi_r_v1_N22_210220.966731_ooi_r_v1_N22.diff.fits,0x0000,666,r,TEMPLATE,t,1.049,1.586,0.287,2.959,23.445,1110.0,0.8125,0.2493
90,3909,1392,3,58870.166805,30.236,14.44,6.05,1.81,9,9,5.789e-07,2.427e-07,,,ec0915.200122.925783_ooi_r_v1_N22_210220.966731_ooi_r_v1_N22.diff.fits,0x0000,675,r,TEMPLATE,t,0.9081,1.672,0.223,3.662,23.242,808.0,0.5789,0.24270000000000003
90,3909,1392,3,59176.302759,30.236,-22.18,5.46,1.2,9,9,-8.893e-07,2.188e-07,,,ec0915.201123.957179_ooi_r_v1_N22_210220.966731_ooi_r_v1_N22.diff.fits,0x0000,699,r,TEMPLATE,t,0.9874,1.736,0.283,4.131,23.142,904.0,-0.8893,0.2188
90,3909,1392,3,59236.258572,30.236,-26.62,5.48,1.07,9,9,-1.067e-06,2.196e-07,,,ec0915.210122.958766_ooi_r_v1_N22_210220.966731_ooi_r_v1_N22.diff.fits,0x0000,703,r,TEMPLATE,t,0.9945,1.863,0.366,3.996,23.17,870.0,-1.067,0.21960000000000002
90,3909,1392,3,59297.037616,30.236,-37.19,7.19,1.32,9,9,-1.491e-06,2.882e-07,,,ec0915.210324.976484_ooi_r_v1_N22_210220.966731_ooi_r_v1_N22.diff.fits,0x0000,712,r,TEMPLATE,t,0.9709,1.537,0.226,3.193,23.101,1541.0,-1.491,0.2882
90,3909,1392,3,59322.011015,30.236,-37.55,6.07,0.93,9,9,-1.505e-06,2.434e-07,,,ec0915.210418.986060_ooi_r_v1_N22_210220.966731_ooi_r_v1_N22.diff.fits,0x0000,726,r,TEMPLATE,t,0.9762,1.693,0.279,3.3,23.24,1090.0,-1.505,0.24340000000000003
90,3909,1392,3,59329.072969,30.236,-22.83,8.13,1.08,9,9,-9.153e-07,3.258e-07,,,ec0915.210425.988745_ooi_r_v1_N22_210220.966731_ooi_r_v1_N22.diff.fits,0x0000,729,r,TEMPLATE,t,0.9842,1.394,0.178,3.381,22.66,2530.0,-0.9153,0.32580000000000003
90,3909,1392,3,59337.009141,30.236,-16.5,7.0,1.46,9,9,-6.613e-07,2.804e-07,,,ec0915.210503.992543_ooi_r_v1_N22_210220.966731_ooi_r_v1_N22.diff.fits,0x0000,732,r,TEMPLATE,t,0.7988,1.536,0.203,4.873,22.67,1027.0,-0.6613,0.2804
90,3909,1392,3,59532.333137,30.236,-21.31,5.55,1.08,9,9,-8.542e-07,2.224e-07,,,ec0915.211114.1051152_ooi_r_v1_N22_210220.966731_ooi_r_v1_N22.diff.fits,0x0000,751,r,TEMPLATE,t,1.014,1.646,0.237,3.916,23.134,1096.0,-0.8542,0.22240000000000001
90,3909,1392,3,59537.299978,30.236,-27.31,9.27,1.55,9,9,-1.095e-06,3.717e-07,,,ec0915.211119.1053339_ooi_r_v1_N22_210220.966731_ooi_r_v1_N22.diff.fits,0x0000,754,r,TEMPLATE,t,1.0029,1.442,0.191,3.048,22.836,3139.0,-1.0950000000000002,0.37170000000000003
90,3909,1392,3,59540.317287,30.236,10.16,7.35,1.63,9,9,4.072e-07,2.949e-07,,,ec0915.211122.1054560_ooi_r_v1_N22_210220.966731_ooi_r_v1_N22.diff.fits,0x0000,757,r,TEMPLATE,t,1.0216,1.372,0.167,4.147,22.671,2150.0,0.4072,0.2949
90,3909,1392,3,59576.345387,30.236,-14.45,5.38,1.04,9,9,-5.795e-07,2.156e-07,,,ec0915.211228.1066531_ooi_r_v1_N22_210220.966731_ooi_r_v1_N22.diff.fits,0x0000,776,r,TEMPLATE,t,1.0172,1.675,0.269,3.509,23.222,1128.0,-0.5795,0.21559999999999999
90,3909,1392,3,59588.269713,30.236,-24.5,12.97,2.24,9,9,-9.821e-07,5.201e-07,,,ec0915.220109.1070414_ooi_r_v1_N22_210220.966731_ooi_r_v1_N22.diff.fits,0x0000,783,r,TEMPLATE,t,0.3001,1.286,0.147,3.385,22.207,687.0,-0.9821000000000001,0.5201
90,3909,1392,3,59595.338683,30.236,-30.98,7.69,1.55,9,9,-1.242e-06,3.084e-07,,,ec0915.220116.1072693_ooi_r_v1_N22_210220.966731_ooi_r_v1_N22.diff.fits,0x0000,790,r,TEMPLATE,t,0.886,1.557,0.241,3.23,23.024,1554.0,-1.242,0.3084
90,3909,1392,3,59597.27087,30.236,-21.36,8.52,0.31,9,9,-8.563e-07,3.416e-07,,,ec0915.220118.1073327_ooi_r_v1_N22_210220.966731_ooi_r_v1_N22.diff.fits,0x0000,791,r,TEMPLATE,t,0.9854,1.292,0.148,3.803,22.564,3048.0,-0.8563,0.3416
90,3909,1392,3,59600.21071,30.236,-20.26,6.87,0.96,9,9,-8.124e-07,2.754e-07,,,ec0915.220121.1074493_ooi_r_v1_N22_210220.966731_ooi_r_v1_N22.diff.fits,0x0000,794,r,TEMPLATE,t,0.9919,1.475,0.234,3.854,22.813,2018.0,-0.8124,0.2754
90,3909,1392,3,59634.199379,30.236,-27.27,5.52,1.76,9,9,-1.093e-06,2.212e-07,,,ec0915.220224.1083412_ooi_r_v1_N22_210220.966731_ooi_r_v1_N22.diff.fits,0x0000,799,r,TEMPLATE,t,1.0053,1.552,0.216,4.204,23.055,1077.0,-1.093,0.2212
90,3909,1392,3,59707.991446,30.236,-26.01,6.65,1.42,9,9,-1.043e-06,2.665e-07,,,ec0915.220508.1093196_ooi_r_v1_N22_210220.966731_ooi_r_v1_N22.diff.fits,0x0000,817,r,TEMPLATE,t,0.9364,1.511,0.219,4.223,22.885,1334.0,-1.043,0.2665
90,3909,1392,3,59713.976307,30.236,-37.26,8.88,2.43,9,9,-1.494e-06,3.56e-07,,,ec0915.220514.1096332_ooi_r_v1_N22_210220.966731_ooi_r_v1_N22.diff.fits,0x0000,820,r,TEMPLATE,t,1.0044,1.323,0.149,3.552,22.683,2976.0,-1.494,0.35600000000000004
90,3909,1392,3,59932.253586,30.236,-42.54,4.94,2.54,9,9,-1.705e-06,1.982e-07,,,ec0915.221219.1157412_ooi_r_v1_N22_210220.966731_ooi_r_v1_N22.diff.fits,0x0000,848,r,TEMPLATE,t,0.9643,1.787,0.292,4.653,23.02,915.0,-1.705,0.1982
90,3909,1392,3,59941.259447,30.236,-28.89,6.17,1.01,9,9,-1.158e-06,2.474e-07,,,ec0915.221228.1160246_ooi_r_v1_N22_210220.966731_ooi_r_v1_N22.diff.fits,0x0000,851,r,TEMPLATE,t,0.9765,1.968,0.409,3.245,23.378,930.0,-1.158,0.2474
90,3909,1392,3,59996.380022,30.236,-72.55,12.54,0.44,9,9,-2.909e-06,5.026e-07,,,ec0915.230221.1176172_ooi_r_v1_N22_210220.966731_ooi_r_v1_N22.diff.fits,0x0000,869,r,TEMPLATE,t,0.4015,1.361,0.165,3.594,22.236,1058.0,-2.909,0.5025999999999999
90,3909,1392,3,60046.1933,30.236,-38.42,7.3,1.74,9,9,-1.54e-06,2.925e-07,,,ec0915.230412.1193488_ooi_r_v1_N22_210220.966731_ooi_r_v1_N22.diff.fits,0x0000,885,r,TEMPLATE,t,0.9007,1.616,0.255,3.221,23.072,1350.0,-1.54,0.2925
90,3909,1392,3,60062.083732,30.236,-50.43,6.05,0.68,9,9,-2.022e-06,2.426e-07,,,ec0915.230428.1199095_ooi_r_v1_N22_210220.966731_ooi_r_v1_N22.diff.fits,0x0000,888,r,TEMPLATE,t,0.9764,1.744,0.286,3.388,23.173,1171.0,-2.022,0.2426
90,3909,1392,3,60111.98911,30.236,-45.03,7.54,0.96,9,9,-1.805e-06,3.023e-07,,,ec0915.230616.1215034_ooi_r_v1_N22_210220.966731_ooi_r_v1_N22.diff.fits,0x0000,903,r,TEMPLATE,t,0.6749,1.574,0.235,4.033,22.637,1032.0,-1.8050000000000002,0.3023
90,3909,1392,3,60114.962594,30.236,52.23,37.66,0.35,9,9,2.094e-06,1.51e-06,,,ec0915.230619.1216204_ooi_r_v1_N22_210220.966731_ooi_r_v1_N22.diff.fits,0x0000,904,r,TEMPLATE,t,0.1232,1.086,0.106,5.941,20.471,965.0,2.0940000000000003,1.51
90,3909,1392,3,60148.009633,30.236,-17.13,6.5,0.89,9,9,-6.868e-07,2.604e-07,,,ec0915.230723.1223927_ooi_r_v1_N22_210220.966731_ooi_r_v1_N22.diff.fits,0x0000,908,r,TEMPLATE,t,0.9154,1.671,0.277,10.593,21.938,1199.0,-0.6868000000000001,0.26039999999999996
90,3909,1392,3,60262.344638,30.236,-71.03,5.82,0.98,9,9,-2.848e-06,2.333e-07,,,ec0915.231114.1254456_ooi_r_v1_N22_210220.966731_ooi_r_v1_N22.diff.fits,0x0000,922,r,TEMPLATE,t,0.9794,1.732,0.29,3.788,23.189,1038.0,-2.8480000000000003,0.2333
90,3909,1392,3,60292.272893,30.236,-67.16,32.69,0.98,9,9,-2.692e-06,1.311e-06,,,ec0915.231214.1259530_ooi_r_v1_N22_210220.966731_ooi_r_v1_N22.diff.fits,0x0000,929,r,TEMPLATE,t,0.1156,1.121,0.162,4.535,20.938,589.0,-2.6919999999999997,1.311
90,3909,1392,3,60325.283826,30.236,-77.81,4.73,1.13,9,9,-3.12e-06,1.895e-07,,,ec0915.240116.1268106_ooi_r_v1_N22_210220.966731_ooi_r_v1_N22.diff.fits,0x0000,941,r,TEMPLATE,t,1.0134,1.816,0.307,4.722,22.971,917.0,-3.12,0.1895
90,3909,1392,3,60328.189544,30.236,-67.39,5.63,1.9,9,9,-2.702e-06,2.257e-07,,,ec0915.240119.1269287_ooi_r_v1_N22_210220.966731_ooi_r_v1_N22.diff.fits,0x0000,942,r,TEMPLATE,t,0.9847,1.774,0.32,4.685,22.922,1078.0,-2.702,0.22569999999999998
90,3909,1392,3,60340.286915,30.236,-75.51,5.81,0.88,9,9,-3.027e-06,2.33e-07,,,ec0915.240131.1272900_ooi_r_v1_N22_210220.966731_ooi_r_v1_N22.diff.fits,0x0000,950,r,TEMPLATE,t,0.9939,1.523,0.22,4.202,22.881,1514.0,-3.027,0.233
90,3909,1392,3,60355.256187,30.236,-72.36,5.39,2.52,9,9,-2.901e-06,2.16e-07,,,ec0915.240215.1276568_ooi_r_v1_N22_210220.966731_ooi_r_v1_N22.diff.fits,0x0000,958,r,TEMPLATE,t,1.0047,1.859,0.327,3.431,23.332,884.0,-2.901,0.216
90,3909,1392,3,60370.143001,30.236,-79.95,6.67,1.38,9,9,-3.205e-06,2.672e-07,,,ec0915.240301.1279003_ooi_r_v1_N22_210220.966731_ooi_r_v1_N22.diff.fits,0x0000,966,r,TEMPLATE,t,1.005,1.594,0.263,3.666,23.052,1422.0,-3.2049999999999996,0.2672
90,3909,1392,3,60382.12183,30.236,-70.84,5.21,0.98,9,9,-2.84e-06,2.089e-07,,,ec0915.240313.1282039_ooi_r_v1_N22_210220.966731_ooi_r_v1_N22.diff.fits,0x0000,973,r,TEMPLATE,t,1.0084,1.943,0.359,3.721,23.169,892.0,-2.84,0.2089
90,3909,1392,3,60400.102566,30.236,-85.14,5.97,0.75,9,9,-3.413e-06,2.392e-07,,,ec0915.240331.1284949_ooi_r_v1_N22_210220.966731_ooi_r_v1_N22.diff.fits,0x0000,979,r,TEMPLATE,t,0.9979,1.743,0.293,3.422,23.11,1221.0,-3.4130000000000003,0.23920000000000002
90,3909,1392,3,60427.032195,30.236,-25.19,15.72,0.39,9,9,-1.01e-06,6.303e-07,,,ec0915.240427.1293136_ooi_r_v1_N22_210220.966731_ooi_r_v1_N22.diff.fits,0x0000,991,r,TEMPLATE,t,0.57,1.291,0.162,3.356,22.086,3200.0,-1.01,0.6303
90,3909,1392,3,60442.027756,30.236,-59.47,7.95,0.74,9,9,-2.384e-06,3.189e-07,,,ec0915.240512.1297163_ooi_r_v1_N22_210220.966731_ooi_r_v1_N22.diff.fits,0x0000,1001,r,TEMPLATE,t,0.6879,1.494,0.151,5.436,22.326,1139.0,-2.384,0.31889999999999996
90,3909,1392,3,60460.080873,30.236,-77.02,5.38,1.07,9,9,-3.088e-06,2.157e-07,,,ec0915.240530.1300846_ooi_r_v1_N22_210220.966731_ooi_r_v1_N22.diff.fits,0x0000,1011,r,TEMPLATE,t,0.9839,1.659,0.197,4.302,23.021,1013.0,-3.088,0.2157
90,3909,1392,3,60492.999557,30.292,-64.07,4.77,2.78,9,9,-2.438e-06,1.814e-07,,,ec0915.240702.1307709_ooi_r_v1_N22_210220.966731_ooi_r_v1_N22.diff.fits,0x0000,1025,r,TEMPLATE,i,1.001,1.728,0.215,5.138,22.908,929.0,-2.438,0.1814
90,3909,1392,3,60625.340457,30.328,-115.26,5.72,2.05,9,9,-4.245e-06,2.109e-07,,,ec0915.241111.1340105_ooi_r_v1_N22_210220.966731_ooi_r_v1_N22.diff.fits,0x0000,1045,r,TEMPLATE,i,0.987,1.635,0.216,3.962,23.172,1001.0,-4.245,0.21089999999999998
90,3909,1392,3,60640.338513,30.341,-113.9,5.39,1.96,9,9,-4.143e-06,1.96e-07,,,ec0915.241126.1343229_ooi_r_v1_N22_210220.966731_ooi_r_v1_N22.diff.fits,0x0000,1051,r,TEMPLATE,i,1.0077,1.699,0.258,3.807,23.259,969.0,-4.143,0.196
90,3909,1392,3,60664.324499,30.308,-116.28,5.99,0.72,9,9,-4.362e-06,2.246e-07,,,ec0915.241220.1348720_ooi_r_v1_N22_210220.966731_ooi_r_v1_N22.diff.fits,0x0000,1067,r,TEMPLATE,i,1.0062,1.609,0.239,3.381,23.16,1392.0,-4.362,0.22460000000000002
90,3909,1392,3,60667.325863,30.271,-122.33,6.31,1.11,9,9,-4.748e-06,2.451e-07,,,ec0915.241223.1349688_ooi_r_v1_N22_210220.966731_ooi_r_v1_N22.diff.fits,0x0000,1075,r,TEMPLATE,i,0.9988,1.754,0.253,2.995,23.419,1017.0,-4.748,0.24509999999999998
90,3909,1392,3,60690.291181,30.18,-104.59,8.68,0.78,9,9,-4.415e-06,3.663e-07,,,ec0915.250115.1357398_ooi_r_v1_N22_210220.966731_ooi_r_v1_N22.diff.fits,0x0000,1114,r,TEMPLATE,i,0.9242,1.591,0.294,2.876,22.845,2693.0,-4.415,0.3663
90,3909,1392,3,60691.271699,30.304,-121.6,7.34,1.57,9,9,-4.577e-06,2.763e-07,,,ec0915.250116.1357806_ooi_r_v1_N22_210220.966731_ooi_r_v1_N22.diff.fits,0x0000,1121,r,TEMPLATE,i,0.9775,1.376,0.137,4.152,22.69,2173.0,-4.577,0.2763
90,3909,1392,3,60694.347299,30.299,-120.8,6.21,0.58,9,9,-4.569e-06,2.348e-07,,,ec0915.250119.1359054_ooi_r_v1_N22_210220.966731_ooi_r_v1_N22.diff.fits,0x0000,1130,r,TEMPLATE,i,1.0047,1.55,0.191,3.825,23.03,1357.0,-4.569,0.2348
90,3909,1392,3,60697.323397,30.213,-113.87,5.14,2.39,9,9,-4.662e-06,2.103e-07,,,ec0915.250122.1359770_ooi_r_v1_N22_210220.966731_ooi_r_v1_N22.diff.fits,0x0000,1137,r,TEMPLATE,i,0.9873,1.737,0.265,3.662,23.114,1080.0,-4.662,0.2103
90,3909,1392,3,60700.281483,30.272,-119.22,4.67,0.83,9,9,-4.624e-06,1.809e-07,,,ec0915.250125.1360628_ooi_r_v1_N22_210220.966731_ooi_r_v1_N22.diff.fits,0x0000,1140,r,TEMPLATE,i,0.9961,1.76,0.211,3.821,23.264,829.0,-4.6240000000000006,0.1809
90,3909,1392,3,60706.284296,30.229,-114.38,4.76,0.86,9,9,-4.614e-06,1.918e-07,,,ec0915.250131.1362395_ooi_r_v1_N22_210220.966731_ooi_r_v1_N22.diff.fits,0x0000,1153,r,TEMPLATE,i,1.0022,1.804,0.258,3.769,23.22,850.0,-4.614,0.1918
90,3909,1392,3,60719.167527,30.222,-74.69,8.69,1.29,9,9,-3.032e-06,3.528e-07,,,ec0915.250213.1364428_ooi_r_v1_N22_210220.966731_ooi_r_v1_N22.diff.fits,0x0000,1160,r,TEMPLATE,i,0.9183,1.553,0.275,3.176,22.739,2888.0,-3.032,0.3528
90,3909,1392,3,60721.212558,30.234,-145.35,7.41,1.5,9,9,-5.836e-06,2.974e-07,,,ec0915.250215.1365192_ooi_r_v1_N22_210220.966731_ooi_r_v1_N22.diff.fits,0x0000,1168,r,TEMPLATE,i,0.979,1.428,0.165,3.036,22.94,2262.0,-5.835999999999999,0.2974
90,3909,1392,3,60722.270637,30.26,-124.23,8.02,0.47,9,9,-4.871e-06,3.145e-07,,,ec0915.250216.1365702_ooi_r_v1_N22_210220.966731_ooi_r_v1_N22.diff.fits,0x0000,1174,r,TEMPLATE,i,0.9774,1.45,0.174,3.238,22.968,1985.0,-4.8709999999999996,0.3145
90,3909,1392,3,60723.204598,30.247,-122.72,6.65,2.08,9,9,-4.871e-06,2.639e-07,,,ec0915.250217.1366107_ooi_r_v1_N22_210220.966731_ooi_r_v1_N22.diff.fits,0x0000,1178,r,TEMPLATE,i,0.9869,1.424,0.142,3.805,22.909,1548.0,-4.8709999999999996,0.26389999999999997
90,3909,1392,3,60736.178245,30.284,-125.68,4.8,1.27,9,9,-4.817e-06,1.838e-07,,,ec0915.250302.1369926_ooi_r_v1_N22_210220.966731_ooi_r_v1_N22.diff.fits,0x0000,1192,r,TEMPLATE,i,0.9815,1.963,0.357,3.537,23.361,836.0,-4.817,0.1838
90,3909,1392,3,60744.127613,30.16,-130.87,6.75,0.63,9,9,-5.623e-06,2.901e-07,,,ec0915.250310.1372656_ooi_r_v1_N22_210220.966731_ooi_r_v1_N22.diff.fits,0x0000,1204,r,TEMPLATE,i,0.974,1.761,0.315,2.878,23.114,1588.0,-5.623,0.29009999999999997
90,3909,1392,3,60744.135353,30.203,-134.15,7.26,1.05,9,9,-5.543e-06,3.001e-07,,,ec0915.250310.1372661_ooi_r_v1_N22_210220.966731_ooi_r_v1_N22.diff.fits,0x0000,1205,r,TEMPLATE,i,0.97,1.586,0.227,3.049,23.1,1573.0,-5.543,0.3001
90,3909,1392,3,60757.276218,30.32,-132.73,5.87,1.78,9,9,-4.921e-06,2.175e-07,,,ec0915.250323.1373577_ooi_r_v1_N22_210220.966731_ooi_r_v1_N22.diff.fits,0x0000,1213,r,TEMPLATE,i,1.0049,1.915,0.362,2.98,23.467,1032.0,-4.921,0.2175
90,3909,1392,3,60763.045802,30.278,-133.73,5.06,2.77,9,9,-5.157e-06,1.949e-07,,,ec0915.250329.1375010_ooi_r_v1_N22_210220.966731_ooi_r_v1_N22.diff.fits,0x0000,1223,r,TEMPLATE,i,0.9913,1.785,0.253,3.334,23.355,937.0,-5.157,0.19490000000000002
90,3909,1392,3,60784.031689,30.21,-127.36,6.29,2.1,9,9,-5.228e-06,2.583e-07,,,ec0915.250419.1379367_ooi_r_v1_N22_210220.966731_ooi_r_v1_N22.diff.fits,0x0000,1241,r,TEMPLATE,i,0.9918,1.952,0.364,2.84,23.439,984.0,-5.228,0.2583
90,3909,1392,3,60787.001187,30.37,-151.34,5.17,1.13,9,9,-5.359e-06,1.832e-07,,,ec0915.250422.1380508_ooi_r_v1_N22_210220.966731_ooi_r_v1_N22.diff.fits,0x0000,1245,r,TEMPLATE,i,1.0131,1.671,0.202,4.134,23.184,984.0,-5.359,0.1832
90,3909,1392,3,60787.010389,30.268,-139.61,5.47,1.16,9,9,-5.434e-06,2.131e-07,,,ec0915.250422.1380514_ooi_r_v1_N22_210220.966731_ooi_r_v1_N22.diff.fits,0x0000,1248,r,TEMPLATE,i,1.015,1.855,0.303,3.376,23.301,996.0,-5.434,0.21309999999999998
90,3909,1392,3,60790.109822,30.256,-135.54,4.96,0.99,9,9,-5.331e-06,1.952e-07,,,ec0915.250425.1381473_ooi_r_v1_N22_210220.966731_ooi_r_v1_N22.diff.fits,0x0000,1252,r,TEMPLATE,i,1.0153,1.709,0.245,4.035,23.104,978.0,-5.331,0.1952
90,3909,1392,3,60796.011096,26.704,-10.4,4.41,0.46,9,9,-1.078e-05,4.57e-06,,,ec0915.250501.1383215_ooi_r_v1_N22_210220.966731_ooi_r_v1_N22.diff.fits,0x0000,1260,r,TEMPLATE,i,0.0373,1.055,0.072,4.546,19.437,935.0,-10.78,4.57
90,3909,1392,3,60799.00658,30.218,-137.57,5.81,2.44,9,9,-5.606e-06,2.368e-07,,,ec0915.250504.1384052_ooi_r_v1_N22_210220.966731_ooi_r_v1_N22.diff.fits,0x0000,1266,r,TEMPLATE,i,1.0186,1.811,0.311,3.281,23.231,1094.0,-5.606,0.2368
90,3909,1392,3,60799.016966,30.268,-145.08,5.76,0.7,9,9,-5.647e-06,2.24e-07,,,ec0915.250504.1384058_ooi_r_v1_N22_210220.966731_ooi_r_v1_N22.diff.fits,0x0000,1268,r,TEMPLATE,i,1.0187,1.77,0.277,3.253,23.305,1057.0,-5.647,0.224
90,3909,1392,3,60801.009234,30.298,-143.87,7.04,1.99,9,9,-5.444e-06,2.664e-07,,,ec0915.250506.1384896_ooi_r_v1_N22_210220.966731_ooi_r_v1_N22.diff.fits,0x0000,1271,r,TEMPLATE,i,1.0255,1.851,0.365,2.888,23.303,1443.0,-5.444,0.2664
90,3909,1392,3,60811.010513,28.942,-31.48,6.05,0.53,9,9,-4.153e-06,7.985e-07,,,ec0915.250516.1385994_ooi_r_v1_N22_210220.966731_ooi_r_v1_N22.diff.fits,0x0000,1285,r,TEMPLATE,i,0.3041,1.284,0.157,3.153,21.852,1423.0,-4.153,0.7985
90,3909,1392,3,60819.973516,30.311,-151.76,5.91,1.52,9,9,-5.679e-06,2.213e-07,,,ec0915.250524.1389975_ooi_r_v1_N22_210220.966731_ooi_r_v1_N22.diff.fits,0x0000,1289,r,TEMPLATE,i,1.0188,1.688,0.227,3.092,23.395,1084.0,-5.679,0.2213
90,3909,1392,3,60823.005972,30.324,-151.8,5.24,0.74,9,9,-5.609e-06,1.938e-07,,,ec0915.250528.1390902_ooi_r_v1_N22_210220.966731_ooi_r_v1_N22.diff.fits,0x0000,1299,r,TEMPLATE,i,1.0237,1.571,0.185,6.587,22.624,1006.0,-5.609,0.1938
90,3909,1392,3,60825.983625,30.27,-155.86,5.86,2.62,9,9,-6.053e-06,2.274e-07,,,ec0915.250530.1391886_ooi_r_v1_N22_210220.966731_ooi_r_v1_N22.diff.fits,0x0000,1302,r,TEMPLATE,i,1.0197,1.725,0.255,3.132,23.363,1041.0,-6.053,0.22740000000000002
91,3914,1402,3,56255.308881,30.236,-13.2,6.6,1.13,9,9,-5.291e-07,2.646e-07,,,ec0915.121124.155041_ooi_r_N22_210220.966731_ooi_r_v1_N22.diff.fits,0x0000,5,r,TEMPLATE,t,1.0071,1.472,0.171,3.801,23.073,1522.0,-0.5291,0.26459999999999995
91,3914,1402,3,56341.294876,30.236,23.06,5.69,0.74,9,9,9.244e-07,2.281e-07,23.985,0.267856,ec0915.130218.178888_ooi_r_N22_210220.966731_ooi_r_v1_N22.diff.fits,0x0000,21,r,TEMPLATE,t,1.0603,1.495,0.201,4.05,23.064,1463.0,0.9244,0.2281
91,3914,1402,3,56488.985316,30.236,-8.61,6.6,1.41,9,9,-3.45e-07,2.646e-07,,,ec0915.130715.219199_ooi_r_N22_210220.966731_ooi_r_v1_N22.diff.fits,0x0000,52,r,TEMPLATE,t,1.0379,1.525,0.247,3.708,22.936,1835.0,-0.345,0.26459999999999995
91,3914,1402,3,56489.010229,30.236,-5.0,6.44,1.25,9,9,-2.006e-07,2.583e-07,,,ec0915.130716.219211_ooi_r_N22_210220.966731_ooi_r_v1_N22.diff.fits,0x0000,58,r,TEMPLATE,t,1.0247,1.472,0.211,3.821,22.909,1840.0,-0.2006,0.2583
91,3914,1402,3,56612.303937,30.236,-10.61,8.14,1.04,9,9,-4.255e-07,3.262e-07,,,ec0915.131116.254781_ooi_r_N22_210220.966731_ooi_r_v1_N22.diff.fits,0x0000,66,r,TEMPLATE,t,1.0162,1.484,0.154,5.577,22.256,3289.0,-0.4255,0.3262
91,3914,1402,3,56703.184694,30.236,-21.28,9.31,1.22,9,9,-8.533e-07,3.732e-07,,,ec0915.140215.285237_ooi_r_N22_210220.966731_ooi_r_v1_N22.diff.fits,0x0000,118,r,TEMPLATE,t,0.9816,1.413,0.126,5.263,22.201,3907.0,-0.8533000000000001,0.3732
91,3914,1402,3,56703.190316,30.236,1.52,9.46,1.23,9,9,6.107e-08,3.792e-07,,,ec0915.140215.285240_ooi_r_N22_210220.966731_ooi_r_v1_N22.diff.fits,0x0000,123,r,TEMPLATE,t,0.9933,1.409,0.098,5.266,22.22,3795.0,0.061070000000000006,0.3792
91,3914,1402,3,56852.005984,30.236,-21.29,8.87,0.81,9,9,-8.535e-07,3.555e-07,,,ec0915.140714.336064_ooi_r_v1_N22_210220.966731_ooi_r_v1_N22.diff.fits,0x0000,160,r,TEMPLATE,t,0.8798,1.315,0.108,5.359,22.233,2925.0,-0.8534999999999999,0.3555
91,3914,1402,3,56998.343496,30.236,-29.66,7.22,1.71,9,9,-1.189e-06,2.894e-07,,,ec0915.141207.384694_ooi_r_v1_N22_210220.966731_ooi_r_v1_N22.diff.fits,0x0000,177,r,TEMPLATE,t,1.0147,1.495,0.154,4.523,22.543,2540.0,-1.189,0.2894
91,3914,1402,3,57053.237528,30.236,-43.63,6.0,0.84,9,9,-1.749e-06,2.407e-07,,,ec0915.150131.404891_ooi_r_v1_N22_210220.966731_ooi_r_v1_N22.diff.fits,0x0000,193,r,TEMPLATE,t,1.0019,1.831,0.271,3.403,23.08,1513.0,-1.7489999999999999,0.24069999999999997
91,3914,1402,3,57056.25738,30.236,-60.94,8.96,0.95,9,9,-2.443e-06,3.592e-07,,,ec0915.150203.405990_ooi_r_ls9_N22_210220.966731_ooi_r_v1_N22.diff.fits,0x0000,199,r,TEMPLATE,t,0.9718,1.363,0.165,3.473,22.622,2699.0,-2.443,0.35919999999999996
91,3914,1402,3,57056.265651,30.236,-48.1,9.31,0.82,9,9,-1.928e-06,3.731e-07,,,ec0915.150203.405994_ooi_r_ls9_N22_210220.966731_ooi_r_v1_N22.diff.fits,0x0000,205,r,TEMPLATE,t,0.973,1.409,0.186,3.692,22.597,2632.0,-1.928,0.37310000000000004
91,3914,1402,3,57090.189029,30.236,-85.27,8.46,0.4,9,9,-3.419e-06,3.39e-07,,,ec0915.150309.419767_ooi_r_v1_N22_210220.966731_ooi_r_v1_N22.diff.fits,0x0000,224,r,TEMPLATE,t,0.9716,1.362,0.244,3.103,22.909,2398.0,-3.4189999999999996,0.339
91,3914,1402,3,57198.957095,30.236,-54.01,7.97,1.18,9,9,-2.165e-06,3.197e-07,,,ec0915.150625.453950_ooi_r_v1_N22_210220.966731_ooi_r_v1_N22.diff.fits,0x0000,257,r,TEMPLATE,t,0.9621,1.065,0.117,4.828,22.323,2652.0,-2.165,0.3197
91,3914,1402,3,57198.962738,30.236,-55.99,7.6,1.14,9,9,-2.245e-06,3.048e-07,,,ec0915.150625.453953_ooi_r_v1_N22_210220.966731_ooi_r_v1_N22.diff.fits,0x0000,261,r,TEMPLATE,t,0.9604,1.262,0.13,5.309,22.369,2091.0,-2.245,0.30479999999999996
91,3914,1402,3,57199.002336,30.236,-69.01,8.91,0.5,9,9,-2.767e-06,3.571e-07,,,ec0915.150626.453974_ooi_r_v1_N22_210220.966731_ooi_r_v1_N22.diff.fits,0x0000,265,r,TEMPLATE,t,0.9562,1.013,0.127,5.025,22.357,2533.0,-2.767,0.3571
91,3914,1402,3,57387.337417,30.236,5.39,7.57,1.22,9,9,2.16e-07,3.036e-07,,,ec0915.151231.507218_ooi_r_v1_N22_210220.966731_ooi_r_v1_N22.diff.fits,0x0000,275,r,TEMPLATE,t,0.9762,1.377,0.225,3.359,22.924,1914.0,0.216,0.3036
91,3914,1402,3,57388.331676,30.236,-18.46,7.25,0.66,9,9,-7.401e-07,2.907e-07,,,ec0915.160101.507559_ooi_r_v1_N22_210220.966731_ooi_r_v1_N22.diff.fits,0x0000,281,r,TEMPLATE,t,0.9824,1.316,0.184,3.604,22.939,1651.0,-0.7401,0.29069999999999996
91,3914,1402,3,57452.203767,30.236,4.42,7.93,0.23,9,9,1.773e-07,3.179e-07,,,ec0915.160305.523436_ooi_r_v1_N22_210220.966731_ooi_r_v1_N22.diff.fits,0x0000,296,r,TEMPLATE,t,1.0021,1.333,0.287,2.788,23.156,2014.0,0.1773,0.3179
91,3914,1402,3,57545.097186,30.236,0.08,7.17,0.27,9,9,3.351e-09,2.874e-07,,,ec0915.160606.546815_ooi_r_v1_N22_210220.966731_ooi_r_v1_N22.diff.fits,0x0000,317,r,TEMPLATE,t,0.9788,1.027,0.151,7.481,22.155,1667.0,0.0033510000000000002,0.2874
91,3914,1402,3,57545.101308,30.236,18.32,7.24,0.85,9,9,7.346e-07,2.904e-07,,,ec0915.160606.546817_ooi_r_v1_N22_210220.966731_ooi_r_v1_N22.diff.fits,0x0000,320,r,TEMPLATE,t,0.7702,1.293,0.159,6.992,22.166,1129.0,0.7346,0.2904
91,3914,1402,3,57545.102798,30.236,5.09,7.49,1.74,9,9,2.039e-07,3.002e-07,,,ec0915.160606.546818_ooi_r_v1_N22_210220.966731_ooi_r_v1_N22.diff.fits,0x0000,321,r,TEMPLATE,t,0.7102,1.262,0.154,8.035,21.968,1062.0,0.2039,0.3002
91,3914,1402,3,57566.037228,30.236,2.65,6.97,0.61,9,9,1.063e-07,2.793e-07,,,ec0915.160627.549000_ooi_r_v1_N22_210220.966731_ooi_r_v1_N22.diff.fits,0x0000,331,r,TEMPLATE,t,0.9119,1.089,0.137,4.828,22.574,1681.0,0.1063,0.2793
91,3914,1402,3,57778.252702,30.236,-37.91,5.46,0.86,9,9,-1.52e-06,2.187e-07,,,ec0915.170125.612774_ooi_r_v1_N22_210220.966731_ooi_r_v1_N22.diff.fits,0x0000,353,r,TEMPLATE,t,0.8913,1.665,0.267,4.73,22.895,917.0,-1.52,0.2187
91,3914,1402,3,57778.256835,30.236,-38.06,5.81,1.17,9,9,-1.526e-06,2.328e-07,,,ec0915.170125.612776_ooi_r_v1_N22_210220.966731_ooi_r_v1_N22.diff.fits,0x0000,358,r,TEMPLATE,t,0.8911,1.389,0.2,4.09,22.945,1070.0,-1.526,0.2328
91,3914,1402,3,57782.268868,30.236,-32.66,6.61,0.73,9,9,-1.309e-06,2.65e-07,,,ec0915.170129.614187_ooi_r_v1_N22_210220.966731_ooi_r_v1_N22.diff.fits,0x0000,361,r,TEMPLATE,t,0.9276,1.416,0.212,3.598,23.017,1309.0,-1.3090000000000002,0.265
91,3914,1402,3,57782.272997,30.236,-30.19,6.34,0.78,9,9,-1.21e-06,2.544e-07,,,ec0915.170129.614189_ooi_r_v1_N22_210220.966731_ooi_r_v1_N22.diff.fits,0x0000,364,r,TEMPLATE,t,0.9311,1.367,0.195,3.979,22.944,1238.0,-1.21,0.2544
91,3914,1402,3,57830.199155,30.236,-53.92,7.33,0.93,9,9,-2.162e-06,2.937e-07,,,ec0915.170318.631347_ooi_r_v1_N22_210220.966731_ooi_r_v1_N22.diff.fits,0x0000,388,r,TEMPLATE,t,0.9378,1.609,0.265,3.229,23.078,1554.0,-2.162,0.2937
91,3914,1402,3,57830.199155,30.236,-52.58,6.97,0.79,9,9,-2.108e-06,2.796e-07,,,ec0915.170318.631347_ooi_r_vx_N22_210220.966731_ooi_r_v1_N22.diff.fits,0x0000,389,r,TEMPLATE,t,0.9057,1.676,0.226,3.23,23.149,1241.0,-2.108,0.2796
91,3914,1402,3,57847.12133,30.236,-56.65,7.48,1.03,9,9,-2.271e-06,2.999e-07,,,ec0915.170404.636944_ooi_r_v1_N22_210220.966731_ooi_r_v1_N22.diff.fits,0x0000,392,r,TEMPLATE,t,0.9508,1.286,0.215,4.069,22.797,1660.0,-2.271,0.2999
91,3914,1402,3,57847.12133,30.236,-58.04,6.28,1.43,9,9,-2.327e-06,2.518e-07,,,ec0915.170404.636944_ooi_r_vx_N22_210220.966731_ooi_r_v1_N22.diff.fits,0x0000,393,r,TEMPLATE,t,0.9283,1.652,0.208,4.079,23.004,1022.0,-2.327,0.2518
91,3914,1402,3,57848.989641,30.236,-44.03,6.65,1.13,9,9,-1.765e-06,2.667e-07,,,ec0915.170405.637487_ooi_r_v1_N22_210220.966731_ooi_r_v1_N22.diff.fits,0x0000,399,r,TEMPLATE,t,1.1422,1.527,0.227,3.644,22.877,2276.0,-1.7650000000000001,0.26670000000000005
91,3914,1402,3,57872.964702,30.236,-55.46,8.64,1.19,9,9,-2.223e-06,3.463e-07,,,ec0915.170429.645090_ooi_r_v1_N22_210220.966731_ooi_r_v1_N22.diff.fits,0x0000,409,r,TEMPLATE,t,0.9656,1.604,0.287,2.711,23.063,2087.0,-2.2230000000000003,0.3463
91,3914,1402,3,57873.969197,30.236,-64.53,6.52,1.22,9,9,-2.587e-06,2.615e-07,,,ec0915.170430.645614_ooi_r_v1_N22_210220.966731_ooi_r_v1_N22.diff.fits,0x0000,418,r,TEMPLATE,t,0.9647,1.711,0.317,3.173,23.166,1430.0,-2.5869999999999997,0.2615
91,3914,1402,3,57873.973357,30.236,-53.77,7.26,0.66,9,9,-2.156e-06,2.912e-07,,,ec0915.170430.645616_ooi_r_v1_N22_210220.966731_ooi_r_v1_N22.diff.fits,0x0000,421,r,TEMPLATE,t,0.965,1.519,0.265,3.308,23.12,1463.0,-2.156,0.2912
91,3914,1402,3,57935.017948,30.236,-51.11,7.24,1.26,9,9,-2.049e-06,2.903e-07,,,ec0915.170701.657443_ooi_r_v1_N22_210220.966731_ooi_r_v1_N22.diff.fits,0x0000,464,r,TEMPLATE,t,0.9659,1.508,0.265,3.119,23.049,1661.0,-2.0490000000000004,0.2903
91,3914,1402,3,57935.017948,30.236,-49.2,6.59,1.65,9,9,-1.972e-06,2.642e-07,,,ec0915.170701.657443_ooi_r_vx_N22_210220.966731_ooi_r_v1_N22.diff.fits,0x0000,465,r,TEMPLATE,t,0.9377,1.852,0.336,3.125,23.201,1133.0,-1.972,0.2642
91,3914,1402,3,57937.023681,30.236,-58.65,7.67,1.25,9,9,-2.352e-06,3.074e-07,,,ec0915.170703.658353_ooi_r_v1_N22_210220.966731_ooi_r_v1_N22.diff.fits,0x0000,473,r,TEMPLATE,t,0.9498,1.222,0.135,4.219,22.672,2063.0,-2.3520000000000003,0.3074
91,3914,1402,3,57950.992196,30.236,-34.49,6.54,1.2,9,9,-1.383e-06,2.621e-07,,,ec0915.170716.659070_ooi_r_v1_N22_210220.966731_ooi_r_v1_N22.diff.fits,0x0000,478,r,TEMPLATE,t,0.9372,1.128,0.12,8.837,22.066,1554.0,-1.383,0.2621
91,3914,1402,3,58143.321395,30.236,-22.06,6.61,0.31,9,9,-8.843e-07,2.65e-07,,,ec0915.180125.715497_ooi_r_v1_N22_210220.966731_ooi_r_v1_N22.diff.fits,0x0000,486,r,TEMPLATE,t,0.9124,1.212,0.179,4.154,22.864,1319.0,-0.8843000000000001,0.265
91,3914,1402,3,58188.054672,30.236,-5.62,6.77,0.5,9,9,-2.252e-07,2.716e-07,,,ec0915.180311.728978_ooi_r_v1_N22_210220.966731_ooi_r_v1_N22.diff.fits,0x0000,504,r,TEMPLATE,t,0.894,1.134,0.15,4.884,22.58,1475.0,-0.2252,0.2716
91,3914,1402,3,58188.058831,30.236,-8.66,6.77,0.64,9,9,-3.471e-07,2.713e-07,,,ec0915.180311.728980_ooi_r_v1_N22_210220.966731_ooi_r_v1_N22.diff.fits,0x0000,507,r,TEMPLATE,t,0.8949,1.386,0.213,4.747,22.716,1199.0,-0.34709999999999996,0.2713
91,3914,1402,3,58225.983353,30.236,-9.44,7.89,1.34,9,9,-3.784e-07,3.164e-07,,,ec0915.180417.736456_ooi_r_v1_N22_210220.966731_ooi_r_v1_N22.diff.fits,0x0000,510,r,TEMPLATE,t,0.9032,0.991,0.131,4.534,22.501,1884.0,-0.3784,0.3164
91,3914,1402,3,58232.980215,30.236,-16.52,8.53,0.71,9,9,-6.622e-07,3.42e-07,,,ec0915.180424.738616_ooi_r_v1_N22_210220.966731_ooi_r_v1_N22.diff.fits,0x0000,516,r,TEMPLATE,t,0.9303,1.069,0.154,3.827,22.535,2562.0,-0.6622,0.342
91,3914,1402,3,58246.000597,30.236,-4.78,10.04,0.64,9,9,-1.918e-07,4.027e-07,,,ec0915.180508.743627_ooi_r_v1_N22_210220.966731_ooi_r_v1_N22.diff.fits,0x0000,522,r,TEMPLATE,t,0.6285,1.048,0.104,4.719,22.108,1922.0,-0.1918,0.4027
91,3914,1402,3,58261.077132,30.236,12.43,7.43,0.49,9,9,4.985e-07,2.979e-07,,,ec0915.180523.750066_ooi_r_v1_N22_210220.966731_ooi_r_v1_N22.diff.fits,0x0000,528,r,TEMPLATE,t,0.9239,1.439,0.215,3.316,22.959,1737.0,0.49849999999999994,0.2979
91,3914,1402,3,58261.085404,30.236,-3.8,7.96,1.48,9,9,-1.524e-07,3.191e-07,,,ec0915.180523.750070_ooi_r_v1_N22_210220.966731_ooi_r_v1_N22.diff.fits,0x0000,534,r,TEMPLATE,t,0.9285,1.385,0.199,3.295,22.934,1769.0,-0.15239999999999998,0.3191
91,3914,1402,3,58313.983799,30.236,9.93,6.53,1.45,9,9,3.98e-07,2.619e-07,,,ec0915.180714.755611_ooi_r_v1_N22_210220.966731_ooi_r_v1_N22.diff.fits,0x0000,543,r,TEMPLATE,t,1.0702,1.044,0.187,4.706,22.699,1894.0,0.39799999999999996,0.26189999999999997
91,3914,1402,3,58313.992096,30.236,12.51,6.33,0.84,9,9,5.015e-07,2.536e-07,,,ec0915.180714.755615_ooi_r_v1_N22_210220.966731_ooi_r_v1_N22.diff.fits,0x0000,549,r,TEMPLATE,t,1.0693,1.395,0.245,4.235,22.963,1427.0,0.5015,0.2536
91,3914,1402,3,58483.307844,30.236,-13.86,6.8,1.06,9,9,-5.557e-07,2.728e-07,,,ec0915.181231.807721_ooi_r_v1_N22_210220.966731_ooi_r_v1_N22.diff.fits,0x0000,558,r,TEMPLATE,t,1.0532,1.074,0.185,3.676,22.939,1881.0,-0.5557000000000001,0.2728
91,3914,1402,3,58514.167879,30.236,-12.71,6.95,0.16,9,9,-5.095e-07,2.785e-07,,,ec0915.190131.818095_ooi_r_v1_N22_210220.966731_ooi_r_v1_N22.diff.fits,0x0000,566,r,TEMPLATE,t,0.9454,1.257,0.234,3.441,23.096,1460.0,-0.5095,0.2785
91,3914,1402,3,58542.169323,30.236,-13.8,5.79,0.32,9,9,-5.531e-07,2.319e-07,,,ec0915.190228.828457_ooi_r_v1_N22_210220.966731_ooi_r_v1_N22.diff.fits,0x0000,572,r,TEMPLATE,t,0.9989,1.28,0.218,3.975,23.015,1388.0,-0.5531,0.2319
91,3914,1402,3,58572.174539,30.236,0.84,8.7,0.48,9,9,3.361e-08,3.488e-07,,,ec0915.190330.843679_ooi_r_v1_N22_210220.966731_ooi_r_v1_N22.diff.fits,0x0000,590,r,TEMPLATE,t,1.184,1.153,0.195,4.114,22.315,4416.0,0.03361,0.3488
91,3914,1402,3,58572.188386,30.236,,,,0,0,,,,,ec0915.190330.843680_ooi_r_v1_N22_210220.966731_ooi_r_v1_N22.diff.fits,0x0000,591,r,TEMPLATE,t,1.3795,1.166,0.086,4.293,22.668,3679.0,,
91,3914,1402,3,58572.192189,30.236,10.47,4.75,0.37,9,9,4.198e-07,1.903e-07,,,ec0915.190330.843681_ooi_r_v1_N22_210220.966731_ooi_r_v1_N22.diff.fits,0x0000,592,r,TEMPLATE,t,2.2148,1.363,0.171,4.287,23.099,4218.0,0.4198,0.1903
91,3914,1402,3,58572.195989,30.236,-11.14,5.54,1.39,9,9,-4.467e-07,2.223e-07,,,ec0915.190330.843682_ooi_r_v1_N22_210220.966731_ooi_r_v1_N22.diff.fits,0x0000,593,r,TEMPLATE,t,1.8544,1.235,0.172,4.959,22.755,4228.0,-0.4467,0.2223
91,3914,1402,3,58572.199807,30.236,-10.8,6.81,0.89,9,9,-4.331e-07,2.732e-07,,,ec0915.190330.843683_ooi_r_v1_N22_210220.966731_ooi_r_v1_N22.diff.fits,0x0000,594,r,TEMPLATE,t,1.2969,1.278,0.167,4.807,22.543,3354.0,-0.4331,0.2732
91,3914,1402,3,58578.203234,30.236,-3.97,6.71,0.68,9,9,-1.59e-07,2.69e-07,,,ec0915.190405.846166_ooi_r_v1_N22_210220.966731_ooi_r_v1_N22.diff.fits,0x0000,610,r,TEMPLATE,t,1.027,1.167,0.188,3.851,22.965,1590.0,-0.159,0.26899999999999996
91,3914,1402,3,58639.019927,30.236,-12.19,26.13,0.71,9,9,-4.888e-07,1.048e-06,,,ec0915.190605.862063_ooi_r_v1_N22_210220.966731_ooi_r_v1_N22.diff.fits,0x0000,616,r,TEMPLATE,t,0.1963,1.161,0.092,4.327,21.15,1063.0,-0.48879999999999996,1.048
91,3914,1402,3,58818.259286,30.236,20.02,5.73,1.48,9,9,8.026e-07,2.298e-07,24.139,0.310894,ec0915.191201.912642_ooi_r_v1_N22_210220.966731_ooi_r_v1_N22.diff.fits,0x0000,630,r,TEMPLATE,t,0.9881,1.685,0.231,4.503,23.057,974.0,0.8026,0.2298
91,3914,1402,3,58818.267605,30.236,15.48,6.62,0.96,9,9,6.206e-07,2.655e-07,,,ec0915.191201.912646_ooi_r_v1_N22_210220.966731_ooi_r_v1_N22.diff.fits,0x0000,637,r,TEMPLATE,t,0.9956,1.347,0.219,3.608,23.067,1255.0,0.6206,0.2655
91,3914,1402,3,58840.27635,30.236,20.66,5.88,0.88,9,9,8.282e-07,2.358e-07,24.105,0.309115,ec0915.191223.921760_ooi_r_v1_N22_210220.966731_ooi_r_v1_N22.diff.fits,0x0000,643,r,TEMPLATE,t,1.012,1.784,0.289,3.543,23.357,863.0,0.8281999999999999,0.2358
91,3914,1402,3,58840.284643,30.236,27.89,6.47,1.51,9,9,1.118e-06,2.594e-07,23.779,0.251886,ec0915.191223.921764_ooi_r_v1_N22_210220.966731_ooi_r_v1_N22.diff.fits,0x0000,649,r,TEMPLATE,t,1.0145,1.539,0.314,3.163,23.323,1132.0,1.1179999999999999,0.2594
91,3914,1402,3,58840.35915,30.236,19.29,8.36,1.73,9,9,7.733e-07,3.35e-07,,,ec0915.191223.921800_ooi_r_v1_N22_210220.966731_ooi_r_v1_N22.diff.fits,0x0000,655,r,TEMPLATE,t,1.0255,1.567,0.23,2.762,23.076,2238.0,0.7733,0.335
91,3914,1402,3,58848.298971,30.236,36.8,5.66,5.44,9,9,1.475e-06,2.268e-07,23.478,0.166922,ec0915.191231.923829_ooi_r_v1_N22_210220.966731_ooi_r_v1_N22.diff.fits,0x0000,661,r,TEMPLATE,t,1.0472,1.745,0.27,3.524,23.424,884.0,1.475,0.2268
91,3914,1402,3,58848.307254,30.236,31.5,6.16,0.77,9,9,1.263e-06,2.469e-07,23.647,0.212295,ec0915.191231.923833_ooi_r_v1_N22_210220.966731_ooi_r_v1_N22.diff.fits,0x0000,666,r,TEMPLATE,t,1.049,1.586,0.287,2.959,23.445,1110.0,1.2630000000000001,0.2469
91,3914,1402,3,58870.166805,30.236,29.17,5.83,1.57,9,9,1.169e-06,2.338e-07,23.73,0.21709,ec0915.200122.925783_ooi_r_v1_N22_210220.966731_ooi_r_v1_N22.diff.fits,0x0000,675,r,TEMPLATE,t,0.9081,1.672,0.223,3.662,23.242,808.0,1.169,0.23379999999999998
91,3914,1402,3,59176.302759,30.236,-36.86,5.69,1.46,9,9,-1.478e-06,2.28e-07,,,ec0915.201123.957179_ooi_r_v1_N22_210220.966731_ooi_r_v1_N22.diff.fits,0x0000,699,r,TEMPLATE,t,0.9874,1.736,0.283,4.131,23.142,904.0,-1.478,0.228
91,3914,1402,3,59236.258572,30.236,-34.12,5.15,1.67,9,9,-1.368e-06,2.065e-07,,,ec0915.210122.958766_ooi_r_v1_N22_210220.966731_ooi_r_v1_N22.diff.fits,0x0000,703,r,TEMPLATE,t,0.9945,1.863,0.366,3.996,23.17,870.0,-1.368,0.2065
91,3914,1402,3,59297.037616,30.236,-20.33,7.28,1.85,9,9,-8.152e-07,2.919e-07,,,ec0915.210324.976484_ooi_r_v1_N22_210220.966731_ooi_r_v1_N22.diff.fits,0x0000,712,r,TEMPLATE,t,0.9709,1.537,0.226,3.193,23.101,1541.0,-0.8152,0.2919
91,3914,1402,3,59322.011015,30.236,-23.71,6.05,1.59,9,9,-9.506e-07,2.426e-07,,,ec0915.210418.986060_ooi_r_v1_N22_210220.966731_ooi_r_v1_N22.diff.fits,0x0000,726,r,TEMPLATE,t,0.9762,1.693,0.279,3.3,23.24,1090.0,-0.9506,0.2426
91,3914,1402,3,59329.072969,30.236,-23.42,8.48,1.21,9,9,-9.39e-07,3.402e-07,,,ec0915.210425.988745_ooi_r_v1_N22_210220.966731_ooi_r_v1_N22.diff.fits,0x0000,729,r,TEMPLATE,t,0.9842,1.394,0.178,3.381,22.66,2530.0,-0.9390000000000001,0.3402
91,3914,1402,3,59337.009141,30.236,-24.17,6.6,1.36,9,9,-9.688e-07,2.644e-07,,,ec0915.210503.992543_ooi_r_v1_N22_210220.966731_ooi_r_v1_N22.diff.fits,0x0000,732,r,TEMPLATE,t,0.7988,1.536,0.203,4.873,22.67,1027.0,-0.9688,0.2644
91,3914,1402,3,59532.333137,30.236,-6.66,5.86,0.81,9,9,-2.672e-07,2.347e-07,,,ec0915.211114.1051152_ooi_r_v1_N22_210220.966731_ooi_r_v1_N22.diff.fits,0x0000,751,r,TEMPLATE,t,1.014,1.646,0.237,3.916,23.134,1096.0,-0.2672,0.2347
91,3914,1402,3,59537.299978,30.236,-12.48,10.1,0.93,9,9,-5.005e-07,4.051e-07,,,ec0915.211119.1053339_ooi_r_v1_N22_210220.966731_ooi_r_v1_N22.diff.fits,0x0000,754,r,TEMPLATE,t,1.0029,1.442,0.191,3.048,22.836,3139.0,-0.5005000000000001,0.4051
91,3914,1402,3,59540.317287,30.236,40.67,8.1,1.32,9,9,1.631e-06,3.247e-07,23.369,0.216213,ec0915.211122.1054560_ooi_r_v1_N22_210220.966731_ooi_r_v1_N22.diff.fits,0x0000,757,r,TEMPLATE,t,1.0216,1.372,0.167,4.147,22.671,2150.0,1.631,0.3247
91,3914,1402,3,59576.345387,30.236,-5.68,5.9,1.44,9,9,-2.276e-07,2.364e-07,,,ec0915.211228.1066531_ooi_r_v1_N22_210220.966731_ooi_r_v1_N22.diff.fits,0x0000,776,r,TEMPLATE,t,1.0172,1.675,0.269,3.509,23.222,1128.0,-0.2276,0.2364
91,3914,1402,3,59588.269713,30.236,-31.5,13.84,1.48,9,9,-1.263e-06,5.549e-07,,,ec0915.220109.1070414_ooi_r_v1_N22_210220.966731_ooi_r_v1_N22.diff.fits,0x0000,783,r,TEMPLATE,t,0.3001,1.286,0.147,3.385,22.207,687.0,-1.2630000000000001,0.5549
91,3914,1402,3,59595.338683,30.236,3.91,7.78,0.71,9,9,1.57e-07,3.118e-07,,,ec0915.220116.1072693_ooi_r_v1_N22_210220.966731_ooi_r_v1_N22.diff.fits,0x0000,790,r,TEMPLATE,t,0.886,1.557,0.241,3.23,23.024,1554.0,0.157,0.3118
91,3914,1402,3,59597.27087,30.236,10.27,8.47,1.08,9,9,4.116e-07,3.394e-07,,,ec0915.220118.1073327_ooi_r_v1_N22_210220.966731_ooi_r_v1_N22.diff.fits,0x0000,791,r,TEMPLATE,t,0.9854,1.292,0.148,3.803,22.564,3048.0,0.4116,0.3394
91,3914,1402,3,59600.21071,30.236,7.6,7.67,0.77,9,9,3.046e-07,3.076e-07,,,ec0915.220121.1074493_ooi_r_v1_N22_210220.966731_ooi_r_v1_N22.diff.fits,0x0000,794,r,TEMPLATE,t,0.9919,1.475,0.234,3.854,22.813,2018.0,0.30460000000000004,0.3076
91,3914,1402,3,59634.199379,30.236,-0.85,6.04,1.72,9,9,-3.41e-08,2.423e-07,,,ec0915.220224.1083412_ooi_r_v1_N22_210220.966731_ooi_r_v1_N22.diff.fits,0x0000,799,r,TEMPLATE,t,1.0053,1.552,0.216,4.204,23.055,1077.0,-0.0341,0.2423
91,3914,1402,3,59707.991446,30.236,-21.22,6.54,0.59,9,9,-8.508e-07,2.622e-07,,,ec0915.220508.1093196_ooi_r_v1_N22_210220.966731_ooi_r_v1_N22.diff.fits,0x0000,817,r,TEMPLATE,t,0.9364,1.511,0.219,4.223,22.885,1334.0,-0.8508,0.2622
91,3914,1402,3,59713.976307,30.236,-8.73,8.91,0.83,9,9,-3.501e-07,3.571e-07,,,ec0915.220514.1096332_ooi_r_v1_N22_210220.966731_ooi_r_v1_N22.diff.fits,0x0000,820,r,TEMPLATE,t,1.0044,1.323,0.149,3.552,22.683,2976.0,-0.35009999999999997,0.3571
91,3914,1402,3,59932.253586,30.236,-16.23,5.21,0.23,9,9,-6.507e-07,2.088e-07,,,ec0915.221219.1157412_ooi_r_v1_N22_210220.966731_ooi_r_v1_N22.diff.fits,0x0000,848,r,TEMPLATE,t,0.9643,1.787,0.292,4.653,23.02,915.0,-0.6507,0.20879999999999999
91,3914,1402,3,59941.259447,30.236,-25.43,6.22,0.95,9,9,-1.019e-06,2.496e-07,,,ec0915.221228.1160246_ooi_r_v1_N22_210220.966731_ooi_r_v1_N22.diff.fits,0x0000,851,r,TEMPLATE,t,0.9765,1.968,0.409,3.245,23.378,930.0,-1.019,0.24960000000000002
91,3914,1402,3,59996.380022,30.236,-22.12,13.11,1.54,9,9,-8.869e-07,5.256e-07,,,ec0915.230221.1176172_ooi_r_v1_N22_210220.966731_ooi_r_v1_N22.diff.fits,0x0000,869,r,TEMPLATE,t,0.4015,1.361,0.165,3.594,22.236,1058.0,-0.8869,0.5256
91,3914,1402,3,60046.1933,30.236,-42.35,7.14,2.34,9,9,-1.698e-06,2.863e-07,,,ec0915.230412.1193488_ooi_r_v1_N22_210220.966731_ooi_r_v1_N22.diff.fits,0x0000,885,r,TEMPLATE,t,0.9007,1.616,0.255,3.221,23.072,1350.0,-1.6980000000000002,0.2863
91,3914,1402,3,60062.083732,30.236,-38.81,6.67,0.98,9,9,-1.556e-06,2.676e-07,,,ec0915.230428.1199095_ooi_r_v1_N22_210220.966731_ooi_r_v1_N22.diff.fits,0x0000,888,r,TEMPLATE,t,0.9764,1.744,0.286,3.388,23.173,1171.0,-1.556,0.2676
91,3914,1402,3,60111.98911,30.236,-48.18,7.88,1.35,9,9,-1.932e-06,3.161e-07,,,ec0915.230616.1215034_ooi_r_v1_N22_210220.966731_ooi_r_v1_N22.diff.fits,0x0000,903,r,TEMPLATE,t,0.6749,1.574,0.235,4.033,22.637,1032.0,-1.932,0.3161
91,3914,1402,3,60114.962594,30.236,-105.8,35.8,1.32,9,9,-4.242e-06,1.435e-06,,,ec0915.230619.1216204_ooi_r_v1_N22_210220.966731_ooi_r_v1_N22.diff.fits,0x0000,904,r,TEMPLATE,t,0.1232,1.086,0.106,5.941,20.471,965.0,-4.242,1.435
91,3914,1402,3,60148.009633,30.236,-27.11,5.87,1.98,9,9,-1.087e-06,2.352e-07,,,ec0915.230723.1223927_ooi_r_v1_N22_210220.966731_ooi_r_v1_N22.diff.fits,0x0000,908,r,TEMPLATE,t,0.9154,1.671,0.277,10.593,21.938,1199.0,-1.087,0.2352
91,3914,1402,3,60262.344638,30.236,-57.41,5.74,0.98,9,9,-2.302e-06,2.303e-07,,,ec0915.231114.1254456_ooi_r_v1_N22_210220.966731_ooi_r_v1_N22.diff.fits,0x0000,922,r,TEMPLATE,t,0.9794,1.732,0.29,3.788,23.189,1038.0,-2.302,0.2303
91,3914,1402,3,60292.272893,30.236,4.14,35.64,1.08,9,9,1.66e-07,1.429e-06,,,ec0915.231214.1259530_ooi_r_v1_N22_210220.966731_ooi_r_v1_N22.diff.fits,0x0000,929,r,TEMPLATE,t,0.1156,1.121,0.162,4.535,20.938,589.0,0.166,1.429
91,3914,1402,3,60325.283826,30.236,-76.47,4.95,2.05,9,9,-3.066e-06,1.985e-07,,,ec0915.240116.1268106_ooi_r_v1_N22_210220.966731_ooi_r_v1_N22.diff.fits,0x0000,941,r,TEMPLATE,t,1.0134,1.816,0.307,4.722,22.971,917.0,-3.066,0.1985
91,3914,1402,3,60328.189544,30.236,-70.45,5.51,0.44,9,9,-2.825e-06,2.208e-07,,,ec0915.240119.1269287_ooi_r_v1_N22_210220.966731_ooi_r_v1_N22.diff.fits,0x0000,942,r,TEMPLATE,t,0.9847,1.774,0.32,4.685,22.922,1078.0,-2.825,0.2208
91,3914,1402,3,60340.286915,30.236,-69.28,6.24,0.89,9,9,-2.777e-06,2.503e-07,,,ec0915.240131.1272900_ooi_r_v1_N22_210220.966731_ooi_r_v1_N22.diff.fits,0x0000,950,r,TEMPLATE,t,0.9939,1.523,0.22,4.202,22.881,1514.0,-2.7769999999999997,0.2503
91,3914,1402,3,60355.256187,30.236,-82.33,5.31,1.03,9,9,-3.301e-06,2.131e-07,,,ec0915.240215.1276568_ooi_r_v1_N22_210220.966731_ooi_r_v1_N22.diff.fits,0x0000,958,r,TEMPLATE,t,1.0047,1.859,0.327,3.431,23.332,884.0,-3.3009999999999997,0.21309999999999998
91,3914,1402,3,60370.143001,30.236,-84.87,6.43,1.57,9,9,-3.403e-06,2.579e-07,,,ec0915.240301.1279003_ooi_r_v1_N22_210220.966731_ooi_r_v1_N22.diff.fits,0x0000,966,r,TEMPLATE,t,1.005,1.594,0.263,3.666,23.052,1422.0,-3.403,0.2579
91,3914,1402,3,60382.12183,30.236,-91.19,5.56,2.34,9,9,-3.656e-06,2.23e-07,,,ec0915.240313.1282039_ooi_r_v1_N22_210220.966731_ooi_r_v1_N22.diff.fits,0x0000,973,r,TEMPLATE,t,1.0084,1.943,0.359,3.721,23.169,892.0,-3.6559999999999997,0.223
91,3914,1402,3,60400.102566,30.236,-77.98,5.93,1.01,9,9,-3.126e-06,2.379e-07,,,ec0915.240331.1284949_ooi_r_v1_N22_210220.966731_ooi_r_v1_N22.diff.fits,0x0000,979,r,TEMPLATE,t,0.9979,1.743,0.293,3.422,23.11,1221.0,-3.126,0.2379
91,3914,1402,3,60427.032195,30.236,-28.46,16.22,0.5,9,9,-1.141e-06,6.505e-07,,,ec0915.240427.1293136_ooi_r_v1_N22_210220.966731_ooi_r_v1_N22.diff.fits,0x0000,991,r,TEMPLATE,t,0.57,1.291,0.162,3.356,22.086,3200.0,-1.141,0.6505
91,3914,1402,3,60442.027756,30.236,-62.33,8.64,0.23,9,9,-2.499e-06,3.463e-07,,,ec0915.240512.1297163_ooi_r_v1_N22_210220.966731_ooi_r_v1_N22.diff.fits,0x0000,1001,r,TEMPLATE,t,0.6879,1.494,0.151,5.436,22.326,1139.0,-2.499,0.3463
91,3914,1402,3,60460.080873,30.236,-75.58,5.44,2.67,9,9,-3.03e-06,2.182e-07,,,ec0915.240530.1300846_ooi_r_v1_N22_210220.966731_ooi_r_v1_N22.diff.fits,0x0000,1011,r,TEMPLATE,t,0.9839,1.659,0.197,4.302,23.021,1013.0,-3.03,0.2182
91,3914,1402,3,60492.999557,30.292,-68.05,5.24,1.08,9,9,-2.59e-06,1.996e-07,,,ec0915.240702.1307709_ooi_r_v1_N22_210220.966731_ooi_r_v1_N22.diff.fits,0x0000,1025,r,TEMPLATE,i,1.001,1.728,0.215,5.138,22.908,929.0,-2.5900000000000003,0.1996
91,3914,1402,3,60625.340457,30.328,-105.82,5.35,0.43,9,9,-3.897e-06,1.971e-07,,,ec0915.241111.1340105_ooi_r_v1_N22_210220.966731_ooi_r_v1_N22.diff.fits,0x0000,1045,r,TEMPLATE,i,0.987,1.635,0.216,3.962,23.172,1001.0,-3.8970000000000002,0.19710000000000003
91,3914,1402,3,60640.338513,30.341,-117.88,5.55,3.59,9,9,-4.288e-06,2.019e-07,,,ec0915.241126.1343229_ooi_r_v1_N22_210220.966731_ooi_r_v1_N22.diff.fits,0x0000,1051,r,TEMPLATE,i,1.0077,1.699,0.258,3.807,23.259,969.0,-4.288,0.2019
91,3914,1402,3,60664.324499,30.308,-123.49,6.61,0.81,9,9,-4.632e-06,2.478e-07,,,ec0915.241220.1348720_ooi_r_v1_N22_210220.966731_ooi_r_v1_N22.diff.fits,0x0000,1067,r,TEMPLATE,i,1.0062,1.609,0.239,3.381,23.16,1392.0,-4.632,0.2478
91,3914,1402,3,60667.325863,30.271,-133.35,5.99,0.65,9,9,-5.176e-06,2.324e-07,,,ec0915.241223.1349688_ooi_r_v1_N22_210220.966731_ooi_r_v1_N22.diff.fits,0x0000,1075,r,TEMPLATE,i,0.9988,1.754,0.253,2.995,23.419,1017.0,-5.176,0.2324
91,3914,1402,3,60690.291181,30.18,-96.54,8.92,0.95,9,9,-4.075e-06,3.766e-07,,,ec0915.250115.1357398_ooi_r_v1_N22_210220.966731_ooi_r_v1_N22.diff.fits,0x0000,1114,r,TEMPLATE,i,0.9242,1.591,0.294,2.876,22.845,2693.0,-4.075,0.37660000000000005
91,3914,1402,3,60691.271699,30.304,-128.95,7.17,1.51,9,9,-4.854e-06,2.697e-07,,,ec0915.250116.1357806_ooi_r_v1_N22_210220.966731_ooi_r_v1_N22.diff.fits,0x0000,1121,r,TEMPLATE,i,0.9775,1.376,0.137,4.152,22.69,2173.0,-4.853999999999999,0.2697
91,3914,1402,3,60694.347299,30.299,-127.93,6.37,0.96,9,9,-4.839e-06,2.409e-07,,,ec0915.250119.1359054_ooi_r_v1_N22_210220.966731_ooi_r_v1_N22.diff.fits,0x0000,1130,r,TEMPLATE,i,1.0047,1.55,0.191,3.825,23.03,1357.0,-4.8389999999999995,0.2409
91,3914,1402,3,60697.323397,30.213,-130.0,5.3,1.06,9,9,-5.322e-06,2.171e-07,,,ec0915.250122.1359770_ooi_r_v1_N22_210220.966731_ooi_r_v1_N22.diff.fits,0x0000,1137,r,TEMPLATE,i,0.9873,1.737,0.265,3.662,23.114,1080.0,-5.322,0.21710000000000002
91,3914,1402,3,60700.281483,30.272,-119.56,4.88,0.35,9,9,-4.637e-06,1.893e-07,,,ec0915.250125.1360628_ooi_r_v1_N22_210220.966731_ooi_r_v1_N22.diff.fits,0x0000,1140,r,TEMPLATE,i,0.9961,1.76,0.211,3.821,23.264,829.0,-4.637,0.1893
91,3914,1402,3,60706.284296,30.229,-125.55,5.03,1.39,9,9,-5.065e-06,2.03e-07,,,ec0915.250131.1362395_ooi_r_v1_N22_210220.966731_ooi_r_v1_N22.diff.fits,0x0000,1153,r,TEMPLATE,i,1.0022,1.804,0.258,3.769,23.22,850.0,-5.0649999999999995,0.203
91,3914,1402,3,60719.167527,30.222,-75.09,8.69,1.15,9,9,-3.048e-06,3.527e-07,,,ec0915.250213.1364428_ooi_r_v1_N22_210220.966731_ooi_r_v1_N22.diff.fits,0x0000,1160,r,TEMPLATE,i,0.9183,1.553,0.275,3.176,22.739,2888.0,-3.048,0.35269999999999996
91,3914,1402,3,60721.212558,30.234,-145.5,7.67,0.76,9,9,-5.842e-06,3.081e-07,,,ec0915.250215.1365192_ooi_r_v1_N22_210220.966731_ooi_r_v1_N22.diff.fits,0x0000,1168,r,TEMPLATE,i,0.979,1.428,0.165,3.036,22.94,2262.0,-5.8420000000000005,0.3081
91,3914,1402,3,60722.270637,30.26,-137.34,7.5,1.94,9,9,-5.385e-06,2.941e-07,,,ec0915.250216.1365702_ooi_r_v1_N22_210220.966731_ooi_r_v1_N22.diff.fits,0x0000,1174,r,TEMPLATE,i,0.9774,1.45,0.174,3.238,22.968,1985.0,-5.385,0.29410000000000003
91,3914,1402,3,60723.204598,30.247,-118.18,6.41,2.71,9,9,-4.691e-06,2.543e-07,,,ec0915.250217.1366107_ooi_r_v1_N22_210220.966731_ooi_r_v1_N22.diff.fits,0x0000,1178,r,TEMPLATE,i,0.9869,1.424,0.142,3.805,22.909,1548.0,-4.691,0.25429999999999997
91,3914,1402,3,60736.178245,30.284,-134.29,5.07,1.38,9,9,-5.147e-06,1.943e-07,,,ec0915.250302.1369926_ooi_r_v1_N22_210220.966731_ooi_r_v1_N22.diff.fits,0x0000,1192,r,TEMPLATE,i,0.9815,1.963,0.357,3.537,23.361,836.0,-5.147,0.1943
91,3914,1402,3,60744.127613,30.16,-142.07,7.39,3.49,9,9,-6.105e-06,3.176e-07,,,ec0915.250310.1372656_ooi_r_v1_N22_210220.966731_ooi_r_v1_N22.diff.fits,0x0000,1204,r,TEMPLATE,i,0.974,1.761,0.315,2.878,23.114,1588.0,-6.105,0.3176
91,3914,1402,3,60744.135353,30.203,-126.24,7.01,1.9,9,9,-5.216e-06,2.895e-07,,,ec0915.250310.1372661_ooi_r_v1_N22_210220.966731_ooi_r_v1_N22.diff.fits,0x0000,1205,r,TEMPLATE,i,0.97,1.586,0.227,3.049,23.1,1573.0,-5.215999999999999,0.2895
91,3914,1402,3,60757.276218,30.32,-144.43,6.15,0.49,9,9,-5.355e-06,2.281e-07,,,ec0915.250323.1373577_ooi_r_v1_N22_210220.966731_ooi_r_v1_N22.diff.fits,0x0000,1213,r,TEMPLATE,i,1.0049,1.915,0.362,2.98,23.467,1032.0,-5.355,0.2281
91,3914,1402,3,60763.045802,30.278,-142.11,5.4,1.38,9,9,-5.48e-06,2.082e-07,,,ec0915.250329.1375010_ooi_r_v1_N22_210220.966731_ooi_r_v1_N22.diff.fits,0x0000,1223,r,TEMPLATE,i,0.9913,1.785,0.253,3.334,23.355,937.0,-5.48,0.2082
91,3914,1402,3,60784.031689,30.21,-159.91,6.29,1.06,9,9,-6.564e-06,2.581e-07,,,ec0915.250419.1379367_ooi_r_v1_N22_210220.966731_ooi_r_v1_N22.diff.fits,0x0000,1241,r,TEMPLATE,i,0.9918,1.952,0.364,2.84,23.439,984.0,-6.564,0.2581
91,3914,1402,3,60787.001187,30.37,-151.26,5.04,2.9,9,9,-5.356e-06,1.783e-07,,,ec0915.250422.1380508_ooi_r_v1_N22_210220.966731_ooi_r_v1_N22.diff.fits,0x0000,1245,r,TEMPLATE,i,1.0131,1.671,0.202,4.134,23.184,984.0,-5.356,0.17830000000000001
91,3914,1402,3,60787.010389,30.268,-148.83,5.72,1.15,9,9,-5.793e-06,2.227e-07,,,ec0915.250422.1380514_ooi_r_v1_N22_210220.966731_ooi_r_v1_N22.diff.fits,0x0000,1248,r,TEMPLATE,i,1.015,1.855,0.303,3.376,23.301,996.0,-5.793,0.2227
91,3914,1402,3,60790.109822,30.256,-134.29,5.01,1.88,9,9,-5.282e-06,1.969e-07,,,ec0915.250425.1381473_ooi_r_v1_N22_210220.966731_ooi_r_v1_N22.diff.fits,0x0000,1252,r,TEMPLATE,i,1.0153,1.709,0.245,4.035,23.104,978.0,-5.282,0.1969
91,3914,1402,3,60796.011096,26.704,-3.06,4.49,0.76,9,9,-3.171e-06,4.655e-06,,,ec0915.250501.1383215_ooi_r_v1_N22_210220.966731_ooi_r_v1_N22.diff.fits,0x0000,1260,r,TEMPLATE,i,0.0373,1.055,0.072,4.546,19.437,935.0,-3.171,4.655
91,3914,1402,3,60799.00658,30.218,-149.98,5.97,0.96,9,9,-6.112e-06,2.433e-07,,,ec0915.250504.1384052_ooi_r_v1_N22_210220.966731_ooi_r_v1_N22.diff.fits,0x0000,1266,r,TEMPLATE,i,1.0186,1.811,0.311,3.281,23.231,1094.0,-6.112,0.24330000000000002
91,3914,1402,3,60799.016966,30.268,-156.21,5.73,0.65,9,9,-6.08e-06,2.23e-07,,,ec0915.250504.1384058_ooi_r_v1_N22_210220.966731_ooi_r_v1_N22.diff.fits,0x0000,1268,r,TEMPLATE,i,1.0187,1.77,0.277,3.253,23.305,1057.0,-6.08,0.223
91,3914,1402,3,60801.009234,30.298,-158.51,7.37,0.57,9,9,-5.998e-06,2.789e-07,,,ec0915.250506.1384896_ooi_r_v1_N22_210220.966731_ooi_r_v1_N22.diff.fits,0x0000,1271,r,TEMPLATE,i,1.0255,1.851,0.365,2.888,23.303,1443.0,-5.998,0.2789
91,3914,1402,3,60811.010513,28.942,-41.63,6.19,0.94,9,9,-5.493e-06,8.166e-07,,,ec0915.250516.1385994_ooi_r_v1_N22_210220.966731_ooi_r_v1_N22.diff.fits,0x0000,1285,r,TEMPLATE,i,0.3041,1.284,0.157,3.153,21.852,1423.0,-5.492999999999999,0.8166
91,3914,1402,3,60819.973516,30.311,-178.98,6.16,1.96,9,9,-6.697e-06,2.303e-07,,,ec0915.250524.1389975_ooi_r_v1_N22_210220.966731_ooi_r_v1_N22.diff.fits,0x0000,1289,r,TEMPLATE,i,1.0188,1.688,0.227,3.092,23.395,1084.0,-6.696999999999999,0.2303
91,3914,1402,3,60823.005972,30.324,-139.12,4.9,1.38,9,9,-5.141e-06,1.812e-07,,,ec0915.250528.1390902_ooi_r_v1_N22_210220.966731_ooi_r_v1_N22.diff.fits,0x0000,1299,r,TEMPLATE,i,1.0237,1.571,0.185,6.587,22.624,1006.0,-5.141,0.1812
91,3914,1402,3,60825.983625,30.27,-170.57,6.13,0.67,9,9,-6.625e-06,2.379e-07,,,ec0915.250530.1391886_ooi_r_v1_N22_210220.966731_ooi_r_v1_N22.diff.fits,0x0000,1302,r,TEMPLATE,i,1.0197,1.725,0.255,3.132,23.363,1041.0,-6.625,0.2379
92,3899,1358,3,56255.308881,30.236,7.8,6.04,0.73,9,9,3.128e-07,2.42e-07,,,ec0915.121124.155041_ooi_r_N22_210220.966731_ooi_r_v1_N22.diff.fits,0x0000,5,r,TEMPLATE,t,1.0071,1.472,0.171,3.801,23.073,1522.0,0.3128,0.24200000000000002
92,3899,1358,3,56341.294876,30.236,-4.37,5.19,0.4,9,9,-1.751e-07,2.08e-07,,,ec0915.130218.178888_ooi_r_N22_210220.966731_ooi_r_v1_N22.diff.fits,0x0000,21,r,TEMPLATE,t,1.0603,1.495,0.201,4.05,23.064,1463.0,-0.1751,0.20800000000000002
92,3899,1358,3,56488.985316,30.236,-22.41,6.91,2.03,9,9,-8.983e-07,2.771e-07,,,ec0915.130715.219199_ooi_r_N22_210220.966731_ooi_r_v1_N22.diff.fits,0x0000,52,r,TEMPLATE,t,1.0379,1.525,0.247,3.708,22.936,1835.0,-0.8983000000000001,0.2771
92,3899,1358,3,56489.010229,30.236,-14.07,6.36,0.63,9,9,-5.64e-07,2.549e-07,,,ec0915.130716.219211_ooi_r_N22_210220.966731_ooi_r_v1_N22.diff.fits,0x0000,58,r,TEMPLATE,t,1.0247,1.472,0.211,3.821,22.909,1840.0,-0.5640000000000001,0.25489999999999996
92,3899,1358,3,56612.303937,30.236,-14.31,8.0,1.19,9,9,-5.735e-07,3.208e-07,,,ec0915.131116.254781_ooi_r_N22_210220.966731_ooi_r_v1_N22.diff.fits,0x0000,66,r,TEMPLATE,t,1.0162,1.484,0.154,5.577,22.256,3289.0,-0.5735,0.32080000000000003
92,3899,1358,3,56703.184694,30.236,-30.06,9.71,1.33,9,9,-1.205e-06,3.895e-07,,,ec0915.140215.285237_ooi_r_N22_210220.966731_ooi_r_v1_N22.diff.fits,0x0000,118,r,TEMPLATE,t,0.9816,1.413,0.126,5.263,22.201,3907.0,-1.2049999999999998,0.3895
92,3899,1358,3,56703.190316,30.236,-27.3,9.2,1.12,9,9,-1.095e-06,3.69e-07,,,ec0915.140215.285240_ooi_r_N22_210220.966731_ooi_r_v1_N22.diff.fits,0x0000,123,r,TEMPLATE,t,0.9933,1.409,0.098,5.266,22.22,3795.0,-1.0950000000000002,0.369
92,3899,1358,3,56852.005984,30.236,-32.8,9.22,2.13,9,9,-1.315e-06,3.696e-07,,,ec0915.140714.336064_ooi_r_v1_N22_210220.966731_ooi_r_v1_N22.diff.fits,0x0000,160,r,TEMPLATE,t,0.8798,1.315,0.108,5.359,22.233,2925.0,-1.315,0.3696
92,3899,1358,3,56998.343496,30.236,-43.37,7.89,0.97,9,9,-1.739e-06,3.163e-07,,,ec0915.141207.384694_ooi_r_v1_N22_210220.966731_ooi_r_v1_N22.diff.fits,0x0000,177,r,TEMPLATE,t,1.0147,1.495,0.154,4.523,22.543,2540.0,-1.739,0.31629999999999997
92,3899,1358,3,57053.237528,30.236,-60.96,6.51,0.85,9,9,-2.444e-06,2.609e-07,,,ec0915.150131.404891_ooi_r_v1_N22_210220.966731_ooi_r_v1_N22.diff.fits,0x0000,193,r,TEMPLATE,t,1.0019,1.831,0.271,3.403,23.08,1513.0,-2.444,0.2609
92,3899,1358,3,57056.25738,30.236,-81.16,8.75,1.14,9,9,-3.254e-06,3.51e-07,,,ec0915.150203.405990_ooi_r_ls9_N22_210220.966731_ooi_r_v1_N22.diff.fits,0x0000,199,r,TEMPLATE,t,0.9718,1.363,0.165,3.473,22.622,2699.0,-3.254,0.351
92,3899,1358,3,57056.265651,30.236,-74.19,8.42,0.5,9,9,-2.974e-06,3.378e-07,,,ec0915.150203.405994_ooi_r_ls9_N22_210220.966731_ooi_r_v1_N22.diff.fits,0x0000,205,r,TEMPLATE,t,0.973,1.409,0.186,3.692,22.597,2632.0,-2.9739999999999998,0.33780000000000004
92,3899,1358,3,57090.189029,30.236,-95.22,8.56,1.45,9,9,-3.818e-06,3.433e-07,,,ec0915.150309.419767_ooi_r_v1_N22_210220.966731_ooi_r_v1_N22.diff.fits,0x0000,224,r,TEMPLATE,t,0.9716,1.362,0.244,3.103,22.909,2398.0,-3.8179999999999996,0.3433
92,3899,1358,3,57198.957095,30.236,-60.34,7.99,1.19,9,9,-2.419e-06,3.202e-07,,,ec0915.150625.453950_ooi_r_v1_N22_210220.966731_ooi_r_v1_N22.diff.fits,0x0000,257,r,TEMPLATE,t,0.9621,1.065,0.117,4.828,22.323,2652.0,-2.419,0.32020000000000004
92,3899,1358,3,57198.962738,30.236,-45.76,7.96,2.16,9,9,-1.835e-06,3.192e-07,,,ec0915.150625.453953_ooi_r_v1_N22_210220.966731_ooi_r_v1_N22.diff.fits,0x0000,261,r,TEMPLATE,t,0.9604,1.262,0.13,5.309,22.369,2091.0,-1.835,0.3192
92,3899,1358,3,57199.002336,30.236,-57.19,8.4,0.92,9,9,-2.293e-06,3.367e-07,,,ec0915.150626.453974_ooi_r_v1_N22_210220.966731_ooi_r_v1_N22.diff.fits,0x0000,265,r,TEMPLATE,t,0.9562,1.013,0.127,5.025,22.357,2533.0,-2.2929999999999997,0.3367
92,3899,1358,3,57387.337417,30.236,-6.68,6.95,0.4,9,9,-2.679e-07,2.786e-07,,,ec0915.151231.507218_ooi_r_v1_N22_210220.966731_ooi_r_v1_N22.diff.fits,0x0000,275,r,TEMPLATE,t,0.9762,1.377,0.225,3.359,22.924,1914.0,-0.2679,0.2786
92,3899,1358,3,57388.331676,30.236,2.6,7.18,0.84,9,9,1.041e-07,2.88e-07,,,ec0915.160101.507559_ooi_r_v1_N22_210220.966731_ooi_r_v1_N22.diff.fits,0x0000,281,r,TEMPLATE,t,0.9824,1.316,0.184,3.604,22.939,1651.0,0.1041,0.288
92,3899,1358,3,57452.203767,30.236,-25.31,8.24,0.33,9,9,-1.015e-06,3.302e-07,,,ec0915.160305.523436_ooi_r_v1_N22_210220.966731_ooi_r_v1_N22.diff.fits,0x0000,296,r,TEMPLATE,t,1.0021,1.333,0.287,2.788,23.156,2014.0,-1.0150000000000001,0.3302
92,3899,1358,3,57545.097186,30.236,-39.53,6.43,0.48,9,9,-1.585e-06,2.579e-07,,,ec0915.160606.546815_ooi_r_v1_N22_210220.966731_ooi_r_v1_N22.diff.fits,0x0000,317,r,TEMPLATE,t,0.9788,1.027,0.151,7.481,22.155,1667.0,-1.585,0.2579
92,3899,1358,3,57545.101308,30.236,-19.81,6.56,0.82,9,9,-7.943e-07,2.628e-07,,,ec0915.160606.546817_ooi_r_v1_N22_210220.966731_ooi_r_v1_N22.diff.fits,0x0000,320,r,TEMPLATE,t,0.7702,1.293,0.159,6.992,22.166,1129.0,-0.7943,0.2628
92,3899,1358,3,57545.102798,30.236,-27.31,6.86,1.03,9,9,-1.095e-06,2.748e-07,,,ec0915.160606.546818_ooi_r_v1_N22_210220.966731_ooi_r_v1_N22.diff.fits,0x0000,321,r,TEMPLATE,t,0.7102,1.262,0.154,8.035,21.968,1062.0,-1.0950000000000002,0.2748
92,3899,1358,3,57566.037228,30.236,-48.29,7.25,0.4,9,9,-1.936e-06,2.907e-07,,,ec0915.160627.549000_ooi_r_v1_N22_210220.966731_ooi_r_v1_N22.diff.fits,0x0000,331,r,TEMPLATE,t,0.9119,1.089,0.137,4.828,22.574,1681.0,-1.9360000000000002,0.29069999999999996
92,3899,1358,3,57778.252702,30.236,-65.78,5.35,1.47,9,9,-2.637e-06,2.146e-07,,,ec0915.170125.612774_ooi_r_v1_N22_210220.966731_ooi_r_v1_N22.diff.fits,0x0000,353,r,TEMPLATE,t,0.8913,1.665,0.267,4.73,22.895,917.0,-2.637,0.2146
92,3899,1358,3,57778.256835,30.236,-60.96,6.33,1.26,9,9,-2.444e-06,2.538e-07,,,ec0915.170125.612776_ooi_r_v1_N22_210220.966731_ooi_r_v1_N22.diff.fits,0x0000,358,r,TEMPLATE,t,0.8911,1.389,0.2,4.09,22.945,1070.0,-2.444,0.2538
92,3899,1358,3,57782.268868,30.236,-57.31,6.16,0.62,9,9,-2.298e-06,2.469e-07,,,ec0915.170129.614187_ooi_r_v1_N22_210220.966731_ooi_r_v1_N22.diff.fits,0x0000,361,r,TEMPLATE,t,0.9276,1.416,0.212,3.598,23.017,1309.0,-2.298,0.2469
92,3899,1358,3,57782.272997,30.236,-63.06,5.94,0.71,9,9,-2.528e-06,2.38e-07,,,ec0915.170129.614189_ooi_r_v1_N22_210220.966731_ooi_r_v1_N22.diff.fits,0x0000,364,r,TEMPLATE,t,0.9311,1.367,0.195,3.979,22.944,1238.0,-2.528,0.238
92,3899,1358,3,57830.199155,30.236,-69.08,7.2,0.76,9,9,-2.77e-06,2.886e-07,,,ec0915.170318.631347_ooi_r_v1_N22_210220.966731_ooi_r_v1_N22.diff.fits,0x0000,388,r,TEMPLATE,t,0.9378,1.609,0.265,3.229,23.078,1554.0,-2.77,0.28859999999999997
92,3899,1358,3,57830.199155,30.236,-69.01,6.96,0.66,9,9,-2.767e-06,2.789e-07,,,ec0915.170318.631347_ooi_r_vx_N22_210220.966731_ooi_r_v1_N22.diff.fits,0x0000,389,r,TEMPLATE,t,0.9057,1.676,0.226,3.23,23.149,1241.0,-2.767,0.2789
92,3899,1358,3,57847.12133,30.236,-59.94,7.07,1.81,9,9,-2.403e-06,2.834e-07,,,ec0915.170404.636944_ooi_r_v1_N22_210220.966731_ooi_r_v1_N22.diff.fits,0x0000,392,r,TEMPLATE,t,0.9508,1.286,0.215,4.069,22.797,1660.0,-2.403,0.2834
92,3899,1358,3,57847.12133,30.236,-61.62,6.03,1.96,9,9,-2.47e-06,2.417e-07,,,ec0915.170404.636944_ooi_r_vx_N22_210220.966731_ooi_r_v1_N22.diff.fits,0x0000,393,r,TEMPLATE,t,0.9283,1.652,0.208,4.079,23.004,1022.0,-2.47,0.2417
92,3899,1358,3,57848.989641,30.236,-48.83,6.7,0.48,9,9,-1.958e-06,2.688e-07,,,ec0915.170405.637487_ooi_r_v1_N22_210220.966731_ooi_r_v1_N22.diff.fits,0x0000,399,r,TEMPLATE,t,1.1422,1.527,0.227,3.644,22.877,2276.0,-1.9580000000000002,0.26880000000000004
92,3899,1358,3,57872.964702,30.236,-50.26,9.02,0.48,9,9,-2.015e-06,3.615e-07,,,ec0915.170429.645090_ooi_r_v1_N22_210220.966731_ooi_r_v1_N22.diff.fits,0x0000,409,r,TEMPLATE,t,0.9656,1.604,0.287,2.711,23.063,2087.0,-2.015,0.3615
92,3899,1358,3,57873.969197,30.236,-41.86,7.21,0.47,9,9,-1.678e-06,2.892e-07,,,ec0915.170430.645614_ooi_r_v1_N22_210220.966731_ooi_r_v1_N22.diff.fits,0x0000,418,r,TEMPLATE,t,0.9647,1.711,0.317,3.173,23.166,1430.0,-1.6780000000000002,0.2892
92,3899,1358,3,57873.973357,30.236,-46.62,6.48,1.82,9,9,-1.869e-06,2.597e-07,,,ec0915.170430.645616_ooi_r_v1_N22_210220.966731_ooi_r_v1_N22.diff.fits,0x0000,421,r,TEMPLATE,t,0.965,1.519,0.265,3.308,23.12,1463.0,-1.869,0.2597
92,3899,1358,3,57935.017948,30.236,-33.46,7.55,0.76,9,9,-1.342e-06,3.029e-07,,,ec0915.170701.657443_ooi_r_v1_N22_210220.966731_ooi_r_v1_N22.diff.fits,0x0000,464,r,TEMPLATE,t,0.9659,1.508,0.265,3.119,23.049,1661.0,-1.342,0.3029
92,3899,1358,3,57935.017948,30.236,-29.63,6.96,0.95,9,9,-1.188e-06,2.791e-07,,,ec0915.170701.657443_ooi_r_vx_N22_210220.966731_ooi_r_v1_N22.diff.fits,0x0000,465,r,TEMPLATE,t,0.9377,1.852,0.336,3.125,23.201,1133.0,-1.1880000000000002,0.2791
92,3899,1358,3,57937.023681,30.236,-6.02,7.78,0.96,9,9,-2.413e-07,3.121e-07,,,ec0915.170703.658353_ooi_r_v1_N22_210220.966731_ooi_r_v1_N22.diff.fits,0x0000,473,r,TEMPLATE,t,0.9498,1.222,0.135,4.219,22.672,2063.0,-0.24130000000000001,0.3121
92,3899,1358,3,57950.992196,30.236,-52.38,7.25,0.43,9,9,-2.1e-06,2.907e-07,,,ec0915.170716.659070_ooi_r_v1_N22_210220.966731_ooi_r_v1_N22.diff.fits,0x0000,478,r,TEMPLATE,t,0.9372,1.128,0.12,8.837,22.066,1554.0,-2.0999999999999996,0.29069999999999996
92,3899,1358,3,58143.321395,30.236,44.55,6.65,22.3,9,9,1.786e-06,2.668e-07,23.27,0.16215,ec0915.180125.715497_ooi_r_v1_N22_210220.966731_ooi_r_v1_N22.diff.fits,0x0000,486,r,TEMPLATE,t,0.9124,1.212,0.179,4.154,22.864,1319.0,1.786,0.2668
92,3899,1358,3,58188.054672,30.236,9.58,7.07,0.79,9,9,3.842e-07,2.836e-07,,,ec0915.180311.728978_ooi_r_v1_N22_210220.966731_ooi_r_v1_N22.diff.fits,0x0000,504,r,TEMPLATE,t,0.894,1.134,0.15,4.884,22.58,1475.0,0.3842,0.2836
92,3899,1358,3,58188.058831,30.236,4.36,6.56,0.44,9,9,1.747e-07,2.631e-07,,,ec0915.180311.728980_ooi_r_v1_N22_210220.966731_ooi_r_v1_N22.diff.fits,0x0000,507,r,TEMPLATE,t,0.8949,1.386,0.213,4.747,22.716,1199.0,0.1747,0.2631
92,3899,1358,3,58225.983353,30.236,-3.49,8.3,0.93,9,9,-1.398e-07,3.329e-07,,,ec0915.180417.736456_ooi_r_v1_N22_210220.966731_ooi_r_v1_N22.diff.fits,0x0000,510,r,TEMPLATE,t,0.9032,0.991,0.131,4.534,22.501,1884.0,-0.1398,0.33290000000000003
92,3899,1358,3,58232.980215,30.236,-20.32,9.34,0.46,9,9,-8.146e-07,3.745e-07,,,ec0915.180424.738616_ooi_r_v1_N22_210220.966731_ooi_r_v1_N22.diff.fits,0x0000,516,r,TEMPLATE,t,0.9303,1.069,0.154,3.827,22.535,2562.0,-0.8146,0.3745
92,3899,1358,3,58246.000597,30.236,-5.2,10.78,0.46,9,9,-2.083e-07,4.322e-07,,,ec0915.180508.743627_ooi_r_v1_N22_210220.966731_ooi_r_v1_N22.diff.fits,0x0000,522,r,TEMPLATE,t,0.6285,1.048,0.104,4.719,22.108,1922.0,-0.2083,0.43220000000000003
92,3899,1358,3,58261.077132,30.236,-18.08,7.14,1.21,9,9,-7.25e-07,2.861e-07,,,ec0915.180523.750066_ooi_r_v1_N22_210220.966731_ooi_r_v1_N22.diff.fits,0x0000,528,r,TEMPLATE,t,0.9239,1.439,0.215,3.316,22.959,1737.0,-0.7250000000000001,0.2861
92,3899,1358,3,58261.085404,30.236,-17.83,8.11,0.55,9,9,-7.15e-07,3.25e-07,,,ec0915.180523.750070_ooi_r_v1_N22_210220.966731_ooi_r_v1_N22.diff.fits,0x0000,534,r,TEMPLATE,t,0.9285,1.385,0.199,3.295,22.934,1769.0,-0.7150000000000001,0.325
92,3899,1358,3,58313.983799,30.236,-10.94,6.7,0.47,9,9,-4.388e-07,2.686e-07,,,ec0915.180714.755611_ooi_r_v1_N22_210220.966731_ooi_r_v1_N22.diff.fits,0x0000,543,r,TEMPLATE,t,1.0702,1.044,0.187,4.706,22.699,1894.0,-0.43879999999999997,0.2686
92,3899,1358,3,58313.992096,30.236,-5.93,6.25,0.66,9,9,-2.377e-07,2.506e-07,,,ec0915.180714.755615_ooi_r_v1_N22_210220.966731_ooi_r_v1_N22.diff.fits,0x0000,549,r,TEMPLATE,t,1.0693,1.395,0.245,4.235,22.963,1427.0,-0.2377,0.2506
92,3899,1358,3,58483.307844,30.236,-19.11,6.78,1.47,9,9,-7.662e-07,2.717e-07,,,ec0915.181231.807721_ooi_r_v1_N22_210220.966731_ooi_r_v1_N22.diff.fits,0x0000,558,r,TEMPLATE,t,1.0532,1.074,0.185,3.676,22.939,1881.0,-0.7662,0.2717
92,3899,1358,3,58514.167879,30.236,-9.94,6.37,0.72,9,9,-3.984e-07,2.555e-07,,,ec0915.190131.818095_ooi_r_v1_N22_210220.966731_ooi_r_v1_N22.diff.fits,0x0000,566,r,TEMPLATE,t,0.9454,1.257,0.234,3.441,23.096,1460.0,-0.39840000000000003,0.2555
92,3899,1358,3,58542.169323,30.236,-0.73,6.52,0.78,9,9,-2.937e-08,2.613e-07,,,ec0915.190228.828457_ooi_r_v1_N22_210220.966731_ooi_r_v1_N22.diff.fits,0x0000,572,r,TEMPLATE,t,0.9989,1.28,0.218,3.975,23.015,1388.0,-0.02937,0.2613
92,3899,1358,3,58572.174539,30.236,-0.47,7.99,0.92,9,9,-1.872e-08,3.204e-07,,,ec0915.190330.843679_ooi_r_v1_N22_210220.966731_ooi_r_v1_N22.diff.fits,0x0000,590,r,TEMPLATE,t,1.184,1.153,0.195,4.114,22.315,4416.0,-0.01872,0.32039999999999996
92,3899,1358,3,58572.188386,30.236,,,,0,0,,,,,ec0915.190330.843680_ooi_r_v1_N22_210220.966731_ooi_r_v1_N22.diff.fits,0x0000,591,r,TEMPLATE,t,1.3795,1.166,0.086,4.293,22.668,3679.0,,
92,3899,1358,3,58572.192189,30.236,25.25,4.7,0.86,9,9,1.012e-06,1.883e-07,23.887,0.201959,ec0915.190330.843681_ooi_r_v1_N22_210220.966731_ooi_r_v1_N22.diff.fits,0x0000,592,r,TEMPLATE,t,2.2148,1.363,0.171,4.287,23.099,4218.0,1.012,0.18830000000000002
92,3899,1358,3,58572.195989,30.236,2.62,5.46,0.76,9,9,1.049e-07,2.187e-07,,,ec0915.190330.843682_ooi_r_v1_N22_210220.966731_ooi_r_v1_N22.diff.fits,0x0000,593,r,TEMPLATE,t,1.8544,1.235,0.172,4.959,22.755,4228.0,0.10490000000000001,0.2187
92,3899,1358,3,58572.199807,30.236,-3.58,7.26,0.9,9,9,-1.437e-07,2.91e-07,,,ec0915.190330.843683_ooi_r_v1_N22_210220.966731_ooi_r_v1_N22.diff.fits,0x0000,594,r,TEMPLATE,t,1.2969,1.278,0.167,4.807,22.543,3354.0,-0.1437,0.291
92,3899,1358,3,58578.203234,30.236,6.49,6.5,0.6,9,9,2.601e-07,2.607e-07,,,ec0915.190405.846166_ooi_r_v1_N22_210220.966731_ooi_r_v1_N22.diff.fits,0x0000,610,r,TEMPLATE,t,1.027,1.167,0.188,3.851,22.965,1590.0,0.2601,0.2607
92,3899,1358,3,58639.019927,30.236,-16.62,24.65,0.92,9,9,-6.663e-07,9.883e-07,,,ec0915.190605.862063_ooi_r_v1_N22_210220.966731_ooi_r_v1_N22.diff.fits,0x0000,616,r,TEMPLATE,t,0.1963,1.161,0.092,4.327,21.15,1063.0,-0.6663,0.9883
92,3899,1358,3,58818.259286,30.236,-5.61,5.14,1.53,9,9,-2.25e-07,2.062e-07,,,ec0915.191201.912642_ooi_r_v1_N22_210220.966731_ooi_r_v1_N22.diff.fits,0x0000,630,r,TEMPLATE,t,0.9881,1.685,0.231,4.503,23.057,974.0,-0.22499999999999998,0.2062
92,3899,1358,3,58818.267605,30.236,-2.22,6.51,0.84,9,9,-8.918e-08,2.608e-07,,,ec0915.191201.912646_ooi_r_v1_N22_210220.966731_ooi_r_v1_N22.diff.fits,0x0000,637,r,TEMPLATE,t,0.9956,1.347,0.219,3.608,23.067,1255.0,-0.08918,0.26080000000000003
92,3899,1358,3,58840.27635,30.236,-15.06,5.6,1.08,9,9,-6.037e-07,2.244e-07,,,ec0915.191223.921760_ooi_r_v1_N22_210220.966731_ooi_r_v1_N22.diff.fits,0x0000,643,r,TEMPLATE,t,1.012,1.784,0.289,3.543,23.357,863.0,-0.6037,0.2244
92,3899,1358,3,58840.284643,30.236,-5.0,6.3,0.65,9,9,-2.006e-07,2.525e-07,,,ec0915.191223.921764_ooi_r_v1_N22_210220.966731_ooi_r_v1_N22.diff.fits,0x0000,649,r,TEMPLATE,t,1.0145,1.539,0.314,3.163,23.323,1132.0,-0.2006,0.2525
92,3899,1358,3,58840.35915,30.236,-20.55,8.96,0.82,9,9,-8.238e-07,3.592e-07,,,ec0915.191223.921800_ooi_r_v1_N22_210220.966731_ooi_r_v1_N22.diff.fits,0x0000,655,r,TEMPLATE,t,1.0255,1.567,0.23,2.762,23.076,2238.0,-0.8238,0.35919999999999996
92,3899,1358,3,58848.298971,30.236,-11.89,5.01,1.32,9,9,-4.768e-07,2.007e-07,,,ec0915.191231.923829_ooi_r_v1_N22_210220.966731_ooi_r_v1_N22.diff.fits,0x0000,661,r,TEMPLATE,t,1.0472,1.745,0.27,3.524,23.424,884.0,-0.4768,0.2007
92,3899,1358,3,58848.307254,30.236,-6.54,6.47,1.11,9,9,-2.622e-07,2.594e-07,,,ec0915.191231.923833_ooi_r_v1_N22_210220.966731_ooi_r_v1_N22.diff.fits,0x0000,666,r,TEMPLATE,t,1.049,1.586,0.287,2.959,23.445,1110.0,-0.2622,0.2594
92,3899,1358,3,58870.166805,30.236,-11.91,6.14,0.94,9,9,-4.773e-07,2.463e-07,,,ec0915.200122.925783_ooi_r_v1_N22_210220.966731_ooi_r_v1_N22.diff.fits,0x0000,675,r,TEMPLATE,t,0.9081,1.672,0.223,3.662,23.242,808.0,-0.47729999999999995,0.24629999999999996
92,3899,1358,3,59176.302759,30.236,-28.68,5.52,1.28,9,9,-1.15e-06,2.213e-07,,,ec0915.201123.957179_ooi_r_v1_N22_210220.966731_ooi_r_v1_N22.diff.fits,0x0000,699,r,TEMPLATE,t,0.9874,1.736,0.283,4.131,23.142,904.0,-1.15,0.2213
92,3899,1358,3,59236.258572,30.236,-34.86,5.63,0.61,9,9,-1.397e-06,2.257e-07,,,ec0915.210122.958766_ooi_r_v1_N22_210220.966731_ooi_r_v1_N22.diff.fits,0x0000,703,r,TEMPLATE,t,0.9945,1.863,0.366,3.996,23.17,870.0,-1.397,0.22569999999999998
92,3899,1358,3,59297.037616,30.236,-30.02,7.65,1.2,9,9,-1.203e-06,3.069e-07,,,ec0915.210324.976484_ooi_r_v1_N22_210220.966731_ooi_r_v1_N22.diff.fits,0x0000,712,r,TEMPLATE,t,0.9709,1.537,0.226,3.193,23.101,1541.0,-1.203,0.30689999999999995
92,3899,1358,3,59322.011015,30.236,-40.71,6.21,1.48,9,9,-1.632e-06,2.492e-07,,,ec0915.210418.986060_ooi_r_v1_N22_210220.966731_ooi_r_v1_N22.diff.fits,0x0000,726,r,TEMPLATE,t,0.9762,1.693,0.279,3.3,23.24,1090.0,-1.632,0.24919999999999998
92,3899,1358,3,59329.072969,30.236,-44.7,8.69,0.56,9,9,-1.792e-06,3.485e-07,,,ec0915.210425.988745_ooi_r_v1_N22_210220.966731_ooi_r_v1_N22.diff.fits,0x0000,729,r,TEMPLATE,t,0.9842,1.394,0.178,3.381,22.66,2530.0,-1.792,0.3485
92,3899,1358,3,59337.009141,30.236,-10.19,7.34,2.56,9,9,-4.086e-07,2.942e-07,,,ec0915.210503.992543_ooi_r_v1_N22_210220.966731_ooi_r_v1_N22.diff.fits,0x0000,732,r,TEMPLATE,t,0.7988,1.536,0.203,4.873,22.67,1027.0,-0.4086,0.29419999999999996
92,3899,1358,3,59532.333137,30.236,-30.75,5.9,1.08,9,9,-1.233e-06,2.366e-07,,,ec0915.211114.1051152_ooi_r_v1_N22_210220.966731_ooi_r_v1_N22.diff.fits,0x0000,751,r,TEMPLATE,t,1.014,1.646,0.237,3.916,23.134,1096.0,-1.233,0.23659999999999998
92,3899,1358,3,59537.299978,30.236,-31.34,8.99,0.37,9,9,-1.256e-06,3.605e-07,,,ec0915.211119.1053339_ooi_r_v1_N22_210220.966731_ooi_r_v1_N22.diff.fits,0x0000,754,r,TEMPLATE,t,1.0029,1.442,0.191,3.048,22.836,3139.0,-1.256,0.3605
92,3899,1358,3,59540.317287,30.236,-24.09,7.11,2.45,9,9,-9.657e-07,2.851e-07,,,ec0915.211122.1054560_ooi_r_v1_N22_210220.966731_ooi_r_v1_N22.diff.fits,0x0000,757,r,TEMPLATE,t,1.0216,1.372,0.167,4.147,22.671,2150.0,-0.9656999999999999,0.28509999999999996
92,3899,1358,3,59576.345387,30.236,-46.88,5.84,3.26,9,9,-1.88e-06,2.34e-07,,,ec0915.211228.1066531_ooi_r_v1_N22_210220.966731_ooi_r_v1_N22.diff.fits,0x0000,776,r,TEMPLATE,t,1.0172,1.675,0.269,3.509,23.222,1128.0,-1.88,0.234
92,3899,1358,3,59588.269713,30.236,-22.01,13.57,0.58,9,9,-8.822e-07,5.44e-07,,,ec0915.220109.1070414_ooi_r_v1_N22_210220.966731_ooi_r_v1_N22.diff.fits,0x0000,783,r,TEMPLATE,t,0.3001,1.286,0.147,3.385,22.207,687.0,-0.8822,0.544
92,3899,1358,3,59595.338683,30.236,-34.94,8.32,1.38,9,9,-1.401e-06,3.334e-07,,,ec0915.220116.1072693_ooi_r_v1_N22_210220.966731_ooi_r_v1_N22.diff.fits,0x0000,790,r,TEMPLATE,t,0.886,1.557,0.241,3.23,23.024,1554.0,-1.401,0.33340000000000003
92,3899,1358,3,59597.27087,30.236,-33.53,8.77,1.51,9,9,-1.344e-06,3.516e-07,,,ec0915.220118.1073327_ooi_r_v1_N22_210220.966731_ooi_r_v1_N22.diff.fits,0x0000,791,r,TEMPLATE,t,0.9854,1.292,0.148,3.803,22.564,3048.0,-1.3439999999999999,0.3516
92,3899,1358,3,59600.21071,30.236,-51.04,7.2,1.79,9,9,-2.046e-06,2.888e-07,,,ec0915.220121.1074493_ooi_r_v1_N22_210220.966731_ooi_r_v1_N22.diff.fits,0x0000,794,r,TEMPLATE,t,0.9919,1.475,0.234,3.854,22.813,2018.0,-2.046,0.2888
92,3899,1358,3,59634.199379,30.236,-43.8,5.55,2.09,9,9,-1.756e-06,2.226e-07,,,ec0915.220224.1083412_ooi_r_v1_N22_210220.966731_ooi_r_v1_N22.diff.fits,0x0000,799,r,TEMPLATE,t,1.0053,1.552,0.216,4.204,23.055,1077.0,-1.756,0.2226
92,3899,1358,3,59707.991446,30.236,-48.52,6.43,1.21,9,9,-1.945e-06,2.576e-07,,,ec0915.220508.1093196_ooi_r_v1_N22_210220.966731_ooi_r_v1_N22.diff.fits,0x0000,817,r,TEMPLATE,t,0.9364,1.511,0.219,4.223,22.885,1334.0,-1.945,0.2576
92,3899,1358,3,59713.976307,30.236,-37.93,8.41,0.19,9,9,-1.521e-06,3.373e-07,,,ec0915.220514.1096332_ooi_r_v1_N22_210220.966731_ooi_r_v1_N22.diff.fits,0x0000,820,r,TEMPLATE,t,1.0044,1.323,0.149,3.552,22.683,2976.0,-1.521,0.3373
92,3899,1358,3,59932.253586,30.236,-53.96,5.1,0.82,9,9,-2.163e-06,2.043e-07,,,ec0915.221219.1157412_ooi_r_v1_N22_210220.966731_ooi_r_v1_N22.diff.fits,0x0000,848,r,TEMPLATE,t,0.9643,1.787,0.292,4.653,23.02,915.0,-2.163,0.2043
92,3899,1358,3,59941.259447,30.236,-56.31,6.0,1.56,9,9,-2.258e-06,2.404e-07,,,ec0915.221228.1160246_ooi_r_v1_N22_210220.966731_ooi_r_v1_N22.diff.fits,0x0000,851,r,TEMPLATE,t,0.9765,1.968,0.409,3.245,23.378,930.0,-2.258,0.2404
92,3899,1358,3,59996.380022,30.236,-76.3,13.17,0.67,9,9,-3.059e-06,5.278e-07,,,ec0915.230221.1176172_ooi_r_v1_N22_210220.966731_ooi_r_v1_N22.diff.fits,0x0000,869,r,TEMPLATE,t,0.4015,1.361,0.165,3.594,22.236,1058.0,-3.0589999999999997,0.5277999999999999
92,3899,1358,3,60046.1933,30.236,-67.66,6.92,1.15,9,9,-2.713e-06,2.774e-07,,,ec0915.230412.1193488_ooi_r_v1_N22_210220.966731_ooi_r_v1_N22.diff.fits,0x0000,885,r,TEMPLATE,t,0.9007,1.616,0.255,3.221,23.072,1350.0,-2.713,0.2774
92,3899,1358,3,60062.083732,30.236,-75.56,5.92,1.65,9,9,-3.03e-06,2.372e-07,,,ec0915.230428.1199095_ooi_r_v1_N22_210220.966731_ooi_r_v1_N22.diff.fits,0x0000,888,r,TEMPLATE,t,0.9764,1.744,0.286,3.388,23.173,1171.0,-3.03,0.2372
92,3899,1358,3,60111.98911,30.236,-86.92,8.09,0.57,9,9,-3.485e-06,3.244e-07,,,ec0915.230616.1215034_ooi_r_v1_N22_210220.966731_ooi_r_v1_N22.diff.fits,0x0000,903,r,TEMPLATE,t,0.6749,1.574,0.235,4.033,22.637,1032.0,-3.485,0.3244
92,3899,1358,3,60114.962594,30.236,-28.57,39.32,1.0,9,9,-1.145e-06,1.576e-06,,,ec0915.230619.1216204_ooi_r_v1_N22_210220.966731_ooi_r_v1_N22.diff.fits,0x0000,904,r,TEMPLATE,t,0.1232,1.086,0.106,5.941,20.471,965.0,-1.145,1.576
92,3899,1358,3,60148.009633,30.236,-46.51,6.48,1.94,9,9,-1.865e-06,2.6e-07,,,ec0915.230723.1223927_ooi_r_v1_N22_210220.966731_ooi_r_v1_N22.diff.fits,0x0000,908,r,TEMPLATE,t,0.9154,1.671,0.277,10.593,21.938,1199.0,-1.865,0.26
92,3899,1358,3,60262.344638,30.236,-86.06,5.58,2.0,9,9,-3.45e-06,2.238e-07,,,ec0915.231114.1254456_ooi_r_v1_N22_210220.966731_ooi_r_v1_N22.diff.fits,0x0000,922,r,TEMPLATE,t,0.9794,1.732,0.29,3.788,23.189,1038.0,-3.45,0.2238
92,3899,1358,3,60292.272893,30.236,-114.93,32.63,0.37,9,9,-4.608e-06,1.308e-06,,,ec0915.231214.1259530_ooi_r_v1_N22_210220.966731_ooi_r_v1_N22.diff.fits,0x0000,929,r,TEMPLATE,t,0.1156,1.121,0.162,4.535,20.938,589.0,-4.608,1.308
92,3899,1358,3,60325.283826,30.236,-105.81,4.58,0.33,9,9,-4.242e-06,1.835e-07,,,ec0915.240116.1268106_ooi_r_v1_N22_210220.966731_ooi_r_v1_N22.diff.fits,0x0000,941,r,TEMPLATE,t,1.0134,1.816,0.307,4.722,22.971,917.0,-4.242,0.1835
92,3899,1358,3,60328.189544,30.236,-102.57,5.41,2.22,9,9,-4.112e-06,2.168e-07,,,ec0915.240119.1269287_ooi_r_v1_N22_210220.966731_ooi_r_v1_N22.diff.fits,0x0000,942,r,TEMPLATE,t,0.9847,1.774,0.32,4.685,22.922,1078.0,-4.112,0.21680000000000002
92,3899,1358,3,60340.286915,30.236,-107.53,6.28,1.64,9,9,-4.311e-06,2.518e-07,,,ec0915.240131.1272900_ooi_r_v1_N22_210220.966731_ooi_r_v1_N22.diff.fits,0x0000,950,r,TEMPLATE,t,0.9939,1.523,0.22,4.202,22.881,1514.0,-4.311,0.2518
92,3899,1358,3,60355.256187,30.236,-86.13,5.13,2.11,9,9,-3.453e-06,2.058e-07,,,ec0915.240215.1276568_ooi_r_v1_N22_210220.966731_ooi_r_v1_N22.diff.fits,0x0000,958,r,TEMPLATE,t,1.0047,1.859,0.327,3.431,23.332,884.0,-3.453,0.2058
92,3899,1358,3,60370.143001,30.236,-117.89,6.21,0.54,9,9,-4.727e-06,2.489e-07,,,ec0915.240301.1279003_ooi_r_v1_N22_210220.966731_ooi_r_v1_N22.diff.fits,0x0000,966,r,TEMPLATE,t,1.005,1.594,0.263,3.666,23.052,1422.0,-4.726999999999999,0.2489
92,3899,1358,3,60382.12183,30.236,-105.27,5.06,2.6,9,9,-4.22e-06,2.029e-07,,,ec0915.240313.1282039_ooi_r_v1_N22_210220.966731_ooi_r_v1_N22.diff.fits,0x0000,973,r,TEMPLATE,t,1.0084,1.943,0.359,3.721,23.169,892.0,-4.220000000000001,0.2029
92,3899,1358,3,60400.102566,30.236,-120.81,5.69,1.56,9,9,-4.844e-06,2.281e-07,,,ec0915.240331.1284949_ooi_r_v1_N22_210220.966731_ooi_r_v1_N22.diff.fits,0x0000,979,r,TEMPLATE,t,0.9979,1.743,0.293,3.422,23.11,1221.0,-4.843999999999999,0.2281
92,3899,1358,3,60427.032195,30.236,-83.47,16.34,0.53,9,9,-3.346e-06,6.551e-07,,,ec0915.240427.1293136_ooi_r_v1_N22_210220.966731_ooi_r_v1_N22.diff.fits,0x0000,991,r,TEMPLATE,t,0.57,1.291,0.162,3.356,22.086,3200.0,-3.3459999999999996,0.6551
92,3899,1358,3,60442.027756,30.236,-103.49,7.68,1.73,9,9,-4.149e-06,3.081e-07,,,ec0915.240512.1297163_ooi_r_v1_N22_210220.966731_ooi_r_v1_N22.diff.fits,0x0000,1001,r,TEMPLATE,t,0.6879,1.494,0.151,5.436,22.326,1139.0,-4.149,0.3081
92,3899,1358,3,60460.080873,30.236,-108.76,5.01,1.84,9,9,-4.361e-06,2.008e-07,,,ec0915.240530.1300846_ooi_r_v1_N22_210220.966731_ooi_r_v1_N22.diff.fits,0x0000,1011,r,TEMPLATE,t,0.9839,1.659,0.197,4.302,23.021,1013.0,-4.361000000000001,0.2008
92,3899,1358,3,60492.999557,30.292,-108.85,5.07,1.37,9,9,-4.142e-06,1.931e-07,,,ec0915.240702.1307709_ooi_r_v1_N22_210220.966731_ooi_r_v1_N22.diff.fits,0x0000,1025,r,TEMPLATE,i,1.001,1.728,0.215,5.138,22.908,929.0,-4.142,0.1931
92,3899,1358,3,60625.340457,30.328,-143.39,5.65,0.94,9,9,-5.281e-06,2.081e-07,,,ec0915.241111.1340105_ooi_r_v1_N22_210220.966731_ooi_r_v1_N22.diff.fits,0x0000,1045,r,TEMPLATE,i,0.987,1.635,0.216,3.962,23.172,1001.0,-5.281,0.20809999999999998
92,3899,1358,3,60640.338513,30.341,-145.97,5.68,2.79,9,9,-5.309e-06,2.065e-07,,,ec0915.241126.1343229_ooi_r_v1_N22_210220.966731_ooi_r_v1_N22.diff.fits,0x0000,1051,r,TEMPLATE,i,1.0077,1.699,0.258,3.807,23.259,969.0,-5.309,0.2065
92,3899,1358,3,60664.324499,30.308,-165.6,6.23,2.44,9,9,-6.212e-06,2.337e-07,,,ec0915.241220.1348720_ooi_r_v1_N22_210220.966731_ooi_r_v1_N22.diff.fits,0x0000,1067,r,TEMPLATE,i,1.0062,1.609,0.239,3.381,23.16,1392.0,-6.212,0.23370000000000002
92,3899,1358,3,60667.325863,30.271,-168.69,6.33,0.9,9,9,-6.547e-06,2.455e-07,,,ec0915.241223.1349688_ooi_r_v1_N22_210220.966731_ooi_r_v1_N22.diff.fits,0x0000,1075,r,TEMPLATE,i,0.9988,1.754,0.253,2.995,23.419,1017.0,-6.547000000000001,0.24550000000000002
92,3899,1358,3,60690.291181,30.18,-138.03,8.98,0.93,9,9,-5.827e-06,3.791e-07,,,ec0915.250115.1357398_ooi_r_v1_N22_210220.966731_ooi_r_v1_N22.diff.fits,0x0000,1114,r,TEMPLATE,i,0.9242,1.591,0.294,2.876,22.845,2693.0,-5.827,0.3791
92,3899,1358,3,60691.271699,30.304,-163.33,7.2,0.54,9,9,-6.148e-06,2.711e-07,,,ec0915.250116.1357806_ooi_r_v1_N22_210220.966731_ooi_r_v1_N22.diff.fits,0x0000,1121,r,TEMPLATE,i,0.9775,1.376,0.137,4.152,22.69,2173.0,-6.148000000000001,0.2711
92,3899,1358,3,60694.347299,30.299,-167.67,6.1,2.5,9,9,-6.342e-06,2.309e-07,,,ec0915.250119.1359054_ooi_r_v1_N22_210220.966731_ooi_r_v1_N22.diff.fits,0x0000,1130,r,TEMPLATE,i,1.0047,1.55,0.191,3.825,23.03,1357.0,-6.342,0.23090000000000002
92,3899,1358,3,60697.323397,30.213,-156.17,5.32,4.53,9,9,-6.393e-06,2.178e-07,,,ec0915.250122.1359770_ooi_r_v1_N22_210220.966731_ooi_r_v1_N22.diff.fits,0x0000,1137,r,TEMPLATE,i,0.9873,1.737,0.265,3.662,23.114,1080.0,-6.393,0.2178
92,3899,1358,3,60700.281483,30.272,-159.43,4.94,4.01,9,9,-6.183e-06,1.916e-07,,,ec0915.250125.1360628_ooi_r_v1_N22_210220.966731_ooi_r_v1_N22.diff.fits,0x0000,1140,r,TEMPLATE,i,0.9961,1.76,0.211,3.821,23.264,829.0,-6.183,0.1916
92,3899,1358,3,60706.284296,30.229,-161.92,4.56,1.94,9,9,-6.532e-06,1.841e-07,,,ec0915.250131.1362395_ooi_r_v1_N22_210220.966731_ooi_r_v1_N22.diff.fits,0x0000,1153,r,TEMPLATE,i,1.0022,1.804,0.258,3.769,23.22,850.0,-6.532,0.18409999999999999
92,3899,1358,3,60719.167527,30.222,-128.28,8.34,1.19,9,9,-5.207e-06,3.385e-07,,,ec0915.250213.1364428_ooi_r_v1_N22_210220.966731_ooi_r_v1_N22.diff.fits,0x0000,1160,r,TEMPLATE,i,0.9183,1.553,0.275,3.176,22.739,2888.0,-5.207,0.3385
92,3899,1358,3,60721.212558,30.234,-175.27,7.94,0.72,9,9,-7.038e-06,3.187e-07,,,ec0915.250215.1365192_ooi_r_v1_N22_210220.966731_ooi_r_v1_N22.diff.fits,0x0000,1168,r,TEMPLATE,i,0.979,1.428,0.165,3.036,22.94,2262.0,-7.038,0.31870000000000004
92,3899,1358,3,60722.270637,30.26,-165.25,7.73,2.38,9,9,-6.479e-06,3.03e-07,,,ec0915.250216.1365702_ooi_r_v1_N22_210220.966731_ooi_r_v1_N22.diff.fits,0x0000,1174,r,TEMPLATE,i,0.9774,1.45,0.174,3.238,22.968,1985.0,-6.479,0.303
92,3899,1358,3,60723.204598,30.247,-171.79,6.99,1.76,9,9,-6.818e-06,2.775e-07,,,ec0915.250217.1366107_ooi_r_v1_N22_210220.966731_ooi_r_v1_N22.diff.fits,0x0000,1178,r,TEMPLATE,i,0.9869,1.424,0.142,3.805,22.909,1548.0,-6.818,0.27749999999999997
92,3899,1358,3,60736.178245,30.284,-170.54,4.66,1.83,9,9,-6.537e-06,1.786e-07,,,ec0915.250302.1369926_ooi_r_v1_N22_210220.966731_ooi_r_v1_N22.diff.fits,0x0000,1192,r,TEMPLATE,i,0.9815,1.963,0.357,3.537,23.361,836.0,-6.537,0.1786
92,3899,1358,3,60744.127613,30.16,-192.25,7.05,1.16,9,9,-8.261e-06,3.03e-07,,,ec0915.250310.1372656_ooi_r_v1_N22_210220.966731_ooi_r_v1_N22.diff.fits,0x0000,1204,r,TEMPLATE,i,0.974,1.761,0.315,2.878,23.114,1588.0,-8.261,0.303
92,3899,1358,3,60744.135353,30.203,-171.07,6.85,3.24,9,9,-7.069e-06,2.83e-07,,,ec0915.250310.1372661_ooi_r_v1_N22_210220.966731_ooi_r_v1_N22.diff.fits,0x0000,1205,r,TEMPLATE,i,0.97,1.586,0.227,3.049,23.1,1573.0,-7.069000000000001,0.283
92,3899,1358,3,60757.276218,30.32,-189.28,6.28,1.19,9,9,-7.018e-06,2.33e-07,,,ec0915.250323.1373577_ooi_r_v1_N22_210220.966731_ooi_r_v1_N22.diff.fits,0x0000,1213,r,TEMPLATE,i,1.0049,1.915,0.362,2.98,23.467,1032.0,-7.018000000000001,0.233
92,3899,1358,3,60763.045802,30.278,-177.24,5.48,3.66,9,9,-6.835e-06,2.115e-07,,,ec0915.250329.1375010_ooi_r_v1_N22_210220.966731_ooi_r_v1_N22.diff.fits,0x0000,1223,r,TEMPLATE,i,0.9913,1.785,0.253,3.334,23.355,937.0,-6.835,0.21150000000000002
92,3899,1358,3,60784.031689,30.21,-190.31,6.28,1.41,9,9,-7.812e-06,2.578e-07,,,ec0915.250419.1379367_ooi_r_v1_N22_210220.966731_ooi_r_v1_N22.diff.fits,0x0000,1241,r,TEMPLATE,i,0.9918,1.952,0.364,2.84,23.439,984.0,-7.812000000000001,0.2578
92,3899,1358,3,60787.001187,30.37,-192.47,5.22,2.78,9,9,-6.815e-06,1.847e-07,,,ec0915.250422.1380508_ooi_r_v1_N22_210220.966731_ooi_r_v1_N22.diff.fits,0x0000,1245,r,TEMPLATE,i,1.0131,1.671,0.202,4.134,23.184,984.0,-6.815,0.1847
92,3899,1358,3,60787.010389,30.268,-201.46,5.36,2.73,9,9,-7.842e-06,2.084e-07,,,ec0915.250422.1380514_ooi_r_v1_N22_210220.966731_ooi_r_v1_N22.diff.fits,0x0000,1248,r,TEMPLATE,i,1.015,1.855,0.303,3.376,23.301,996.0,-7.8420000000000005,0.2084
92,3899,1358,3,60790.109822,30.256,-179.43,4.98,2.16,9,9,-7.057e-06,1.958e-07,,,ec0915.250425.1381473_ooi_r_v1_N22_210220.966731_ooi_r_v1_N22.diff.fits,0x0000,1252,r,TEMPLATE,i,1.0153,1.709,0.245,4.035,23.104,978.0,-7.057,0.1958
92,3899,1358,3,60796.011096,26.704,-7.09,4.6,0.36,9,9,-7.351e-06,4.77e-06,,,ec0915.250501.1383215_ooi_r_v1_N22_210220.966731_ooi_r_v1_N22.diff.fits,0x0000,1260,r,TEMPLATE,i,0.0373,1.055,0.072,4.546,19.437,935.0,-7.351,4.7700000000000005
92,3899,1358,3,60799.00658,30.218,-184.66,6.12,1.03,9,9,-7.525e-06,2.493e-07,,,ec0915.250504.1384052_ooi_r_v1_N22_210220.966731_ooi_r_v1_N22.diff.fits,0x0000,1266,r,TEMPLATE,i,1.0186,1.811,0.311,3.281,23.231,1094.0,-7.525,0.2493
92,3899,1358,3,60799.016966,30.268,-193.66,6.2,1.51,9,9,-7.537e-06,2.413e-07,,,ec0915.250504.1384058_ooi_r_v1_N22_210220.966731_ooi_r_v1_N22.diff.fits,0x0000,1268,r,TEMPLATE,i,1.0187,1.77,0.277,3.253,23.305,1057.0,-7.537,0.24130000000000001
92,3899,1358,3,60801.009234,30.298,-224.6,6.91,1.44,9,9,-8.499e-06,2.615e-07,,,ec0915.250506.1384896_ooi_r_v1_N22_210220.966731_ooi_r_v1_N22.diff.fits,0x0000,1271,r,TEMPLATE,i,1.0255,1.851,0.365,2.888,23.303,1443.0,-8.498999999999999,0.2615
92,3899,1358,3,60811.010513,28.942,-25.95,6.12,0.55,9,9,-3.424e-06,8.073e-07,,,ec0915.250516.1385994_ooi_r_v1_N22_210220.966731_ooi_r_v1_N22.diff.fits,0x0000,1285,r,TEMPLATE,i,0.3041,1.284,0.157,3.153,21.852,1423.0,-3.4240000000000004,0.8073
92,3899,1358,3,60819.973516,30.311,-191.99,6.26,3.61,9,9,-7.184e-06,2.343e-07,,,ec0915.250524.1389975_ooi_r_v1_N22_210220.966731_ooi_r_v1_N22.diff.fits,0x0000,1289,r,TEMPLATE,i,1.0188,1.688,0.227,3.092,23.395,1084.0,-7.184,0.2343
92,3899,1358,3,60823.005972,30.324,-177.12,5.52,3.07,9,9,-6.545e-06,2.04e-07,,,ec0915.250528.1390902_ooi_r_v1_N22_210220.966731_ooi_r_v1_N22.diff.fits,0x0000,1299,r,TEMPLATE,i,1.0237,1.571,0.185,6.587,22.624,1006.0,-6.545,0.204
92,3899,1358,3,60825.983625,30.27,-206.96,5.81,2.54,9,9,-8.038e-06,2.257e-07,,,ec0915.250530.1391886_ooi_r_v1_N22_210220.966731_ooi_r_v1_N22.diff.fits,0x0000,1302,r,TEMPLATE,i,1.0197,1.725,0.255,3.132,23.363,1041.0,-8.038,0.22569999999999998
93,3820,1333,3,56255.308881,30.236,20.04,5.68,0.58,9,9,8.035e-07,2.278e-07,24.138,0.307767,ec0915.121124.155041_ooi_r_N22_210220.966731_ooi_r_v1_N22.diff.fits,0x0000,5,r,TEMPLATE,t,1.0071,1.472,0.171,3.801,23.073,1522.0,0.8035,0.22779999999999997
93,3820,1333,3,56341.294876,30.236,-0.84,5.53,0.94,9,9,-3.374e-08,2.215e-07,,,ec0915.130218.178888_ooi_r_N22_210220.966731_ooi_r_v1_N22.diff.fits,0x0000,21,r,TEMPLATE,t,1.0603,1.495,0.201,4.05,23.064,1463.0,-0.033740000000000006,0.2215
93,3820,1333,3,56488.985316,30.236,-27.58,6.53,0.97,9,9,-1.106e-06,2.616e-07,,,ec0915.130715.219199_ooi_r_N22_210220.966731_ooi_r_v1_N22.diff.fits,0x0000,52,r,TEMPLATE,t,1.0379,1.525,0.247,3.708,22.936,1835.0,-1.106,0.2616
93,3820,1333,3,56489.010229,30.236,-34.87,6.56,2.94,9,9,-1.398e-06,2.631e-07,,,ec0915.130716.219211_ooi_r_N22_210220.966731_ooi_r_v1_N22.diff.fits,0x0000,58,r,TEMPLATE,t,1.0247,1.472,0.211,3.821,22.909,1840.0,-1.398,0.2631
93,3820,1333,3,56612.303937,30.236,-12.45,8.47,0.91,9,9,-4.991e-07,3.394e-07,,,ec0915.131116.254781_ooi_r_N22_210220.966731_ooi_r_v1_N22.diff.fits,0x0000,66,r,TEMPLATE,t,1.0162,1.484,0.154,5.577,22.256,3289.0,-0.4991,0.3394
93,3820,1333,3,56703.184694,30.236,-35.77,8.78,1.29,9,9,-1.434e-06,3.52e-07,,,ec0915.140215.285237_ooi_r_N22_210220.966731_ooi_r_v1_N22.diff.fits,0x0000,118,r,TEMPLATE,t,0.9816,1.413,0.126,5.263,22.201,3907.0,-1.434,0.352
93,3820,1333,3,56703.190316,30.236,-23.27,8.77,1.42,9,9,-9.33e-07,3.517e-07,,,ec0915.140215.285240_ooi_r_N22_210220.966731_ooi_r_v1_N22.diff.fits,0x0000,123,r,TEMPLATE,t,0.9933,1.409,0.098,5.266,22.22,3795.0,-0.933,0.3517
93,3820,1333,3,56852.005984,30.236,-29.06,8.96,1.23,9,9,-1.165e-06,3.593e-07,,,ec0915.140714.336064_ooi_r_v1_N22_210220.966731_ooi_r_v1_N22.diff.fits,0x0000,160,r,TEMPLATE,t,0.8798,1.315,0.108,5.359,22.233,2925.0,-1.165,0.3593
93,3820,1333,3,56998.343496,30.236,-11.55,8.04,1.42,9,9,-4.632e-07,3.225e-07,,,ec0915.141207.384694_ooi_r_v1_N22_210220.966731_ooi_r_v1_N22.diff.fits,0x0000,177,r,TEMPLATE,t,1.0147,1.495,0.154,4.523,22.543,2540.0,-0.4632,0.3225
93,3820,1333,3,57053.237528,30.236,-21.6,6.77,1.9,9,9,-8.66e-07,2.713e-07,,,ec0915.150131.404891_ooi_r_v1_N22_210220.966731_ooi_r_v1_N22.diff.fits,0x0000,193,r,TEMPLATE,t,1.0019,1.831,0.271,3.403,23.08,1513.0,-0.8660000000000001,0.2713
93,3820,1333,3,57056.25738,30.236,-57.7,8.51,0.96,9,9,-2.313e-06,3.41e-07,,,ec0915.150203.405990_ooi_r_ls9_N22_210220.966731_ooi_r_v1_N22.diff.fits,0x0000,199,r,TEMPLATE,t,0.9718,1.363,0.165,3.473,22.622,2699.0,-2.313,0.34099999999999997
93,3820,1333,3,57056.265651,30.236,-31.83,8.35,0.92,9,9,-1.276e-06,3.348e-07,,,ec0915.150203.405994_ooi_r_ls9_N22_210220.966731_ooi_r_v1_N22.diff.fits,0x0000,205,r,TEMPLATE,t,0.973,1.409,0.186,3.692,22.597,2632.0,-1.276,0.3348
93,3820,1333,3,57090.189029,30.236,-51.97,7.8,0.78,9,9,-2.084e-06,3.127e-07,,,ec0915.150309.419767_ooi_r_v1_N22_210220.966731_ooi_r_v1_N22.diff.fits,0x0000,224,r,TEMPLATE,t,0.9716,1.362,0.244,3.103,22.909,2398.0,-2.084,0.3127
93,3820,1333,3,57198.957095,30.236,-48.19,8.52,0.3,9,9,-1.932e-06,3.415e-07,,,ec0915.150625.453950_ooi_r_v1_N22_210220.966731_ooi_r_v1_N22.diff.fits,0x0000,257,r,TEMPLATE,t,0.9621,1.065,0.117,4.828,22.323,2652.0,-1.932,0.34149999999999997
93,3820,1333,3,57198.962738,30.236,-36.89,7.62,0.57,9,9,-1.479e-06,3.056e-07,,,ec0915.150625.453953_ooi_r_v1_N22_210220.966731_ooi_r_v1_N22.diff.fits,0x0000,261,r,TEMPLATE,t,0.9604,1.262,0.13,5.309,22.369,2091.0,-1.4789999999999999,0.3056
93,3820,1333,3,57199.002336,30.236,-50.62,8.37,0.59,9,9,-2.03e-06,3.356e-07,,,ec0915.150626.453974_ooi_r_v1_N22_210220.966731_ooi_r_v1_N22.diff.fits,0x0000,265,r,TEMPLATE,t,0.9562,1.013,0.127,5.025,22.357,2533.0,-2.0300000000000002,0.3356
93,3820,1333,3,57387.337417,30.236,-56.14,7.15,0.84,9,9,-2.251e-06,2.866e-07,,,ec0915.151231.507218_ooi_r_v1_N22_210220.966731_ooi_r_v1_N22.diff.fits,0x0000,275,r,TEMPLATE,t,0.9762,1.377,0.225,3.359,22.924,1914.0,-2.2510000000000003,0.28659999999999997
93,3820,1333,3,57388.331676,30.236,-68.8,7.01,0.58,9,9,-2.758e-06,2.809e-07,,,ec0915.160101.507559_ooi_r_v1_N22_210220.966731_ooi_r_v1_N22.diff.fits,0x0000,281,r,TEMPLATE,t,0.9824,1.316,0.184,3.604,22.939,1651.0,-2.758,0.2809
93,3820,1333,3,57452.203767,30.236,-69.33,8.09,1.74,9,9,-2.78e-06,3.243e-07,,,ec0915.160305.523436_ooi_r_v1_N22_210220.966731_ooi_r_v1_N22.diff.fits,0x0000,296,r,TEMPLATE,t,1.0021,1.333,0.287,2.788,23.156,2014.0,-2.7800000000000002,0.32430000000000003
93,3820,1333,3,57545.097186,30.236,-54.12,6.73,0.41,9,9,-2.17e-06,2.696e-07,,,ec0915.160606.546815_ooi_r_v1_N22_210220.966731_ooi_r_v1_N22.diff.fits,0x0000,317,r,TEMPLATE,t,0.9788,1.027,0.151,7.481,22.155,1667.0,-2.17,0.2696
93,3820,1333,3,57545.101308,30.236,-49.13,6.98,1.58,9,9,-1.97e-06,2.8e-07,,,ec0915.160606.546817_ooi_r_v1_N22_210220.966731_ooi_r_v1_N22.diff.fits,0x0000,320,r,TEMPLATE,t,0.7702,1.293,0.159,6.992,22.166,1129.0,-1.9700000000000002,0.28
93,3820,1333,3,57545.102798,30.236,-41.53,7.23,0.34,9,9,-1.665e-06,2.9e-07,,,ec0915.160606.546818_ooi_r_v1_N22_210220.966731_ooi_r_v1_N22.diff.fits,0x0000,321,r,TEMPLATE,t,0.7102,1.262,0.154,8.035,21.968,1062.0,-1.665,0.29
93,3820,1333,3,57566.037228,30.236,-58.77,7.36,0.76,9,9,-2.356e-06,2.95e-07,,,ec0915.160627.549000_ooi_r_v1_N22_210220.966731_ooi_r_v1_N22.diff.fits,0x0000,331,r,TEMPLATE,t,0.9119,1.089,0.137,4.828,22.574,1681.0,-2.356,0.295
93,3820,1333,3,57778.252702,30.236,-22.85,5.74,2.38,9,9,-9.161e-07,2.301e-07,,,ec0915.170125.612774_ooi_r_v1_N22_210220.966731_ooi_r_v1_N22.diff.fits,0x0000,353,r,TEMPLATE,t,0.8913,1.665,0.267,4.73,22.895,917.0,-0.9161,0.2301
93,3820,1333,3,57778.256835,30.236,-19.11,6.46,1.84,9,9,-7.661e-07,2.591e-07,,,ec0915.170125.612776_ooi_r_v1_N22_210220.966731_ooi_r_v1_N22.diff.fits,0x0000,358,r,TEMPLATE,t,0.8911,1.389,0.2,4.09,22.945,1070.0,-0.7661,0.2591
93,3820,1333,3,57782.268868,30.236,-25.04,6.48,1.97,9,9,-1.004e-06,2.6e-07,,,ec0915.170129.614187_ooi_r_v1_N22_210220.966731_ooi_r_v1_N22.diff.fits,0x0000,361,r,TEMPLATE,t,0.9276,1.416,0.212,3.598,23.017,1309.0,-1.004,0.26
93,3820,1333,3,57782.272997,30.236,-26.53,6.14,0.18,9,9,-1.064e-06,2.46e-07,,,ec0915.170129.614189_ooi_r_v1_N22_210220.966731_ooi_r_v1_N22.diff.fits,0x0000,364,r,TEMPLATE,t,0.9311,1.367,0.195,3.979,22.944,1238.0,-1.064,0.246
93,3820,1333,3,57830.199155,30.236,-8.07,6.64,0.48,9,9,-3.237e-07,2.662e-07,,,ec0915.170318.631347_ooi_r_v1_N22_210220.966731_ooi_r_v1_N22.diff.fits,0x0000,388,r,TEMPLATE,t,0.9378,1.609,0.265,3.229,23.078,1554.0,-0.32370000000000004,0.2662
93,3820,1333,3,57830.199155,30.236,-8.94,6.37,0.44,9,9,-3.584e-07,2.554e-07,,,ec0915.170318.631347_ooi_r_vx_N22_210220.966731_ooi_r_v1_N22.diff.fits,0x0000,389,r,TEMPLATE,t,0.9057,1.676,0.226,3.23,23.149,1241.0,-0.3584,0.2554
93,3820,1333,3,57847.12133,30.236,-31.84,6.63,1.1,9,9,-1.277e-06,2.659e-07,,,ec0915.170404.636944_ooi_r_v1_N22_210220.966731_ooi_r_v1_N22.diff.fits,0x0000,392,r,TEMPLATE,t,0.9508,1.286,0.215,4.069,22.797,1660.0,-1.277,0.2659
93,3820,1333,3,57847.12133,30.236,-30.98,5.51,1.55,9,9,-1.242e-06,2.211e-07,,,ec0915.170404.636944_ooi_r_vx_N22_210220.966731_ooi_r_v1_N22.diff.fits,0x0000,393,r,TEMPLATE,t,0.9283,1.652,0.208,4.079,23.004,1022.0,-1.242,0.2211
93,3820,1333,3,57848.989641,30.236,-3.19,6.87,1.58,9,9,-1.278e-07,2.753e-07,,,ec0915.170405.637487_ooi_r_v1_N22_210220.966731_ooi_r_v1_N22.diff.fits,0x0000,399,r,TEMPLATE,t,1.1422,1.527,0.227,3.644,22.877,2276.0,-0.1278,0.2753
93,3820,1333,3,57872.964702,30.236,-23.33,8.27,0.52,9,9,-9.354e-07,3.317e-07,,,ec0915.170429.645090_ooi_r_v1_N22_210220.966731_ooi_r_v1_N22.diff.fits,0x0000,409,r,TEMPLATE,t,0.9656,1.604,0.287,2.711,23.063,2087.0,-0.9354,0.3317
93,3820,1333,3,57873.969197,30.236,-20.2,6.69,0.84,9,9,-8.1e-07,2.682e-07,,,ec0915.170430.645614_ooi_r_v1_N22_210220.966731_ooi_r_v1_N22.diff.fits,0x0000,418,r,TEMPLATE,t,0.9647,1.711,0.317,3.173,23.166,1430.0,-0.8099999999999999,0.2682
93,3820,1333,3,57873.973357,30.236,-10.51,6.79,0.62,9,9,-4.213e-07,2.72e-07,,,ec0915.170430.645616_ooi_r_v1_N22_210220.966731_ooi_r_v1_N22.diff.fits,0x0000,421,r,TEMPLATE,t,0.965,1.519,0.265,3.308,23.12,1463.0,-0.4213,0.272
93,3820,1333,3,57935.017948,30.236,-30.78,7.52,1.91,9,9,-1.234e-06,3.014e-07,,,ec0915.170701.657443_ooi_r_v1_N22_210220.966731_ooi_r_v1_N22.diff.fits,0x0000,464,r,TEMPLATE,t,0.9659,1.508,0.265,3.119,23.049,1661.0,-1.234,0.3014
93,3820,1333,3,57935.017948,30.236,-30.35,6.78,2.41,9,9,-1.217e-06,2.719e-07,,,ec0915.170701.657443_ooi_r_vx_N22_210220.966731_ooi_r_v1_N22.diff.fits,0x0000,465,r,TEMPLATE,t,0.9377,1.852,0.336,3.125,23.201,1133.0,-1.2169999999999999,0.2719
93,3820,1333,3,57937.023681,30.236,-34.37,7.64,0.59,9,9,-1.378e-06,3.063e-07,,,ec0915.170703.658353_ooi_r_v1_N22_210220.966731_ooi_r_v1_N22.diff.fits,0x0000,473,r,TEMPLATE,t,0.9498,1.222,0.135,4.219,22.672,2063.0,-1.378,0.30629999999999996
93,3820,1333,3,57950.992196,30.236,-34.22,6.66,1.11,9,9,-1.372e-06,2.67e-07,,,ec0915.170716.659070_ooi_r_v1_N22_210220.966731_ooi_r_v1_N22.diff.fits,0x0000,478,r,TEMPLATE,t,0.9372,1.128,0.12,8.837,22.066,1554.0,-1.3719999999999999,0.267
93,3820,1333,3,58143.321395,30.236,-53.28,6.15,1.77,9,9,-2.136e-06,2.468e-07,,,ec0915.180125.715497_ooi_r_v1_N22_210220.966731_ooi_r_v1_N22.diff.fits,0x0000,486,r,TEMPLATE,t,0.9124,1.212,0.179,4.154,22.864,1319.0,-2.136,0.24680000000000002
93,3820,1333,3,58188.054672,30.236,-70.4,7.37,0.83,9,9,-2.822e-06,2.956e-07,,,ec0915.180311.728978_ooi_r_v1_N22_210220.966731_ooi_r_v1_N22.diff.fits,0x0000,504,r,TEMPLATE,t,0.894,1.134,0.15,4.884,22.58,1475.0,-2.8219999999999996,0.29560000000000003
93,3820,1333,3,58188.058831,30.236,-89.29,5.82,6.18,9,9,-3.58e-06,2.334e-07,,,ec0915.180311.728980_ooi_r_v1_N22_210220.966731_ooi_r_v1_N22.diff.fits,0x0000,507,r,TEMPLATE,t,0.8949,1.386,0.213,4.747,22.716,1199.0,-3.58,0.23340000000000002
93,3820,1333,3,58225.983353,30.236,-83.69,7.81,1.02,9,9,-3.355e-06,3.13e-07,,,ec0915.180417.736456_ooi_r_v1_N22_210220.966731_ooi_r_v1_N22.diff.fits,0x0000,510,r,TEMPLATE,t,0.9032,0.991,0.131,4.534,22.501,1884.0,-3.355,0.313
93,3820,1333,3,58232.980215,30.236,-59.77,8.61,0.82,9,9,-2.396e-06,3.45e-07,,,ec0915.180424.738616_ooi_r_v1_N22_210220.966731_ooi_r_v1_N22.diff.fits,0x0000,516,r,TEMPLATE,t,0.9303,1.069,0.154,3.827,22.535,2562.0,-2.396,0.345
93,3820,1333,3,58246.000597,30.236,-56.87,11.0,0.83,9,9,-2.28e-06,4.411e-07,,,ec0915.180508.743627_ooi_r_v1_N22_210220.966731_ooi_r_v1_N22.diff.fits,0x0000,522,r,TEMPLATE,t,0.6285,1.048,0.104,4.719,22.108,1922.0,-2.2800000000000002,0.4411
93,3820,1333,3,58261.077132,30.236,-47.38,7.06,1.93,9,9,-1.899e-06,2.83e-07,,,ec0915.180523.750066_ooi_r_v1_N22_210220.966731_ooi_r_v1_N22.diff.fits,0x0000,528,r,TEMPLATE,t,0.9239,1.439,0.215,3.316,22.959,1737.0,-1.899,0.283
93,3820,1333,3,58261.085404,30.236,-40.39,7.37,1.14,9,9,-1.619e-06,2.953e-07,,,ec0915.180523.750070_ooi_r_v1_N22_210220.966731_ooi_r_v1_N22.diff.fits,0x0000,534,r,TEMPLATE,t,0.9285,1.385,0.199,3.295,22.934,1769.0,-1.619,0.2953
93,3820,1333,3,58313.983799,30.236,-48.05,7.03,0.8,9,9,-1.926e-06,2.818e-07,,,ec0915.180714.755611_ooi_r_v1_N22_210220.966731_ooi_r_v1_N22.diff.fits,0x0000,543,r,TEMPLATE,t,1.0702,1.044,0.187,4.706,22.699,1894.0,-1.926,0.2818
93,3820,1333,3,58313.992096,30.236,-42.81,5.83,0.58,9,9,-1.717e-06,2.338e-07,,,ec0915.180714.755615_ooi_r_v1_N22_210220.966731_ooi_r_v1_N22.diff.fits,0x0000,549,r,TEMPLATE,t,1.0693,1.395,0.245,4.235,22.963,1427.0,-1.717,0.23379999999999998
93,3820,1333,3,58483.307844,30.236,-15.69,6.41,1.02,9,9,-6.289e-07,2.57e-07,,,ec0915.181231.807721_ooi_r_v1_N22_210220.966731_ooi_r_v1_N22.diff.fits,0x0000,558,r,TEMPLATE,t,1.0532,1.074,0.185,3.676,22.939,1881.0,-0.6289,0.257
93,3820,1333,3,58514.167879,30.236,-26.69,6.64,0.34,9,9,-1.07e-06,2.661e-07,,,ec0915.190131.818095_ooi_r_v1_N22_210220.966731_ooi_r_v1_N22.diff.fits,0x0000,566,r,TEMPLATE,t,0.9454,1.257,0.234,3.441,23.096,1460.0,-1.0699999999999998,0.2661
93,3820,1333,3,58542.169323,30.236,-28.62,5.9,0.7,9,9,-1.148e-06,2.367e-07,,,ec0915.190228.828457_ooi_r_v1_N22_210220.966731_ooi_r_v1_N22.diff.fits,0x0000,572,r,TEMPLATE,t,0.9989,1.28,0.218,3.975,23.015,1388.0,-1.1480000000000001,0.2367
93,3820,1333,3,58572.174539,30.236,-30.26,8.46,0.52,9,9,-1.213e-06,3.391e-07,,,ec0915.190330.843679_ooi_r_v1_N22_210220.966731_ooi_r_v1_N22.diff.fits,0x0000,590,r,TEMPLATE,t,1.184,1.153,0.195,4.114,22.315,4416.0,-1.213,0.3391
93,3820,1333,3,58572.188386,30.236,-10.2,7.35,1.15,9,9,-4.088e-07,2.949e-07,,,ec0915.190330.843680_ooi_r_v1_N22_210220.966731_ooi_r_v1_N22.diff.fits,0x0000,591,r,TEMPLATE,t,1.3795,1.166,0.086,4.293,22.668,3679.0,-0.4088,0.2949
93,3820,1333,3,58572.192189,30.236,-12.15,4.32,1.23,9,9,-4.869e-07,1.733e-07,,,ec0915.190330.843681_ooi_r_v1_N22_210220.966731_ooi_r_v1_N22.diff.fits,0x0000,592,r,TEMPLATE,t,2.2148,1.363,0.171,4.287,23.099,4218.0,-0.48690000000000005,0.1733
93,3820,1333,3,58572.195989,30.236,-27.24,5.03,0.52,9,9,-1.092e-06,2.016e-07,,,ec0915.190330.843682_ooi_r_v1_N22_210220.966731_ooi_r_v1_N22.diff.fits,0x0000,593,r,TEMPLATE,t,1.8544,1.235,0.172,4.959,22.755,4228.0,-1.092,0.2016
93,3820,1333,3,58572.199807,30.236,-28.05,6.67,1.17,9,9,-1.125e-06,2.674e-07,,,ec0915.190330.843683_ooi_r_v1_N22_210220.966731_ooi_r_v1_N22.diff.fits,0x0000,594,r,TEMPLATE,t,1.2969,1.278,0.167,4.807,22.543,3354.0,-1.125,0.2674
93,3820,1333,3,58578.203234,30.236,-21.26,5.9,0.71,9,9,-8.523e-07,2.364e-07,,,ec0915.190405.846166_ooi_r_v1_N22_210220.966731_ooi_r_v1_N22.diff.fits,0x0000,610,r,TEMPLATE,t,1.027,1.167,0.188,3.851,22.965,1590.0,-0.8523,0.2364
93,3820,1333,3,58639.019927,30.236,-5.9,25.27,0.9,9,9,-2.365e-07,1.013e-06,,,ec0915.190605.862063_ooi_r_v1_N22_210220.966731_ooi_r_v1_N22.diff.fits,0x0000,616,r,TEMPLATE,t,0.1963,1.161,0.092,4.327,21.15,1063.0,-0.23650000000000002,1.0130000000000001
93,3820,1333,3,58818.259286,30.236,-16.4,5.4,1.47,9,9,-6.573e-07,2.166e-07,,,ec0915.191201.912642_ooi_r_v1_N22_210220.966731_ooi_r_v1_N22.diff.fits,0x0000,630,r,TEMPLATE,t,0.9881,1.685,0.231,4.503,23.057,974.0,-0.6573,0.2166
93,3820,1333,3,58818.267605,30.236,-25.77,6.53,1.33,9,9,-1.033e-06,2.619e-07,,,ec0915.191201.912646_ooi_r_v1_N22_210220.966731_ooi_r_v1_N22.diff.fits,0x0000,637,r,TEMPLATE,t,0.9956,1.347,0.219,3.608,23.067,1255.0,-1.0330000000000001,0.26189999999999997
93,3820,1333,3,58840.27635,30.236,-25.5,5.22,1.85,9,9,-1.022e-06,2.092e-07,,,ec0915.191223.921760_ooi_r_v1_N22_210220.966731_ooi_r_v1_N22.diff.fits,0x0000,643,r,TEMPLATE,t,1.012,1.784,0.289,3.543,23.357,863.0,-1.022,0.2092
93,3820,1333,3,58840.284643,30.236,-15.83,6.56,2.17,9,9,-6.347e-07,2.629e-07,,,ec0915.191223.921764_ooi_r_v1_N22_210220.966731_ooi_r_v1_N22.diff.fits,0x0000,649,r,TEMPLATE,t,1.0145,1.539,0.314,3.163,23.323,1132.0,-0.6347,0.2629
93,3820,1333,3,58840.35915,30.236,-28.32,8.21,0.64,9,9,-1.135e-06,3.293e-07,,,ec0915.191223.921800_ooi_r_v1_N22_210220.966731_ooi_r_v1_N22.diff.fits,0x0000,655,r,TEMPLATE,t,1.0255,1.567,0.23,2.762,23.076,2238.0,-1.135,0.32930000000000004
93,3820,1333,3,58848.298971,30.236,-30.42,5.17,2.37,9,9,-1.219e-06,2.074e-07,,,ec0915.191231.923829_ooi_r_v1_N22_210220.966731_ooi_r_v1_N22.diff.fits,0x0000,661,r,TEMPLATE,t,1.0472,1.745,0.27,3.524,23.424,884.0,-1.219,0.2074
93,3820,1333,3,58848.307254,30.236,-17.16,6.3,1.7,9,9,-6.88e-07,2.526e-07,,,ec0915.191231.923833_ooi_r_v1_N22_210220.966731_ooi_r_v1_N22.diff.fits,0x0000,666,r,TEMPLATE,t,1.049,1.586,0.287,2.959,23.445,1110.0,-0.6880000000000001,0.25260000000000005
93,3820,1333,3,58870.166805,30.236,-6.72,5.51,2.79,9,9,-2.694e-07,2.211e-07,,,ec0915.200122.925783_ooi_r_v1_N22_210220.966731_ooi_r_v1_N22.diff.fits,0x0000,675,r,TEMPLATE,t,0.9081,1.672,0.223,3.662,23.242,808.0,-0.26940000000000003,0.2211
93,3820,1333,3,59176.302759,30.236,-33.95,5.43,0.72,9,9,-1.361e-06,2.178e-07,,,ec0915.201123.957179_ooi_r_v1_N22_210220.966731_ooi_r_v1_N22.diff.fits,0x0000,699,r,TEMPLATE,t,0.9874,1.736,0.283,4.131,23.142,904.0,-1.361,0.2178
93,3820,1333,3,59236.258572,30.236,-12.86,5.08,3.61,9,9,-5.154e-07,2.039e-07,,,ec0915.210122.958766_ooi_r_v1_N22_210220.966731_ooi_r_v1_N22.diff.fits,0x0000,703,r,TEMPLATE,t,0.9945,1.863,0.366,3.996,23.17,870.0,-0.5154,0.2039
93,3820,1333,3,59297.037616,30.236,-5.94,7.24,0.82,9,9,-2.383e-07,2.904e-07,,,ec0915.210324.976484_ooi_r_v1_N22_210220.966731_ooi_r_v1_N22.diff.fits,0x0000,712,r,TEMPLATE,t,0.9709,1.537,0.226,3.193,23.101,1541.0,-0.2383,0.2904
93,3820,1333,3,59322.011015,30.236,-30.19,5.59,0.54,9,9,-1.21e-06,2.241e-07,,,ec0915.210418.986060_ooi_r_v1_N22_210220.966731_ooi_r_v1_N22.diff.fits,0x0000,726,r,TEMPLATE,t,0.9762,1.693,0.279,3.3,23.24,1090.0,-1.21,0.2241
93,3820,1333,3,59329.072969,30.236,-45.49,8.2,1.67,9,9,-1.824e-06,3.286e-07,,,ec0915.210425.988745_ooi_r_v1_N22_210220.966731_ooi_r_v1_N22.diff.fits,0x0000,729,r,TEMPLATE,t,0.9842,1.394,0.178,3.381,22.66,2530.0,-1.824,0.3286
93,3820,1333,3,59337.009141,30.236,-26.97,6.59,0.84,9,9,-1.081e-06,2.643e-07,,,ec0915.210503.992543_ooi_r_v1_N22_210220.966731_ooi_r_v1_N22.diff.fits,0x0000,732,r,TEMPLATE,t,0.7988,1.536,0.203,4.873,22.67,1027.0,-1.081,0.2643
93,3820,1333,3,59532.333137,30.236,-35.28,6.04,0.94,9,9,-1.415e-06,2.42e-07,,,ec0915.211114.1051152_ooi_r_v1_N22_210220.966731_ooi_r_v1_N22.diff.fits,0x0000,751,r,TEMPLATE,t,1.014,1.646,0.237,3.916,23.134,1096.0,-1.415,0.24200000000000002
93,3820,1333,3,59537.299978,30.236,-28.81,9.51,1.01,9,9,-1.155e-06,3.812e-07,,,ec0915.211119.1053339_ooi_r_v1_N22_210220.966731_ooi_r_v1_N22.diff.fits,0x0000,754,r,TEMPLATE,t,1.0029,1.442,0.191,3.048,22.836,3139.0,-1.155,0.3812
93,3820,1333,3,59540.317287,30.236,-23.33,7.38,0.65,9,9,-9.353e-07,2.958e-07,,,ec0915.211122.1054560_ooi_r_v1_N22_210220.966731_ooi_r_v1_N22.diff.fits,0x0000,757,r,TEMPLATE,t,1.0216,1.372,0.167,4.147,22.671,2150.0,-0.9352999999999999,0.2958
93,3820,1333,3,59576.345387,30.236,-36.47,5.94,2.38,9,9,-1.462e-06,2.38e-07,,,ec0915.211228.1066531_ooi_r_v1_N22_210220.966731_ooi_r_v1_N22.diff.fits,0x0000,776,r,TEMPLATE,t,1.0172,1.675,0.269,3.509,23.222,1128.0,-1.462,0.238
93,3820,1333,3,59588.269713,30.236,-30.28,14.51,0.23,9,9,-1.214e-06,5.819e-07,,,ec0915.220109.1070414_ooi_r_v1_N22_210220.966731_ooi_r_v1_N22.diff.fits,0x0000,783,r,TEMPLATE,t,0.3001,1.286,0.147,3.385,22.207,687.0,-1.214,0.5819
93,3820,1333,3,59595.338683,30.236,-26.85,7.81,0.52,9,9,-1.077e-06,3.13e-07,,,ec0915.220116.1072693_ooi_r_v1_N22_210220.966731_ooi_r_v1_N22.diff.fits,0x0000,790,r,TEMPLATE,t,0.886,1.557,0.241,3.23,23.024,1554.0,-1.077,0.313
93,3820,1333,3,59597.27087,30.236,-60.08,8.8,0.77,9,9,-2.409e-06,3.529e-07,,,ec0915.220118.1073327_ooi_r_v1_N22_210220.966731_ooi_r_v1_N22.diff.fits,0x0000,791,r,TEMPLATE,t,0.9854,1.292,0.148,3.803,22.564,3048.0,-2.4090000000000003,0.3529
93,3820,1333,3,59600.21071,30.236,-25.34,7.48,0.58,9,9,-1.016e-06,2.999e-07,,,ec0915.220121.1074493_ooi_r_v1_N22_210220.966731_ooi_r_v1_N22.diff.fits,0x0000,794,r,TEMPLATE,t,0.9919,1.475,0.234,3.854,22.813,2018.0,-1.016,0.2999
93,3820,1333,3,59634.199379,30.236,-38.89,5.24,2.43,9,9,-1.559e-06,2.099e-07,,,ec0915.220224.1083412_ooi_r_v1_N22_210220.966731_ooi_r_v1_N22.diff.fits,0x0000,799,r,TEMPLATE,t,1.0053,1.552,0.216,4.204,23.055,1077.0,-1.559,0.2099
93,3820,1333,3,59707.991446,30.236,-37.86,5.85,1.58,9,9,-1.518e-06,2.345e-07,,,ec0915.220508.1093196_ooi_r_v1_N22_210220.966731_ooi_r_v1_N22.diff.fits,0x0000,817,r,TEMPLATE,t,0.9364,1.511,0.219,4.223,22.885,1334.0,-1.518,0.2345
93,3820,1333,3,59713.976307,30.236,-15.8,8.94,1.58,9,9,-6.333e-07,3.584e-07,,,ec0915.220514.1096332_ooi_r_v1_N22_210220.966731_ooi_r_v1_N22.diff.fits,0x0000,820,r,TEMPLATE,t,1.0044,1.323,0.149,3.552,22.683,2976.0,-0.6333000000000001,0.3584
93,3820,1333,3,59932.253586,30.236,-37.75,5.3,1.95,9,9,-1.513e-06,2.123e-07,,,ec0915.221219.1157412_ooi_r_v1_N22_210220.966731_ooi_r_v1_N22.diff.fits,0x0000,848,r,TEMPLATE,t,0.9643,1.787,0.292,4.653,23.02,915.0,-1.513,0.2123
93,3820,1333,3,59941.259447,30.236,-37.37,5.46,2.49,9,9,-1.498e-06,2.189e-07,,,ec0915.221228.1160246_ooi_r_v1_N22_210220.966731_ooi_r_v1_N22.diff.fits,0x0000,851,r,TEMPLATE,t,0.9765,1.968,0.409,3.245,23.378,930.0,-1.498,0.2189
93,3820,1333,3,59996.380022,30.236,-26.26,14.1,0.89,9,9,-1.053e-06,5.654e-07,,,ec0915.230221.1176172_ooi_r_v1_N22_210220.966731_ooi_r_v1_N22.diff.fits,0x0000,869,r,TEMPLATE,t,0.4015,1.361,0.165,3.594,22.236,1058.0,-1.053,0.5654
93,3820,1333,3,60046.1933,30.236,-47.64,6.48,1.72,9,9,-1.91e-06,2.597e-07,,,ec0915.230412.1193488_ooi_r_v1_N22_210220.966731_ooi_r_v1_N22.diff.fits,0x0000,885,r,TEMPLATE,t,0.9007,1.616,0.255,3.221,23.072,1350.0,-1.91,0.2597
93,3820,1333,3,60062.083732,30.236,-46.92,5.9,2.27,9,9,-1.881e-06,2.367e-07,,,ec0915.230428.1199095_ooi_r_v1_N22_210220.966731_ooi_r_v1_N22.diff.fits,0x0000,888,r,TEMPLATE,t,0.9764,1.744,0.286,3.388,23.173,1171.0,-1.881,0.2367
93,3820,1333,3,60111.98911,30.236,-55.4,8.34,1.35,9,9,-2.221e-06,3.345e-07,,,ec0915.230616.1215034_ooi_r_v1_N22_210220.966731_ooi_r_v1_N22.diff.fits,0x0000,903,r,TEMPLATE,t,0.6749,1.574,0.235,4.033,22.637,1032.0,-2.221,0.33449999999999996
93,3820,1333,3,60114.962594,30.236,2.69,40.21,1.41,9,9,1.078e-07,1.612e-06,,,ec0915.230619.1216204_ooi_r_v1_N22_210220.966731_ooi_r_v1_N22.diff.fits,0x0000,904,r,TEMPLATE,t,0.1232,1.086,0.106,5.941,20.471,965.0,0.10779999999999999,1.6119999999999999
93,3820,1333,3,60148.009633,30.236,-39.28,6.01,1.52,9,9,-1.575e-06,2.408e-07,,,ec0915.230723.1223927_ooi_r_v1_N22_210220.966731_ooi_r_v1_N22.diff.fits,0x0000,908,r,TEMPLATE,t,0.9154,1.671,0.277,10.593,21.938,1199.0,-1.575,0.2408
93,3820,1333,3,60262.344638,30.236,-52.49,5.15,1.61,9,9,-2.105e-06,2.065e-07,,,ec0915.231114.1254456_ooi_r_v1_N22_210220.966731_ooi_r_v1_N22.diff.fits,0x0000,922,r,TEMPLATE,t,0.9794,1.732,0.29,3.788,23.189,1038.0,-2.105,0.2065
93,3820,1333,3,60292.272893,30.236,-57.42,32.08,0.79,9,9,-2.302e-06,1.286e-06,,,ec0915.231214.1259530_ooi_r_v1_N22_210220.966731_ooi_r_v1_N22.diff.fits,0x0000,929,r,TEMPLATE,t,0.1156,1.121,0.162,4.535,20.938,589.0,-2.302,1.286
93,3820,1333,3,60325.283826,30.236,-69.71,4.81,1.05,9,9,-2.795e-06,1.927e-07,,,ec0915.240116.1268106_ooi_r_v1_N22_210220.966731_ooi_r_v1_N22.diff.fits,0x0000,941,r,TEMPLATE,t,1.0134,1.816,0.307,4.722,22.971,917.0,-2.795,0.1927
93,3820,1333,3,60328.189544,30.236,-64.47,5.05,0.39,9,9,-2.585e-06,2.024e-07,,,ec0915.240119.1269287_ooi_r_v1_N22_210220.966731_ooi_r_v1_N22.diff.fits,0x0000,942,r,TEMPLATE,t,0.9847,1.774,0.32,4.685,22.922,1078.0,-2.585,0.20240000000000002
93,3820,1333,3,60340.286915,30.236,-64.22,6.73,0.91,9,9,-2.575e-06,2.698e-07,,,ec0915.240131.1272900_ooi_r_v1_N22_210220.966731_ooi_r_v1_N22.diff.fits,0x0000,950,r,TEMPLATE,t,0.9939,1.523,0.22,4.202,22.881,1514.0,-2.5749999999999997,0.2698
93,3820,1333,3,60355.256187,30.236,-63.68,4.89,1.04,9,9,-2.553e-06,1.961e-07,,,ec0915.240215.1276568_ooi_r_v1_N22_210220.966731_ooi_r_v1_N22.diff.fits,0x0000,958,r,TEMPLATE,t,1.0047,1.859,0.327,3.431,23.332,884.0,-2.553,0.1961
93,3820,1333,3,60370.143001,30.236,-70.92,5.79,0.59,9,9,-2.843e-06,2.319e-07,,,ec0915.240301.1279003_ooi_r_v1_N22_210220.966731_ooi_r_v1_N22.diff.fits,0x0000,966,r,TEMPLATE,t,1.005,1.594,0.263,3.666,23.052,1422.0,-2.843,0.2319
93,3820,1333,3,60382.12183,30.236,-75.53,4.97,1.22,9,9,-3.028e-06,1.992e-07,,,ec0915.240313.1282039_ooi_r_v1_N22_210220.966731_ooi_r_v1_N22.diff.fits,0x0000,973,r,TEMPLATE,t,1.0084,1.943,0.359,3.721,23.169,892.0,-3.028,0.19920000000000002
93,3820,1333,3,60400.102566,30.236,-71.89,5.54,0.98,9,9,-2.882e-06,2.223e-07,,,ec0915.240331.1284949_ooi_r_v1_N22_210220.966731_ooi_r_v1_N22.diff.fits,0x0000,979,r,TEMPLATE,t,0.9979,1.743,0.293,3.422,23.11,1221.0,-2.882,0.2223
93,3820,1333,3,60427.032195,30.236,-28.85,16.73,1.23,9,9,-1.157e-06,6.707e-07,,,ec0915.240427.1293136_ooi_r_v1_N22_210220.966731_ooi_r_v1_N22.diff.fits,0x0000,991,r,TEMPLATE,t,0.57,1.291,0.162,3.356,22.086,3200.0,-1.157,0.6707
93,3820,1333,3,60442.027756,30.236,-65.1,7.57,2.26,9,9,-2.61e-06,3.035e-07,,,ec0915.240512.1297163_ooi_r_v1_N22_210220.966731_ooi_r_v1_N22.diff.fits,0x0000,1001,r,TEMPLATE,t,0.6879,1.494,0.151,5.436,22.326,1139.0,-2.61,0.3035
93,3820,1333,3,60460.080873,30.236,-48.33,5.19,1.76,9,9,-1.938e-06,2.082e-07,,,ec0915.240530.1300846_ooi_r_v1_N22_210220.966731_ooi_r_v1_N22.diff.fits,0x0000,1011,r,TEMPLATE,t,0.9839,1.659,0.197,4.302,23.021,1013.0,-1.938,0.2082
93,3820,1333,3,60492.999557,30.292,-78.51,5.11,0.6,9,9,-2.988e-06,1.946e-07,,,ec0915.240702.1307709_ooi_r_v1_N22_210220.966731_ooi_r_v1_N22.diff.fits,0x0000,1025,r,TEMPLATE,i,1.001,1.728,0.215,5.138,22.908,929.0,-2.988,0.1946
93,3820,1333,3,60625.340457,30.328,-81.41,5.42,1.44,9,9,-2.998e-06,1.996e-07,,,ec0915.241111.1340105_ooi_r_v1_N22_210220.966731_ooi_r_v1_N22.diff.fits,0x0000,1045,r,TEMPLATE,i,0.987,1.635,0.216,3.962,23.172,1001.0,-2.9979999999999998,0.1996
93,3820,1333,3,60640.338513,30.341,-82.53,5.67,1.35,9,9,-3.002e-06,2.063e-07,,,ec0915.241126.1343229_ooi_r_v1_N22_210220.966731_ooi_r_v1_N22.diff.fits,0x0000,1051,r,TEMPLATE,i,1.0077,1.699,0.258,3.807,23.259,969.0,-3.002,0.20629999999999998
93,3820,1333,3,60664.324499,30.308,-84.08,6.33,0.38,9,9,-3.154e-06,2.375e-07,,,ec0915.241220.1348720_ooi_r_v1_N22_210220.966731_ooi_r_v1_N22.diff.fits,0x0000,1067,r,TEMPLATE,i,1.0062,1.609,0.239,3.381,23.16,1392.0,-3.1540000000000004,0.2375
93,3820,1333,3,60667.325863,30.271,-91.72,5.9,1.47,9,9,-3.56e-06,2.288e-07,,,ec0915.241223.1349688_ooi_r_v1_N22_210220.966731_ooi_r_v1_N22.diff.fits,0x0000,1075,r,TEMPLATE,i,0.9988,1.754,0.253,2.995,23.419,1017.0,-3.5599999999999996,0.2288
93,3820,1333,3,60690.291181,30.18,-56.97,9.59,0.42,9,9,-2.405e-06,4.046e-07,,,ec0915.250115.1357398_ooi_r_v1_N22_210220.966731_ooi_r_v1_N22.diff.fits,0x0000,1114,r,TEMPLATE,i,0.9242,1.591,0.294,2.876,22.845,2693.0,-2.405,0.4046
93,3820,1333,3,60691.271699,30.304,-88.16,7.08,0.57,9,9,-3.318e-06,2.665e-07,,,ec0915.250116.1357806_ooi_r_v1_N22_210220.966731_ooi_r_v1_N22.diff.fits,0x0000,1121,r,TEMPLATE,i,0.9775,1.376,0.137,4.152,22.69,2173.0,-3.3179999999999996,0.2665
93,3820,1333,3,60694.347299,30.299,-87.25,5.61,0.98,9,9,-3.3e-06,2.122e-07,,,ec0915.250119.1359054_ooi_r_v1_N22_210220.966731_ooi_r_v1_N22.diff.fits,0x0000,1130,r,TEMPLATE,i,1.0047,1.55,0.191,3.825,23.03,1357.0,-3.3000000000000003,0.2122
93,3820,1333,3,60697.323397,30.213,-90.49,5.62,2.17,9,9,-3.705e-06,2.3e-07,,,ec0915.250122.1359770_ooi_r_v1_N22_210220.966731_ooi_r_v1_N22.diff.fits,0x0000,1137,r,TEMPLATE,i,0.9873,1.737,0.265,3.662,23.114,1080.0,-3.705,0.22999999999999998
93,3820,1333,3,60700.281483,30.272,-82.73,5.32,3.03,9,9,-3.208e-06,2.064e-07,,,ec0915.250125.1360628_ooi_r_v1_N22_210220.966731_ooi_r_v1_N22.diff.fits,0x0000,1140,r,TEMPLATE,i,0.9961,1.76,0.211,3.821,23.264,829.0,-3.208,0.2064
93,3820,1333,3,60706.284296,30.229,-89.23,4.88,2.37,9,9,-3.599e-06,1.969e-07,,,ec0915.250131.1362395_ooi_r_v1_N22_210220.966731_ooi_r_v1_N22.diff.fits,0x0000,1153,r,TEMPLATE,i,1.0022,1.804,0.258,3.769,23.22,850.0,-3.599,0.1969
93,3820,1333,3,60719.167527,30.222,-61.39,8.48,0.59,9,9,-2.492e-06,3.442e-07,,,ec0915.250213.1364428_ooi_r_v1_N22_210220.966731_ooi_r_v1_N22.diff.fits,0x0000,1160,r,TEMPLATE,i,0.9183,1.553,0.275,3.176,22.739,2888.0,-2.492,0.3442
93,3820,1333,3,60721.212558,30.234,-77.05,8.54,1.91,9,9,-3.094e-06,3.429e-07,,,ec0915.250215.1365192_ooi_r_v1_N22_210220.966731_ooi_r_v1_N22.diff.fits,0x0000,1168,r,TEMPLATE,i,0.979,1.428,0.165,3.036,22.94,2262.0,-3.094,0.3429
93,3820,1333,3,60722.270637,30.26,-81.01,7.18,1.97,9,9,-3.176e-06,2.816e-07,,,ec0915.250216.1365702_ooi_r_v1_N22_210220.966731_ooi_r_v1_N22.diff.fits,0x0000,1174,r,TEMPLATE,i,0.9774,1.45,0.174,3.238,22.968,1985.0,-3.176,0.28159999999999996
93,3820,1333,3,60723.204598,30.247,-94.37,6.43,1.09,9,9,-3.746e-06,2.55e-07,,,ec0915.250217.1366107_ooi_r_v1_N22_210220.966731_ooi_r_v1_N22.diff.fits,0x0000,1178,r,TEMPLATE,i,0.9869,1.424,0.142,3.805,22.909,1548.0,-3.746,0.255
93,3820,1333,3,60736.178245,30.284,-91.49,4.94,2.44,9,9,-3.507e-06,1.895e-07,,,ec0915.250302.1369926_ooi_r_v1_N22_210220.966731_ooi_r_v1_N22.diff.fits,0x0000,1192,r,TEMPLATE,i,0.9815,1.963,0.357,3.537,23.361,836.0,-3.507,0.1895
93,3820,1333,3,60744.127613,30.16,-95.73,7.11,4.26,9,9,-4.113e-06,3.053e-07,,,ec0915.250310.1372656_ooi_r_v1_N22_210220.966731_ooi_r_v1_N22.diff.fits,0x0000,1204,r,TEMPLATE,i,0.974,1.761,0.315,2.878,23.114,1588.0,-4.113,0.3053
93,3820,1333,3,60744.135353,30.203,-88.58,6.67,1.2,9,9,-3.66e-06,2.755e-07,,,ec0915.250310.1372661_ooi_r_v1_N22_210220.966731_ooi_r_v1_N22.diff.fits,0x0000,1205,r,TEMPLATE,i,0.97,1.586,0.227,3.049,23.1,1573.0,-3.66,0.2755
93,3820,1333,3,60757.276218,30.32,-89.76,6.48,0.67,9,9,-3.328e-06,2.402e-07,,,ec0915.250323.1373577_ooi_r_v1_N22_210220.966731_ooi_r_v1_N22.diff.fits,0x0000,1213,r,TEMPLATE,i,1.0049,1.915,0.362,2.98,23.467,1032.0,-3.3280000000000003,0.2402
93,3820,1333,3,60763.045802,30.278,-99.96,5.73,3.43,9,9,-3.855e-06,2.209e-07,,,ec0915.250329.1375010_ooi_r_v1_N22_210220.966731_ooi_r_v1_N22.diff.fits,0x0000,1223,r,TEMPLATE,i,0.9913,1.785,0.253,3.334,23.355,937.0,-3.8550000000000004,0.2209
93,3820,1333,3,60784.031689,30.21,-97.56,6.02,1.8,9,9,-4.005e-06,2.472e-07,,,ec0915.250419.1379367_ooi_r_v1_N22_210220.966731_ooi_r_v1_N22.diff.fits,0x0000,1241,r,TEMPLATE,i,0.9918,1.952,0.364,2.84,23.439,984.0,-4.005,0.2472
93,3820,1333,3,60787.001187,30.37,-114.88,5.54,2.63,9,9,-4.068e-06,1.961e-07,,,ec0915.250422.1380508_ooi_r_v1_N22_210220.966731_ooi_r_v1_N22.diff.fits,0x0000,1245,r,TEMPLATE,i,1.0131,1.671,0.202,4.134,23.184,984.0,-4.068,0.1961
93,3820,1333,3,60787.010389,30.268,-100.13,5.81,3.76,9,9,-3.897e-06,2.26e-07,,,ec0915.250422.1380514_ooi_r_v1_N22_210220.966731_ooi_r_v1_N22.diff.fits,0x0000,1248,r,TEMPLATE,i,1.015,1.855,0.303,3.376,23.301,996.0,-3.8970000000000002,0.226
93,3820,1333,3,60790.109822,30.256,-103.74,5.1,1.23,9,9,-4.08e-06,2.004e-07,,,ec0915.250425.1381473_ooi_r_v1_N22_210220.966731_ooi_r_v1_N22.diff.fits,0x0000,1252,r,TEMPLATE,i,1.0153,1.709,0.245,4.035,23.104,978.0,-4.08,0.2004
93,3820,1333,3,60796.011096,26.704,-8.89,4.9,0.5,9,9,-9.218e-06,5.077e-06,,,ec0915.250501.1383215_ooi_r_v1_N22_210220.966731_ooi_r_v1_N22.diff.fits,0x0000,1260,r,TEMPLATE,i,0.0373,1.055,0.072,4.546,19.437,935.0,-9.218,5.077
93,3820,1333,3,60799.00658,30.218,-113.58,6.05,1.01,9,9,-4.628e-06,2.467e-07,,,ec0915.250504.1384052_ooi_r_v1_N22_210220.966731_ooi_r_v1_N22.diff.fits,0x0000,1266,r,TEMPLATE,i,1.0186,1.811,0.311,3.281,23.231,1094.0,-4.628,0.2467
93,3820,1333,3,60799.016966,30.268,-113.03,5.79,0.79,9,9,-4.399e-06,2.253e-07,,,ec0915.250504.1384058_ooi_r_v1_N22_210220.966731_ooi_r_v1_N22.diff.fits,0x0000,1268,r,TEMPLATE,i,1.0187,1.77,0.277,3.253,23.305,1057.0,-4.399,0.2253
93,3820,1333,3,60801.009234,30.298,-100.93,7.27,1.14,9,9,-3.819e-06,2.753e-07,,,ec0915.250506.1384896_ooi_r_v1_N22_210220.966731_ooi_r_v1_N22.diff.fits,0x0000,1271,r,TEMPLATE,i,1.0255,1.851,0.365,2.888,23.303,1443.0,-3.8190000000000004,0.2753
93,3820,1333,3,60811.010513,28.942,-24.48,5.64,1.0,9,9,-3.231e-06,7.447e-07,,,ec0915.250516.1385994_ooi_r_v1_N22_210220.966731_ooi_r_v1_N22.diff.fits,0x0000,1285,r,TEMPLATE,i,0.3041,1.284,0.157,3.153,21.852,1423.0,-3.231,0.7447
93,3820,1333,3,60819.973516,30.311,-108.83,6.44,0.97,9,9,-4.072e-06,2.41e-07,,,ec0915.250524.1389975_ooi_r_v1_N22_210220.966731_ooi_r_v1_N22.diff.fits,0x0000,1289,r,TEMPLATE,i,1.0188,1.688,0.227,3.092,23.395,1084.0,-4.072,0.241
93,3820,1333,3,60823.005972,30.324,-95.74,5.12,0.92,9,9,-3.538e-06,1.893e-07,,,ec0915.250528.1390902_ooi_r_v1_N22_210220.966731_ooi_r_v1_N22.diff.fits,0x0000,1299,r,TEMPLATE,i,1.0237,1.571,0.185,6.587,22.624,1006.0,-3.538,0.1893
93,3820,1333,3,60825.983625,30.27,-111.23,6.16,2.31,9,9,-4.32e-06,2.391e-07,,,ec0915.250530.1391886_ooi_r_v1_N22_210220.966731_ooi_r_v1_N22.diff.fits,0x0000,1302,r,TEMPLATE,i,1.0197,1.725,0.255,3.132,23.363,1041.0,-4.32,0.2391
